seed,adversaryId,attackFamily,caseKey,baselineScenario,attackedScenario,mechanismFamily,portfolioKey,componentAdversaries,componentCount,budgetUnit,budgetValue,informationLevel,runs,legislators,baseBillsPerRun,traceRows,attackSuccessCount,mixedFailureCount,anySameBudgetSingleFailureCount,mixedDominatesStrongestSingleCount,positiveInteractionCount,superadditiveCount,recoveryCorrectionAttemptCount,recoveryCorrectionFailureCount,attackSuccessRate,mixedFailureRate,anySameBudgetSingleFailureRate,mixedDominatesStrongestSingleRate,meanMixedDegradation,medianMixedDegradation,worstMixedDegradation,meanStrongestSingleDegradation,medianStrongestSingleDegradation,worstStrongestSingleDegradation,meanInteractionDegradation,medianInteractionDegradation,worstInteractionDegradation,positiveInteractionRate,meanSuperadditiveLoss,medianSuperadditiveLoss,worstSuperadditiveLoss,superadditiveRate,recoveryCorrectionAttemptRate,recoveryCorrectionFailureRate,meanAdministrativeBurdenAdded,worstAdministrativeBurdenAdded,meanStrongestSingleAdministrativeBurdenAdded,meanQueueOverflowAdded,worstQueueOverflowAdded,meanAttackerResourceSpend,recoveryStatus,traceArtifact,claimBoundary
20260428,A9,mixed_adversary_portfolio,mixed-adversary-portfolio,selection-amendment-benign,selection-amendment-a9-mixed,selection_amendment_pairwise_majority,clone-decoy-poison-pill,A1+A2,2,joint_attack_units,4,medium,5,101,60,300,18,183,184,34,34,189,0,0,0.060000,0.610000,0.613333,0.113333,0.027233,0.032259,0.184834,0.039235,0.053084,0.238744,-0.012002,-0.006480,0.132149,0.113333,0.011915,0.018976,0.122427,0.630000,0.000000,0.000000,0.018633,0.026000,0.025480,0.000000,0.000000,4.000000,not_modeled_for_selection_amendment,reports/adversarial-failure-traces-a9.jsonl,"A9 executable pilot only. Each row pairs the same generated world, target bill, status quo, and vote-random seed across a no-attack baseline, a fixed-total-budget mixed portfolio, full-budget single-attack controls, and single-action controls at the mixed allocation. The three portfolios implement the combinations specified in the experiment plan: A1+A2, A3+A4, and A5+A6+A8. Interaction coefficients, resource conversion, review capacity, and recovery behavior are synthetic stress assumptions, not empirical coordination rates, not a general mechanism ranking, and not evidence for real-world institutional adoption."
20260428,A9,mixed_adversary_portfolio,mixed-adversary-portfolio,selection-amendment-benign,selection-amendment-a9-mixed,selection_amendment_pairwise_majority,clone-decoy-poison-pill,A1+A2,2,joint_attack_units,8,medium,5,101,60,300,14,118,127,31,31,73,0,0,0.046667,0.393333,0.423333,0.103333,0.051243,0.000000,0.289104,0.058303,0.000000,0.282380,-0.007060,0.000000,0.240014,0.103333,0.004235,0.000000,0.243554,0.243333,0.000000,0.000000,0.021320,0.052000,0.019760,0.000000,0.000000,8.000000,not_modeled_for_selection_amendment,reports/adversarial-failure-traces-a9.jsonl,"A9 executable pilot only. Each row pairs the same generated world, target bill, status quo, and vote-random seed across a no-attack baseline, a fixed-total-budget mixed portfolio, full-budget single-attack controls, and single-action controls at the mixed allocation. The three portfolios implement the combinations specified in the experiment plan: A1+A2, A3+A4, and A5+A6+A8. Interaction coefficients, resource conversion, review capacity, and recovery behavior are synthetic stress assumptions, not empirical coordination rates, not a general mechanism ranking, and not evidence for real-world institutional adoption."
20260428,A9,mixed_adversary_portfolio,mixed-adversary-portfolio,selection-amendment-benign,selection-amendment-a9-mixed,selection_amendment_pairwise_majority,clone-decoy-poison-pill,A1+A2,2,joint_attack_units,12,medium,5,101,60,300,4,98,106,7,7,18,0,0,0.013333,0.326667,0.353333,0.023333,0.041679,0.000000,0.470034,0.042291,0.000000,0.415858,-0.000612,0.000000,0.470034,0.023333,-0.018246,0.000000,0.316951,0.060000,0.000000,0.000000,0.021320,0.078000,0.013000,0.000000,0.000000,12.000000,not_modeled_for_selection_amendment,reports/adversarial-failure-traces-a9.jsonl,"A9 executable pilot only. Each row pairs the same generated world, target bill, status quo, and vote-random seed across a no-attack baseline, a fixed-total-budget mixed portfolio, full-budget single-attack controls, and single-action controls at the mixed allocation. The three portfolios implement the combinations specified in the experiment plan: A1+A2, A3+A4, and A5+A6+A8. Interaction coefficients, resource conversion, review capacity, and recovery behavior are synthetic stress assumptions, not empirical coordination rates, not a general mechanism ranking, and not evidence for real-world institutional adoption."
20260428,A9,mixed_adversary_portfolio,mixed-adversary-portfolio,selection-amendment-benign,selection-amendment-a9-mixed,selection_amendment_pairwise_majority,clone-decoy-poison-pill,A1+A2,2,joint_attack_units,4,high,5,101,60,300,17,174,180,24,24,180,0,0,0.056667,0.580000,0.600000,0.080000,0.027907,0.032259,0.349344,0.040239,0.052607,0.369866,-0.012332,-0.003105,0.078576,0.080000,0.013521,0.018864,0.349344,0.600000,0.000000,0.000000,0.017247,0.026000,0.024267,0.000000,0.000000,4.000000,not_modeled_for_selection_amendment,reports/adversarial-failure-traces-a9.jsonl,"A9 executable pilot only. Each row pairs the same generated world, target bill, status quo, and vote-random seed across a no-attack baseline, a fixed-total-budget mixed portfolio, full-budget single-attack controls, and single-action controls at the mixed allocation. The three portfolios implement the combinations specified in the experiment plan: A1+A2, A3+A4, and A5+A6+A8. Interaction coefficients, resource conversion, review capacity, and recovery behavior are synthetic stress assumptions, not empirical coordination rates, not a general mechanism ranking, and not evidence for real-world institutional adoption."
20260428,A9,mixed_adversary_portfolio,mixed-adversary-portfolio,selection-amendment-benign,selection-amendment-a9-mixed,selection_amendment_pairwise_majority,clone-decoy-poison-pill,A1+A2,2,joint_attack_units,8,high,5,101,60,300,13,115,116,28,28,68,0,0,0.043333,0.383333,0.386667,0.093333,0.050952,0.000000,0.327152,0.052970,0.000000,0.407629,-0.002018,0.000000,0.327152,0.093333,0.009571,0.000000,0.327152,0.226667,0.000000,0.000000,0.020973,0.052000,0.018027,0.000000,0.000000,8.000000,not_modeled_for_selection_amendment,reports/adversarial-failure-traces-a9.jsonl,"A9 executable pilot only. Each row pairs the same generated world, target bill, status quo, and vote-random seed across a no-attack baseline, a fixed-total-budget mixed portfolio, full-budget single-attack controls, and single-action controls at the mixed allocation. The three portfolios implement the combinations specified in the experiment plan: A1+A2, A3+A4, and A5+A6+A8. Interaction coefficients, resource conversion, review capacity, and recovery behavior are synthetic stress assumptions, not empirical coordination rates, not a general mechanism ranking, and not evidence for real-world institutional adoption."
20260428,A9,mixed_adversary_portfolio,mixed-adversary-portfolio,selection-amendment-benign,selection-amendment-a9-mixed,selection_amendment_pairwise_majority,clone-decoy-poison-pill,A1+A2,2,joint_attack_units,12,high,5,101,60,300,1,85,97,4,4,16,0,0,0.003333,0.283333,0.323333,0.013333,0.033140,0.000000,0.407629,0.036552,0.000000,0.407629,-0.003412,0.000000,0.231633,0.013333,-0.024971,0.000000,0.308722,0.053333,0.000000,0.000000,0.019500,0.078000,0.010400,0.000000,0.000000,12.000000,not_modeled_for_selection_amendment,reports/adversarial-failure-traces-a9.jsonl,"A9 executable pilot only. Each row pairs the same generated world, target bill, status quo, and vote-random seed across a no-attack baseline, a fixed-total-budget mixed portfolio, full-budget single-attack controls, and single-action controls at the mixed allocation. The three portfolios implement the combinations specified in the experiment plan: A1+A2, A3+A4, and A5+A6+A8. Interaction coefficients, resource conversion, review capacity, and recovery behavior are synthetic stress assumptions, not empirical coordination rates, not a general mechanism ranking, and not evidence for real-world institutional adoption."
20260428,A9,mixed_adversary_portfolio,mixed-adversary-portfolio,public-input-harm-benign,public-input-harm-a9-mixed,public_input_harm_review_majority,astroturf-harm-claims,A3+A4,2,joint_attack_units,4,medium,5,101,60,300,4,6,2,4,4,1,180,6,0.013333,0.020000,0.006667,0.013333,0.006691,0.000000,0.535448,0.001438,0.000000,0.094151,0.005252,0.000000,0.535448,0.013333,0.001361,0.000000,0.402067,0.003333,0.600000,0.020000,0.132850,0.475000,0.121850,0.000000,0.000000,4.000000,same_case_review_only,reports/adversarial-failure-traces-a9.jsonl,"A9 executable pilot only. Each row pairs the same generated world, target bill, status quo, and vote-random seed across a no-attack baseline, a fixed-total-budget mixed portfolio, full-budget single-attack controls, and single-action controls at the mixed allocation. The three portfolios implement the combinations specified in the experiment plan: A1+A2, A3+A4, and A5+A6+A8. Interaction coefficients, resource conversion, review capacity, and recovery behavior are synthetic stress assumptions, not empirical coordination rates, not a general mechanism ranking, and not evidence for real-world institutional adoption."
20260428,A9,mixed_adversary_portfolio,mixed-adversary-portfolio,public-input-harm-benign,public-input-harm-a9-mixed,public_input_harm_review_majority,astroturf-harm-claims,A3+A4,2,joint_attack_units,8,medium,5,101,60,300,1,3,86,1,1,1,265,3,0.003333,0.010000,0.286667,0.003333,0.001001,0.000000,0.128931,0.140282,0.000000,0.703964,-0.139281,0.000000,0.094151,0.003333,0.000287,0.000000,0.094151,0.003333,0.883333,0.010000,0.311933,0.595000,0.210680,0.000000,0.000000,8.000000,same_case_review_only,reports/adversarial-failure-traces-a9.jsonl,"A9 executable pilot only. Each row pairs the same generated world, target bill, status quo, and vote-random seed across a no-attack baseline, a fixed-total-budget mixed portfolio, full-budget single-attack controls, and single-action controls at the mixed allocation. The three portfolios implement the combinations specified in the experiment plan: A1+A2, A3+A4, and A5+A6+A8. Interaction coefficients, resource conversion, review capacity, and recovery behavior are synthetic stress assumptions, not empirical coordination rates, not a general mechanism ranking, and not evidence for real-world institutional adoption."
20260428,A9,mixed_adversary_portfolio,mixed-adversary-portfolio,public-input-harm-benign,public-input-harm-a9-mixed,public_input_harm_review_majority,astroturf-harm-claims,A3+A4,2,joint_attack_units,12,medium,5,101,60,300,5,19,96,6,6,6,300,19,0.016667,0.063333,0.320000,0.020000,0.008099,0.000000,0.384906,0.155894,0.000000,0.766402,-0.147795,0.000000,0.229262,0.020000,-0.141109,0.000000,0.229262,0.020000,1.000000,0.063333,0.488917,0.715000,0.305147,0.000000,0.000000,12.000000,same_case_review_only,reports/adversarial-failure-traces-a9.jsonl,"A9 executable pilot only. Each row pairs the same generated world, target bill, status quo, and vote-random seed across a no-attack baseline, a fixed-total-budget mixed portfolio, full-budget single-attack controls, and single-action controls at the mixed allocation. The three portfolios implement the combinations specified in the experiment plan: A1+A2, A3+A4, and A5+A6+A8. Interaction coefficients, resource conversion, review capacity, and recovery behavior are synthetic stress assumptions, not empirical coordination rates, not a general mechanism ranking, and not evidence for real-world institutional adoption."
20260428,A9,mixed_adversary_portfolio,mixed-adversary-portfolio,public-input-harm-benign,public-input-harm-a9-mixed,public_input_harm_review_majority,astroturf-harm-claims,A3+A4,2,joint_attack_units,4,high,5,101,60,300,8,11,16,8,8,3,183,10,0.026667,0.036667,0.053333,0.026667,0.014612,0.000000,0.565127,0.006526,0.000000,0.394344,0.008086,0.000000,0.565127,0.026667,0.005414,0.000000,0.559232,0.010000,0.610000,0.033333,0.134817,0.475000,0.190000,0.000000,0.000000,4.000000,same_case_review_only,reports/adversarial-failure-traces-a9.jsonl,"A9 executable pilot only. Each row pairs the same generated world, target bill, status quo, and vote-random seed across a no-attack baseline, a fixed-total-budget mixed portfolio, full-budget single-attack controls, and single-action controls at the mixed allocation. The three portfolios implement the combinations specified in the experiment plan: A1+A2, A3+A4, and A5+A6+A8. Interaction coefficients, resource conversion, review capacity, and recovery behavior are synthetic stress assumptions, not empirical coordination rates, not a general mechanism ranking, and not evidence for real-world institutional adoption."
20260428,A9,mixed_adversary_portfolio,mixed-adversary-portfolio,public-input-harm-benign,public-input-harm-a9-mixed,public_input_harm_review_majority,astroturf-harm-claims,A3+A4,2,joint_attack_units,8,high,5,101,60,300,4,21,93,4,4,6,299,21,0.013333,0.070000,0.310000,0.013333,0.014334,0.000000,0.553728,0.145244,0.000000,0.703964,-0.130910,0.000000,0.384906,0.013333,0.006092,0.000000,0.553728,0.020000,0.996667,0.070000,0.386333,0.595000,0.209913,0.000000,0.000000,8.000000,same_case_review_only,reports/adversarial-failure-traces-a9.jsonl,"A9 executable pilot only. Each row pairs the same generated world, target bill, status quo, and vote-random seed across a no-attack baseline, a fixed-total-budget mixed portfolio, full-budget single-attack controls, and single-action controls at the mixed allocation. The three portfolios implement the combinations specified in the experiment plan: A1+A2, A3+A4, and A5+A6+A8. Interaction coefficients, resource conversion, review capacity, and recovery behavior are synthetic stress assumptions, not empirical coordination rates, not a general mechanism ranking, and not evidence for real-world institutional adoption."
20260428,A9,mixed_adversary_portfolio,mixed-adversary-portfolio,public-input-harm-benign,public-input-harm-a9-mixed,public_input_harm_review_majority,astroturf-harm-claims,A3+A4,2,joint_attack_units,12,high,5,101,60,300,3,14,95,4,4,5,300,14,0.010000,0.046667,0.316667,0.013333,0.007551,0.000000,0.535448,0.154068,0.000000,0.703964,-0.146517,0.000000,0.097386,0.013333,-0.141411,0.000000,0.535448,0.016667,1.000000,0.046667,0.491283,0.715000,0.305963,0.000000,0.000000,12.000000,same_case_review_only,reports/adversarial-failure-traces-a9.jsonl,"A9 executable pilot only. Each row pairs the same generated world, target bill, status quo, and vote-random seed across a no-attack baseline, a fixed-total-budget mixed portfolio, full-budget single-attack controls, and single-action controls at the mixed allocation. The three portfolios implement the combinations specified in the experiment plan: A1+A2, A3+A4, and A5+A6+A8. Interaction coefficients, resource conversion, review capacity, and recovery behavior are synthetic stress assumptions, not empirical coordination rates, not a general mechanism ranking, and not evidence for real-world institutional adoption."
20260428,A9,mixed_adversary_portfolio,mixed-adversary-portfolio,portfolio-capacity-benign,portfolio-capacity-a9-mixed,portfolio_capacity_capture_signal,flood-camouflage-support-distortion,A5+A6+A8,3,joint_attack_units,4,medium,5,101,60,300,0,157,209,0,0,1,300,157,0.000000,0.523333,0.696667,0.000000,0.272630,0.313925,0.709703,0.362247,0.480337,0.709703,-0.089617,0.000000,0.000000,0.000000,-0.058717,0.000000,0.470097,0.003333,1.000000,0.523333,5.935339,9.645030,6.117920,24.913019,61.178963,4.000000,capacity_recovered_outcomes_not_replayed,reports/adversarial-failure-traces-a9.jsonl,"A9 executable pilot only. Each row pairs the same generated world, target bill, status quo, and vote-random seed across a no-attack baseline, a fixed-total-budget mixed portfolio, full-budget single-attack controls, and single-action controls at the mixed allocation. The three portfolios implement the combinations specified in the experiment plan: A1+A2, A3+A4, and A5+A6+A8. Interaction coefficients, resource conversion, review capacity, and recovery behavior are synthetic stress assumptions, not empirical coordination rates, not a general mechanism ranking, and not evidence for real-world institutional adoption."
20260428,A9,mixed_adversary_portfolio,mixed-adversary-portfolio,portfolio-capacity-benign,portfolio-capacity-a9-mixed,portfolio_capacity_capture_signal,flood-camouflage-support-distortion,A5+A6+A8,3,joint_attack_units,8,medium,5,101,60,300,1,181,206,1,1,1,300,181,0.003333,0.603333,0.686667,0.003333,0.315271,0.417420,0.709703,0.359456,0.490471,0.709703,-0.044184,0.000000,0.484727,0.003333,-0.155589,0.000000,0.634303,0.003333,1.000000,0.603333,12.103015,20.340296,12.197364,70.750808,152.876205,8.000000,capacity_recovered_outcomes_not_replayed,reports/adversarial-failure-traces-a9.jsonl,"A9 executable pilot only. Each row pairs the same generated world, target bill, status quo, and vote-random seed across a no-attack baseline, a fixed-total-budget mixed portfolio, full-budget single-attack controls, and single-action controls at the mixed allocation. The three portfolios implement the combinations specified in the experiment plan: A1+A2, A3+A4, and A5+A6+A8. Interaction coefficients, resource conversion, review capacity, and recovery behavior are synthetic stress assumptions, not empirical coordination rates, not a general mechanism ranking, and not evidence for real-world institutional adoption."
20260428,A9,mixed_adversary_portfolio,mixed-adversary-portfolio,portfolio-capacity-benign,portfolio-capacity-a9-mixed,portfolio_capacity_capture_signal,flood-camouflage-support-distortion,A5+A6+A8,3,joint_attack_units,12,medium,5,101,60,300,3,185,210,3,3,4,300,185,0.010000,0.616667,0.700000,0.010000,0.323620,0.442617,0.709703,0.368400,0.494451,0.709703,-0.044780,0.000000,0.567683,0.010000,-0.217010,0.000000,0.598066,0.013333,1.000000,0.616667,18.490519,31.428801,17.436225,118.522224,247.314822,12.000000,capacity_recovered_outcomes_not_replayed,reports/adversarial-failure-traces-a9.jsonl,"A9 executable pilot only. Each row pairs the same generated world, target bill, status quo, and vote-random seed across a no-attack baseline, a fixed-total-budget mixed portfolio, full-budget single-attack controls, and single-action controls at the mixed allocation. The three portfolios implement the combinations specified in the experiment plan: A1+A2, A3+A4, and A5+A6+A8. Interaction coefficients, resource conversion, review capacity, and recovery behavior are synthetic stress assumptions, not empirical coordination rates, not a general mechanism ranking, and not evidence for real-world institutional adoption."
20260428,A9,mixed_adversary_portfolio,mixed-adversary-portfolio,portfolio-capacity-benign,portfolio-capacity-a9-mixed,portfolio_capacity_capture_signal,flood-camouflage-support-distortion,A5+A6+A8,3,joint_attack_units,4,high,5,101,60,300,1,152,191,1,1,3,300,152,0.003333,0.506667,0.636667,0.003333,0.265277,0.246016,0.709703,0.333301,0.468456,0.709703,-0.068025,0.000000,0.618611,0.003333,-0.042618,0.000000,0.618611,0.010000,1.000000,0.506667,7.445494,12.295311,6.496470,36.108380,83.834819,4.000000,capacity_recovered_outcomes_not_replayed,reports/adversarial-failure-traces-a9.jsonl,"A9 executable pilot only. Each row pairs the same generated world, target bill, status quo, and vote-random seed across a no-attack baseline, a fixed-total-budget mixed portfolio, full-budget single-attack controls, and single-action controls at the mixed allocation. The three portfolios implement the combinations specified in the experiment plan: A1+A2, A3+A4, and A5+A6+A8. Interaction coefficients, resource conversion, review capacity, and recovery behavior are synthetic stress assumptions, not empirical coordination rates, not a general mechanism ranking, and not evidence for real-world institutional adoption."
20260428,A9,mixed_adversary_portfolio,mixed-adversary-portfolio,portfolio-capacity-benign,portfolio-capacity-a9-mixed,portfolio_capacity_capture_signal,flood-camouflage-support-distortion,A5+A6+A8,3,joint_attack_units,8,high,5,101,60,300,2,188,214,2,2,3,300,188,0.006667,0.626667,0.713333,0.006667,0.328512,0.449190,0.709703,0.372854,0.496467,0.709703,-0.044342,0.000000,0.648335,0.006667,-0.178812,0.000000,0.653936,0.010000,1.000000,0.626667,14.350259,24.254418,15.346704,87.606799,186.245336,8.000000,capacity_recovered_outcomes_not_replayed,reports/adversarial-failure-traces-a9.jsonl,"A9 executable pilot only. Each row pairs the same generated world, target bill, status quo, and vote-random seed across a no-attack baseline, a fixed-total-budget mixed portfolio, full-budget single-attack controls, and single-action controls at the mixed allocation. The three portfolios implement the combinations specified in the experiment plan: A1+A2, A3+A4, and A5+A6+A8. Interaction coefficients, resource conversion, review capacity, and recovery behavior are synthetic stress assumptions, not empirical coordination rates, not a general mechanism ranking, and not evidence for real-world institutional adoption."
20260428,A9,mixed_adversary_portfolio,mixed-adversary-portfolio,portfolio-capacity-benign,portfolio-capacity-a9-mixed,portfolio_capacity_capture_signal,flood-camouflage-support-distortion,A5+A6+A8,3,joint_attack_units,12,high,5,101,60,300,0,194,216,0,0,3,300,194,0.000000,0.646667,0.720000,0.000000,0.340576,0.472987,0.709703,0.377279,0.497179,0.709703,-0.036703,0.000000,0.000000,0.000000,-0.252343,0.000000,0.598066,0.010000,1.000000,0.646667,21.498493,36.754195,21.248330,141.100487,291.851914,12.000000,capacity_recovered_outcomes_not_replayed,reports/adversarial-failure-traces-a9.jsonl,"A9 executable pilot only. Each row pairs the same generated world, target bill, status quo, and vote-random seed across a no-attack baseline, a fixed-total-budget mixed portfolio, full-budget single-attack controls, and single-action controls at the mixed allocation. The three portfolios implement the combinations specified in the experiment plan: A1+A2, A3+A4, and A5+A6+A8. Interaction coefficients, resource conversion, review capacity, and recovery behavior are synthetic stress assumptions, not empirical coordination rates, not a general mechanism ranking, and not evidence for real-world institutional adoption."
20260429,A9,mixed_adversary_portfolio,mixed-adversary-portfolio,selection-amendment-benign,selection-amendment-a9-mixed,selection_amendment_pairwise_majority,clone-decoy-poison-pill,A1+A2,2,joint_attack_units,4,medium,5,101,60,300,5,189,196,16,16,184,0,0,0.016667,0.630000,0.653333,0.053333,0.029897,0.032259,0.435766,0.043409,0.053133,0.418251,-0.013512,-0.009256,0.119880,0.053333,0.011935,0.018958,0.157691,0.613333,0.000000,0.000000,0.019240,0.026000,0.027907,0.000000,0.000000,4.000000,not_modeled_for_selection_amendment,reports/adversarial-failure-traces-a9.jsonl,"A9 executable pilot only. Each row pairs the same generated world, target bill, status quo, and vote-random seed across a no-attack baseline, a fixed-total-budget mixed portfolio, full-budget single-attack controls, and single-action controls at the mixed allocation. The three portfolios implement the combinations specified in the experiment plan: A1+A2, A3+A4, and A5+A6+A8. Interaction coefficients, resource conversion, review capacity, and recovery behavior are synthetic stress assumptions, not empirical coordination rates, not a general mechanism ranking, and not evidence for real-world institutional adoption."
20260429,A9,mixed_adversary_portfolio,mixed-adversary-portfolio,selection-amendment-benign,selection-amendment-a9-mixed,selection_amendment_pairwise_majority,clone-decoy-poison-pill,A1+A2,2,joint_attack_units,8,medium,5,101,60,300,12,136,145,41,41,97,0,0,0.040000,0.453333,0.483333,0.136667,0.064476,0.000000,0.327334,0.073518,0.006877,0.392994,-0.009042,0.000000,0.257282,0.136667,0.017106,0.000000,0.274202,0.323333,0.000000,0.000000,0.028253,0.052000,0.028080,0.000000,0.000000,8.000000,not_modeled_for_selection_amendment,reports/adversarial-failure-traces-a9.jsonl,"A9 executable pilot only. Each row pairs the same generated world, target bill, status quo, and vote-random seed across a no-attack baseline, a fixed-total-budget mixed portfolio, full-budget single-attack controls, and single-action controls at the mixed allocation. The three portfolios implement the combinations specified in the experiment plan: A1+A2, A3+A4, and A5+A6+A8. Interaction coefficients, resource conversion, review capacity, and recovery behavior are synthetic stress assumptions, not empirical coordination rates, not a general mechanism ranking, and not evidence for real-world institutional adoption."
20260429,A9,mixed_adversary_portfolio,mixed-adversary-portfolio,selection-amendment-benign,selection-amendment-a9-mixed,selection_amendment_pairwise_majority,clone-decoy-poison-pill,A1+A2,2,joint_attack_units,12,medium,5,101,60,300,4,130,143,27,27,56,0,0,0.013333,0.433333,0.476667,0.090000,0.080137,0.000000,0.550690,0.089876,0.006685,0.497775,-0.009739,0.000000,0.372240,0.090000,0.005598,0.000000,0.347959,0.186667,0.000000,0.000000,0.033280,0.078000,0.039000,0.000000,0.000000,12.000000,not_modeled_for_selection_amendment,reports/adversarial-failure-traces-a9.jsonl,"A9 executable pilot only. Each row pairs the same generated world, target bill, status quo, and vote-random seed across a no-attack baseline, a fixed-total-budget mixed portfolio, full-budget single-attack controls, and single-action controls at the mixed allocation. The three portfolios implement the combinations specified in the experiment plan: A1+A2, A3+A4, and A5+A6+A8. Interaction coefficients, resource conversion, review capacity, and recovery behavior are synthetic stress assumptions, not empirical coordination rates, not a general mechanism ranking, and not evidence for real-world institutional adoption."
20260429,A9,mixed_adversary_portfolio,mixed-adversary-portfolio,selection-amendment-benign,selection-amendment-a9-mixed,selection_amendment_pairwise_majority,clone-decoy-poison-pill,A1+A2,2,joint_attack_units,4,high,5,101,60,300,5,174,181,27,27,170,0,0,0.016667,0.580000,0.603333,0.090000,0.030190,0.032259,0.229483,0.040976,0.052799,0.240090,-0.010786,0.000000,0.061861,0.090000,0.013665,0.018750,0.137826,0.566667,0.000000,0.000000,0.018633,0.026000,0.025133,0.000000,0.000000,4.000000,not_modeled_for_selection_amendment,reports/adversarial-failure-traces-a9.jsonl,"A9 executable pilot only. Each row pairs the same generated world, target bill, status quo, and vote-random seed across a no-attack baseline, a fixed-total-budget mixed portfolio, full-budget single-attack controls, and single-action controls at the mixed allocation. The three portfolios implement the combinations specified in the experiment plan: A1+A2, A3+A4, and A5+A6+A8. Interaction coefficients, resource conversion, review capacity, and recovery behavior are synthetic stress assumptions, not empirical coordination rates, not a general mechanism ranking, and not evidence for real-world institutional adoption."
20260429,A9,mixed_adversary_portfolio,mixed-adversary-portfolio,selection-amendment-benign,selection-amendment-a9-mixed,selection_amendment_pairwise_majority,clone-decoy-poison-pill,A1+A2,2,joint_attack_units,8,high,5,101,60,300,9,123,137,31,31,86,0,0,0.030000,0.410000,0.456667,0.103333,0.055336,0.000000,0.374279,0.066830,0.000000,0.370074,-0.011494,0.000000,0.181750,0.103333,0.011550,0.000000,0.320778,0.286667,0.000000,0.000000,0.025133,0.052000,0.026693,0.000000,0.000000,8.000000,not_modeled_for_selection_amendment,reports/adversarial-failure-traces-a9.jsonl,"A9 executable pilot only. Each row pairs the same generated world, target bill, status quo, and vote-random seed across a no-attack baseline, a fixed-total-budget mixed portfolio, full-budget single-attack controls, and single-action controls at the mixed allocation. The three portfolios implement the combinations specified in the experiment plan: A1+A2, A3+A4, and A5+A6+A8. Interaction coefficients, resource conversion, review capacity, and recovery behavior are synthetic stress assumptions, not empirical coordination rates, not a general mechanism ranking, and not evidence for real-world institutional adoption."
20260429,A9,mixed_adversary_portfolio,mixed-adversary-portfolio,selection-amendment-benign,selection-amendment-a9-mixed,selection_amendment_pairwise_majority,clone-decoy-poison-pill,A1+A2,2,joint_attack_units,12,high,5,101,60,300,3,115,136,23,23,43,0,0,0.010000,0.383333,0.453333,0.076667,0.067443,0.000000,0.533949,0.084267,0.000000,0.470129,-0.016824,0.000000,0.332024,0.076667,0.001723,0.000000,0.412178,0.143333,0.000000,0.000000,0.033020,0.078000,0.039000,0.000000,0.000000,12.000000,not_modeled_for_selection_amendment,reports/adversarial-failure-traces-a9.jsonl,"A9 executable pilot only. Each row pairs the same generated world, target bill, status quo, and vote-random seed across a no-attack baseline, a fixed-total-budget mixed portfolio, full-budget single-attack controls, and single-action controls at the mixed allocation. The three portfolios implement the combinations specified in the experiment plan: A1+A2, A3+A4, and A5+A6+A8. Interaction coefficients, resource conversion, review capacity, and recovery behavior are synthetic stress assumptions, not empirical coordination rates, not a general mechanism ranking, and not evidence for real-world institutional adoption."
20260429,A9,mixed_adversary_portfolio,mixed-adversary-portfolio,public-input-harm-benign,public-input-harm-a9-mixed,public_input_harm_review_majority,astroturf-harm-claims,A3+A4,2,joint_attack_units,4,medium,5,101,60,300,6,10,5,6,6,1,198,10,0.020000,0.033333,0.016667,0.020000,0.009794,0.000000,0.543035,0.001854,0.000000,0.104211,0.007940,0.000000,0.543035,0.020000,0.001180,0.000000,0.401248,0.003333,0.660000,0.033333,0.139667,0.475000,0.139837,0.000000,0.000000,4.000000,same_case_review_only,reports/adversarial-failure-traces-a9.jsonl,"A9 executable pilot only. Each row pairs the same generated world, target bill, status quo, and vote-random seed across a no-attack baseline, a fixed-total-budget mixed portfolio, full-budget single-attack controls, and single-action controls at the mixed allocation. The three portfolios implement the combinations specified in the experiment plan: A1+A2, A3+A4, and A5+A6+A8. Interaction coefficients, resource conversion, review capacity, and recovery behavior are synthetic stress assumptions, not empirical coordination rates, not a general mechanism ranking, and not evidence for real-world institutional adoption."
20260429,A9,mixed_adversary_portfolio,mixed-adversary-portfolio,public-input-harm-benign,public-input-harm-a9-mixed,public_input_harm_review_majority,astroturf-harm-claims,A3+A4,2,joint_attack_units,8,medium,5,101,60,300,0,8,87,1,1,1,259,7,0.000000,0.026667,0.290000,0.003333,0.002785,0.000000,0.181947,0.127026,0.000000,0.668290,-0.124241,0.000000,0.010949,0.003333,-0.000132,0.000000,0.010949,0.003333,0.863333,0.023333,0.313333,0.595000,0.207687,0.000000,0.000000,8.000000,same_case_review_only,reports/adversarial-failure-traces-a9.jsonl,"A9 executable pilot only. Each row pairs the same generated world, target bill, status quo, and vote-random seed across a no-attack baseline, a fixed-total-budget mixed portfolio, full-budget single-attack controls, and single-action controls at the mixed allocation. The three portfolios implement the combinations specified in the experiment plan: A1+A2, A3+A4, and A5+A6+A8. Interaction coefficients, resource conversion, review capacity, and recovery behavior are synthetic stress assumptions, not empirical coordination rates, not a general mechanism ranking, and not evidence for real-world institutional adoption."
20260429,A9,mixed_adversary_portfolio,mixed-adversary-portfolio,public-input-harm-benign,public-input-harm-a9-mixed,public_input_harm_review_majority,astroturf-harm-claims,A3+A4,2,joint_attack_units,12,medium,5,101,60,300,4,20,93,4,4,4,300,20,0.013333,0.066667,0.310000,0.013333,0.005024,0.000000,0.200503,0.140524,0.000000,0.676754,-0.135500,0.000000,0.200503,0.013333,-0.131343,0.000000,0.200503,0.013333,1.000000,0.066667,0.497033,0.715000,0.299527,0.000000,0.000000,12.000000,same_case_review_only,reports/adversarial-failure-traces-a9.jsonl,"A9 executable pilot only. Each row pairs the same generated world, target bill, status quo, and vote-random seed across a no-attack baseline, a fixed-total-budget mixed portfolio, full-budget single-attack controls, and single-action controls at the mixed allocation. The three portfolios implement the combinations specified in the experiment plan: A1+A2, A3+A4, and A5+A6+A8. Interaction coefficients, resource conversion, review capacity, and recovery behavior are synthetic stress assumptions, not empirical coordination rates, not a general mechanism ranking, and not evidence for real-world institutional adoption."
20260429,A9,mixed_adversary_portfolio,mixed-adversary-portfolio,public-input-harm-benign,public-input-harm-a9-mixed,public_input_harm_review_majority,astroturf-harm-claims,A3+A4,2,joint_attack_units,4,high,5,101,60,300,2,7,18,2,2,0,200,7,0.006667,0.023333,0.060000,0.006667,0.004453,0.000000,0.558113,0.005208,0.000000,0.200503,-0.000755,0.000000,0.558113,0.006667,-0.000003,0.000000,0.000000,0.000000,0.666667,0.023333,0.138600,0.475000,0.194183,0.000000,0.000000,4.000000,same_case_review_only,reports/adversarial-failure-traces-a9.jsonl,"A9 executable pilot only. Each row pairs the same generated world, target bill, status quo, and vote-random seed across a no-attack baseline, a fixed-total-budget mixed portfolio, full-budget single-attack controls, and single-action controls at the mixed allocation. The three portfolios implement the combinations specified in the experiment plan: A1+A2, A3+A4, and A5+A6+A8. Interaction coefficients, resource conversion, review capacity, and recovery behavior are synthetic stress assumptions, not empirical coordination rates, not a general mechanism ranking, and not evidence for real-world institutional adoption."
20260429,A9,mixed_adversary_portfolio,mixed-adversary-portfolio,public-input-harm-benign,public-input-harm-a9-mixed,public_input_harm_review_majority,astroturf-harm-claims,A3+A4,2,joint_attack_units,8,high,5,101,60,300,1,17,87,1,1,1,299,17,0.003333,0.056667,0.290000,0.003333,0.003578,0.000000,0.110277,0.126681,0.000000,0.668290,-0.123103,0.000000,0.099995,0.003333,-0.000497,0.000000,0.099995,0.003333,0.996667,0.056667,0.394750,0.595000,0.205057,0.000000,0.000000,8.000000,same_case_review_only,reports/adversarial-failure-traces-a9.jsonl,"A9 executable pilot only. Each row pairs the same generated world, target bill, status quo, and vote-random seed across a no-attack baseline, a fixed-total-budget mixed portfolio, full-budget single-attack controls, and single-action controls at the mixed allocation. The three portfolios implement the combinations specified in the experiment plan: A1+A2, A3+A4, and A5+A6+A8. Interaction coefficients, resource conversion, review capacity, and recovery behavior are synthetic stress assumptions, not empirical coordination rates, not a general mechanism ranking, and not evidence for real-world institutional adoption."
20260429,A9,mixed_adversary_portfolio,mixed-adversary-portfolio,public-input-harm-benign,public-input-harm-a9-mixed,public_input_harm_review_majority,astroturf-harm-claims,A3+A4,2,joint_attack_units,12,high,5,101,60,300,3,18,93,4,4,4,299,17,0.010000,0.060000,0.310000,0.013333,0.005781,0.000000,0.401248,0.139098,0.000000,0.684234,-0.133317,0.000000,0.129583,0.013333,-0.131706,0.000000,0.129583,0.013333,0.996667,0.056667,0.501783,0.715000,0.300053,0.000000,0.000000,12.000000,same_case_review_only,reports/adversarial-failure-traces-a9.jsonl,"A9 executable pilot only. Each row pairs the same generated world, target bill, status quo, and vote-random seed across a no-attack baseline, a fixed-total-budget mixed portfolio, full-budget single-attack controls, and single-action controls at the mixed allocation. The three portfolios implement the combinations specified in the experiment plan: A1+A2, A3+A4, and A5+A6+A8. Interaction coefficients, resource conversion, review capacity, and recovery behavior are synthetic stress assumptions, not empirical coordination rates, not a general mechanism ranking, and not evidence for real-world institutional adoption."
20260429,A9,mixed_adversary_portfolio,mixed-adversary-portfolio,portfolio-capacity-benign,portfolio-capacity-a9-mixed,portfolio_capacity_capture_signal,flood-camouflage-support-distortion,A5+A6+A8,3,joint_attack_units,4,medium,5,101,60,300,2,159,194,2,2,3,300,159,0.006667,0.530000,0.646667,0.006667,0.280880,0.375245,0.734518,0.342326,0.472111,0.734518,-0.061446,0.000000,0.574715,0.006667,-0.022057,0.000000,0.574715,0.010000,1.000000,0.530000,5.956701,9.716914,7.504049,25.128224,62.073910,4.000000,capacity_recovered_outcomes_not_replayed,reports/adversarial-failure-traces-a9.jsonl,"A9 executable pilot only. Each row pairs the same generated world, target bill, status quo, and vote-random seed across a no-attack baseline, a fixed-total-budget mixed portfolio, full-budget single-attack controls, and single-action controls at the mixed allocation. The three portfolios implement the combinations specified in the experiment plan: A1+A2, A3+A4, and A5+A6+A8. Interaction coefficients, resource conversion, review capacity, and recovery behavior are synthetic stress assumptions, not empirical coordination rates, not a general mechanism ranking, and not evidence for real-world institutional adoption."
20260429,A9,mixed_adversary_portfolio,mixed-adversary-portfolio,portfolio-capacity-benign,portfolio-capacity-a9-mixed,portfolio_capacity_capture_signal,flood-camouflage-support-distortion,A5+A6+A8,3,joint_attack_units,8,medium,5,101,60,300,3,181,211,3,3,3,300,181,0.010000,0.603333,0.703333,0.010000,0.321753,0.452792,0.734518,0.373123,0.498455,0.734518,-0.051369,0.000000,0.663000,0.010000,-0.091877,0.000000,0.663000,0.010000,1.000000,0.603333,12.115504,20.395111,16.536525,70.907444,153.514399,8.000000,capacity_recovered_outcomes_not_replayed,reports/adversarial-failure-traces-a9.jsonl,"A9 executable pilot only. Each row pairs the same generated world, target bill, status quo, and vote-random seed across a no-attack baseline, a fixed-total-budget mixed portfolio, full-budget single-attack controls, and single-action controls at the mixed allocation. The three portfolios implement the combinations specified in the experiment plan: A1+A2, A3+A4, and A5+A6+A8. Interaction coefficients, resource conversion, review capacity, and recovery behavior are synthetic stress assumptions, not empirical coordination rates, not a general mechanism ranking, and not evidence for real-world institutional adoption."
20260429,A9,mixed_adversary_portfolio,mixed-adversary-portfolio,portfolio-capacity-benign,portfolio-capacity-a9-mixed,portfolio_capacity_capture_signal,flood-camouflage-support-distortion,A5+A6+A8,3,joint_attack_units,12,medium,5,101,60,300,2,190,214,2,2,2,300,190,0.006667,0.633333,0.713333,0.006667,0.336588,0.469363,0.734518,0.377459,0.500934,0.734518,-0.040871,0.000000,0.577423,0.006667,-0.181637,0.000000,0.577423,0.006667,1.000000,0.633333,18.498343,31.423313,24.210020,118.641972,247.804493,12.000000,capacity_recovered_outcomes_not_replayed,reports/adversarial-failure-traces-a9.jsonl,"A9 executable pilot only. Each row pairs the same generated world, target bill, status quo, and vote-random seed across a no-attack baseline, a fixed-total-budget mixed portfolio, full-budget single-attack controls, and single-action controls at the mixed allocation. The three portfolios implement the combinations specified in the experiment plan: A1+A2, A3+A4, and A5+A6+A8. Interaction coefficients, resource conversion, review capacity, and recovery behavior are synthetic stress assumptions, not empirical coordination rates, not a general mechanism ranking, and not evidence for real-world institutional adoption."
20260429,A9,mixed_adversary_portfolio,mixed-adversary-portfolio,portfolio-capacity-benign,portfolio-capacity-a9-mixed,portfolio_capacity_capture_signal,flood-camouflage-support-distortion,A5+A6+A8,3,joint_attack_units,4,high,5,101,60,300,0,166,206,0,0,1,300,166,0.000000,0.553333,0.686667,0.000000,0.292683,0.401701,0.734518,0.364773,0.498006,0.734518,-0.072090,0.000000,0.000000,0.000000,-0.037470,0.000000,0.431491,0.003333,1.000000,0.553333,7.460419,12.356536,8.620242,36.255802,84.705050,4.000000,capacity_recovered_outcomes_not_replayed,reports/adversarial-failure-traces-a9.jsonl,"A9 executable pilot only. Each row pairs the same generated world, target bill, status quo, and vote-random seed across a no-attack baseline, a fixed-total-budget mixed portfolio, full-budget single-attack controls, and single-action controls at the mixed allocation. The three portfolios implement the combinations specified in the experiment plan: A1+A2, A3+A4, and A5+A6+A8. Interaction coefficients, resource conversion, review capacity, and recovery behavior are synthetic stress assumptions, not empirical coordination rates, not a general mechanism ranking, and not evidence for real-world institutional adoption."
20260429,A9,mixed_adversary_portfolio,mixed-adversary-portfolio,portfolio-capacity-benign,portfolio-capacity-a9-mixed,portfolio_capacity_capture_signal,flood-camouflage-support-distortion,A5+A6+A8,3,joint_attack_units,8,high,5,101,60,300,1,188,210,1,1,2,300,188,0.003333,0.626667,0.700000,0.003333,0.336526,0.479056,0.734518,0.373525,0.500934,0.734518,-0.036998,0.000000,0.549117,0.003333,-0.128995,0.000000,0.580937,0.006667,1.000000,0.626667,14.345689,24.277616,17.610504,87.639688,186.814755,8.000000,capacity_recovered_outcomes_not_replayed,reports/adversarial-failure-traces-a9.jsonl,"A9 executable pilot only. Each row pairs the same generated world, target bill, status quo, and vote-random seed across a no-attack baseline, a fixed-total-budget mixed portfolio, full-budget single-attack controls, and single-action controls at the mixed allocation. The three portfolios implement the combinations specified in the experiment plan: A1+A2, A3+A4, and A5+A6+A8. Interaction coefficients, resource conversion, review capacity, and recovery behavior are synthetic stress assumptions, not empirical coordination rates, not a general mechanism ranking, and not evidence for real-world institutional adoption."
20260429,A9,mixed_adversary_portfolio,mixed-adversary-portfolio,portfolio-capacity-benign,portfolio-capacity-a9-mixed,portfolio_capacity_capture_signal,flood-camouflage-support-distortion,A5+A6+A8,3,joint_attack_units,12,high,5,101,60,300,6,193,205,6,6,7,300,193,0.020000,0.643333,0.683333,0.020000,0.345276,0.483513,0.734518,0.364611,0.498006,0.734518,-0.019335,0.000000,0.618928,0.020000,-0.178057,0.000000,0.618928,0.023333,1.000000,0.643333,21.483730,36.607529,25.987757,141.050394,292.255714,12.000000,capacity_recovered_outcomes_not_replayed,reports/adversarial-failure-traces-a9.jsonl,"A9 executable pilot only. Each row pairs the same generated world, target bill, status quo, and vote-random seed across a no-attack baseline, a fixed-total-budget mixed portfolio, full-budget single-attack controls, and single-action controls at the mixed allocation. The three portfolios implement the combinations specified in the experiment plan: A1+A2, A3+A4, and A5+A6+A8. Interaction coefficients, resource conversion, review capacity, and recovery behavior are synthetic stress assumptions, not empirical coordination rates, not a general mechanism ranking, and not evidence for real-world institutional adoption."
20260430,A9,mixed_adversary_portfolio,mixed-adversary-portfolio,selection-amendment-benign,selection-amendment-a9-mixed,selection_amendment_pairwise_majority,clone-decoy-poison-pill,A1+A2,2,joint_attack_units,4,medium,5,101,60,300,11,196,204,27,27,196,0,0,0.036667,0.653333,0.680000,0.090000,0.027742,0.032259,0.145532,0.040882,0.053133,0.227711,-0.013139,-0.015105,0.082718,0.090000,0.012849,0.018976,0.115583,0.653333,0.000000,0.000000,0.019067,0.026000,0.029987,0.000000,0.000000,4.000000,not_modeled_for_selection_amendment,reports/adversarial-failure-traces-a9.jsonl,"A9 executable pilot only. Each row pairs the same generated world, target bill, status quo, and vote-random seed across a no-attack baseline, a fixed-total-budget mixed portfolio, full-budget single-attack controls, and single-action controls at the mixed allocation. The three portfolios implement the combinations specified in the experiment plan: A1+A2, A3+A4, and A5+A6+A8. Interaction coefficients, resource conversion, review capacity, and recovery behavior are synthetic stress assumptions, not empirical coordination rates, not a general mechanism ranking, and not evidence for real-world institutional adoption."
20260430,A9,mixed_adversary_portfolio,mixed-adversary-portfolio,selection-amendment-benign,selection-amendment-a9-mixed,selection_amendment_pairwise_majority,clone-decoy-poison-pill,A1+A2,2,joint_attack_units,8,medium,5,101,60,300,13,126,132,30,30,89,0,0,0.043333,0.420000,0.440000,0.100000,0.054743,0.000000,0.237480,0.063587,0.000000,0.448832,-0.008844,0.000000,0.237480,0.100000,0.007964,0.000000,0.182775,0.296667,0.000000,0.000000,0.022533,0.052000,0.020800,0.000000,0.000000,8.000000,not_modeled_for_selection_amendment,reports/adversarial-failure-traces-a9.jsonl,"A9 executable pilot only. Each row pairs the same generated world, target bill, status quo, and vote-random seed across a no-attack baseline, a fixed-total-budget mixed portfolio, full-budget single-attack controls, and single-action controls at the mixed allocation. The three portfolios implement the combinations specified in the experiment plan: A1+A2, A3+A4, and A5+A6+A8. Interaction coefficients, resource conversion, review capacity, and recovery behavior are synthetic stress assumptions, not empirical coordination rates, not a general mechanism ranking, and not evidence for real-world institutional adoption."
20260430,A9,mixed_adversary_portfolio,mixed-adversary-portfolio,selection-amendment-benign,selection-amendment-a9-mixed,selection_amendment_pairwise_majority,clone-decoy-poison-pill,A1+A2,2,joint_attack_units,12,medium,5,101,60,300,3,108,121,8,8,28,0,0,0.010000,0.360000,0.403333,0.026667,0.049652,0.000000,0.460598,0.050779,0.000000,0.448614,-0.001126,0.000000,0.423224,0.026667,-0.016315,0.000000,0.302416,0.093333,0.000000,0.000000,0.024960,0.078000,0.017680,0.000000,0.000000,12.000000,not_modeled_for_selection_amendment,reports/adversarial-failure-traces-a9.jsonl,"A9 executable pilot only. Each row pairs the same generated world, target bill, status quo, and vote-random seed across a no-attack baseline, a fixed-total-budget mixed portfolio, full-budget single-attack controls, and single-action controls at the mixed allocation. The three portfolios implement the combinations specified in the experiment plan: A1+A2, A3+A4, and A5+A6+A8. Interaction coefficients, resource conversion, review capacity, and recovery behavior are synthetic stress assumptions, not empirical coordination rates, not a general mechanism ranking, and not evidence for real-world institutional adoption."
20260430,A9,mixed_adversary_portfolio,mixed-adversary-portfolio,selection-amendment-benign,selection-amendment-a9-mixed,selection_amendment_pairwise_majority,clone-decoy-poison-pill,A1+A2,2,joint_attack_units,4,high,5,101,60,300,9,185,188,23,23,184,0,0,0.030000,0.616667,0.626667,0.076667,0.025268,0.032259,0.122353,0.036600,0.052795,0.166737,-0.011332,-0.010019,0.060666,0.076667,0.010840,0.018890,0.094025,0.613333,0.000000,0.000000,0.017767,0.026000,0.026867,0.000000,0.000000,4.000000,not_modeled_for_selection_amendment,reports/adversarial-failure-traces-a9.jsonl,"A9 executable pilot only. Each row pairs the same generated world, target bill, status quo, and vote-random seed across a no-attack baseline, a fixed-total-budget mixed portfolio, full-budget single-attack controls, and single-action controls at the mixed allocation. The three portfolios implement the combinations specified in the experiment plan: A1+A2, A3+A4, and A5+A6+A8. Interaction coefficients, resource conversion, review capacity, and recovery behavior are synthetic stress assumptions, not empirical coordination rates, not a general mechanism ranking, and not evidence for real-world institutional adoption."
20260430,A9,mixed_adversary_portfolio,mixed-adversary-portfolio,selection-amendment-benign,selection-amendment-a9-mixed,selection_amendment_pairwise_majority,clone-decoy-poison-pill,A1+A2,2,joint_attack_units,8,high,5,101,60,300,11,121,129,23,23,82,0,0,0.036667,0.403333,0.430000,0.076667,0.049726,0.000000,0.407634,0.059892,0.000000,0.407634,-0.010166,0.000000,0.263776,0.076667,0.007044,0.000000,0.361657,0.273333,0.000000,0.000000,0.021840,0.052000,0.019067,0.000000,0.000000,8.000000,not_modeled_for_selection_amendment,reports/adversarial-failure-traces-a9.jsonl,"A9 executable pilot only. Each row pairs the same generated world, target bill, status quo, and vote-random seed across a no-attack baseline, a fixed-total-budget mixed portfolio, full-budget single-attack controls, and single-action controls at the mixed allocation. The three portfolios implement the combinations specified in the experiment plan: A1+A2, A3+A4, and A5+A6+A8. Interaction coefficients, resource conversion, review capacity, and recovery behavior are synthetic stress assumptions, not empirical coordination rates, not a general mechanism ranking, and not evidence for real-world institutional adoption."
20260430,A9,mixed_adversary_portfolio,mixed-adversary-portfolio,selection-amendment-benign,selection-amendment-a9-mixed,selection_amendment_pairwise_majority,clone-decoy-poison-pill,A1+A2,2,joint_attack_units,12,high,5,101,60,300,3,98,114,8,8,25,0,0,0.010000,0.326667,0.380000,0.026667,0.043704,0.000000,0.430191,0.047272,0.000000,0.459500,-0.003568,0.000000,0.408262,0.026667,-0.016836,0.000000,0.292487,0.083333,0.000000,0.000000,0.023660,0.078000,0.017680,0.000000,0.000000,12.000000,not_modeled_for_selection_amendment,reports/adversarial-failure-traces-a9.jsonl,"A9 executable pilot only. Each row pairs the same generated world, target bill, status quo, and vote-random seed across a no-attack baseline, a fixed-total-budget mixed portfolio, full-budget single-attack controls, and single-action controls at the mixed allocation. The three portfolios implement the combinations specified in the experiment plan: A1+A2, A3+A4, and A5+A6+A8. Interaction coefficients, resource conversion, review capacity, and recovery behavior are synthetic stress assumptions, not empirical coordination rates, not a general mechanism ranking, and not evidence for real-world institutional adoption."
20260430,A9,mixed_adversary_portfolio,mixed-adversary-portfolio,public-input-harm-benign,public-input-harm-a9-mixed,public_input_harm_review_majority,astroturf-harm-claims,A3+A4,2,joint_attack_units,4,medium,5,101,60,300,2,3,5,2,2,0,191,2,0.006667,0.010000,0.016667,0.006667,0.002380,0.000000,0.535448,0.002012,0.000000,0.195007,0.000368,0.000000,0.535448,0.006667,0.000000,0.000000,0.000000,0.000000,0.636667,0.006667,0.138717,0.475000,0.134957,0.000000,0.000000,4.000000,same_case_review_only,reports/adversarial-failure-traces-a9.jsonl,"A9 executable pilot only. Each row pairs the same generated world, target bill, status quo, and vote-random seed across a no-attack baseline, a fixed-total-budget mixed portfolio, full-budget single-attack controls, and single-action controls at the mixed allocation. The three portfolios implement the combinations specified in the experiment plan: A1+A2, A3+A4, and A5+A6+A8. Interaction coefficients, resource conversion, review capacity, and recovery behavior are synthetic stress assumptions, not empirical coordination rates, not a general mechanism ranking, and not evidence for real-world institutional adoption."
20260430,A9,mixed_adversary_portfolio,mixed-adversary-portfolio,public-input-harm-benign,public-input-harm-a9-mixed,public_input_harm_review_majority,astroturf-harm-claims,A3+A4,2,joint_attack_units,8,medium,5,101,60,300,0,7,94,0,0,0,262,7,0.000000,0.023333,0.313333,0.000000,0.002707,0.000000,0.195007,0.136769,0.000000,0.670097,-0.134062,0.000000,0.000000,0.000000,-0.000245,0.000000,0.000000,0.000000,0.873333,0.023333,0.315317,0.595000,0.203623,0.000000,0.000000,8.000000,same_case_review_only,reports/adversarial-failure-traces-a9.jsonl,"A9 executable pilot only. Each row pairs the same generated world, target bill, status quo, and vote-random seed across a no-attack baseline, a fixed-total-budget mixed portfolio, full-budget single-attack controls, and single-action controls at the mixed allocation. The three portfolios implement the combinations specified in the experiment plan: A1+A2, A3+A4, and A5+A6+A8. Interaction coefficients, resource conversion, review capacity, and recovery behavior are synthetic stress assumptions, not empirical coordination rates, not a general mechanism ranking, and not evidence for real-world institutional adoption."
20260430,A9,mixed_adversary_portfolio,mixed-adversary-portfolio,public-input-harm-benign,public-input-harm-a9-mixed,public_input_harm_review_majority,astroturf-harm-claims,A3+A4,2,joint_attack_units,12,medium,5,101,60,300,5,23,97,5,5,5,300,23,0.016667,0.076667,0.323333,0.016667,0.008750,0.000000,0.289107,0.140988,0.000000,0.672675,-0.132238,0.000000,0.289107,0.016667,-0.131007,0.000000,0.289107,0.016667,1.000000,0.076667,0.495367,0.715000,0.297657,0.000000,0.000000,12.000000,same_case_review_only,reports/adversarial-failure-traces-a9.jsonl,"A9 executable pilot only. Each row pairs the same generated world, target bill, status quo, and vote-random seed across a no-attack baseline, a fixed-total-budget mixed portfolio, full-budget single-attack controls, and single-action controls at the mixed allocation. The three portfolios implement the combinations specified in the experiment plan: A1+A2, A3+A4, and A5+A6+A8. Interaction coefficients, resource conversion, review capacity, and recovery behavior are synthetic stress assumptions, not empirical coordination rates, not a general mechanism ranking, and not evidence for real-world institutional adoption."
20260430,A9,mixed_adversary_portfolio,mixed-adversary-portfolio,public-input-harm-benign,public-input-harm-a9-mixed,public_input_harm_review_majority,astroturf-harm-claims,A3+A4,2,joint_attack_units,4,high,5,101,60,300,3,8,24,3,3,2,199,6,0.010000,0.026667,0.080000,0.010000,0.005078,0.000000,0.535448,0.010793,0.000000,0.535448,-0.005715,0.000000,0.535448,0.010000,0.002154,0.000000,0.535448,0.006667,0.663333,0.020000,0.147433,0.475000,0.197517,0.000000,0.000000,4.000000,same_case_review_only,reports/adversarial-failure-traces-a9.jsonl,"A9 executable pilot only. Each row pairs the same generated world, target bill, status quo, and vote-random seed across a no-attack baseline, a fixed-total-budget mixed portfolio, full-budget single-attack controls, and single-action controls at the mixed allocation. The three portfolios implement the combinations specified in the experiment plan: A1+A2, A3+A4, and A5+A6+A8. Interaction coefficients, resource conversion, review capacity, and recovery behavior are synthetic stress assumptions, not empirical coordination rates, not a general mechanism ranking, and not evidence for real-world institutional adoption."
20260430,A9,mixed_adversary_portfolio,mixed-adversary-portfolio,public-input-harm-benign,public-input-harm-a9-mixed,public_input_harm_review_majority,astroturf-harm-claims,A3+A4,2,joint_attack_units,8,high,5,101,60,300,5,28,94,6,6,6,296,28,0.016667,0.093333,0.313333,0.020000,0.011212,0.000000,0.402064,0.131066,0.000000,0.631776,-0.119855,0.000000,0.148293,0.020000,0.000548,0.000000,0.148293,0.020000,0.986667,0.093333,0.386450,0.595000,0.206200,0.000000,0.000000,8.000000,same_case_review_only,reports/adversarial-failure-traces-a9.jsonl,"A9 executable pilot only. Each row pairs the same generated world, target bill, status quo, and vote-random seed across a no-attack baseline, a fixed-total-budget mixed portfolio, full-budget single-attack controls, and single-action controls at the mixed allocation. The three portfolios implement the combinations specified in the experiment plan: A1+A2, A3+A4, and A5+A6+A8. Interaction coefficients, resource conversion, review capacity, and recovery behavior are synthetic stress assumptions, not empirical coordination rates, not a general mechanism ranking, and not evidence for real-world institutional adoption."
20260430,A9,mixed_adversary_portfolio,mixed-adversary-portfolio,public-input-harm-benign,public-input-harm-a9-mixed,public_input_harm_review_majority,astroturf-harm-claims,A3+A4,2,joint_attack_units,12,high,5,101,60,300,3,20,97,3,3,3,300,20,0.010000,0.066667,0.323333,0.010000,0.008319,0.000000,0.535448,0.141439,0.000000,0.652057,-0.133119,0.000000,0.164790,0.010000,-0.129389,0.000000,0.164790,0.010000,1.000000,0.066667,0.499750,0.715000,0.294907,0.000000,0.000000,12.000000,same_case_review_only,reports/adversarial-failure-traces-a9.jsonl,"A9 executable pilot only. Each row pairs the same generated world, target bill, status quo, and vote-random seed across a no-attack baseline, a fixed-total-budget mixed portfolio, full-budget single-attack controls, and single-action controls at the mixed allocation. The three portfolios implement the combinations specified in the experiment plan: A1+A2, A3+A4, and A5+A6+A8. Interaction coefficients, resource conversion, review capacity, and recovery behavior are synthetic stress assumptions, not empirical coordination rates, not a general mechanism ranking, and not evidence for real-world institutional adoption."
20260430,A9,mixed_adversary_portfolio,mixed-adversary-portfolio,portfolio-capacity-benign,portfolio-capacity-a9-mixed,portfolio_capacity_capture_signal,flood-camouflage-support-distortion,A5+A6+A8,3,joint_attack_units,4,medium,5,101,60,300,0,167,209,0,0,3,300,167,0.000000,0.556667,0.696667,0.000000,0.291795,0.365267,0.759911,0.364503,0.487420,0.759911,-0.072708,0.000000,0.000000,0.000000,-0.019554,0.000000,0.544301,0.010000,1.000000,0.556667,5.971125,9.834344,8.597123,25.192096,62.554868,4.000000,capacity_recovered_outcomes_not_replayed,reports/adversarial-failure-traces-a9.jsonl,"A9 executable pilot only. Each row pairs the same generated world, target bill, status quo, and vote-random seed across a no-attack baseline, a fixed-total-budget mixed portfolio, full-budget single-attack controls, and single-action controls at the mixed allocation. The three portfolios implement the combinations specified in the experiment plan: A1+A2, A3+A4, and A5+A6+A8. Interaction coefficients, resource conversion, review capacity, and recovery behavior are synthetic stress assumptions, not empirical coordination rates, not a general mechanism ranking, and not evidence for real-world institutional adoption."
20260430,A9,mixed_adversary_portfolio,mixed-adversary-portfolio,portfolio-capacity-benign,portfolio-capacity-a9-mixed,portfolio_capacity_capture_signal,flood-camouflage-support-distortion,A5+A6+A8,3,joint_attack_units,8,medium,5,101,60,300,1,198,217,1,1,3,300,198,0.003333,0.660000,0.723333,0.003333,0.347293,0.478188,0.759911,0.380146,0.500153,0.759911,-0.032852,0.000000,0.679779,0.003333,-0.103984,0.000000,0.679779,0.010000,1.000000,0.660000,12.138389,20.519541,17.873795,71.020249,154.436418,8.000000,capacity_recovered_outcomes_not_replayed,reports/adversarial-failure-traces-a9.jsonl,"A9 executable pilot only. Each row pairs the same generated world, target bill, status quo, and vote-random seed across a no-attack baseline, a fixed-total-budget mixed portfolio, full-budget single-attack controls, and single-action controls at the mixed allocation. The three portfolios implement the combinations specified in the experiment plan: A1+A2, A3+A4, and A5+A6+A8. Interaction coefficients, resource conversion, review capacity, and recovery behavior are synthetic stress assumptions, not empirical coordination rates, not a general mechanism ranking, and not evidence for real-world institutional adoption."
20260430,A9,mixed_adversary_portfolio,mixed-adversary-portfolio,portfolio-capacity-benign,portfolio-capacity-a9-mixed,portfolio_capacity_capture_signal,flood-camouflage-support-distortion,A5+A6+A8,3,joint_attack_units,12,medium,5,101,60,300,3,205,223,3,3,4,300,205,0.010000,0.683333,0.743333,0.010000,0.356993,0.480096,0.720322,0.389423,0.501637,0.759911,-0.032431,0.000000,0.613414,0.010000,-0.170375,0.000000,0.613414,0.013333,1.000000,0.683333,18.526150,31.562750,27.907349,118.792301,248.980106,12.000000,capacity_recovered_outcomes_not_replayed,reports/adversarial-failure-traces-a9.jsonl,"A9 executable pilot only. Each row pairs the same generated world, target bill, status quo, and vote-random seed across a no-attack baseline, a fixed-total-budget mixed portfolio, full-budget single-attack controls, and single-action controls at the mixed allocation. The three portfolios implement the combinations specified in the experiment plan: A1+A2, A3+A4, and A5+A6+A8. Interaction coefficients, resource conversion, review capacity, and recovery behavior are synthetic stress assumptions, not empirical coordination rates, not a general mechanism ranking, and not evidence for real-world institutional adoption."
20260430,A9,mixed_adversary_portfolio,mixed-adversary-portfolio,portfolio-capacity-benign,portfolio-capacity-a9-mixed,portfolio_capacity_capture_signal,flood-camouflage-support-distortion,A5+A6+A8,3,joint_attack_units,4,high,5,101,60,300,0,177,211,0,0,2,300,177,0.000000,0.590000,0.703333,0.000000,0.312036,0.427098,0.759911,0.369891,0.493341,0.759911,-0.057855,0.000000,0.000000,0.000000,-0.035746,0.000000,0.544301,0.006667,1.000000,0.590000,7.472791,12.474397,10.391290,36.326225,85.187656,4.000000,capacity_recovered_outcomes_not_replayed,reports/adversarial-failure-traces-a9.jsonl,"A9 executable pilot only. Each row pairs the same generated world, target bill, status quo, and vote-random seed across a no-attack baseline, a fixed-total-budget mixed portfolio, full-budget single-attack controls, and single-action controls at the mixed allocation. The three portfolios implement the combinations specified in the experiment plan: A1+A2, A3+A4, and A5+A6+A8. Interaction coefficients, resource conversion, review capacity, and recovery behavior are synthetic stress assumptions, not empirical coordination rates, not a general mechanism ranking, and not evidence for real-world institutional adoption."
20260430,A9,mixed_adversary_portfolio,mixed-adversary-portfolio,portfolio-capacity-benign,portfolio-capacity-a9-mixed,portfolio_capacity_capture_signal,flood-camouflage-support-distortion,A5+A6+A8,3,joint_attack_units,8,high,5,101,60,300,0,208,227,0,0,1,300,208,0.000000,0.693333,0.756667,0.000000,0.365406,0.492459,0.759911,0.397147,0.505655,0.759911,-0.031741,0.000000,0.000000,0.000000,-0.148230,0.000000,0.568563,0.003333,1.000000,0.693333,14.371752,24.403724,19.617250,87.779714,187.308844,8.000000,capacity_recovered_outcomes_not_replayed,reports/adversarial-failure-traces-a9.jsonl,"A9 executable pilot only. Each row pairs the same generated world, target bill, status quo, and vote-random seed across a no-attack baseline, a fixed-total-budget mixed portfolio, full-budget single-attack controls, and single-action controls at the mixed allocation. The three portfolios implement the combinations specified in the experiment plan: A1+A2, A3+A4, and A5+A6+A8. Interaction coefficients, resource conversion, review capacity, and recovery behavior are synthetic stress assumptions, not empirical coordination rates, not a general mechanism ranking, and not evidence for real-world institutional adoption."
20260430,A9,mixed_adversary_portfolio,mixed-adversary-portfolio,portfolio-capacity-benign,portfolio-capacity-a9-mixed,portfolio_capacity_capture_signal,flood-camouflage-support-distortion,A5+A6+A8,3,joint_attack_units,12,high,5,101,60,300,3,208,220,3,3,6,300,208,0.010000,0.693333,0.733333,0.010000,0.366435,0.500153,0.759911,0.386960,0.509501,0.759911,-0.020525,0.000000,0.623469,0.010000,-0.177864,0.000000,0.623469,0.020000,1.000000,0.693333,21.513055,36.775596,27.338413,141.239664,292.840088,12.000000,capacity_recovered_outcomes_not_replayed,reports/adversarial-failure-traces-a9.jsonl,"A9 executable pilot only. Each row pairs the same generated world, target bill, status quo, and vote-random seed across a no-attack baseline, a fixed-total-budget mixed portfolio, full-budget single-attack controls, and single-action controls at the mixed allocation. The three portfolios implement the combinations specified in the experiment plan: A1+A2, A3+A4, and A5+A6+A8. Interaction coefficients, resource conversion, review capacity, and recovery behavior are synthetic stress assumptions, not empirical coordination rates, not a general mechanism ranking, and not evidence for real-world institutional adoption."
20260431,A9,mixed_adversary_portfolio,mixed-adversary-portfolio,selection-amendment-benign,selection-amendment-a9-mixed,selection_amendment_pairwise_majority,clone-decoy-poison-pill,A1+A2,2,joint_attack_units,4,medium,5,101,60,300,13,216,225,31,31,223,0,0,0.043333,0.720000,0.750000,0.103333,0.033399,0.032259,0.249055,0.045794,0.053133,0.221713,-0.012395,-0.018277,0.249055,0.103333,0.014613,0.018976,0.157490,0.743333,0.000000,0.000000,0.022100,0.026000,0.033107,0.000000,0.000000,4.000000,not_modeled_for_selection_amendment,reports/adversarial-failure-traces-a9.jsonl,"A9 executable pilot only. Each row pairs the same generated world, target bill, status quo, and vote-random seed across a no-attack baseline, a fixed-total-budget mixed portfolio, full-budget single-attack controls, and single-action controls at the mixed allocation. The three portfolios implement the combinations specified in the experiment plan: A1+A2, A3+A4, and A5+A6+A8. Interaction coefficients, resource conversion, review capacity, and recovery behavior are synthetic stress assumptions, not empirical coordination rates, not a general mechanism ranking, and not evidence for real-world institutional adoption."
20260431,A9,mixed_adversary_portfolio,mixed-adversary-portfolio,selection-amendment-benign,selection-amendment-a9-mixed,selection_amendment_pairwise_majority,clone-decoy-poison-pill,A1+A2,2,joint_attack_units,8,medium,5,101,60,300,13,150,158,35,35,113,0,0,0.043333,0.500000,0.526667,0.116667,0.068284,0.017731,0.309582,0.079619,0.031630,0.299602,-0.011336,0.000000,0.186087,0.116667,0.019291,0.000000,0.231183,0.376667,0.000000,0.000000,0.033453,0.052000,0.033627,0.000000,0.000000,8.000000,not_modeled_for_selection_amendment,reports/adversarial-failure-traces-a9.jsonl,"A9 executable pilot only. Each row pairs the same generated world, target bill, status quo, and vote-random seed across a no-attack baseline, a fixed-total-budget mixed portfolio, full-budget single-attack controls, and single-action controls at the mixed allocation. The three portfolios implement the combinations specified in the experiment plan: A1+A2, A3+A4, and A5+A6+A8. Interaction coefficients, resource conversion, review capacity, and recovery behavior are synthetic stress assumptions, not empirical coordination rates, not a general mechanism ranking, and not evidence for real-world institutional adoption."
20260431,A9,mixed_adversary_portfolio,mixed-adversary-portfolio,selection-amendment-benign,selection-amendment-a9-mixed,selection_amendment_pairwise_majority,clone-decoy-poison-pill,A1+A2,2,joint_attack_units,12,medium,5,101,60,300,2,118,132,9,9,28,0,0,0.006667,0.393333,0.440000,0.030000,0.050670,0.000000,0.512582,0.065530,0.000000,0.435414,-0.014861,0.000000,0.446414,0.030000,-0.031226,0.000000,0.393096,0.093333,0.000000,0.000000,0.035100,0.078000,0.023400,0.000000,0.000000,12.000000,not_modeled_for_selection_amendment,reports/adversarial-failure-traces-a9.jsonl,"A9 executable pilot only. Each row pairs the same generated world, target bill, status quo, and vote-random seed across a no-attack baseline, a fixed-total-budget mixed portfolio, full-budget single-attack controls, and single-action controls at the mixed allocation. The three portfolios implement the combinations specified in the experiment plan: A1+A2, A3+A4, and A5+A6+A8. Interaction coefficients, resource conversion, review capacity, and recovery behavior are synthetic stress assumptions, not empirical coordination rates, not a general mechanism ranking, and not evidence for real-world institutional adoption."
20260431,A9,mixed_adversary_portfolio,mixed-adversary-portfolio,selection-amendment-benign,selection-amendment-a9-mixed,selection_amendment_pairwise_majority,clone-decoy-poison-pill,A1+A2,2,joint_attack_units,4,high,5,101,60,300,9,195,208,27,27,199,0,0,0.030000,0.650000,0.693333,0.090000,0.029558,0.032259,0.215262,0.042945,0.053133,0.215262,-0.013388,-0.016876,0.078799,0.090000,0.013146,0.018976,0.208139,0.663333,0.000000,0.000000,0.021233,0.026000,0.029987,0.000000,0.000000,4.000000,not_modeled_for_selection_amendment,reports/adversarial-failure-traces-a9.jsonl,"A9 executable pilot only. Each row pairs the same generated world, target bill, status quo, and vote-random seed across a no-attack baseline, a fixed-total-budget mixed portfolio, full-budget single-attack controls, and single-action controls at the mixed allocation. The three portfolios implement the combinations specified in the experiment plan: A1+A2, A3+A4, and A5+A6+A8. Interaction coefficients, resource conversion, review capacity, and recovery behavior are synthetic stress assumptions, not empirical coordination rates, not a general mechanism ranking, and not evidence for real-world institutional adoption."
20260431,A9,mixed_adversary_portfolio,mixed-adversary-portfolio,selection-amendment-benign,selection-amendment-a9-mixed,selection_amendment_pairwise_majority,clone-decoy-poison-pill,A1+A2,2,joint_attack_units,8,high,5,101,60,300,15,136,146,36,36,98,0,0,0.050000,0.453333,0.486667,0.120000,0.062501,0.000000,0.359451,0.074593,0.004096,0.481659,-0.012092,0.000000,0.359451,0.120000,0.012494,0.000000,0.266324,0.326667,0.000000,0.000000,0.032067,0.052000,0.028773,0.000000,0.000000,8.000000,not_modeled_for_selection_amendment,reports/adversarial-failure-traces-a9.jsonl,"A9 executable pilot only. Each row pairs the same generated world, target bill, status quo, and vote-random seed across a no-attack baseline, a fixed-total-budget mixed portfolio, full-budget single-attack controls, and single-action controls at the mixed allocation. The three portfolios implement the combinations specified in the experiment plan: A1+A2, A3+A4, and A5+A6+A8. Interaction coefficients, resource conversion, review capacity, and recovery behavior are synthetic stress assumptions, not empirical coordination rates, not a general mechanism ranking, and not evidence for real-world institutional adoption."
20260431,A9,mixed_adversary_portfolio,mixed-adversary-portfolio,selection-amendment-benign,selection-amendment-a9-mixed,selection_amendment_pairwise_majority,clone-decoy-poison-pill,A1+A2,2,joint_attack_units,12,high,5,101,60,300,1,106,123,5,5,25,0,0,0.003333,0.353333,0.410000,0.016667,0.047206,0.000000,0.519958,0.057129,0.000000,0.487530,-0.009922,0.000000,0.372905,0.016667,-0.026563,0.000000,0.390471,0.083333,0.000000,0.000000,0.033800,0.078000,0.022360,0.000000,0.000000,12.000000,not_modeled_for_selection_amendment,reports/adversarial-failure-traces-a9.jsonl,"A9 executable pilot only. Each row pairs the same generated world, target bill, status quo, and vote-random seed across a no-attack baseline, a fixed-total-budget mixed portfolio, full-budget single-attack controls, and single-action controls at the mixed allocation. The three portfolios implement the combinations specified in the experiment plan: A1+A2, A3+A4, and A5+A6+A8. Interaction coefficients, resource conversion, review capacity, and recovery behavior are synthetic stress assumptions, not empirical coordination rates, not a general mechanism ranking, and not evidence for real-world institutional adoption."
20260431,A9,mixed_adversary_portfolio,mixed-adversary-portfolio,public-input-harm-benign,public-input-harm-a9-mixed,public_input_harm_review_majority,astroturf-harm-claims,A3+A4,2,joint_attack_units,4,medium,5,101,60,300,4,5,1,4,4,1,182,5,0.013333,0.016667,0.003333,0.013333,0.006809,0.000000,0.544928,0.000095,0.000000,0.025587,0.006713,0.000000,0.544928,0.013333,0.001785,0.000000,0.535448,0.003333,0.606667,0.016667,0.132717,0.475000,0.124987,0.000000,0.000000,4.000000,same_case_review_only,reports/adversarial-failure-traces-a9.jsonl,"A9 executable pilot only. Each row pairs the same generated world, target bill, status quo, and vote-random seed across a no-attack baseline, a fixed-total-budget mixed portfolio, full-budget single-attack controls, and single-action controls at the mixed allocation. The three portfolios implement the combinations specified in the experiment plan: A1+A2, A3+A4, and A5+A6+A8. Interaction coefficients, resource conversion, review capacity, and recovery behavior are synthetic stress assumptions, not empirical coordination rates, not a general mechanism ranking, and not evidence for real-world institutional adoption."
20260431,A9,mixed_adversary_portfolio,mixed-adversary-portfolio,public-input-harm-benign,public-input-harm-a9-mixed,public_input_harm_review_majority,astroturf-harm-claims,A3+A4,2,joint_attack_units,8,medium,5,101,60,300,1,4,90,1,1,1,262,3,0.003333,0.013333,0.300000,0.003333,0.001331,0.000000,0.128828,0.139189,0.000000,0.701664,-0.137858,0.000000,0.092468,0.003333,-0.000619,0.000000,0.092468,0.003333,0.873333,0.010000,0.312217,0.595000,0.197147,0.000000,0.000000,8.000000,same_case_review_only,reports/adversarial-failure-traces-a9.jsonl,"A9 executable pilot only. Each row pairs the same generated world, target bill, status quo, and vote-random seed across a no-attack baseline, a fixed-total-budget mixed portfolio, full-budget single-attack controls, and single-action controls at the mixed allocation. The three portfolios implement the combinations specified in the experiment plan: A1+A2, A3+A4, and A5+A6+A8. Interaction coefficients, resource conversion, review capacity, and recovery behavior are synthetic stress assumptions, not empirical coordination rates, not a general mechanism ranking, and not evidence for real-world institutional adoption."
20260431,A9,mixed_adversary_portfolio,mixed-adversary-portfolio,public-input-harm-benign,public-input-harm-a9-mixed,public_input_harm_review_majority,astroturf-harm-claims,A3+A4,2,joint_attack_units,12,medium,5,101,60,300,4,18,97,4,4,4,300,18,0.013333,0.060000,0.323333,0.013333,0.007296,0.000000,0.392353,0.152007,0.000000,0.701664,-0.144711,0.000000,0.334157,0.013333,-0.141251,0.000000,0.334157,0.013333,1.000000,0.060000,0.494833,0.715000,0.283033,0.000000,0.000000,12.000000,same_case_review_only,reports/adversarial-failure-traces-a9.jsonl,"A9 executable pilot only. Each row pairs the same generated world, target bill, status quo, and vote-random seed across a no-attack baseline, a fixed-total-budget mixed portfolio, full-budget single-attack controls, and single-action controls at the mixed allocation. The three portfolios implement the combinations specified in the experiment plan: A1+A2, A3+A4, and A5+A6+A8. Interaction coefficients, resource conversion, review capacity, and recovery behavior are synthetic stress assumptions, not empirical coordination rates, not a general mechanism ranking, and not evidence for real-world institutional adoption."
20260431,A9,mixed_adversary_portfolio,mixed-adversary-portfolio,public-input-harm-benign,public-input-harm-a9-mixed,public_input_harm_review_majority,astroturf-harm-claims,A3+A4,2,joint_attack_units,4,high,5,101,60,300,4,7,14,4,4,1,190,5,0.013333,0.023333,0.046667,0.013333,0.008394,0.000000,0.556580,0.005328,0.000000,0.278157,0.003067,0.000000,0.556580,0.013333,0.001796,0.000000,0.538945,0.003333,0.633333,0.016667,0.135583,0.475000,0.189690,0.000000,0.000000,4.000000,same_case_review_only,reports/adversarial-failure-traces-a9.jsonl,"A9 executable pilot only. Each row pairs the same generated world, target bill, status quo, and vote-random seed across a no-attack baseline, a fixed-total-budget mixed portfolio, full-budget single-attack controls, and single-action controls at the mixed allocation. The three portfolios implement the combinations specified in the experiment plan: A1+A2, A3+A4, and A5+A6+A8. Interaction coefficients, resource conversion, review capacity, and recovery behavior are synthetic stress assumptions, not empirical coordination rates, not a general mechanism ranking, and not evidence for real-world institutional adoption."
20260431,A9,mixed_adversary_portfolio,mixed-adversary-portfolio,public-input-harm-benign,public-input-harm-a9-mixed,public_input_harm_review_majority,astroturf-harm-claims,A3+A4,2,joint_attack_units,8,high,5,101,60,300,2,16,96,2,2,2,297,16,0.006667,0.053333,0.320000,0.006667,0.006264,0.000000,0.401248,0.150213,0.000000,0.701664,-0.143949,0.000000,0.182603,0.006667,-0.000478,0.000000,0.182603,0.006667,0.990000,0.053333,0.391850,0.595000,0.195013,0.000000,0.000000,8.000000,same_case_review_only,reports/adversarial-failure-traces-a9.jsonl,"A9 executable pilot only. Each row pairs the same generated world, target bill, status quo, and vote-random seed across a no-attack baseline, a fixed-total-budget mixed portfolio, full-budget single-attack controls, and single-action controls at the mixed allocation. The three portfolios implement the combinations specified in the experiment plan: A1+A2, A3+A4, and A5+A6+A8. Interaction coefficients, resource conversion, review capacity, and recovery behavior are synthetic stress assumptions, not empirical coordination rates, not a general mechanism ranking, and not evidence for real-world institutional adoption."
20260431,A9,mixed_adversary_portfolio,mixed-adversary-portfolio,public-input-harm-benign,public-input-harm-a9-mixed,public_input_harm_review_majority,astroturf-harm-claims,A3+A4,2,joint_attack_units,12,high,5,101,60,300,3,19,100,3,3,4,300,19,0.010000,0.063333,0.333333,0.010000,0.010418,0.000000,0.535448,0.153934,0.000000,0.701664,-0.143516,0.000000,0.392353,0.010000,-0.141488,0.000000,0.535448,0.013333,1.000000,0.063333,0.490683,0.715000,0.285137,0.000000,0.000000,12.000000,same_case_review_only,reports/adversarial-failure-traces-a9.jsonl,"A9 executable pilot only. Each row pairs the same generated world, target bill, status quo, and vote-random seed across a no-attack baseline, a fixed-total-budget mixed portfolio, full-budget single-attack controls, and single-action controls at the mixed allocation. The three portfolios implement the combinations specified in the experiment plan: A1+A2, A3+A4, and A5+A6+A8. Interaction coefficients, resource conversion, review capacity, and recovery behavior are synthetic stress assumptions, not empirical coordination rates, not a general mechanism ranking, and not evidence for real-world institutional adoption."
20260431,A9,mixed_adversary_portfolio,mixed-adversary-portfolio,portfolio-capacity-benign,portfolio-capacity-a9-mixed,portfolio_capacity_capture_signal,flood-camouflage-support-distortion,A5+A6+A8,3,joint_attack_units,4,medium,5,101,60,300,0,158,192,0,0,0,300,158,0.000000,0.526667,0.640000,0.000000,0.276870,0.339291,0.690166,0.334887,0.441843,0.700829,-0.058017,0.000000,0.000000,0.000000,-0.042118,0.000000,0.000000,0.000000,1.000000,0.526667,5.923106,9.720061,4.877526,24.857525,62.313989,4.000000,capacity_recovered_outcomes_not_replayed,reports/adversarial-failure-traces-a9.jsonl,"A9 executable pilot only. Each row pairs the same generated world, target bill, status quo, and vote-random seed across a no-attack baseline, a fixed-total-budget mixed portfolio, full-budget single-attack controls, and single-action controls at the mixed allocation. The three portfolios implement the combinations specified in the experiment plan: A1+A2, A3+A4, and A5+A6+A8. Interaction coefficients, resource conversion, review capacity, and recovery behavior are synthetic stress assumptions, not empirical coordination rates, not a general mechanism ranking, and not evidence for real-world institutional adoption."
20260431,A9,mixed_adversary_portfolio,mixed-adversary-portfolio,portfolio-capacity-benign,portfolio-capacity-a9-mixed,portfolio_capacity_capture_signal,flood-camouflage-support-distortion,A5+A6+A8,3,joint_attack_units,8,medium,5,101,60,300,2,182,199,2,2,3,300,182,0.006667,0.606667,0.663333,0.006667,0.316398,0.415128,0.690166,0.348234,0.466271,0.700829,-0.031836,0.000000,0.484648,0.006667,-0.156148,0.000000,0.574674,0.010000,1.000000,0.606667,12.082603,20.424581,9.780552,70.678769,153.761841,8.000000,capacity_recovered_outcomes_not_replayed,reports/adversarial-failure-traces-a9.jsonl,"A9 executable pilot only. Each row pairs the same generated world, target bill, status quo, and vote-random seed across a no-attack baseline, a fixed-total-budget mixed portfolio, full-budget single-attack controls, and single-action controls at the mixed allocation. The three portfolios implement the combinations specified in the experiment plan: A1+A2, A3+A4, and A5+A6+A8. Interaction coefficients, resource conversion, review capacity, and recovery behavior are synthetic stress assumptions, not empirical coordination rates, not a general mechanism ranking, and not evidence for real-world institutional adoption."
20260431,A9,mixed_adversary_portfolio,mixed-adversary-portfolio,portfolio-capacity-benign,portfolio-capacity-a9-mixed,portfolio_capacity_capture_signal,flood-camouflage-support-distortion,A5+A6+A8,3,joint_attack_units,12,medium,5,101,60,300,0,198,209,0,0,2,300,198,0.000000,0.660000,0.696667,0.000000,0.346371,0.464497,0.700829,0.364418,0.481767,0.700829,-0.018047,0.000000,0.000000,0.000000,-0.264434,0.000000,0.624816,0.006667,1.000000,0.660000,18.473814,31.561897,16.385506,118.444158,248.072491,12.000000,capacity_recovered_outcomes_not_replayed,reports/adversarial-failure-traces-a9.jsonl,"A9 executable pilot only. Each row pairs the same generated world, target bill, status quo, and vote-random seed across a no-attack baseline, a fixed-total-budget mixed portfolio, full-budget single-attack controls, and single-action controls at the mixed allocation. The three portfolios implement the combinations specified in the experiment plan: A1+A2, A3+A4, and A5+A6+A8. Interaction coefficients, resource conversion, review capacity, and recovery behavior are synthetic stress assumptions, not empirical coordination rates, not a general mechanism ranking, and not evidence for real-world institutional adoption."
20260431,A9,mixed_adversary_portfolio,mixed-adversary-portfolio,portfolio-capacity-benign,portfolio-capacity-a9-mixed,portfolio_capacity_capture_signal,flood-camouflage-support-distortion,A5+A6+A8,3,joint_attack_units,4,high,5,101,60,300,0,167,197,0,0,3,300,167,0.000000,0.556667,0.656667,0.000000,0.291656,0.370164,0.690166,0.343393,0.450720,0.700829,-0.051737,0.000000,0.000000,0.000000,-0.028889,0.000000,0.628984,0.010000,1.000000,0.556667,7.426898,12.461876,5.356989,36.005342,84.946739,4.000000,capacity_recovered_outcomes_not_replayed,reports/adversarial-failure-traces-a9.jsonl,"A9 executable pilot only. Each row pairs the same generated world, target bill, status quo, and vote-random seed across a no-attack baseline, a fixed-total-budget mixed portfolio, full-budget single-attack controls, and single-action controls at the mixed allocation. The three portfolios implement the combinations specified in the experiment plan: A1+A2, A3+A4, and A5+A6+A8. Interaction coefficients, resource conversion, review capacity, and recovery behavior are synthetic stress assumptions, not empirical coordination rates, not a general mechanism ranking, and not evidence for real-world institutional adoption."
20260431,A9,mixed_adversary_portfolio,mixed-adversary-portfolio,portfolio-capacity-benign,portfolio-capacity-a9-mixed,portfolio_capacity_capture_signal,flood-camouflage-support-distortion,A5+A6+A8,3,joint_attack_units,8,high,5,101,60,300,2,189,200,2,2,3,300,189,0.006667,0.630000,0.666667,0.006667,0.331510,0.448928,0.690166,0.350013,0.464052,0.700829,-0.018503,0.000000,0.564611,0.006667,-0.203257,0.000000,0.624816,0.010000,1.000000,0.630000,14.321201,24.414052,11.655654,87.461538,187.065020,8.000000,capacity_recovered_outcomes_not_replayed,reports/adversarial-failure-traces-a9.jsonl,"A9 executable pilot only. Each row pairs the same generated world, target bill, status quo, and vote-random seed across a no-attack baseline, a fixed-total-budget mixed portfolio, full-budget single-attack controls, and single-action controls at the mixed allocation. The three portfolios implement the combinations specified in the experiment plan: A1+A2, A3+A4, and A5+A6+A8. Interaction coefficients, resource conversion, review capacity, and recovery behavior are synthetic stress assumptions, not empirical coordination rates, not a general mechanism ranking, and not evidence for real-world institutional adoption."
20260431,A9,mixed_adversary_portfolio,mixed-adversary-portfolio,portfolio-capacity-benign,portfolio-capacity-a9-mixed,portfolio_capacity_capture_signal,flood-camouflage-support-distortion,A5+A6+A8,3,joint_attack_units,12,high,5,101,60,300,1,191,202,1,1,0,300,191,0.003333,0.636667,0.673333,0.003333,0.332483,0.439954,0.700829,0.351850,0.466271,0.700829,-0.019367,0.000000,0.549470,0.003333,-0.313242,0.000000,0.000000,0.000000,1.000000,0.636667,21.463471,36.753881,17.808367,140.922584,292.530729,12.000000,capacity_recovered_outcomes_not_replayed,reports/adversarial-failure-traces-a9.jsonl,"A9 executable pilot only. Each row pairs the same generated world, target bill, status quo, and vote-random seed across a no-attack baseline, a fixed-total-budget mixed portfolio, full-budget single-attack controls, and single-action controls at the mixed allocation. The three portfolios implement the combinations specified in the experiment plan: A1+A2, A3+A4, and A5+A6+A8. Interaction coefficients, resource conversion, review capacity, and recovery behavior are synthetic stress assumptions, not empirical coordination rates, not a general mechanism ranking, and not evidence for real-world institutional adoption."
20260432,A9,mixed_adversary_portfolio,mixed-adversary-portfolio,selection-amendment-benign,selection-amendment-a9-mixed,selection_amendment_pairwise_majority,clone-decoy-poison-pill,A1+A2,2,joint_attack_units,4,medium,5,101,60,300,13,188,198,32,32,193,0,0,0.043333,0.626667,0.660000,0.106667,0.030839,0.032259,0.264868,0.042942,0.053133,0.280131,-0.012104,-0.004057,0.115815,0.106667,0.012432,0.018976,0.124258,0.643333,0.000000,0.000000,0.020453,0.026000,0.028773,0.000000,0.000000,4.000000,not_modeled_for_selection_amendment,reports/adversarial-failure-traces-a9.jsonl,"A9 executable pilot only. Each row pairs the same generated world, target bill, status quo, and vote-random seed across a no-attack baseline, a fixed-total-budget mixed portfolio, full-budget single-attack controls, and single-action controls at the mixed allocation. The three portfolios implement the combinations specified in the experiment plan: A1+A2, A3+A4, and A5+A6+A8. Interaction coefficients, resource conversion, review capacity, and recovery behavior are synthetic stress assumptions, not empirical coordination rates, not a general mechanism ranking, and not evidence for real-world institutional adoption."
20260432,A9,mixed_adversary_portfolio,mixed-adversary-portfolio,selection-amendment-benign,selection-amendment-a9-mixed,selection_amendment_pairwise_majority,clone-decoy-poison-pill,A1+A2,2,joint_attack_units,8,medium,5,101,60,300,15,133,134,47,47,81,0,0,0.050000,0.443333,0.446667,0.156667,0.055866,0.000000,0.304734,0.058308,0.000641,0.304734,-0.002441,0.000000,0.227980,0.156667,0.008606,0.000000,0.276241,0.270000,0.000000,0.000000,0.032760,0.052000,0.027040,0.000000,0.000000,8.000000,not_modeled_for_selection_amendment,reports/adversarial-failure-traces-a9.jsonl,"A9 executable pilot only. Each row pairs the same generated world, target bill, status quo, and vote-random seed across a no-attack baseline, a fixed-total-budget mixed portfolio, full-budget single-attack controls, and single-action controls at the mixed allocation. The three portfolios implement the combinations specified in the experiment plan: A1+A2, A3+A4, and A5+A6+A8. Interaction coefficients, resource conversion, review capacity, and recovery behavior are synthetic stress assumptions, not empirical coordination rates, not a general mechanism ranking, and not evidence for real-world institutional adoption."
20260432,A9,mixed_adversary_portfolio,mixed-adversary-portfolio,selection-amendment-benign,selection-amendment-a9-mixed,selection_amendment_pairwise_majority,clone-decoy-poison-pill,A1+A2,2,joint_attack_units,12,medium,5,101,60,300,5,113,129,18,18,24,0,0,0.016667,0.376667,0.430000,0.060000,0.047728,0.000000,0.365312,0.049416,0.000000,0.442931,-0.001688,0.000000,0.324759,0.060000,-0.023513,0.000000,0.247429,0.080000,0.000000,0.000000,0.047840,0.078000,0.037440,0.000000,0.000000,12.000000,not_modeled_for_selection_amendment,reports/adversarial-failure-traces-a9.jsonl,"A9 executable pilot only. Each row pairs the same generated world, target bill, status quo, and vote-random seed across a no-attack baseline, a fixed-total-budget mixed portfolio, full-budget single-attack controls, and single-action controls at the mixed allocation. The three portfolios implement the combinations specified in the experiment plan: A1+A2, A3+A4, and A5+A6+A8. Interaction coefficients, resource conversion, review capacity, and recovery behavior are synthetic stress assumptions, not empirical coordination rates, not a general mechanism ranking, and not evidence for real-world institutional adoption."
20260432,A9,mixed_adversary_portfolio,mixed-adversary-portfolio,selection-amendment-benign,selection-amendment-a9-mixed,selection_amendment_pairwise_majority,clone-decoy-poison-pill,A1+A2,2,joint_attack_units,4,high,5,101,60,300,8,180,196,36,36,179,0,0,0.026667,0.600000,0.653333,0.120000,0.032600,0.032259,0.318562,0.040508,0.052879,0.289215,-0.007907,0.000000,0.139117,0.120000,0.015111,0.018692,0.224447,0.596667,0.000000,0.000000,0.019760,0.026000,0.027387,0.000000,0.000000,4.000000,not_modeled_for_selection_amendment,reports/adversarial-failure-traces-a9.jsonl,"A9 executable pilot only. Each row pairs the same generated world, target bill, status quo, and vote-random seed across a no-attack baseline, a fixed-total-budget mixed portfolio, full-budget single-attack controls, and single-action controls at the mixed allocation. The three portfolios implement the combinations specified in the experiment plan: A1+A2, A3+A4, and A5+A6+A8. Interaction coefficients, resource conversion, review capacity, and recovery behavior are synthetic stress assumptions, not empirical coordination rates, not a general mechanism ranking, and not evidence for real-world institutional adoption."
20260432,A9,mixed_adversary_portfolio,mixed-adversary-portfolio,selection-amendment-benign,selection-amendment-a9-mixed,selection_amendment_pairwise_majority,clone-decoy-poison-pill,A1+A2,2,joint_attack_units,8,high,5,101,60,300,20,137,137,46,46,71,0,0,0.066667,0.456667,0.456667,0.153333,0.053843,0.000000,0.324757,0.056592,0.000822,0.295647,-0.002748,0.000000,0.324757,0.153333,0.001463,0.000000,0.240660,0.236667,0.000000,0.000000,0.032587,0.052000,0.027040,0.000000,0.000000,8.000000,not_modeled_for_selection_amendment,reports/adversarial-failure-traces-a9.jsonl,"A9 executable pilot only. Each row pairs the same generated world, target bill, status quo, and vote-random seed across a no-attack baseline, a fixed-total-budget mixed portfolio, full-budget single-attack controls, and single-action controls at the mixed allocation. The three portfolios implement the combinations specified in the experiment plan: A1+A2, A3+A4, and A5+A6+A8. Interaction coefficients, resource conversion, review capacity, and recovery behavior are synthetic stress assumptions, not empirical coordination rates, not a general mechanism ranking, and not evidence for real-world institutional adoption."
20260432,A9,mixed_adversary_portfolio,mixed-adversary-portfolio,selection-amendment-benign,selection-amendment-a9-mixed,selection_amendment_pairwise_majority,clone-decoy-poison-pill,A1+A2,2,joint_attack_units,12,high,5,101,60,300,6,102,114,14,14,17,0,0,0.020000,0.340000,0.380000,0.046667,0.038913,0.000000,0.334229,0.040327,0.000000,0.342955,-0.001414,0.000000,0.304555,0.046667,-0.027246,0.000000,0.304555,0.056667,0.000000,0.000000,0.047840,0.078000,0.035880,0.000000,0.000000,12.000000,not_modeled_for_selection_amendment,reports/adversarial-failure-traces-a9.jsonl,"A9 executable pilot only. Each row pairs the same generated world, target bill, status quo, and vote-random seed across a no-attack baseline, a fixed-total-budget mixed portfolio, full-budget single-attack controls, and single-action controls at the mixed allocation. The three portfolios implement the combinations specified in the experiment plan: A1+A2, A3+A4, and A5+A6+A8. Interaction coefficients, resource conversion, review capacity, and recovery behavior are synthetic stress assumptions, not empirical coordination rates, not a general mechanism ranking, and not evidence for real-world institutional adoption."
20260432,A9,mixed_adversary_portfolio,mixed-adversary-portfolio,public-input-harm-benign,public-input-harm-a9-mixed,public_input_harm_review_majority,astroturf-harm-claims,A3+A4,2,joint_attack_units,4,medium,5,101,60,300,3,6,4,3,3,1,196,5,0.010000,0.020000,0.013333,0.010000,0.006080,0.000000,0.536766,0.001777,0.000000,0.132634,0.004303,0.000000,0.536766,0.010000,0.001785,0.000000,0.535448,0.003333,0.653333,0.016667,0.142267,0.475000,0.143180,0.000000,0.000000,4.000000,same_case_review_only,reports/adversarial-failure-traces-a9.jsonl,"A9 executable pilot only. Each row pairs the same generated world, target bill, status quo, and vote-random seed across a no-attack baseline, a fixed-total-budget mixed portfolio, full-budget single-attack controls, and single-action controls at the mixed allocation. The three portfolios implement the combinations specified in the experiment plan: A1+A2, A3+A4, and A5+A6+A8. Interaction coefficients, resource conversion, review capacity, and recovery behavior are synthetic stress assumptions, not empirical coordination rates, not a general mechanism ranking, and not evidence for real-world institutional adoption."
20260432,A9,mixed_adversary_portfolio,mixed-adversary-portfolio,public-input-harm-benign,public-input-harm-a9-mixed,public_input_harm_review_majority,astroturf-harm-claims,A3+A4,2,joint_attack_units,8,medium,5,101,60,300,0,4,100,0,0,0,262,4,0.000000,0.013333,0.333333,0.000000,0.001746,0.000000,0.129053,0.152306,0.000000,0.773648,-0.150560,0.000000,0.000000,0.000000,-0.000310,0.000000,0.008020,0.000000,0.873333,0.013333,0.322350,0.595000,0.210853,0.000000,0.000000,8.000000,same_case_review_only,reports/adversarial-failure-traces-a9.jsonl,"A9 executable pilot only. Each row pairs the same generated world, target bill, status quo, and vote-random seed across a no-attack baseline, a fixed-total-budget mixed portfolio, full-budget single-attack controls, and single-action controls at the mixed allocation. The three portfolios implement the combinations specified in the experiment plan: A1+A2, A3+A4, and A5+A6+A8. Interaction coefficients, resource conversion, review capacity, and recovery behavior are synthetic stress assumptions, not empirical coordination rates, not a general mechanism ranking, and not evidence for real-world institutional adoption."
20260432,A9,mixed_adversary_portfolio,mixed-adversary-portfolio,public-input-harm-benign,public-input-harm-a9-mixed,public_input_harm_review_majority,astroturf-harm-claims,A3+A4,2,joint_attack_units,12,medium,5,101,60,300,5,23,99,5,5,5,300,23,0.016667,0.076667,0.330000,0.016667,0.008025,0.000000,0.298016,0.149152,0.000000,0.625147,-0.141127,0.000000,0.209327,0.016667,-0.141298,0.000000,0.209327,0.016667,1.000000,0.076667,0.505017,0.715000,0.305670,0.000000,0.000000,12.000000,same_case_review_only,reports/adversarial-failure-traces-a9.jsonl,"A9 executable pilot only. Each row pairs the same generated world, target bill, status quo, and vote-random seed across a no-attack baseline, a fixed-total-budget mixed portfolio, full-budget single-attack controls, and single-action controls at the mixed allocation. The three portfolios implement the combinations specified in the experiment plan: A1+A2, A3+A4, and A5+A6+A8. Interaction coefficients, resource conversion, review capacity, and recovery behavior are synthetic stress assumptions, not empirical coordination rates, not a general mechanism ranking, and not evidence for real-world institutional adoption."
20260432,A9,mixed_adversary_portfolio,mixed-adversary-portfolio,public-input-harm-benign,public-input-harm-a9-mixed,public_input_harm_review_majority,astroturf-harm-claims,A3+A4,2,joint_attack_units,4,high,5,101,60,300,3,5,17,3,3,0,203,4,0.010000,0.016667,0.056667,0.010000,0.005793,0.000000,0.541017,0.006901,0.000000,0.298016,-0.001108,0.000000,0.541017,0.010000,0.000000,0.000000,0.000000,0.000000,0.676667,0.013333,0.153300,0.475000,0.201657,0.000000,0.000000,4.000000,same_case_review_only,reports/adversarial-failure-traces-a9.jsonl,"A9 executable pilot only. Each row pairs the same generated world, target bill, status quo, and vote-random seed across a no-attack baseline, a fixed-total-budget mixed portfolio, full-budget single-attack controls, and single-action controls at the mixed allocation. The three portfolios implement the combinations specified in the experiment plan: A1+A2, A3+A4, and A5+A6+A8. Interaction coefficients, resource conversion, review capacity, and recovery behavior are synthetic stress assumptions, not empirical coordination rates, not a general mechanism ranking, and not evidence for real-world institutional adoption."
20260432,A9,mixed_adversary_portfolio,mixed-adversary-portfolio,public-input-harm-benign,public-input-harm-a9-mixed,public_input_harm_review_majority,astroturf-harm-claims,A3+A4,2,joint_attack_units,8,high,5,101,60,300,0,19,98,0,0,0,298,19,0.000000,0.063333,0.326667,0.000000,0.006552,0.000000,0.298016,0.145043,0.000000,0.678206,-0.138491,0.000000,0.000000,0.000000,-0.002329,0.000000,0.000000,0.000000,0.993333,0.063333,0.400350,0.595000,0.211017,0.000000,0.000000,8.000000,same_case_review_only,reports/adversarial-failure-traces-a9.jsonl,"A9 executable pilot only. Each row pairs the same generated world, target bill, status quo, and vote-random seed across a no-attack baseline, a fixed-total-budget mixed portfolio, full-budget single-attack controls, and single-action controls at the mixed allocation. The three portfolios implement the combinations specified in the experiment plan: A1+A2, A3+A4, and A5+A6+A8. Interaction coefficients, resource conversion, review capacity, and recovery behavior are synthetic stress assumptions, not empirical coordination rates, not a general mechanism ranking, and not evidence for real-world institutional adoption."
20260432,A9,mixed_adversary_portfolio,mixed-adversary-portfolio,public-input-harm-benign,public-input-harm-a9-mixed,public_input_harm_review_majority,astroturf-harm-claims,A3+A4,2,joint_attack_units,12,high,5,101,60,300,1,16,96,1,1,1,300,16,0.003333,0.053333,0.320000,0.003333,0.004922,0.000000,0.298016,0.145192,0.000000,0.683752,-0.140270,0.000000,0.049120,0.003333,-0.140620,0.000000,0.049120,0.003333,1.000000,0.053333,0.504900,0.715000,0.306043,0.000000,0.000000,12.000000,same_case_review_only,reports/adversarial-failure-traces-a9.jsonl,"A9 executable pilot only. Each row pairs the same generated world, target bill, status quo, and vote-random seed across a no-attack baseline, a fixed-total-budget mixed portfolio, full-budget single-attack controls, and single-action controls at the mixed allocation. The three portfolios implement the combinations specified in the experiment plan: A1+A2, A3+A4, and A5+A6+A8. Interaction coefficients, resource conversion, review capacity, and recovery behavior are synthetic stress assumptions, not empirical coordination rates, not a general mechanism ranking, and not evidence for real-world institutional adoption."
20260432,A9,mixed_adversary_portfolio,mixed-adversary-portfolio,portfolio-capacity-benign,portfolio-capacity-a9-mixed,portfolio_capacity_capture_signal,flood-camouflage-support-distortion,A5+A6+A8,3,joint_attack_units,4,medium,5,101,60,300,1,162,199,1,1,4,300,162,0.003333,0.540000,0.663333,0.003333,0.284665,0.377765,0.695426,0.350688,0.487020,0.695426,-0.066023,0.000000,0.553422,0.003333,-0.023507,0.000000,0.553422,0.013333,1.000000,0.540000,5.921641,9.667003,7.740104,24.801406,61.985452,4.000000,capacity_recovered_outcomes_not_replayed,reports/adversarial-failure-traces-a9.jsonl,"A9 executable pilot only. Each row pairs the same generated world, target bill, status quo, and vote-random seed across a no-attack baseline, a fixed-total-budget mixed portfolio, full-budget single-attack controls, and single-action controls at the mixed allocation. The three portfolios implement the combinations specified in the experiment plan: A1+A2, A3+A4, and A5+A6+A8. Interaction coefficients, resource conversion, review capacity, and recovery behavior are synthetic stress assumptions, not empirical coordination rates, not a general mechanism ranking, and not evidence for real-world institutional adoption."
20260432,A9,mixed_adversary_portfolio,mixed-adversary-portfolio,portfolio-capacity-benign,portfolio-capacity-a9-mixed,portfolio_capacity_capture_signal,flood-camouflage-support-distortion,A5+A6+A8,3,joint_attack_units,8,medium,5,101,60,300,1,170,196,1,1,2,300,170,0.003333,0.566667,0.653333,0.003333,0.299043,0.402979,0.695426,0.343772,0.474066,0.695426,-0.044729,0.000000,0.563388,0.003333,-0.111712,0.000000,0.563388,0.006667,1.000000,0.566667,12.082193,20.361038,12.999088,70.613651,153.332533,8.000000,capacity_recovered_outcomes_not_replayed,reports/adversarial-failure-traces-a9.jsonl,"A9 executable pilot only. Each row pairs the same generated world, target bill, status quo, and vote-random seed across a no-attack baseline, a fixed-total-budget mixed portfolio, full-budget single-attack controls, and single-action controls at the mixed allocation. The three portfolios implement the combinations specified in the experiment plan: A1+A2, A3+A4, and A5+A6+A8. Interaction coefficients, resource conversion, review capacity, and recovery behavior are synthetic stress assumptions, not empirical coordination rates, not a general mechanism ranking, and not evidence for real-world institutional adoption."
20260432,A9,mixed_adversary_portfolio,mixed-adversary-portfolio,portfolio-capacity-benign,portfolio-capacity-a9-mixed,portfolio_capacity_capture_signal,flood-camouflage-support-distortion,A5+A6+A8,3,joint_attack_units,12,medium,5,101,60,300,6,177,200,6,6,7,300,177,0.020000,0.590000,0.666667,0.020000,0.314600,0.430444,0.695426,0.355913,0.500877,0.695426,-0.041313,0.000000,0.663328,0.020000,-0.149869,0.000000,0.663328,0.023333,1.000000,0.590000,18.468872,31.388155,21.224676,118.366188,247.543244,12.000000,capacity_recovered_outcomes_not_replayed,reports/adversarial-failure-traces-a9.jsonl,"A9 executable pilot only. Each row pairs the same generated world, target bill, status quo, and vote-random seed across a no-attack baseline, a fixed-total-budget mixed portfolio, full-budget single-attack controls, and single-action controls at the mixed allocation. The three portfolios implement the combinations specified in the experiment plan: A1+A2, A3+A4, and A5+A6+A8. Interaction coefficients, resource conversion, review capacity, and recovery behavior are synthetic stress assumptions, not empirical coordination rates, not a general mechanism ranking, and not evidence for real-world institutional adoption."
20260432,A9,mixed_adversary_portfolio,mixed-adversary-portfolio,portfolio-capacity-benign,portfolio-capacity-a9-mixed,portfolio_capacity_capture_signal,flood-camouflage-support-distortion,A5+A6+A8,3,joint_attack_units,4,high,5,101,60,300,1,158,197,1,1,2,300,158,0.003333,0.526667,0.656667,0.003333,0.278025,0.370444,0.695426,0.346559,0.474066,0.695426,-0.068534,0.000000,0.564261,0.003333,-0.048454,0.000000,0.568758,0.006667,1.000000,0.526667,7.424773,12.307732,7.989349,35.930808,84.607710,4.000000,capacity_recovered_outcomes_not_replayed,reports/adversarial-failure-traces-a9.jsonl,"A9 executable pilot only. Each row pairs the same generated world, target bill, status quo, and vote-random seed across a no-attack baseline, a fixed-total-budget mixed portfolio, full-budget single-attack controls, and single-action controls at the mixed allocation. The three portfolios implement the combinations specified in the experiment plan: A1+A2, A3+A4, and A5+A6+A8. Interaction coefficients, resource conversion, review capacity, and recovery behavior are synthetic stress assumptions, not empirical coordination rates, not a general mechanism ranking, and not evidence for real-world institutional adoption."
20260432,A9,mixed_adversary_portfolio,mixed-adversary-portfolio,portfolio-capacity-benign,portfolio-capacity-a9-mixed,portfolio_capacity_capture_signal,flood-camouflage-support-distortion,A5+A6+A8,3,joint_attack_units,8,high,5,101,60,300,3,176,202,3,3,2,300,176,0.010000,0.586667,0.673333,0.010000,0.313079,0.437318,0.695426,0.357150,0.497382,0.695426,-0.044071,0.000000,0.563388,0.010000,-0.127509,0.000000,0.563388,0.006667,1.000000,0.586667,14.318738,24.247426,14.119905,87.376203,186.605987,8.000000,capacity_recovered_outcomes_not_replayed,reports/adversarial-failure-traces-a9.jsonl,"A9 executable pilot only. Each row pairs the same generated world, target bill, status quo, and vote-random seed across a no-attack baseline, a fixed-total-budget mixed portfolio, full-budget single-attack controls, and single-action controls at the mixed allocation. The three portfolios implement the combinations specified in the experiment plan: A1+A2, A3+A4, and A5+A6+A8. Interaction coefficients, resource conversion, review capacity, and recovery behavior are synthetic stress assumptions, not empirical coordination rates, not a general mechanism ranking, and not evidence for real-world institutional adoption."
20260432,A9,mixed_adversary_portfolio,mixed-adversary-portfolio,portfolio-capacity-benign,portfolio-capacity-a9-mixed,portfolio_capacity_capture_signal,flood-camouflage-support-distortion,A5+A6+A8,3,joint_attack_units,12,high,5,101,60,300,2,181,201,2,2,5,300,181,0.006667,0.603333,0.670000,0.006667,0.320278,0.437318,0.695426,0.354756,0.491925,0.695426,-0.034478,0.000000,0.566611,0.006667,-0.150102,0.000000,0.682550,0.016667,1.000000,0.603333,21.461637,36.575596,25.999340,140.816464,291.957528,12.000000,capacity_recovered_outcomes_not_replayed,reports/adversarial-failure-traces-a9.jsonl,"A9 executable pilot only. Each row pairs the same generated world, target bill, status quo, and vote-random seed across a no-attack baseline, a fixed-total-budget mixed portfolio, full-budget single-attack controls, and single-action controls at the mixed allocation. The three portfolios implement the combinations specified in the experiment plan: A1+A2, A3+A4, and A5+A6+A8. Interaction coefficients, resource conversion, review capacity, and recovery behavior are synthetic stress assumptions, not empirical coordination rates, not a general mechanism ranking, and not evidence for real-world institutional adoption."
20260433,A9,mixed_adversary_portfolio,mixed-adversary-portfolio,selection-amendment-benign,selection-amendment-a9-mixed,selection_amendment_pairwise_majority,clone-decoy-poison-pill,A1+A2,2,joint_attack_units,4,medium,5,101,60,300,5,216,230,21,21,214,0,0,0.016667,0.720000,0.766667,0.070000,0.033291,0.032259,0.279785,0.049482,0.053133,0.366790,-0.016191,-0.020542,0.036615,0.070000,0.013846,0.018976,0.201531,0.713333,0.000000,0.000000,0.022187,0.026000,0.034493,0.000000,0.000000,4.000000,not_modeled_for_selection_amendment,reports/adversarial-failure-traces-a9.jsonl,"A9 executable pilot only. Each row pairs the same generated world, target bill, status quo, and vote-random seed across a no-attack baseline, a fixed-total-budget mixed portfolio, full-budget single-attack controls, and single-action controls at the mixed allocation. The three portfolios implement the combinations specified in the experiment plan: A1+A2, A3+A4, and A5+A6+A8. Interaction coefficients, resource conversion, review capacity, and recovery behavior are synthetic stress assumptions, not empirical coordination rates, not a general mechanism ranking, and not evidence for real-world institutional adoption."
20260433,A9,mixed_adversary_portfolio,mixed-adversary-portfolio,selection-amendment-benign,selection-amendment-a9-mixed,selection_amendment_pairwise_majority,clone-decoy-poison-pill,A1+A2,2,joint_attack_units,8,medium,5,101,60,300,20,158,159,46,46,121,0,0,0.066667,0.526667,0.530000,0.153333,0.072708,0.035924,0.316332,0.080956,0.043170,0.310878,-0.008248,0.000000,0.194130,0.153333,0.019343,0.000000,0.230719,0.403333,0.000000,0.000000,0.035187,0.052000,0.033627,0.000000,0.000000,8.000000,not_modeled_for_selection_amendment,reports/adversarial-failure-traces-a9.jsonl,"A9 executable pilot only. Each row pairs the same generated world, target bill, status quo, and vote-random seed across a no-attack baseline, a fixed-total-budget mixed portfolio, full-budget single-attack controls, and single-action controls at the mixed allocation. The three portfolios implement the combinations specified in the experiment plan: A1+A2, A3+A4, and A5+A6+A8. Interaction coefficients, resource conversion, review capacity, and recovery behavior are synthetic stress assumptions, not empirical coordination rates, not a general mechanism ranking, and not evidence for real-world institutional adoption."
20260433,A9,mixed_adversary_portfolio,mixed-adversary-portfolio,selection-amendment-benign,selection-amendment-a9-mixed,selection_amendment_pairwise_majority,clone-decoy-poison-pill,A1+A2,2,joint_attack_units,12,medium,5,101,60,300,3,119,134,14,14,26,0,0,0.010000,0.396667,0.446667,0.046667,0.052271,0.000000,0.493876,0.054508,0.004128,0.455746,-0.002236,0.000000,0.405908,0.046667,-0.039657,0.000000,0.346983,0.086667,0.000000,0.000000,0.036920,0.078000,0.027040,0.000000,0.000000,12.000000,not_modeled_for_selection_amendment,reports/adversarial-failure-traces-a9.jsonl,"A9 executable pilot only. Each row pairs the same generated world, target bill, status quo, and vote-random seed across a no-attack baseline, a fixed-total-budget mixed portfolio, full-budget single-attack controls, and single-action controls at the mixed allocation. The three portfolios implement the combinations specified in the experiment plan: A1+A2, A3+A4, and A5+A6+A8. Interaction coefficients, resource conversion, review capacity, and recovery behavior are synthetic stress assumptions, not empirical coordination rates, not a general mechanism ranking, and not evidence for real-world institutional adoption."
20260433,A9,mixed_adversary_portfolio,mixed-adversary-portfolio,selection-amendment-benign,selection-amendment-a9-mixed,selection_amendment_pairwise_majority,clone-decoy-poison-pill,A1+A2,2,joint_attack_units,4,high,5,101,60,300,5,203,223,32,32,199,0,0,0.016667,0.676667,0.743333,0.106667,0.034407,0.032259,0.279358,0.047810,0.053133,0.272819,-0.013403,-0.013496,0.087208,0.106667,0.012119,0.018976,0.128844,0.663333,0.000000,0.000000,0.021493,0.026000,0.032933,0.000000,0.000000,4.000000,not_modeled_for_selection_amendment,reports/adversarial-failure-traces-a9.jsonl,"A9 executable pilot only. Each row pairs the same generated world, target bill, status quo, and vote-random seed across a no-attack baseline, a fixed-total-budget mixed portfolio, full-budget single-attack controls, and single-action controls at the mixed allocation. The three portfolios implement the combinations specified in the experiment plan: A1+A2, A3+A4, and A5+A6+A8. Interaction coefficients, resource conversion, review capacity, and recovery behavior are synthetic stress assumptions, not empirical coordination rates, not a general mechanism ranking, and not evidence for real-world institutional adoption."
20260433,A9,mixed_adversary_portfolio,mixed-adversary-portfolio,selection-amendment-benign,selection-amendment-a9-mixed,selection_amendment_pairwise_majority,clone-decoy-poison-pill,A1+A2,2,joint_attack_units,8,high,5,101,60,300,19,146,159,44,44,103,0,0,0.063333,0.486667,0.530000,0.146667,0.062747,0.017764,0.272438,0.077750,0.035712,0.247744,-0.015003,0.000000,0.206059,0.146667,0.008525,0.000000,0.194995,0.343333,0.000000,0.000000,0.034147,0.052000,0.035013,0.000000,0.000000,8.000000,not_modeled_for_selection_amendment,reports/adversarial-failure-traces-a9.jsonl,"A9 executable pilot only. Each row pairs the same generated world, target bill, status quo, and vote-random seed across a no-attack baseline, a fixed-total-budget mixed portfolio, full-budget single-attack controls, and single-action controls at the mixed allocation. The three portfolios implement the combinations specified in the experiment plan: A1+A2, A3+A4, and A5+A6+A8. Interaction coefficients, resource conversion, review capacity, and recovery behavior are synthetic stress assumptions, not empirical coordination rates, not a general mechanism ranking, and not evidence for real-world institutional adoption."
20260433,A9,mixed_adversary_portfolio,mixed-adversary-portfolio,selection-amendment-benign,selection-amendment-a9-mixed,selection_amendment_pairwise_majority,clone-decoy-poison-pill,A1+A2,2,joint_attack_units,12,high,5,101,60,300,1,102,123,10,10,20,0,0,0.003333,0.340000,0.410000,0.033333,0.041978,0.000000,0.442118,0.048455,0.000000,0.379589,-0.006478,0.000000,0.442118,0.033333,-0.042615,0.000000,0.304192,0.066667,0.000000,0.000000,0.033540,0.078000,0.027040,0.000000,0.000000,12.000000,not_modeled_for_selection_amendment,reports/adversarial-failure-traces-a9.jsonl,"A9 executable pilot only. Each row pairs the same generated world, target bill, status quo, and vote-random seed across a no-attack baseline, a fixed-total-budget mixed portfolio, full-budget single-attack controls, and single-action controls at the mixed allocation. The three portfolios implement the combinations specified in the experiment plan: A1+A2, A3+A4, and A5+A6+A8. Interaction coefficients, resource conversion, review capacity, and recovery behavior are synthetic stress assumptions, not empirical coordination rates, not a general mechanism ranking, and not evidence for real-world institutional adoption."
20260433,A9,mixed_adversary_portfolio,mixed-adversary-portfolio,public-input-harm-benign,public-input-harm-a9-mixed,public_input_harm_review_majority,astroturf-harm-claims,A3+A4,2,joint_attack_units,4,medium,5,101,60,300,3,7,4,3,3,0,189,5,0.010000,0.023333,0.013333,0.010000,0.005654,0.000000,0.548208,0.000935,0.000000,0.077471,0.004719,0.000000,0.548208,0.010000,0.000000,0.000000,0.000000,0.000000,0.630000,0.016667,0.131517,0.475000,0.131307,0.000000,0.000000,4.000000,same_case_review_only,reports/adversarial-failure-traces-a9.jsonl,"A9 executable pilot only. Each row pairs the same generated world, target bill, status quo, and vote-random seed across a no-attack baseline, a fixed-total-budget mixed portfolio, full-budget single-attack controls, and single-action controls at the mixed allocation. The three portfolios implement the combinations specified in the experiment plan: A1+A2, A3+A4, and A5+A6+A8. Interaction coefficients, resource conversion, review capacity, and recovery behavior are synthetic stress assumptions, not empirical coordination rates, not a general mechanism ranking, and not evidence for real-world institutional adoption."
20260433,A9,mixed_adversary_portfolio,mixed-adversary-portfolio,public-input-harm-benign,public-input-harm-a9-mixed,public_input_harm_review_majority,astroturf-harm-claims,A3+A4,2,joint_attack_units,8,medium,5,101,60,300,0,6,87,0,0,2,260,4,0.000000,0.020000,0.290000,0.000000,0.001830,0.000000,0.130692,0.131340,0.000000,0.623290,-0.129509,0.000000,0.000000,0.000000,-0.000645,0.000000,0.038812,0.006667,0.866667,0.013333,0.304067,0.595000,0.205850,0.000000,0.000000,8.000000,same_case_review_only,reports/adversarial-failure-traces-a9.jsonl,"A9 executable pilot only. Each row pairs the same generated world, target bill, status quo, and vote-random seed across a no-attack baseline, a fixed-total-budget mixed portfolio, full-budget single-attack controls, and single-action controls at the mixed allocation. The three portfolios implement the combinations specified in the experiment plan: A1+A2, A3+A4, and A5+A6+A8. Interaction coefficients, resource conversion, review capacity, and recovery behavior are synthetic stress assumptions, not empirical coordination rates, not a general mechanism ranking, and not evidence for real-world institutional adoption."
20260433,A9,mixed_adversary_portfolio,mixed-adversary-portfolio,public-input-harm-benign,public-input-harm-a9-mixed,public_input_harm_review_majority,astroturf-harm-claims,A3+A4,2,joint_attack_units,12,medium,5,101,60,300,6,21,92,6,6,6,300,21,0.020000,0.070000,0.306667,0.020000,0.010224,0.000000,0.418602,0.142779,0.000000,0.696777,-0.132554,0.000000,0.418602,0.020000,-0.131084,0.000000,0.418602,0.020000,1.000000,0.070000,0.494067,0.715000,0.302547,0.000000,0.000000,12.000000,same_case_review_only,reports/adversarial-failure-traces-a9.jsonl,"A9 executable pilot only. Each row pairs the same generated world, target bill, status quo, and vote-random seed across a no-attack baseline, a fixed-total-budget mixed portfolio, full-budget single-attack controls, and single-action controls at the mixed allocation. The three portfolios implement the combinations specified in the experiment plan: A1+A2, A3+A4, and A5+A6+A8. Interaction coefficients, resource conversion, review capacity, and recovery behavior are synthetic stress assumptions, not empirical coordination rates, not a general mechanism ranking, and not evidence for real-world institutional adoption."
20260433,A9,mixed_adversary_portfolio,mixed-adversary-portfolio,public-input-harm-benign,public-input-harm-a9-mixed,public_input_harm_review_majority,astroturf-harm-claims,A3+A4,2,joint_attack_units,4,high,5,101,60,300,4,7,17,4,4,1,196,7,0.013333,0.023333,0.056667,0.013333,0.009540,0.000000,0.535448,0.010190,0.000000,0.535448,-0.000650,0.000000,0.535448,0.013333,0.001785,0.000000,0.535448,0.003333,0.653333,0.023333,0.141650,0.475000,0.191060,0.000000,0.000000,4.000000,same_case_review_only,reports/adversarial-failure-traces-a9.jsonl,"A9 executable pilot only. Each row pairs the same generated world, target bill, status quo, and vote-random seed across a no-attack baseline, a fixed-total-budget mixed portfolio, full-budget single-attack controls, and single-action controls at the mixed allocation. The three portfolios implement the combinations specified in the experiment plan: A1+A2, A3+A4, and A5+A6+A8. Interaction coefficients, resource conversion, review capacity, and recovery behavior are synthetic stress assumptions, not empirical coordination rates, not a general mechanism ranking, and not evidence for real-world institutional adoption."
20260433,A9,mixed_adversary_portfolio,mixed-adversary-portfolio,public-input-harm-benign,public-input-harm-a9-mixed,public_input_harm_review_majority,astroturf-harm-claims,A3+A4,2,joint_attack_units,8,high,5,101,60,300,3,16,85,3,3,3,298,16,0.010000,0.053333,0.283333,0.010000,0.008719,0.000000,0.418602,0.130770,0.000000,0.633627,-0.122052,0.000000,0.418602,0.010000,0.001636,0.000000,0.418602,0.010000,0.993333,0.053333,0.371733,0.595000,0.206023,0.000000,0.000000,8.000000,same_case_review_only,reports/adversarial-failure-traces-a9.jsonl,"A9 executable pilot only. Each row pairs the same generated world, target bill, status quo, and vote-random seed across a no-attack baseline, a fixed-total-budget mixed portfolio, full-budget single-attack controls, and single-action controls at the mixed allocation. The three portfolios implement the combinations specified in the experiment plan: A1+A2, A3+A4, and A5+A6+A8. Interaction coefficients, resource conversion, review capacity, and recovery behavior are synthetic stress assumptions, not empirical coordination rates, not a general mechanism ranking, and not evidence for real-world institutional adoption."
20260433,A9,mixed_adversary_portfolio,mixed-adversary-portfolio,public-input-harm-benign,public-input-harm-a9-mixed,public_input_harm_review_majority,astroturf-harm-claims,A3+A4,2,joint_attack_units,12,high,5,101,60,300,6,26,92,6,6,7,300,26,0.020000,0.086667,0.306667,0.020000,0.016807,0.000000,0.547822,0.143106,0.000000,0.696777,-0.126299,0.000000,0.418602,0.020000,-0.123140,0.000000,0.535448,0.023333,1.000000,0.086667,0.497150,0.715000,0.306413,0.000000,0.000000,12.000000,same_case_review_only,reports/adversarial-failure-traces-a9.jsonl,"A9 executable pilot only. Each row pairs the same generated world, target bill, status quo, and vote-random seed across a no-attack baseline, a fixed-total-budget mixed portfolio, full-budget single-attack controls, and single-action controls at the mixed allocation. The three portfolios implement the combinations specified in the experiment plan: A1+A2, A3+A4, and A5+A6+A8. Interaction coefficients, resource conversion, review capacity, and recovery behavior are synthetic stress assumptions, not empirical coordination rates, not a general mechanism ranking, and not evidence for real-world institutional adoption."
20260433,A9,mixed_adversary_portfolio,mixed-adversary-portfolio,portfolio-capacity-benign,portfolio-capacity-a9-mixed,portfolio_capacity_capture_signal,flood-camouflage-support-distortion,A5+A6+A8,3,joint_attack_units,4,medium,5,101,60,300,1,159,205,1,1,2,300,159,0.003333,0.530000,0.683333,0.003333,0.277391,0.350959,0.679504,0.353550,0.473236,0.679504,-0.076159,0.000000,0.614891,0.003333,-0.030132,0.000000,0.614891,0.006667,1.000000,0.530000,5.900391,9.667057,7.785832,24.512412,60.919495,4.000000,capacity_recovered_outcomes_not_replayed,reports/adversarial-failure-traces-a9.jsonl,"A9 executable pilot only. Each row pairs the same generated world, target bill, status quo, and vote-random seed across a no-attack baseline, a fixed-total-budget mixed portfolio, full-budget single-attack controls, and single-action controls at the mixed allocation. The three portfolios implement the combinations specified in the experiment plan: A1+A2, A3+A4, and A5+A6+A8. Interaction coefficients, resource conversion, review capacity, and recovery behavior are synthetic stress assumptions, not empirical coordination rates, not a general mechanism ranking, and not evidence for real-world institutional adoption."
20260433,A9,mixed_adversary_portfolio,mixed-adversary-portfolio,portfolio-capacity-benign,portfolio-capacity-a9-mixed,portfolio_capacity_capture_signal,flood-camouflage-support-distortion,A5+A6+A8,3,joint_attack_units,8,medium,5,101,60,300,0,193,214,0,0,2,300,193,0.000000,0.643333,0.713333,0.000000,0.334689,0.444830,0.679504,0.370602,0.499484,0.679504,-0.035912,0.000000,0.000000,0.000000,-0.116003,0.000000,0.522182,0.006667,1.000000,0.643333,12.066118,20.328382,17.748102,70.342354,152.206476,8.000000,capacity_recovered_outcomes_not_replayed,reports/adversarial-failure-traces-a9.jsonl,"A9 executable pilot only. Each row pairs the same generated world, target bill, status quo, and vote-random seed across a no-attack baseline, a fixed-total-budget mixed portfolio, full-budget single-attack controls, and single-action controls at the mixed allocation. The three portfolios implement the combinations specified in the experiment plan: A1+A2, A3+A4, and A5+A6+A8. Interaction coefficients, resource conversion, review capacity, and recovery behavior are synthetic stress assumptions, not empirical coordination rates, not a general mechanism ranking, and not evidence for real-world institutional adoption."
20260433,A9,mixed_adversary_portfolio,mixed-adversary-portfolio,portfolio-capacity-benign,portfolio-capacity-a9-mixed,portfolio_capacity_capture_signal,flood-camouflage-support-distortion,A5+A6+A8,3,joint_attack_units,12,medium,5,101,60,300,1,199,216,1,1,2,300,199,0.003333,0.663333,0.720000,0.003333,0.347110,0.491803,0.679504,0.375632,0.506861,0.679504,-0.028522,0.000000,0.614891,0.003333,-0.181591,0.000000,0.614891,0.006667,1.000000,0.663333,18.455442,31.342642,26.756637,118.112124,246.422102,12.000000,capacity_recovered_outcomes_not_replayed,reports/adversarial-failure-traces-a9.jsonl,"A9 executable pilot only. Each row pairs the same generated world, target bill, status quo, and vote-random seed across a no-attack baseline, a fixed-total-budget mixed portfolio, full-budget single-attack controls, and single-action controls at the mixed allocation. The three portfolios implement the combinations specified in the experiment plan: A1+A2, A3+A4, and A5+A6+A8. Interaction coefficients, resource conversion, review capacity, and recovery behavior are synthetic stress assumptions, not empirical coordination rates, not a general mechanism ranking, and not evidence for real-world institutional adoption."
20260433,A9,mixed_adversary_portfolio,mixed-adversary-portfolio,portfolio-capacity-benign,portfolio-capacity-a9-mixed,portfolio_capacity_capture_signal,flood-camouflage-support-distortion,A5+A6+A8,3,joint_attack_units,4,high,5,101,60,300,0,178,209,0,0,5,300,178,0.000000,0.593333,0.696667,0.000000,0.307751,0.411771,0.679504,0.360437,0.490517,0.679504,-0.052686,0.000000,0.000000,0.000000,-0.019255,0.000000,0.640562,0.016667,1.000000,0.593333,7.402879,12.304854,8.922287,35.644743,83.536456,4.000000,capacity_recovered_outcomes_not_replayed,reports/adversarial-failure-traces-a9.jsonl,"A9 executable pilot only. Each row pairs the same generated world, target bill, status quo, and vote-random seed across a no-attack baseline, a fixed-total-budget mixed portfolio, full-budget single-attack controls, and single-action controls at the mixed allocation. The three portfolios implement the combinations specified in the experiment plan: A1+A2, A3+A4, and A5+A6+A8. Interaction coefficients, resource conversion, review capacity, and recovery behavior are synthetic stress assumptions, not empirical coordination rates, not a general mechanism ranking, and not evidence for real-world institutional adoption."
20260433,A9,mixed_adversary_portfolio,mixed-adversary-portfolio,portfolio-capacity-benign,portfolio-capacity-a9-mixed,portfolio_capacity_capture_signal,flood-camouflage-support-distortion,A5+A6+A8,3,joint_attack_units,8,high,5,101,60,300,0,188,211,0,0,4,300,188,0.000000,0.626667,0.703333,0.000000,0.326756,0.442465,0.679504,0.366951,0.499484,0.679504,-0.040195,0.000000,0.000000,0.000000,-0.113949,0.000000,0.541550,0.013333,1.000000,0.626667,14.299949,24.205985,19.158168,87.114492,185.464170,8.000000,capacity_recovered_outcomes_not_replayed,reports/adversarial-failure-traces-a9.jsonl,"A9 executable pilot only. Each row pairs the same generated world, target bill, status quo, and vote-random seed across a no-attack baseline, a fixed-total-budget mixed portfolio, full-budget single-attack controls, and single-action controls at the mixed allocation. The three portfolios implement the combinations specified in the experiment plan: A1+A2, A3+A4, and A5+A6+A8. Interaction coefficients, resource conversion, review capacity, and recovery behavior are synthetic stress assumptions, not empirical coordination rates, not a general mechanism ranking, and not evidence for real-world institutional adoption."
20260433,A9,mixed_adversary_portfolio,mixed-adversary-portfolio,portfolio-capacity-benign,portfolio-capacity-a9-mixed,portfolio_capacity_capture_signal,flood-camouflage-support-distortion,A5+A6+A8,3,joint_attack_units,12,high,5,101,60,300,6,200,208,6,6,7,300,200,0.020000,0.666667,0.693333,0.020000,0.349113,0.491803,0.679504,0.360791,0.496899,0.679504,-0.011679,0.000000,0.625497,0.020000,-0.174135,0.000000,0.625497,0.023333,1.000000,0.666667,21.441347,36.518517,29.468855,140.576381,290.816845,12.000000,capacity_recovered_outcomes_not_replayed,reports/adversarial-failure-traces-a9.jsonl,"A9 executable pilot only. Each row pairs the same generated world, target bill, status quo, and vote-random seed across a no-attack baseline, a fixed-total-budget mixed portfolio, full-budget single-attack controls, and single-action controls at the mixed allocation. The three portfolios implement the combinations specified in the experiment plan: A1+A2, A3+A4, and A5+A6+A8. Interaction coefficients, resource conversion, review capacity, and recovery behavior are synthetic stress assumptions, not empirical coordination rates, not a general mechanism ranking, and not evidence for real-world institutional adoption."
20260434,A9,mixed_adversary_portfolio,mixed-adversary-portfolio,selection-amendment-benign,selection-amendment-a9-mixed,selection_amendment_pairwise_majority,clone-decoy-poison-pill,A1+A2,2,joint_attack_units,4,medium,5,101,60,300,14,188,191,41,41,195,0,0,0.046667,0.626667,0.636667,0.136667,0.030810,0.032259,0.311048,0.039194,0.053027,0.279376,-0.008385,-0.004928,0.132865,0.136667,0.013523,0.018976,0.261761,0.650000,0.000000,0.000000,0.020107,0.026000,0.027733,0.000000,0.000000,4.000000,not_modeled_for_selection_amendment,reports/adversarial-failure-traces-a9.jsonl,"A9 executable pilot only. Each row pairs the same generated world, target bill, status quo, and vote-random seed across a no-attack baseline, a fixed-total-budget mixed portfolio, full-budget single-attack controls, and single-action controls at the mixed allocation. The three portfolios implement the combinations specified in the experiment plan: A1+A2, A3+A4, and A5+A6+A8. Interaction coefficients, resource conversion, review capacity, and recovery behavior are synthetic stress assumptions, not empirical coordination rates, not a general mechanism ranking, and not evidence for real-world institutional adoption."
20260434,A9,mixed_adversary_portfolio,mixed-adversary-portfolio,selection-amendment-benign,selection-amendment-a9-mixed,selection_amendment_pairwise_majority,clone-decoy-poison-pill,A1+A2,2,joint_attack_units,8,medium,5,101,60,300,15,146,145,46,46,90,0,0,0.050000,0.486667,0.483333,0.153333,0.060367,0.015025,0.350668,0.058027,0.013322,0.348779,0.002341,0.000000,0.350668,0.153333,0.014374,0.000000,0.350668,0.300000,0.000000,0.000000,0.025827,0.052000,0.022533,0.000000,0.000000,8.000000,not_modeled_for_selection_amendment,reports/adversarial-failure-traces-a9.jsonl,"A9 executable pilot only. Each row pairs the same generated world, target bill, status quo, and vote-random seed across a no-attack baseline, a fixed-total-budget mixed portfolio, full-budget single-attack controls, and single-action controls at the mixed allocation. The three portfolios implement the combinations specified in the experiment plan: A1+A2, A3+A4, and A5+A6+A8. Interaction coefficients, resource conversion, review capacity, and recovery behavior are synthetic stress assumptions, not empirical coordination rates, not a general mechanism ranking, and not evidence for real-world institutional adoption."
20260434,A9,mixed_adversary_portfolio,mixed-adversary-portfolio,selection-amendment-benign,selection-amendment-a9-mixed,selection_amendment_pairwise_majority,clone-decoy-poison-pill,A1+A2,2,joint_attack_units,12,medium,5,101,60,300,3,124,133,17,17,22,0,0,0.010000,0.413333,0.443333,0.056667,0.050778,0.000000,0.409221,0.051864,0.000000,0.385700,-0.001086,0.000000,0.409221,0.056667,-0.019263,0.000000,0.289673,0.073333,0.000000,0.000000,0.026780,0.078000,0.020800,0.000000,0.000000,12.000000,not_modeled_for_selection_amendment,reports/adversarial-failure-traces-a9.jsonl,"A9 executable pilot only. Each row pairs the same generated world, target bill, status quo, and vote-random seed across a no-attack baseline, a fixed-total-budget mixed portfolio, full-budget single-attack controls, and single-action controls at the mixed allocation. The three portfolios implement the combinations specified in the experiment plan: A1+A2, A3+A4, and A5+A6+A8. Interaction coefficients, resource conversion, review capacity, and recovery behavior are synthetic stress assumptions, not empirical coordination rates, not a general mechanism ranking, and not evidence for real-world institutional adoption."
20260434,A9,mixed_adversary_portfolio,mixed-adversary-portfolio,selection-amendment-benign,selection-amendment-a9-mixed,selection_amendment_pairwise_majority,clone-decoy-poison-pill,A1+A2,2,joint_attack_units,4,high,5,101,60,300,13,185,191,31,31,190,0,0,0.043333,0.616667,0.636667,0.103333,0.028027,0.032259,0.267652,0.039501,0.052906,0.288224,-0.011474,-0.006912,0.075463,0.103333,0.013535,0.018976,0.267652,0.633333,0.000000,0.000000,0.019067,0.026000,0.027387,0.000000,0.000000,4.000000,not_modeled_for_selection_amendment,reports/adversarial-failure-traces-a9.jsonl,"A9 executable pilot only. Each row pairs the same generated world, target bill, status quo, and vote-random seed across a no-attack baseline, a fixed-total-budget mixed portfolio, full-budget single-attack controls, and single-action controls at the mixed allocation. The three portfolios implement the combinations specified in the experiment plan: A1+A2, A3+A4, and A5+A6+A8. Interaction coefficients, resource conversion, review capacity, and recovery behavior are synthetic stress assumptions, not empirical coordination rates, not a general mechanism ranking, and not evidence for real-world institutional adoption."
20260434,A9,mixed_adversary_portfolio,mixed-adversary-portfolio,selection-amendment-benign,selection-amendment-a9-mixed,selection_amendment_pairwise_majority,clone-decoy-poison-pill,A1+A2,2,joint_attack_units,8,high,5,101,60,300,9,129,140,29,29,75,0,0,0.030000,0.430000,0.466667,0.096667,0.048547,0.000000,0.341359,0.052869,0.007333,0.341359,-0.004322,0.000000,0.148867,0.096667,0.003638,0.000000,0.239820,0.250000,0.000000,0.000000,0.024267,0.052000,0.023920,0.000000,0.000000,8.000000,not_modeled_for_selection_amendment,reports/adversarial-failure-traces-a9.jsonl,"A9 executable pilot only. Each row pairs the same generated world, target bill, status quo, and vote-random seed across a no-attack baseline, a fixed-total-budget mixed portfolio, full-budget single-attack controls, and single-action controls at the mixed allocation. The three portfolios implement the combinations specified in the experiment plan: A1+A2, A3+A4, and A5+A6+A8. Interaction coefficients, resource conversion, review capacity, and recovery behavior are synthetic stress assumptions, not empirical coordination rates, not a general mechanism ranking, and not evidence for real-world institutional adoption."
20260434,A9,mixed_adversary_portfolio,mixed-adversary-portfolio,selection-amendment-benign,selection-amendment-a9-mixed,selection_amendment_pairwise_majority,clone-decoy-poison-pill,A1+A2,2,joint_attack_units,12,high,5,101,60,300,4,111,124,13,13,14,0,0,0.013333,0.370000,0.413333,0.043333,0.042789,0.000000,0.415365,0.045388,0.000000,0.411872,-0.002598,0.000000,0.361194,0.043333,-0.023974,0.000000,0.297789,0.046667,0.000000,0.000000,0.026000,0.078000,0.021320,0.000000,0.000000,12.000000,not_modeled_for_selection_amendment,reports/adversarial-failure-traces-a9.jsonl,"A9 executable pilot only. Each row pairs the same generated world, target bill, status quo, and vote-random seed across a no-attack baseline, a fixed-total-budget mixed portfolio, full-budget single-attack controls, and single-action controls at the mixed allocation. The three portfolios implement the combinations specified in the experiment plan: A1+A2, A3+A4, and A5+A6+A8. Interaction coefficients, resource conversion, review capacity, and recovery behavior are synthetic stress assumptions, not empirical coordination rates, not a general mechanism ranking, and not evidence for real-world institutional adoption."
20260434,A9,mixed_adversary_portfolio,mixed-adversary-portfolio,public-input-harm-benign,public-input-harm-a9-mixed,public_input_harm_review_majority,astroturf-harm-claims,A3+A4,2,joint_attack_units,4,medium,5,101,60,300,1,2,1,1,1,0,190,2,0.003333,0.006667,0.003333,0.003333,0.001503,0.000000,0.401248,0.000742,0.000000,0.100882,0.000761,0.000000,0.401248,0.003333,-0.000399,0.000000,0.000000,0.000000,0.633333,0.006667,0.135067,0.475000,0.128080,0.000000,0.000000,4.000000,same_case_review_only,reports/adversarial-failure-traces-a9.jsonl,"A9 executable pilot only. Each row pairs the same generated world, target bill, status quo, and vote-random seed across a no-attack baseline, a fixed-total-budget mixed portfolio, full-budget single-attack controls, and single-action controls at the mixed allocation. The three portfolios implement the combinations specified in the experiment plan: A1+A2, A3+A4, and A5+A6+A8. Interaction coefficients, resource conversion, review capacity, and recovery behavior are synthetic stress assumptions, not empirical coordination rates, not a general mechanism ranking, and not evidence for real-world institutional adoption."
20260434,A9,mixed_adversary_portfolio,mixed-adversary-portfolio,public-input-harm-benign,public-input-harm-a9-mixed,public_input_harm_review_majority,astroturf-harm-claims,A3+A4,2,joint_attack_units,8,medium,5,101,60,300,0,3,80,0,0,1,257,3,0.000000,0.010000,0.266667,0.000000,0.002815,0.000000,0.535448,0.119586,0.000000,0.674264,-0.116771,0.000000,0.000000,0.000000,0.000578,0.000000,0.535448,0.003333,0.856667,0.010000,0.306533,0.595000,0.208857,0.000000,0.000000,8.000000,same_case_review_only,reports/adversarial-failure-traces-a9.jsonl,"A9 executable pilot only. Each row pairs the same generated world, target bill, status quo, and vote-random seed across a no-attack baseline, a fixed-total-budget mixed portfolio, full-budget single-attack controls, and single-action controls at the mixed allocation. The three portfolios implement the combinations specified in the experiment plan: A1+A2, A3+A4, and A5+A6+A8. Interaction coefficients, resource conversion, review capacity, and recovery behavior are synthetic stress assumptions, not empirical coordination rates, not a general mechanism ranking, and not evidence for real-world institutional adoption."
20260434,A9,mixed_adversary_portfolio,mixed-adversary-portfolio,public-input-harm-benign,public-input-harm-a9-mixed,public_input_harm_review_majority,astroturf-harm-claims,A3+A4,2,joint_attack_units,12,medium,5,101,60,300,0,14,92,0,0,0,300,14,0.000000,0.046667,0.306667,0.000000,0.004070,0.000000,0.181243,0.141047,0.000000,0.695276,-0.136977,0.000000,0.009930,0.000000,-0.136793,0.000000,0.009930,0.000000,1.000000,0.046667,0.493300,0.715000,0.303750,0.000000,0.000000,12.000000,same_case_review_only,reports/adversarial-failure-traces-a9.jsonl,"A9 executable pilot only. Each row pairs the same generated world, target bill, status quo, and vote-random seed across a no-attack baseline, a fixed-total-budget mixed portfolio, full-budget single-attack controls, and single-action controls at the mixed allocation. The three portfolios implement the combinations specified in the experiment plan: A1+A2, A3+A4, and A5+A6+A8. Interaction coefficients, resource conversion, review capacity, and recovery behavior are synthetic stress assumptions, not empirical coordination rates, not a general mechanism ranking, and not evidence for real-world institutional adoption."
20260434,A9,mixed_adversary_portfolio,mixed-adversary-portfolio,public-input-harm-benign,public-input-harm-a9-mixed,public_input_harm_review_majority,astroturf-harm-claims,A3+A4,2,joint_attack_units,4,high,5,101,60,300,2,4,16,2,2,1,193,4,0.006667,0.013333,0.053333,0.006667,0.004028,0.000000,0.544636,0.005919,0.000000,0.401248,-0.001891,0.000000,0.544636,0.006667,0.000349,0.000000,0.104733,0.003333,0.643333,0.013333,0.137667,0.475000,0.189130,0.000000,0.000000,4.000000,same_case_review_only,reports/adversarial-failure-traces-a9.jsonl,"A9 executable pilot only. Each row pairs the same generated world, target bill, status quo, and vote-random seed across a no-attack baseline, a fixed-total-budget mixed portfolio, full-budget single-attack controls, and single-action controls at the mixed allocation. The three portfolios implement the combinations specified in the experiment plan: A1+A2, A3+A4, and A5+A6+A8. Interaction coefficients, resource conversion, review capacity, and recovery behavior are synthetic stress assumptions, not empirical coordination rates, not a general mechanism ranking, and not evidence for real-world institutional adoption."
20260434,A9,mixed_adversary_portfolio,mixed-adversary-portfolio,public-input-harm-benign,public-input-harm-a9-mixed,public_input_harm_review_majority,astroturf-harm-claims,A3+A4,2,joint_attack_units,8,high,5,101,60,300,3,18,88,3,3,4,296,18,0.010000,0.060000,0.293333,0.010000,0.007133,0.000000,0.401248,0.137914,0.000000,0.674220,-0.130782,0.000000,0.112214,0.010000,0.001105,0.000000,0.401248,0.013333,0.986667,0.060000,0.383233,0.595000,0.207007,0.000000,0.000000,8.000000,same_case_review_only,reports/adversarial-failure-traces-a9.jsonl,"A9 executable pilot only. Each row pairs the same generated world, target bill, status quo, and vote-random seed across a no-attack baseline, a fixed-total-budget mixed portfolio, full-budget single-attack controls, and single-action controls at the mixed allocation. The three portfolios implement the combinations specified in the experiment plan: A1+A2, A3+A4, and A5+A6+A8. Interaction coefficients, resource conversion, review capacity, and recovery behavior are synthetic stress assumptions, not empirical coordination rates, not a general mechanism ranking, and not evidence for real-world institutional adoption."
20260434,A9,mixed_adversary_portfolio,mixed-adversary-portfolio,public-input-harm-benign,public-input-harm-a9-mixed,public_input_harm_review_majority,astroturf-harm-claims,A3+A4,2,joint_attack_units,12,high,5,101,60,300,6,20,86,6,6,6,300,20,0.020000,0.066667,0.286667,0.020000,0.010252,0.000000,0.537347,0.138708,0.000000,0.695276,-0.128457,0.000000,0.181243,0.020000,-0.126018,0.000000,0.181243,0.020000,1.000000,0.066667,0.494133,0.715000,0.302580,0.000000,0.000000,12.000000,same_case_review_only,reports/adversarial-failure-traces-a9.jsonl,"A9 executable pilot only. Each row pairs the same generated world, target bill, status quo, and vote-random seed across a no-attack baseline, a fixed-total-budget mixed portfolio, full-budget single-attack controls, and single-action controls at the mixed allocation. The three portfolios implement the combinations specified in the experiment plan: A1+A2, A3+A4, and A5+A6+A8. Interaction coefficients, resource conversion, review capacity, and recovery behavior are synthetic stress assumptions, not empirical coordination rates, not a general mechanism ranking, and not evidence for real-world institutional adoption."
20260434,A9,mixed_adversary_portfolio,mixed-adversary-portfolio,portfolio-capacity-benign,portfolio-capacity-a9-mixed,portfolio_capacity_capture_signal,flood-camouflage-support-distortion,A5+A6+A8,3,joint_attack_units,4,medium,5,101,60,300,0,162,204,0,0,2,300,162,0.000000,0.540000,0.680000,0.000000,0.291541,0.374574,0.754659,0.364761,0.500767,0.754659,-0.073220,0.000000,0.000000,0.000000,-0.050714,0.000000,0.616466,0.006667,1.000000,0.540000,5.972980,9.687241,5.242683,25.347219,62.987311,4.000000,capacity_recovered_outcomes_not_replayed,reports/adversarial-failure-traces-a9.jsonl,"A9 executable pilot only. Each row pairs the same generated world, target bill, status quo, and vote-random seed across a no-attack baseline, a fixed-total-budget mixed portfolio, full-budget single-attack controls, and single-action controls at the mixed allocation. The three portfolios implement the combinations specified in the experiment plan: A1+A2, A3+A4, and A5+A6+A8. Interaction coefficients, resource conversion, review capacity, and recovery behavior are synthetic stress assumptions, not empirical coordination rates, not a general mechanism ranking, and not evidence for real-world institutional adoption."
20260434,A9,mixed_adversary_portfolio,mixed-adversary-portfolio,portfolio-capacity-benign,portfolio-capacity-a9-mixed,portfolio_capacity_capture_signal,flood-camouflage-support-distortion,A5+A6+A8,3,joint_attack_units,8,medium,5,101,60,300,2,189,205,2,2,6,300,189,0.006667,0.630000,0.683333,0.006667,0.336693,0.459878,0.754659,0.363249,0.478015,0.754659,-0.026556,0.000000,0.686264,0.006667,-0.155974,0.000000,0.686264,0.020000,1.000000,0.630000,12.136841,20.448590,10.921214,71.160562,154.280726,8.000000,capacity_recovered_outcomes_not_replayed,reports/adversarial-failure-traces-a9.jsonl,"A9 executable pilot only. Each row pairs the same generated world, target bill, status quo, and vote-random seed across a no-attack baseline, a fixed-total-budget mixed portfolio, full-budget single-attack controls, and single-action controls at the mixed allocation. The three portfolios implement the combinations specified in the experiment plan: A1+A2, A3+A4, and A5+A6+A8. Interaction coefficients, resource conversion, review capacity, and recovery behavior are synthetic stress assumptions, not empirical coordination rates, not a general mechanism ranking, and not evidence for real-world institutional adoption."
20260434,A9,mixed_adversary_portfolio,mixed-adversary-portfolio,portfolio-capacity-benign,portfolio-capacity-a9-mixed,portfolio_capacity_capture_signal,flood-camouflage-support-distortion,A5+A6+A8,3,joint_attack_units,12,medium,5,101,60,300,2,191,203,2,2,4,300,191,0.006667,0.636667,0.676667,0.006667,0.343713,0.472057,0.754659,0.365104,0.499750,0.754659,-0.021391,0.000000,0.581306,0.006667,-0.235523,0.000000,0.635118,0.013333,1.000000,0.636667,18.522002,31.477489,14.784189,118.911119,248.503736,12.000000,capacity_recovered_outcomes_not_replayed,reports/adversarial-failure-traces-a9.jsonl,"A9 executable pilot only. Each row pairs the same generated world, target bill, status quo, and vote-random seed across a no-attack baseline, a fixed-total-budget mixed portfolio, full-budget single-attack controls, and single-action controls at the mixed allocation. The three portfolios implement the combinations specified in the experiment plan: A1+A2, A3+A4, and A5+A6+A8. Interaction coefficients, resource conversion, review capacity, and recovery behavior are synthetic stress assumptions, not empirical coordination rates, not a general mechanism ranking, and not evidence for real-world institutional adoption."
20260434,A9,mixed_adversary_portfolio,mixed-adversary-portfolio,portfolio-capacity-benign,portfolio-capacity-a9-mixed,portfolio_capacity_capture_signal,flood-camouflage-support-distortion,A5+A6+A8,3,joint_attack_units,4,high,5,101,60,300,0,161,202,0,0,1,300,161,0.000000,0.536667,0.673333,0.000000,0.290318,0.371061,0.754659,0.360953,0.493318,0.754659,-0.070635,0.000000,0.000000,0.000000,-0.056842,0.000000,0.590594,0.003333,1.000000,0.536667,7.475237,12.393248,6.061963,36.471389,85.606257,4.000000,capacity_recovered_outcomes_not_replayed,reports/adversarial-failure-traces-a9.jsonl,"A9 executable pilot only. Each row pairs the same generated world, target bill, status quo, and vote-random seed across a no-attack baseline, a fixed-total-budget mixed portfolio, full-budget single-attack controls, and single-action controls at the mixed allocation. The three portfolios implement the combinations specified in the experiment plan: A1+A2, A3+A4, and A5+A6+A8. Interaction coefficients, resource conversion, review capacity, and recovery behavior are synthetic stress assumptions, not empirical coordination rates, not a general mechanism ranking, and not evidence for real-world institutional adoption."
20260434,A9,mixed_adversary_portfolio,mixed-adversary-portfolio,portfolio-capacity-benign,portfolio-capacity-a9-mixed,portfolio_capacity_capture_signal,flood-camouflage-support-distortion,A5+A6+A8,3,joint_attack_units,8,high,5,101,60,300,0,179,192,0,0,3,300,179,0.000000,0.596667,0.640000,0.000000,0.323941,0.451081,0.754659,0.347272,0.478015,0.754659,-0.023331,0.000000,0.000000,0.000000,-0.153520,0.000000,0.608014,0.010000,1.000000,0.596667,14.368489,24.232429,11.727408,87.909808,187.541769,8.000000,capacity_recovered_outcomes_not_replayed,reports/adversarial-failure-traces-a9.jsonl,"A9 executable pilot only. Each row pairs the same generated world, target bill, status quo, and vote-random seed across a no-attack baseline, a fixed-total-budget mixed portfolio, full-budget single-attack controls, and single-action controls at the mixed allocation. The three portfolios implement the combinations specified in the experiment plan: A1+A2, A3+A4, and A5+A6+A8. Interaction coefficients, resource conversion, review capacity, and recovery behavior are synthetic stress assumptions, not empirical coordination rates, not a general mechanism ranking, and not evidence for real-world institutional adoption."
20260434,A9,mixed_adversary_portfolio,mixed-adversary-portfolio,portfolio-capacity-benign,portfolio-capacity-a9-mixed,portfolio_capacity_capture_signal,flood-camouflage-support-distortion,A5+A6+A8,3,joint_attack_units,12,high,5,101,60,300,1,188,207,1,1,2,300,188,0.003333,0.626667,0.690000,0.003333,0.336827,0.458478,0.706600,0.368107,0.500767,0.706600,-0.031280,0.000000,0.440079,0.003333,-0.258387,0.000000,0.462977,0.006667,1.000000,0.626667,21.507393,36.562795,17.908184,141.343843,292.908755,12.000000,capacity_recovered_outcomes_not_replayed,reports/adversarial-failure-traces-a9.jsonl,"A9 executable pilot only. Each row pairs the same generated world, target bill, status quo, and vote-random seed across a no-attack baseline, a fixed-total-budget mixed portfolio, full-budget single-attack controls, and single-action controls at the mixed allocation. The three portfolios implement the combinations specified in the experiment plan: A1+A2, A3+A4, and A5+A6+A8. Interaction coefficients, resource conversion, review capacity, and recovery behavior are synthetic stress assumptions, not empirical coordination rates, not a general mechanism ranking, and not evidence for real-world institutional adoption."
20260435,A9,mixed_adversary_portfolio,mixed-adversary-portfolio,selection-amendment-benign,selection-amendment-a9-mixed,selection_amendment_pairwise_majority,clone-decoy-poison-pill,A1+A2,2,joint_attack_units,4,medium,5,101,60,300,12,191,192,27,27,195,0,0,0.040000,0.636667,0.640000,0.090000,0.030468,0.032259,0.208211,0.041621,0.053133,0.334662,-0.011153,-0.017012,0.208211,0.090000,0.013486,0.018976,0.208211,0.650000,0.000000,0.000000,0.017247,0.026000,0.026347,0.000000,0.000000,4.000000,not_modeled_for_selection_amendment,reports/adversarial-failure-traces-a9.jsonl,"A9 executable pilot only. Each row pairs the same generated world, target bill, status quo, and vote-random seed across a no-attack baseline, a fixed-total-budget mixed portfolio, full-budget single-attack controls, and single-action controls at the mixed allocation. The three portfolios implement the combinations specified in the experiment plan: A1+A2, A3+A4, and A5+A6+A8. Interaction coefficients, resource conversion, review capacity, and recovery behavior are synthetic stress assumptions, not empirical coordination rates, not a general mechanism ranking, and not evidence for real-world institutional adoption."
20260435,A9,mixed_adversary_portfolio,mixed-adversary-portfolio,selection-amendment-benign,selection-amendment-a9-mixed,selection_amendment_pairwise_majority,clone-decoy-poison-pill,A1+A2,2,joint_attack_units,8,medium,5,101,60,300,3,132,138,24,24,99,0,0,0.010000,0.440000,0.460000,0.080000,0.061275,0.000000,0.354064,0.071331,0.003107,0.368535,-0.010056,0.000000,0.183318,0.080000,0.016854,0.000000,0.300061,0.330000,0.000000,0.000000,0.014733,0.052000,0.015253,0.000000,0.000000,8.000000,not_modeled_for_selection_amendment,reports/adversarial-failure-traces-a9.jsonl,"A9 executable pilot only. Each row pairs the same generated world, target bill, status quo, and vote-random seed across a no-attack baseline, a fixed-total-budget mixed portfolio, full-budget single-attack controls, and single-action controls at the mixed allocation. The three portfolios implement the combinations specified in the experiment plan: A1+A2, A3+A4, and A5+A6+A8. Interaction coefficients, resource conversion, review capacity, and recovery behavior are synthetic stress assumptions, not empirical coordination rates, not a general mechanism ranking, and not evidence for real-world institutional adoption."
20260435,A9,mixed_adversary_portfolio,mixed-adversary-portfolio,selection-amendment-benign,selection-amendment-a9-mixed,selection_amendment_pairwise_majority,clone-decoy-poison-pill,A1+A2,2,joint_attack_units,12,medium,5,101,60,300,1,126,136,24,24,47,0,0,0.003333,0.420000,0.453333,0.080000,0.077415,0.000000,0.585688,0.086456,0.001510,0.434163,-0.009041,0.000000,0.504239,0.080000,0.010543,0.000000,0.466139,0.156667,0.000000,0.000000,0.015600,0.078000,0.019760,0.000000,0.000000,12.000000,not_modeled_for_selection_amendment,reports/adversarial-failure-traces-a9.jsonl,"A9 executable pilot only. Each row pairs the same generated world, target bill, status quo, and vote-random seed across a no-attack baseline, a fixed-total-budget mixed portfolio, full-budget single-attack controls, and single-action controls at the mixed allocation. The three portfolios implement the combinations specified in the experiment plan: A1+A2, A3+A4, and A5+A6+A8. Interaction coefficients, resource conversion, review capacity, and recovery behavior are synthetic stress assumptions, not empirical coordination rates, not a general mechanism ranking, and not evidence for real-world institutional adoption."
20260435,A9,mixed_adversary_portfolio,mixed-adversary-portfolio,selection-amendment-benign,selection-amendment-a9-mixed,selection_amendment_pairwise_majority,clone-decoy-poison-pill,A1+A2,2,joint_attack_units,4,high,5,101,60,300,30,181,160,49,49,184,0,0,0.100000,0.603333,0.533333,0.163333,0.028366,0.032259,0.299820,0.037195,0.034656,0.256120,-0.008828,0.000000,0.299820,0.163333,0.013547,0.018954,0.193587,0.613333,0.000000,0.000000,0.016120,0.026000,0.018547,0.000000,0.000000,4.000000,not_modeled_for_selection_amendment,reports/adversarial-failure-traces-a9.jsonl,"A9 executable pilot only. Each row pairs the same generated world, target bill, status quo, and vote-random seed across a no-attack baseline, a fixed-total-budget mixed portfolio, full-budget single-attack controls, and single-action controls at the mixed allocation. The three portfolios implement the combinations specified in the experiment plan: A1+A2, A3+A4, and A5+A6+A8. Interaction coefficients, resource conversion, review capacity, and recovery behavior are synthetic stress assumptions, not empirical coordination rates, not a general mechanism ranking, and not evidence for real-world institutional adoption."
20260435,A9,mixed_adversary_portfolio,mixed-adversary-portfolio,selection-amendment-benign,selection-amendment-a9-mixed,selection_amendment_pairwise_majority,clone-decoy-poison-pill,A1+A2,2,joint_attack_units,8,high,5,101,60,300,3,121,127,21,21,83,0,0,0.010000,0.403333,0.423333,0.070000,0.056760,0.000000,0.377858,0.067060,0.000000,0.423585,-0.010300,0.000000,0.275611,0.070000,0.013040,0.000000,0.295828,0.276667,0.000000,0.000000,0.013347,0.052000,0.014213,0.000000,0.000000,8.000000,not_modeled_for_selection_amendment,reports/adversarial-failure-traces-a9.jsonl,"A9 executable pilot only. Each row pairs the same generated world, target bill, status quo, and vote-random seed across a no-attack baseline, a fixed-total-budget mixed portfolio, full-budget single-attack controls, and single-action controls at the mixed allocation. The three portfolios implement the combinations specified in the experiment plan: A1+A2, A3+A4, and A5+A6+A8. Interaction coefficients, resource conversion, review capacity, and recovery behavior are synthetic stress assumptions, not empirical coordination rates, not a general mechanism ranking, and not evidence for real-world institutional adoption."
20260435,A9,mixed_adversary_portfolio,mixed-adversary-portfolio,selection-amendment-benign,selection-amendment-a9-mixed,selection_amendment_pairwise_majority,clone-decoy-poison-pill,A1+A2,2,joint_attack_units,12,high,5,101,60,300,0,111,127,17,17,40,0,0,0.000000,0.370000,0.423333,0.056667,0.066348,0.000000,0.564652,0.085107,0.000000,0.486739,-0.018759,0.000000,0.311520,0.056667,0.002037,0.000000,0.445953,0.133333,0.000000,0.000000,0.015600,0.078000,0.019760,0.000000,0.000000,12.000000,not_modeled_for_selection_amendment,reports/adversarial-failure-traces-a9.jsonl,"A9 executable pilot only. Each row pairs the same generated world, target bill, status quo, and vote-random seed across a no-attack baseline, a fixed-total-budget mixed portfolio, full-budget single-attack controls, and single-action controls at the mixed allocation. The three portfolios implement the combinations specified in the experiment plan: A1+A2, A3+A4, and A5+A6+A8. Interaction coefficients, resource conversion, review capacity, and recovery behavior are synthetic stress assumptions, not empirical coordination rates, not a general mechanism ranking, and not evidence for real-world institutional adoption."
20260435,A9,mixed_adversary_portfolio,mixed-adversary-portfolio,public-input-harm-benign,public-input-harm-a9-mixed,public_input_harm_review_majority,astroturf-harm-claims,A3+A4,2,joint_attack_units,4,medium,5,101,60,300,4,9,7,4,4,2,188,8,0.013333,0.030000,0.023333,0.013333,0.006757,0.000000,0.535448,0.005449,0.000000,0.725837,0.001308,0.000000,0.535448,0.013333,-0.000888,0.000000,0.401248,0.006667,0.626667,0.026667,0.133467,0.475000,0.127650,0.000000,0.000000,4.000000,same_case_review_only,reports/adversarial-failure-traces-a9.jsonl,"A9 executable pilot only. Each row pairs the same generated world, target bill, status quo, and vote-random seed across a no-attack baseline, a fixed-total-budget mixed portfolio, full-budget single-attack controls, and single-action controls at the mixed allocation. The three portfolios implement the combinations specified in the experiment plan: A1+A2, A3+A4, and A5+A6+A8. Interaction coefficients, resource conversion, review capacity, and recovery behavior are synthetic stress assumptions, not empirical coordination rates, not a general mechanism ranking, and not evidence for real-world institutional adoption."
20260435,A9,mixed_adversary_portfolio,mixed-adversary-portfolio,public-input-harm-benign,public-input-harm-a9-mixed,public_input_harm_review_majority,astroturf-harm-claims,A3+A4,2,joint_attack_units,8,medium,5,101,60,300,0,4,92,0,0,0,263,4,0.000000,0.013333,0.306667,0.000000,0.001792,0.000000,0.148968,0.144303,0.000000,0.725837,-0.142511,0.000000,0.000000,0.000000,-0.000453,0.000000,0.000000,0.000000,0.876667,0.013333,0.309867,0.595000,0.205480,0.000000,0.000000,8.000000,same_case_review_only,reports/adversarial-failure-traces-a9.jsonl,"A9 executable pilot only. Each row pairs the same generated world, target bill, status quo, and vote-random seed across a no-attack baseline, a fixed-total-budget mixed portfolio, full-budget single-attack controls, and single-action controls at the mixed allocation. The three portfolios implement the combinations specified in the experiment plan: A1+A2, A3+A4, and A5+A6+A8. Interaction coefficients, resource conversion, review capacity, and recovery behavior are synthetic stress assumptions, not empirical coordination rates, not a general mechanism ranking, and not evidence for real-world institutional adoption."
20260435,A9,mixed_adversary_portfolio,mixed-adversary-portfolio,public-input-harm-benign,public-input-harm-a9-mixed,public_input_harm_review_majority,astroturf-harm-claims,A3+A4,2,joint_attack_units,12,medium,5,101,60,300,4,21,102,5,5,5,300,21,0.013333,0.070000,0.340000,0.016667,0.006893,0.000000,0.307038,0.153955,0.000000,0.725837,-0.147062,0.000000,0.307038,0.016667,-0.142702,0.000000,0.307038,0.016667,1.000000,0.070000,0.493050,0.715000,0.300307,0.000000,0.000000,12.000000,same_case_review_only,reports/adversarial-failure-traces-a9.jsonl,"A9 executable pilot only. Each row pairs the same generated world, target bill, status quo, and vote-random seed across a no-attack baseline, a fixed-total-budget mixed portfolio, full-budget single-attack controls, and single-action controls at the mixed allocation. The three portfolios implement the combinations specified in the experiment plan: A1+A2, A3+A4, and A5+A6+A8. Interaction coefficients, resource conversion, review capacity, and recovery behavior are synthetic stress assumptions, not empirical coordination rates, not a general mechanism ranking, and not evidence for real-world institutional adoption."
20260435,A9,mixed_adversary_portfolio,mixed-adversary-portfolio,public-input-harm-benign,public-input-harm-a9-mixed,public_input_harm_review_majority,astroturf-harm-claims,A3+A4,2,joint_attack_units,4,high,5,101,60,300,2,7,21,2,2,0,196,7,0.006667,0.023333,0.070000,0.006667,0.003964,0.000000,0.535448,0.005512,0.000000,0.174621,-0.001548,0.000000,0.535448,0.006667,-0.000234,0.000000,0.000000,0.000000,0.653333,0.023333,0.138283,0.475000,0.190557,0.000000,0.000000,4.000000,same_case_review_only,reports/adversarial-failure-traces-a9.jsonl,"A9 executable pilot only. Each row pairs the same generated world, target bill, status quo, and vote-random seed across a no-attack baseline, a fixed-total-budget mixed portfolio, full-budget single-attack controls, and single-action controls at the mixed allocation. The three portfolios implement the combinations specified in the experiment plan: A1+A2, A3+A4, and A5+A6+A8. Interaction coefficients, resource conversion, review capacity, and recovery behavior are synthetic stress assumptions, not empirical coordination rates, not a general mechanism ranking, and not evidence for real-world institutional adoption."
20260435,A9,mixed_adversary_portfolio,mixed-adversary-portfolio,public-input-harm-benign,public-input-harm-a9-mixed,public_input_harm_review_majority,astroturf-harm-claims,A3+A4,2,joint_attack_units,8,high,5,101,60,300,2,19,101,3,3,4,298,19,0.006667,0.063333,0.336667,0.010000,0.006934,0.000000,0.535448,0.154516,0.000000,0.725837,-0.147582,0.000000,0.068648,0.010000,-0.000198,0.000000,0.535448,0.013333,0.993333,0.063333,0.383700,0.595000,0.205597,0.000000,0.000000,8.000000,same_case_review_only,reports/adversarial-failure-traces-a9.jsonl,"A9 executable pilot only. Each row pairs the same generated world, target bill, status quo, and vote-random seed across a no-attack baseline, a fixed-total-budget mixed portfolio, full-budget single-attack controls, and single-action controls at the mixed allocation. The three portfolios implement the combinations specified in the experiment plan: A1+A2, A3+A4, and A5+A6+A8. Interaction coefficients, resource conversion, review capacity, and recovery behavior are synthetic stress assumptions, not empirical coordination rates, not a general mechanism ranking, and not evidence for real-world institutional adoption."
20260435,A9,mixed_adversary_portfolio,mixed-adversary-portfolio,public-input-harm-benign,public-input-harm-a9-mixed,public_input_harm_review_majority,astroturf-harm-claims,A3+A4,2,joint_attack_units,12,high,5,101,60,300,1,22,100,3,3,3,300,22,0.003333,0.073333,0.333333,0.010000,0.009543,0.000000,0.544834,0.147380,0.000000,0.725837,-0.137837,0.000000,0.061494,0.010000,-0.134755,0.000000,0.061494,0.010000,1.000000,0.073333,0.493283,0.715000,0.301000,0.000000,0.000000,12.000000,same_case_review_only,reports/adversarial-failure-traces-a9.jsonl,"A9 executable pilot only. Each row pairs the same generated world, target bill, status quo, and vote-random seed across a no-attack baseline, a fixed-total-budget mixed portfolio, full-budget single-attack controls, and single-action controls at the mixed allocation. The three portfolios implement the combinations specified in the experiment plan: A1+A2, A3+A4, and A5+A6+A8. Interaction coefficients, resource conversion, review capacity, and recovery behavior are synthetic stress assumptions, not empirical coordination rates, not a general mechanism ranking, and not evidence for real-world institutional adoption."
20260435,A9,mixed_adversary_portfolio,mixed-adversary-portfolio,portfolio-capacity-benign,portfolio-capacity-a9-mixed,portfolio_capacity_capture_signal,flood-camouflage-support-distortion,A5+A6+A8,3,joint_attack_units,4,medium,5,101,60,300,1,152,200,1,1,2,300,152,0.003333,0.506667,0.666667,0.003333,0.267494,0.261267,0.750812,0.353968,0.475078,0.750812,-0.086474,0.000000,0.522926,0.003333,-0.023538,0.000000,0.522926,0.006667,1.000000,0.506667,5.944127,9.823884,6.198375,25.035529,63.766375,4.000000,capacity_recovered_outcomes_not_replayed,reports/adversarial-failure-traces-a9.jsonl,"A9 executable pilot only. Each row pairs the same generated world, target bill, status quo, and vote-random seed across a no-attack baseline, a fixed-total-budget mixed portfolio, full-budget single-attack controls, and single-action controls at the mixed allocation. The three portfolios implement the combinations specified in the experiment plan: A1+A2, A3+A4, and A5+A6+A8. Interaction coefficients, resource conversion, review capacity, and recovery behavior are synthetic stress assumptions, not empirical coordination rates, not a general mechanism ranking, and not evidence for real-world institutional adoption."
20260435,A9,mixed_adversary_portfolio,mixed-adversary-portfolio,portfolio-capacity-benign,portfolio-capacity-a9-mixed,portfolio_capacity_capture_signal,flood-camouflage-support-distortion,A5+A6+A8,3,joint_attack_units,8,medium,5,101,60,300,0,189,220,0,0,3,300,189,0.000000,0.630000,0.733333,0.000000,0.334433,0.467935,0.750812,0.386957,0.499771,0.750812,-0.052524,0.000000,0.000000,0.000000,-0.158240,0.000000,0.604224,0.010000,1.000000,0.630000,12.115602,20.536048,10.334309,70.887782,155.113217,8.000000,capacity_recovered_outcomes_not_replayed,reports/adversarial-failure-traces-a9.jsonl,"A9 executable pilot only. Each row pairs the same generated world, target bill, status quo, and vote-random seed across a no-attack baseline, a fixed-total-budget mixed portfolio, full-budget single-attack controls, and single-action controls at the mixed allocation. The three portfolios implement the combinations specified in the experiment plan: A1+A2, A3+A4, and A5+A6+A8. Interaction coefficients, resource conversion, review capacity, and recovery behavior are synthetic stress assumptions, not empirical coordination rates, not a general mechanism ranking, and not evidence for real-world institutional adoption."
20260435,A9,mixed_adversary_portfolio,mixed-adversary-portfolio,portfolio-capacity-benign,portfolio-capacity-a9-mixed,portfolio_capacity_capture_signal,flood-camouflage-support-distortion,A5+A6+A8,3,joint_attack_units,12,medium,5,101,60,300,1,198,218,1,1,3,300,198,0.003333,0.660000,0.726667,0.003333,0.352508,0.480940,0.750812,0.387248,0.508888,0.750812,-0.034740,0.000000,0.306836,0.003333,-0.254768,0.000000,0.589140,0.010000,1.000000,0.660000,18.505799,31.580615,14.222153,118.666363,249.347860,12.000000,capacity_recovered_outcomes_not_replayed,reports/adversarial-failure-traces-a9.jsonl,"A9 executable pilot only. Each row pairs the same generated world, target bill, status quo, and vote-random seed across a no-attack baseline, a fixed-total-budget mixed portfolio, full-budget single-attack controls, and single-action controls at the mixed allocation. The three portfolios implement the combinations specified in the experiment plan: A1+A2, A3+A4, and A5+A6+A8. Interaction coefficients, resource conversion, review capacity, and recovery behavior are synthetic stress assumptions, not empirical coordination rates, not a general mechanism ranking, and not evidence for real-world institutional adoption."
20260435,A9,mixed_adversary_portfolio,mixed-adversary-portfolio,portfolio-capacity-benign,portfolio-capacity-a9-mixed,portfolio_capacity_capture_signal,flood-camouflage-support-distortion,A5+A6+A8,3,joint_attack_units,4,high,5,101,60,300,1,171,213,1,1,2,300,171,0.003333,0.570000,0.710000,0.003333,0.302303,0.422840,0.750812,0.376455,0.496546,0.750812,-0.074152,0.000000,0.571915,0.003333,-0.048468,0.000000,0.571915,0.006667,1.000000,0.570000,7.460211,12.466492,6.355298,36.232531,86.389987,4.000000,capacity_recovered_outcomes_not_replayed,reports/adversarial-failure-traces-a9.jsonl,"A9 executable pilot only. Each row pairs the same generated world, target bill, status quo, and vote-random seed across a no-attack baseline, a fixed-total-budget mixed portfolio, full-budget single-attack controls, and single-action controls at the mixed allocation. The three portfolios implement the combinations specified in the experiment plan: A1+A2, A3+A4, and A5+A6+A8. Interaction coefficients, resource conversion, review capacity, and recovery behavior are synthetic stress assumptions, not empirical coordination rates, not a general mechanism ranking, and not evidence for real-world institutional adoption."
20260435,A9,mixed_adversary_portfolio,mixed-adversary-portfolio,portfolio-capacity-benign,portfolio-capacity-a9-mixed,portfolio_capacity_capture_signal,flood-camouflage-support-distortion,A5+A6+A8,3,joint_attack_units,8,high,5,101,60,300,3,197,210,3,3,4,300,197,0.010000,0.656667,0.700000,0.010000,0.350680,0.481629,0.750812,0.371781,0.499850,0.750812,-0.021101,0.000000,0.592624,0.010000,-0.179803,0.000000,0.592624,0.013333,1.000000,0.656667,14.361211,24.427771,11.510501,87.748998,188.386925,8.000000,capacity_recovered_outcomes_not_replayed,reports/adversarial-failure-traces-a9.jsonl,"A9 executable pilot only. Each row pairs the same generated world, target bill, status quo, and vote-random seed across a no-attack baseline, a fixed-total-budget mixed portfolio, full-budget single-attack controls, and single-action controls at the mixed allocation. The three portfolios implement the combinations specified in the experiment plan: A1+A2, A3+A4, and A5+A6+A8. Interaction coefficients, resource conversion, review capacity, and recovery behavior are synthetic stress assumptions, not empirical coordination rates, not a general mechanism ranking, and not evidence for real-world institutional adoption."
20260435,A9,mixed_adversary_portfolio,mixed-adversary-portfolio,portfolio-capacity-benign,portfolio-capacity-a9-mixed,portfolio_capacity_capture_signal,flood-camouflage-support-distortion,A5+A6+A8,3,joint_attack_units,12,high,5,101,60,300,2,196,209,2,2,2,300,196,0.006667,0.653333,0.696667,0.006667,0.351337,0.492525,0.750812,0.374314,0.508888,0.750812,-0.022977,0.000000,0.538812,0.006667,-0.280786,0.000000,0.538812,0.006667,1.000000,0.653333,21.511699,36.776012,17.572565,141.251788,293.768556,12.000000,capacity_recovered_outcomes_not_replayed,reports/adversarial-failure-traces-a9.jsonl,"A9 executable pilot only. Each row pairs the same generated world, target bill, status quo, and vote-random seed across a no-attack baseline, a fixed-total-budget mixed portfolio, full-budget single-attack controls, and single-action controls at the mixed allocation. The three portfolios implement the combinations specified in the experiment plan: A1+A2, A3+A4, and A5+A6+A8. Interaction coefficients, resource conversion, review capacity, and recovery behavior are synthetic stress assumptions, not empirical coordination rates, not a general mechanism ranking, and not evidence for real-world institutional adoption."
20260436,A9,mixed_adversary_portfolio,mixed-adversary-portfolio,selection-amendment-benign,selection-amendment-a9-mixed,selection_amendment_pairwise_majority,clone-decoy-poison-pill,A1+A2,2,joint_attack_units,4,medium,5,101,60,300,11,187,186,24,24,187,0,0,0.036667,0.623333,0.620000,0.080000,0.028767,0.032259,0.257301,0.041554,0.053133,0.273635,-0.012788,-0.003095,0.076676,0.080000,0.014928,0.018976,0.193991,0.623333,0.000000,0.000000,0.016553,0.026000,0.026173,0.000000,0.000000,4.000000,not_modeled_for_selection_amendment,reports/adversarial-failure-traces-a9.jsonl,"A9 executable pilot only. Each row pairs the same generated world, target bill, status quo, and vote-random seed across a no-attack baseline, a fixed-total-budget mixed portfolio, full-budget single-attack controls, and single-action controls at the mixed allocation. The three portfolios implement the combinations specified in the experiment plan: A1+A2, A3+A4, and A5+A6+A8. Interaction coefficients, resource conversion, review capacity, and recovery behavior are synthetic stress assumptions, not empirical coordination rates, not a general mechanism ranking, and not evidence for real-world institutional adoption."
20260436,A9,mixed_adversary_portfolio,mixed-adversary-portfolio,selection-amendment-benign,selection-amendment-a9-mixed,selection_amendment_pairwise_majority,clone-decoy-poison-pill,A1+A2,2,joint_attack_units,8,medium,5,101,60,300,9,124,127,25,25,80,0,0,0.030000,0.413333,0.423333,0.083333,0.052626,0.000000,0.309594,0.057593,0.000000,0.333754,-0.004968,0.000000,0.282842,0.083333,0.004883,0.000000,0.245142,0.266667,0.000000,0.000000,0.013173,0.052000,0.011093,0.000000,0.000000,8.000000,not_modeled_for_selection_amendment,reports/adversarial-failure-traces-a9.jsonl,"A9 executable pilot only. Each row pairs the same generated world, target bill, status quo, and vote-random seed across a no-attack baseline, a fixed-total-budget mixed portfolio, full-budget single-attack controls, and single-action controls at the mixed allocation. The three portfolios implement the combinations specified in the experiment plan: A1+A2, A3+A4, and A5+A6+A8. Interaction coefficients, resource conversion, review capacity, and recovery behavior are synthetic stress assumptions, not empirical coordination rates, not a general mechanism ranking, and not evidence for real-world institutional adoption."
20260436,A9,mixed_adversary_portfolio,mixed-adversary-portfolio,selection-amendment-benign,selection-amendment-a9-mixed,selection_amendment_pairwise_majority,clone-decoy-poison-pill,A1+A2,2,joint_attack_units,12,medium,5,101,60,300,2,110,118,9,9,16,0,0,0.006667,0.366667,0.393333,0.030000,0.047921,0.000000,0.376892,0.052829,0.000000,0.432136,-0.004908,0.000000,0.290333,0.030000,-0.009431,0.000000,0.257661,0.053333,0.000000,0.000000,0.015860,0.078000,0.009880,0.000000,0.000000,12.000000,not_modeled_for_selection_amendment,reports/adversarial-failure-traces-a9.jsonl,"A9 executable pilot only. Each row pairs the same generated world, target bill, status quo, and vote-random seed across a no-attack baseline, a fixed-total-budget mixed portfolio, full-budget single-attack controls, and single-action controls at the mixed allocation. The three portfolios implement the combinations specified in the experiment plan: A1+A2, A3+A4, and A5+A6+A8. Interaction coefficients, resource conversion, review capacity, and recovery behavior are synthetic stress assumptions, not empirical coordination rates, not a general mechanism ranking, and not evidence for real-world institutional adoption."
20260436,A9,mixed_adversary_portfolio,mixed-adversary-portfolio,selection-amendment-benign,selection-amendment-a9-mixed,selection_amendment_pairwise_majority,clone-decoy-poison-pill,A1+A2,2,joint_attack_units,4,high,5,101,60,300,19,172,164,33,33,173,0,0,0.063333,0.573333,0.546667,0.110000,0.027008,0.032259,0.207637,0.037520,0.048148,0.323730,-0.010512,0.000000,0.124051,0.110000,0.013539,0.018794,0.194264,0.576667,0.000000,0.000000,0.015253,0.026000,0.020107,0.000000,0.000000,4.000000,not_modeled_for_selection_amendment,reports/adversarial-failure-traces-a9.jsonl,"A9 executable pilot only. Each row pairs the same generated world, target bill, status quo, and vote-random seed across a no-attack baseline, a fixed-total-budget mixed portfolio, full-budget single-attack controls, and single-action controls at the mixed allocation. The three portfolios implement the combinations specified in the experiment plan: A1+A2, A3+A4, and A5+A6+A8. Interaction coefficients, resource conversion, review capacity, and recovery behavior are synthetic stress assumptions, not empirical coordination rates, not a general mechanism ranking, and not evidence for real-world institutional adoption."
20260436,A9,mixed_adversary_portfolio,mixed-adversary-portfolio,selection-amendment-benign,selection-amendment-a9-mixed,selection_amendment_pairwise_majority,clone-decoy-poison-pill,A1+A2,2,joint_attack_units,8,high,5,101,60,300,7,118,118,17,17,68,0,0,0.023333,0.393333,0.393333,0.056667,0.046461,0.000000,0.378656,0.050342,0.000000,0.323730,-0.003881,0.000000,0.378656,0.056667,0.008164,0.000000,0.378656,0.226667,0.000000,0.000000,0.012480,0.052000,0.010747,0.000000,0.000000,8.000000,not_modeled_for_selection_amendment,reports/adversarial-failure-traces-a9.jsonl,"A9 executable pilot only. Each row pairs the same generated world, target bill, status quo, and vote-random seed across a no-attack baseline, a fixed-total-budget mixed portfolio, full-budget single-attack controls, and single-action controls at the mixed allocation. The three portfolios implement the combinations specified in the experiment plan: A1+A2, A3+A4, and A5+A6+A8. Interaction coefficients, resource conversion, review capacity, and recovery behavior are synthetic stress assumptions, not empirical coordination rates, not a general mechanism ranking, and not evidence for real-world institutional adoption."
20260436,A9,mixed_adversary_portfolio,mixed-adversary-portfolio,selection-amendment-benign,selection-amendment-a9-mixed,selection_amendment_pairwise_majority,clone-decoy-poison-pill,A1+A2,2,joint_attack_units,12,high,5,101,60,300,1,104,116,4,4,11,0,0,0.003333,0.346667,0.386667,0.013333,0.039090,0.000000,0.323730,0.048380,0.000000,0.446313,-0.009291,0.000000,0.108881,0.013333,-0.015693,0.000000,0.208000,0.036667,0.000000,0.000000,0.015860,0.078000,0.010920,0.000000,0.000000,12.000000,not_modeled_for_selection_amendment,reports/adversarial-failure-traces-a9.jsonl,"A9 executable pilot only. Each row pairs the same generated world, target bill, status quo, and vote-random seed across a no-attack baseline, a fixed-total-budget mixed portfolio, full-budget single-attack controls, and single-action controls at the mixed allocation. The three portfolios implement the combinations specified in the experiment plan: A1+A2, A3+A4, and A5+A6+A8. Interaction coefficients, resource conversion, review capacity, and recovery behavior are synthetic stress assumptions, not empirical coordination rates, not a general mechanism ranking, and not evidence for real-world institutional adoption."
20260436,A9,mixed_adversary_portfolio,mixed-adversary-portfolio,public-input-harm-benign,public-input-harm-a9-mixed,public_input_harm_review_majority,astroturf-harm-claims,A3+A4,2,joint_attack_units,4,medium,5,101,60,300,4,8,4,4,4,2,200,8,0.013333,0.026667,0.013333,0.013333,0.006473,0.000000,0.535448,0.002965,0.000000,0.272501,0.003507,0.000000,0.535448,0.013333,0.000424,0.000000,0.164762,0.006667,0.666667,0.026667,0.154033,0.475000,0.142097,0.000000,0.000000,4.000000,same_case_review_only,reports/adversarial-failure-traces-a9.jsonl,"A9 executable pilot only. Each row pairs the same generated world, target bill, status quo, and vote-random seed across a no-attack baseline, a fixed-total-budget mixed portfolio, full-budget single-attack controls, and single-action controls at the mixed allocation. The three portfolios implement the combinations specified in the experiment plan: A1+A2, A3+A4, and A5+A6+A8. Interaction coefficients, resource conversion, review capacity, and recovery behavior are synthetic stress assumptions, not empirical coordination rates, not a general mechanism ranking, and not evidence for real-world institutional adoption."
20260436,A9,mixed_adversary_portfolio,mixed-adversary-portfolio,public-input-harm-benign,public-input-harm-a9-mixed,public_input_harm_review_majority,astroturf-harm-claims,A3+A4,2,joint_attack_units,8,medium,5,101,60,300,1,5,97,1,1,1,266,4,0.003333,0.016667,0.323333,0.003333,0.003249,0.000000,0.272501,0.152492,0.000000,0.682520,-0.149242,0.000000,0.272501,0.003333,-0.001650,0.000000,0.272501,0.003333,0.886667,0.013333,0.331017,0.595000,0.210647,0.000000,0.000000,8.000000,same_case_review_only,reports/adversarial-failure-traces-a9.jsonl,"A9 executable pilot only. Each row pairs the same generated world, target bill, status quo, and vote-random seed across a no-attack baseline, a fixed-total-budget mixed portfolio, full-budget single-attack controls, and single-action controls at the mixed allocation. The three portfolios implement the combinations specified in the experiment plan: A1+A2, A3+A4, and A5+A6+A8. Interaction coefficients, resource conversion, review capacity, and recovery behavior are synthetic stress assumptions, not empirical coordination rates, not a general mechanism ranking, and not evidence for real-world institutional adoption."
20260436,A9,mixed_adversary_portfolio,mixed-adversary-portfolio,public-input-harm-benign,public-input-harm-a9-mixed,public_input_harm_review_majority,astroturf-harm-claims,A3+A4,2,joint_attack_units,12,medium,5,101,60,300,2,21,98,3,3,3,300,21,0.006667,0.070000,0.326667,0.010000,0.010301,0.000000,0.426941,0.152647,0.000000,0.674600,-0.142347,0.000000,0.075576,0.010000,-0.138843,0.000000,0.075576,0.010000,1.000000,0.070000,0.497950,0.715000,0.307993,0.000000,0.000000,12.000000,same_case_review_only,reports/adversarial-failure-traces-a9.jsonl,"A9 executable pilot only. Each row pairs the same generated world, target bill, status quo, and vote-random seed across a no-attack baseline, a fixed-total-budget mixed portfolio, full-budget single-attack controls, and single-action controls at the mixed allocation. The three portfolios implement the combinations specified in the experiment plan: A1+A2, A3+A4, and A5+A6+A8. Interaction coefficients, resource conversion, review capacity, and recovery behavior are synthetic stress assumptions, not empirical coordination rates, not a general mechanism ranking, and not evidence for real-world institutional adoption."
20260436,A9,mixed_adversary_portfolio,mixed-adversary-portfolio,public-input-harm-benign,public-input-harm-a9-mixed,public_input_harm_review_majority,astroturf-harm-claims,A3+A4,2,joint_attack_units,4,high,5,101,60,300,4,8,17,4,4,2,209,7,0.013333,0.026667,0.056667,0.013333,0.006764,0.000000,0.551737,0.008261,0.000000,0.617405,-0.001497,0.000000,0.551737,0.013333,-0.001100,0.000000,0.272501,0.006667,0.696667,0.023333,0.158617,0.475000,0.194033,0.000000,0.000000,4.000000,same_case_review_only,reports/adversarial-failure-traces-a9.jsonl,"A9 executable pilot only. Each row pairs the same generated world, target bill, status quo, and vote-random seed across a no-attack baseline, a fixed-total-budget mixed portfolio, full-budget single-attack controls, and single-action controls at the mixed allocation. The three portfolios implement the combinations specified in the experiment plan: A1+A2, A3+A4, and A5+A6+A8. Interaction coefficients, resource conversion, review capacity, and recovery behavior are synthetic stress assumptions, not empirical coordination rates, not a general mechanism ranking, and not evidence for real-world institutional adoption."
20260436,A9,mixed_adversary_portfolio,mixed-adversary-portfolio,public-input-harm-benign,public-input-harm-a9-mixed,public_input_harm_review_majority,astroturf-harm-claims,A3+A4,2,joint_attack_units,8,high,5,101,60,300,6,21,91,6,6,6,298,21,0.020000,0.070000,0.303333,0.020000,0.009501,0.000000,0.299942,0.145706,0.000000,0.688406,-0.136206,0.000000,0.243102,0.020000,0.001984,0.000000,0.243102,0.020000,0.993333,0.070000,0.398183,0.595000,0.210940,0.000000,0.000000,8.000000,same_case_review_only,reports/adversarial-failure-traces-a9.jsonl,"A9 executable pilot only. Each row pairs the same generated world, target bill, status quo, and vote-random seed across a no-attack baseline, a fixed-total-budget mixed portfolio, full-budget single-attack controls, and single-action controls at the mixed allocation. The three portfolios implement the combinations specified in the experiment plan: A1+A2, A3+A4, and A5+A6+A8. Interaction coefficients, resource conversion, review capacity, and recovery behavior are synthetic stress assumptions, not empirical coordination rates, not a general mechanism ranking, and not evidence for real-world institutional adoption."
20260436,A9,mixed_adversary_portfolio,mixed-adversary-portfolio,public-input-harm-benign,public-input-harm-a9-mixed,public_input_harm_review_majority,astroturf-harm-claims,A3+A4,2,joint_attack_units,12,high,5,101,60,300,4,20,98,4,4,4,300,20,0.013333,0.066667,0.326667,0.013333,0.011122,0.000000,0.554122,0.156746,0.000000,0.800968,-0.145624,0.000000,0.426941,0.013333,-0.134731,0.000000,0.426941,0.013333,1.000000,0.066667,0.500200,0.715000,0.311280,0.000000,0.000000,12.000000,same_case_review_only,reports/adversarial-failure-traces-a9.jsonl,"A9 executable pilot only. Each row pairs the same generated world, target bill, status quo, and vote-random seed across a no-attack baseline, a fixed-total-budget mixed portfolio, full-budget single-attack controls, and single-action controls at the mixed allocation. The three portfolios implement the combinations specified in the experiment plan: A1+A2, A3+A4, and A5+A6+A8. Interaction coefficients, resource conversion, review capacity, and recovery behavior are synthetic stress assumptions, not empirical coordination rates, not a general mechanism ranking, and not evidence for real-world institutional adoption."
20260436,A9,mixed_adversary_portfolio,mixed-adversary-portfolio,portfolio-capacity-benign,portfolio-capacity-a9-mixed,portfolio_capacity_capture_signal,flood-camouflage-support-distortion,A5+A6+A8,3,joint_attack_units,4,medium,5,101,60,300,0,152,191,0,0,0,300,152,0.000000,0.506667,0.636667,0.000000,0.270801,0.244246,0.713767,0.337786,0.461960,0.713767,-0.066986,0.000000,0.000000,0.000000,-0.027009,0.000000,0.000000,0.000000,1.000000,0.506667,5.951243,9.708425,6.022928,25.070584,61.116643,4.000000,capacity_recovered_outcomes_not_replayed,reports/adversarial-failure-traces-a9.jsonl,"A9 executable pilot only. Each row pairs the same generated world, target bill, status quo, and vote-random seed across a no-attack baseline, a fixed-total-budget mixed portfolio, full-budget single-attack controls, and single-action controls at the mixed allocation. The three portfolios implement the combinations specified in the experiment plan: A1+A2, A3+A4, and A5+A6+A8. Interaction coefficients, resource conversion, review capacity, and recovery behavior are synthetic stress assumptions, not empirical coordination rates, not a general mechanism ranking, and not evidence for real-world institutional adoption."
20260436,A9,mixed_adversary_portfolio,mixed-adversary-portfolio,portfolio-capacity-benign,portfolio-capacity-a9-mixed,portfolio_capacity_capture_signal,flood-camouflage-support-distortion,A5+A6+A8,3,joint_attack_units,8,medium,5,101,60,300,1,188,206,1,1,3,300,188,0.003333,0.626667,0.686667,0.003333,0.333667,0.460159,0.713767,0.364674,0.500753,0.713767,-0.031007,0.000000,0.540529,0.003333,-0.153402,0.000000,0.605797,0.010000,1.000000,0.626667,12.114613,20.467658,12.244205,70.912170,152.749919,8.000000,capacity_recovered_outcomes_not_replayed,reports/adversarial-failure-traces-a9.jsonl,"A9 executable pilot only. Each row pairs the same generated world, target bill, status quo, and vote-random seed across a no-attack baseline, a fixed-total-budget mixed portfolio, full-budget single-attack controls, and single-action controls at the mixed allocation. The three portfolios implement the combinations specified in the experiment plan: A1+A2, A3+A4, and A5+A6+A8. Interaction coefficients, resource conversion, review capacity, and recovery behavior are synthetic stress assumptions, not empirical coordination rates, not a general mechanism ranking, and not evidence for real-world institutional adoption."
20260436,A9,mixed_adversary_portfolio,mixed-adversary-portfolio,portfolio-capacity-benign,portfolio-capacity-a9-mixed,portfolio_capacity_capture_signal,flood-camouflage-support-distortion,A5+A6+A8,3,joint_attack_units,12,medium,5,101,60,300,0,182,206,0,0,2,300,182,0.000000,0.606667,0.686667,0.000000,0.321933,0.432781,0.713767,0.363347,0.496214,0.713767,-0.041414,0.000000,0.000000,0.000000,-0.204730,0.000000,0.605797,0.006667,1.000000,0.606667,18.500700,31.539198,19.244316,118.673490,247.121818,12.000000,capacity_recovered_outcomes_not_replayed,reports/adversarial-failure-traces-a9.jsonl,"A9 executable pilot only. Each row pairs the same generated world, target bill, status quo, and vote-random seed across a no-attack baseline, a fixed-total-budget mixed portfolio, full-budget single-attack controls, and single-action controls at the mixed allocation. The three portfolios implement the combinations specified in the experiment plan: A1+A2, A3+A4, and A5+A6+A8. Interaction coefficients, resource conversion, review capacity, and recovery behavior are synthetic stress assumptions, not empirical coordination rates, not a general mechanism ranking, and not evidence for real-world institutional adoption."
20260436,A9,mixed_adversary_portfolio,mixed-adversary-portfolio,portfolio-capacity-benign,portfolio-capacity-a9-mixed,portfolio_capacity_capture_signal,flood-camouflage-support-distortion,A5+A6+A8,3,joint_attack_units,4,high,5,101,60,300,1,167,201,1,1,5,300,167,0.003333,0.556667,0.670000,0.003333,0.293431,0.377471,0.713767,0.352361,0.471988,0.713767,-0.058931,0.000000,0.526443,0.003333,-0.043792,0.000000,0.538339,0.016667,1.000000,0.556667,7.454864,12.342975,6.401815,36.232853,83.429532,4.000000,capacity_recovered_outcomes_not_replayed,reports/adversarial-failure-traces-a9.jsonl,"A9 executable pilot only. Each row pairs the same generated world, target bill, status quo, and vote-random seed across a no-attack baseline, a fixed-total-budget mixed portfolio, full-budget single-attack controls, and single-action controls at the mixed allocation. The three portfolios implement the combinations specified in the experiment plan: A1+A2, A3+A4, and A5+A6+A8. Interaction coefficients, resource conversion, review capacity, and recovery behavior are synthetic stress assumptions, not empirical coordination rates, not a general mechanism ranking, and not evidence for real-world institutional adoption."
20260436,A9,mixed_adversary_portfolio,mixed-adversary-portfolio,portfolio-capacity-benign,portfolio-capacity-a9-mixed,portfolio_capacity_capture_signal,flood-camouflage-support-distortion,A5+A6+A8,3,joint_attack_units,8,high,5,101,60,300,1,176,199,1,1,4,300,176,0.003333,0.586667,0.663333,0.003333,0.310191,0.421743,0.695678,0.349239,0.465748,0.695678,-0.039048,0.000000,0.545202,0.003333,-0.147442,0.000000,0.605797,0.013333,1.000000,0.586667,14.349139,24.375349,13.440365,87.704940,185.703919,8.000000,capacity_recovered_outcomes_not_replayed,reports/adversarial-failure-traces-a9.jsonl,"A9 executable pilot only. Each row pairs the same generated world, target bill, status quo, and vote-random seed across a no-attack baseline, a fixed-total-budget mixed portfolio, full-budget single-attack controls, and single-action controls at the mixed allocation. The three portfolios implement the combinations specified in the experiment plan: A1+A2, A3+A4, and A5+A6+A8. Interaction coefficients, resource conversion, review capacity, and recovery behavior are synthetic stress assumptions, not empirical coordination rates, not a general mechanism ranking, and not evidence for real-world institutional adoption."
20260436,A9,mixed_adversary_portfolio,mixed-adversary-portfolio,portfolio-capacity-benign,portfolio-capacity-a9-mixed,portfolio_capacity_capture_signal,flood-camouflage-support-distortion,A5+A6+A8,3,joint_attack_units,12,high,5,101,60,300,4,187,199,4,4,7,300,187,0.013333,0.623333,0.663333,0.013333,0.331678,0.456371,0.713767,0.349945,0.471988,0.713767,-0.018267,0.000000,0.646878,0.013333,-0.214838,0.000000,0.646878,0.023333,1.000000,0.623333,21.491440,36.757483,21.030729,141.162008,291.239722,12.000000,capacity_recovered_outcomes_not_replayed,reports/adversarial-failure-traces-a9.jsonl,"A9 executable pilot only. Each row pairs the same generated world, target bill, status quo, and vote-random seed across a no-attack baseline, a fixed-total-budget mixed portfolio, full-budget single-attack controls, and single-action controls at the mixed allocation. The three portfolios implement the combinations specified in the experiment plan: A1+A2, A3+A4, and A5+A6+A8. Interaction coefficients, resource conversion, review capacity, and recovery behavior are synthetic stress assumptions, not empirical coordination rates, not a general mechanism ranking, and not evidence for real-world institutional adoption."
20260437,A9,mixed_adversary_portfolio,mixed-adversary-portfolio,selection-amendment-benign,selection-amendment-a9-mixed,selection_amendment_pairwise_majority,clone-decoy-poison-pill,A1+A2,2,joint_attack_units,4,medium,5,101,60,300,11,200,208,30,30,200,0,0,0.036667,0.666667,0.693333,0.100000,0.033251,0.032259,0.235097,0.048004,0.053133,0.437039,-0.014753,-0.012168,0.084867,0.100000,0.008803,0.018976,0.087975,0.666667,0.000000,0.000000,0.022273,0.026000,0.030680,0.000000,0.000000,4.000000,not_modeled_for_selection_amendment,reports/adversarial-failure-traces-a9.jsonl,"A9 executable pilot only. Each row pairs the same generated world, target bill, status quo, and vote-random seed across a no-attack baseline, a fixed-total-budget mixed portfolio, full-budget single-attack controls, and single-action controls at the mixed allocation. The three portfolios implement the combinations specified in the experiment plan: A1+A2, A3+A4, and A5+A6+A8. Interaction coefficients, resource conversion, review capacity, and recovery behavior are synthetic stress assumptions, not empirical coordination rates, not a general mechanism ranking, and not evidence for real-world institutional adoption."
20260437,A9,mixed_adversary_portfolio,mixed-adversary-portfolio,selection-amendment-benign,selection-amendment-a9-mixed,selection_amendment_pairwise_majority,clone-decoy-poison-pill,A1+A2,2,joint_attack_units,8,medium,5,101,60,300,22,146,145,47,47,107,0,0,0.073333,0.486667,0.483333,0.156667,0.068980,0.004636,0.333495,0.071204,0.013125,0.389741,-0.002224,0.000000,0.243118,0.156667,0.016400,0.000000,0.283491,0.356667,0.000000,0.000000,0.034147,0.052000,0.026000,0.000000,0.000000,8.000000,not_modeled_for_selection_amendment,reports/adversarial-failure-traces-a9.jsonl,"A9 executable pilot only. Each row pairs the same generated world, target bill, status quo, and vote-random seed across a no-attack baseline, a fixed-total-budget mixed portfolio, full-budget single-attack controls, and single-action controls at the mixed allocation. The three portfolios implement the combinations specified in the experiment plan: A1+A2, A3+A4, and A5+A6+A8. Interaction coefficients, resource conversion, review capacity, and recovery behavior are synthetic stress assumptions, not empirical coordination rates, not a general mechanism ranking, and not evidence for real-world institutional adoption."
20260437,A9,mixed_adversary_portfolio,mixed-adversary-portfolio,selection-amendment-benign,selection-amendment-a9-mixed,selection_amendment_pairwise_majority,clone-decoy-poison-pill,A1+A2,2,joint_attack_units,12,medium,5,101,60,300,5,103,124,17,17,33,0,0,0.016667,0.343333,0.413333,0.056667,0.054594,0.000000,0.492398,0.065992,0.000000,0.431709,-0.011397,0.000000,0.430671,0.056667,-0.027591,0.000000,0.328210,0.110000,0.000000,0.000000,0.033800,0.078000,0.029120,0.000000,0.000000,12.000000,not_modeled_for_selection_amendment,reports/adversarial-failure-traces-a9.jsonl,"A9 executable pilot only. Each row pairs the same generated world, target bill, status quo, and vote-random seed across a no-attack baseline, a fixed-total-budget mixed portfolio, full-budget single-attack controls, and single-action controls at the mixed allocation. The three portfolios implement the combinations specified in the experiment plan: A1+A2, A3+A4, and A5+A6+A8. Interaction coefficients, resource conversion, review capacity, and recovery behavior are synthetic stress assumptions, not empirical coordination rates, not a general mechanism ranking, and not evidence for real-world institutional adoption."
20260437,A9,mixed_adversary_portfolio,mixed-adversary-portfolio,selection-amendment-benign,selection-amendment-a9-mixed,selection_amendment_pairwise_majority,clone-decoy-poison-pill,A1+A2,2,joint_attack_units,4,high,5,101,60,300,11,190,203,34,34,197,0,0,0.036667,0.633333,0.676667,0.113333,0.033362,0.032259,0.232861,0.046177,0.053133,0.233885,-0.012815,-0.011282,0.177595,0.113333,0.014657,0.018976,0.214505,0.656667,0.000000,0.000000,0.021407,0.026000,0.030333,0.000000,0.000000,4.000000,not_modeled_for_selection_amendment,reports/adversarial-failure-traces-a9.jsonl,"A9 executable pilot only. Each row pairs the same generated world, target bill, status quo, and vote-random seed across a no-attack baseline, a fixed-total-budget mixed portfolio, full-budget single-attack controls, and single-action controls at the mixed allocation. The three portfolios implement the combinations specified in the experiment plan: A1+A2, A3+A4, and A5+A6+A8. Interaction coefficients, resource conversion, review capacity, and recovery behavior are synthetic stress assumptions, not empirical coordination rates, not a general mechanism ranking, and not evidence for real-world institutional adoption."
20260437,A9,mixed_adversary_portfolio,mixed-adversary-portfolio,selection-amendment-benign,selection-amendment-a9-mixed,selection_amendment_pairwise_majority,clone-decoy-poison-pill,A1+A2,2,joint_attack_units,8,high,5,101,60,300,26,130,133,46,46,92,0,0,0.086667,0.433333,0.443333,0.153333,0.060259,0.000000,0.337818,0.063376,0.000583,0.478093,-0.003118,0.000000,0.282589,0.153333,0.009616,0.000000,0.248678,0.306667,0.000000,0.000000,0.032413,0.052000,0.025653,0.000000,0.000000,8.000000,not_modeled_for_selection_amendment,reports/adversarial-failure-traces-a9.jsonl,"A9 executable pilot only. Each row pairs the same generated world, target bill, status quo, and vote-random seed across a no-attack baseline, a fixed-total-budget mixed portfolio, full-budget single-attack controls, and single-action controls at the mixed allocation. The three portfolios implement the combinations specified in the experiment plan: A1+A2, A3+A4, and A5+A6+A8. Interaction coefficients, resource conversion, review capacity, and recovery behavior are synthetic stress assumptions, not empirical coordination rates, not a general mechanism ranking, and not evidence for real-world institutional adoption."
20260437,A9,mixed_adversary_portfolio,mixed-adversary-portfolio,selection-amendment-benign,selection-amendment-a9-mixed,selection_amendment_pairwise_majority,clone-decoy-poison-pill,A1+A2,2,joint_attack_units,12,high,5,101,60,300,2,98,121,7,7,23,0,0,0.006667,0.326667,0.403333,0.023333,0.045941,0.000000,0.422112,0.069291,0.000000,0.417992,-0.023349,0.000000,0.404477,0.023333,-0.028918,0.000000,0.287282,0.076667,0.000000,0.000000,0.033020,0.078000,0.028600,0.000000,0.000000,12.000000,not_modeled_for_selection_amendment,reports/adversarial-failure-traces-a9.jsonl,"A9 executable pilot only. Each row pairs the same generated world, target bill, status quo, and vote-random seed across a no-attack baseline, a fixed-total-budget mixed portfolio, full-budget single-attack controls, and single-action controls at the mixed allocation. The three portfolios implement the combinations specified in the experiment plan: A1+A2, A3+A4, and A5+A6+A8. Interaction coefficients, resource conversion, review capacity, and recovery behavior are synthetic stress assumptions, not empirical coordination rates, not a general mechanism ranking, and not evidence for real-world institutional adoption."
20260437,A9,mixed_adversary_portfolio,mixed-adversary-portfolio,public-input-harm-benign,public-input-harm-a9-mixed,public_input_harm_review_majority,astroturf-harm-claims,A3+A4,2,joint_attack_units,4,medium,5,101,60,300,3,7,6,3,3,1,193,4,0.010000,0.023333,0.020000,0.010000,0.004779,0.000000,0.588709,0.002258,0.000000,0.144958,0.002520,0.000000,0.588709,0.010000,0.001962,0.000000,0.588709,0.003333,0.643333,0.013333,0.142150,0.475000,0.141780,0.000000,0.000000,4.000000,same_case_review_only,reports/adversarial-failure-traces-a9.jsonl,"A9 executable pilot only. Each row pairs the same generated world, target bill, status quo, and vote-random seed across a no-attack baseline, a fixed-total-budget mixed portfolio, full-budget single-attack controls, and single-action controls at the mixed allocation. The three portfolios implement the combinations specified in the experiment plan: A1+A2, A3+A4, and A5+A6+A8. Interaction coefficients, resource conversion, review capacity, and recovery behavior are synthetic stress assumptions, not empirical coordination rates, not a general mechanism ranking, and not evidence for real-world institutional adoption."
20260437,A9,mixed_adversary_portfolio,mixed-adversary-portfolio,public-input-harm-benign,public-input-harm-a9-mixed,public_input_harm_review_majority,astroturf-harm-claims,A3+A4,2,joint_attack_units,8,medium,5,101,60,300,0,4,87,0,0,0,267,4,0.000000,0.013333,0.290000,0.000000,0.002247,0.000000,0.401248,0.132990,0.000000,0.724505,-0.130744,0.000000,0.000000,0.000000,-0.000609,0.000000,0.000000,0.000000,0.890000,0.013333,0.326033,0.595000,0.208550,0.000000,0.000000,8.000000,same_case_review_only,reports/adversarial-failure-traces-a9.jsonl,"A9 executable pilot only. Each row pairs the same generated world, target bill, status quo, and vote-random seed across a no-attack baseline, a fixed-total-budget mixed portfolio, full-budget single-attack controls, and single-action controls at the mixed allocation. The three portfolios implement the combinations specified in the experiment plan: A1+A2, A3+A4, and A5+A6+A8. Interaction coefficients, resource conversion, review capacity, and recovery behavior are synthetic stress assumptions, not empirical coordination rates, not a general mechanism ranking, and not evidence for real-world institutional adoption."
20260437,A9,mixed_adversary_portfolio,mixed-adversary-portfolio,public-input-harm-benign,public-input-harm-a9-mixed,public_input_harm_review_majority,astroturf-harm-claims,A3+A4,2,joint_attack_units,12,medium,5,101,60,300,2,18,88,4,4,4,299,18,0.006667,0.060000,0.293333,0.013333,0.006594,0.000000,0.276639,0.134243,0.000000,0.673306,-0.127649,0.000000,0.153742,0.013333,-0.127538,0.000000,0.153742,0.013333,0.996667,0.060000,0.496583,0.715000,0.298687,0.000000,0.000000,12.000000,same_case_review_only,reports/adversarial-failure-traces-a9.jsonl,"A9 executable pilot only. Each row pairs the same generated world, target bill, status quo, and vote-random seed across a no-attack baseline, a fixed-total-budget mixed portfolio, full-budget single-attack controls, and single-action controls at the mixed allocation. The three portfolios implement the combinations specified in the experiment plan: A1+A2, A3+A4, and A5+A6+A8. Interaction coefficients, resource conversion, review capacity, and recovery behavior are synthetic stress assumptions, not empirical coordination rates, not a general mechanism ranking, and not evidence for real-world institutional adoption."
20260437,A9,mixed_adversary_portfolio,mixed-adversary-portfolio,public-input-harm-benign,public-input-harm-a9-mixed,public_input_harm_review_majority,astroturf-harm-claims,A3+A4,2,joint_attack_units,4,high,5,101,60,300,2,11,21,2,2,0,206,8,0.006667,0.036667,0.070000,0.006667,0.006970,0.000000,0.541231,0.008698,0.000000,0.415596,-0.001728,0.000000,0.541231,0.006667,-0.000258,0.000000,0.000000,0.000000,0.686667,0.026667,0.150350,0.475000,0.197353,0.000000,0.000000,4.000000,same_case_review_only,reports/adversarial-failure-traces-a9.jsonl,"A9 executable pilot only. Each row pairs the same generated world, target bill, status quo, and vote-random seed across a no-attack baseline, a fixed-total-budget mixed portfolio, full-budget single-attack controls, and single-action controls at the mixed allocation. The three portfolios implement the combinations specified in the experiment plan: A1+A2, A3+A4, and A5+A6+A8. Interaction coefficients, resource conversion, review capacity, and recovery behavior are synthetic stress assumptions, not empirical coordination rates, not a general mechanism ranking, and not evidence for real-world institutional adoption."
20260437,A9,mixed_adversary_portfolio,mixed-adversary-portfolio,public-input-harm-benign,public-input-harm-a9-mixed,public_input_harm_review_majority,astroturf-harm-claims,A3+A4,2,joint_attack_units,8,high,5,101,60,300,3,20,89,4,4,4,298,20,0.010000,0.066667,0.296667,0.013333,0.006507,0.000000,0.265458,0.135285,0.000000,0.724505,-0.128779,0.000000,0.150995,0.013333,0.000520,0.000000,0.150995,0.013333,0.993333,0.066667,0.396183,0.595000,0.209197,0.000000,0.000000,8.000000,same_case_review_only,reports/adversarial-failure-traces-a9.jsonl,"A9 executable pilot only. Each row pairs the same generated world, target bill, status quo, and vote-random seed across a no-attack baseline, a fixed-total-budget mixed portfolio, full-budget single-attack controls, and single-action controls at the mixed allocation. The three portfolios implement the combinations specified in the experiment plan: A1+A2, A3+A4, and A5+A6+A8. Interaction coefficients, resource conversion, review capacity, and recovery behavior are synthetic stress assumptions, not empirical coordination rates, not a general mechanism ranking, and not evidence for real-world institutional adoption."
20260437,A9,mixed_adversary_portfolio,mixed-adversary-portfolio,public-input-harm-benign,public-input-harm-a9-mixed,public_input_harm_review_majority,astroturf-harm-claims,A3+A4,2,joint_attack_units,12,high,5,101,60,300,2,20,92,2,2,2,299,19,0.006667,0.066667,0.306667,0.006667,0.011787,0.000000,0.555138,0.143157,0.000000,0.729162,-0.131371,0.000000,0.535448,0.006667,-0.127402,0.000000,0.535448,0.006667,0.996667,0.063333,0.502750,0.715000,0.306533,0.000000,0.000000,12.000000,same_case_review_only,reports/adversarial-failure-traces-a9.jsonl,"A9 executable pilot only. Each row pairs the same generated world, target bill, status quo, and vote-random seed across a no-attack baseline, a fixed-total-budget mixed portfolio, full-budget single-attack controls, and single-action controls at the mixed allocation. The three portfolios implement the combinations specified in the experiment plan: A1+A2, A3+A4, and A5+A6+A8. Interaction coefficients, resource conversion, review capacity, and recovery behavior are synthetic stress assumptions, not empirical coordination rates, not a general mechanism ranking, and not evidence for real-world institutional adoption."
20260437,A9,mixed_adversary_portfolio,mixed-adversary-portfolio,portfolio-capacity-benign,portfolio-capacity-a9-mixed,portfolio_capacity_capture_signal,flood-camouflage-support-distortion,A5+A6+A8,3,joint_attack_units,4,medium,5,101,60,300,1,164,208,1,1,3,300,164,0.003333,0.546667,0.693333,0.003333,0.285643,0.383628,0.715787,0.363583,0.491155,0.715787,-0.077940,0.000000,0.587804,0.003333,-0.037132,0.000000,0.587804,0.010000,1.000000,0.546667,5.969385,9.581653,6.513093,25.200061,61.333333,4.000000,capacity_recovered_outcomes_not_replayed,reports/adversarial-failure-traces-a9.jsonl,"A9 executable pilot only. Each row pairs the same generated world, target bill, status quo, and vote-random seed across a no-attack baseline, a fixed-total-budget mixed portfolio, full-budget single-attack controls, and single-action controls at the mixed allocation. The three portfolios implement the combinations specified in the experiment plan: A1+A2, A3+A4, and A5+A6+A8. Interaction coefficients, resource conversion, review capacity, and recovery behavior are synthetic stress assumptions, not empirical coordination rates, not a general mechanism ranking, and not evidence for real-world institutional adoption."
20260437,A9,mixed_adversary_portfolio,mixed-adversary-portfolio,portfolio-capacity-benign,portfolio-capacity-a9-mixed,portfolio_capacity_capture_signal,flood-camouflage-support-distortion,A5+A6+A8,3,joint_attack_units,8,medium,5,101,60,300,1,191,215,1,1,4,300,191,0.003333,0.636667,0.716667,0.003333,0.334478,0.452334,0.715787,0.376155,0.500251,0.715787,-0.041677,0.000000,0.524932,0.003333,-0.138164,0.000000,0.603463,0.013333,1.000000,0.636667,12.137824,20.287872,10.333561,71.044423,153.024702,8.000000,capacity_recovered_outcomes_not_replayed,reports/adversarial-failure-traces-a9.jsonl,"A9 executable pilot only. Each row pairs the same generated world, target bill, status quo, and vote-random seed across a no-attack baseline, a fixed-total-budget mixed portfolio, full-budget single-attack controls, and single-action controls at the mixed allocation. The three portfolios implement the combinations specified in the experiment plan: A1+A2, A3+A4, and A5+A6+A8. Interaction coefficients, resource conversion, review capacity, and recovery behavior are synthetic stress assumptions, not empirical coordination rates, not a general mechanism ranking, and not evidence for real-world institutional adoption."
20260437,A9,mixed_adversary_portfolio,mixed-adversary-portfolio,portfolio-capacity-benign,portfolio-capacity-a9-mixed,portfolio_capacity_capture_signal,flood-camouflage-support-distortion,A5+A6+A8,3,joint_attack_units,12,medium,5,101,60,300,4,195,211,4,4,6,300,195,0.013333,0.650000,0.703333,0.013333,0.343996,0.486325,0.715787,0.373479,0.511793,0.715787,-0.029483,0.000000,0.668307,0.013333,-0.221789,0.000000,0.668307,0.020000,1.000000,0.650000,18.524681,31.326897,15.250072,118.810533,247.450298,12.000000,capacity_recovered_outcomes_not_replayed,reports/adversarial-failure-traces-a9.jsonl,"A9 executable pilot only. Each row pairs the same generated world, target bill, status quo, and vote-random seed across a no-attack baseline, a fixed-total-budget mixed portfolio, full-budget single-attack controls, and single-action controls at the mixed allocation. The three portfolios implement the combinations specified in the experiment plan: A1+A2, A3+A4, and A5+A6+A8. Interaction coefficients, resource conversion, review capacity, and recovery behavior are synthetic stress assumptions, not empirical coordination rates, not a general mechanism ranking, and not evidence for real-world institutional adoption."
20260437,A9,mixed_adversary_portfolio,mixed-adversary-portfolio,portfolio-capacity-benign,portfolio-capacity-a9-mixed,portfolio_capacity_capture_signal,flood-camouflage-support-distortion,A5+A6+A8,3,joint_attack_units,4,high,5,101,60,300,1,179,215,1,1,2,300,179,0.003333,0.596667,0.716667,0.003333,0.313136,0.416432,0.715787,0.377881,0.502827,0.715787,-0.064745,0.000000,0.553590,0.003333,-0.049550,0.000000,0.553590,0.006667,1.000000,0.596667,7.481308,12.223782,6.754236,36.404724,83.987812,4.000000,capacity_recovered_outcomes_not_replayed,reports/adversarial-failure-traces-a9.jsonl,"A9 executable pilot only. Each row pairs the same generated world, target bill, status quo, and vote-random seed across a no-attack baseline, a fixed-total-budget mixed portfolio, full-budget single-attack controls, and single-action controls at the mixed allocation. The three portfolios implement the combinations specified in the experiment plan: A1+A2, A3+A4, and A5+A6+A8. Interaction coefficients, resource conversion, review capacity, and recovery behavior are synthetic stress assumptions, not empirical coordination rates, not a general mechanism ranking, and not evidence for real-world institutional adoption."
20260437,A9,mixed_adversary_portfolio,mixed-adversary-portfolio,portfolio-capacity-benign,portfolio-capacity-a9-mixed,portfolio_capacity_capture_signal,flood-camouflage-support-distortion,A5+A6+A8,3,joint_attack_units,8,high,5,101,60,300,2,201,221,2,2,5,300,201,0.006667,0.670000,0.736667,0.006667,0.352695,0.490128,0.715787,0.388098,0.503758,0.715787,-0.035403,0.000000,0.676933,0.006667,-0.165705,0.000000,0.676933,0.016667,1.000000,0.670000,14.384513,24.177965,11.025470,87.900760,186.392948,8.000000,capacity_recovered_outcomes_not_replayed,reports/adversarial-failure-traces-a9.jsonl,"A9 executable pilot only. Each row pairs the same generated world, target bill, status quo, and vote-random seed across a no-attack baseline, a fixed-total-budget mixed portfolio, full-budget single-attack controls, and single-action controls at the mixed allocation. The three portfolios implement the combinations specified in the experiment plan: A1+A2, A3+A4, and A5+A6+A8. Interaction coefficients, resource conversion, review capacity, and recovery behavior are synthetic stress assumptions, not empirical coordination rates, not a general mechanism ranking, and not evidence for real-world institutional adoption."
20260437,A9,mixed_adversary_portfolio,mixed-adversary-portfolio,portfolio-capacity-benign,portfolio-capacity-a9-mixed,portfolio_capacity_capture_signal,flood-camouflage-support-distortion,A5+A6+A8,3,joint_attack_units,12,high,5,101,60,300,3,195,210,3,3,5,300,195,0.010000,0.650000,0.700000,0.010000,0.345200,0.470405,0.715787,0.370134,0.498385,0.715787,-0.024934,0.000000,0.585310,0.010000,-0.263077,0.000000,0.710802,0.016667,1.000000,0.650000,21.527223,36.545090,16.659508,141.384133,291.990642,12.000000,capacity_recovered_outcomes_not_replayed,reports/adversarial-failure-traces-a9.jsonl,"A9 executable pilot only. Each row pairs the same generated world, target bill, status quo, and vote-random seed across a no-attack baseline, a fixed-total-budget mixed portfolio, full-budget single-attack controls, and single-action controls at the mixed allocation. The three portfolios implement the combinations specified in the experiment plan: A1+A2, A3+A4, and A5+A6+A8. Interaction coefficients, resource conversion, review capacity, and recovery behavior are synthetic stress assumptions, not empirical coordination rates, not a general mechanism ranking, and not evidence for real-world institutional adoption."
20260438,A9,mixed_adversary_portfolio,mixed-adversary-portfolio,selection-amendment-benign,selection-amendment-a9-mixed,selection_amendment_pairwise_majority,clone-decoy-poison-pill,A1+A2,2,joint_attack_units,4,medium,5,101,60,300,10,201,212,31,31,197,0,0,0.033333,0.670000,0.706667,0.103333,0.035485,0.032259,0.307889,0.047392,0.053133,0.312391,-0.011907,-0.009468,0.079008,0.103333,0.014051,0.018976,0.307889,0.656667,0.000000,0.000000,0.024873,0.026000,0.030853,0.000000,0.000000,4.000000,not_modeled_for_selection_amendment,reports/adversarial-failure-traces-a9.jsonl,"A9 executable pilot only. Each row pairs the same generated world, target bill, status quo, and vote-random seed across a no-attack baseline, a fixed-total-budget mixed portfolio, full-budget single-attack controls, and single-action controls at the mixed allocation. The three portfolios implement the combinations specified in the experiment plan: A1+A2, A3+A4, and A5+A6+A8. Interaction coefficients, resource conversion, review capacity, and recovery behavior are synthetic stress assumptions, not empirical coordination rates, not a general mechanism ranking, and not evidence for real-world institutional adoption."
20260438,A9,mixed_adversary_portfolio,mixed-adversary-portfolio,selection-amendment-benign,selection-amendment-a9-mixed,selection_amendment_pairwise_majority,clone-decoy-poison-pill,A1+A2,2,joint_attack_units,8,medium,5,101,60,300,17,144,158,50,50,102,0,0,0.056667,0.480000,0.526667,0.166667,0.066786,0.001293,0.330817,0.078683,0.039206,0.367490,-0.011897,0.000000,0.330817,0.166667,0.010206,0.000000,0.330817,0.340000,0.000000,0.000000,0.046107,0.052000,0.039173,0.000000,0.000000,8.000000,not_modeled_for_selection_amendment,reports/adversarial-failure-traces-a9.jsonl,"A9 executable pilot only. Each row pairs the same generated world, target bill, status quo, and vote-random seed across a no-attack baseline, a fixed-total-budget mixed portfolio, full-budget single-attack controls, and single-action controls at the mixed allocation. The three portfolios implement the combinations specified in the experiment plan: A1+A2, A3+A4, and A5+A6+A8. Interaction coefficients, resource conversion, review capacity, and recovery behavior are synthetic stress assumptions, not empirical coordination rates, not a general mechanism ranking, and not evidence for real-world institutional adoption."
20260438,A9,mixed_adversary_portfolio,mixed-adversary-portfolio,selection-amendment-benign,selection-amendment-a9-mixed,selection_amendment_pairwise_majority,clone-decoy-poison-pill,A1+A2,2,joint_attack_units,12,medium,5,101,60,300,5,100,118,13,13,24,0,0,0.016667,0.333333,0.393333,0.043333,0.046654,0.000000,0.454808,0.054192,0.000000,0.447015,-0.007538,0.000000,0.431945,0.043333,-0.040600,0.000000,0.336899,0.080000,0.000000,0.000000,0.055120,0.078000,0.031720,0.000000,0.000000,12.000000,not_modeled_for_selection_amendment,reports/adversarial-failure-traces-a9.jsonl,"A9 executable pilot only. Each row pairs the same generated world, target bill, status quo, and vote-random seed across a no-attack baseline, a fixed-total-budget mixed portfolio, full-budget single-attack controls, and single-action controls at the mixed allocation. The three portfolios implement the combinations specified in the experiment plan: A1+A2, A3+A4, and A5+A6+A8. Interaction coefficients, resource conversion, review capacity, and recovery behavior are synthetic stress assumptions, not empirical coordination rates, not a general mechanism ranking, and not evidence for real-world institutional adoption."
20260438,A9,mixed_adversary_portfolio,mixed-adversary-portfolio,selection-amendment-benign,selection-amendment-a9-mixed,selection_amendment_pairwise_majority,clone-decoy-poison-pill,A1+A2,2,joint_attack_units,4,high,5,101,60,300,3,181,211,23,23,182,0,0,0.010000,0.603333,0.703333,0.076667,0.029090,0.032259,0.297100,0.046165,0.053133,0.316139,-0.017075,-0.013366,0.121903,0.076667,0.012471,0.018865,0.283817,0.606667,0.000000,0.000000,0.024787,0.026000,0.032240,0.000000,0.000000,4.000000,not_modeled_for_selection_amendment,reports/adversarial-failure-traces-a9.jsonl,"A9 executable pilot only. Each row pairs the same generated world, target bill, status quo, and vote-random seed across a no-attack baseline, a fixed-total-budget mixed portfolio, full-budget single-attack controls, and single-action controls at the mixed allocation. The three portfolios implement the combinations specified in the experiment plan: A1+A2, A3+A4, and A5+A6+A8. Interaction coefficients, resource conversion, review capacity, and recovery behavior are synthetic stress assumptions, not empirical coordination rates, not a general mechanism ranking, and not evidence for real-world institutional adoption."
20260438,A9,mixed_adversary_portfolio,mixed-adversary-portfolio,selection-amendment-benign,selection-amendment-a9-mixed,selection_amendment_pairwise_majority,clone-decoy-poison-pill,A1+A2,2,joint_attack_units,8,high,5,101,60,300,21,139,141,54,54,102,0,0,0.070000,0.463333,0.470000,0.180000,0.062428,0.000000,0.320652,0.066323,0.000727,0.323475,-0.003895,0.000000,0.218676,0.180000,0.015544,0.000000,0.249271,0.340000,0.000000,0.000000,0.045413,0.052000,0.035360,0.000000,0.000000,8.000000,not_modeled_for_selection_amendment,reports/adversarial-failure-traces-a9.jsonl,"A9 executable pilot only. Each row pairs the same generated world, target bill, status quo, and vote-random seed across a no-attack baseline, a fixed-total-budget mixed portfolio, full-budget single-attack controls, and single-action controls at the mixed allocation. The three portfolios implement the combinations specified in the experiment plan: A1+A2, A3+A4, and A5+A6+A8. Interaction coefficients, resource conversion, review capacity, and recovery behavior are synthetic stress assumptions, not empirical coordination rates, not a general mechanism ranking, and not evidence for real-world institutional adoption."
20260438,A9,mixed_adversary_portfolio,mixed-adversary-portfolio,selection-amendment-benign,selection-amendment-a9-mixed,selection_amendment_pairwise_majority,clone-decoy-poison-pill,A1+A2,2,joint_attack_units,12,high,5,101,60,300,6,102,115,15,15,22,0,0,0.020000,0.340000,0.383333,0.050000,0.043624,0.000000,0.444286,0.052923,0.000000,0.478731,-0.009299,0.000000,0.411416,0.050000,-0.034287,0.000000,0.306903,0.073333,0.000000,0.000000,0.052260,0.078000,0.030680,0.000000,0.000000,12.000000,not_modeled_for_selection_amendment,reports/adversarial-failure-traces-a9.jsonl,"A9 executable pilot only. Each row pairs the same generated world, target bill, status quo, and vote-random seed across a no-attack baseline, a fixed-total-budget mixed portfolio, full-budget single-attack controls, and single-action controls at the mixed allocation. The three portfolios implement the combinations specified in the experiment plan: A1+A2, A3+A4, and A5+A6+A8. Interaction coefficients, resource conversion, review capacity, and recovery behavior are synthetic stress assumptions, not empirical coordination rates, not a general mechanism ranking, and not evidence for real-world institutional adoption."
20260438,A9,mixed_adversary_portfolio,mixed-adversary-portfolio,public-input-harm-benign,public-input-harm-a9-mixed,public_input_harm_review_majority,astroturf-harm-claims,A3+A4,2,joint_attack_units,4,medium,5,101,60,300,8,12,9,8,8,3,192,10,0.026667,0.040000,0.030000,0.026667,0.014525,0.000000,0.573463,0.003675,0.000000,0.305331,0.010850,0.000000,0.573463,0.026667,0.004975,0.000000,0.546605,0.010000,0.640000,0.033333,0.133383,0.475000,0.139150,0.000000,0.000000,4.000000,same_case_review_only,reports/adversarial-failure-traces-a9.jsonl,"A9 executable pilot only. Each row pairs the same generated world, target bill, status quo, and vote-random seed across a no-attack baseline, a fixed-total-budget mixed portfolio, full-budget single-attack controls, and single-action controls at the mixed allocation. The three portfolios implement the combinations specified in the experiment plan: A1+A2, A3+A4, and A5+A6+A8. Interaction coefficients, resource conversion, review capacity, and recovery behavior are synthetic stress assumptions, not empirical coordination rates, not a general mechanism ranking, and not evidence for real-world institutional adoption."
20260438,A9,mixed_adversary_portfolio,mixed-adversary-portfolio,public-input-harm-benign,public-input-harm-a9-mixed,public_input_harm_review_majority,astroturf-harm-claims,A3+A4,2,joint_attack_units,8,medium,5,101,60,300,2,10,102,2,2,2,263,10,0.006667,0.033333,0.340000,0.006667,0.004964,0.000000,0.312709,0.150602,0.000000,0.653593,-0.145638,0.000000,0.312709,0.006667,0.000281,0.000000,0.312709,0.006667,0.876667,0.033333,0.317983,0.595000,0.211820,0.000000,0.000000,8.000000,same_case_review_only,reports/adversarial-failure-traces-a9.jsonl,"A9 executable pilot only. Each row pairs the same generated world, target bill, status quo, and vote-random seed across a no-attack baseline, a fixed-total-budget mixed portfolio, full-budget single-attack controls, and single-action controls at the mixed allocation. The three portfolios implement the combinations specified in the experiment plan: A1+A2, A3+A4, and A5+A6+A8. Interaction coefficients, resource conversion, review capacity, and recovery behavior are synthetic stress assumptions, not empirical coordination rates, not a general mechanism ranking, and not evidence for real-world institutional adoption."
20260438,A9,mixed_adversary_portfolio,mixed-adversary-portfolio,public-input-harm-benign,public-input-harm-a9-mixed,public_input_harm_review_majority,astroturf-harm-claims,A3+A4,2,joint_attack_units,12,medium,5,101,60,300,4,24,104,4,4,4,299,23,0.013333,0.080000,0.346667,0.013333,0.010591,0.000000,0.401248,0.157938,0.000000,0.682073,-0.147347,0.000000,0.268913,0.013333,-0.139174,0.000000,0.268913,0.013333,0.996667,0.076667,0.494967,0.715000,0.303983,0.000000,0.000000,12.000000,same_case_review_only,reports/adversarial-failure-traces-a9.jsonl,"A9 executable pilot only. Each row pairs the same generated world, target bill, status quo, and vote-random seed across a no-attack baseline, a fixed-total-budget mixed portfolio, full-budget single-attack controls, and single-action controls at the mixed allocation. The three portfolios implement the combinations specified in the experiment plan: A1+A2, A3+A4, and A5+A6+A8. Interaction coefficients, resource conversion, review capacity, and recovery behavior are synthetic stress assumptions, not empirical coordination rates, not a general mechanism ranking, and not evidence for real-world institutional adoption."
20260438,A9,mixed_adversary_portfolio,mixed-adversary-portfolio,public-input-harm-benign,public-input-harm-a9-mixed,public_input_harm_review_majority,astroturf-harm-claims,A3+A4,2,joint_attack_units,4,high,5,101,60,300,7,9,19,7,7,3,200,8,0.023333,0.030000,0.063333,0.023333,0.010116,0.000000,0.575216,0.007536,0.000000,0.268913,0.002581,0.000000,0.575216,0.023333,0.002146,0.000000,0.575216,0.010000,0.666667,0.026667,0.143267,0.475000,0.190920,0.000000,0.000000,4.000000,same_case_review_only,reports/adversarial-failure-traces-a9.jsonl,"A9 executable pilot only. Each row pairs the same generated world, target bill, status quo, and vote-random seed across a no-attack baseline, a fixed-total-budget mixed portfolio, full-budget single-attack controls, and single-action controls at the mixed allocation. The three portfolios implement the combinations specified in the experiment plan: A1+A2, A3+A4, and A5+A6+A8. Interaction coefficients, resource conversion, review capacity, and recovery behavior are synthetic stress assumptions, not empirical coordination rates, not a general mechanism ranking, and not evidence for real-world institutional adoption."
20260438,A9,mixed_adversary_portfolio,mixed-adversary-portfolio,public-input-harm-benign,public-input-harm-a9-mixed,public_input_harm_review_majority,astroturf-harm-claims,A3+A4,2,joint_attack_units,8,high,5,101,60,300,8,22,97,8,8,8,295,22,0.026667,0.073333,0.323333,0.026667,0.008389,0.000000,0.312709,0.153258,0.000000,0.720547,-0.144869,0.000000,0.205040,0.026667,0.000918,0.000000,0.205040,0.026667,0.983333,0.073333,0.384917,0.595000,0.206210,0.000000,0.000000,8.000000,same_case_review_only,reports/adversarial-failure-traces-a9.jsonl,"A9 executable pilot only. Each row pairs the same generated world, target bill, status quo, and vote-random seed across a no-attack baseline, a fixed-total-budget mixed portfolio, full-budget single-attack controls, and single-action controls at the mixed allocation. The three portfolios implement the combinations specified in the experiment plan: A1+A2, A3+A4, and A5+A6+A8. Interaction coefficients, resource conversion, review capacity, and recovery behavior are synthetic stress assumptions, not empirical coordination rates, not a general mechanism ranking, and not evidence for real-world institutional adoption."
20260438,A9,mixed_adversary_portfolio,mixed-adversary-portfolio,public-input-harm-benign,public-input-harm-a9-mixed,public_input_harm_review_majority,astroturf-harm-claims,A3+A4,2,joint_attack_units,12,high,5,101,60,300,4,27,98,4,4,4,300,27,0.013333,0.090000,0.326667,0.013333,0.016543,0.000000,0.573463,0.148176,0.000000,0.664621,-0.131632,0.000000,0.205040,0.013333,-0.123933,0.000000,0.205040,0.013333,1.000000,0.090000,0.494017,0.715000,0.303620,0.000000,0.000000,12.000000,same_case_review_only,reports/adversarial-failure-traces-a9.jsonl,"A9 executable pilot only. Each row pairs the same generated world, target bill, status quo, and vote-random seed across a no-attack baseline, a fixed-total-budget mixed portfolio, full-budget single-attack controls, and single-action controls at the mixed allocation. The three portfolios implement the combinations specified in the experiment plan: A1+A2, A3+A4, and A5+A6+A8. Interaction coefficients, resource conversion, review capacity, and recovery behavior are synthetic stress assumptions, not empirical coordination rates, not a general mechanism ranking, and not evidence for real-world institutional adoption."
20260438,A9,mixed_adversary_portfolio,mixed-adversary-portfolio,portfolio-capacity-benign,portfolio-capacity-a9-mixed,portfolio_capacity_capture_signal,flood-camouflage-support-distortion,A5+A6+A8,3,joint_attack_units,4,medium,5,101,60,300,2,159,203,2,2,2,300,159,0.006667,0.530000,0.676667,0.006667,0.279218,0.340842,0.666128,0.352640,0.470647,0.713755,-0.073423,0.000000,0.648079,0.006667,-0.033031,0.000000,0.648079,0.006667,1.000000,0.530000,5.925298,9.653900,5.107766,24.882339,61.622112,4.000000,capacity_recovered_outcomes_not_replayed,reports/adversarial-failure-traces-a9.jsonl,"A9 executable pilot only. Each row pairs the same generated world, target bill, status quo, and vote-random seed across a no-attack baseline, a fixed-total-budget mixed portfolio, full-budget single-attack controls, and single-action controls at the mixed allocation. The three portfolios implement the combinations specified in the experiment plan: A1+A2, A3+A4, and A5+A6+A8. Interaction coefficients, resource conversion, review capacity, and recovery behavior are synthetic stress assumptions, not empirical coordination rates, not a general mechanism ranking, and not evidence for real-world institutional adoption."
20260438,A9,mixed_adversary_portfolio,mixed-adversary-portfolio,portfolio-capacity-benign,portfolio-capacity-a9-mixed,portfolio_capacity_capture_signal,flood-camouflage-support-distortion,A5+A6+A8,3,joint_attack_units,8,medium,5,101,60,300,1,173,194,1,1,2,300,173,0.003333,0.576667,0.646667,0.003333,0.305380,0.393917,0.713755,0.339367,0.470017,0.713755,-0.033986,0.000000,0.580660,0.003333,-0.157356,0.000000,0.620065,0.006667,1.000000,0.576667,12.084468,20.308888,8.675482,70.683203,153.217616,8.000000,capacity_recovered_outcomes_not_replayed,reports/adversarial-failure-traces-a9.jsonl,"A9 executable pilot only. Each row pairs the same generated world, target bill, status quo, and vote-random seed across a no-attack baseline, a fixed-total-budget mixed portfolio, full-budget single-attack controls, and single-action controls at the mixed allocation. The three portfolios implement the combinations specified in the experiment plan: A1+A2, A3+A4, and A5+A6+A8. Interaction coefficients, resource conversion, review capacity, and recovery behavior are synthetic stress assumptions, not empirical coordination rates, not a general mechanism ranking, and not evidence for real-world institutional adoption."
20260438,A9,mixed_adversary_portfolio,mixed-adversary-portfolio,portfolio-capacity-benign,portfolio-capacity-a9-mixed,portfolio_capacity_capture_signal,flood-camouflage-support-distortion,A5+A6+A8,3,joint_attack_units,12,medium,5,101,60,300,2,191,204,2,2,3,300,191,0.006667,0.636667,0.680000,0.006667,0.335433,0.463716,0.713755,0.356136,0.478986,0.713755,-0.020703,0.000000,0.631601,0.006667,-0.244146,0.000000,0.631601,0.010000,1.000000,0.636667,18.471900,31.349910,14.716446,118.437705,247.595179,12.000000,capacity_recovered_outcomes_not_replayed,reports/adversarial-failure-traces-a9.jsonl,"A9 executable pilot only. Each row pairs the same generated world, target bill, status quo, and vote-random seed across a no-attack baseline, a fixed-total-budget mixed portfolio, full-budget single-attack controls, and single-action controls at the mixed allocation. The three portfolios implement the combinations specified in the experiment plan: A1+A2, A3+A4, and A5+A6+A8. Interaction coefficients, resource conversion, review capacity, and recovery behavior are synthetic stress assumptions, not empirical coordination rates, not a general mechanism ranking, and not evidence for real-world institutional adoption."
20260438,A9,mixed_adversary_portfolio,mixed-adversary-portfolio,portfolio-capacity-benign,portfolio-capacity-a9-mixed,portfolio_capacity_capture_signal,flood-camouflage-support-distortion,A5+A6+A8,3,joint_attack_units,4,high,5,101,60,300,1,166,196,1,1,1,300,166,0.003333,0.553333,0.653333,0.003333,0.290095,0.370169,0.666128,0.341511,0.463716,0.713755,-0.051416,0.000000,0.571007,0.003333,-0.049610,0.000000,0.514745,0.003333,1.000000,0.553333,7.434277,12.262777,5.133300,36.066489,84.267751,4.000000,capacity_recovered_outcomes_not_replayed,reports/adversarial-failure-traces-a9.jsonl,"A9 executable pilot only. Each row pairs the same generated world, target bill, status quo, and vote-random seed across a no-attack baseline, a fixed-total-budget mixed portfolio, full-budget single-attack controls, and single-action controls at the mixed allocation. The three portfolios implement the combinations specified in the experiment plan: A1+A2, A3+A4, and A5+A6+A8. Interaction coefficients, resource conversion, review capacity, and recovery behavior are synthetic stress assumptions, not empirical coordination rates, not a general mechanism ranking, and not evidence for real-world institutional adoption."
20260438,A9,mixed_adversary_portfolio,mixed-adversary-portfolio,portfolio-capacity-benign,portfolio-capacity-a9-mixed,portfolio_capacity_capture_signal,flood-camouflage-support-distortion,A5+A6+A8,3,joint_attack_units,8,high,5,101,60,300,1,189,208,1,1,1,300,189,0.003333,0.630000,0.693333,0.003333,0.329393,0.448181,0.713755,0.360091,0.477408,0.713755,-0.030698,0.000000,0.648079,0.003333,-0.212722,0.000000,0.648079,0.003333,1.000000,0.630000,14.333611,24.199066,11.125249,87.533338,186.560509,8.000000,capacity_recovered_outcomes_not_replayed,reports/adversarial-failure-traces-a9.jsonl,"A9 executable pilot only. Each row pairs the same generated world, target bill, status quo, and vote-random seed across a no-attack baseline, a fixed-total-budget mixed portfolio, full-budget single-attack controls, and single-action controls at the mixed allocation. The three portfolios implement the combinations specified in the experiment plan: A1+A2, A3+A4, and A5+A6+A8. Interaction coefficients, resource conversion, review capacity, and recovery behavior are synthetic stress assumptions, not empirical coordination rates, not a general mechanism ranking, and not evidence for real-world institutional adoption."
20260438,A9,mixed_adversary_portfolio,mixed-adversary-portfolio,portfolio-capacity-benign,portfolio-capacity-a9-mixed,portfolio_capacity_capture_signal,flood-camouflage-support-distortion,A5+A6+A8,3,joint_attack_units,12,high,5,101,60,300,4,182,188,4,4,4,300,182,0.013333,0.606667,0.626667,0.013333,0.315967,0.408584,0.713755,0.325078,0.429276,0.713755,-0.009111,0.000000,0.648079,0.013333,-0.258358,0.000000,0.648079,0.013333,1.000000,0.606667,21.472628,36.544704,14.529179,141.008497,292.099741,12.000000,capacity_recovered_outcomes_not_replayed,reports/adversarial-failure-traces-a9.jsonl,"A9 executable pilot only. Each row pairs the same generated world, target bill, status quo, and vote-random seed across a no-attack baseline, a fixed-total-budget mixed portfolio, full-budget single-attack controls, and single-action controls at the mixed allocation. The three portfolios implement the combinations specified in the experiment plan: A1+A2, A3+A4, and A5+A6+A8. Interaction coefficients, resource conversion, review capacity, and recovery behavior are synthetic stress assumptions, not empirical coordination rates, not a general mechanism ranking, and not evidence for real-world institutional adoption."
20260439,A9,mixed_adversary_portfolio,mixed-adversary-portfolio,selection-amendment-benign,selection-amendment-a9-mixed,selection_amendment_pairwise_majority,clone-decoy-poison-pill,A1+A2,2,joint_attack_units,4,medium,5,101,60,300,12,196,196,38,38,201,0,0,0.040000,0.653333,0.653333,0.126667,0.033246,0.032259,0.302515,0.045459,0.053133,0.280735,-0.012213,-0.007040,0.095869,0.126667,0.016934,0.018976,0.188601,0.670000,0.000000,0.000000,0.018633,0.026000,0.026520,0.000000,0.000000,4.000000,not_modeled_for_selection_amendment,reports/adversarial-failure-traces-a9.jsonl,"A9 executable pilot only. Each row pairs the same generated world, target bill, status quo, and vote-random seed across a no-attack baseline, a fixed-total-budget mixed portfolio, full-budget single-attack controls, and single-action controls at the mixed allocation. The three portfolios implement the combinations specified in the experiment plan: A1+A2, A3+A4, and A5+A6+A8. Interaction coefficients, resource conversion, review capacity, and recovery behavior are synthetic stress assumptions, not empirical coordination rates, not a general mechanism ranking, and not evidence for real-world institutional adoption."
20260439,A9,mixed_adversary_portfolio,mixed-adversary-portfolio,selection-amendment-benign,selection-amendment-a9-mixed,selection_amendment_pairwise_majority,clone-decoy-poison-pill,A1+A2,2,joint_attack_units,8,medium,5,101,60,300,12,137,139,37,37,96,0,0,0.040000,0.456667,0.463333,0.123333,0.064600,0.000000,0.347923,0.071090,0.001110,0.403207,-0.006490,0.000000,0.187803,0.123333,0.014426,0.000000,0.294790,0.320000,0.000000,0.000000,0.020627,0.052000,0.023227,0.000000,0.000000,8.000000,not_modeled_for_selection_amendment,reports/adversarial-failure-traces-a9.jsonl,"A9 executable pilot only. Each row pairs the same generated world, target bill, status quo, and vote-random seed across a no-attack baseline, a fixed-total-budget mixed portfolio, full-budget single-attack controls, and single-action controls at the mixed allocation. The three portfolios implement the combinations specified in the experiment plan: A1+A2, A3+A4, and A5+A6+A8. Interaction coefficients, resource conversion, review capacity, and recovery behavior are synthetic stress assumptions, not empirical coordination rates, not a general mechanism ranking, and not evidence for real-world institutional adoption."
20260439,A9,mixed_adversary_portfolio,mixed-adversary-portfolio,selection-amendment-benign,selection-amendment-a9-mixed,selection_amendment_pairwise_majority,clone-decoy-poison-pill,A1+A2,2,joint_attack_units,12,medium,5,101,60,300,4,107,120,13,13,18,0,0,0.013333,0.356667,0.400000,0.043333,0.045181,0.000000,0.435110,0.053078,0.000000,0.417743,-0.007897,0.000000,0.423829,0.043333,-0.027673,0.000000,0.228374,0.060000,0.000000,0.000000,0.020020,0.078000,0.011960,0.000000,0.000000,12.000000,not_modeled_for_selection_amendment,reports/adversarial-failure-traces-a9.jsonl,"A9 executable pilot only. Each row pairs the same generated world, target bill, status quo, and vote-random seed across a no-attack baseline, a fixed-total-budget mixed portfolio, full-budget single-attack controls, and single-action controls at the mixed allocation. The three portfolios implement the combinations specified in the experiment plan: A1+A2, A3+A4, and A5+A6+A8. Interaction coefficients, resource conversion, review capacity, and recovery behavior are synthetic stress assumptions, not empirical coordination rates, not a general mechanism ranking, and not evidence for real-world institutional adoption."
20260439,A9,mixed_adversary_portfolio,mixed-adversary-portfolio,selection-amendment-benign,selection-amendment-a9-mixed,selection_amendment_pairwise_majority,clone-decoy-poison-pill,A1+A2,2,joint_attack_units,4,high,5,101,60,300,16,184,184,46,46,192,0,0,0.053333,0.613333,0.613333,0.153333,0.034710,0.032259,0.263499,0.041015,0.052943,0.216637,-0.006306,0.000000,0.253469,0.153333,0.017089,0.018976,0.238009,0.640000,0.000000,0.000000,0.016813,0.026000,0.024787,0.000000,0.000000,4.000000,not_modeled_for_selection_amendment,reports/adversarial-failure-traces-a9.jsonl,"A9 executable pilot only. Each row pairs the same generated world, target bill, status quo, and vote-random seed across a no-attack baseline, a fixed-total-budget mixed portfolio, full-budget single-attack controls, and single-action controls at the mixed allocation. The three portfolios implement the combinations specified in the experiment plan: A1+A2, A3+A4, and A5+A6+A8. Interaction coefficients, resource conversion, review capacity, and recovery behavior are synthetic stress assumptions, not empirical coordination rates, not a general mechanism ranking, and not evidence for real-world institutional adoption."
20260439,A9,mixed_adversary_portfolio,mixed-adversary-portfolio,selection-amendment-benign,selection-amendment-a9-mixed,selection_amendment_pairwise_majority,clone-decoy-poison-pill,A1+A2,2,joint_attack_units,8,high,5,101,60,300,9,121,124,29,29,80,0,0,0.030000,0.403333,0.413333,0.096667,0.055459,0.000000,0.365599,0.063529,0.000000,0.339781,-0.008069,0.000000,0.365599,0.096667,0.007956,0.000000,0.217527,0.266667,0.000000,0.000000,0.019933,0.052000,0.018720,0.000000,0.000000,8.000000,not_modeled_for_selection_amendment,reports/adversarial-failure-traces-a9.jsonl,"A9 executable pilot only. Each row pairs the same generated world, target bill, status quo, and vote-random seed across a no-attack baseline, a fixed-total-budget mixed portfolio, full-budget single-attack controls, and single-action controls at the mixed allocation. The three portfolios implement the combinations specified in the experiment plan: A1+A2, A3+A4, and A5+A6+A8. Interaction coefficients, resource conversion, review capacity, and recovery behavior are synthetic stress assumptions, not empirical coordination rates, not a general mechanism ranking, and not evidence for real-world institutional adoption."
20260439,A9,mixed_adversary_portfolio,mixed-adversary-portfolio,selection-amendment-benign,selection-amendment-a9-mixed,selection_amendment_pairwise_majority,clone-decoy-poison-pill,A1+A2,2,joint_attack_units,12,high,5,101,60,300,3,96,107,13,13,23,0,0,0.010000,0.320000,0.356667,0.043333,0.044966,0.000000,0.467067,0.046843,0.000000,0.428623,-0.001877,0.000000,0.350326,0.043333,-0.019752,0.000000,0.300485,0.076667,0.000000,0.000000,0.018720,0.078000,0.012480,0.000000,0.000000,12.000000,not_modeled_for_selection_amendment,reports/adversarial-failure-traces-a9.jsonl,"A9 executable pilot only. Each row pairs the same generated world, target bill, status quo, and vote-random seed across a no-attack baseline, a fixed-total-budget mixed portfolio, full-budget single-attack controls, and single-action controls at the mixed allocation. The three portfolios implement the combinations specified in the experiment plan: A1+A2, A3+A4, and A5+A6+A8. Interaction coefficients, resource conversion, review capacity, and recovery behavior are synthetic stress assumptions, not empirical coordination rates, not a general mechanism ranking, and not evidence for real-world institutional adoption."
20260439,A9,mixed_adversary_portfolio,mixed-adversary-portfolio,public-input-harm-benign,public-input-harm-a9-mixed,public_input_harm_review_majority,astroturf-harm-claims,A3+A4,2,joint_attack_units,4,medium,5,101,60,300,4,11,9,4,4,2,189,10,0.013333,0.036667,0.030000,0.013333,0.008701,0.000000,0.535448,0.004443,0.000000,0.401248,0.004259,0.000000,0.535448,0.013333,0.000245,0.000000,0.071759,0.006667,0.630000,0.033333,0.136800,0.475000,0.139923,0.000000,0.000000,4.000000,same_case_review_only,reports/adversarial-failure-traces-a9.jsonl,"A9 executable pilot only. Each row pairs the same generated world, target bill, status quo, and vote-random seed across a no-attack baseline, a fixed-total-budget mixed portfolio, full-budget single-attack controls, and single-action controls at the mixed allocation. The three portfolios implement the combinations specified in the experiment plan: A1+A2, A3+A4, and A5+A6+A8. Interaction coefficients, resource conversion, review capacity, and recovery behavior are synthetic stress assumptions, not empirical coordination rates, not a general mechanism ranking, and not evidence for real-world institutional adoption."
20260439,A9,mixed_adversary_portfolio,mixed-adversary-portfolio,public-input-harm-benign,public-input-harm-a9-mixed,public_input_harm_review_majority,astroturf-harm-claims,A3+A4,2,joint_attack_units,8,medium,5,101,60,300,0,5,85,0,0,0,261,5,0.000000,0.016667,0.283333,0.000000,0.001494,0.000000,0.150127,0.130036,0.000000,0.650903,-0.128542,0.000000,0.000000,0.000000,-0.000957,0.000000,0.007475,0.000000,0.870000,0.016667,0.319267,0.595000,0.207650,0.000000,0.000000,8.000000,same_case_review_only,reports/adversarial-failure-traces-a9.jsonl,"A9 executable pilot only. Each row pairs the same generated world, target bill, status quo, and vote-random seed across a no-attack baseline, a fixed-total-budget mixed portfolio, full-budget single-attack controls, and single-action controls at the mixed allocation. The three portfolios implement the combinations specified in the experiment plan: A1+A2, A3+A4, and A5+A6+A8. Interaction coefficients, resource conversion, review capacity, and recovery behavior are synthetic stress assumptions, not empirical coordination rates, not a general mechanism ranking, and not evidence for real-world institutional adoption."
20260439,A9,mixed_adversary_portfolio,mixed-adversary-portfolio,public-input-harm-benign,public-input-harm-a9-mixed,public_input_harm_review_majority,astroturf-harm-claims,A3+A4,2,joint_attack_units,12,medium,5,101,60,300,1,21,103,1,1,1,299,21,0.003333,0.070000,0.343333,0.003333,0.006305,0.000000,0.336181,0.154881,0.000000,0.729193,-0.148575,0.000000,0.159865,0.003333,-0.148217,0.000000,0.159865,0.003333,0.996667,0.070000,0.496033,0.715000,0.299143,0.000000,0.000000,12.000000,same_case_review_only,reports/adversarial-failure-traces-a9.jsonl,"A9 executable pilot only. Each row pairs the same generated world, target bill, status quo, and vote-random seed across a no-attack baseline, a fixed-total-budget mixed portfolio, full-budget single-attack controls, and single-action controls at the mixed allocation. The three portfolios implement the combinations specified in the experiment plan: A1+A2, A3+A4, and A5+A6+A8. Interaction coefficients, resource conversion, review capacity, and recovery behavior are synthetic stress assumptions, not empirical coordination rates, not a general mechanism ranking, and not evidence for real-world institutional adoption."
20260439,A9,mixed_adversary_portfolio,mixed-adversary-portfolio,public-input-harm-benign,public-input-harm-a9-mixed,public_input_harm_review_majority,astroturf-harm-claims,A3+A4,2,joint_attack_units,4,high,5,101,60,300,3,9,21,3,3,2,195,8,0.010000,0.030000,0.070000,0.010000,0.006078,0.000000,0.535448,0.007755,0.000000,0.336181,-0.001677,0.000000,0.535448,0.010000,0.002186,0.000000,0.535448,0.006667,0.650000,0.026667,0.140017,0.475000,0.193870,0.000000,0.000000,4.000000,same_case_review_only,reports/adversarial-failure-traces-a9.jsonl,"A9 executable pilot only. Each row pairs the same generated world, target bill, status quo, and vote-random seed across a no-attack baseline, a fixed-total-budget mixed portfolio, full-budget single-attack controls, and single-action controls at the mixed allocation. The three portfolios implement the combinations specified in the experiment plan: A1+A2, A3+A4, and A5+A6+A8. Interaction coefficients, resource conversion, review capacity, and recovery behavior are synthetic stress assumptions, not empirical coordination rates, not a general mechanism ranking, and not evidence for real-world institutional adoption."
20260439,A9,mixed_adversary_portfolio,mixed-adversary-portfolio,public-input-harm-benign,public-input-harm-a9-mixed,public_input_harm_review_majority,astroturf-harm-claims,A3+A4,2,joint_attack_units,8,high,5,101,60,300,4,21,89,4,4,4,296,21,0.013333,0.070000,0.296667,0.013333,0.007337,0.000000,0.321745,0.134800,0.000000,0.729193,-0.127463,0.000000,0.229296,0.013333,0.000933,0.000000,0.229296,0.013333,0.986667,0.070000,0.381467,0.595000,0.208573,0.000000,0.000000,8.000000,same_case_review_only,reports/adversarial-failure-traces-a9.jsonl,"A9 executable pilot only. Each row pairs the same generated world, target bill, status quo, and vote-random seed across a no-attack baseline, a fixed-total-budget mixed portfolio, full-budget single-attack controls, and single-action controls at the mixed allocation. The three portfolios implement the combinations specified in the experiment plan: A1+A2, A3+A4, and A5+A6+A8. Interaction coefficients, resource conversion, review capacity, and recovery behavior are synthetic stress assumptions, not empirical coordination rates, not a general mechanism ranking, and not evidence for real-world institutional adoption."
20260439,A9,mixed_adversary_portfolio,mixed-adversary-portfolio,public-input-harm-benign,public-input-harm-a9-mixed,public_input_harm_review_majority,astroturf-harm-claims,A3+A4,2,joint_attack_units,12,high,5,101,60,300,8,28,92,8,8,8,298,27,0.026667,0.093333,0.306667,0.026667,0.011993,0.000000,0.401248,0.138738,0.000000,0.679971,-0.126745,0.000000,0.336181,0.026667,-0.125328,0.000000,0.336181,0.026667,0.993333,0.090000,0.493667,0.715000,0.305813,0.000000,0.000000,12.000000,same_case_review_only,reports/adversarial-failure-traces-a9.jsonl,"A9 executable pilot only. Each row pairs the same generated world, target bill, status quo, and vote-random seed across a no-attack baseline, a fixed-total-budget mixed portfolio, full-budget single-attack controls, and single-action controls at the mixed allocation. The three portfolios implement the combinations specified in the experiment plan: A1+A2, A3+A4, and A5+A6+A8. Interaction coefficients, resource conversion, review capacity, and recovery behavior are synthetic stress assumptions, not empirical coordination rates, not a general mechanism ranking, and not evidence for real-world institutional adoption."
20260439,A9,mixed_adversary_portfolio,mixed-adversary-portfolio,portfolio-capacity-benign,portfolio-capacity-a9-mixed,portfolio_capacity_capture_signal,flood-camouflage-support-distortion,A5+A6+A8,3,joint_attack_units,4,medium,5,101,60,300,0,160,192,0,0,1,300,160,0.000000,0.533333,0.640000,0.000000,0.280994,0.354779,0.685226,0.336389,0.458750,0.730093,-0.055395,0.000000,0.000000,0.000000,-0.051192,0.000000,0.504860,0.003333,1.000000,0.533333,5.928197,9.752115,4.921972,24.889701,62.405546,4.000000,capacity_recovered_outcomes_not_replayed,reports/adversarial-failure-traces-a9.jsonl,"A9 executable pilot only. Each row pairs the same generated world, target bill, status quo, and vote-random seed across a no-attack baseline, a fixed-total-budget mixed portfolio, full-budget single-attack controls, and single-action controls at the mixed allocation. The three portfolios implement the combinations specified in the experiment plan: A1+A2, A3+A4, and A5+A6+A8. Interaction coefficients, resource conversion, review capacity, and recovery behavior are synthetic stress assumptions, not empirical coordination rates, not a general mechanism ranking, and not evidence for real-world institutional adoption."
20260439,A9,mixed_adversary_portfolio,mixed-adversary-portfolio,portfolio-capacity-benign,portfolio-capacity-a9-mixed,portfolio_capacity_capture_signal,flood-camouflage-support-distortion,A5+A6+A8,3,joint_attack_units,8,medium,5,101,60,300,1,172,186,1,1,4,300,172,0.003333,0.573333,0.620000,0.003333,0.300902,0.394717,0.730093,0.325834,0.448563,0.730093,-0.024932,0.000000,0.530252,0.003333,-0.124201,0.000000,0.631838,0.013333,1.000000,0.573333,12.086133,20.394457,7.797455,70.709096,153.771369,8.000000,capacity_recovered_outcomes_not_replayed,reports/adversarial-failure-traces-a9.jsonl,"A9 executable pilot only. Each row pairs the same generated world, target bill, status quo, and vote-random seed across a no-attack baseline, a fixed-total-budget mixed portfolio, full-budget single-attack controls, and single-action controls at the mixed allocation. The three portfolios implement the combinations specified in the experiment plan: A1+A2, A3+A4, and A5+A6+A8. Interaction coefficients, resource conversion, review capacity, and recovery behavior are synthetic stress assumptions, not empirical coordination rates, not a general mechanism ranking, and not evidence for real-world institutional adoption."
20260439,A9,mixed_adversary_portfolio,mixed-adversary-portfolio,portfolio-capacity-benign,portfolio-capacity-a9-mixed,portfolio_capacity_capture_signal,flood-camouflage-support-distortion,A5+A6+A8,3,joint_attack_units,12,medium,5,101,60,300,0,188,200,0,0,3,300,188,0.000000,0.626667,0.666667,0.000000,0.330097,0.439851,0.730093,0.349415,0.467394,0.730093,-0.019318,0.000000,0.000000,0.000000,-0.259631,0.000000,0.659188,0.010000,1.000000,0.626667,18.475582,31.418778,12.453656,118.473342,247.988995,12.000000,capacity_recovered_outcomes_not_replayed,reports/adversarial-failure-traces-a9.jsonl,"A9 executable pilot only. Each row pairs the same generated world, target bill, status quo, and vote-random seed across a no-attack baseline, a fixed-total-budget mixed portfolio, full-budget single-attack controls, and single-action controls at the mixed allocation. The three portfolios implement the combinations specified in the experiment plan: A1+A2, A3+A4, and A5+A6+A8. Interaction coefficients, resource conversion, review capacity, and recovery behavior are synthetic stress assumptions, not empirical coordination rates, not a general mechanism ranking, and not evidence for real-world institutional adoption."
20260439,A9,mixed_adversary_portfolio,mixed-adversary-portfolio,portfolio-capacity-benign,portfolio-capacity-a9-mixed,portfolio_capacity_capture_signal,flood-camouflage-support-distortion,A5+A6+A8,3,joint_attack_units,4,high,5,101,60,300,0,167,190,0,0,0,300,167,0.000000,0.556667,0.633333,0.000000,0.293745,0.385234,0.730093,0.334142,0.458750,0.730093,-0.040397,0.000000,0.000000,0.000000,-0.056707,0.000000,0.000000,0.000000,1.000000,0.556667,7.436194,12.358870,4.771791,36.080001,85.031647,4.000000,capacity_recovered_outcomes_not_replayed,reports/adversarial-failure-traces-a9.jsonl,"A9 executable pilot only. Each row pairs the same generated world, target bill, status quo, and vote-random seed across a no-attack baseline, a fixed-total-budget mixed portfolio, full-budget single-attack controls, and single-action controls at the mixed allocation. The three portfolios implement the combinations specified in the experiment plan: A1+A2, A3+A4, and A5+A6+A8. Interaction coefficients, resource conversion, review capacity, and recovery behavior are synthetic stress assumptions, not empirical coordination rates, not a general mechanism ranking, and not evidence for real-world institutional adoption."
20260439,A9,mixed_adversary_portfolio,mixed-adversary-portfolio,portfolio-capacity-benign,portfolio-capacity-a9-mixed,portfolio_capacity_capture_signal,flood-camouflage-support-distortion,A5+A6+A8,3,joint_attack_units,8,high,5,101,60,300,0,197,210,0,0,2,300,197,0.000000,0.656667,0.700000,0.000000,0.345717,0.467622,0.730093,0.367191,0.493136,0.730093,-0.021474,0.000000,0.000000,0.000000,-0.207239,0.000000,0.589892,0.006667,1.000000,0.656667,14.337119,24.279980,9.351398,87.564996,187.055014,8.000000,capacity_recovered_outcomes_not_replayed,reports/adversarial-failure-traces-a9.jsonl,"A9 executable pilot only. Each row pairs the same generated world, target bill, status quo, and vote-random seed across a no-attack baseline, a fixed-total-budget mixed portfolio, full-budget single-attack controls, and single-action controls at the mixed allocation. The three portfolios implement the combinations specified in the experiment plan: A1+A2, A3+A4, and A5+A6+A8. Interaction coefficients, resource conversion, review capacity, and recovery behavior are synthetic stress assumptions, not empirical coordination rates, not a general mechanism ranking, and not evidence for real-world institutional adoption."
20260439,A9,mixed_adversary_portfolio,mixed-adversary-portfolio,portfolio-capacity-benign,portfolio-capacity-a9-mixed,portfolio_capacity_capture_signal,flood-camouflage-support-distortion,A5+A6+A8,3,joint_attack_units,12,high,5,101,60,300,1,188,201,1,1,2,300,188,0.003333,0.626667,0.670000,0.003333,0.331142,0.458069,0.730093,0.351851,0.481912,0.730093,-0.020710,0.000000,0.529083,0.003333,-0.299652,0.000000,0.577839,0.006667,1.000000,0.626667,21.481611,36.604853,11.911508,141.047954,292.414739,12.000000,capacity_recovered_outcomes_not_replayed,reports/adversarial-failure-traces-a9.jsonl,"A9 executable pilot only. Each row pairs the same generated world, target bill, status quo, and vote-random seed across a no-attack baseline, a fixed-total-budget mixed portfolio, full-budget single-attack controls, and single-action controls at the mixed allocation. The three portfolios implement the combinations specified in the experiment plan: A1+A2, A3+A4, and A5+A6+A8. Interaction coefficients, resource conversion, review capacity, and recovery behavior are synthetic stress assumptions, not empirical coordination rates, not a general mechanism ranking, and not evidence for real-world institutional adoption."
20260440,A9,mixed_adversary_portfolio,mixed-adversary-portfolio,selection-amendment-benign,selection-amendment-a9-mixed,selection_amendment_pairwise_majority,clone-decoy-poison-pill,A1+A2,2,joint_attack_units,4,medium,5,101,60,300,8,173,171,13,13,172,0,0,0.026667,0.576667,0.570000,0.043333,0.023068,0.032259,0.216482,0.034805,0.053133,0.265355,-0.011737,-0.003485,0.158479,0.043333,0.012920,0.018976,0.204489,0.573333,0.000000,0.000000,0.016553,0.026000,0.026693,0.000000,0.000000,4.000000,not_modeled_for_selection_amendment,reports/adversarial-failure-traces-a9.jsonl,"A9 executable pilot only. Each row pairs the same generated world, target bill, status quo, and vote-random seed across a no-attack baseline, a fixed-total-budget mixed portfolio, full-budget single-attack controls, and single-action controls at the mixed allocation. The three portfolios implement the combinations specified in the experiment plan: A1+A2, A3+A4, and A5+A6+A8. Interaction coefficients, resource conversion, review capacity, and recovery behavior are synthetic stress assumptions, not empirical coordination rates, not a general mechanism ranking, and not evidence for real-world institutional adoption."
20260440,A9,mixed_adversary_portfolio,mixed-adversary-portfolio,selection-amendment-benign,selection-amendment-a9-mixed,selection_amendment_pairwise_majority,clone-decoy-poison-pill,A1+A2,2,joint_attack_units,8,medium,5,101,60,300,12,128,120,30,30,86,0,0,0.040000,0.426667,0.400000,0.100000,0.050208,0.000000,0.306023,0.045248,0.000000,0.306023,0.004960,0.000000,0.195036,0.100000,0.015257,0.000000,0.235779,0.286667,0.000000,0.000000,0.013867,0.052000,0.008320,0.000000,0.000000,8.000000,not_modeled_for_selection_amendment,reports/adversarial-failure-traces-a9.jsonl,"A9 executable pilot only. Each row pairs the same generated world, target bill, status quo, and vote-random seed across a no-attack baseline, a fixed-total-budget mixed portfolio, full-budget single-attack controls, and single-action controls at the mixed allocation. The three portfolios implement the combinations specified in the experiment plan: A1+A2, A3+A4, and A5+A6+A8. Interaction coefficients, resource conversion, review capacity, and recovery behavior are synthetic stress assumptions, not empirical coordination rates, not a general mechanism ranking, and not evidence for real-world institutional adoption."
20260440,A9,mixed_adversary_portfolio,mixed-adversary-portfolio,selection-amendment-benign,selection-amendment-a9-mixed,selection_amendment_pairwise_majority,clone-decoy-poison-pill,A1+A2,2,joint_attack_units,12,medium,5,101,60,300,0,114,115,4,4,16,0,0,0.000000,0.380000,0.383333,0.013333,0.042378,0.000000,0.314777,0.041755,0.000000,0.314777,0.000623,0.000000,0.108941,0.013333,-0.010917,0.000000,0.195228,0.053333,0.000000,0.000000,0.004420,0.078000,0.004160,0.000000,0.000000,12.000000,not_modeled_for_selection_amendment,reports/adversarial-failure-traces-a9.jsonl,"A9 executable pilot only. Each row pairs the same generated world, target bill, status quo, and vote-random seed across a no-attack baseline, a fixed-total-budget mixed portfolio, full-budget single-attack controls, and single-action controls at the mixed allocation. The three portfolios implement the combinations specified in the experiment plan: A1+A2, A3+A4, and A5+A6+A8. Interaction coefficients, resource conversion, review capacity, and recovery behavior are synthetic stress assumptions, not empirical coordination rates, not a general mechanism ranking, and not evidence for real-world institutional adoption."
20260440,A9,mixed_adversary_portfolio,mixed-adversary-portfolio,selection-amendment-benign,selection-amendment-a9-mixed,selection_amendment_pairwise_majority,clone-decoy-poison-pill,A1+A2,2,joint_attack_units,4,high,5,101,60,300,17,162,151,21,21,162,0,0,0.056667,0.540000,0.503333,0.070000,0.021389,0.032259,0.197237,0.034717,0.024928,0.250009,-0.013328,0.000000,0.039901,0.070000,0.010969,0.018822,0.120659,0.540000,0.000000,0.000000,0.015773,0.026000,0.020800,0.000000,0.000000,4.000000,not_modeled_for_selection_amendment,reports/adversarial-failure-traces-a9.jsonl,"A9 executable pilot only. Each row pairs the same generated world, target bill, status quo, and vote-random seed across a no-attack baseline, a fixed-total-budget mixed portfolio, full-budget single-attack controls, and single-action controls at the mixed allocation. The three portfolios implement the combinations specified in the experiment plan: A1+A2, A3+A4, and A5+A6+A8. Interaction coefficients, resource conversion, review capacity, and recovery behavior are synthetic stress assumptions, not empirical coordination rates, not a general mechanism ranking, and not evidence for real-world institutional adoption."
20260440,A9,mixed_adversary_portfolio,mixed-adversary-portfolio,selection-amendment-benign,selection-amendment-a9-mixed,selection_amendment_pairwise_majority,clone-decoy-poison-pill,A1+A2,2,joint_attack_units,8,high,5,101,60,300,11,113,106,22,22,58,0,0,0.036667,0.376667,0.353333,0.073333,0.043503,0.000000,0.306058,0.040302,0.000000,0.306058,0.003201,0.000000,0.168082,0.073333,0.004748,0.000000,0.227890,0.193333,0.000000,0.000000,0.012653,0.052000,0.006933,0.000000,0.000000,8.000000,not_modeled_for_selection_amendment,reports/adversarial-failure-traces-a9.jsonl,"A9 executable pilot only. Each row pairs the same generated world, target bill, status quo, and vote-random seed across a no-attack baseline, a fixed-total-budget mixed portfolio, full-budget single-attack controls, and single-action controls at the mixed allocation. The three portfolios implement the combinations specified in the experiment plan: A1+A2, A3+A4, and A5+A6+A8. Interaction coefficients, resource conversion, review capacity, and recovery behavior are synthetic stress assumptions, not empirical coordination rates, not a general mechanism ranking, and not evidence for real-world institutional adoption."
20260440,A9,mixed_adversary_portfolio,mixed-adversary-portfolio,selection-amendment-benign,selection-amendment-a9-mixed,selection_amendment_pairwise_majority,clone-decoy-poison-pill,A1+A2,2,joint_attack_units,12,high,5,101,60,300,0,103,105,5,5,13,0,0,0.000000,0.343333,0.350000,0.016667,0.037829,0.000000,0.306058,0.037667,0.000000,0.306058,0.000162,0.000000,0.046688,0.016667,-0.011861,0.000000,0.184937,0.043333,0.000000,0.000000,0.004160,0.078000,0.005720,0.000000,0.000000,12.000000,not_modeled_for_selection_amendment,reports/adversarial-failure-traces-a9.jsonl,"A9 executable pilot only. Each row pairs the same generated world, target bill, status quo, and vote-random seed across a no-attack baseline, a fixed-total-budget mixed portfolio, full-budget single-attack controls, and single-action controls at the mixed allocation. The three portfolios implement the combinations specified in the experiment plan: A1+A2, A3+A4, and A5+A6+A8. Interaction coefficients, resource conversion, review capacity, and recovery behavior are synthetic stress assumptions, not empirical coordination rates, not a general mechanism ranking, and not evidence for real-world institutional adoption."
20260440,A9,mixed_adversary_portfolio,mixed-adversary-portfolio,public-input-harm-benign,public-input-harm-a9-mixed,public_input_harm_review_majority,astroturf-harm-claims,A3+A4,2,joint_attack_units,4,medium,5,101,60,300,3,4,1,3,3,0,192,4,0.010000,0.013333,0.003333,0.010000,0.005419,0.000000,0.560271,0.000955,0.000000,0.110853,0.004464,0.000000,0.560271,0.010000,0.000000,0.000000,0.000000,0.000000,0.640000,0.013333,0.135300,0.475000,0.130533,0.000000,0.000000,4.000000,same_case_review_only,reports/adversarial-failure-traces-a9.jsonl,"A9 executable pilot only. Each row pairs the same generated world, target bill, status quo, and vote-random seed across a no-attack baseline, a fixed-total-budget mixed portfolio, full-budget single-attack controls, and single-action controls at the mixed allocation. The three portfolios implement the combinations specified in the experiment plan: A1+A2, A3+A4, and A5+A6+A8. Interaction coefficients, resource conversion, review capacity, and recovery behavior are synthetic stress assumptions, not empirical coordination rates, not a general mechanism ranking, and not evidence for real-world institutional adoption."
20260440,A9,mixed_adversary_portfolio,mixed-adversary-portfolio,public-input-harm-benign,public-input-harm-a9-mixed,public_input_harm_review_majority,astroturf-harm-claims,A3+A4,2,joint_attack_units,8,medium,5,101,60,300,0,1,78,0,0,0,257,1,0.000000,0.003333,0.260000,0.000000,0.000688,0.000000,0.108871,0.132051,0.000000,0.670886,-0.131362,0.000000,0.000000,0.000000,-0.000320,0.000000,0.009522,0.000000,0.856667,0.003333,0.307617,0.595000,0.208867,0.000000,0.000000,8.000000,same_case_review_only,reports/adversarial-failure-traces-a9.jsonl,"A9 executable pilot only. Each row pairs the same generated world, target bill, status quo, and vote-random seed across a no-attack baseline, a fixed-total-budget mixed portfolio, full-budget single-attack controls, and single-action controls at the mixed allocation. The three portfolios implement the combinations specified in the experiment plan: A1+A2, A3+A4, and A5+A6+A8. Interaction coefficients, resource conversion, review capacity, and recovery behavior are synthetic stress assumptions, not empirical coordination rates, not a general mechanism ranking, and not evidence for real-world institutional adoption."
20260440,A9,mixed_adversary_portfolio,mixed-adversary-portfolio,public-input-harm-benign,public-input-harm-a9-mixed,public_input_harm_review_majority,astroturf-harm-claims,A3+A4,2,joint_attack_units,12,medium,5,101,60,300,2,9,83,2,2,2,300,9,0.006667,0.030000,0.276667,0.006667,0.004686,0.000000,0.421191,0.139583,0.000000,0.650730,-0.134897,0.000000,0.179814,0.006667,-0.132564,0.000000,0.179814,0.006667,1.000000,0.030000,0.489217,0.715000,0.302293,0.000000,0.000000,12.000000,same_case_review_only,reports/adversarial-failure-traces-a9.jsonl,"A9 executable pilot only. Each row pairs the same generated world, target bill, status quo, and vote-random seed across a no-attack baseline, a fixed-total-budget mixed portfolio, full-budget single-attack controls, and single-action controls at the mixed allocation. The three portfolios implement the combinations specified in the experiment plan: A1+A2, A3+A4, and A5+A6+A8. Interaction coefficients, resource conversion, review capacity, and recovery behavior are synthetic stress assumptions, not empirical coordination rates, not a general mechanism ranking, and not evidence for real-world institutional adoption."
20260440,A9,mixed_adversary_portfolio,mixed-adversary-portfolio,public-input-harm-benign,public-input-harm-a9-mixed,public_input_harm_review_majority,astroturf-harm-claims,A3+A4,2,joint_attack_units,4,high,5,101,60,300,2,3,10,2,2,1,198,3,0.006667,0.010000,0.033333,0.006667,0.003933,0.000000,0.535448,0.005425,0.000000,0.264886,-0.001492,0.000000,0.535448,0.006667,0.001785,0.000000,0.535448,0.003333,0.660000,0.010000,0.136683,0.475000,0.190327,0.000000,0.000000,4.000000,same_case_review_only,reports/adversarial-failure-traces-a9.jsonl,"A9 executable pilot only. Each row pairs the same generated world, target bill, status quo, and vote-random seed across a no-attack baseline, a fixed-total-budget mixed portfolio, full-budget single-attack controls, and single-action controls at the mixed allocation. The three portfolios implement the combinations specified in the experiment plan: A1+A2, A3+A4, and A5+A6+A8. Interaction coefficients, resource conversion, review capacity, and recovery behavior are synthetic stress assumptions, not empirical coordination rates, not a general mechanism ranking, and not evidence for real-world institutional adoption."
20260440,A9,mixed_adversary_portfolio,mixed-adversary-portfolio,public-input-harm-benign,public-input-harm-a9-mixed,public_input_harm_review_majority,astroturf-harm-claims,A3+A4,2,joint_attack_units,8,high,5,101,60,300,5,9,79,5,5,5,299,9,0.016667,0.030000,0.263333,0.016667,0.003712,0.000000,0.264886,0.134850,0.000000,0.678663,-0.131138,0.000000,0.264886,0.016667,0.001310,0.000000,0.264886,0.016667,0.996667,0.030000,0.379683,0.595000,0.208173,0.000000,0.000000,8.000000,same_case_review_only,reports/adversarial-failure-traces-a9.jsonl,"A9 executable pilot only. Each row pairs the same generated world, target bill, status quo, and vote-random seed across a no-attack baseline, a fixed-total-budget mixed portfolio, full-budget single-attack controls, and single-action controls at the mixed allocation. The three portfolios implement the combinations specified in the experiment plan: A1+A2, A3+A4, and A5+A6+A8. Interaction coefficients, resource conversion, review capacity, and recovery behavior are synthetic stress assumptions, not empirical coordination rates, not a general mechanism ranking, and not evidence for real-world institutional adoption."
20260440,A9,mixed_adversary_portfolio,mixed-adversary-portfolio,public-input-harm-benign,public-input-harm-a9-mixed,public_input_harm_review_majority,astroturf-harm-claims,A3+A4,2,joint_attack_units,12,high,5,101,60,300,6,13,80,6,6,6,300,13,0.020000,0.043333,0.266667,0.020000,0.008799,0.000000,0.543294,0.136171,0.000000,0.692325,-0.127372,0.000000,0.535448,0.020000,-0.124561,0.000000,0.535448,0.020000,1.000000,0.043333,0.494433,0.715000,0.303887,0.000000,0.000000,12.000000,same_case_review_only,reports/adversarial-failure-traces-a9.jsonl,"A9 executable pilot only. Each row pairs the same generated world, target bill, status quo, and vote-random seed across a no-attack baseline, a fixed-total-budget mixed portfolio, full-budget single-attack controls, and single-action controls at the mixed allocation. The three portfolios implement the combinations specified in the experiment plan: A1+A2, A3+A4, and A5+A6+A8. Interaction coefficients, resource conversion, review capacity, and recovery behavior are synthetic stress assumptions, not empirical coordination rates, not a general mechanism ranking, and not evidence for real-world institutional adoption."
20260440,A9,mixed_adversary_portfolio,mixed-adversary-portfolio,portfolio-capacity-benign,portfolio-capacity-a9-mixed,portfolio_capacity_capture_signal,flood-camouflage-support-distortion,A5+A6+A8,3,joint_attack_units,4,medium,5,101,60,300,0,159,206,0,0,0,300,159,0.000000,0.530000,0.686667,0.000000,0.278576,0.366762,0.691024,0.359390,0.471506,0.691024,-0.080814,0.000000,0.000000,0.000000,-0.040558,0.000000,0.000000,0.000000,1.000000,0.530000,5.931642,9.604650,10.132615,24.771514,61.118638,4.000000,capacity_recovered_outcomes_not_replayed,reports/adversarial-failure-traces-a9.jsonl,"A9 executable pilot only. Each row pairs the same generated world, target bill, status quo, and vote-random seed across a no-attack baseline, a fixed-total-budget mixed portfolio, full-budget single-attack controls, and single-action controls at the mixed allocation. The three portfolios implement the combinations specified in the experiment plan: A1+A2, A3+A4, and A5+A6+A8. Interaction coefficients, resource conversion, review capacity, and recovery behavior are synthetic stress assumptions, not empirical coordination rates, not a general mechanism ranking, and not evidence for real-world institutional adoption."
20260440,A9,mixed_adversary_portfolio,mixed-adversary-portfolio,portfolio-capacity-benign,portfolio-capacity-a9-mixed,portfolio_capacity_capture_signal,flood-camouflage-support-distortion,A5+A6+A8,3,joint_attack_units,8,medium,5,101,60,300,1,186,216,1,1,4,300,186,0.003333,0.620000,0.720000,0.003333,0.326940,0.453495,0.691024,0.378755,0.498885,0.691024,-0.051814,0.000000,0.566774,0.003333,-0.059897,0.000000,0.582695,0.013333,1.000000,0.620000,12.093865,20.381030,21.653347,70.561559,152.358789,8.000000,capacity_recovered_outcomes_not_replayed,reports/adversarial-failure-traces-a9.jsonl,"A9 executable pilot only. Each row pairs the same generated world, target bill, status quo, and vote-random seed across a no-attack baseline, a fixed-total-budget mixed portfolio, full-budget single-attack controls, and single-action controls at the mixed allocation. The three portfolios implement the combinations specified in the experiment plan: A1+A2, A3+A4, and A5+A6+A8. Interaction coefficients, resource conversion, review capacity, and recovery behavior are synthetic stress assumptions, not empirical coordination rates, not a general mechanism ranking, and not evidence for real-world institutional adoption."
20260440,A9,mixed_adversary_portfolio,mixed-adversary-portfolio,portfolio-capacity-benign,portfolio-capacity-a9-mixed,portfolio_capacity_capture_signal,flood-camouflage-support-distortion,A5+A6+A8,3,joint_attack_units,12,medium,5,101,60,300,4,198,219,4,4,7,300,198,0.013333,0.660000,0.730000,0.013333,0.346627,0.467330,0.691024,0.383977,0.501364,0.691024,-0.037350,0.000000,0.608199,0.013333,-0.072837,0.000000,0.635688,0.023333,1.000000,0.660000,18.482159,31.457394,30.928319,118.315967,246.541160,12.000000,capacity_recovered_outcomes_not_replayed,reports/adversarial-failure-traces-a9.jsonl,"A9 executable pilot only. Each row pairs the same generated world, target bill, status quo, and vote-random seed across a no-attack baseline, a fixed-total-budget mixed portfolio, full-budget single-attack controls, and single-action controls at the mixed allocation. The three portfolios implement the combinations specified in the experiment plan: A1+A2, A3+A4, and A5+A6+A8. Interaction coefficients, resource conversion, review capacity, and recovery behavior are synthetic stress assumptions, not empirical coordination rates, not a general mechanism ranking, and not evidence for real-world institutional adoption."
20260440,A9,mixed_adversary_portfolio,mixed-adversary-portfolio,portfolio-capacity-benign,portfolio-capacity-a9-mixed,portfolio_capacity_capture_signal,flood-camouflage-support-distortion,A5+A6+A8,3,joint_attack_units,4,high,5,101,60,300,0,174,209,0,0,0,300,174,0.000000,0.580000,0.696667,0.000000,0.306761,0.427074,0.691024,0.366253,0.487694,0.691024,-0.059493,0.000000,0.000000,0.000000,-0.036234,0.000000,0.000000,0.000000,1.000000,0.580000,7.430469,12.253112,11.436995,35.872730,83.732281,4.000000,capacity_recovered_outcomes_not_replayed,reports/adversarial-failure-traces-a9.jsonl,"A9 executable pilot only. Each row pairs the same generated world, target bill, status quo, and vote-random seed across a no-attack baseline, a fixed-total-budget mixed portfolio, full-budget single-attack controls, and single-action controls at the mixed allocation. The three portfolios implement the combinations specified in the experiment plan: A1+A2, A3+A4, and A5+A6+A8. Interaction coefficients, resource conversion, review capacity, and recovery behavior are synthetic stress assumptions, not empirical coordination rates, not a general mechanism ranking, and not evidence for real-world institutional adoption."
20260440,A9,mixed_adversary_portfolio,mixed-adversary-portfolio,portfolio-capacity-benign,portfolio-capacity-a9-mixed,portfolio_capacity_capture_signal,flood-camouflage-support-distortion,A5+A6+A8,3,joint_attack_units,8,high,5,101,60,300,4,195,213,4,4,7,300,195,0.013333,0.650000,0.710000,0.013333,0.342956,0.464838,0.691024,0.372512,0.491521,0.691024,-0.029556,0.000000,0.601407,0.013333,-0.056362,0.000000,0.601407,0.023333,1.000000,0.650000,14.325038,24.290015,23.247795,87.291584,185.604566,8.000000,capacity_recovered_outcomes_not_replayed,reports/adversarial-failure-traces-a9.jsonl,"A9 executable pilot only. Each row pairs the same generated world, target bill, status quo, and vote-random seed across a no-attack baseline, a fixed-total-budget mixed portfolio, full-budget single-attack controls, and single-action controls at the mixed allocation. The three portfolios implement the combinations specified in the experiment plan: A1+A2, A3+A4, and A5+A6+A8. Interaction coefficients, resource conversion, review capacity, and recovery behavior are synthetic stress assumptions, not empirical coordination rates, not a general mechanism ranking, and not evidence for real-world institutional adoption."
20260440,A9,mixed_adversary_portfolio,mixed-adversary-portfolio,portfolio-capacity-benign,portfolio-capacity-a9-mixed,portfolio_capacity_capture_signal,flood-camouflage-support-distortion,A5+A6+A8,3,joint_attack_units,12,high,5,101,60,300,4,207,220,4,4,6,300,207,0.013333,0.690000,0.733333,0.013333,0.363351,0.489847,0.691024,0.385208,0.502052,0.691024,-0.021857,0.000000,0.600722,0.013333,-0.076122,0.000000,0.600722,0.020000,1.000000,0.690000,21.464631,36.676362,36.749901,140.726823,290.917076,12.000000,capacity_recovered_outcomes_not_replayed,reports/adversarial-failure-traces-a9.jsonl,"A9 executable pilot only. Each row pairs the same generated world, target bill, status quo, and vote-random seed across a no-attack baseline, a fixed-total-budget mixed portfolio, full-budget single-attack controls, and single-action controls at the mixed allocation. The three portfolios implement the combinations specified in the experiment plan: A1+A2, A3+A4, and A5+A6+A8. Interaction coefficients, resource conversion, review capacity, and recovery behavior are synthetic stress assumptions, not empirical coordination rates, not a general mechanism ranking, and not evidence for real-world institutional adoption."
20260441,A9,mixed_adversary_portfolio,mixed-adversary-portfolio,selection-amendment-benign,selection-amendment-a9-mixed,selection_amendment_pairwise_majority,clone-decoy-poison-pill,A1+A2,2,joint_attack_units,4,medium,5,101,60,300,12,171,177,26,26,177,0,0,0.040000,0.570000,0.590000,0.086667,0.025132,0.032259,0.297435,0.036882,0.053133,0.297756,-0.011750,-0.009440,0.138500,0.086667,0.009321,0.018976,0.232881,0.590000,0.000000,0.000000,0.019847,0.026000,0.027387,0.000000,0.000000,4.000000,not_modeled_for_selection_amendment,reports/adversarial-failure-traces-a9.jsonl,"A9 executable pilot only. Each row pairs the same generated world, target bill, status quo, and vote-random seed across a no-attack baseline, a fixed-total-budget mixed portfolio, full-budget single-attack controls, and single-action controls at the mixed allocation. The three portfolios implement the combinations specified in the experiment plan: A1+A2, A3+A4, and A5+A6+A8. Interaction coefficients, resource conversion, review capacity, and recovery behavior are synthetic stress assumptions, not empirical coordination rates, not a general mechanism ranking, and not evidence for real-world institutional adoption."
20260441,A9,mixed_adversary_portfolio,mixed-adversary-portfolio,selection-amendment-benign,selection-amendment-a9-mixed,selection_amendment_pairwise_majority,clone-decoy-poison-pill,A1+A2,2,joint_attack_units,8,medium,5,101,60,300,19,120,112,33,33,87,0,0,0.063333,0.400000,0.373333,0.110000,0.048938,0.000000,0.272218,0.048517,0.000000,0.466381,0.000420,0.000000,0.219454,0.110000,0.008519,0.000000,0.212183,0.290000,0.000000,0.000000,0.025307,0.052000,0.014907,0.000000,0.000000,8.000000,not_modeled_for_selection_amendment,reports/adversarial-failure-traces-a9.jsonl,"A9 executable pilot only. Each row pairs the same generated world, target bill, status quo, and vote-random seed across a no-attack baseline, a fixed-total-budget mixed portfolio, full-budget single-attack controls, and single-action controls at the mixed allocation. The three portfolios implement the combinations specified in the experiment plan: A1+A2, A3+A4, and A5+A6+A8. Interaction coefficients, resource conversion, review capacity, and recovery behavior are synthetic stress assumptions, not empirical coordination rates, not a general mechanism ranking, and not evidence for real-world institutional adoption."
20260441,A9,mixed_adversary_portfolio,mixed-adversary-portfolio,selection-amendment-benign,selection-amendment-a9-mixed,selection_amendment_pairwise_majority,clone-decoy-poison-pill,A1+A2,2,joint_attack_units,12,medium,5,101,60,300,1,99,110,3,3,14,0,0,0.003333,0.330000,0.366667,0.010000,0.035787,0.000000,0.362412,0.038662,0.000000,0.362412,-0.002874,0.000000,0.087675,0.010000,-0.024494,0.000000,0.269304,0.046667,0.000000,0.000000,0.027820,0.078000,0.021320,0.000000,0.000000,12.000000,not_modeled_for_selection_amendment,reports/adversarial-failure-traces-a9.jsonl,"A9 executable pilot only. Each row pairs the same generated world, target bill, status quo, and vote-random seed across a no-attack baseline, a fixed-total-budget mixed portfolio, full-budget single-attack controls, and single-action controls at the mixed allocation. The three portfolios implement the combinations specified in the experiment plan: A1+A2, A3+A4, and A5+A6+A8. Interaction coefficients, resource conversion, review capacity, and recovery behavior are synthetic stress assumptions, not empirical coordination rates, not a general mechanism ranking, and not evidence for real-world institutional adoption."
20260441,A9,mixed_adversary_portfolio,mixed-adversary-portfolio,selection-amendment-benign,selection-amendment-a9-mixed,selection_amendment_pairwise_majority,clone-decoy-poison-pill,A1+A2,2,joint_attack_units,4,high,5,101,60,300,20,161,160,28,28,166,0,0,0.066667,0.536667,0.533333,0.093333,0.022114,0.032259,0.327594,0.033209,0.042452,0.297943,-0.011095,0.000000,0.095515,0.093333,0.010255,0.018684,0.154344,0.553333,0.000000,0.000000,0.018980,0.026000,0.023920,0.000000,0.000000,4.000000,not_modeled_for_selection_amendment,reports/adversarial-failure-traces-a9.jsonl,"A9 executable pilot only. Each row pairs the same generated world, target bill, status quo, and vote-random seed across a no-attack baseline, a fixed-total-budget mixed portfolio, full-budget single-attack controls, and single-action controls at the mixed allocation. The three portfolios implement the combinations specified in the experiment plan: A1+A2, A3+A4, and A5+A6+A8. Interaction coefficients, resource conversion, review capacity, and recovery behavior are synthetic stress assumptions, not empirical coordination rates, not a general mechanism ranking, and not evidence for real-world institutional adoption."
20260441,A9,mixed_adversary_portfolio,mixed-adversary-portfolio,selection-amendment-benign,selection-amendment-a9-mixed,selection_amendment_pairwise_majority,clone-decoy-poison-pill,A1+A2,2,joint_attack_units,8,high,5,101,60,300,19,119,108,32,32,75,0,0,0.063333,0.396667,0.360000,0.106667,0.044440,0.000000,0.300908,0.042568,0.000000,0.347363,0.001872,0.000000,0.204158,0.106667,0.006942,0.000000,0.271739,0.250000,0.000000,0.000000,0.023920,0.052000,0.014907,0.000000,0.000000,8.000000,not_modeled_for_selection_amendment,reports/adversarial-failure-traces-a9.jsonl,"A9 executable pilot only. Each row pairs the same generated world, target bill, status quo, and vote-random seed across a no-attack baseline, a fixed-total-budget mixed portfolio, full-budget single-attack controls, and single-action controls at the mixed allocation. The three portfolios implement the combinations specified in the experiment plan: A1+A2, A3+A4, and A5+A6+A8. Interaction coefficients, resource conversion, review capacity, and recovery behavior are synthetic stress assumptions, not empirical coordination rates, not a general mechanism ranking, and not evidence for real-world institutional adoption."
20260441,A9,mixed_adversary_portfolio,mixed-adversary-portfolio,selection-amendment-benign,selection-amendment-a9-mixed,selection_amendment_pairwise_majority,clone-decoy-poison-pill,A1+A2,2,joint_attack_units,12,high,5,101,60,300,0,94,98,5,5,13,0,0,0.000000,0.313333,0.326667,0.016667,0.033408,0.000000,0.362412,0.033765,0.000000,0.362412,-0.000357,0.000000,0.152972,0.016667,-0.017620,0.000000,0.262299,0.043333,0.000000,0.000000,0.027560,0.078000,0.018720,0.000000,0.000000,12.000000,not_modeled_for_selection_amendment,reports/adversarial-failure-traces-a9.jsonl,"A9 executable pilot only. Each row pairs the same generated world, target bill, status quo, and vote-random seed across a no-attack baseline, a fixed-total-budget mixed portfolio, full-budget single-attack controls, and single-action controls at the mixed allocation. The three portfolios implement the combinations specified in the experiment plan: A1+A2, A3+A4, and A5+A6+A8. Interaction coefficients, resource conversion, review capacity, and recovery behavior are synthetic stress assumptions, not empirical coordination rates, not a general mechanism ranking, and not evidence for real-world institutional adoption."
20260441,A9,mixed_adversary_portfolio,mixed-adversary-portfolio,public-input-harm-benign,public-input-harm-a9-mixed,public_input_harm_review_majority,astroturf-harm-claims,A3+A4,2,joint_attack_units,4,medium,5,101,60,300,1,2,2,1,1,1,187,1,0.003333,0.006667,0.006667,0.003333,0.001971,0.000000,0.540689,0.001672,0.000000,0.138411,0.000298,0.000000,0.540689,0.003333,0.001802,0.000000,0.540689,0.003333,0.623333,0.003333,0.134983,0.475000,0.137920,0.000000,0.000000,4.000000,same_case_review_only,reports/adversarial-failure-traces-a9.jsonl,"A9 executable pilot only. Each row pairs the same generated world, target bill, status quo, and vote-random seed across a no-attack baseline, a fixed-total-budget mixed portfolio, full-budget single-attack controls, and single-action controls at the mixed allocation. The three portfolios implement the combinations specified in the experiment plan: A1+A2, A3+A4, and A5+A6+A8. Interaction coefficients, resource conversion, review capacity, and recovery behavior are synthetic stress assumptions, not empirical coordination rates, not a general mechanism ranking, and not evidence for real-world institutional adoption."
20260441,A9,mixed_adversary_portfolio,mixed-adversary-portfolio,public-input-harm-benign,public-input-harm-a9-mixed,public_input_harm_review_majority,astroturf-harm-claims,A3+A4,2,joint_attack_units,8,medium,5,101,60,300,0,5,96,0,0,1,259,3,0.000000,0.016667,0.320000,0.000000,0.003536,0.000000,0.537974,0.151956,0.000000,0.710545,-0.148420,0.000000,0.000000,0.000000,0.001600,0.000000,0.537974,0.003333,0.863333,0.010000,0.316050,0.595000,0.214413,0.000000,0.000000,8.000000,same_case_review_only,reports/adversarial-failure-traces-a9.jsonl,"A9 executable pilot only. Each row pairs the same generated world, target bill, status quo, and vote-random seed across a no-attack baseline, a fixed-total-budget mixed portfolio, full-budget single-attack controls, and single-action controls at the mixed allocation. The three portfolios implement the combinations specified in the experiment plan: A1+A2, A3+A4, and A5+A6+A8. Interaction coefficients, resource conversion, review capacity, and recovery behavior are synthetic stress assumptions, not empirical coordination rates, not a general mechanism ranking, and not evidence for real-world institutional adoption."
20260441,A9,mixed_adversary_portfolio,mixed-adversary-portfolio,public-input-harm-benign,public-input-harm-a9-mixed,public_input_harm_review_majority,astroturf-harm-claims,A3+A4,2,joint_attack_units,12,medium,5,101,60,300,4,17,100,5,5,5,300,17,0.013333,0.056667,0.333333,0.016667,0.005541,0.000000,0.245093,0.158000,0.000000,0.710545,-0.152459,0.000000,0.127405,0.016667,-0.150567,0.000000,0.127405,0.016667,1.000000,0.056667,0.508717,0.715000,0.309120,0.000000,0.000000,12.000000,same_case_review_only,reports/adversarial-failure-traces-a9.jsonl,"A9 executable pilot only. Each row pairs the same generated world, target bill, status quo, and vote-random seed across a no-attack baseline, a fixed-total-budget mixed portfolio, full-budget single-attack controls, and single-action controls at the mixed allocation. The three portfolios implement the combinations specified in the experiment plan: A1+A2, A3+A4, and A5+A6+A8. Interaction coefficients, resource conversion, review capacity, and recovery behavior are synthetic stress assumptions, not empirical coordination rates, not a general mechanism ranking, and not evidence for real-world institutional adoption."
20260441,A9,mixed_adversary_portfolio,mixed-adversary-portfolio,public-input-harm-benign,public-input-harm-a9-mixed,public_input_harm_review_majority,astroturf-harm-claims,A3+A4,2,joint_attack_units,4,high,5,101,60,300,5,9,22,5,5,2,199,8,0.016667,0.030000,0.073333,0.016667,0.009922,0.000000,0.600122,0.009455,0.000000,0.371805,0.000468,0.000000,0.600122,0.016667,0.003110,0.000000,0.535448,0.006667,0.663333,0.026667,0.143967,0.475000,0.205600,0.000000,0.000000,4.000000,same_case_review_only,reports/adversarial-failure-traces-a9.jsonl,"A9 executable pilot only. Each row pairs the same generated world, target bill, status quo, and vote-random seed across a no-attack baseline, a fixed-total-budget mixed portfolio, full-budget single-attack controls, and single-action controls at the mixed allocation. The three portfolios implement the combinations specified in the experiment plan: A1+A2, A3+A4, and A5+A6+A8. Interaction coefficients, resource conversion, review capacity, and recovery behavior are synthetic stress assumptions, not empirical coordination rates, not a general mechanism ranking, and not evidence for real-world institutional adoption."
20260441,A9,mixed_adversary_portfolio,mixed-adversary-portfolio,public-input-harm-benign,public-input-harm-a9-mixed,public_input_harm_review_majority,astroturf-harm-claims,A3+A4,2,joint_attack_units,8,high,5,101,60,300,4,19,99,4,4,4,300,19,0.013333,0.063333,0.330000,0.013333,0.008251,0.000000,0.546142,0.155386,0.000000,0.710545,-0.147135,0.000000,0.332558,0.013333,0.001522,0.000000,0.332558,0.013333,1.000000,0.063333,0.400250,0.595000,0.212503,0.000000,0.000000,8.000000,same_case_review_only,reports/adversarial-failure-traces-a9.jsonl,"A9 executable pilot only. Each row pairs the same generated world, target bill, status quo, and vote-random seed across a no-attack baseline, a fixed-total-budget mixed portfolio, full-budget single-attack controls, and single-action controls at the mixed allocation. The three portfolios implement the combinations specified in the experiment plan: A1+A2, A3+A4, and A5+A6+A8. Interaction coefficients, resource conversion, review capacity, and recovery behavior are synthetic stress assumptions, not empirical coordination rates, not a general mechanism ranking, and not evidence for real-world institutional adoption."
20260441,A9,mixed_adversary_portfolio,mixed-adversary-portfolio,public-input-harm-benign,public-input-harm-a9-mixed,public_input_harm_review_majority,astroturf-harm-claims,A3+A4,2,joint_attack_units,12,high,5,101,60,300,4,20,97,4,4,4,300,20,0.013333,0.066667,0.323333,0.013333,0.009797,0.000000,0.535448,0.148355,0.000000,0.710545,-0.138558,0.000000,0.371805,0.013333,-0.132831,0.000000,0.371805,0.013333,1.000000,0.066667,0.515600,0.715000,0.317370,0.000000,0.000000,12.000000,same_case_review_only,reports/adversarial-failure-traces-a9.jsonl,"A9 executable pilot only. Each row pairs the same generated world, target bill, status quo, and vote-random seed across a no-attack baseline, a fixed-total-budget mixed portfolio, full-budget single-attack controls, and single-action controls at the mixed allocation. The three portfolios implement the combinations specified in the experiment plan: A1+A2, A3+A4, and A5+A6+A8. Interaction coefficients, resource conversion, review capacity, and recovery behavior are synthetic stress assumptions, not empirical coordination rates, not a general mechanism ranking, and not evidence for real-world institutional adoption."
20260441,A9,mixed_adversary_portfolio,mixed-adversary-portfolio,portfolio-capacity-benign,portfolio-capacity-a9-mixed,portfolio_capacity_capture_signal,flood-camouflage-support-distortion,A5+A6+A8,3,joint_attack_units,4,medium,5,101,60,300,2,161,201,2,2,2,300,161,0.006667,0.536667,0.670000,0.006667,0.278730,0.354808,0.713348,0.350241,0.468533,0.713348,-0.071511,0.000000,0.500726,0.006667,-0.038205,0.000000,0.500726,0.006667,1.000000,0.536667,5.923655,9.571049,6.766186,24.773837,61.028304,4.000000,capacity_recovered_outcomes_not_replayed,reports/adversarial-failure-traces-a9.jsonl,"A9 executable pilot only. Each row pairs the same generated world, target bill, status quo, and vote-random seed across a no-attack baseline, a fixed-total-budget mixed portfolio, full-budget single-attack controls, and single-action controls at the mixed allocation. The three portfolios implement the combinations specified in the experiment plan: A1+A2, A3+A4, and A5+A6+A8. Interaction coefficients, resource conversion, review capacity, and recovery behavior are synthetic stress assumptions, not empirical coordination rates, not a general mechanism ranking, and not evidence for real-world institutional adoption."
20260441,A9,mixed_adversary_portfolio,mixed-adversary-portfolio,portfolio-capacity-benign,portfolio-capacity-a9-mixed,portfolio_capacity_capture_signal,flood-camouflage-support-distortion,A5+A6+A8,3,joint_attack_units,8,medium,5,101,60,300,1,178,208,1,1,4,300,178,0.003333,0.593333,0.693333,0.003333,0.310693,0.422474,0.713348,0.362074,0.482287,0.713348,-0.051381,0.000000,0.560025,0.003333,-0.101703,0.000000,0.627612,0.013333,1.000000,0.593333,12.089622,20.284704,14.992618,70.609570,152.658493,8.000000,capacity_recovered_outcomes_not_replayed,reports/adversarial-failure-traces-a9.jsonl,"A9 executable pilot only. Each row pairs the same generated world, target bill, status quo, and vote-random seed across a no-attack baseline, a fixed-total-budget mixed portfolio, full-budget single-attack controls, and single-action controls at the mixed allocation. The three portfolios implement the combinations specified in the experiment plan: A1+A2, A3+A4, and A5+A6+A8. Interaction coefficients, resource conversion, review capacity, and recovery behavior are synthetic stress assumptions, not empirical coordination rates, not a general mechanism ranking, and not evidence for real-world institutional adoption."
20260441,A9,mixed_adversary_portfolio,mixed-adversary-portfolio,portfolio-capacity-benign,portfolio-capacity-a9-mixed,portfolio_capacity_capture_signal,flood-camouflage-support-distortion,A5+A6+A8,3,joint_attack_units,12,medium,5,101,60,300,2,197,213,2,2,4,300,197,0.006667,0.656667,0.710000,0.006667,0.342366,0.457931,0.713348,0.370119,0.493268,0.713348,-0.027753,0.000000,0.609426,0.006667,-0.196832,0.000000,0.621798,0.013333,1.000000,0.656667,18.479264,31.327034,21.553695,118.375993,247.034504,12.000000,capacity_recovered_outcomes_not_replayed,reports/adversarial-failure-traces-a9.jsonl,"A9 executable pilot only. Each row pairs the same generated world, target bill, status quo, and vote-random seed across a no-attack baseline, a fixed-total-budget mixed portfolio, full-budget single-attack controls, and single-action controls at the mixed allocation. The three portfolios implement the combinations specified in the experiment plan: A1+A2, A3+A4, and A5+A6+A8. Interaction coefficients, resource conversion, review capacity, and recovery behavior are synthetic stress assumptions, not empirical coordination rates, not a general mechanism ranking, and not evidence for real-world institutional adoption."
20260441,A9,mixed_adversary_portfolio,mixed-adversary-portfolio,portfolio-capacity-benign,portfolio-capacity-a9-mixed,portfolio_capacity_capture_signal,flood-camouflage-support-distortion,A5+A6+A8,3,joint_attack_units,4,high,5,101,60,300,1,166,204,1,1,1,300,166,0.003333,0.553333,0.680000,0.003333,0.287069,0.380913,0.713348,0.353654,0.467259,0.713348,-0.066584,0.000000,0.588049,0.003333,-0.059306,0.000000,0.571861,0.003333,1.000000,0.553333,7.429964,12.211103,7.425919,35.920843,83.676543,4.000000,capacity_recovered_outcomes_not_replayed,reports/adversarial-failure-traces-a9.jsonl,"A9 executable pilot only. Each row pairs the same generated world, target bill, status quo, and vote-random seed across a no-attack baseline, a fixed-total-budget mixed portfolio, full-budget single-attack controls, and single-action controls at the mixed allocation. The three portfolios implement the combinations specified in the experiment plan: A1+A2, A3+A4, and A5+A6+A8. Interaction coefficients, resource conversion, review capacity, and recovery behavior are synthetic stress assumptions, not empirical coordination rates, not a general mechanism ranking, and not evidence for real-world institutional adoption."
20260441,A9,mixed_adversary_portfolio,mixed-adversary-portfolio,portfolio-capacity-benign,portfolio-capacity-a9-mixed,portfolio_capacity_capture_signal,flood-camouflage-support-distortion,A5+A6+A8,3,joint_attack_units,8,high,5,101,60,300,2,189,218,2,2,4,300,189,0.006667,0.630000,0.726667,0.006667,0.329502,0.441353,0.713348,0.376864,0.478278,0.713348,-0.047362,0.000000,0.498503,0.006667,-0.144957,0.000000,0.621798,0.013333,1.000000,0.630000,14.327087,24.177232,14.940965,87.381831,186.009414,8.000000,capacity_recovered_outcomes_not_replayed,reports/adversarial-failure-traces-a9.jsonl,"A9 executable pilot only. Each row pairs the same generated world, target bill, status quo, and vote-random seed across a no-attack baseline, a fixed-total-budget mixed portfolio, full-budget single-attack controls, and single-action controls at the mixed allocation. The three portfolios implement the combinations specified in the experiment plan: A1+A2, A3+A4, and A5+A6+A8. Interaction coefficients, resource conversion, review capacity, and recovery behavior are synthetic stress assumptions, not empirical coordination rates, not a general mechanism ranking, and not evidence for real-world institutional adoption."
20260441,A9,mixed_adversary_portfolio,mixed-adversary-portfolio,portfolio-capacity-benign,portfolio-capacity-a9-mixed,portfolio_capacity_capture_signal,flood-camouflage-support-distortion,A5+A6+A8,3,joint_attack_units,12,high,5,101,60,300,4,203,214,4,4,5,300,203,0.013333,0.676667,0.713333,0.013333,0.352509,0.470754,0.713348,0.372176,0.493762,0.687455,-0.019667,0.000000,0.713348,0.013333,-0.221382,0.000000,0.713348,0.016667,1.000000,0.676667,21.469677,36.524753,23.978445,140.841997,291.556944,12.000000,capacity_recovered_outcomes_not_replayed,reports/adversarial-failure-traces-a9.jsonl,"A9 executable pilot only. Each row pairs the same generated world, target bill, status quo, and vote-random seed across a no-attack baseline, a fixed-total-budget mixed portfolio, full-budget single-attack controls, and single-action controls at the mixed allocation. The three portfolios implement the combinations specified in the experiment plan: A1+A2, A3+A4, and A5+A6+A8. Interaction coefficients, resource conversion, review capacity, and recovery behavior are synthetic stress assumptions, not empirical coordination rates, not a general mechanism ranking, and not evidence for real-world institutional adoption."
20260442,A9,mixed_adversary_portfolio,mixed-adversary-portfolio,selection-amendment-benign,selection-amendment-a9-mixed,selection_amendment_pairwise_majority,clone-decoy-poison-pill,A1+A2,2,joint_attack_units,4,medium,5,101,60,300,11,218,235,40,40,218,0,0,0.036667,0.726667,0.783333,0.133333,0.038855,0.032259,0.394056,0.051059,0.053133,0.380042,-0.012204,-0.017925,0.255920,0.133333,0.014120,0.018976,0.207329,0.726667,0.000000,0.000000,0.025567,0.026000,0.034840,0.000000,0.000000,4.000000,not_modeled_for_selection_amendment,reports/adversarial-failure-traces-a9.jsonl,"A9 executable pilot only. Each row pairs the same generated world, target bill, status quo, and vote-random seed across a no-attack baseline, a fixed-total-budget mixed portfolio, full-budget single-attack controls, and single-action controls at the mixed allocation. The three portfolios implement the combinations specified in the experiment plan: A1+A2, A3+A4, and A5+A6+A8. Interaction coefficients, resource conversion, review capacity, and recovery behavior are synthetic stress assumptions, not empirical coordination rates, not a general mechanism ranking, and not evidence for real-world institutional adoption."
20260442,A9,mixed_adversary_portfolio,mixed-adversary-portfolio,selection-amendment-benign,selection-amendment-a9-mixed,selection_amendment_pairwise_majority,clone-decoy-poison-pill,A1+A2,2,joint_attack_units,8,medium,5,101,60,300,36,158,150,72,72,112,0,0,0.120000,0.526667,0.500000,0.240000,0.066829,0.038357,0.343711,0.062133,0.021361,0.351673,0.004696,0.000000,0.343711,0.240000,0.011265,0.000000,0.232013,0.373333,0.000000,0.000000,0.047493,0.052000,0.038133,0.000000,0.000000,8.000000,not_modeled_for_selection_amendment,reports/adversarial-failure-traces-a9.jsonl,"A9 executable pilot only. Each row pairs the same generated world, target bill, status quo, and vote-random seed across a no-attack baseline, a fixed-total-budget mixed portfolio, full-budget single-attack controls, and single-action controls at the mixed allocation. The three portfolios implement the combinations specified in the experiment plan: A1+A2, A3+A4, and A5+A6+A8. Interaction coefficients, resource conversion, review capacity, and recovery behavior are synthetic stress assumptions, not empirical coordination rates, not a general mechanism ranking, and not evidence for real-world institutional adoption."
20260442,A9,mixed_adversary_portfolio,mixed-adversary-portfolio,selection-amendment-benign,selection-amendment-a9-mixed,selection_amendment_pairwise_majority,clone-decoy-poison-pill,A1+A2,2,joint_attack_units,12,medium,5,101,60,300,1,101,123,16,16,23,0,0,0.003333,0.336667,0.410000,0.053333,0.037324,0.000000,0.363979,0.039236,0.000000,0.375199,-0.001912,0.000000,0.313983,0.053333,-0.042332,0.000000,0.261903,0.076667,0.000000,0.000000,0.062400,0.078000,0.044200,0.000000,0.000000,12.000000,not_modeled_for_selection_amendment,reports/adversarial-failure-traces-a9.jsonl,"A9 executable pilot only. Each row pairs the same generated world, target bill, status quo, and vote-random seed across a no-attack baseline, a fixed-total-budget mixed portfolio, full-budget single-attack controls, and single-action controls at the mixed allocation. The three portfolios implement the combinations specified in the experiment plan: A1+A2, A3+A4, and A5+A6+A8. Interaction coefficients, resource conversion, review capacity, and recovery behavior are synthetic stress assumptions, not empirical coordination rates, not a general mechanism ranking, and not evidence for real-world institutional adoption."
20260442,A9,mixed_adversary_portfolio,mixed-adversary-portfolio,selection-amendment-benign,selection-amendment-a9-mixed,selection_amendment_pairwise_majority,clone-decoy-poison-pill,A1+A2,2,joint_attack_units,4,high,5,101,60,300,17,212,224,54,54,211,0,0,0.056667,0.706667,0.746667,0.180000,0.038094,0.032259,0.348754,0.050230,0.053133,0.405305,-0.012136,-0.010946,0.093109,0.180000,0.011624,0.018820,0.130143,0.703333,0.000000,0.000000,0.025307,0.026000,0.031893,0.000000,0.000000,4.000000,not_modeled_for_selection_amendment,reports/adversarial-failure-traces-a9.jsonl,"A9 executable pilot only. Each row pairs the same generated world, target bill, status quo, and vote-random seed across a no-attack baseline, a fixed-total-budget mixed portfolio, full-budget single-attack controls, and single-action controls at the mixed allocation. The three portfolios implement the combinations specified in the experiment plan: A1+A2, A3+A4, and A5+A6+A8. Interaction coefficients, resource conversion, review capacity, and recovery behavior are synthetic stress assumptions, not empirical coordination rates, not a general mechanism ranking, and not evidence for real-world institutional adoption."
20260442,A9,mixed_adversary_portfolio,mixed-adversary-portfolio,selection-amendment-benign,selection-amendment-a9-mixed,selection_amendment_pairwise_majority,clone-decoy-poison-pill,A1+A2,2,joint_attack_units,8,high,5,101,60,300,27,152,153,65,65,104,0,0,0.090000,0.506667,0.510000,0.216667,0.064911,0.032757,0.272877,0.061509,0.028973,0.282995,0.003401,0.000000,0.272877,0.216667,0.002628,0.000000,0.220614,0.346667,0.000000,0.000000,0.047320,0.052000,0.033627,0.000000,0.000000,8.000000,not_modeled_for_selection_amendment,reports/adversarial-failure-traces-a9.jsonl,"A9 executable pilot only. Each row pairs the same generated world, target bill, status quo, and vote-random seed across a no-attack baseline, a fixed-total-budget mixed portfolio, full-budget single-attack controls, and single-action controls at the mixed allocation. The three portfolios implement the combinations specified in the experiment plan: A1+A2, A3+A4, and A5+A6+A8. Interaction coefficients, resource conversion, review capacity, and recovery behavior are synthetic stress assumptions, not empirical coordination rates, not a general mechanism ranking, and not evidence for real-world institutional adoption."
20260442,A9,mixed_adversary_portfolio,mixed-adversary-portfolio,selection-amendment-benign,selection-amendment-a9-mixed,selection_amendment_pairwise_majority,clone-decoy-poison-pill,A1+A2,2,joint_attack_units,12,high,5,101,60,300,4,109,134,14,14,19,0,0,0.013333,0.363333,0.446667,0.046667,0.038522,0.000000,0.365415,0.046447,0.000000,0.434119,-0.007925,0.000000,0.346769,0.046667,-0.046203,-0.005165,0.246885,0.063333,0.000000,0.000000,0.062400,0.078000,0.043160,0.000000,0.000000,12.000000,not_modeled_for_selection_amendment,reports/adversarial-failure-traces-a9.jsonl,"A9 executable pilot only. Each row pairs the same generated world, target bill, status quo, and vote-random seed across a no-attack baseline, a fixed-total-budget mixed portfolio, full-budget single-attack controls, and single-action controls at the mixed allocation. The three portfolios implement the combinations specified in the experiment plan: A1+A2, A3+A4, and A5+A6+A8. Interaction coefficients, resource conversion, review capacity, and recovery behavior are synthetic stress assumptions, not empirical coordination rates, not a general mechanism ranking, and not evidence for real-world institutional adoption."
20260442,A9,mixed_adversary_portfolio,mixed-adversary-portfolio,public-input-harm-benign,public-input-harm-a9-mixed,public_input_harm_review_majority,astroturf-harm-claims,A3+A4,2,joint_attack_units,4,medium,5,101,60,300,2,6,4,2,2,1,202,6,0.006667,0.020000,0.013333,0.006667,0.004325,0.000000,0.546261,0.001267,0.000000,0.089838,0.003058,0.000000,0.546261,0.006667,0.001154,0.000000,0.535448,0.003333,0.673333,0.020000,0.133900,0.475000,0.138723,0.000000,0.000000,4.000000,same_case_review_only,reports/adversarial-failure-traces-a9.jsonl,"A9 executable pilot only. Each row pairs the same generated world, target bill, status quo, and vote-random seed across a no-attack baseline, a fixed-total-budget mixed portfolio, full-budget single-attack controls, and single-action controls at the mixed allocation. The three portfolios implement the combinations specified in the experiment plan: A1+A2, A3+A4, and A5+A6+A8. Interaction coefficients, resource conversion, review capacity, and recovery behavior are synthetic stress assumptions, not empirical coordination rates, not a general mechanism ranking, and not evidence for real-world institutional adoption."
20260442,A9,mixed_adversary_portfolio,mixed-adversary-portfolio,public-input-harm-benign,public-input-harm-a9-mixed,public_input_harm_review_majority,astroturf-harm-claims,A3+A4,2,joint_attack_units,8,medium,5,101,60,300,1,9,82,1,1,2,268,8,0.003333,0.030000,0.273333,0.003333,0.002012,0.000000,0.100539,0.128300,0.000000,0.755159,-0.126289,0.000000,0.058219,0.003333,-0.000287,0.000000,0.058219,0.006667,0.893333,0.026667,0.322383,0.595000,0.206320,0.000000,0.000000,8.000000,same_case_review_only,reports/adversarial-failure-traces-a9.jsonl,"A9 executable pilot only. Each row pairs the same generated world, target bill, status quo, and vote-random seed across a no-attack baseline, a fixed-total-budget mixed portfolio, full-budget single-attack controls, and single-action controls at the mixed allocation. The three portfolios implement the combinations specified in the experiment plan: A1+A2, A3+A4, and A5+A6+A8. Interaction coefficients, resource conversion, review capacity, and recovery behavior are synthetic stress assumptions, not empirical coordination rates, not a general mechanism ranking, and not evidence for real-world institutional adoption."
20260442,A9,mixed_adversary_portfolio,mixed-adversary-portfolio,public-input-harm-benign,public-input-harm-a9-mixed,public_input_harm_review_majority,astroturf-harm-claims,A3+A4,2,joint_attack_units,12,medium,5,101,60,300,2,13,82,2,2,2,300,13,0.006667,0.043333,0.273333,0.006667,0.005468,0.000000,0.384412,0.130779,0.000000,0.689986,-0.125311,0.000000,0.312201,0.006667,-0.124770,0.000000,0.312201,0.006667,1.000000,0.043333,0.487300,0.715000,0.300253,0.000000,0.000000,12.000000,same_case_review_only,reports/adversarial-failure-traces-a9.jsonl,"A9 executable pilot only. Each row pairs the same generated world, target bill, status quo, and vote-random seed across a no-attack baseline, a fixed-total-budget mixed portfolio, full-budget single-attack controls, and single-action controls at the mixed allocation. The three portfolios implement the combinations specified in the experiment plan: A1+A2, A3+A4, and A5+A6+A8. Interaction coefficients, resource conversion, review capacity, and recovery behavior are synthetic stress assumptions, not empirical coordination rates, not a general mechanism ranking, and not evidence for real-world institutional adoption."
20260442,A9,mixed_adversary_portfolio,mixed-adversary-portfolio,public-input-harm-benign,public-input-harm-a9-mixed,public_input_harm_review_majority,astroturf-harm-claims,A3+A4,2,joint_attack_units,4,high,5,101,60,300,2,9,15,2,2,1,208,9,0.006667,0.030000,0.050000,0.006667,0.006156,0.000000,0.535448,0.006923,0.000000,0.535448,-0.000767,0.000000,0.535448,0.006667,0.001681,0.000000,0.535448,0.003333,0.693333,0.030000,0.141067,0.475000,0.187950,0.000000,0.000000,4.000000,same_case_review_only,reports/adversarial-failure-traces-a9.jsonl,"A9 executable pilot only. Each row pairs the same generated world, target bill, status quo, and vote-random seed across a no-attack baseline, a fixed-total-budget mixed portfolio, full-budget single-attack controls, and single-action controls at the mixed allocation. The three portfolios implement the combinations specified in the experiment plan: A1+A2, A3+A4, and A5+A6+A8. Interaction coefficients, resource conversion, review capacity, and recovery behavior are synthetic stress assumptions, not empirical coordination rates, not a general mechanism ranking, and not evidence for real-world institutional adoption."
20260442,A9,mixed_adversary_portfolio,mixed-adversary-portfolio,public-input-harm-benign,public-input-harm-a9-mixed,public_input_harm_review_majority,astroturf-harm-claims,A3+A4,2,joint_attack_units,8,high,5,101,60,300,3,14,76,3,3,3,297,14,0.010000,0.046667,0.253333,0.010000,0.005960,0.000000,0.401248,0.122841,0.000000,0.669293,-0.116881,0.000000,0.109446,0.010000,-0.000248,0.000000,0.109446,0.010000,0.990000,0.046667,0.386783,0.595000,0.207107,0.000000,0.000000,8.000000,same_case_review_only,reports/adversarial-failure-traces-a9.jsonl,"A9 executable pilot only. Each row pairs the same generated world, target bill, status quo, and vote-random seed across a no-attack baseline, a fixed-total-budget mixed portfolio, full-budget single-attack controls, and single-action controls at the mixed allocation. The three portfolios implement the combinations specified in the experiment plan: A1+A2, A3+A4, and A5+A6+A8. Interaction coefficients, resource conversion, review capacity, and recovery behavior are synthetic stress assumptions, not empirical coordination rates, not a general mechanism ranking, and not evidence for real-world institutional adoption."
20260442,A9,mixed_adversary_portfolio,mixed-adversary-portfolio,public-input-harm-benign,public-input-harm-a9-mixed,public_input_harm_review_majority,astroturf-harm-claims,A3+A4,2,joint_attack_units,12,high,5,101,60,300,3,12,65,3,3,4,300,12,0.010000,0.040000,0.216667,0.010000,0.005444,0.000000,0.401248,0.102389,0.000000,0.699777,-0.096945,0.000000,0.384412,0.010000,-0.095094,0.000000,0.401248,0.013333,1.000000,0.040000,0.488600,0.715000,0.302257,0.000000,0.000000,12.000000,same_case_review_only,reports/adversarial-failure-traces-a9.jsonl,"A9 executable pilot only. Each row pairs the same generated world, target bill, status quo, and vote-random seed across a no-attack baseline, a fixed-total-budget mixed portfolio, full-budget single-attack controls, and single-action controls at the mixed allocation. The three portfolios implement the combinations specified in the experiment plan: A1+A2, A3+A4, and A5+A6+A8. Interaction coefficients, resource conversion, review capacity, and recovery behavior are synthetic stress assumptions, not empirical coordination rates, not a general mechanism ranking, and not evidence for real-world institutional adoption."
20260442,A9,mixed_adversary_portfolio,mixed-adversary-portfolio,portfolio-capacity-benign,portfolio-capacity-a9-mixed,portfolio_capacity_capture_signal,flood-camouflage-support-distortion,A5+A6+A8,3,joint_attack_units,4,medium,5,101,60,300,1,156,191,1,1,1,300,156,0.003333,0.520000,0.636667,0.003333,0.275595,0.320732,0.706537,0.336165,0.464760,0.706537,-0.060570,0.000000,0.491573,0.003333,-0.037273,0.000000,0.491573,0.003333,1.000000,0.520000,5.968454,9.697105,5.574555,25.266703,61.250401,4.000000,capacity_recovered_outcomes_not_replayed,reports/adversarial-failure-traces-a9.jsonl,"A9 executable pilot only. Each row pairs the same generated world, target bill, status quo, and vote-random seed across a no-attack baseline, a fixed-total-budget mixed portfolio, full-budget single-attack controls, and single-action controls at the mixed allocation. The three portfolios implement the combinations specified in the experiment plan: A1+A2, A3+A4, and A5+A6+A8. Interaction coefficients, resource conversion, review capacity, and recovery behavior are synthetic stress assumptions, not empirical coordination rates, not a general mechanism ranking, and not evidence for real-world institutional adoption."
20260442,A9,mixed_adversary_portfolio,mixed-adversary-portfolio,portfolio-capacity-benign,portfolio-capacity-a9-mixed,portfolio_capacity_capture_signal,flood-camouflage-support-distortion,A5+A6+A8,3,joint_attack_units,8,medium,5,101,60,300,3,181,208,3,3,5,300,181,0.010000,0.603333,0.693333,0.010000,0.321049,0.434881,0.706537,0.367265,0.483935,0.706537,-0.046217,0.000000,0.689099,0.010000,-0.129366,0.000000,0.689099,0.016667,1.000000,0.603333,12.127928,20.399508,11.721936,71.058442,152.769036,8.000000,capacity_recovered_outcomes_not_replayed,reports/adversarial-failure-traces-a9.jsonl,"A9 executable pilot only. Each row pairs the same generated world, target bill, status quo, and vote-random seed across a no-attack baseline, a fixed-total-budget mixed portfolio, full-budget single-attack controls, and single-action controls at the mixed allocation. The three portfolios implement the combinations specified in the experiment plan: A1+A2, A3+A4, and A5+A6+A8. Interaction coefficients, resource conversion, review capacity, and recovery behavior are synthetic stress assumptions, not empirical coordination rates, not a general mechanism ranking, and not evidence for real-world institutional adoption."
20260442,A9,mixed_adversary_portfolio,mixed-adversary-portfolio,portfolio-capacity-benign,portfolio-capacity-a9-mixed,portfolio_capacity_capture_signal,flood-camouflage-support-distortion,A5+A6+A8,3,joint_attack_units,12,medium,5,101,60,300,1,196,214,1,1,3,300,196,0.003333,0.653333,0.713333,0.003333,0.343490,0.468075,0.706537,0.374891,0.488244,0.736688,-0.031400,0.000000,0.610627,0.003333,-0.259828,0.000000,0.631028,0.010000,1.000000,0.653333,18.518664,31.437557,16.472876,118.803845,247.103669,12.000000,capacity_recovered_outcomes_not_replayed,reports/adversarial-failure-traces-a9.jsonl,"A9 executable pilot only. Each row pairs the same generated world, target bill, status quo, and vote-random seed across a no-attack baseline, a fixed-total-budget mixed portfolio, full-budget single-attack controls, and single-action controls at the mixed allocation. The three portfolios implement the combinations specified in the experiment plan: A1+A2, A3+A4, and A5+A6+A8. Interaction coefficients, resource conversion, review capacity, and recovery behavior are synthetic stress assumptions, not empirical coordination rates, not a general mechanism ranking, and not evidence for real-world institutional adoption."
20260442,A9,mixed_adversary_portfolio,mixed-adversary-portfolio,portfolio-capacity-benign,portfolio-capacity-a9-mixed,portfolio_capacity_capture_signal,flood-camouflage-support-distortion,A5+A6+A8,3,joint_attack_units,4,high,5,101,60,300,2,164,203,2,2,6,300,164,0.006667,0.546667,0.676667,0.006667,0.291654,0.383943,0.706537,0.361428,0.484626,0.706537,-0.069774,0.000000,0.689099,0.006667,-0.052528,0.000000,0.689099,0.020000,1.000000,0.546667,7.486075,12.338907,5.835643,36.464478,83.889616,4.000000,capacity_recovered_outcomes_not_replayed,reports/adversarial-failure-traces-a9.jsonl,"A9 executable pilot only. Each row pairs the same generated world, target bill, status quo, and vote-random seed across a no-attack baseline, a fixed-total-budget mixed portfolio, full-budget single-attack controls, and single-action controls at the mixed allocation. The three portfolios implement the combinations specified in the experiment plan: A1+A2, A3+A4, and A5+A6+A8. Interaction coefficients, resource conversion, review capacity, and recovery behavior are synthetic stress assumptions, not empirical coordination rates, not a general mechanism ranking, and not evidence for real-world institutional adoption."
20260442,A9,mixed_adversary_portfolio,mixed-adversary-portfolio,portfolio-capacity-benign,portfolio-capacity-a9-mixed,portfolio_capacity_capture_signal,flood-camouflage-support-distortion,A5+A6+A8,3,joint_attack_units,8,high,5,101,60,300,6,189,206,6,6,9,300,189,0.020000,0.630000,0.686667,0.020000,0.334302,0.462839,0.706537,0.364018,0.484626,0.706537,-0.029716,0.000000,0.610627,0.020000,-0.171327,0.000000,0.689099,0.030000,1.000000,0.630000,14.373899,24.288558,11.410408,87.900060,186.090609,8.000000,capacity_recovered_outcomes_not_replayed,reports/adversarial-failure-traces-a9.jsonl,"A9 executable pilot only. Each row pairs the same generated world, target bill, status quo, and vote-random seed across a no-attack baseline, a fixed-total-budget mixed portfolio, full-budget single-attack controls, and single-action controls at the mixed allocation. The three portfolios implement the combinations specified in the experiment plan: A1+A2, A3+A4, and A5+A6+A8. Interaction coefficients, resource conversion, review capacity, and recovery behavior are synthetic stress assumptions, not empirical coordination rates, not a general mechanism ranking, and not evidence for real-world institutional adoption."
20260442,A9,mixed_adversary_portfolio,mixed-adversary-portfolio,portfolio-capacity-benign,portfolio-capacity-a9-mixed,portfolio_capacity_capture_signal,flood-camouflage-support-distortion,A5+A6+A8,3,joint_attack_units,12,high,5,101,60,300,4,186,205,4,4,5,300,186,0.013333,0.620000,0.683333,0.013333,0.329865,0.445588,0.706537,0.362675,0.478103,0.736688,-0.032810,0.000000,0.630693,0.013333,-0.265853,0.000000,0.630693,0.016667,1.000000,0.620000,21.518364,36.629363,17.383021,141.361365,291.586403,12.000000,capacity_recovered_outcomes_not_replayed,reports/adversarial-failure-traces-a9.jsonl,"A9 executable pilot only. Each row pairs the same generated world, target bill, status quo, and vote-random seed across a no-attack baseline, a fixed-total-budget mixed portfolio, full-budget single-attack controls, and single-action controls at the mixed allocation. The three portfolios implement the combinations specified in the experiment plan: A1+A2, A3+A4, and A5+A6+A8. Interaction coefficients, resource conversion, review capacity, and recovery behavior are synthetic stress assumptions, not empirical coordination rates, not a general mechanism ranking, and not evidence for real-world institutional adoption."
20260443,A9,mixed_adversary_portfolio,mixed-adversary-portfolio,selection-amendment-benign,selection-amendment-a9-mixed,selection_amendment_pairwise_majority,clone-decoy-poison-pill,A1+A2,2,joint_attack_units,4,medium,5,101,60,300,9,160,174,22,22,161,0,0,0.030000,0.533333,0.580000,0.073333,0.025014,0.032259,0.217391,0.038315,0.052981,0.295007,-0.013301,0.000000,0.091621,0.073333,0.010248,0.018775,0.208601,0.536667,0.000000,0.000000,0.021927,0.026000,0.026173,0.000000,0.000000,4.000000,not_modeled_for_selection_amendment,reports/adversarial-failure-traces-a9.jsonl,"A9 executable pilot only. Each row pairs the same generated world, target bill, status quo, and vote-random seed across a no-attack baseline, a fixed-total-budget mixed portfolio, full-budget single-attack controls, and single-action controls at the mixed allocation. The three portfolios implement the combinations specified in the experiment plan: A1+A2, A3+A4, and A5+A6+A8. Interaction coefficients, resource conversion, review capacity, and recovery behavior are synthetic stress assumptions, not empirical coordination rates, not a general mechanism ranking, and not evidence for real-world institutional adoption."
20260443,A9,mixed_adversary_portfolio,mixed-adversary-portfolio,selection-amendment-benign,selection-amendment-a9-mixed,selection_amendment_pairwise_majority,clone-decoy-poison-pill,A1+A2,2,joint_attack_units,8,medium,5,101,60,300,20,121,112,45,45,82,0,0,0.066667,0.403333,0.373333,0.150000,0.048325,0.000000,0.365647,0.043084,0.000000,0.376615,0.005241,0.000000,0.365647,0.150000,0.010157,0.000000,0.252757,0.273333,0.000000,0.000000,0.033800,0.052000,0.021147,0.000000,0.000000,8.000000,not_modeled_for_selection_amendment,reports/adversarial-failure-traces-a9.jsonl,"A9 executable pilot only. Each row pairs the same generated world, target bill, status quo, and vote-random seed across a no-attack baseline, a fixed-total-budget mixed portfolio, full-budget single-attack controls, and single-action controls at the mixed allocation. The three portfolios implement the combinations specified in the experiment plan: A1+A2, A3+A4, and A5+A6+A8. Interaction coefficients, resource conversion, review capacity, and recovery behavior are synthetic stress assumptions, not empirical coordination rates, not a general mechanism ranking, and not evidence for real-world institutional adoption."
20260443,A9,mixed_adversary_portfolio,mixed-adversary-portfolio,selection-amendment-benign,selection-amendment-a9-mixed,selection_amendment_pairwise_majority,clone-decoy-poison-pill,A1+A2,2,joint_attack_units,12,medium,5,101,60,300,2,96,110,11,11,19,0,0,0.006667,0.320000,0.366667,0.036667,0.035507,0.000000,0.349439,0.037340,0.000000,0.376615,-0.001833,0.000000,0.349439,0.036667,-0.019247,0.000000,0.224330,0.063333,0.000000,0.000000,0.031200,0.078000,0.017160,0.000000,0.000000,12.000000,not_modeled_for_selection_amendment,reports/adversarial-failure-traces-a9.jsonl,"A9 executable pilot only. Each row pairs the same generated world, target bill, status quo, and vote-random seed across a no-attack baseline, a fixed-total-budget mixed portfolio, full-budget single-attack controls, and single-action controls at the mixed allocation. The three portfolios implement the combinations specified in the experiment plan: A1+A2, A3+A4, and A5+A6+A8. Interaction coefficients, resource conversion, review capacity, and recovery behavior are synthetic stress assumptions, not empirical coordination rates, not a general mechanism ranking, and not evidence for real-world institutional adoption."
20260443,A9,mixed_adversary_portfolio,mixed-adversary-portfolio,selection-amendment-benign,selection-amendment-a9-mixed,selection_amendment_pairwise_majority,clone-decoy-poison-pill,A1+A2,2,joint_attack_units,4,high,5,101,60,300,14,172,174,28,28,169,0,0,0.046667,0.573333,0.580000,0.093333,0.026998,0.032259,0.210573,0.037867,0.052973,0.285216,-0.010869,0.000000,0.210573,0.093333,0.012259,0.018560,0.183508,0.563333,0.000000,0.000000,0.021407,0.026000,0.026693,0.000000,0.000000,4.000000,not_modeled_for_selection_amendment,reports/adversarial-failure-traces-a9.jsonl,"A9 executable pilot only. Each row pairs the same generated world, target bill, status quo, and vote-random seed across a no-attack baseline, a fixed-total-budget mixed portfolio, full-budget single-attack controls, and single-action controls at the mixed allocation. The three portfolios implement the combinations specified in the experiment plan: A1+A2, A3+A4, and A5+A6+A8. Interaction coefficients, resource conversion, review capacity, and recovery behavior are synthetic stress assumptions, not empirical coordination rates, not a general mechanism ranking, and not evidence for real-world institutional adoption."
20260443,A9,mixed_adversary_portfolio,mixed-adversary-portfolio,selection-amendment-benign,selection-amendment-a9-mixed,selection_amendment_pairwise_majority,clone-decoy-poison-pill,A1+A2,2,joint_attack_units,8,high,5,101,60,300,17,111,117,35,35,67,0,0,0.056667,0.370000,0.390000,0.116667,0.042128,0.000000,0.273610,0.040358,0.000000,0.313927,0.001770,0.000000,0.255617,0.116667,-0.004072,0.000000,0.245117,0.223333,0.000000,0.000000,0.031720,0.052000,0.022880,0.000000,0.000000,8.000000,not_modeled_for_selection_amendment,reports/adversarial-failure-traces-a9.jsonl,"A9 executable pilot only. Each row pairs the same generated world, target bill, status quo, and vote-random seed across a no-attack baseline, a fixed-total-budget mixed portfolio, full-budget single-attack controls, and single-action controls at the mixed allocation. The three portfolios implement the combinations specified in the experiment plan: A1+A2, A3+A4, and A5+A6+A8. Interaction coefficients, resource conversion, review capacity, and recovery behavior are synthetic stress assumptions, not empirical coordination rates, not a general mechanism ranking, and not evidence for real-world institutional adoption."
20260443,A9,mixed_adversary_portfolio,mixed-adversary-portfolio,selection-amendment-benign,selection-amendment-a9-mixed,selection_amendment_pairwise_majority,clone-decoy-poison-pill,A1+A2,2,joint_attack_units,12,high,5,101,60,300,0,83,97,7,7,14,0,0,0.000000,0.276667,0.323333,0.023333,0.032239,0.000000,0.375630,0.033187,0.000000,0.375630,-0.000947,0.000000,0.296523,0.023333,-0.017160,0.000000,0.273541,0.046667,0.000000,0.000000,0.028600,0.078000,0.018720,0.000000,0.000000,12.000000,not_modeled_for_selection_amendment,reports/adversarial-failure-traces-a9.jsonl,"A9 executable pilot only. Each row pairs the same generated world, target bill, status quo, and vote-random seed across a no-attack baseline, a fixed-total-budget mixed portfolio, full-budget single-attack controls, and single-action controls at the mixed allocation. The three portfolios implement the combinations specified in the experiment plan: A1+A2, A3+A4, and A5+A6+A8. Interaction coefficients, resource conversion, review capacity, and recovery behavior are synthetic stress assumptions, not empirical coordination rates, not a general mechanism ranking, and not evidence for real-world institutional adoption."
20260443,A9,mixed_adversary_portfolio,mixed-adversary-portfolio,public-input-harm-benign,public-input-harm-a9-mixed,public_input_harm_review_majority,astroturf-harm-claims,A3+A4,2,joint_attack_units,4,medium,5,101,60,300,2,7,7,3,3,1,190,7,0.006667,0.023333,0.023333,0.010000,0.006225,0.000000,0.536626,0.003761,0.000000,0.401248,0.002464,0.000000,0.536626,0.010000,0.000043,0.000000,0.012774,0.003333,0.633333,0.023333,0.131050,0.475000,0.130100,0.000000,0.000000,4.000000,same_case_review_only,reports/adversarial-failure-traces-a9.jsonl,"A9 executable pilot only. Each row pairs the same generated world, target bill, status quo, and vote-random seed across a no-attack baseline, a fixed-total-budget mixed portfolio, full-budget single-attack controls, and single-action controls at the mixed allocation. The three portfolios implement the combinations specified in the experiment plan: A1+A2, A3+A4, and A5+A6+A8. Interaction coefficients, resource conversion, review capacity, and recovery behavior are synthetic stress assumptions, not empirical coordination rates, not a general mechanism ranking, and not evidence for real-world institutional adoption."
20260443,A9,mixed_adversary_portfolio,mixed-adversary-portfolio,public-input-harm-benign,public-input-harm-a9-mixed,public_input_harm_review_majority,astroturf-harm-claims,A3+A4,2,joint_attack_units,8,medium,5,101,60,300,1,7,99,1,1,1,264,7,0.003333,0.023333,0.330000,0.003333,0.002957,0.000000,0.401248,0.155017,0.000000,0.673706,-0.152060,0.000000,0.091659,0.003333,0.000065,0.000000,0.091659,0.003333,0.880000,0.023333,0.316633,0.595000,0.209240,0.000000,0.000000,8.000000,same_case_review_only,reports/adversarial-failure-traces-a9.jsonl,"A9 executable pilot only. Each row pairs the same generated world, target bill, status quo, and vote-random seed across a no-attack baseline, a fixed-total-budget mixed portfolio, full-budget single-attack controls, and single-action controls at the mixed allocation. The three portfolios implement the combinations specified in the experiment plan: A1+A2, A3+A4, and A5+A6+A8. Interaction coefficients, resource conversion, review capacity, and recovery behavior are synthetic stress assumptions, not empirical coordination rates, not a general mechanism ranking, and not evidence for real-world institutional adoption."
20260443,A9,mixed_adversary_portfolio,mixed-adversary-portfolio,public-input-harm-benign,public-input-harm-a9-mixed,public_input_harm_review_majority,astroturf-harm-claims,A3+A4,2,joint_attack_units,12,medium,5,101,60,300,4,18,102,4,4,4,300,18,0.013333,0.060000,0.340000,0.013333,0.007817,0.000000,0.351050,0.159720,0.000000,0.678360,-0.151903,0.000000,0.351050,0.013333,-0.147683,0.000000,0.351050,0.013333,1.000000,0.060000,0.501200,0.715000,0.309547,0.000000,0.000000,12.000000,same_case_review_only,reports/adversarial-failure-traces-a9.jsonl,"A9 executable pilot only. Each row pairs the same generated world, target bill, status quo, and vote-random seed across a no-attack baseline, a fixed-total-budget mixed portfolio, full-budget single-attack controls, and single-action controls at the mixed allocation. The three portfolios implement the combinations specified in the experiment plan: A1+A2, A3+A4, and A5+A6+A8. Interaction coefficients, resource conversion, review capacity, and recovery behavior are synthetic stress assumptions, not empirical coordination rates, not a general mechanism ranking, and not evidence for real-world institutional adoption."
20260443,A9,mixed_adversary_portfolio,mixed-adversary-portfolio,public-input-harm-benign,public-input-harm-a9-mixed,public_input_harm_review_majority,astroturf-harm-claims,A3+A4,2,joint_attack_units,4,high,5,101,60,300,3,5,21,3,3,1,196,5,0.010000,0.016667,0.070000,0.010000,0.006015,0.000000,0.539557,0.010522,0.000000,0.389217,-0.004507,0.000000,0.539557,0.010000,0.001516,0.000000,0.535448,0.003333,0.653333,0.016667,0.143683,0.475000,0.193227,0.000000,0.000000,4.000000,same_case_review_only,reports/adversarial-failure-traces-a9.jsonl,"A9 executable pilot only. Each row pairs the same generated world, target bill, status quo, and vote-random seed across a no-attack baseline, a fixed-total-budget mixed portfolio, full-budget single-attack controls, and single-action controls at the mixed allocation. The three portfolios implement the combinations specified in the experiment plan: A1+A2, A3+A4, and A5+A6+A8. Interaction coefficients, resource conversion, review capacity, and recovery behavior are synthetic stress assumptions, not empirical coordination rates, not a general mechanism ranking, and not evidence for real-world institutional adoption."
20260443,A9,mixed_adversary_portfolio,mixed-adversary-portfolio,public-input-harm-benign,public-input-harm-a9-mixed,public_input_harm_review_majority,astroturf-harm-claims,A3+A4,2,joint_attack_units,8,high,5,101,60,300,1,19,98,1,1,1,299,19,0.003333,0.063333,0.326667,0.003333,0.009429,0.000000,0.406657,0.150988,0.000000,0.714900,-0.141559,0.000000,0.165082,0.003333,-0.002744,0.000000,0.165082,0.003333,0.996667,0.063333,0.395567,0.595000,0.209453,0.000000,0.000000,8.000000,same_case_review_only,reports/adversarial-failure-traces-a9.jsonl,"A9 executable pilot only. Each row pairs the same generated world, target bill, status quo, and vote-random seed across a no-attack baseline, a fixed-total-budget mixed portfolio, full-budget single-attack controls, and single-action controls at the mixed allocation. The three portfolios implement the combinations specified in the experiment plan: A1+A2, A3+A4, and A5+A6+A8. Interaction coefficients, resource conversion, review capacity, and recovery behavior are synthetic stress assumptions, not empirical coordination rates, not a general mechanism ranking, and not evidence for real-world institutional adoption."
20260443,A9,mixed_adversary_portfolio,mixed-adversary-portfolio,public-input-harm-benign,public-input-harm-a9-mixed,public_input_harm_review_majority,astroturf-harm-claims,A3+A4,2,joint_attack_units,12,high,5,101,60,300,4,21,106,5,5,5,299,20,0.013333,0.070000,0.353333,0.016667,0.010545,0.000000,0.537984,0.166174,0.000000,0.666565,-0.155629,0.000000,0.442738,0.016667,-0.154002,0.000000,0.442738,0.016667,0.996667,0.066667,0.501200,0.715000,0.305847,0.000000,0.000000,12.000000,same_case_review_only,reports/adversarial-failure-traces-a9.jsonl,"A9 executable pilot only. Each row pairs the same generated world, target bill, status quo, and vote-random seed across a no-attack baseline, a fixed-total-budget mixed portfolio, full-budget single-attack controls, and single-action controls at the mixed allocation. The three portfolios implement the combinations specified in the experiment plan: A1+A2, A3+A4, and A5+A6+A8. Interaction coefficients, resource conversion, review capacity, and recovery behavior are synthetic stress assumptions, not empirical coordination rates, not a general mechanism ranking, and not evidence for real-world institutional adoption."
20260443,A9,mixed_adversary_portfolio,mixed-adversary-portfolio,portfolio-capacity-benign,portfolio-capacity-a9-mixed,portfolio_capacity_capture_signal,flood-camouflage-support-distortion,A5+A6+A8,3,joint_attack_units,4,medium,5,101,60,300,0,150,194,0,0,1,300,150,0.000000,0.500000,0.646667,0.000000,0.254556,0.119011,0.703995,0.331623,0.432556,0.703995,-0.077067,0.000000,0.000000,0.000000,-0.041311,0.000000,0.408436,0.003333,1.000000,0.500000,5.863524,9.475663,6.131372,24.276157,60.076007,4.000000,capacity_recovered_outcomes_not_replayed,reports/adversarial-failure-traces-a9.jsonl,"A9 executable pilot only. Each row pairs the same generated world, target bill, status quo, and vote-random seed across a no-attack baseline, a fixed-total-budget mixed portfolio, full-budget single-attack controls, and single-action controls at the mixed allocation. The three portfolios implement the combinations specified in the experiment plan: A1+A2, A3+A4, and A5+A6+A8. Interaction coefficients, resource conversion, review capacity, and recovery behavior are synthetic stress assumptions, not empirical coordination rates, not a general mechanism ranking, and not evidence for real-world institutional adoption."
20260443,A9,mixed_adversary_portfolio,mixed-adversary-portfolio,portfolio-capacity-benign,portfolio-capacity-a9-mixed,portfolio_capacity_capture_signal,flood-camouflage-support-distortion,A5+A6+A8,3,joint_attack_units,8,medium,5,101,60,300,1,186,210,1,1,5,300,186,0.003333,0.620000,0.700000,0.003333,0.318550,0.427394,0.703995,0.359153,0.456470,0.703995,-0.040603,0.000000,0.575059,0.003333,-0.116112,0.000000,0.609152,0.016667,1.000000,0.620000,12.044542,20.188403,13.696259,70.169519,151.640352,8.000000,capacity_recovered_outcomes_not_replayed,reports/adversarial-failure-traces-a9.jsonl,"A9 executable pilot only. Each row pairs the same generated world, target bill, status quo, and vote-random seed across a no-attack baseline, a fixed-total-budget mixed portfolio, full-budget single-attack controls, and single-action controls at the mixed allocation. The three portfolios implement the combinations specified in the experiment plan: A1+A2, A3+A4, and A5+A6+A8. Interaction coefficients, resource conversion, review capacity, and recovery behavior are synthetic stress assumptions, not empirical coordination rates, not a general mechanism ranking, and not evidence for real-world institutional adoption."
20260443,A9,mixed_adversary_portfolio,mixed-adversary-portfolio,portfolio-capacity-benign,portfolio-capacity-a9-mixed,portfolio_capacity_capture_signal,flood-camouflage-support-distortion,A5+A6+A8,3,joint_attack_units,12,medium,5,101,60,300,2,175,193,2,2,2,300,175,0.006667,0.583333,0.643333,0.006667,0.299264,0.403869,0.703995,0.330550,0.430072,0.703995,-0.031286,0.000000,0.662705,0.006667,-0.164394,0.000000,0.662705,0.006667,1.000000,0.583333,18.430461,31.231531,21.227837,117.969820,245.992801,12.000000,capacity_recovered_outcomes_not_replayed,reports/adversarial-failure-traces-a9.jsonl,"A9 executable pilot only. Each row pairs the same generated world, target bill, status quo, and vote-random seed across a no-attack baseline, a fixed-total-budget mixed portfolio, full-budget single-attack controls, and single-action controls at the mixed allocation. The three portfolios implement the combinations specified in the experiment plan: A1+A2, A3+A4, and A5+A6+A8. Interaction coefficients, resource conversion, review capacity, and recovery behavior are synthetic stress assumptions, not empirical coordination rates, not a general mechanism ranking, and not evidence for real-world institutional adoption."
20260443,A9,mixed_adversary_portfolio,mixed-adversary-portfolio,portfolio-capacity-benign,portfolio-capacity-a9-mixed,portfolio_capacity_capture_signal,flood-camouflage-support-distortion,A5+A6+A8,3,joint_attack_units,4,high,5,101,60,300,2,174,209,2,2,3,300,174,0.006667,0.580000,0.696667,0.006667,0.297299,0.404345,0.703995,0.359969,0.465025,0.703995,-0.062670,0.000000,0.451184,0.006667,-0.057752,0.000000,0.634516,0.010000,1.000000,0.580000,7.376076,12.118311,6.886643,35.430116,82.718165,4.000000,capacity_recovered_outcomes_not_replayed,reports/adversarial-failure-traces-a9.jsonl,"A9 executable pilot only. Each row pairs the same generated world, target bill, status quo, and vote-random seed across a no-attack baseline, a fixed-total-budget mixed portfolio, full-budget single-attack controls, and single-action controls at the mixed allocation. The three portfolios implement the combinations specified in the experiment plan: A1+A2, A3+A4, and A5+A6+A8. Interaction coefficients, resource conversion, review capacity, and recovery behavior are synthetic stress assumptions, not empirical coordination rates, not a general mechanism ranking, and not evidence for real-world institutional adoption."
20260443,A9,mixed_adversary_portfolio,mixed-adversary-portfolio,portfolio-capacity-benign,portfolio-capacity-a9-mixed,portfolio_capacity_capture_signal,flood-camouflage-support-distortion,A5+A6+A8,3,joint_attack_units,8,high,5,101,60,300,1,175,196,1,1,5,300,175,0.003333,0.583333,0.653333,0.003333,0.302416,0.408580,0.703995,0.337667,0.446367,0.703995,-0.035250,0.000000,0.590518,0.003333,-0.134155,0.000000,0.641504,0.016667,1.000000,0.583333,14.275649,24.080035,13.945391,86.975103,184.972397,8.000000,capacity_recovered_outcomes_not_replayed,reports/adversarial-failure-traces-a9.jsonl,"A9 executable pilot only. Each row pairs the same generated world, target bill, status quo, and vote-random seed across a no-attack baseline, a fixed-total-budget mixed portfolio, full-budget single-attack controls, and single-action controls at the mixed allocation. The three portfolios implement the combinations specified in the experiment plan: A1+A2, A3+A4, and A5+A6+A8. Interaction coefficients, resource conversion, review capacity, and recovery behavior are synthetic stress assumptions, not empirical coordination rates, not a general mechanism ranking, and not evidence for real-world institutional adoption."
20260443,A9,mixed_adversary_portfolio,mixed-adversary-portfolio,portfolio-capacity-benign,portfolio-capacity-a9-mixed,portfolio_capacity_capture_signal,flood-camouflage-support-distortion,A5+A6+A8,3,joint_attack_units,12,high,5,101,60,300,4,184,199,4,4,4,300,184,0.013333,0.613333,0.663333,0.013333,0.317869,0.427394,0.703995,0.346424,0.464337,0.703995,-0.028555,0.000000,0.567120,0.013333,-0.225724,0.000000,0.567120,0.013333,1.000000,0.613333,21.429067,36.426450,22.137511,140.479339,290.484718,12.000000,capacity_recovered_outcomes_not_replayed,reports/adversarial-failure-traces-a9.jsonl,"A9 executable pilot only. Each row pairs the same generated world, target bill, status quo, and vote-random seed across a no-attack baseline, a fixed-total-budget mixed portfolio, full-budget single-attack controls, and single-action controls at the mixed allocation. The three portfolios implement the combinations specified in the experiment plan: A1+A2, A3+A4, and A5+A6+A8. Interaction coefficients, resource conversion, review capacity, and recovery behavior are synthetic stress assumptions, not empirical coordination rates, not a general mechanism ranking, and not evidence for real-world institutional adoption."
20260444,A9,mixed_adversary_portfolio,mixed-adversary-portfolio,selection-amendment-benign,selection-amendment-a9-mixed,selection_amendment_pairwise_majority,clone-decoy-poison-pill,A1+A2,2,joint_attack_units,4,medium,5,101,60,300,14,192,199,26,26,193,0,0,0.046667,0.640000,0.663333,0.086667,0.032629,0.032259,0.422941,0.041289,0.053133,0.236629,-0.008660,-0.005974,0.422941,0.086667,0.012267,0.018976,0.187112,0.643333,0.000000,0.000000,0.020280,0.026000,0.029813,0.000000,0.000000,4.000000,not_modeled_for_selection_amendment,reports/adversarial-failure-traces-a9.jsonl,"A9 executable pilot only. Each row pairs the same generated world, target bill, status quo, and vote-random seed across a no-attack baseline, a fixed-total-budget mixed portfolio, full-budget single-attack controls, and single-action controls at the mixed allocation. The three portfolios implement the combinations specified in the experiment plan: A1+A2, A3+A4, and A5+A6+A8. Interaction coefficients, resource conversion, review capacity, and recovery behavior are synthetic stress assumptions, not empirical coordination rates, not a general mechanism ranking, and not evidence for real-world institutional adoption."
20260444,A9,mixed_adversary_portfolio,mixed-adversary-portfolio,selection-amendment-benign,selection-amendment-a9-mixed,selection_amendment_pairwise_majority,clone-decoy-poison-pill,A1+A2,2,joint_attack_units,8,medium,5,101,60,300,18,129,126,39,39,96,0,0,0.060000,0.430000,0.420000,0.130000,0.054398,0.000000,0.308357,0.054085,0.000000,0.358007,0.000314,0.000000,0.308357,0.130000,0.010281,0.000000,0.271084,0.320000,0.000000,0.000000,0.026867,0.052000,0.019413,0.000000,0.000000,8.000000,not_modeled_for_selection_amendment,reports/adversarial-failure-traces-a9.jsonl,"A9 executable pilot only. Each row pairs the same generated world, target bill, status quo, and vote-random seed across a no-attack baseline, a fixed-total-budget mixed portfolio, full-budget single-attack controls, and single-action controls at the mixed allocation. The three portfolios implement the combinations specified in the experiment plan: A1+A2, A3+A4, and A5+A6+A8. Interaction coefficients, resource conversion, review capacity, and recovery behavior are synthetic stress assumptions, not empirical coordination rates, not a general mechanism ranking, and not evidence for real-world institutional adoption."
20260444,A9,mixed_adversary_portfolio,mixed-adversary-portfolio,selection-amendment-benign,selection-amendment-a9-mixed,selection_amendment_pairwise_majority,clone-decoy-poison-pill,A1+A2,2,joint_attack_units,12,medium,5,101,60,300,2,111,119,6,6,19,0,0,0.006667,0.370000,0.396667,0.020000,0.040791,0.000000,0.331375,0.044639,0.000000,0.331375,-0.003848,0.000000,0.074448,0.020000,-0.027660,0.000000,0.316172,0.063333,0.000000,0.000000,0.020280,0.078000,0.015600,0.000000,0.000000,12.000000,not_modeled_for_selection_amendment,reports/adversarial-failure-traces-a9.jsonl,"A9 executable pilot only. Each row pairs the same generated world, target bill, status quo, and vote-random seed across a no-attack baseline, a fixed-total-budget mixed portfolio, full-budget single-attack controls, and single-action controls at the mixed allocation. The three portfolios implement the combinations specified in the experiment plan: A1+A2, A3+A4, and A5+A6+A8. Interaction coefficients, resource conversion, review capacity, and recovery behavior are synthetic stress assumptions, not empirical coordination rates, not a general mechanism ranking, and not evidence for real-world institutional adoption."
20260444,A9,mixed_adversary_portfolio,mixed-adversary-portfolio,selection-amendment-benign,selection-amendment-a9-mixed,selection_amendment_pairwise_majority,clone-decoy-poison-pill,A1+A2,2,joint_attack_units,4,high,5,101,60,300,16,173,179,34,34,173,0,0,0.053333,0.576667,0.596667,0.113333,0.027406,0.032259,0.240677,0.039151,0.052666,0.295269,-0.011745,0.000000,0.067546,0.113333,0.009335,0.018826,0.120407,0.576667,0.000000,0.000000,0.019240,0.026000,0.026693,0.000000,0.000000,4.000000,not_modeled_for_selection_amendment,reports/adversarial-failure-traces-a9.jsonl,"A9 executable pilot only. Each row pairs the same generated world, target bill, status quo, and vote-random seed across a no-attack baseline, a fixed-total-budget mixed portfolio, full-budget single-attack controls, and single-action controls at the mixed allocation. The three portfolios implement the combinations specified in the experiment plan: A1+A2, A3+A4, and A5+A6+A8. Interaction coefficients, resource conversion, review capacity, and recovery behavior are synthetic stress assumptions, not empirical coordination rates, not a general mechanism ranking, and not evidence for real-world institutional adoption."
20260444,A9,mixed_adversary_portfolio,mixed-adversary-portfolio,selection-amendment-benign,selection-amendment-a9-mixed,selection_amendment_pairwise_majority,clone-decoy-poison-pill,A1+A2,2,joint_attack_units,8,high,5,101,60,300,24,135,120,47,47,86,0,0,0.080000,0.450000,0.400000,0.156667,0.055647,0.000000,0.295058,0.047704,0.000000,0.295892,0.007943,0.000000,0.283779,0.156667,0.010491,0.000000,0.265834,0.286667,0.000000,0.000000,0.024440,0.052000,0.016987,0.000000,0.000000,8.000000,not_modeled_for_selection_amendment,reports/adversarial-failure-traces-a9.jsonl,"A9 executable pilot only. Each row pairs the same generated world, target bill, status quo, and vote-random seed across a no-attack baseline, a fixed-total-budget mixed portfolio, full-budget single-attack controls, and single-action controls at the mixed allocation. The three portfolios implement the combinations specified in the experiment plan: A1+A2, A3+A4, and A5+A6+A8. Interaction coefficients, resource conversion, review capacity, and recovery behavior are synthetic stress assumptions, not empirical coordination rates, not a general mechanism ranking, and not evidence for real-world institutional adoption."
20260444,A9,mixed_adversary_portfolio,mixed-adversary-portfolio,selection-amendment-benign,selection-amendment-a9-mixed,selection_amendment_pairwise_majority,clone-decoy-poison-pill,A1+A2,2,joint_attack_units,12,high,5,101,60,300,1,104,114,3,3,10,0,0,0.003333,0.346667,0.380000,0.010000,0.038154,0.000000,0.330557,0.041951,0.000000,0.330557,-0.003797,0.000000,0.164878,0.010000,-0.028484,0.000000,0.218419,0.033333,0.000000,0.000000,0.019760,0.078000,0.017680,0.000000,0.000000,12.000000,not_modeled_for_selection_amendment,reports/adversarial-failure-traces-a9.jsonl,"A9 executable pilot only. Each row pairs the same generated world, target bill, status quo, and vote-random seed across a no-attack baseline, a fixed-total-budget mixed portfolio, full-budget single-attack controls, and single-action controls at the mixed allocation. The three portfolios implement the combinations specified in the experiment plan: A1+A2, A3+A4, and A5+A6+A8. Interaction coefficients, resource conversion, review capacity, and recovery behavior are synthetic stress assumptions, not empirical coordination rates, not a general mechanism ranking, and not evidence for real-world institutional adoption."
20260444,A9,mixed_adversary_portfolio,mixed-adversary-portfolio,public-input-harm-benign,public-input-harm-a9-mixed,public_input_harm_review_majority,astroturf-harm-claims,A3+A4,2,joint_attack_units,4,medium,5,101,60,300,1,4,4,1,1,1,188,3,0.003333,0.013333,0.013333,0.003333,0.003156,0.000000,0.535448,0.002190,0.000000,0.326396,0.000966,0.000000,0.535448,0.003333,0.001633,0.000000,0.535448,0.003333,0.626667,0.010000,0.133950,0.475000,0.138250,0.000000,0.000000,4.000000,same_case_review_only,reports/adversarial-failure-traces-a9.jsonl,"A9 executable pilot only. Each row pairs the same generated world, target bill, status quo, and vote-random seed across a no-attack baseline, a fixed-total-budget mixed portfolio, full-budget single-attack controls, and single-action controls at the mixed allocation. The three portfolios implement the combinations specified in the experiment plan: A1+A2, A3+A4, and A5+A6+A8. Interaction coefficients, resource conversion, review capacity, and recovery behavior are synthetic stress assumptions, not empirical coordination rates, not a general mechanism ranking, and not evidence for real-world institutional adoption."
20260444,A9,mixed_adversary_portfolio,mixed-adversary-portfolio,public-input-harm-benign,public-input-harm-a9-mixed,public_input_harm_review_majority,astroturf-harm-claims,A3+A4,2,joint_attack_units,8,medium,5,101,60,300,0,3,99,0,0,0,257,3,0.000000,0.010000,0.330000,0.000000,0.001048,0.000000,0.079849,0.148339,0.000000,0.734701,-0.147291,0.000000,0.000000,0.000000,-0.000213,0.000000,0.000000,0.000000,0.856667,0.010000,0.306917,0.595000,0.210760,0.000000,0.000000,8.000000,same_case_review_only,reports/adversarial-failure-traces-a9.jsonl,"A9 executable pilot only. Each row pairs the same generated world, target bill, status quo, and vote-random seed across a no-attack baseline, a fixed-total-budget mixed portfolio, full-budget single-attack controls, and single-action controls at the mixed allocation. The three portfolios implement the combinations specified in the experiment plan: A1+A2, A3+A4, and A5+A6+A8. Interaction coefficients, resource conversion, review capacity, and recovery behavior are synthetic stress assumptions, not empirical coordination rates, not a general mechanism ranking, and not evidence for real-world institutional adoption."
20260444,A9,mixed_adversary_portfolio,mixed-adversary-portfolio,public-input-harm-benign,public-input-harm-a9-mixed,public_input_harm_review_majority,astroturf-harm-claims,A3+A4,2,joint_attack_units,12,medium,5,101,60,300,4,20,88,4,4,4,300,20,0.013333,0.066667,0.293333,0.013333,0.007217,0.000000,0.326396,0.131048,0.000000,0.700990,-0.123831,0.000000,0.170355,0.013333,-0.120030,0.000000,0.170355,0.013333,1.000000,0.066667,0.494033,0.715000,0.306433,0.000000,0.000000,12.000000,same_case_review_only,reports/adversarial-failure-traces-a9.jsonl,"A9 executable pilot only. Each row pairs the same generated world, target bill, status quo, and vote-random seed across a no-attack baseline, a fixed-total-budget mixed portfolio, full-budget single-attack controls, and single-action controls at the mixed allocation. The three portfolios implement the combinations specified in the experiment plan: A1+A2, A3+A4, and A5+A6+A8. Interaction coefficients, resource conversion, review capacity, and recovery behavior are synthetic stress assumptions, not empirical coordination rates, not a general mechanism ranking, and not evidence for real-world institutional adoption."
20260444,A9,mixed_adversary_portfolio,mixed-adversary-portfolio,public-input-harm-benign,public-input-harm-a9-mixed,public_input_harm_review_majority,astroturf-harm-claims,A3+A4,2,joint_attack_units,4,high,5,101,60,300,0,3,21,0,0,0,198,3,0.000000,0.010000,0.070000,0.000000,0.000551,0.000000,0.077531,0.007690,0.000000,0.326396,-0.007138,0.000000,0.000000,0.000000,-0.000390,0.000000,0.000000,0.000000,0.660000,0.010000,0.141433,0.475000,0.193963,0.000000,0.000000,4.000000,same_case_review_only,reports/adversarial-failure-traces-a9.jsonl,"A9 executable pilot only. Each row pairs the same generated world, target bill, status quo, and vote-random seed across a no-attack baseline, a fixed-total-budget mixed portfolio, full-budget single-attack controls, and single-action controls at the mixed allocation. The three portfolios implement the combinations specified in the experiment plan: A1+A2, A3+A4, and A5+A6+A8. Interaction coefficients, resource conversion, review capacity, and recovery behavior are synthetic stress assumptions, not empirical coordination rates, not a general mechanism ranking, and not evidence for real-world institutional adoption."
20260444,A9,mixed_adversary_portfolio,mixed-adversary-portfolio,public-input-harm-benign,public-input-harm-a9-mixed,public_input_harm_review_majority,astroturf-harm-claims,A3+A4,2,joint_attack_units,8,high,5,101,60,300,3,22,81,3,3,4,297,22,0.010000,0.073333,0.270000,0.010000,0.010316,0.000000,0.401248,0.117123,0.000000,0.709077,-0.106808,0.000000,0.249653,0.010000,0.001205,0.000000,0.401248,0.013333,0.990000,0.073333,0.383850,0.595000,0.210820,0.000000,0.000000,8.000000,same_case_review_only,reports/adversarial-failure-traces-a9.jsonl,"A9 executable pilot only. Each row pairs the same generated world, target bill, status quo, and vote-random seed across a no-attack baseline, a fixed-total-budget mixed portfolio, full-budget single-attack controls, and single-action controls at the mixed allocation. The three portfolios implement the combinations specified in the experiment plan: A1+A2, A3+A4, and A5+A6+A8. Interaction coefficients, resource conversion, review capacity, and recovery behavior are synthetic stress assumptions, not empirical coordination rates, not a general mechanism ranking, and not evidence for real-world institutional adoption."
20260444,A9,mixed_adversary_portfolio,mixed-adversary-portfolio,public-input-harm-benign,public-input-harm-a9-mixed,public_input_harm_review_majority,astroturf-harm-claims,A3+A4,2,joint_attack_units,12,high,5,101,60,300,2,22,95,2,2,2,300,22,0.006667,0.073333,0.316667,0.006667,0.011010,0.000000,0.593045,0.142767,0.000000,0.713690,-0.131757,0.000000,0.150689,0.006667,-0.128404,0.000000,0.150689,0.006667,1.000000,0.073333,0.496167,0.715000,0.307163,0.000000,0.000000,12.000000,same_case_review_only,reports/adversarial-failure-traces-a9.jsonl,"A9 executable pilot only. Each row pairs the same generated world, target bill, status quo, and vote-random seed across a no-attack baseline, a fixed-total-budget mixed portfolio, full-budget single-attack controls, and single-action controls at the mixed allocation. The three portfolios implement the combinations specified in the experiment plan: A1+A2, A3+A4, and A5+A6+A8. Interaction coefficients, resource conversion, review capacity, and recovery behavior are synthetic stress assumptions, not empirical coordination rates, not a general mechanism ranking, and not evidence for real-world institutional adoption."
20260444,A9,mixed_adversary_portfolio,mixed-adversary-portfolio,portfolio-capacity-benign,portfolio-capacity-a9-mixed,portfolio_capacity_capture_signal,flood-camouflage-support-distortion,A5+A6+A8,3,joint_attack_units,4,medium,5,101,60,300,0,154,198,0,0,2,300,154,0.000000,0.513333,0.660000,0.000000,0.264344,0.298131,0.682472,0.342104,0.444384,0.682472,-0.077759,0.000000,0.000000,0.000000,-0.022178,0.000000,0.592771,0.006667,1.000000,0.513333,5.924428,9.590167,7.500750,24.798018,61.307191,4.000000,capacity_recovered_outcomes_not_replayed,reports/adversarial-failure-traces-a9.jsonl,"A9 executable pilot only. Each row pairs the same generated world, target bill, status quo, and vote-random seed across a no-attack baseline, a fixed-total-budget mixed portfolio, full-budget single-attack controls, and single-action controls at the mixed allocation. The three portfolios implement the combinations specified in the experiment plan: A1+A2, A3+A4, and A5+A6+A8. Interaction coefficients, resource conversion, review capacity, and recovery behavior are synthetic stress assumptions, not empirical coordination rates, not a general mechanism ranking, and not evidence for real-world institutional adoption."
20260444,A9,mixed_adversary_portfolio,mixed-adversary-portfolio,portfolio-capacity-benign,portfolio-capacity-a9-mixed,portfolio_capacity_capture_signal,flood-camouflage-support-distortion,A5+A6+A8,3,joint_attack_units,8,medium,5,101,60,300,1,178,209,1,1,2,300,178,0.003333,0.593333,0.696667,0.003333,0.305075,0.413567,0.682472,0.358924,0.464373,0.682472,-0.053849,0.000000,0.506579,0.003333,-0.112574,0.000000,0.585581,0.006667,1.000000,0.593333,12.094030,20.323867,16.038143,70.645916,152.903552,8.000000,capacity_recovered_outcomes_not_replayed,reports/adversarial-failure-traces-a9.jsonl,"A9 executable pilot only. Each row pairs the same generated world, target bill, status quo, and vote-random seed across a no-attack baseline, a fixed-total-budget mixed portfolio, full-budget single-attack controls, and single-action controls at the mixed allocation. The three portfolios implement the combinations specified in the experiment plan: A1+A2, A3+A4, and A5+A6+A8. Interaction coefficients, resource conversion, review capacity, and recovery behavior are synthetic stress assumptions, not empirical coordination rates, not a general mechanism ranking, and not evidence for real-world institutional adoption."
20260444,A9,mixed_adversary_portfolio,mixed-adversary-portfolio,portfolio-capacity-benign,portfolio-capacity-a9-mixed,portfolio_capacity_capture_signal,flood-camouflage-support-distortion,A5+A6+A8,3,joint_attack_units,12,medium,5,101,60,300,5,192,219,5,5,8,300,192,0.016667,0.640000,0.730000,0.016667,0.330022,0.431746,0.682472,0.376383,0.480496,0.682472,-0.046361,0.000000,0.644118,0.016667,-0.164366,0.000000,0.644118,0.026667,1.000000,0.640000,18.485064,31.375343,24.024676,118.418061,247.280370,12.000000,capacity_recovered_outcomes_not_replayed,reports/adversarial-failure-traces-a9.jsonl,"A9 executable pilot only. Each row pairs the same generated world, target bill, status quo, and vote-random seed across a no-attack baseline, a fixed-total-budget mixed portfolio, full-budget single-attack controls, and single-action controls at the mixed allocation. The three portfolios implement the combinations specified in the experiment plan: A1+A2, A3+A4, and A5+A6+A8. Interaction coefficients, resource conversion, review capacity, and recovery behavior are synthetic stress assumptions, not empirical coordination rates, not a general mechanism ranking, and not evidence for real-world institutional adoption."
20260444,A9,mixed_adversary_portfolio,mixed-adversary-portfolio,portfolio-capacity-benign,portfolio-capacity-a9-mixed,portfolio_capacity_capture_signal,flood-camouflage-support-distortion,A5+A6+A8,3,joint_attack_units,4,high,5,101,60,300,1,159,196,1,1,3,300,159,0.003333,0.530000,0.653333,0.003333,0.274371,0.367694,0.682472,0.341323,0.455342,0.680987,-0.066952,0.000000,0.682472,0.003333,-0.027316,0.000000,0.682472,0.010000,1.000000,0.530000,7.433661,12.231447,8.441764,35.959304,83.953103,4.000000,capacity_recovered_outcomes_not_replayed,reports/adversarial-failure-traces-a9.jsonl,"A9 executable pilot only. Each row pairs the same generated world, target bill, status quo, and vote-random seed across a no-attack baseline, a fixed-total-budget mixed portfolio, full-budget single-attack controls, and single-action controls at the mixed allocation. The three portfolios implement the combinations specified in the experiment plan: A1+A2, A3+A4, and A5+A6+A8. Interaction coefficients, resource conversion, review capacity, and recovery behavior are synthetic stress assumptions, not empirical coordination rates, not a general mechanism ranking, and not evidence for real-world institutional adoption."
20260444,A9,mixed_adversary_portfolio,mixed-adversary-portfolio,portfolio-capacity-benign,portfolio-capacity-a9-mixed,portfolio_capacity_capture_signal,flood-camouflage-support-distortion,A5+A6+A8,3,joint_attack_units,8,high,5,101,60,300,3,187,207,3,3,3,300,187,0.010000,0.623333,0.690000,0.010000,0.323160,0.435597,0.682472,0.356160,0.466149,0.682472,-0.033000,0.000000,0.623578,0.010000,-0.145252,0.000000,0.623578,0.010000,1.000000,0.623333,14.335876,24.222079,17.997445,87.458592,186.244452,8.000000,capacity_recovered_outcomes_not_replayed,reports/adversarial-failure-traces-a9.jsonl,"A9 executable pilot only. Each row pairs the same generated world, target bill, status quo, and vote-random seed across a no-attack baseline, a fixed-total-budget mixed portfolio, full-budget single-attack controls, and single-action controls at the mixed allocation. The three portfolios implement the combinations specified in the experiment plan: A1+A2, A3+A4, and A5+A6+A8. Interaction coefficients, resource conversion, review capacity, and recovery behavior are synthetic stress assumptions, not empirical coordination rates, not a general mechanism ranking, and not evidence for real-world institutional adoption."
20260444,A9,mixed_adversary_portfolio,mixed-adversary-portfolio,portfolio-capacity-benign,portfolio-capacity-a9-mixed,portfolio_capacity_capture_signal,flood-camouflage-support-distortion,A5+A6+A8,3,joint_attack_units,12,high,5,101,60,300,6,195,208,6,6,7,300,195,0.020000,0.650000,0.693333,0.020000,0.338085,0.441666,0.682472,0.361384,0.471535,0.682472,-0.023299,0.000000,0.652388,0.020000,-0.165278,0.000000,0.652388,0.023333,1.000000,0.650000,21.482208,36.578560,26.624948,140.936162,291.786816,12.000000,capacity_recovered_outcomes_not_replayed,reports/adversarial-failure-traces-a9.jsonl,"A9 executable pilot only. Each row pairs the same generated world, target bill, status quo, and vote-random seed across a no-attack baseline, a fixed-total-budget mixed portfolio, full-budget single-attack controls, and single-action controls at the mixed allocation. The three portfolios implement the combinations specified in the experiment plan: A1+A2, A3+A4, and A5+A6+A8. Interaction coefficients, resource conversion, review capacity, and recovery behavior are synthetic stress assumptions, not empirical coordination rates, not a general mechanism ranking, and not evidence for real-world institutional adoption."
20260445,A9,mixed_adversary_portfolio,mixed-adversary-portfolio,selection-amendment-benign,selection-amendment-a9-mixed,selection_amendment_pairwise_majority,clone-decoy-poison-pill,A1+A2,2,joint_attack_units,4,medium,5,101,60,300,9,227,234,30,30,229,0,0,0.030000,0.756667,0.780000,0.100000,0.036255,0.032259,0.378412,0.047988,0.053133,0.190806,-0.011733,-0.020807,0.378412,0.100000,0.016027,0.018976,0.141762,0.763333,0.000000,0.000000,0.022187,0.026000,0.035533,0.000000,0.000000,4.000000,not_modeled_for_selection_amendment,reports/adversarial-failure-traces-a9.jsonl,"A9 executable pilot only. Each row pairs the same generated world, target bill, status quo, and vote-random seed across a no-attack baseline, a fixed-total-budget mixed portfolio, full-budget single-attack controls, and single-action controls at the mixed allocation. The three portfolios implement the combinations specified in the experiment plan: A1+A2, A3+A4, and A5+A6+A8. Interaction coefficients, resource conversion, review capacity, and recovery behavior are synthetic stress assumptions, not empirical coordination rates, not a general mechanism ranking, and not evidence for real-world institutional adoption."
20260445,A9,mixed_adversary_portfolio,mixed-adversary-portfolio,selection-amendment-benign,selection-amendment-a9-mixed,selection_amendment_pairwise_majority,clone-decoy-poison-pill,A1+A2,2,joint_attack_units,8,medium,5,101,60,300,22,175,177,55,55,141,0,0,0.073333,0.583333,0.590000,0.183333,0.086019,0.077489,0.306938,0.103889,0.071126,0.478691,-0.017871,0.000000,0.217091,0.183333,0.027646,0.000000,0.237366,0.470000,0.000000,0.000000,0.034147,0.052000,0.032587,0.000000,0.000000,8.000000,not_modeled_for_selection_amendment,reports/adversarial-failure-traces-a9.jsonl,"A9 executable pilot only. Each row pairs the same generated world, target bill, status quo, and vote-random seed across a no-attack baseline, a fixed-total-budget mixed portfolio, full-budget single-attack controls, and single-action controls at the mixed allocation. The three portfolios implement the combinations specified in the experiment plan: A1+A2, A3+A4, and A5+A6+A8. Interaction coefficients, resource conversion, review capacity, and recovery behavior are synthetic stress assumptions, not empirical coordination rates, not a general mechanism ranking, and not evidence for real-world institutional adoption."
20260445,A9,mixed_adversary_portfolio,mixed-adversary-portfolio,selection-amendment-benign,selection-amendment-a9-mixed,selection_amendment_pairwise_majority,clone-decoy-poison-pill,A1+A2,2,joint_attack_units,12,medium,5,101,60,300,6,154,162,34,34,62,0,0,0.020000,0.513333,0.540000,0.113333,0.094298,0.028247,0.520271,0.101902,0.042637,0.475930,-0.007604,0.000000,0.511012,0.113333,-0.012607,0.000000,0.393037,0.206667,0.000000,0.000000,0.033280,0.078000,0.039000,0.000000,0.000000,12.000000,not_modeled_for_selection_amendment,reports/adversarial-failure-traces-a9.jsonl,"A9 executable pilot only. Each row pairs the same generated world, target bill, status quo, and vote-random seed across a no-attack baseline, a fixed-total-budget mixed portfolio, full-budget single-attack controls, and single-action controls at the mixed allocation. The three portfolios implement the combinations specified in the experiment plan: A1+A2, A3+A4, and A5+A6+A8. Interaction coefficients, resource conversion, review capacity, and recovery behavior are synthetic stress assumptions, not empirical coordination rates, not a general mechanism ranking, and not evidence for real-world institutional adoption."
20260445,A9,mixed_adversary_portfolio,mixed-adversary-portfolio,selection-amendment-benign,selection-amendment-a9-mixed,selection_amendment_pairwise_majority,clone-decoy-poison-pill,A1+A2,2,joint_attack_units,4,high,5,101,60,300,8,216,226,38,38,216,0,0,0.026667,0.720000,0.753333,0.126667,0.036786,0.032259,0.230810,0.049636,0.053133,0.221162,-0.012850,-0.014798,0.171439,0.126667,0.015638,0.018976,0.180982,0.720000,0.000000,0.000000,0.021407,0.026000,0.030507,0.000000,0.000000,4.000000,not_modeled_for_selection_amendment,reports/adversarial-failure-traces-a9.jsonl,"A9 executable pilot only. Each row pairs the same generated world, target bill, status quo, and vote-random seed across a no-attack baseline, a fixed-total-budget mixed portfolio, full-budget single-attack controls, and single-action controls at the mixed allocation. The three portfolios implement the combinations specified in the experiment plan: A1+A2, A3+A4, and A5+A6+A8. Interaction coefficients, resource conversion, review capacity, and recovery behavior are synthetic stress assumptions, not empirical coordination rates, not a general mechanism ranking, and not evidence for real-world institutional adoption."
20260445,A9,mixed_adversary_portfolio,mixed-adversary-portfolio,selection-amendment-benign,selection-amendment-a9-mixed,selection_amendment_pairwise_majority,clone-decoy-poison-pill,A1+A2,2,joint_attack_units,8,high,5,101,60,300,17,183,173,56,56,134,0,0,0.056667,0.610000,0.576667,0.186667,0.089258,0.083529,0.395310,0.092865,0.057012,0.425741,-0.003607,0.000000,0.233657,0.186667,0.024858,0.000000,0.260806,0.446667,0.000000,0.000000,0.031893,0.052000,0.032240,0.000000,0.000000,8.000000,not_modeled_for_selection_amendment,reports/adversarial-failure-traces-a9.jsonl,"A9 executable pilot only. Each row pairs the same generated world, target bill, status quo, and vote-random seed across a no-attack baseline, a fixed-total-budget mixed portfolio, full-budget single-attack controls, and single-action controls at the mixed allocation. The three portfolios implement the combinations specified in the experiment plan: A1+A2, A3+A4, and A5+A6+A8. Interaction coefficients, resource conversion, review capacity, and recovery behavior are synthetic stress assumptions, not empirical coordination rates, not a general mechanism ranking, and not evidence for real-world institutional adoption."
20260445,A9,mixed_adversary_portfolio,mixed-adversary-portfolio,selection-amendment-benign,selection-amendment-a9-mixed,selection_amendment_pairwise_majority,clone-decoy-poison-pill,A1+A2,2,joint_attack_units,12,high,5,101,60,300,3,149,161,26,26,56,0,0,0.010000,0.496667,0.536667,0.086667,0.085661,0.018277,0.489352,0.104859,0.041286,0.491836,-0.019197,0.000000,0.385365,0.086667,-0.016844,0.000000,0.350397,0.186667,0.000000,0.000000,0.032760,0.078000,0.035360,0.000000,0.000000,12.000000,not_modeled_for_selection_amendment,reports/adversarial-failure-traces-a9.jsonl,"A9 executable pilot only. Each row pairs the same generated world, target bill, status quo, and vote-random seed across a no-attack baseline, a fixed-total-budget mixed portfolio, full-budget single-attack controls, and single-action controls at the mixed allocation. The three portfolios implement the combinations specified in the experiment plan: A1+A2, A3+A4, and A5+A6+A8. Interaction coefficients, resource conversion, review capacity, and recovery behavior are synthetic stress assumptions, not empirical coordination rates, not a general mechanism ranking, and not evidence for real-world institutional adoption."
20260445,A9,mixed_adversary_portfolio,mixed-adversary-portfolio,public-input-harm-benign,public-input-harm-a9-mixed,public_input_harm_review_majority,astroturf-harm-claims,A3+A4,2,joint_attack_units,4,medium,5,101,60,300,3,7,5,3,3,1,197,6,0.010000,0.023333,0.016667,0.010000,0.006284,0.000000,0.541012,0.001762,0.000000,0.100136,0.004522,0.000000,0.541012,0.010000,-0.000329,0.000000,0.016795,0.003333,0.656667,0.020000,0.140550,0.475000,0.142593,0.000000,0.000000,4.000000,same_case_review_only,reports/adversarial-failure-traces-a9.jsonl,"A9 executable pilot only. Each row pairs the same generated world, target bill, status quo, and vote-random seed across a no-attack baseline, a fixed-total-budget mixed portfolio, full-budget single-attack controls, and single-action controls at the mixed allocation. The three portfolios implement the combinations specified in the experiment plan: A1+A2, A3+A4, and A5+A6+A8. Interaction coefficients, resource conversion, review capacity, and recovery behavior are synthetic stress assumptions, not empirical coordination rates, not a general mechanism ranking, and not evidence for real-world institutional adoption."
20260445,A9,mixed_adversary_portfolio,mixed-adversary-portfolio,public-input-harm-benign,public-input-harm-a9-mixed,public_input_harm_review_majority,astroturf-harm-claims,A3+A4,2,joint_attack_units,8,medium,5,101,60,300,1,4,97,1,1,1,267,4,0.003333,0.013333,0.323333,0.003333,0.001258,0.000000,0.118652,0.159440,0.000000,0.668336,-0.158182,0.000000,0.029927,0.003333,-0.000608,0.000000,0.029927,0.003333,0.890000,0.013333,0.329250,0.595000,0.207710,0.000000,0.000000,8.000000,same_case_review_only,reports/adversarial-failure-traces-a9.jsonl,"A9 executable pilot only. Each row pairs the same generated world, target bill, status quo, and vote-random seed across a no-attack baseline, a fixed-total-budget mixed portfolio, full-budget single-attack controls, and single-action controls at the mixed allocation. The three portfolios implement the combinations specified in the experiment plan: A1+A2, A3+A4, and A5+A6+A8. Interaction coefficients, resource conversion, review capacity, and recovery behavior are synthetic stress assumptions, not empirical coordination rates, not a general mechanism ranking, and not evidence for real-world institutional adoption."
20260445,A9,mixed_adversary_portfolio,mixed-adversary-portfolio,public-input-harm-benign,public-input-harm-a9-mixed,public_input_harm_review_majority,astroturf-harm-claims,A3+A4,2,joint_attack_units,12,medium,5,101,60,300,3,13,92,4,4,4,300,13,0.010000,0.043333,0.306667,0.013333,0.004344,0.000000,0.334621,0.145707,0.000000,0.668336,-0.141363,0.000000,0.118652,0.013333,-0.139422,0.000000,0.118652,0.013333,1.000000,0.043333,0.501317,0.715000,0.305963,0.000000,0.000000,12.000000,same_case_review_only,reports/adversarial-failure-traces-a9.jsonl,"A9 executable pilot only. Each row pairs the same generated world, target bill, status quo, and vote-random seed across a no-attack baseline, a fixed-total-budget mixed portfolio, full-budget single-attack controls, and single-action controls at the mixed allocation. The three portfolios implement the combinations specified in the experiment plan: A1+A2, A3+A4, and A5+A6+A8. Interaction coefficients, resource conversion, review capacity, and recovery behavior are synthetic stress assumptions, not empirical coordination rates, not a general mechanism ranking, and not evidence for real-world institutional adoption."
20260445,A9,mixed_adversary_portfolio,mixed-adversary-portfolio,public-input-harm-benign,public-input-harm-a9-mixed,public_input_harm_review_majority,astroturf-harm-claims,A3+A4,2,joint_attack_units,4,high,5,101,60,300,4,6,10,4,4,1,205,5,0.013333,0.020000,0.033333,0.013333,0.007117,0.000000,0.535670,0.004300,0.000000,0.334621,0.002817,0.000000,0.535670,0.013333,0.001806,0.000000,0.535670,0.003333,0.683333,0.016667,0.145117,0.475000,0.194867,0.000000,0.000000,4.000000,same_case_review_only,reports/adversarial-failure-traces-a9.jsonl,"A9 executable pilot only. Each row pairs the same generated world, target bill, status quo, and vote-random seed across a no-attack baseline, a fixed-total-budget mixed portfolio, full-budget single-attack controls, and single-action controls at the mixed allocation. The three portfolios implement the combinations specified in the experiment plan: A1+A2, A3+A4, and A5+A6+A8. Interaction coefficients, resource conversion, review capacity, and recovery behavior are synthetic stress assumptions, not empirical coordination rates, not a general mechanism ranking, and not evidence for real-world institutional adoption."
20260445,A9,mixed_adversary_portfolio,mixed-adversary-portfolio,public-input-harm-benign,public-input-harm-a9-mixed,public_input_harm_review_majority,astroturf-harm-claims,A3+A4,2,joint_attack_units,8,high,5,101,60,300,6,17,82,6,6,7,296,17,0.020000,0.056667,0.273333,0.020000,0.008987,0.000000,0.535448,0.132771,0.000000,0.735209,-0.123784,0.000000,0.395419,0.020000,0.004490,0.000000,0.535448,0.023333,0.986667,0.056667,0.384917,0.595000,0.207517,0.000000,0.000000,8.000000,same_case_review_only,reports/adversarial-failure-traces-a9.jsonl,"A9 executable pilot only. Each row pairs the same generated world, target bill, status quo, and vote-random seed across a no-attack baseline, a fixed-total-budget mixed portfolio, full-budget single-attack controls, and single-action controls at the mixed allocation. The three portfolios implement the combinations specified in the experiment plan: A1+A2, A3+A4, and A5+A6+A8. Interaction coefficients, resource conversion, review capacity, and recovery behavior are synthetic stress assumptions, not empirical coordination rates, not a general mechanism ranking, and not evidence for real-world institutional adoption."
20260445,A9,mixed_adversary_portfolio,mixed-adversary-portfolio,public-input-harm-benign,public-input-harm-a9-mixed,public_input_harm_review_majority,astroturf-harm-claims,A3+A4,2,joint_attack_units,12,high,5,101,60,300,5,17,83,6,6,6,300,17,0.016667,0.056667,0.276667,0.020000,0.005825,0.000000,0.332736,0.130065,0.000000,0.616440,-0.124240,0.000000,0.332736,0.020000,-0.118594,0.000000,0.332736,0.020000,1.000000,0.056667,0.501917,0.715000,0.308093,0.000000,0.000000,12.000000,same_case_review_only,reports/adversarial-failure-traces-a9.jsonl,"A9 executable pilot only. Each row pairs the same generated world, target bill, status quo, and vote-random seed across a no-attack baseline, a fixed-total-budget mixed portfolio, full-budget single-attack controls, and single-action controls at the mixed allocation. The three portfolios implement the combinations specified in the experiment plan: A1+A2, A3+A4, and A5+A6+A8. Interaction coefficients, resource conversion, review capacity, and recovery behavior are synthetic stress assumptions, not empirical coordination rates, not a general mechanism ranking, and not evidence for real-world institutional adoption."
20260445,A9,mixed_adversary_portfolio,mixed-adversary-portfolio,portfolio-capacity-benign,portfolio-capacity-a9-mixed,portfolio_capacity_capture_signal,flood-camouflage-support-distortion,A5+A6+A8,3,joint_attack_units,4,medium,5,101,60,300,0,155,205,0,0,1,300,155,0.000000,0.516667,0.683333,0.000000,0.277300,0.317283,0.706547,0.361461,0.490715,0.706547,-0.084161,0.000000,0.000000,0.000000,-0.041055,0.000000,0.550837,0.003333,1.000000,0.516667,5.944199,9.666588,7.605217,25.013611,61.832588,4.000000,capacity_recovered_outcomes_not_replayed,reports/adversarial-failure-traces-a9.jsonl,"A9 executable pilot only. Each row pairs the same generated world, target bill, status quo, and vote-random seed across a no-attack baseline, a fixed-total-budget mixed portfolio, full-budget single-attack controls, and single-action controls at the mixed allocation. The three portfolios implement the combinations specified in the experiment plan: A1+A2, A3+A4, and A5+A6+A8. Interaction coefficients, resource conversion, review capacity, and recovery behavior are synthetic stress assumptions, not empirical coordination rates, not a general mechanism ranking, and not evidence for real-world institutional adoption."
20260445,A9,mixed_adversary_portfolio,mixed-adversary-portfolio,portfolio-capacity-benign,portfolio-capacity-a9-mixed,portfolio_capacity_capture_signal,flood-camouflage-support-distortion,A5+A6+A8,3,joint_attack_units,8,medium,5,101,60,300,2,185,214,2,2,3,300,185,0.006667,0.616667,0.713333,0.006667,0.329370,0.454397,0.706547,0.377456,0.500786,0.706547,-0.048086,0.000000,0.574012,0.006667,-0.120517,0.000000,0.574012,0.010000,1.000000,0.616667,12.108310,20.319129,13.200095,70.788581,153.202169,8.000000,capacity_recovered_outcomes_not_replayed,reports/adversarial-failure-traces-a9.jsonl,"A9 executable pilot only. Each row pairs the same generated world, target bill, status quo, and vote-random seed across a no-attack baseline, a fixed-total-budget mixed portfolio, full-budget single-attack controls, and single-action controls at the mixed allocation. The three portfolios implement the combinations specified in the experiment plan: A1+A2, A3+A4, and A5+A6+A8. Interaction coefficients, resource conversion, review capacity, and recovery behavior are synthetic stress assumptions, not empirical coordination rates, not a general mechanism ranking, and not evidence for real-world institutional adoption."
20260445,A9,mixed_adversary_portfolio,mixed-adversary-portfolio,portfolio-capacity-benign,portfolio-capacity-a9-mixed,portfolio_capacity_capture_signal,flood-camouflage-support-distortion,A5+A6+A8,3,joint_attack_units,12,medium,5,101,60,300,1,193,212,1,1,7,300,193,0.003333,0.643333,0.706667,0.003333,0.341916,0.469601,0.706547,0.374522,0.490330,0.706547,-0.032606,0.000000,0.589450,0.003333,-0.157777,0.000000,0.639017,0.023333,1.000000,0.643333,18.487256,31.355443,23.013543,118.525477,247.571333,12.000000,capacity_recovered_outcomes_not_replayed,reports/adversarial-failure-traces-a9.jsonl,"A9 executable pilot only. Each row pairs the same generated world, target bill, status quo, and vote-random seed across a no-attack baseline, a fixed-total-budget mixed portfolio, full-budget single-attack controls, and single-action controls at the mixed allocation. The three portfolios implement the combinations specified in the experiment plan: A1+A2, A3+A4, and A5+A6+A8. Interaction coefficients, resource conversion, review capacity, and recovery behavior are synthetic stress assumptions, not empirical coordination rates, not a general mechanism ranking, and not evidence for real-world institutional adoption."
20260445,A9,mixed_adversary_portfolio,mixed-adversary-portfolio,portfolio-capacity-benign,portfolio-capacity-a9-mixed,portfolio_capacity_capture_signal,flood-camouflage-support-distortion,A5+A6+A8,3,joint_attack_units,4,high,5,101,60,300,2,172,209,2,2,4,300,172,0.006667,0.573333,0.696667,0.006667,0.307616,0.418350,0.706547,0.369893,0.501435,0.706547,-0.062277,0.000000,0.588955,0.006667,-0.037305,0.000000,0.588955,0.013333,1.000000,0.573333,7.446627,12.302955,8.062462,36.116962,84.456456,4.000000,capacity_recovered_outcomes_not_replayed,reports/adversarial-failure-traces-a9.jsonl,"A9 executable pilot only. Each row pairs the same generated world, target bill, status quo, and vote-random seed across a no-attack baseline, a fixed-total-budget mixed portfolio, full-budget single-attack controls, and single-action controls at the mixed allocation. The three portfolios implement the combinations specified in the experiment plan: A1+A2, A3+A4, and A5+A6+A8. Interaction coefficients, resource conversion, review capacity, and recovery behavior are synthetic stress assumptions, not empirical coordination rates, not a general mechanism ranking, and not evidence for real-world institutional adoption."
20260445,A9,mixed_adversary_portfolio,mixed-adversary-portfolio,portfolio-capacity-benign,portfolio-capacity-a9-mixed,portfolio_capacity_capture_signal,flood-camouflage-support-distortion,A5+A6+A8,3,joint_attack_units,8,high,5,101,60,300,1,190,229,1,1,1,300,190,0.003333,0.633333,0.763333,0.003333,0.339020,0.472028,0.706547,0.404415,0.514267,0.706547,-0.065395,0.000000,0.542933,0.003333,-0.165024,0.000000,0.542933,0.003333,1.000000,0.633333,14.334529,24.206698,17.051966,87.511645,186.539402,8.000000,capacity_recovered_outcomes_not_replayed,reports/adversarial-failure-traces-a9.jsonl,"A9 executable pilot only. Each row pairs the same generated world, target bill, status quo, and vote-random seed across a no-attack baseline, a fixed-total-budget mixed portfolio, full-budget single-attack controls, and single-action controls at the mixed allocation. The three portfolios implement the combinations specified in the experiment plan: A1+A2, A3+A4, and A5+A6+A8. Interaction coefficients, resource conversion, review capacity, and recovery behavior are synthetic stress assumptions, not empirical coordination rates, not a general mechanism ranking, and not evidence for real-world institutional adoption."
20260445,A9,mixed_adversary_portfolio,mixed-adversary-portfolio,portfolio-capacity-benign,portfolio-capacity-a9-mixed,portfolio_capacity_capture_signal,flood-camouflage-support-distortion,A5+A6+A8,3,joint_attack_units,12,high,5,101,60,300,5,200,215,5,5,8,300,200,0.016667,0.666667,0.716667,0.016667,0.352736,0.481051,0.706547,0.379102,0.502627,0.706547,-0.026366,0.000000,0.689418,0.016667,-0.188078,0.000000,0.689418,0.026667,1.000000,0.666667,21.471423,36.545826,23.925094,140.927537,292.078980,12.000000,capacity_recovered_outcomes_not_replayed,reports/adversarial-failure-traces-a9.jsonl,"A9 executable pilot only. Each row pairs the same generated world, target bill, status quo, and vote-random seed across a no-attack baseline, a fixed-total-budget mixed portfolio, full-budget single-attack controls, and single-action controls at the mixed allocation. The three portfolios implement the combinations specified in the experiment plan: A1+A2, A3+A4, and A5+A6+A8. Interaction coefficients, resource conversion, review capacity, and recovery behavior are synthetic stress assumptions, not empirical coordination rates, not a general mechanism ranking, and not evidence for real-world institutional adoption."
20260446,A9,mixed_adversary_portfolio,mixed-adversary-portfolio,selection-amendment-benign,selection-amendment-a9-mixed,selection_amendment_pairwise_majority,clone-decoy-poison-pill,A1+A2,2,joint_attack_units,4,medium,5,101,60,300,16,196,194,29,29,194,0,0,0.053333,0.653333,0.646667,0.096667,0.030692,0.032259,0.208444,0.041218,0.053133,0.219042,-0.010526,-0.008015,0.208444,0.096667,0.015255,0.018976,0.208444,0.646667,0.000000,0.000000,0.021060,0.026000,0.028773,0.000000,0.000000,4.000000,not_modeled_for_selection_amendment,reports/adversarial-failure-traces-a9.jsonl,"A9 executable pilot only. Each row pairs the same generated world, target bill, status quo, and vote-random seed across a no-attack baseline, a fixed-total-budget mixed portfolio, full-budget single-attack controls, and single-action controls at the mixed allocation. The three portfolios implement the combinations specified in the experiment plan: A1+A2, A3+A4, and A5+A6+A8. Interaction coefficients, resource conversion, review capacity, and recovery behavior are synthetic stress assumptions, not empirical coordination rates, not a general mechanism ranking, and not evidence for real-world institutional adoption."
20260446,A9,mixed_adversary_portfolio,mixed-adversary-portfolio,selection-amendment-benign,selection-amendment-a9-mixed,selection_amendment_pairwise_majority,clone-decoy-poison-pill,A1+A2,2,joint_attack_units,8,medium,5,101,60,300,11,144,145,31,31,97,0,0,0.036667,0.480000,0.483333,0.103333,0.060284,0.003333,0.242051,0.067705,0.012116,0.274822,-0.007421,0.000000,0.219866,0.103333,0.013045,0.000000,0.214360,0.323333,0.000000,0.000000,0.029640,0.052000,0.030507,0.000000,0.000000,8.000000,not_modeled_for_selection_amendment,reports/adversarial-failure-traces-a9.jsonl,"A9 executable pilot only. Each row pairs the same generated world, target bill, status quo, and vote-random seed across a no-attack baseline, a fixed-total-budget mixed portfolio, full-budget single-attack controls, and single-action controls at the mixed allocation. The three portfolios implement the combinations specified in the experiment plan: A1+A2, A3+A4, and A5+A6+A8. Interaction coefficients, resource conversion, review capacity, and recovery behavior are synthetic stress assumptions, not empirical coordination rates, not a general mechanism ranking, and not evidence for real-world institutional adoption."
20260446,A9,mixed_adversary_portfolio,mixed-adversary-portfolio,selection-amendment-benign,selection-amendment-a9-mixed,selection_amendment_pairwise_majority,clone-decoy-poison-pill,A1+A2,2,joint_attack_units,12,medium,5,101,60,300,0,104,121,6,6,21,0,0,0.000000,0.346667,0.403333,0.020000,0.039943,0.000000,0.363230,0.044067,0.000000,0.361890,-0.004124,0.000000,0.259659,0.020000,-0.025710,0.000000,0.243681,0.070000,0.000000,0.000000,0.030940,0.078000,0.018200,0.000000,0.000000,12.000000,not_modeled_for_selection_amendment,reports/adversarial-failure-traces-a9.jsonl,"A9 executable pilot only. Each row pairs the same generated world, target bill, status quo, and vote-random seed across a no-attack baseline, a fixed-total-budget mixed portfolio, full-budget single-attack controls, and single-action controls at the mixed allocation. The three portfolios implement the combinations specified in the experiment plan: A1+A2, A3+A4, and A5+A6+A8. Interaction coefficients, resource conversion, review capacity, and recovery behavior are synthetic stress assumptions, not empirical coordination rates, not a general mechanism ranking, and not evidence for real-world institutional adoption."
20260446,A9,mixed_adversary_portfolio,mixed-adversary-portfolio,selection-amendment-benign,selection-amendment-a9-mixed,selection_amendment_pairwise_majority,clone-decoy-poison-pill,A1+A2,2,joint_attack_units,4,high,5,101,60,300,17,184,181,32,32,183,0,0,0.056667,0.613333,0.603333,0.106667,0.028115,0.032259,0.206884,0.038960,0.052957,0.190826,-0.010845,-0.007228,0.083509,0.106667,0.011824,0.018976,0.183703,0.610000,0.000000,0.000000,0.020107,0.026000,0.026347,0.000000,0.000000,4.000000,not_modeled_for_selection_amendment,reports/adversarial-failure-traces-a9.jsonl,"A9 executable pilot only. Each row pairs the same generated world, target bill, status quo, and vote-random seed across a no-attack baseline, a fixed-total-budget mixed portfolio, full-budget single-attack controls, and single-action controls at the mixed allocation. The three portfolios implement the combinations specified in the experiment plan: A1+A2, A3+A4, and A5+A6+A8. Interaction coefficients, resource conversion, review capacity, and recovery behavior are synthetic stress assumptions, not empirical coordination rates, not a general mechanism ranking, and not evidence for real-world institutional adoption."
20260446,A9,mixed_adversary_portfolio,mixed-adversary-portfolio,selection-amendment-benign,selection-amendment-a9-mixed,selection_amendment_pairwise_majority,clone-decoy-poison-pill,A1+A2,2,joint_attack_units,8,high,5,101,60,300,18,125,129,32,32,81,0,0,0.060000,0.416667,0.430000,0.106667,0.047574,0.000000,0.242063,0.055530,0.000000,0.266837,-0.007956,0.000000,0.207415,0.106667,0.005080,0.000000,0.188930,0.270000,0.000000,0.000000,0.028947,0.052000,0.023227,0.000000,0.000000,8.000000,not_modeled_for_selection_amendment,reports/adversarial-failure-traces-a9.jsonl,"A9 executable pilot only. Each row pairs the same generated world, target bill, status quo, and vote-random seed across a no-attack baseline, a fixed-total-budget mixed portfolio, full-budget single-attack controls, and single-action controls at the mixed allocation. The three portfolios implement the combinations specified in the experiment plan: A1+A2, A3+A4, and A5+A6+A8. Interaction coefficients, resource conversion, review capacity, and recovery behavior are synthetic stress assumptions, not empirical coordination rates, not a general mechanism ranking, and not evidence for real-world institutional adoption."
20260446,A9,mixed_adversary_portfolio,mixed-adversary-portfolio,selection-amendment-benign,selection-amendment-a9-mixed,selection_amendment_pairwise_majority,clone-decoy-poison-pill,A1+A2,2,joint_attack_units,12,high,5,101,60,300,2,107,118,8,8,17,0,0,0.006667,0.356667,0.393333,0.026667,0.038723,0.000000,0.442171,0.042107,0.000000,0.314302,-0.003384,0.000000,0.293010,0.026667,-0.025841,0.000000,0.303471,0.056667,0.000000,0.000000,0.029900,0.078000,0.018200,0.000000,0.000000,12.000000,not_modeled_for_selection_amendment,reports/adversarial-failure-traces-a9.jsonl,"A9 executable pilot only. Each row pairs the same generated world, target bill, status quo, and vote-random seed across a no-attack baseline, a fixed-total-budget mixed portfolio, full-budget single-attack controls, and single-action controls at the mixed allocation. The three portfolios implement the combinations specified in the experiment plan: A1+A2, A3+A4, and A5+A6+A8. Interaction coefficients, resource conversion, review capacity, and recovery behavior are synthetic stress assumptions, not empirical coordination rates, not a general mechanism ranking, and not evidence for real-world institutional adoption."
20260446,A9,mixed_adversary_portfolio,mixed-adversary-portfolio,public-input-harm-benign,public-input-harm-a9-mixed,public_input_harm_review_majority,astroturf-harm-claims,A3+A4,2,joint_attack_units,4,medium,5,101,60,300,2,3,2,2,2,0,196,3,0.006667,0.010000,0.006667,0.006667,0.003949,0.000000,0.539053,0.001006,0.000000,0.097747,0.002943,0.000000,0.539053,0.006667,0.000000,0.000000,0.000000,0.000000,0.653333,0.010000,0.138400,0.475000,0.130083,0.000000,0.000000,4.000000,same_case_review_only,reports/adversarial-failure-traces-a9.jsonl,"A9 executable pilot only. Each row pairs the same generated world, target bill, status quo, and vote-random seed across a no-attack baseline, a fixed-total-budget mixed portfolio, full-budget single-attack controls, and single-action controls at the mixed allocation. The three portfolios implement the combinations specified in the experiment plan: A1+A2, A3+A4, and A5+A6+A8. Interaction coefficients, resource conversion, review capacity, and recovery behavior are synthetic stress assumptions, not empirical coordination rates, not a general mechanism ranking, and not evidence for real-world institutional adoption."
20260446,A9,mixed_adversary_portfolio,mixed-adversary-portfolio,public-input-harm-benign,public-input-harm-a9-mixed,public_input_harm_review_majority,astroturf-harm-claims,A3+A4,2,joint_attack_units,8,medium,5,101,60,300,0,4,100,0,0,0,259,3,0.000000,0.013333,0.333333,0.000000,0.001822,0.000000,0.162931,0.157330,0.000000,0.621607,-0.155508,0.000000,0.000000,0.000000,-0.000750,0.000000,0.000000,0.000000,0.863333,0.010000,0.313283,0.595000,0.205373,0.000000,0.000000,8.000000,same_case_review_only,reports/adversarial-failure-traces-a9.jsonl,"A9 executable pilot only. Each row pairs the same generated world, target bill, status quo, and vote-random seed across a no-attack baseline, a fixed-total-budget mixed portfolio, full-budget single-attack controls, and single-action controls at the mixed allocation. The three portfolios implement the combinations specified in the experiment plan: A1+A2, A3+A4, and A5+A6+A8. Interaction coefficients, resource conversion, review capacity, and recovery behavior are synthetic stress assumptions, not empirical coordination rates, not a general mechanism ranking, and not evidence for real-world institutional adoption."
20260446,A9,mixed_adversary_portfolio,mixed-adversary-portfolio,public-input-harm-benign,public-input-harm-a9-mixed,public_input_harm_review_majority,astroturf-harm-claims,A3+A4,2,joint_attack_units,12,medium,5,101,60,300,6,25,98,7,7,7,299,25,0.020000,0.083333,0.326667,0.023333,0.009762,0.000000,0.265474,0.149184,0.000000,0.644957,-0.139422,0.000000,0.265474,0.023333,-0.135593,0.000000,0.265474,0.023333,0.996667,0.083333,0.492050,0.715000,0.306107,0.000000,0.000000,12.000000,same_case_review_only,reports/adversarial-failure-traces-a9.jsonl,"A9 executable pilot only. Each row pairs the same generated world, target bill, status quo, and vote-random seed across a no-attack baseline, a fixed-total-budget mixed portfolio, full-budget single-attack controls, and single-action controls at the mixed allocation. The three portfolios implement the combinations specified in the experiment plan: A1+A2, A3+A4, and A5+A6+A8. Interaction coefficients, resource conversion, review capacity, and recovery behavior are synthetic stress assumptions, not empirical coordination rates, not a general mechanism ranking, and not evidence for real-world institutional adoption."
20260446,A9,mixed_adversary_portfolio,mixed-adversary-portfolio,public-input-harm-benign,public-input-harm-a9-mixed,public_input_harm_review_majority,astroturf-harm-claims,A3+A4,2,joint_attack_units,4,high,5,101,60,300,4,10,25,4,4,1,202,10,0.013333,0.033333,0.083333,0.013333,0.009507,0.000000,0.576239,0.012656,0.000000,0.612755,-0.003149,0.000000,0.576239,0.013333,-0.000510,0.000000,0.535448,0.003333,0.673333,0.033333,0.147000,0.475000,0.190130,0.000000,0.000000,4.000000,same_case_review_only,reports/adversarial-failure-traces-a9.jsonl,"A9 executable pilot only. Each row pairs the same generated world, target bill, status quo, and vote-random seed across a no-attack baseline, a fixed-total-budget mixed portfolio, full-budget single-attack controls, and single-action controls at the mixed allocation. The three portfolios implement the combinations specified in the experiment plan: A1+A2, A3+A4, and A5+A6+A8. Interaction coefficients, resource conversion, review capacity, and recovery behavior are synthetic stress assumptions, not empirical coordination rates, not a general mechanism ranking, and not evidence for real-world institutional adoption."
20260446,A9,mixed_adversary_portfolio,mixed-adversary-portfolio,public-input-harm-benign,public-input-harm-a9-mixed,public_input_harm_review_majority,astroturf-harm-claims,A3+A4,2,joint_attack_units,8,high,5,101,60,300,2,26,111,2,2,2,298,26,0.006667,0.086667,0.370000,0.006667,0.011579,0.000000,0.401308,0.168861,0.000000,0.644957,-0.157282,0.000000,0.192332,0.006667,0.000038,0.000000,0.192332,0.006667,0.993333,0.086667,0.381217,0.595000,0.205777,0.000000,0.000000,8.000000,same_case_review_only,reports/adversarial-failure-traces-a9.jsonl,"A9 executable pilot only. Each row pairs the same generated world, target bill, status quo, and vote-random seed across a no-attack baseline, a fixed-total-budget mixed portfolio, full-budget single-attack controls, and single-action controls at the mixed allocation. The three portfolios implement the combinations specified in the experiment plan: A1+A2, A3+A4, and A5+A6+A8. Interaction coefficients, resource conversion, review capacity, and recovery behavior are synthetic stress assumptions, not empirical coordination rates, not a general mechanism ranking, and not evidence for real-world institutional adoption."
20260446,A9,mixed_adversary_portfolio,mixed-adversary-portfolio,public-input-harm-benign,public-input-harm-a9-mixed,public_input_harm_review_majority,astroturf-harm-claims,A3+A4,2,joint_attack_units,12,high,5,101,60,300,4,27,110,4,4,4,300,27,0.013333,0.090000,0.366667,0.013333,0.011468,0.000000,0.401308,0.163010,0.000000,0.707246,-0.151542,0.000000,0.401308,0.013333,-0.148865,0.000000,0.401308,0.013333,1.000000,0.090000,0.492050,0.715000,0.304383,0.000000,0.000000,12.000000,same_case_review_only,reports/adversarial-failure-traces-a9.jsonl,"A9 executable pilot only. Each row pairs the same generated world, target bill, status quo, and vote-random seed across a no-attack baseline, a fixed-total-budget mixed portfolio, full-budget single-attack controls, and single-action controls at the mixed allocation. The three portfolios implement the combinations specified in the experiment plan: A1+A2, A3+A4, and A5+A6+A8. Interaction coefficients, resource conversion, review capacity, and recovery behavior are synthetic stress assumptions, not empirical coordination rates, not a general mechanism ranking, and not evidence for real-world institutional adoption."
20260446,A9,mixed_adversary_portfolio,mixed-adversary-portfolio,portfolio-capacity-benign,portfolio-capacity-a9-mixed,portfolio_capacity_capture_signal,flood-camouflage-support-distortion,A5+A6+A8,3,joint_attack_units,4,medium,5,101,60,300,1,154,194,1,1,2,300,154,0.003333,0.513333,0.646667,0.003333,0.269918,0.320517,0.715837,0.340193,0.459094,0.715837,-0.070275,0.000000,0.452032,0.003333,-0.049477,0.000000,0.452032,0.006667,1.000000,0.513333,5.913850,9.690797,4.915322,24.735211,62.019897,4.000000,capacity_recovered_outcomes_not_replayed,reports/adversarial-failure-traces-a9.jsonl,"A9 executable pilot only. Each row pairs the same generated world, target bill, status quo, and vote-random seed across a no-attack baseline, a fixed-total-budget mixed portfolio, full-budget single-attack controls, and single-action controls at the mixed allocation. The three portfolios implement the combinations specified in the experiment plan: A1+A2, A3+A4, and A5+A6+A8. Interaction coefficients, resource conversion, review capacity, and recovery behavior are synthetic stress assumptions, not empirical coordination rates, not a general mechanism ranking, and not evidence for real-world institutional adoption."
20260446,A9,mixed_adversary_portfolio,mixed-adversary-portfolio,portfolio-capacity-benign,portfolio-capacity-a9-mixed,portfolio_capacity_capture_signal,flood-camouflage-support-distortion,A5+A6+A8,3,joint_attack_units,8,medium,5,101,60,300,1,169,195,1,1,1,300,169,0.003333,0.563333,0.650000,0.003333,0.295139,0.389104,0.715837,0.342307,0.461309,0.715837,-0.047168,0.000000,0.387174,0.003333,-0.176972,0.000000,0.387174,0.003333,1.000000,0.563333,12.071732,20.334241,8.093082,70.551880,153.244419,8.000000,capacity_recovered_outcomes_not_replayed,reports/adversarial-failure-traces-a9.jsonl,"A9 executable pilot only. Each row pairs the same generated world, target bill, status quo, and vote-random seed across a no-attack baseline, a fixed-total-budget mixed portfolio, full-budget single-attack controls, and single-action controls at the mixed allocation. The three portfolios implement the combinations specified in the experiment plan: A1+A2, A3+A4, and A5+A6+A8. Interaction coefficients, resource conversion, review capacity, and recovery behavior are synthetic stress assumptions, not empirical coordination rates, not a general mechanism ranking, and not evidence for real-world institutional adoption."
20260446,A9,mixed_adversary_portfolio,mixed-adversary-portfolio,portfolio-capacity-benign,portfolio-capacity-a9-mixed,portfolio_capacity_capture_signal,flood-camouflage-support-distortion,A5+A6+A8,3,joint_attack_units,12,medium,5,101,60,300,0,180,197,0,0,0,300,180,0.000000,0.600000,0.656667,0.000000,0.316510,0.421204,0.686926,0.346605,0.459514,0.715837,-0.030095,0.000000,0.000000,0.000000,-0.237541,0.000000,0.000000,0.000000,1.000000,0.600000,18.460657,31.375666,14.584976,118.307069,247.435557,12.000000,capacity_recovered_outcomes_not_replayed,reports/adversarial-failure-traces-a9.jsonl,"A9 executable pilot only. Each row pairs the same generated world, target bill, status quo, and vote-random seed across a no-attack baseline, a fixed-total-budget mixed portfolio, full-budget single-attack controls, and single-action controls at the mixed allocation. The three portfolios implement the combinations specified in the experiment plan: A1+A2, A3+A4, and A5+A6+A8. Interaction coefficients, resource conversion, review capacity, and recovery behavior are synthetic stress assumptions, not empirical coordination rates, not a general mechanism ranking, and not evidence for real-world institutional adoption."
20260446,A9,mixed_adversary_portfolio,mixed-adversary-portfolio,portfolio-capacity-benign,portfolio-capacity-a9-mixed,portfolio_capacity_capture_signal,flood-camouflage-support-distortion,A5+A6+A8,3,joint_attack_units,4,high,5,101,60,300,0,162,195,0,0,3,300,162,0.000000,0.540000,0.650000,0.000000,0.278524,0.361574,0.715837,0.337664,0.442251,0.715837,-0.059140,0.000000,0.000000,0.000000,-0.062395,0.000000,0.601717,0.010000,1.000000,0.540000,7.409880,12.327420,5.426171,35.841527,84.632698,4.000000,capacity_recovered_outcomes_not_replayed,reports/adversarial-failure-traces-a9.jsonl,"A9 executable pilot only. Each row pairs the same generated world, target bill, status quo, and vote-random seed across a no-attack baseline, a fixed-total-budget mixed portfolio, full-budget single-attack controls, and single-action controls at the mixed allocation. The three portfolios implement the combinations specified in the experiment plan: A1+A2, A3+A4, and A5+A6+A8. Interaction coefficients, resource conversion, review capacity, and recovery behavior are synthetic stress assumptions, not empirical coordination rates, not a general mechanism ranking, and not evidence for real-world institutional adoption."
20260446,A9,mixed_adversary_portfolio,mixed-adversary-portfolio,portfolio-capacity-benign,portfolio-capacity-a9-mixed,portfolio_capacity_capture_signal,flood-camouflage-support-distortion,A5+A6+A8,3,joint_attack_units,8,high,5,101,60,300,0,176,206,0,0,0,300,176,0.000000,0.586667,0.686667,0.000000,0.306743,0.406754,0.686926,0.359322,0.483433,0.715837,-0.052579,0.000000,0.000000,0.000000,-0.222672,0.000000,0.000000,0.000000,1.000000,0.586667,14.304234,24.208610,11.108707,87.278851,186.486570,8.000000,capacity_recovered_outcomes_not_replayed,reports/adversarial-failure-traces-a9.jsonl,"A9 executable pilot only. Each row pairs the same generated world, target bill, status quo, and vote-random seed across a no-attack baseline, a fixed-total-budget mixed portfolio, full-budget single-attack controls, and single-action controls at the mixed allocation. The three portfolios implement the combinations specified in the experiment plan: A1+A2, A3+A4, and A5+A6+A8. Interaction coefficients, resource conversion, review capacity, and recovery behavior are synthetic stress assumptions, not empirical coordination rates, not a general mechanism ranking, and not evidence for real-world institutional adoption."
20260446,A9,mixed_adversary_portfolio,mixed-adversary-portfolio,portfolio-capacity-benign,portfolio-capacity-a9-mixed,portfolio_capacity_capture_signal,flood-camouflage-support-distortion,A5+A6+A8,3,joint_attack_units,12,high,5,101,60,300,4,184,197,4,4,5,300,184,0.013333,0.613333,0.656667,0.013333,0.320042,0.418377,0.715837,0.343935,0.455686,0.715837,-0.023893,0.000000,0.506572,0.013333,-0.287105,0.000000,0.647581,0.016667,1.000000,0.613333,21.442626,36.516413,17.261028,140.707426,291.815272,12.000000,capacity_recovered_outcomes_not_replayed,reports/adversarial-failure-traces-a9.jsonl,"A9 executable pilot only. Each row pairs the same generated world, target bill, status quo, and vote-random seed across a no-attack baseline, a fixed-total-budget mixed portfolio, full-budget single-attack controls, and single-action controls at the mixed allocation. The three portfolios implement the combinations specified in the experiment plan: A1+A2, A3+A4, and A5+A6+A8. Interaction coefficients, resource conversion, review capacity, and recovery behavior are synthetic stress assumptions, not empirical coordination rates, not a general mechanism ranking, and not evidence for real-world institutional adoption."
20260447,A9,mixed_adversary_portfolio,mixed-adversary-portfolio,selection-amendment-benign,selection-amendment-a9-mixed,selection_amendment_pairwise_majority,clone-decoy-poison-pill,A1+A2,2,joint_attack_units,4,medium,5,101,60,300,12,158,158,15,15,158,0,0,0.040000,0.526667,0.526667,0.050000,0.022053,0.032259,0.239116,0.032295,0.037207,0.255456,-0.010242,0.000000,0.058324,0.050000,0.012454,0.018072,0.225833,0.526667,0.000000,0.000000,0.015600,0.026000,0.024960,0.000000,0.000000,4.000000,not_modeled_for_selection_amendment,reports/adversarial-failure-traces-a9.jsonl,"A9 executable pilot only. Each row pairs the same generated world, target bill, status quo, and vote-random seed across a no-attack baseline, a fixed-total-budget mixed portfolio, full-budget single-attack controls, and single-action controls at the mixed allocation. The three portfolios implement the combinations specified in the experiment plan: A1+A2, A3+A4, and A5+A6+A8. Interaction coefficients, resource conversion, review capacity, and recovery behavior are synthetic stress assumptions, not empirical coordination rates, not a general mechanism ranking, and not evidence for real-world institutional adoption."
20260447,A9,mixed_adversary_portfolio,mixed-adversary-portfolio,selection-amendment-benign,selection-amendment-a9-mixed,selection_amendment_pairwise_majority,clone-decoy-poison-pill,A1+A2,2,joint_attack_units,8,medium,5,101,60,300,3,94,94,8,8,62,0,0,0.010000,0.313333,0.313333,0.026667,0.036451,0.000000,0.291994,0.037627,0.000000,0.298927,-0.001175,0.000000,0.175786,0.026667,0.006348,0.000000,0.254429,0.206667,0.000000,0.000000,0.007280,0.052000,0.003467,0.000000,0.000000,8.000000,not_modeled_for_selection_amendment,reports/adversarial-failure-traces-a9.jsonl,"A9 executable pilot only. Each row pairs the same generated world, target bill, status quo, and vote-random seed across a no-attack baseline, a fixed-total-budget mixed portfolio, full-budget single-attack controls, and single-action controls at the mixed allocation. The three portfolios implement the combinations specified in the experiment plan: A1+A2, A3+A4, and A5+A6+A8. Interaction coefficients, resource conversion, review capacity, and recovery behavior are synthetic stress assumptions, not empirical coordination rates, not a general mechanism ranking, and not evidence for real-world institutional adoption."
20260447,A9,mixed_adversary_portfolio,mixed-adversary-portfolio,selection-amendment-benign,selection-amendment-a9-mixed,selection_amendment_pairwise_majority,clone-decoy-poison-pill,A1+A2,2,joint_attack_units,12,medium,5,101,60,300,1,98,102,1,1,16,0,0,0.003333,0.326667,0.340000,0.003333,0.040714,0.000000,0.298927,0.041347,0.000000,0.298927,-0.000633,0.000000,0.279833,0.003333,-0.003014,0.000000,0.215636,0.053333,0.000000,0.000000,0.002340,0.078000,0.004160,0.000000,0.000000,12.000000,not_modeled_for_selection_amendment,reports/adversarial-failure-traces-a9.jsonl,"A9 executable pilot only. Each row pairs the same generated world, target bill, status quo, and vote-random seed across a no-attack baseline, a fixed-total-budget mixed portfolio, full-budget single-attack controls, and single-action controls at the mixed allocation. The three portfolios implement the combinations specified in the experiment plan: A1+A2, A3+A4, and A5+A6+A8. Interaction coefficients, resource conversion, review capacity, and recovery behavior are synthetic stress assumptions, not empirical coordination rates, not a general mechanism ranking, and not evidence for real-world institutional adoption."
20260447,A9,mixed_adversary_portfolio,mixed-adversary-portfolio,selection-amendment-benign,selection-amendment-a9-mixed,selection_amendment_pairwise_majority,clone-decoy-poison-pill,A1+A2,2,joint_attack_units,4,high,5,101,60,300,12,145,143,15,15,149,0,0,0.040000,0.483333,0.476667,0.050000,0.018759,0.017815,0.249919,0.028725,0.003797,0.249919,-0.009966,0.000000,0.050888,0.050000,0.009844,0.003242,0.242796,0.496667,0.000000,0.000000,0.014473,0.026000,0.022013,0.000000,0.000000,4.000000,not_modeled_for_selection_amendment,reports/adversarial-failure-traces-a9.jsonl,"A9 executable pilot only. Each row pairs the same generated world, target bill, status quo, and vote-random seed across a no-attack baseline, a fixed-total-budget mixed portfolio, full-budget single-attack controls, and single-action controls at the mixed allocation. The three portfolios implement the combinations specified in the experiment plan: A1+A2, A3+A4, and A5+A6+A8. Interaction coefficients, resource conversion, review capacity, and recovery behavior are synthetic stress assumptions, not empirical coordination rates, not a general mechanism ranking, and not evidence for real-world institutional adoption."
20260447,A9,mixed_adversary_portfolio,mixed-adversary-portfolio,selection-amendment-benign,selection-amendment-a9-mixed,selection_amendment_pairwise_majority,clone-decoy-poison-pill,A1+A2,2,joint_attack_units,8,high,5,101,60,300,3,88,87,6,6,48,0,0,0.010000,0.293333,0.290000,0.020000,0.034423,0.000000,0.294074,0.035709,0.000000,0.294074,-0.001286,0.000000,0.134195,0.020000,0.003256,0.000000,0.265582,0.160000,0.000000,0.000000,0.004333,0.052000,0.003467,0.000000,0.000000,8.000000,not_modeled_for_selection_amendment,reports/adversarial-failure-traces-a9.jsonl,"A9 executable pilot only. Each row pairs the same generated world, target bill, status quo, and vote-random seed across a no-attack baseline, a fixed-total-budget mixed portfolio, full-budget single-attack controls, and single-action controls at the mixed allocation. The three portfolios implement the combinations specified in the experiment plan: A1+A2, A3+A4, and A5+A6+A8. Interaction coefficients, resource conversion, review capacity, and recovery behavior are synthetic stress assumptions, not empirical coordination rates, not a general mechanism ranking, and not evidence for real-world institutional adoption."
20260447,A9,mixed_adversary_portfolio,mixed-adversary-portfolio,selection-amendment-benign,selection-amendment-a9-mixed,selection_amendment_pairwise_majority,clone-decoy-poison-pill,A1+A2,2,joint_attack_units,12,high,5,101,60,300,0,88,89,0,0,11,0,0,0.000000,0.293333,0.296667,0.000000,0.035672,0.000000,0.294074,0.035827,0.000000,0.294074,-0.000156,0.000000,0.000000,0.000000,0.000021,0.000000,0.210784,0.036667,0.000000,0.000000,0.002080,0.078000,0.003120,0.000000,0.000000,12.000000,not_modeled_for_selection_amendment,reports/adversarial-failure-traces-a9.jsonl,"A9 executable pilot only. Each row pairs the same generated world, target bill, status quo, and vote-random seed across a no-attack baseline, a fixed-total-budget mixed portfolio, full-budget single-attack controls, and single-action controls at the mixed allocation. The three portfolios implement the combinations specified in the experiment plan: A1+A2, A3+A4, and A5+A6+A8. Interaction coefficients, resource conversion, review capacity, and recovery behavior are synthetic stress assumptions, not empirical coordination rates, not a general mechanism ranking, and not evidence for real-world institutional adoption."
20260447,A9,mixed_adversary_portfolio,mixed-adversary-portfolio,public-input-harm-benign,public-input-harm-a9-mixed,public_input_harm_review_majority,astroturf-harm-claims,A3+A4,2,joint_attack_units,4,medium,5,101,60,300,0,4,5,0,0,0,196,4,0.000000,0.013333,0.016667,0.000000,0.001457,0.000000,0.226120,0.002061,0.000000,0.226120,-0.000604,0.000000,0.000000,0.000000,0.000000,0.000000,0.000000,0.000000,0.653333,0.013333,0.150950,0.475000,0.137997,0.000000,0.000000,4.000000,same_case_review_only,reports/adversarial-failure-traces-a9.jsonl,"A9 executable pilot only. Each row pairs the same generated world, target bill, status quo, and vote-random seed across a no-attack baseline, a fixed-total-budget mixed portfolio, full-budget single-attack controls, and single-action controls at the mixed allocation. The three portfolios implement the combinations specified in the experiment plan: A1+A2, A3+A4, and A5+A6+A8. Interaction coefficients, resource conversion, review capacity, and recovery behavior are synthetic stress assumptions, not empirical coordination rates, not a general mechanism ranking, and not evidence for real-world institutional adoption."
20260447,A9,mixed_adversary_portfolio,mixed-adversary-portfolio,public-input-harm-benign,public-input-harm-a9-mixed,public_input_harm_review_majority,astroturf-harm-claims,A3+A4,2,joint_attack_units,8,medium,5,101,60,300,0,6,95,0,0,0,265,6,0.000000,0.020000,0.316667,0.000000,0.002965,0.000000,0.333011,0.154049,0.000000,0.711026,-0.151084,0.000000,0.000000,0.000000,-0.000581,0.000000,0.000000,0.000000,0.883333,0.020000,0.320567,0.595000,0.210230,0.000000,0.000000,8.000000,same_case_review_only,reports/adversarial-failure-traces-a9.jsonl,"A9 executable pilot only. Each row pairs the same generated world, target bill, status quo, and vote-random seed across a no-attack baseline, a fixed-total-budget mixed portfolio, full-budget single-attack controls, and single-action controls at the mixed allocation. The three portfolios implement the combinations specified in the experiment plan: A1+A2, A3+A4, and A5+A6+A8. Interaction coefficients, resource conversion, review capacity, and recovery behavior are synthetic stress assumptions, not empirical coordination rates, not a general mechanism ranking, and not evidence for real-world institutional adoption."
20260447,A9,mixed_adversary_portfolio,mixed-adversary-portfolio,public-input-harm-benign,public-input-harm-a9-mixed,public_input_harm_review_majority,astroturf-harm-claims,A3+A4,2,joint_attack_units,12,medium,5,101,60,300,3,14,91,3,3,3,300,14,0.010000,0.046667,0.303333,0.010000,0.005030,0.000000,0.333011,0.146750,0.000000,0.653075,-0.141720,0.000000,0.082967,0.010000,-0.137447,0.000000,0.082967,0.010000,1.000000,0.046667,0.500083,0.715000,0.309223,0.000000,0.000000,12.000000,same_case_review_only,reports/adversarial-failure-traces-a9.jsonl,"A9 executable pilot only. Each row pairs the same generated world, target bill, status quo, and vote-random seed across a no-attack baseline, a fixed-total-budget mixed portfolio, full-budget single-attack controls, and single-action controls at the mixed allocation. The three portfolios implement the combinations specified in the experiment plan: A1+A2, A3+A4, and A5+A6+A8. Interaction coefficients, resource conversion, review capacity, and recovery behavior are synthetic stress assumptions, not empirical coordination rates, not a general mechanism ranking, and not evidence for real-world institutional adoption."
20260447,A9,mixed_adversary_portfolio,mixed-adversary-portfolio,public-input-harm-benign,public-input-harm-a9-mixed,public_input_harm_review_majority,astroturf-harm-claims,A3+A4,2,joint_attack_units,4,high,5,101,60,300,6,12,13,6,6,2,204,11,0.020000,0.040000,0.043333,0.020000,0.011228,0.000000,0.535448,0.005639,0.000000,0.333011,0.005589,0.000000,0.535448,0.020000,0.000778,0.000000,0.406469,0.006667,0.680000,0.036667,0.160567,0.475000,0.198710,0.000000,0.000000,4.000000,same_case_review_only,reports/adversarial-failure-traces-a9.jsonl,"A9 executable pilot only. Each row pairs the same generated world, target bill, status quo, and vote-random seed across a no-attack baseline, a fixed-total-budget mixed portfolio, full-budget single-attack controls, and single-action controls at the mixed allocation. The three portfolios implement the combinations specified in the experiment plan: A1+A2, A3+A4, and A5+A6+A8. Interaction coefficients, resource conversion, review capacity, and recovery behavior are synthetic stress assumptions, not empirical coordination rates, not a general mechanism ranking, and not evidence for real-world institutional adoption."
20260447,A9,mixed_adversary_portfolio,mixed-adversary-portfolio,public-input-harm-benign,public-input-harm-a9-mixed,public_input_harm_review_majority,astroturf-harm-claims,A3+A4,2,joint_attack_units,8,high,5,101,60,300,2,15,93,2,2,2,296,15,0.006667,0.050000,0.310000,0.006667,0.004555,0.000000,0.333011,0.149281,0.000000,0.643682,-0.144726,0.000000,0.127248,0.006667,-0.000627,0.000000,0.127248,0.006667,0.986667,0.050000,0.389650,0.595000,0.209420,0.000000,0.000000,8.000000,same_case_review_only,reports/adversarial-failure-traces-a9.jsonl,"A9 executable pilot only. Each row pairs the same generated world, target bill, status quo, and vote-random seed across a no-attack baseline, a fixed-total-budget mixed portfolio, full-budget single-attack controls, and single-action controls at the mixed allocation. The three portfolios implement the combinations specified in the experiment plan: A1+A2, A3+A4, and A5+A6+A8. Interaction coefficients, resource conversion, review capacity, and recovery behavior are synthetic stress assumptions, not empirical coordination rates, not a general mechanism ranking, and not evidence for real-world institutional adoption."
20260447,A9,mixed_adversary_portfolio,mixed-adversary-portfolio,public-input-harm-benign,public-input-harm-a9-mixed,public_input_harm_review_majority,astroturf-harm-claims,A3+A4,2,joint_attack_units,12,high,5,101,60,300,4,18,95,4,4,4,300,18,0.013333,0.060000,0.316667,0.013333,0.007033,0.000000,0.401248,0.153204,0.000000,0.711026,-0.146171,0.000000,0.125477,0.013333,-0.137443,0.000000,0.125477,0.013333,1.000000,0.060000,0.497833,0.715000,0.305707,0.000000,0.000000,12.000000,same_case_review_only,reports/adversarial-failure-traces-a9.jsonl,"A9 executable pilot only. Each row pairs the same generated world, target bill, status quo, and vote-random seed across a no-attack baseline, a fixed-total-budget mixed portfolio, full-budget single-attack controls, and single-action controls at the mixed allocation. The three portfolios implement the combinations specified in the experiment plan: A1+A2, A3+A4, and A5+A6+A8. Interaction coefficients, resource conversion, review capacity, and recovery behavior are synthetic stress assumptions, not empirical coordination rates, not a general mechanism ranking, and not evidence for real-world institutional adoption."
20260447,A9,mixed_adversary_portfolio,mixed-adversary-portfolio,portfolio-capacity-benign,portfolio-capacity-a9-mixed,portfolio_capacity_capture_signal,flood-camouflage-support-distortion,A5+A6+A8,3,joint_attack_units,4,medium,5,101,60,300,1,137,170,1,1,1,300,137,0.003333,0.456667,0.566667,0.003333,0.242641,0.000000,0.694597,0.302868,0.390485,0.694597,-0.060227,0.000000,0.417565,0.003333,-0.029778,0.000000,0.417565,0.003333,1.000000,0.456667,5.930508,9.629270,3.226857,25.044350,61.393227,4.000000,capacity_recovered_outcomes_not_replayed,reports/adversarial-failure-traces-a9.jsonl,"A9 executable pilot only. Each row pairs the same generated world, target bill, status quo, and vote-random seed across a no-attack baseline, a fixed-total-budget mixed portfolio, full-budget single-attack controls, and single-action controls at the mixed allocation. The three portfolios implement the combinations specified in the experiment plan: A1+A2, A3+A4, and A5+A6+A8. Interaction coefficients, resource conversion, review capacity, and recovery behavior are synthetic stress assumptions, not empirical coordination rates, not a general mechanism ranking, and not evidence for real-world institutional adoption."
20260447,A9,mixed_adversary_portfolio,mixed-adversary-portfolio,portfolio-capacity-benign,portfolio-capacity-a9-mixed,portfolio_capacity_capture_signal,flood-camouflage-support-distortion,A5+A6+A8,3,joint_attack_units,8,medium,5,101,60,300,0,141,168,0,0,1,300,141,0.000000,0.470000,0.560000,0.000000,0.248607,0.000000,0.699944,0.295733,0.369119,0.699944,-0.047126,0.000000,0.000000,0.000000,-0.149030,0.000000,0.597433,0.003333,1.000000,0.470000,12.090015,20.254033,5.207322,70.888356,152.903653,8.000000,capacity_recovered_outcomes_not_replayed,reports/adversarial-failure-traces-a9.jsonl,"A9 executable pilot only. Each row pairs the same generated world, target bill, status quo, and vote-random seed across a no-attack baseline, a fixed-total-budget mixed portfolio, full-budget single-attack controls, and single-action controls at the mixed allocation. The three portfolios implement the combinations specified in the experiment plan: A1+A2, A3+A4, and A5+A6+A8. Interaction coefficients, resource conversion, review capacity, and recovery behavior are synthetic stress assumptions, not empirical coordination rates, not a general mechanism ranking, and not evidence for real-world institutional adoption."
20260447,A9,mixed_adversary_portfolio,mixed-adversary-portfolio,portfolio-capacity-benign,portfolio-capacity-a9-mixed,portfolio_capacity_capture_signal,flood-camouflage-support-distortion,A5+A6+A8,3,joint_attack_units,12,medium,5,101,60,300,0,170,190,0,0,3,300,170,0.000000,0.566667,0.633333,0.000000,0.302880,0.390485,0.699944,0.337108,0.449897,0.699944,-0.034229,0.000000,0.000000,0.000000,-0.269669,0.000000,0.694597,0.010000,1.000000,0.566667,18.484631,31.375680,9.496078,118.655780,247.226184,12.000000,capacity_recovered_outcomes_not_replayed,reports/adversarial-failure-traces-a9.jsonl,"A9 executable pilot only. Each row pairs the same generated world, target bill, status quo, and vote-random seed across a no-attack baseline, a fixed-total-budget mixed portfolio, full-budget single-attack controls, and single-action controls at the mixed allocation. The three portfolios implement the combinations specified in the experiment plan: A1+A2, A3+A4, and A5+A6+A8. Interaction coefficients, resource conversion, review capacity, and recovery behavior are synthetic stress assumptions, not empirical coordination rates, not a general mechanism ranking, and not evidence for real-world institutional adoption."
20260447,A9,mixed_adversary_portfolio,mixed-adversary-portfolio,portfolio-capacity-benign,portfolio-capacity-a9-mixed,portfolio_capacity_capture_signal,flood-camouflage-support-distortion,A5+A6+A8,3,joint_attack_units,4,high,5,101,60,300,0,147,178,0,0,3,300,147,0.000000,0.490000,0.593333,0.000000,0.257700,0.000000,0.694597,0.312684,0.409551,0.694597,-0.054984,0.000000,0.000000,0.000000,-0.045395,0.000000,0.603128,0.010000,1.000000,0.490000,7.434124,12.206233,3.176000,36.193059,84.031646,4.000000,capacity_recovered_outcomes_not_replayed,reports/adversarial-failure-traces-a9.jsonl,"A9 executable pilot only. Each row pairs the same generated world, target bill, status quo, and vote-random seed across a no-attack baseline, a fixed-total-budget mixed portfolio, full-budget single-attack controls, and single-action controls at the mixed allocation. The three portfolios implement the combinations specified in the experiment plan: A1+A2, A3+A4, and A5+A6+A8. Interaction coefficients, resource conversion, review capacity, and recovery behavior are synthetic stress assumptions, not empirical coordination rates, not a general mechanism ranking, and not evidence for real-world institutional adoption."
20260447,A9,mixed_adversary_portfolio,mixed-adversary-portfolio,portfolio-capacity-benign,portfolio-capacity-a9-mixed,portfolio_capacity_capture_signal,flood-camouflage-support-distortion,A5+A6+A8,3,joint_attack_units,8,high,5,101,60,300,1,149,168,1,1,2,300,149,0.003333,0.496667,0.560000,0.003333,0.264780,0.118368,0.694597,0.297749,0.366501,0.694597,-0.032970,0.000000,0.603128,0.003333,-0.182999,0.000000,0.626782,0.006667,1.000000,0.496667,14.328234,24.151194,6.328370,87.667417,186.221503,8.000000,capacity_recovered_outcomes_not_replayed,reports/adversarial-failure-traces-a9.jsonl,"A9 executable pilot only. Each row pairs the same generated world, target bill, status quo, and vote-random seed across a no-attack baseline, a fixed-total-budget mixed portfolio, full-budget single-attack controls, and single-action controls at the mixed allocation. The three portfolios implement the combinations specified in the experiment plan: A1+A2, A3+A4, and A5+A6+A8. Interaction coefficients, resource conversion, review capacity, and recovery behavior are synthetic stress assumptions, not empirical coordination rates, not a general mechanism ranking, and not evidence for real-world institutional adoption."
20260447,A9,mixed_adversary_portfolio,mixed-adversary-portfolio,portfolio-capacity-benign,portfolio-capacity-a9-mixed,portfolio_capacity_capture_signal,flood-camouflage-support-distortion,A5+A6+A8,3,joint_attack_units,12,high,5,101,60,300,4,170,182,4,4,4,300,170,0.013333,0.566667,0.606667,0.013333,0.302237,0.402239,0.699944,0.322140,0.436450,0.699944,-0.019904,0.000000,0.666546,0.013333,-0.297370,0.000000,0.666546,0.013333,1.000000,0.566667,21.476474,36.530509,9.559311,141.127891,291.704439,12.000000,capacity_recovered_outcomes_not_replayed,reports/adversarial-failure-traces-a9.jsonl,"A9 executable pilot only. Each row pairs the same generated world, target bill, status quo, and vote-random seed across a no-attack baseline, a fixed-total-budget mixed portfolio, full-budget single-attack controls, and single-action controls at the mixed allocation. The three portfolios implement the combinations specified in the experiment plan: A1+A2, A3+A4, and A5+A6+A8. Interaction coefficients, resource conversion, review capacity, and recovery behavior are synthetic stress assumptions, not empirical coordination rates, not a general mechanism ranking, and not evidence for real-world institutional adoption."
20260448,A9,mixed_adversary_portfolio,mixed-adversary-portfolio,selection-amendment-benign,selection-amendment-a9-mixed,selection_amendment_pairwise_majority,clone-decoy-poison-pill,A1+A2,2,joint_attack_units,4,medium,5,101,60,300,9,183,179,19,19,185,0,0,0.030000,0.610000,0.596667,0.063333,0.026681,0.032259,0.376016,0.036534,0.053133,0.211303,-0.009853,-0.007129,0.376016,0.063333,0.013442,0.018976,0.149922,0.616667,0.000000,0.000000,0.016380,0.026000,0.026347,0.000000,0.000000,4.000000,not_modeled_for_selection_amendment,reports/adversarial-failure-traces-a9.jsonl,"A9 executable pilot only. Each row pairs the same generated world, target bill, status quo, and vote-random seed across a no-attack baseline, a fixed-total-budget mixed portfolio, full-budget single-attack controls, and single-action controls at the mixed allocation. The three portfolios implement the combinations specified in the experiment plan: A1+A2, A3+A4, and A5+A6+A8. Interaction coefficients, resource conversion, review capacity, and recovery behavior are synthetic stress assumptions, not empirical coordination rates, not a general mechanism ranking, and not evidence for real-world institutional adoption."
20260448,A9,mixed_adversary_portfolio,mixed-adversary-portfolio,selection-amendment-benign,selection-amendment-a9-mixed,selection_amendment_pairwise_majority,clone-decoy-poison-pill,A1+A2,2,joint_attack_units,8,medium,5,101,60,300,8,108,104,21,21,71,0,0,0.026667,0.360000,0.346667,0.070000,0.042618,0.000000,0.272252,0.043467,0.000000,0.308839,-0.000850,0.000000,0.189534,0.070000,0.007042,0.000000,0.243759,0.236667,0.000000,0.000000,0.013000,0.052000,0.011093,0.000000,0.000000,8.000000,not_modeled_for_selection_amendment,reports/adversarial-failure-traces-a9.jsonl,"A9 executable pilot only. Each row pairs the same generated world, target bill, status quo, and vote-random seed across a no-attack baseline, a fixed-total-budget mixed portfolio, full-budget single-attack controls, and single-action controls at the mixed allocation. The three portfolios implement the combinations specified in the experiment plan: A1+A2, A3+A4, and A5+A6+A8. Interaction coefficients, resource conversion, review capacity, and recovery behavior are synthetic stress assumptions, not empirical coordination rates, not a general mechanism ranking, and not evidence for real-world institutional adoption."
20260448,A9,mixed_adversary_portfolio,mixed-adversary-portfolio,selection-amendment-benign,selection-amendment-a9-mixed,selection_amendment_pairwise_majority,clone-decoy-poison-pill,A1+A2,2,joint_attack_units,12,medium,5,101,60,300,0,96,102,3,3,13,0,0,0.000000,0.320000,0.340000,0.010000,0.036809,0.000000,0.322744,0.040477,0.000000,0.408115,-0.003667,0.000000,0.266307,0.010000,-0.013767,0.000000,0.187489,0.043333,0.000000,0.000000,0.015600,0.078000,0.012480,0.000000,0.000000,12.000000,not_modeled_for_selection_amendment,reports/adversarial-failure-traces-a9.jsonl,"A9 executable pilot only. Each row pairs the same generated world, target bill, status quo, and vote-random seed across a no-attack baseline, a fixed-total-budget mixed portfolio, full-budget single-attack controls, and single-action controls at the mixed allocation. The three portfolios implement the combinations specified in the experiment plan: A1+A2, A3+A4, and A5+A6+A8. Interaction coefficients, resource conversion, review capacity, and recovery behavior are synthetic stress assumptions, not empirical coordination rates, not a general mechanism ranking, and not evidence for real-world institutional adoption."
20260448,A9,mixed_adversary_portfolio,mixed-adversary-portfolio,selection-amendment-benign,selection-amendment-a9-mixed,selection_amendment_pairwise_majority,clone-decoy-poison-pill,A1+A2,2,joint_attack_units,4,high,5,101,60,300,20,164,159,29,29,164,0,0,0.066667,0.546667,0.530000,0.096667,0.024153,0.032259,0.223843,0.033014,0.041108,0.223843,-0.008862,0.000000,0.120221,0.096667,0.011804,0.018915,0.212891,0.546667,0.000000,0.000000,0.015167,0.026000,0.021840,0.000000,0.000000,4.000000,not_modeled_for_selection_amendment,reports/adversarial-failure-traces-a9.jsonl,"A9 executable pilot only. Each row pairs the same generated world, target bill, status quo, and vote-random seed across a no-attack baseline, a fixed-total-budget mixed portfolio, full-budget single-attack controls, and single-action controls at the mixed allocation. The three portfolios implement the combinations specified in the experiment plan: A1+A2, A3+A4, and A5+A6+A8. Interaction coefficients, resource conversion, review capacity, and recovery behavior are synthetic stress assumptions, not empirical coordination rates, not a general mechanism ranking, and not evidence for real-world institutional adoption."
20260448,A9,mixed_adversary_portfolio,mixed-adversary-portfolio,selection-amendment-benign,selection-amendment-a9-mixed,selection_amendment_pairwise_majority,clone-decoy-poison-pill,A1+A2,2,joint_attack_units,8,high,5,101,60,300,4,98,109,14,14,53,0,0,0.013333,0.326667,0.363333,0.046667,0.037189,0.000000,0.266865,0.044677,0.000000,0.382090,-0.007488,0.000000,0.190688,0.046667,0.000664,0.000000,0.238372,0.176667,0.000000,0.000000,0.011960,0.052000,0.010747,0.000000,0.000000,8.000000,not_modeled_for_selection_amendment,reports/adversarial-failure-traces-a9.jsonl,"A9 executable pilot only. Each row pairs the same generated world, target bill, status quo, and vote-random seed across a no-attack baseline, a fixed-total-budget mixed portfolio, full-budget single-attack controls, and single-action controls at the mixed allocation. The three portfolios implement the combinations specified in the experiment plan: A1+A2, A3+A4, and A5+A6+A8. Interaction coefficients, resource conversion, review capacity, and recovery behavior are synthetic stress assumptions, not empirical coordination rates, not a general mechanism ranking, and not evidence for real-world institutional adoption."
20260448,A9,mixed_adversary_portfolio,mixed-adversary-portfolio,selection-amendment-benign,selection-amendment-a9-mixed,selection_amendment_pairwise_majority,clone-decoy-poison-pill,A1+A2,2,joint_attack_units,12,high,5,101,60,300,0,90,96,3,3,11,0,0,0.000000,0.300000,0.320000,0.010000,0.033076,0.000000,0.308467,0.033769,0.000000,0.308467,-0.000693,0.000000,0.104156,0.010000,-0.009957,0.000000,0.181003,0.036667,0.000000,0.000000,0.015600,0.078000,0.008840,0.000000,0.000000,12.000000,not_modeled_for_selection_amendment,reports/adversarial-failure-traces-a9.jsonl,"A9 executable pilot only. Each row pairs the same generated world, target bill, status quo, and vote-random seed across a no-attack baseline, a fixed-total-budget mixed portfolio, full-budget single-attack controls, and single-action controls at the mixed allocation. The three portfolios implement the combinations specified in the experiment plan: A1+A2, A3+A4, and A5+A6+A8. Interaction coefficients, resource conversion, review capacity, and recovery behavior are synthetic stress assumptions, not empirical coordination rates, not a general mechanism ranking, and not evidence for real-world institutional adoption."
20260448,A9,mixed_adversary_portfolio,mixed-adversary-portfolio,public-input-harm-benign,public-input-harm-a9-mixed,public_input_harm_review_majority,astroturf-harm-claims,A3+A4,2,joint_attack_units,4,medium,5,101,60,300,1,2,3,1,1,1,189,2,0.003333,0.006667,0.010000,0.003333,0.001756,0.000000,0.401248,0.002059,0.000000,0.116847,-0.000303,0.000000,0.401248,0.003333,0.001337,0.000000,0.401248,0.003333,0.630000,0.006667,0.140633,0.475000,0.138587,0.000000,0.000000,4.000000,same_case_review_only,reports/adversarial-failure-traces-a9.jsonl,"A9 executable pilot only. Each row pairs the same generated world, target bill, status quo, and vote-random seed across a no-attack baseline, a fixed-total-budget mixed portfolio, full-budget single-attack controls, and single-action controls at the mixed allocation. The three portfolios implement the combinations specified in the experiment plan: A1+A2, A3+A4, and A5+A6+A8. Interaction coefficients, resource conversion, review capacity, and recovery behavior are synthetic stress assumptions, not empirical coordination rates, not a general mechanism ranking, and not evidence for real-world institutional adoption."
20260448,A9,mixed_adversary_portfolio,mixed-adversary-portfolio,public-input-harm-benign,public-input-harm-a9-mixed,public_input_harm_review_majority,astroturf-harm-claims,A3+A4,2,joint_attack_units,8,medium,5,101,60,300,1,3,79,1,1,1,263,3,0.003333,0.010000,0.263333,0.003333,0.000961,0.000000,0.116847,0.128860,0.000000,0.678402,-0.127899,0.000000,0.055270,0.003333,0.000063,0.000000,0.055270,0.003333,0.876667,0.010000,0.321017,0.595000,0.201590,0.000000,0.000000,8.000000,same_case_review_only,reports/adversarial-failure-traces-a9.jsonl,"A9 executable pilot only. Each row pairs the same generated world, target bill, status quo, and vote-random seed across a no-attack baseline, a fixed-total-budget mixed portfolio, full-budget single-attack controls, and single-action controls at the mixed allocation. The three portfolios implement the combinations specified in the experiment plan: A1+A2, A3+A4, and A5+A6+A8. Interaction coefficients, resource conversion, review capacity, and recovery behavior are synthetic stress assumptions, not empirical coordination rates, not a general mechanism ranking, and not evidence for real-world institutional adoption."
20260448,A9,mixed_adversary_portfolio,mixed-adversary-portfolio,public-input-harm-benign,public-input-harm-a9-mixed,public_input_harm_review_majority,astroturf-harm-claims,A3+A4,2,joint_attack_units,12,medium,5,101,60,300,2,14,84,3,3,3,300,14,0.006667,0.046667,0.280000,0.010000,0.004037,0.000000,0.224890,0.134971,0.000000,0.667380,-0.130935,0.000000,0.052614,0.010000,-0.131237,0.000000,0.052614,0.010000,1.000000,0.046667,0.489167,0.715000,0.296033,0.000000,0.000000,12.000000,same_case_review_only,reports/adversarial-failure-traces-a9.jsonl,"A9 executable pilot only. Each row pairs the same generated world, target bill, status quo, and vote-random seed across a no-attack baseline, a fixed-total-budget mixed portfolio, full-budget single-attack controls, and single-action controls at the mixed allocation. The three portfolios implement the combinations specified in the experiment plan: A1+A2, A3+A4, and A5+A6+A8. Interaction coefficients, resource conversion, review capacity, and recovery behavior are synthetic stress assumptions, not empirical coordination rates, not a general mechanism ranking, and not evidence for real-world institutional adoption."
20260448,A9,mixed_adversary_portfolio,mixed-adversary-portfolio,public-input-harm-benign,public-input-harm-a9-mixed,public_input_harm_review_majority,astroturf-harm-claims,A3+A4,2,joint_attack_units,4,high,5,101,60,300,3,5,11,3,3,1,199,5,0.010000,0.016667,0.036667,0.010000,0.006562,0.000000,0.535448,0.006661,0.000000,0.535448,-0.000099,0.000000,0.535448,0.010000,0.001337,0.000000,0.401248,0.003333,0.663333,0.016667,0.145683,0.475000,0.188967,0.000000,0.000000,4.000000,same_case_review_only,reports/adversarial-failure-traces-a9.jsonl,"A9 executable pilot only. Each row pairs the same generated world, target bill, status quo, and vote-random seed across a no-attack baseline, a fixed-total-budget mixed portfolio, full-budget single-attack controls, and single-action controls at the mixed allocation. The three portfolios implement the combinations specified in the experiment plan: A1+A2, A3+A4, and A5+A6+A8. Interaction coefficients, resource conversion, review capacity, and recovery behavior are synthetic stress assumptions, not empirical coordination rates, not a general mechanism ranking, and not evidence for real-world institutional adoption."
20260448,A9,mixed_adversary_portfolio,mixed-adversary-portfolio,public-input-harm-benign,public-input-harm-a9-mixed,public_input_harm_review_majority,astroturf-harm-claims,A3+A4,2,joint_attack_units,8,high,5,101,60,300,2,12,86,2,2,2,294,12,0.006667,0.040000,0.286667,0.006667,0.002969,0.000000,0.183338,0.141971,0.000000,0.738563,-0.139002,0.000000,0.080893,0.006667,-0.001965,0.000000,0.080893,0.006667,0.980000,0.040000,0.384033,0.595000,0.199340,0.000000,0.000000,8.000000,same_case_review_only,reports/adversarial-failure-traces-a9.jsonl,"A9 executable pilot only. Each row pairs the same generated world, target bill, status quo, and vote-random seed across a no-attack baseline, a fixed-total-budget mixed portfolio, full-budget single-attack controls, and single-action controls at the mixed allocation. The three portfolios implement the combinations specified in the experiment plan: A1+A2, A3+A4, and A5+A6+A8. Interaction coefficients, resource conversion, review capacity, and recovery behavior are synthetic stress assumptions, not empirical coordination rates, not a general mechanism ranking, and not evidence for real-world institutional adoption."
20260448,A9,mixed_adversary_portfolio,mixed-adversary-portfolio,public-input-harm-benign,public-input-harm-a9-mixed,public_input_harm_review_majority,astroturf-harm-claims,A3+A4,2,joint_attack_units,12,high,5,101,60,300,2,11,91,2,2,2,298,11,0.006667,0.036667,0.303333,0.006667,0.002891,0.000000,0.183338,0.149241,0.000000,0.738563,-0.146350,0.000000,0.072874,0.006667,-0.142318,0.000000,0.072874,0.006667,0.993333,0.036667,0.488100,0.715000,0.293913,0.000000,0.000000,12.000000,same_case_review_only,reports/adversarial-failure-traces-a9.jsonl,"A9 executable pilot only. Each row pairs the same generated world, target bill, status quo, and vote-random seed across a no-attack baseline, a fixed-total-budget mixed portfolio, full-budget single-attack controls, and single-action controls at the mixed allocation. The three portfolios implement the combinations specified in the experiment plan: A1+A2, A3+A4, and A5+A6+A8. Interaction coefficients, resource conversion, review capacity, and recovery behavior are synthetic stress assumptions, not empirical coordination rates, not a general mechanism ranking, and not evidence for real-world institutional adoption."
20260448,A9,mixed_adversary_portfolio,mixed-adversary-portfolio,portfolio-capacity-benign,portfolio-capacity-a9-mixed,portfolio_capacity_capture_signal,flood-camouflage-support-distortion,A5+A6+A8,3,joint_attack_units,4,medium,5,101,60,300,1,154,193,1,1,1,300,154,0.003333,0.513333,0.643333,0.003333,0.270597,0.271324,0.788679,0.337900,0.444466,0.788679,-0.067304,0.000000,0.587434,0.003333,-0.023161,0.000000,0.587434,0.003333,1.000000,0.513333,5.928103,9.614390,5.832560,24.913125,61.411100,4.000000,capacity_recovered_outcomes_not_replayed,reports/adversarial-failure-traces-a9.jsonl,"A9 executable pilot only. Each row pairs the same generated world, target bill, status quo, and vote-random seed across a no-attack baseline, a fixed-total-budget mixed portfolio, full-budget single-attack controls, and single-action controls at the mixed allocation. The three portfolios implement the combinations specified in the experiment plan: A1+A2, A3+A4, and A5+A6+A8. Interaction coefficients, resource conversion, review capacity, and recovery behavior are synthetic stress assumptions, not empirical coordination rates, not a general mechanism ranking, and not evidence for real-world institutional adoption."
20260448,A9,mixed_adversary_portfolio,mixed-adversary-portfolio,portfolio-capacity-benign,portfolio-capacity-a9-mixed,portfolio_capacity_capture_signal,flood-camouflage-support-distortion,A5+A6+A8,3,joint_attack_units,8,medium,5,101,60,300,0,174,191,0,0,3,300,174,0.000000,0.580000,0.636667,0.000000,0.303800,0.397579,0.788679,0.334095,0.438784,0.788679,-0.030294,0.000000,0.000000,0.000000,-0.118264,0.000000,0.587495,0.010000,1.000000,0.580000,12.091341,20.325652,11.722346,70.703818,152.834001,8.000000,capacity_recovered_outcomes_not_replayed,reports/adversarial-failure-traces-a9.jsonl,"A9 executable pilot only. Each row pairs the same generated world, target bill, status quo, and vote-random seed across a no-attack baseline, a fixed-total-budget mixed portfolio, full-budget single-attack controls, and single-action controls at the mixed allocation. The three portfolios implement the combinations specified in the experiment plan: A1+A2, A3+A4, and A5+A6+A8. Interaction coefficients, resource conversion, review capacity, and recovery behavior are synthetic stress assumptions, not empirical coordination rates, not a general mechanism ranking, and not evidence for real-world institutional adoption."
20260448,A9,mixed_adversary_portfolio,mixed-adversary-portfolio,portfolio-capacity-benign,portfolio-capacity-a9-mixed,portfolio_capacity_capture_signal,flood-camouflage-support-distortion,A5+A6+A8,3,joint_attack_units,12,medium,5,101,60,300,2,189,201,2,2,2,300,189,0.006667,0.630000,0.670000,0.006667,0.329461,0.431308,0.788679,0.349067,0.444466,0.788679,-0.019606,0.000000,0.635970,0.006667,-0.235632,0.000000,0.635970,0.006667,1.000000,0.630000,18.479198,31.384200,18.265265,118.449301,247.136100,12.000000,capacity_recovered_outcomes_not_replayed,reports/adversarial-failure-traces-a9.jsonl,"A9 executable pilot only. Each row pairs the same generated world, target bill, status quo, and vote-random seed across a no-attack baseline, a fixed-total-budget mixed portfolio, full-budget single-attack controls, and single-action controls at the mixed allocation. The three portfolios implement the combinations specified in the experiment plan: A1+A2, A3+A4, and A5+A6+A8. Interaction coefficients, resource conversion, review capacity, and recovery behavior are synthetic stress assumptions, not empirical coordination rates, not a general mechanism ranking, and not evidence for real-world institutional adoption."
20260448,A9,mixed_adversary_portfolio,mixed-adversary-portfolio,portfolio-capacity-benign,portfolio-capacity-a9-mixed,portfolio_capacity_capture_signal,flood-camouflage-support-distortion,A5+A6+A8,3,joint_attack_units,4,high,5,101,60,300,1,156,190,1,1,2,300,156,0.003333,0.520000,0.633333,0.003333,0.270241,0.271324,0.788679,0.330128,0.436176,0.788679,-0.059886,0.000000,0.635970,0.003333,-0.035382,0.000000,0.635970,0.006667,1.000000,0.520000,7.437863,12.256809,6.654392,36.093078,84.041574,4.000000,capacity_recovered_outcomes_not_replayed,reports/adversarial-failure-traces-a9.jsonl,"A9 executable pilot only. Each row pairs the same generated world, target bill, status quo, and vote-random seed across a no-attack baseline, a fixed-total-budget mixed portfolio, full-budget single-attack controls, and single-action controls at the mixed allocation. The three portfolios implement the combinations specified in the experiment plan: A1+A2, A3+A4, and A5+A6+A8. Interaction coefficients, resource conversion, review capacity, and recovery behavior are synthetic stress assumptions, not empirical coordination rates, not a general mechanism ranking, and not evidence for real-world institutional adoption."
20260448,A9,mixed_adversary_portfolio,mixed-adversary-portfolio,portfolio-capacity-benign,portfolio-capacity-a9-mixed,portfolio_capacity_capture_signal,flood-camouflage-support-distortion,A5+A6+A8,3,joint_attack_units,8,high,5,101,60,300,0,188,203,0,0,2,300,188,0.000000,0.626667,0.676667,0.000000,0.325834,0.435698,0.788679,0.351090,0.458113,0.788679,-0.025256,0.000000,0.000000,0.000000,-0.167199,0.000000,0.587495,0.006667,1.000000,0.626667,14.335881,24.216736,13.318948,87.534984,186.128372,8.000000,capacity_recovered_outcomes_not_replayed,reports/adversarial-failure-traces-a9.jsonl,"A9 executable pilot only. Each row pairs the same generated world, target bill, status quo, and vote-random seed across a no-attack baseline, a fixed-total-budget mixed portfolio, full-budget single-attack controls, and single-action controls at the mixed allocation. The three portfolios implement the combinations specified in the experiment plan: A1+A2, A3+A4, and A5+A6+A8. Interaction coefficients, resource conversion, review capacity, and recovery behavior are synthetic stress assumptions, not empirical coordination rates, not a general mechanism ranking, and not evidence for real-world institutional adoption."
20260448,A9,mixed_adversary_portfolio,mixed-adversary-portfolio,portfolio-capacity-benign,portfolio-capacity-a9-mixed,portfolio_capacity_capture_signal,flood-camouflage-support-distortion,A5+A6+A8,3,joint_attack_units,12,high,5,101,60,300,2,188,200,2,2,5,300,188,0.006667,0.626667,0.666667,0.006667,0.327476,0.426194,0.788679,0.348079,0.454860,0.788679,-0.020603,0.000000,0.460224,0.006667,-0.239789,0.000000,0.598101,0.016667,1.000000,0.626667,21.475302,36.487090,20.995047,140.990767,291.638705,12.000000,capacity_recovered_outcomes_not_replayed,reports/adversarial-failure-traces-a9.jsonl,"A9 executable pilot only. Each row pairs the same generated world, target bill, status quo, and vote-random seed across a no-attack baseline, a fixed-total-budget mixed portfolio, full-budget single-attack controls, and single-action controls at the mixed allocation. The three portfolios implement the combinations specified in the experiment plan: A1+A2, A3+A4, and A5+A6+A8. Interaction coefficients, resource conversion, review capacity, and recovery behavior are synthetic stress assumptions, not empirical coordination rates, not a general mechanism ranking, and not evidence for real-world institutional adoption."
20260449,A9,mixed_adversary_portfolio,mixed-adversary-portfolio,selection-amendment-benign,selection-amendment-a9-mixed,selection_amendment_pairwise_majority,clone-decoy-poison-pill,A1+A2,2,joint_attack_units,4,medium,5,101,60,300,19,155,145,20,20,152,0,0,0.063333,0.516667,0.483333,0.066667,0.018612,0.024647,0.129107,0.027651,0.000000,0.219103,-0.009039,0.000000,0.064824,0.066667,0.008937,0.010176,0.115823,0.506667,0.000000,0.000000,0.014387,0.026000,0.022360,0.000000,0.000000,4.000000,not_modeled_for_selection_amendment,reports/adversarial-failure-traces-a9.jsonl,"A9 executable pilot only. Each row pairs the same generated world, target bill, status quo, and vote-random seed across a no-attack baseline, a fixed-total-budget mixed portfolio, full-budget single-attack controls, and single-action controls at the mixed allocation. The three portfolios implement the combinations specified in the experiment plan: A1+A2, A3+A4, and A5+A6+A8. Interaction coefficients, resource conversion, review capacity, and recovery behavior are synthetic stress assumptions, not empirical coordination rates, not a general mechanism ranking, and not evidence for real-world institutional adoption."
20260449,A9,mixed_adversary_portfolio,mixed-adversary-portfolio,selection-amendment-benign,selection-amendment-a9-mixed,selection_amendment_pairwise_majority,clone-decoy-poison-pill,A1+A2,2,joint_attack_units,8,medium,5,101,60,300,7,93,90,14,14,54,0,0,0.023333,0.310000,0.300000,0.046667,0.034380,0.000000,0.275162,0.032210,0.000000,0.373787,0.002170,0.000000,0.144921,0.046667,0.003105,0.000000,0.235482,0.180000,0.000000,0.000000,0.006240,0.052000,0.002427,0.000000,0.000000,8.000000,not_modeled_for_selection_amendment,reports/adversarial-failure-traces-a9.jsonl,"A9 executable pilot only. Each row pairs the same generated world, target bill, status quo, and vote-random seed across a no-attack baseline, a fixed-total-budget mixed portfolio, full-budget single-attack controls, and single-action controls at the mixed allocation. The three portfolios implement the combinations specified in the experiment plan: A1+A2, A3+A4, and A5+A6+A8. Interaction coefficients, resource conversion, review capacity, and recovery behavior are synthetic stress assumptions, not empirical coordination rates, not a general mechanism ranking, and not evidence for real-world institutional adoption."
20260449,A9,mixed_adversary_portfolio,mixed-adversary-portfolio,selection-amendment-benign,selection-amendment-a9-mixed,selection_amendment_pairwise_majority,clone-decoy-poison-pill,A1+A2,2,joint_attack_units,12,medium,5,101,60,300,0,89,93,0,0,4,0,0,0.000000,0.296667,0.310000,0.000000,0.032926,0.000000,0.399360,0.034345,0.000000,0.399360,-0.001420,0.000000,0.000000,0.000000,-0.007611,0.000000,0.302392,0.013333,0.000000,0.000000,0.001300,0.078000,0.002600,0.000000,0.000000,12.000000,not_modeled_for_selection_amendment,reports/adversarial-failure-traces-a9.jsonl,"A9 executable pilot only. Each row pairs the same generated world, target bill, status quo, and vote-random seed across a no-attack baseline, a fixed-total-budget mixed portfolio, full-budget single-attack controls, and single-action controls at the mixed allocation. The three portfolios implement the combinations specified in the experiment plan: A1+A2, A3+A4, and A5+A6+A8. Interaction coefficients, resource conversion, review capacity, and recovery behavior are synthetic stress assumptions, not empirical coordination rates, not a general mechanism ranking, and not evidence for real-world institutional adoption."
20260449,A9,mixed_adversary_portfolio,mixed-adversary-portfolio,selection-amendment-benign,selection-amendment-a9-mixed,selection_amendment_pairwise_majority,clone-decoy-poison-pill,A1+A2,2,joint_attack_units,4,high,5,101,60,300,17,141,130,19,19,143,0,0,0.056667,0.470000,0.433333,0.063333,0.017721,0.000000,0.133613,0.026358,0.000000,0.213238,-0.008637,0.000000,0.108094,0.063333,0.009915,0.000000,0.120329,0.476667,0.000000,0.000000,0.013000,0.026000,0.019240,0.000000,0.000000,4.000000,not_modeled_for_selection_amendment,reports/adversarial-failure-traces-a9.jsonl,"A9 executable pilot only. Each row pairs the same generated world, target bill, status quo, and vote-random seed across a no-attack baseline, a fixed-total-budget mixed portfolio, full-budget single-attack controls, and single-action controls at the mixed allocation. The three portfolios implement the combinations specified in the experiment plan: A1+A2, A3+A4, and A5+A6+A8. Interaction coefficients, resource conversion, review capacity, and recovery behavior are synthetic stress assumptions, not empirical coordination rates, not a general mechanism ranking, and not evidence for real-world institutional adoption."
20260449,A9,mixed_adversary_portfolio,mixed-adversary-portfolio,selection-amendment-benign,selection-amendment-a9-mixed,selection_amendment_pairwise_majority,clone-decoy-poison-pill,A1+A2,2,joint_attack_units,8,high,5,101,60,300,5,83,83,10,10,47,0,0,0.016667,0.276667,0.276667,0.033333,0.031182,0.000000,0.267990,0.029666,0.000000,0.267990,0.001516,0.000000,0.171763,0.033333,0.004931,0.000000,0.232098,0.156667,0.000000,0.000000,0.003813,0.052000,0.002773,0.000000,0.000000,8.000000,not_modeled_for_selection_amendment,reports/adversarial-failure-traces-a9.jsonl,"A9 executable pilot only. Each row pairs the same generated world, target bill, status quo, and vote-random seed across a no-attack baseline, a fixed-total-budget mixed portfolio, full-budget single-attack controls, and single-action controls at the mixed allocation. The three portfolios implement the combinations specified in the experiment plan: A1+A2, A3+A4, and A5+A6+A8. Interaction coefficients, resource conversion, review capacity, and recovery behavior are synthetic stress assumptions, not empirical coordination rates, not a general mechanism ranking, and not evidence for real-world institutional adoption."
20260449,A9,mixed_adversary_portfolio,mixed-adversary-portfolio,selection-amendment-benign,selection-amendment-a9-mixed,selection_amendment_pairwise_majority,clone-decoy-poison-pill,A1+A2,2,joint_attack_units,12,high,5,101,60,300,0,77,81,0,0,4,0,0,0.000000,0.256667,0.270000,0.000000,0.029996,0.000000,0.392979,0.031630,0.000000,0.392979,-0.001634,0.000000,0.000000,0.000000,-0.003384,0.000000,0.296011,0.013333,0.000000,0.000000,0.001300,0.078000,0.002080,0.000000,0.000000,12.000000,not_modeled_for_selection_amendment,reports/adversarial-failure-traces-a9.jsonl,"A9 executable pilot only. Each row pairs the same generated world, target bill, status quo, and vote-random seed across a no-attack baseline, a fixed-total-budget mixed portfolio, full-budget single-attack controls, and single-action controls at the mixed allocation. The three portfolios implement the combinations specified in the experiment plan: A1+A2, A3+A4, and A5+A6+A8. Interaction coefficients, resource conversion, review capacity, and recovery behavior are synthetic stress assumptions, not empirical coordination rates, not a general mechanism ranking, and not evidence for real-world institutional adoption."
20260449,A9,mixed_adversary_portfolio,mixed-adversary-portfolio,public-input-harm-benign,public-input-harm-a9-mixed,public_input_harm_review_majority,astroturf-harm-claims,A3+A4,2,joint_attack_units,4,medium,5,101,60,300,3,8,6,3,3,1,189,8,0.010000,0.026667,0.020000,0.010000,0.006868,0.000000,0.573348,0.002553,0.000000,0.154089,0.004315,0.000000,0.573348,0.010000,0.001785,0.000000,0.535448,0.003333,0.630000,0.026667,0.141467,0.475000,0.136163,0.000000,0.000000,4.000000,same_case_review_only,reports/adversarial-failure-traces-a9.jsonl,"A9 executable pilot only. Each row pairs the same generated world, target bill, status quo, and vote-random seed across a no-attack baseline, a fixed-total-budget mixed portfolio, full-budget single-attack controls, and single-action controls at the mixed allocation. The three portfolios implement the combinations specified in the experiment plan: A1+A2, A3+A4, and A5+A6+A8. Interaction coefficients, resource conversion, review capacity, and recovery behavior are synthetic stress assumptions, not empirical coordination rates, not a general mechanism ranking, and not evidence for real-world institutional adoption."
20260449,A9,mixed_adversary_portfolio,mixed-adversary-portfolio,public-input-harm-benign,public-input-harm-a9-mixed,public_input_harm_review_majority,astroturf-harm-claims,A3+A4,2,joint_attack_units,8,medium,5,101,60,300,0,8,101,0,0,0,255,8,0.000000,0.026667,0.336667,0.000000,0.004696,0.000000,0.544593,0.154116,0.000000,0.684389,-0.149419,0.000000,0.000000,0.000000,-0.000708,0.000000,0.000000,0.000000,0.850000,0.026667,0.309183,0.595000,0.202827,0.000000,0.000000,8.000000,same_case_review_only,reports/adversarial-failure-traces-a9.jsonl,"A9 executable pilot only. Each row pairs the same generated world, target bill, status quo, and vote-random seed across a no-attack baseline, a fixed-total-budget mixed portfolio, full-budget single-attack controls, and single-action controls at the mixed allocation. The three portfolios implement the combinations specified in the experiment plan: A1+A2, A3+A4, and A5+A6+A8. Interaction coefficients, resource conversion, review capacity, and recovery behavior are synthetic stress assumptions, not empirical coordination rates, not a general mechanism ranking, and not evidence for real-world institutional adoption."
20260449,A9,mixed_adversary_portfolio,mixed-adversary-portfolio,public-input-harm-benign,public-input-harm-a9-mixed,public_input_harm_review_majority,astroturf-harm-claims,A3+A4,2,joint_attack_units,12,medium,5,101,60,300,4,18,87,5,5,5,300,18,0.013333,0.060000,0.290000,0.016667,0.005284,0.000000,0.216550,0.132197,0.000000,0.684389,-0.126913,0.000000,0.086689,0.016667,-0.124708,0.000000,0.086689,0.016667,1.000000,0.060000,0.495883,0.715000,0.298417,0.000000,0.000000,12.000000,same_case_review_only,reports/adversarial-failure-traces-a9.jsonl,"A9 executable pilot only. Each row pairs the same generated world, target bill, status quo, and vote-random seed across a no-attack baseline, a fixed-total-budget mixed portfolio, full-budget single-attack controls, and single-action controls at the mixed allocation. The three portfolios implement the combinations specified in the experiment plan: A1+A2, A3+A4, and A5+A6+A8. Interaction coefficients, resource conversion, review capacity, and recovery behavior are synthetic stress assumptions, not empirical coordination rates, not a general mechanism ranking, and not evidence for real-world institutional adoption."
20260449,A9,mixed_adversary_portfolio,mixed-adversary-portfolio,public-input-harm-benign,public-input-harm-a9-mixed,public_input_harm_review_majority,astroturf-harm-claims,A3+A4,2,joint_attack_units,4,high,5,101,60,300,2,7,15,2,2,1,193,7,0.006667,0.023333,0.050000,0.006667,0.003748,0.000000,0.535448,0.005875,0.000000,0.390168,-0.002126,0.000000,0.535448,0.006667,0.000485,0.000000,0.145431,0.003333,0.643333,0.023333,0.137383,0.475000,0.189923,0.000000,0.000000,4.000000,same_case_review_only,reports/adversarial-failure-traces-a9.jsonl,"A9 executable pilot only. Each row pairs the same generated world, target bill, status quo, and vote-random seed across a no-attack baseline, a fixed-total-budget mixed portfolio, full-budget single-attack controls, and single-action controls at the mixed allocation. The three portfolios implement the combinations specified in the experiment plan: A1+A2, A3+A4, and A5+A6+A8. Interaction coefficients, resource conversion, review capacity, and recovery behavior are synthetic stress assumptions, not empirical coordination rates, not a general mechanism ranking, and not evidence for real-world institutional adoption."
20260449,A9,mixed_adversary_portfolio,mixed-adversary-portfolio,public-input-harm-benign,public-input-harm-a9-mixed,public_input_harm_review_majority,astroturf-harm-claims,A3+A4,2,joint_attack_units,8,high,5,101,60,300,3,17,89,3,3,3,296,17,0.010000,0.056667,0.296667,0.010000,0.006704,0.000000,0.390168,0.133958,0.000000,0.668251,-0.127253,0.000000,0.390168,0.010000,0.000122,0.000000,0.390168,0.010000,0.986667,0.056667,0.382150,0.595000,0.202973,0.000000,0.000000,8.000000,same_case_review_only,reports/adversarial-failure-traces-a9.jsonl,"A9 executable pilot only. Each row pairs the same generated world, target bill, status quo, and vote-random seed across a no-attack baseline, a fixed-total-budget mixed portfolio, full-budget single-attack controls, and single-action controls at the mixed allocation. The three portfolios implement the combinations specified in the experiment plan: A1+A2, A3+A4, and A5+A6+A8. Interaction coefficients, resource conversion, review capacity, and recovery behavior are synthetic stress assumptions, not empirical coordination rates, not a general mechanism ranking, and not evidence for real-world institutional adoption."
20260449,A9,mixed_adversary_portfolio,mixed-adversary-portfolio,public-input-harm-benign,public-input-harm-a9-mixed,public_input_harm_review_majority,astroturf-harm-claims,A3+A4,2,joint_attack_units,12,high,5,101,60,300,1,16,93,1,1,1,299,15,0.003333,0.053333,0.310000,0.003333,0.005978,0.000000,0.535448,0.143041,0.000000,0.684389,-0.137063,0.000000,0.133760,0.003333,-0.133073,0.000000,0.133760,0.003333,0.996667,0.050000,0.492683,0.715000,0.295633,0.000000,0.000000,12.000000,same_case_review_only,reports/adversarial-failure-traces-a9.jsonl,"A9 executable pilot only. Each row pairs the same generated world, target bill, status quo, and vote-random seed across a no-attack baseline, a fixed-total-budget mixed portfolio, full-budget single-attack controls, and single-action controls at the mixed allocation. The three portfolios implement the combinations specified in the experiment plan: A1+A2, A3+A4, and A5+A6+A8. Interaction coefficients, resource conversion, review capacity, and recovery behavior are synthetic stress assumptions, not empirical coordination rates, not a general mechanism ranking, and not evidence for real-world institutional adoption."
20260449,A9,mixed_adversary_portfolio,mixed-adversary-portfolio,portfolio-capacity-benign,portfolio-capacity-a9-mixed,portfolio_capacity_capture_signal,flood-camouflage-support-distortion,A5+A6+A8,3,joint_attack_units,4,medium,5,101,60,300,2,173,217,2,2,5,300,173,0.006667,0.576667,0.723333,0.006667,0.306932,0.407370,0.772739,0.383908,0.510549,0.772739,-0.076976,0.000000,0.617209,0.006667,-0.019379,0.000000,0.617209,0.016667,1.000000,0.576667,5.983394,9.726058,8.269321,25.329935,62.127167,4.000000,capacity_recovered_outcomes_not_replayed,reports/adversarial-failure-traces-a9.jsonl,"A9 executable pilot only. Each row pairs the same generated world, target bill, status quo, and vote-random seed across a no-attack baseline, a fixed-total-budget mixed portfolio, full-budget single-attack controls, and single-action controls at the mixed allocation. The three portfolios implement the combinations specified in the experiment plan: A1+A2, A3+A4, and A5+A6+A8. Interaction coefficients, resource conversion, review capacity, and recovery behavior are synthetic stress assumptions, not empirical coordination rates, not a general mechanism ranking, and not evidence for real-world institutional adoption."
20260449,A9,mixed_adversary_portfolio,mixed-adversary-portfolio,portfolio-capacity-benign,portfolio-capacity-a9-mixed,portfolio_capacity_capture_signal,flood-camouflage-support-distortion,A5+A6+A8,3,joint_attack_units,8,medium,5,101,60,300,0,187,223,0,0,3,300,187,0.000000,0.623333,0.743333,0.000000,0.333490,0.475287,0.772739,0.393463,0.514342,0.772739,-0.059973,0.000000,0.000000,0.000000,-0.098650,0.000000,0.644971,0.010000,1.000000,0.623333,12.138912,20.485415,17.272327,71.066426,153.307380,8.000000,capacity_recovered_outcomes_not_replayed,reports/adversarial-failure-traces-a9.jsonl,"A9 executable pilot only. Each row pairs the same generated world, target bill, status quo, and vote-random seed across a no-attack baseline, a fixed-total-budget mixed portfolio, full-budget single-attack controls, and single-action controls at the mixed allocation. The three portfolios implement the combinations specified in the experiment plan: A1+A2, A3+A4, and A5+A6+A8. Interaction coefficients, resource conversion, review capacity, and recovery behavior are synthetic stress assumptions, not empirical coordination rates, not a general mechanism ranking, and not evidence for real-world institutional adoption."
20260449,A9,mixed_adversary_portfolio,mixed-adversary-portfolio,portfolio-capacity-benign,portfolio-capacity-a9-mixed,portfolio_capacity_capture_signal,flood-camouflage-support-distortion,A5+A6+A8,3,joint_attack_units,12,medium,5,101,60,300,2,199,227,2,2,2,300,199,0.006667,0.663333,0.756667,0.006667,0.356438,0.508228,0.697996,0.404094,0.519725,0.772739,-0.047657,0.000000,0.671337,0.006667,-0.172468,0.000000,0.671337,0.006667,1.000000,0.663333,18.518158,31.550110,24.009296,118.783987,247.454720,12.000000,capacity_recovered_outcomes_not_replayed,reports/adversarial-failure-traces-a9.jsonl,"A9 executable pilot only. Each row pairs the same generated world, target bill, status quo, and vote-random seed across a no-attack baseline, a fixed-total-budget mixed portfolio, full-budget single-attack controls, and single-action controls at the mixed allocation. The three portfolios implement the combinations specified in the experiment plan: A1+A2, A3+A4, and A5+A6+A8. Interaction coefficients, resource conversion, review capacity, and recovery behavior are synthetic stress assumptions, not empirical coordination rates, not a general mechanism ranking, and not evidence for real-world institutional adoption."
20260449,A9,mixed_adversary_portfolio,mixed-adversary-portfolio,portfolio-capacity-benign,portfolio-capacity-a9-mixed,portfolio_capacity_capture_signal,flood-camouflage-support-distortion,A5+A6+A8,3,joint_attack_units,4,high,5,101,60,300,2,181,220,2,2,4,300,181,0.006667,0.603333,0.733333,0.006667,0.320162,0.447935,0.772739,0.390066,0.517271,0.772739,-0.069904,0.000000,0.509241,0.006667,-0.030709,0.000000,0.580245,0.013333,1.000000,0.603333,7.486921,12.372664,9.181622,36.454910,84.734502,4.000000,capacity_recovered_outcomes_not_replayed,reports/adversarial-failure-traces-a9.jsonl,"A9 executable pilot only. Each row pairs the same generated world, target bill, status quo, and vote-random seed across a no-attack baseline, a fixed-total-budget mixed portfolio, full-budget single-attack controls, and single-action controls at the mixed allocation. The three portfolios implement the combinations specified in the experiment plan: A1+A2, A3+A4, and A5+A6+A8. Interaction coefficients, resource conversion, review capacity, and recovery behavior are synthetic stress assumptions, not empirical coordination rates, not a general mechanism ranking, and not evidence for real-world institutional adoption."
20260449,A9,mixed_adversary_portfolio,mixed-adversary-portfolio,portfolio-capacity-benign,portfolio-capacity-a9-mixed,portfolio_capacity_capture_signal,flood-camouflage-support-distortion,A5+A6+A8,3,joint_attack_units,8,high,5,101,60,300,3,200,227,3,3,6,300,200,0.010000,0.666667,0.756667,0.010000,0.357463,0.508228,0.772739,0.401239,0.517271,0.772739,-0.043776,0.000000,0.671337,0.010000,-0.111015,0.000000,0.671337,0.020000,1.000000,0.666667,14.370050,24.389762,17.891453,87.799870,186.535020,8.000000,capacity_recovered_outcomes_not_replayed,reports/adversarial-failure-traces-a9.jsonl,"A9 executable pilot only. Each row pairs the same generated world, target bill, status quo, and vote-random seed across a no-attack baseline, a fixed-total-budget mixed portfolio, full-budget single-attack controls, and single-action controls at the mixed allocation. The three portfolios implement the combinations specified in the experiment plan: A1+A2, A3+A4, and A5+A6+A8. Interaction coefficients, resource conversion, review capacity, and recovery behavior are synthetic stress assumptions, not empirical coordination rates, not a general mechanism ranking, and not evidence for real-world institutional adoption."
20260449,A9,mixed_adversary_portfolio,mixed-adversary-portfolio,portfolio-capacity-benign,portfolio-capacity-a9-mixed,portfolio_capacity_capture_signal,flood-camouflage-support-distortion,A5+A6+A8,3,joint_attack_units,12,high,5,101,60,300,5,207,218,5,5,9,300,207,0.016667,0.690000,0.726667,0.016667,0.369457,0.510549,0.772739,0.385669,0.511306,0.772739,-0.016212,0.000000,0.686219,0.016667,-0.160109,0.000000,0.686219,0.030000,1.000000,0.690000,21.503836,36.762216,28.774085,141.196912,291.800112,12.000000,capacity_recovered_outcomes_not_replayed,reports/adversarial-failure-traces-a9.jsonl,"A9 executable pilot only. Each row pairs the same generated world, target bill, status quo, and vote-random seed across a no-attack baseline, a fixed-total-budget mixed portfolio, full-budget single-attack controls, and single-action controls at the mixed allocation. The three portfolios implement the combinations specified in the experiment plan: A1+A2, A3+A4, and A5+A6+A8. Interaction coefficients, resource conversion, review capacity, and recovery behavior are synthetic stress assumptions, not empirical coordination rates, not a general mechanism ranking, and not evidence for real-world institutional adoption."
20260450,A9,mixed_adversary_portfolio,mixed-adversary-portfolio,selection-amendment-benign,selection-amendment-a9-mixed,selection_amendment_pairwise_majority,clone-decoy-poison-pill,A1+A2,2,joint_attack_units,4,medium,5,101,60,300,12,185,197,34,34,185,0,0,0.040000,0.616667,0.656667,0.113333,0.029187,0.032259,0.265365,0.041582,0.053133,0.276874,-0.012395,-0.006502,0.060264,0.113333,0.011281,0.018976,0.258242,0.616667,0.000000,0.000000,0.024613,0.026000,0.029467,0.000000,0.000000,4.000000,not_modeled_for_selection_amendment,reports/adversarial-failure-traces-a9.jsonl,"A9 executable pilot only. Each row pairs the same generated world, target bill, status quo, and vote-random seed across a no-attack baseline, a fixed-total-budget mixed portfolio, full-budget single-attack controls, and single-action controls at the mixed allocation. The three portfolios implement the combinations specified in the experiment plan: A1+A2, A3+A4, and A5+A6+A8. Interaction coefficients, resource conversion, review capacity, and recovery behavior are synthetic stress assumptions, not empirical coordination rates, not a general mechanism ranking, and not evidence for real-world institutional adoption."
20260450,A9,mixed_adversary_portfolio,mixed-adversary-portfolio,selection-amendment-benign,selection-amendment-a9-mixed,selection_amendment_pairwise_majority,clone-decoy-poison-pill,A1+A2,2,joint_attack_units,8,medium,5,101,60,300,18,129,134,45,45,84,0,0,0.060000,0.430000,0.446667,0.150000,0.054041,0.000000,0.454983,0.055939,0.000000,0.354506,-0.001898,0.000000,0.454983,0.150000,0.005258,0.000000,0.454983,0.280000,0.000000,0.000000,0.043333,0.052000,0.030507,0.000000,0.000000,8.000000,not_modeled_for_selection_amendment,reports/adversarial-failure-traces-a9.jsonl,"A9 executable pilot only. Each row pairs the same generated world, target bill, status quo, and vote-random seed across a no-attack baseline, a fixed-total-budget mixed portfolio, full-budget single-attack controls, and single-action controls at the mixed allocation. The three portfolios implement the combinations specified in the experiment plan: A1+A2, A3+A4, and A5+A6+A8. Interaction coefficients, resource conversion, review capacity, and recovery behavior are synthetic stress assumptions, not empirical coordination rates, not a general mechanism ranking, and not evidence for real-world institutional adoption."
20260450,A9,mixed_adversary_portfolio,mixed-adversary-portfolio,selection-amendment-benign,selection-amendment-a9-mixed,selection_amendment_pairwise_majority,clone-decoy-poison-pill,A1+A2,2,joint_attack_units,12,medium,5,101,60,300,3,111,125,12,12,21,0,0,0.010000,0.370000,0.416667,0.040000,0.039332,0.000000,0.354506,0.040706,0.000000,0.361160,-0.001374,0.000000,0.316085,0.040000,-0.025711,0.000000,0.194638,0.070000,0.000000,0.000000,0.056160,0.078000,0.037960,0.000000,0.000000,12.000000,not_modeled_for_selection_amendment,reports/adversarial-failure-traces-a9.jsonl,"A9 executable pilot only. Each row pairs the same generated world, target bill, status quo, and vote-random seed across a no-attack baseline, a fixed-total-budget mixed portfolio, full-budget single-attack controls, and single-action controls at the mixed allocation. The three portfolios implement the combinations specified in the experiment plan: A1+A2, A3+A4, and A5+A6+A8. Interaction coefficients, resource conversion, review capacity, and recovery behavior are synthetic stress assumptions, not empirical coordination rates, not a general mechanism ranking, and not evidence for real-world institutional adoption."
20260450,A9,mixed_adversary_portfolio,mixed-adversary-portfolio,selection-amendment-benign,selection-amendment-a9-mixed,selection_amendment_pairwise_majority,clone-decoy-poison-pill,A1+A2,2,joint_attack_units,4,high,5,101,60,300,14,160,179,33,33,172,0,0,0.046667,0.533333,0.596667,0.110000,0.027248,0.032259,0.336474,0.037307,0.052794,0.183099,-0.010059,-0.006087,0.336474,0.110000,0.011543,0.018607,0.336474,0.573333,0.000000,0.000000,0.024353,0.026000,0.027560,0.000000,0.000000,4.000000,not_modeled_for_selection_amendment,reports/adversarial-failure-traces-a9.jsonl,"A9 executable pilot only. Each row pairs the same generated world, target bill, status quo, and vote-random seed across a no-attack baseline, a fixed-total-budget mixed portfolio, full-budget single-attack controls, and single-action controls at the mixed allocation. The three portfolios implement the combinations specified in the experiment plan: A1+A2, A3+A4, and A5+A6+A8. Interaction coefficients, resource conversion, review capacity, and recovery behavior are synthetic stress assumptions, not empirical coordination rates, not a general mechanism ranking, and not evidence for real-world institutional adoption."
20260450,A9,mixed_adversary_portfolio,mixed-adversary-portfolio,selection-amendment-benign,selection-amendment-a9-mixed,selection_amendment_pairwise_majority,clone-decoy-poison-pill,A1+A2,2,joint_attack_units,8,high,5,101,60,300,24,120,130,49,49,83,0,0,0.080000,0.400000,0.433333,0.163333,0.049450,0.000000,0.477608,0.050428,0.000000,0.304217,-0.000978,0.000000,0.477608,0.163333,0.004192,0.000000,0.477608,0.276667,0.000000,0.000000,0.042120,0.052000,0.030853,0.000000,0.000000,8.000000,not_modeled_for_selection_amendment,reports/adversarial-failure-traces-a9.jsonl,"A9 executable pilot only. Each row pairs the same generated world, target bill, status quo, and vote-random seed across a no-attack baseline, a fixed-total-budget mixed portfolio, full-budget single-attack controls, and single-action controls at the mixed allocation. The three portfolios implement the combinations specified in the experiment plan: A1+A2, A3+A4, and A5+A6+A8. Interaction coefficients, resource conversion, review capacity, and recovery behavior are synthetic stress assumptions, not empirical coordination rates, not a general mechanism ranking, and not evidence for real-world institutional adoption."
20260450,A9,mixed_adversary_portfolio,mixed-adversary-portfolio,selection-amendment-benign,selection-amendment-a9-mixed,selection_amendment_pairwise_majority,clone-decoy-poison-pill,A1+A2,2,joint_attack_units,12,high,5,101,60,300,3,100,117,13,13,20,0,0,0.010000,0.333333,0.390000,0.043333,0.037367,0.000000,0.355775,0.040439,0.000000,0.375921,-0.003071,0.000000,0.339932,0.043333,-0.029118,0.000000,0.185933,0.066667,0.000000,0.000000,0.055120,0.078000,0.036400,0.000000,0.000000,12.000000,not_modeled_for_selection_amendment,reports/adversarial-failure-traces-a9.jsonl,"A9 executable pilot only. Each row pairs the same generated world, target bill, status quo, and vote-random seed across a no-attack baseline, a fixed-total-budget mixed portfolio, full-budget single-attack controls, and single-action controls at the mixed allocation. The three portfolios implement the combinations specified in the experiment plan: A1+A2, A3+A4, and A5+A6+A8. Interaction coefficients, resource conversion, review capacity, and recovery behavior are synthetic stress assumptions, not empirical coordination rates, not a general mechanism ranking, and not evidence for real-world institutional adoption."
20260450,A9,mixed_adversary_portfolio,mixed-adversary-portfolio,public-input-harm-benign,public-input-harm-a9-mixed,public_input_harm_review_majority,astroturf-harm-claims,A3+A4,2,joint_attack_units,4,medium,5,101,60,300,3,10,9,3,3,2,190,10,0.010000,0.033333,0.030000,0.010000,0.008665,0.000000,0.582674,0.004224,0.000000,0.301864,0.004440,0.000000,0.582674,0.010000,0.003053,0.000000,0.582674,0.006667,0.633333,0.033333,0.148233,0.475000,0.140983,0.000000,0.000000,4.000000,same_case_review_only,reports/adversarial-failure-traces-a9.jsonl,"A9 executable pilot only. Each row pairs the same generated world, target bill, status quo, and vote-random seed across a no-attack baseline, a fixed-total-budget mixed portfolio, full-budget single-attack controls, and single-action controls at the mixed allocation. The three portfolios implement the combinations specified in the experiment plan: A1+A2, A3+A4, and A5+A6+A8. Interaction coefficients, resource conversion, review capacity, and recovery behavior are synthetic stress assumptions, not empirical coordination rates, not a general mechanism ranking, and not evidence for real-world institutional adoption."
20260450,A9,mixed_adversary_portfolio,mixed-adversary-portfolio,public-input-harm-benign,public-input-harm-a9-mixed,public_input_harm_review_majority,astroturf-harm-claims,A3+A4,2,joint_attack_units,8,medium,5,101,60,300,0,8,95,0,0,1,264,8,0.000000,0.026667,0.316667,0.000000,0.003409,0.000000,0.301864,0.143774,0.000000,0.693206,-0.140365,0.000000,0.000000,0.000000,-0.000148,0.000000,0.015827,0.003333,0.880000,0.026667,0.322933,0.595000,0.209753,0.000000,0.000000,8.000000,same_case_review_only,reports/adversarial-failure-traces-a9.jsonl,"A9 executable pilot only. Each row pairs the same generated world, target bill, status quo, and vote-random seed across a no-attack baseline, a fixed-total-budget mixed portfolio, full-budget single-attack controls, and single-action controls at the mixed allocation. The three portfolios implement the combinations specified in the experiment plan: A1+A2, A3+A4, and A5+A6+A8. Interaction coefficients, resource conversion, review capacity, and recovery behavior are synthetic stress assumptions, not empirical coordination rates, not a general mechanism ranking, and not evidence for real-world institutional adoption."
20260450,A9,mixed_adversary_portfolio,mixed-adversary-portfolio,public-input-harm-benign,public-input-harm-a9-mixed,public_input_harm_review_majority,astroturf-harm-claims,A3+A4,2,joint_attack_units,12,medium,5,101,60,300,4,27,84,5,5,5,300,27,0.013333,0.090000,0.280000,0.016667,0.012094,0.000000,0.363304,0.120691,0.000000,0.614016,-0.108598,0.000000,0.363304,0.016667,-0.108211,0.000000,0.363304,0.016667,1.000000,0.090000,0.508033,0.715000,0.303363,0.000000,0.000000,12.000000,same_case_review_only,reports/adversarial-failure-traces-a9.jsonl,"A9 executable pilot only. Each row pairs the same generated world, target bill, status quo, and vote-random seed across a no-attack baseline, a fixed-total-budget mixed portfolio, full-budget single-attack controls, and single-action controls at the mixed allocation. The three portfolios implement the combinations specified in the experiment plan: A1+A2, A3+A4, and A5+A6+A8. Interaction coefficients, resource conversion, review capacity, and recovery behavior are synthetic stress assumptions, not empirical coordination rates, not a general mechanism ranking, and not evidence for real-world institutional adoption."
20260450,A9,mixed_adversary_portfolio,mixed-adversary-portfolio,public-input-harm-benign,public-input-harm-a9-mixed,public_input_harm_review_majority,astroturf-harm-claims,A3+A4,2,joint_attack_units,4,high,5,101,60,300,5,11,22,5,5,0,197,10,0.016667,0.036667,0.073333,0.016667,0.011602,0.000000,0.538772,0.010249,0.000000,0.351195,0.001353,0.000000,0.538772,0.016667,-0.000033,0.000000,0.000000,0.000000,0.656667,0.033333,0.149433,0.475000,0.198793,0.000000,0.000000,4.000000,same_case_review_only,reports/adversarial-failure-traces-a9.jsonl,"A9 executable pilot only. Each row pairs the same generated world, target bill, status quo, and vote-random seed across a no-attack baseline, a fixed-total-budget mixed portfolio, full-budget single-attack controls, and single-action controls at the mixed allocation. The three portfolios implement the combinations specified in the experiment plan: A1+A2, A3+A4, and A5+A6+A8. Interaction coefficients, resource conversion, review capacity, and recovery behavior are synthetic stress assumptions, not empirical coordination rates, not a general mechanism ranking, and not evidence for real-world institutional adoption."
20260450,A9,mixed_adversary_portfolio,mixed-adversary-portfolio,public-input-harm-benign,public-input-harm-a9-mixed,public_input_harm_review_majority,astroturf-harm-claims,A3+A4,2,joint_attack_units,8,high,5,101,60,300,6,26,92,6,6,6,299,26,0.020000,0.086667,0.306667,0.020000,0.011512,0.000000,0.351195,0.139654,0.000000,0.614016,-0.128142,0.000000,0.223810,0.020000,-0.000576,0.000000,0.223810,0.020000,0.996667,0.086667,0.393817,0.595000,0.209333,0.000000,0.000000,8.000000,same_case_review_only,reports/adversarial-failure-traces-a9.jsonl,"A9 executable pilot only. Each row pairs the same generated world, target bill, status quo, and vote-random seed across a no-attack baseline, a fixed-total-budget mixed portfolio, full-budget single-attack controls, and single-action controls at the mixed allocation. The three portfolios implement the combinations specified in the experiment plan: A1+A2, A3+A4, and A5+A6+A8. Interaction coefficients, resource conversion, review capacity, and recovery behavior are synthetic stress assumptions, not empirical coordination rates, not a general mechanism ranking, and not evidence for real-world institutional adoption."
20260450,A9,mixed_adversary_portfolio,mixed-adversary-portfolio,public-input-harm-benign,public-input-harm-a9-mixed,public_input_harm_review_majority,astroturf-harm-claims,A3+A4,2,joint_attack_units,12,high,5,101,60,300,6,24,92,6,6,6,300,24,0.020000,0.080000,0.306667,0.020000,0.010286,0.000000,0.363304,0.140031,0.000000,0.689618,-0.129745,0.000000,0.363304,0.020000,-0.123951,0.000000,0.363304,0.020000,1.000000,0.080000,0.503583,0.715000,0.304913,0.000000,0.000000,12.000000,same_case_review_only,reports/adversarial-failure-traces-a9.jsonl,"A9 executable pilot only. Each row pairs the same generated world, target bill, status quo, and vote-random seed across a no-attack baseline, a fixed-total-budget mixed portfolio, full-budget single-attack controls, and single-action controls at the mixed allocation. The three portfolios implement the combinations specified in the experiment plan: A1+A2, A3+A4, and A5+A6+A8. Interaction coefficients, resource conversion, review capacity, and recovery behavior are synthetic stress assumptions, not empirical coordination rates, not a general mechanism ranking, and not evidence for real-world institutional adoption."
20260450,A9,mixed_adversary_portfolio,mixed-adversary-portfolio,portfolio-capacity-benign,portfolio-capacity-a9-mixed,portfolio_capacity_capture_signal,flood-camouflage-support-distortion,A5+A6+A8,3,joint_attack_units,4,medium,5,101,60,300,2,167,214,2,2,5,300,167,0.006667,0.556667,0.713333,0.006667,0.290288,0.379534,0.693040,0.370161,0.479418,0.745134,-0.079873,0.000000,0.611544,0.006667,-0.015545,0.000000,0.611544,0.016667,1.000000,0.556667,5.940027,9.541502,8.711930,24.853239,60.671843,4.000000,capacity_recovered_outcomes_not_replayed,reports/adversarial-failure-traces-a9.jsonl,"A9 executable pilot only. Each row pairs the same generated world, target bill, status quo, and vote-random seed across a no-attack baseline, a fixed-total-budget mixed portfolio, full-budget single-attack controls, and single-action controls at the mixed allocation. The three portfolios implement the combinations specified in the experiment plan: A1+A2, A3+A4, and A5+A6+A8. Interaction coefficients, resource conversion, review capacity, and recovery behavior are synthetic stress assumptions, not empirical coordination rates, not a general mechanism ranking, and not evidence for real-world institutional adoption."
20260450,A9,mixed_adversary_portfolio,mixed-adversary-portfolio,portfolio-capacity-benign,portfolio-capacity-a9-mixed,portfolio_capacity_capture_signal,flood-camouflage-support-distortion,A5+A6+A8,3,joint_attack_units,8,medium,5,101,60,300,1,204,232,1,1,5,300,204,0.003333,0.680000,0.773333,0.003333,0.357363,0.474197,0.745134,0.406579,0.511644,0.745134,-0.049216,0.000000,0.308225,0.003333,-0.083964,0.000000,0.607906,0.016667,1.000000,0.680000,12.110361,20.236380,20.147663,70.691123,152.319521,8.000000,capacity_recovered_outcomes_not_replayed,reports/adversarial-failure-traces-a9.jsonl,"A9 executable pilot only. Each row pairs the same generated world, target bill, status quo, and vote-random seed across a no-attack baseline, a fixed-total-budget mixed portfolio, full-budget single-attack controls, and single-action controls at the mixed allocation. The three portfolios implement the combinations specified in the experiment plan: A1+A2, A3+A4, and A5+A6+A8. Interaction coefficients, resource conversion, review capacity, and recovery behavior are synthetic stress assumptions, not empirical coordination rates, not a general mechanism ranking, and not evidence for real-world institutional adoption."
20260450,A9,mixed_adversary_portfolio,mixed-adversary-portfolio,portfolio-capacity-benign,portfolio-capacity-a9-mixed,portfolio_capacity_capture_signal,flood-camouflage-support-distortion,A5+A6+A8,3,joint_attack_units,12,medium,5,101,60,300,5,203,215,5,5,5,300,203,0.016667,0.676667,0.716667,0.016667,0.354347,0.471359,0.745134,0.375142,0.497809,0.693040,-0.020795,0.000000,0.745134,0.016667,-0.118732,0.000000,0.745134,0.016667,1.000000,0.676667,18.496986,31.278054,27.475541,118.455473,246.816214,12.000000,capacity_recovered_outcomes_not_replayed,reports/adversarial-failure-traces-a9.jsonl,"A9 executable pilot only. Each row pairs the same generated world, target bill, status quo, and vote-random seed across a no-attack baseline, a fixed-total-budget mixed portfolio, full-budget single-attack controls, and single-action controls at the mixed allocation. The three portfolios implement the combinations specified in the experiment plan: A1+A2, A3+A4, and A5+A6+A8. Interaction coefficients, resource conversion, review capacity, and recovery behavior are synthetic stress assumptions, not empirical coordination rates, not a general mechanism ranking, and not evidence for real-world institutional adoption."
20260450,A9,mixed_adversary_portfolio,mixed-adversary-portfolio,portfolio-capacity-benign,portfolio-capacity-a9-mixed,portfolio_capacity_capture_signal,flood-camouflage-support-distortion,A5+A6+A8,3,joint_attack_units,4,high,5,101,60,300,0,183,217,0,0,2,300,183,0.000000,0.610000,0.723333,0.000000,0.318353,0.422003,0.745134,0.378140,0.497809,0.745134,-0.059787,0.000000,0.000000,0.000000,-0.037663,0.000000,0.627076,0.006667,1.000000,0.610000,7.450817,12.173586,9.983725,36.020753,83.311347,4.000000,capacity_recovered_outcomes_not_replayed,reports/adversarial-failure-traces-a9.jsonl,"A9 executable pilot only. Each row pairs the same generated world, target bill, status quo, and vote-random seed across a no-attack baseline, a fixed-total-budget mixed portfolio, full-budget single-attack controls, and single-action controls at the mixed allocation. The three portfolios implement the combinations specified in the experiment plan: A1+A2, A3+A4, and A5+A6+A8. Interaction coefficients, resource conversion, review capacity, and recovery behavior are synthetic stress assumptions, not empirical coordination rates, not a general mechanism ranking, and not evidence for real-world institutional adoption."
20260450,A9,mixed_adversary_portfolio,mixed-adversary-portfolio,portfolio-capacity-benign,portfolio-capacity-a9-mixed,portfolio_capacity_capture_signal,flood-camouflage-support-distortion,A5+A6+A8,3,joint_attack_units,8,high,5,101,60,300,4,191,212,4,4,6,300,191,0.013333,0.636667,0.706667,0.013333,0.334395,0.447068,0.745134,0.370560,0.497087,0.745134,-0.036165,0.000000,0.650128,0.013333,-0.090252,0.000000,0.650128,0.020000,1.000000,0.636667,14.351020,24.126808,21.204779,87.503261,185.732449,8.000000,capacity_recovered_outcomes_not_replayed,reports/adversarial-failure-traces-a9.jsonl,"A9 executable pilot only. Each row pairs the same generated world, target bill, status quo, and vote-random seed across a no-attack baseline, a fixed-total-budget mixed portfolio, full-budget single-attack controls, and single-action controls at the mixed allocation. The three portfolios implement the combinations specified in the experiment plan: A1+A2, A3+A4, and A5+A6+A8. Interaction coefficients, resource conversion, review capacity, and recovery behavior are synthetic stress assumptions, not empirical coordination rates, not a general mechanism ranking, and not evidence for real-world institutional adoption."
20260450,A9,mixed_adversary_portfolio,mixed-adversary-portfolio,portfolio-capacity-benign,portfolio-capacity-a9-mixed,portfolio_capacity_capture_signal,flood-camouflage-support-distortion,A5+A6+A8,3,joint_attack_units,12,high,5,101,60,300,6,211,222,6,6,6,300,211,0.020000,0.703333,0.740000,0.020000,0.370069,0.497809,0.745134,0.389329,0.508388,0.745134,-0.019260,0.000000,0.583770,0.020000,-0.154817,0.000000,0.583770,0.020000,1.000000,0.703333,21.496988,36.480059,31.936072,140.975375,291.420303,12.000000,capacity_recovered_outcomes_not_replayed,reports/adversarial-failure-traces-a9.jsonl,"A9 executable pilot only. Each row pairs the same generated world, target bill, status quo, and vote-random seed across a no-attack baseline, a fixed-total-budget mixed portfolio, full-budget single-attack controls, and single-action controls at the mixed allocation. The three portfolios implement the combinations specified in the experiment plan: A1+A2, A3+A4, and A5+A6+A8. Interaction coefficients, resource conversion, review capacity, and recovery behavior are synthetic stress assumptions, not empirical coordination rates, not a general mechanism ranking, and not evidence for real-world institutional adoption."
20260451,A9,mixed_adversary_portfolio,mixed-adversary-portfolio,selection-amendment-benign,selection-amendment-a9-mixed,selection_amendment_pairwise_majority,clone-decoy-poison-pill,A1+A2,2,joint_attack_units,4,medium,5,101,60,300,11,197,205,36,36,193,0,0,0.036667,0.656667,0.683333,0.120000,0.034795,0.032259,0.202752,0.045361,0.053133,0.207518,-0.010566,-0.005046,0.128316,0.120000,0.011999,0.018976,0.160832,0.643333,0.000000,0.000000,0.022187,0.026000,0.030333,0.000000,0.000000,4.000000,not_modeled_for_selection_amendment,reports/adversarial-failure-traces-a9.jsonl,"A9 executable pilot only. Each row pairs the same generated world, target bill, status quo, and vote-random seed across a no-attack baseline, a fixed-total-budget mixed portfolio, full-budget single-attack controls, and single-action controls at the mixed allocation. The three portfolios implement the combinations specified in the experiment plan: A1+A2, A3+A4, and A5+A6+A8. Interaction coefficients, resource conversion, review capacity, and recovery behavior are synthetic stress assumptions, not empirical coordination rates, not a general mechanism ranking, and not evidence for real-world institutional adoption."
20260451,A9,mixed_adversary_portfolio,mixed-adversary-portfolio,selection-amendment-benign,selection-amendment-a9-mixed,selection_amendment_pairwise_majority,clone-decoy-poison-pill,A1+A2,2,joint_attack_units,8,medium,5,101,60,300,17,158,161,62,62,125,0,0,0.056667,0.526667,0.536667,0.206667,0.072923,0.043802,0.375426,0.077698,0.041592,0.435793,-0.004776,0.000000,0.279397,0.206667,0.018779,0.000000,0.267032,0.416667,0.000000,0.000000,0.034840,0.052000,0.036747,0.000000,0.000000,8.000000,not_modeled_for_selection_amendment,reports/adversarial-failure-traces-a9.jsonl,"A9 executable pilot only. Each row pairs the same generated world, target bill, status quo, and vote-random seed across a no-attack baseline, a fixed-total-budget mixed portfolio, full-budget single-attack controls, and single-action controls at the mixed allocation. The three portfolios implement the combinations specified in the experiment plan: A1+A2, A3+A4, and A5+A6+A8. Interaction coefficients, resource conversion, review capacity, and recovery behavior are synthetic stress assumptions, not empirical coordination rates, not a general mechanism ranking, and not evidence for real-world institutional adoption."
20260451,A9,mixed_adversary_portfolio,mixed-adversary-portfolio,selection-amendment-benign,selection-amendment-a9-mixed,selection_amendment_pairwise_majority,clone-decoy-poison-pill,A1+A2,2,joint_attack_units,12,medium,5,101,60,300,4,130,143,25,25,42,0,0,0.013333,0.433333,0.476667,0.083333,0.068501,0.000000,0.472232,0.078188,0.005949,0.465460,-0.009686,0.000000,0.363736,0.083333,-0.013499,0.000000,0.351723,0.140000,0.000000,0.000000,0.025480,0.078000,0.024960,0.000000,0.000000,12.000000,not_modeled_for_selection_amendment,reports/adversarial-failure-traces-a9.jsonl,"A9 executable pilot only. Each row pairs the same generated world, target bill, status quo, and vote-random seed across a no-attack baseline, a fixed-total-budget mixed portfolio, full-budget single-attack controls, and single-action controls at the mixed allocation. The three portfolios implement the combinations specified in the experiment plan: A1+A2, A3+A4, and A5+A6+A8. Interaction coefficients, resource conversion, review capacity, and recovery behavior are synthetic stress assumptions, not empirical coordination rates, not a general mechanism ranking, and not evidence for real-world institutional adoption."
20260451,A9,mixed_adversary_portfolio,mixed-adversary-portfolio,selection-amendment-benign,selection-amendment-a9-mixed,selection_amendment_pairwise_majority,clone-decoy-poison-pill,A1+A2,2,joint_attack_units,4,high,5,101,60,300,8,190,197,36,36,191,0,0,0.026667,0.633333,0.656667,0.120000,0.033990,0.032259,0.264984,0.045996,0.053133,0.369390,-0.012006,-0.006860,0.170707,0.120000,0.014353,0.018976,0.264984,0.636667,0.000000,0.000000,0.021493,0.026000,0.028080,0.000000,0.000000,4.000000,not_modeled_for_selection_amendment,reports/adversarial-failure-traces-a9.jsonl,"A9 executable pilot only. Each row pairs the same generated world, target bill, status quo, and vote-random seed across a no-attack baseline, a fixed-total-budget mixed portfolio, full-budget single-attack controls, and single-action controls at the mixed allocation. The three portfolios implement the combinations specified in the experiment plan: A1+A2, A3+A4, and A5+A6+A8. Interaction coefficients, resource conversion, review capacity, and recovery behavior are synthetic stress assumptions, not empirical coordination rates, not a general mechanism ranking, and not evidence for real-world institutional adoption."
20260451,A9,mixed_adversary_portfolio,mixed-adversary-portfolio,selection-amendment-benign,selection-amendment-a9-mixed,selection_amendment_pairwise_majority,clone-decoy-poison-pill,A1+A2,2,joint_attack_units,8,high,5,101,60,300,19,144,142,47,47,104,0,0,0.063333,0.480000,0.473333,0.156667,0.064097,0.010431,0.400059,0.072740,0.008494,0.405132,-0.008643,0.000000,0.252124,0.156667,0.014490,0.000000,0.270952,0.346667,0.000000,0.000000,0.033280,0.052000,0.028773,0.000000,0.000000,8.000000,not_modeled_for_selection_amendment,reports/adversarial-failure-traces-a9.jsonl,"A9 executable pilot only. Each row pairs the same generated world, target bill, status quo, and vote-random seed across a no-attack baseline, a fixed-total-budget mixed portfolio, full-budget single-attack controls, and single-action controls at the mixed allocation. The three portfolios implement the combinations specified in the experiment plan: A1+A2, A3+A4, and A5+A6+A8. Interaction coefficients, resource conversion, review capacity, and recovery behavior are synthetic stress assumptions, not empirical coordination rates, not a general mechanism ranking, and not evidence for real-world institutional adoption."
20260451,A9,mixed_adversary_portfolio,mixed-adversary-portfolio,selection-amendment-benign,selection-amendment-a9-mixed,selection_amendment_pairwise_majority,clone-decoy-poison-pill,A1+A2,2,joint_attack_units,12,high,5,101,60,300,5,115,123,23,23,31,0,0,0.016667,0.383333,0.410000,0.076667,0.062259,0.000000,0.452837,0.068650,0.000000,0.454882,-0.006392,0.000000,0.335891,0.076667,-0.020329,0.000000,0.329609,0.103333,0.000000,0.000000,0.023660,0.078000,0.022880,0.000000,0.000000,12.000000,not_modeled_for_selection_amendment,reports/adversarial-failure-traces-a9.jsonl,"A9 executable pilot only. Each row pairs the same generated world, target bill, status quo, and vote-random seed across a no-attack baseline, a fixed-total-budget mixed portfolio, full-budget single-attack controls, and single-action controls at the mixed allocation. The three portfolios implement the combinations specified in the experiment plan: A1+A2, A3+A4, and A5+A6+A8. Interaction coefficients, resource conversion, review capacity, and recovery behavior are synthetic stress assumptions, not empirical coordination rates, not a general mechanism ranking, and not evidence for real-world institutional adoption."
20260451,A9,mixed_adversary_portfolio,mixed-adversary-portfolio,public-input-harm-benign,public-input-harm-a9-mixed,public_input_harm_review_majority,astroturf-harm-claims,A3+A4,2,joint_attack_units,4,medium,5,101,60,300,1,7,9,1,1,1,188,6,0.003333,0.023333,0.030000,0.003333,0.003697,0.000000,0.535448,0.004437,0.000000,0.391625,-0.000739,0.000000,0.535448,0.003333,-0.000272,0.000000,0.068863,0.003333,0.626667,0.020000,0.134567,0.475000,0.141473,0.000000,0.000000,4.000000,same_case_review_only,reports/adversarial-failure-traces-a9.jsonl,"A9 executable pilot only. Each row pairs the same generated world, target bill, status quo, and vote-random seed across a no-attack baseline, a fixed-total-budget mixed portfolio, full-budget single-attack controls, and single-action controls at the mixed allocation. The three portfolios implement the combinations specified in the experiment plan: A1+A2, A3+A4, and A5+A6+A8. Interaction coefficients, resource conversion, review capacity, and recovery behavior are synthetic stress assumptions, not empirical coordination rates, not a general mechanism ranking, and not evidence for real-world institutional adoption."
20260451,A9,mixed_adversary_portfolio,mixed-adversary-portfolio,public-input-harm-benign,public-input-harm-a9-mixed,public_input_harm_review_majority,astroturf-harm-claims,A3+A4,2,joint_attack_units,8,medium,5,101,60,300,0,10,95,0,0,2,258,9,0.000000,0.033333,0.316667,0.000000,0.004859,0.000000,0.391625,0.142530,0.000000,0.636641,-0.137671,0.000000,0.000000,0.000000,0.000157,0.000000,0.057207,0.006667,0.860000,0.030000,0.315817,0.595000,0.208267,0.000000,0.000000,8.000000,same_case_review_only,reports/adversarial-failure-traces-a9.jsonl,"A9 executable pilot only. Each row pairs the same generated world, target bill, status quo, and vote-random seed across a no-attack baseline, a fixed-total-budget mixed portfolio, full-budget single-attack controls, and single-action controls at the mixed allocation. The three portfolios implement the combinations specified in the experiment plan: A1+A2, A3+A4, and A5+A6+A8. Interaction coefficients, resource conversion, review capacity, and recovery behavior are synthetic stress assumptions, not empirical coordination rates, not a general mechanism ranking, and not evidence for real-world institutional adoption."
20260451,A9,mixed_adversary_portfolio,mixed-adversary-portfolio,public-input-harm-benign,public-input-harm-a9-mixed,public_input_harm_review_majority,astroturf-harm-claims,A3+A4,2,joint_attack_units,12,medium,5,101,60,300,4,26,97,4,4,4,300,26,0.013333,0.086667,0.323333,0.013333,0.013019,0.000000,0.391625,0.144859,0.000000,0.682701,-0.131840,0.000000,0.391625,0.013333,-0.128860,0.000000,0.391625,0.013333,1.000000,0.086667,0.497350,0.715000,0.305950,0.000000,0.000000,12.000000,same_case_review_only,reports/adversarial-failure-traces-a9.jsonl,"A9 executable pilot only. Each row pairs the same generated world, target bill, status quo, and vote-random seed across a no-attack baseline, a fixed-total-budget mixed portfolio, full-budget single-attack controls, and single-action controls at the mixed allocation. The three portfolios implement the combinations specified in the experiment plan: A1+A2, A3+A4, and A5+A6+A8. Interaction coefficients, resource conversion, review capacity, and recovery behavior are synthetic stress assumptions, not empirical coordination rates, not a general mechanism ranking, and not evidence for real-world institutional adoption."
20260451,A9,mixed_adversary_portfolio,mixed-adversary-portfolio,public-input-harm-benign,public-input-harm-a9-mixed,public_input_harm_review_majority,astroturf-harm-claims,A3+A4,2,joint_attack_units,4,high,5,101,60,300,3,8,22,3,3,1,189,8,0.010000,0.026667,0.073333,0.010000,0.005709,0.000000,0.543367,0.010524,0.000000,0.411593,-0.004815,0.000000,0.543367,0.010000,0.000711,0.000000,0.213308,0.003333,0.630000,0.026667,0.142017,0.475000,0.197920,0.000000,0.000000,4.000000,same_case_review_only,reports/adversarial-failure-traces-a9.jsonl,"A9 executable pilot only. Each row pairs the same generated world, target bill, status quo, and vote-random seed across a no-attack baseline, a fixed-total-budget mixed portfolio, full-budget single-attack controls, and single-action controls at the mixed allocation. The three portfolios implement the combinations specified in the experiment plan: A1+A2, A3+A4, and A5+A6+A8. Interaction coefficients, resource conversion, review capacity, and recovery behavior are synthetic stress assumptions, not empirical coordination rates, not a general mechanism ranking, and not evidence for real-world institutional adoption."
20260451,A9,mixed_adversary_portfolio,mixed-adversary-portfolio,public-input-harm-benign,public-input-harm-a9-mixed,public_input_harm_review_majority,astroturf-harm-claims,A3+A4,2,joint_attack_units,8,high,5,101,60,300,4,26,101,5,5,5,299,26,0.013333,0.086667,0.336667,0.016667,0.013820,0.000000,0.411593,0.154259,0.000000,0.737918,-0.140439,0.000000,0.379830,0.016667,0.001153,0.000000,0.379830,0.016667,0.996667,0.086667,0.401283,0.595000,0.209390,0.000000,0.000000,8.000000,same_case_review_only,reports/adversarial-failure-traces-a9.jsonl,"A9 executable pilot only. Each row pairs the same generated world, target bill, status quo, and vote-random seed across a no-attack baseline, a fixed-total-budget mixed portfolio, full-budget single-attack controls, and single-action controls at the mixed allocation. The three portfolios implement the combinations specified in the experiment plan: A1+A2, A3+A4, and A5+A6+A8. Interaction coefficients, resource conversion, review capacity, and recovery behavior are synthetic stress assumptions, not empirical coordination rates, not a general mechanism ranking, and not evidence for real-world institutional adoption."
20260451,A9,mixed_adversary_portfolio,mixed-adversary-portfolio,public-input-harm-benign,public-input-harm-a9-mixed,public_input_harm_review_majority,astroturf-harm-claims,A3+A4,2,joint_attack_units,12,high,5,101,60,300,5,28,93,5,5,5,300,28,0.016667,0.093333,0.310000,0.016667,0.019317,0.000000,0.544036,0.140661,0.000000,0.719441,-0.121343,0.000000,0.391625,0.016667,-0.119545,0.000000,0.391625,0.016667,1.000000,0.093333,0.498417,0.715000,0.301570,0.000000,0.000000,12.000000,same_case_review_only,reports/adversarial-failure-traces-a9.jsonl,"A9 executable pilot only. Each row pairs the same generated world, target bill, status quo, and vote-random seed across a no-attack baseline, a fixed-total-budget mixed portfolio, full-budget single-attack controls, and single-action controls at the mixed allocation. The three portfolios implement the combinations specified in the experiment plan: A1+A2, A3+A4, and A5+A6+A8. Interaction coefficients, resource conversion, review capacity, and recovery behavior are synthetic stress assumptions, not empirical coordination rates, not a general mechanism ranking, and not evidence for real-world institutional adoption."
20260451,A9,mixed_adversary_portfolio,mixed-adversary-portfolio,portfolio-capacity-benign,portfolio-capacity-a9-mixed,portfolio_capacity_capture_signal,flood-camouflage-support-distortion,A5+A6+A8,3,joint_attack_units,4,medium,5,101,60,300,1,157,203,1,1,1,300,157,0.003333,0.523333,0.676667,0.003333,0.266364,0.267399,0.693872,0.348412,0.462408,0.693872,-0.082048,0.000000,0.555782,0.003333,-0.044140,0.000000,0.555782,0.003333,1.000000,0.523333,5.894916,9.552672,5.978291,24.491942,60.795198,4.000000,capacity_recovered_outcomes_not_replayed,reports/adversarial-failure-traces-a9.jsonl,"A9 executable pilot only. Each row pairs the same generated world, target bill, status quo, and vote-random seed across a no-attack baseline, a fixed-total-budget mixed portfolio, full-budget single-attack controls, and single-action controls at the mixed allocation. The three portfolios implement the combinations specified in the experiment plan: A1+A2, A3+A4, and A5+A6+A8. Interaction coefficients, resource conversion, review capacity, and recovery behavior are synthetic stress assumptions, not empirical coordination rates, not a general mechanism ranking, and not evidence for real-world institutional adoption."
20260451,A9,mixed_adversary_portfolio,mixed-adversary-portfolio,portfolio-capacity-benign,portfolio-capacity-a9-mixed,portfolio_capacity_capture_signal,flood-camouflage-support-distortion,A5+A6+A8,3,joint_attack_units,8,medium,5,101,60,300,4,177,204,4,4,3,300,177,0.013333,0.590000,0.680000,0.013333,0.305177,0.415794,0.693872,0.352422,0.472899,0.693872,-0.047244,0.000000,0.588290,0.013333,-0.121264,0.000000,0.588290,0.010000,1.000000,0.590000,12.055986,20.289573,13.047962,70.327279,152.477052,8.000000,capacity_recovered_outcomes_not_replayed,reports/adversarial-failure-traces-a9.jsonl,"A9 executable pilot only. Each row pairs the same generated world, target bill, status quo, and vote-random seed across a no-attack baseline, a fixed-total-budget mixed portfolio, full-budget single-attack controls, and single-action controls at the mixed allocation. The three portfolios implement the combinations specified in the experiment plan: A1+A2, A3+A4, and A5+A6+A8. Interaction coefficients, resource conversion, review capacity, and recovery behavior are synthetic stress assumptions, not empirical coordination rates, not a general mechanism ranking, and not evidence for real-world institutional adoption."
20260451,A9,mixed_adversary_portfolio,mixed-adversary-portfolio,portfolio-capacity-benign,portfolio-capacity-a9-mixed,portfolio_capacity_capture_signal,flood-camouflage-support-distortion,A5+A6+A8,3,joint_attack_units,12,medium,5,101,60,300,1,187,213,1,1,3,300,187,0.003333,0.623333,0.710000,0.003333,0.320601,0.437217,0.693872,0.363676,0.471639,0.666940,-0.043075,0.000000,0.693872,0.003333,-0.191644,0.000000,0.693872,0.010000,1.000000,0.623333,18.444594,31.340438,20.513842,118.097806,246.893021,12.000000,capacity_recovered_outcomes_not_replayed,reports/adversarial-failure-traces-a9.jsonl,"A9 executable pilot only. Each row pairs the same generated world, target bill, status quo, and vote-random seed across a no-attack baseline, a fixed-total-budget mixed portfolio, full-budget single-attack controls, and single-action controls at the mixed allocation. The three portfolios implement the combinations specified in the experiment plan: A1+A2, A3+A4, and A5+A6+A8. Interaction coefficients, resource conversion, review capacity, and recovery behavior are synthetic stress assumptions, not empirical coordination rates, not a general mechanism ranking, and not evidence for real-world institutional adoption."
20260451,A9,mixed_adversary_portfolio,mixed-adversary-portfolio,portfolio-capacity-benign,portfolio-capacity-a9-mixed,portfolio_capacity_capture_signal,flood-camouflage-support-distortion,A5+A6+A8,3,joint_attack_units,4,high,5,101,60,300,2,159,194,2,2,4,300,159,0.006667,0.530000,0.646667,0.006667,0.271939,0.283440,0.693872,0.334683,0.450856,0.693872,-0.062744,0.000000,0.554927,0.006667,-0.025974,0.000000,0.554927,0.013333,1.000000,0.530000,7.403827,12.197347,6.785202,35.685465,83.448467,4.000000,capacity_recovered_outcomes_not_replayed,reports/adversarial-failure-traces-a9.jsonl,"A9 executable pilot only. Each row pairs the same generated world, target bill, status quo, and vote-random seed across a no-attack baseline, a fixed-total-budget mixed portfolio, full-budget single-attack controls, and single-action controls at the mixed allocation. The three portfolios implement the combinations specified in the experiment plan: A1+A2, A3+A4, and A5+A6+A8. Interaction coefficients, resource conversion, review capacity, and recovery behavior are synthetic stress assumptions, not empirical coordination rates, not a general mechanism ranking, and not evidence for real-world institutional adoption."
20260451,A9,mixed_adversary_portfolio,mixed-adversary-portfolio,portfolio-capacity-benign,portfolio-capacity-a9-mixed,portfolio_capacity_capture_signal,flood-camouflage-support-distortion,A5+A6+A8,3,joint_attack_units,8,high,5,101,60,300,2,180,200,2,2,1,300,180,0.006667,0.600000,0.666667,0.006667,0.309403,0.417345,0.693872,0.341901,0.458269,0.693872,-0.032498,0.000000,0.558393,0.006667,-0.164172,0.000000,0.558393,0.003333,1.000000,0.600000,14.298108,24.187616,14.291382,87.187177,185.841702,8.000000,capacity_recovered_outcomes_not_replayed,reports/adversarial-failure-traces-a9.jsonl,"A9 executable pilot only. Each row pairs the same generated world, target bill, status quo, and vote-random seed across a no-attack baseline, a fixed-total-budget mixed portfolio, full-budget single-attack controls, and single-action controls at the mixed allocation. The three portfolios implement the combinations specified in the experiment plan: A1+A2, A3+A4, and A5+A6+A8. Interaction coefficients, resource conversion, review capacity, and recovery behavior are synthetic stress assumptions, not empirical coordination rates, not a general mechanism ranking, and not evidence for real-world institutional adoption."
20260451,A9,mixed_adversary_portfolio,mixed-adversary-portfolio,portfolio-capacity-benign,portfolio-capacity-a9-mixed,portfolio_capacity_capture_signal,flood-camouflage-support-distortion,A5+A6+A8,3,joint_attack_units,12,high,5,101,60,300,4,189,204,4,4,6,300,189,0.013333,0.630000,0.680000,0.013333,0.324187,0.439827,0.693872,0.346771,0.458762,0.693872,-0.022584,0.000000,0.647412,0.013333,-0.213920,0.000000,0.647412,0.020000,1.000000,0.630000,21.447457,36.543834,21.893159,140.678573,291.433056,12.000000,capacity_recovered_outcomes_not_replayed,reports/adversarial-failure-traces-a9.jsonl,"A9 executable pilot only. Each row pairs the same generated world, target bill, status quo, and vote-random seed across a no-attack baseline, a fixed-total-budget mixed portfolio, full-budget single-attack controls, and single-action controls at the mixed allocation. The three portfolios implement the combinations specified in the experiment plan: A1+A2, A3+A4, and A5+A6+A8. Interaction coefficients, resource conversion, review capacity, and recovery behavior are synthetic stress assumptions, not empirical coordination rates, not a general mechanism ranking, and not evidence for real-world institutional adoption."
20260452,A9,mixed_adversary_portfolio,mixed-adversary-portfolio,selection-amendment-benign,selection-amendment-a9-mixed,selection_amendment_pairwise_majority,clone-decoy-poison-pill,A1+A2,2,joint_attack_units,4,medium,5,101,60,300,4,209,229,32,32,207,0,0,0.013333,0.696667,0.763333,0.106667,0.034225,0.032259,0.197360,0.052539,0.053133,0.278158,-0.018313,-0.020188,0.197082,0.106667,0.013219,0.018976,0.163189,0.690000,0.000000,0.000000,0.023833,0.026000,0.033107,0.000000,0.000000,4.000000,not_modeled_for_selection_amendment,reports/adversarial-failure-traces-a9.jsonl,"A9 executable pilot only. Each row pairs the same generated world, target bill, status quo, and vote-random seed across a no-attack baseline, a fixed-total-budget mixed portfolio, full-budget single-attack controls, and single-action controls at the mixed allocation. The three portfolios implement the combinations specified in the experiment plan: A1+A2, A3+A4, and A5+A6+A8. Interaction coefficients, resource conversion, review capacity, and recovery behavior are synthetic stress assumptions, not empirical coordination rates, not a general mechanism ranking, and not evidence for real-world institutional adoption."
20260452,A9,mixed_adversary_portfolio,mixed-adversary-portfolio,selection-amendment-benign,selection-amendment-a9-mixed,selection_amendment_pairwise_majority,clone-decoy-poison-pill,A1+A2,2,joint_attack_units,8,medium,5,101,60,300,23,155,162,61,61,116,0,0,0.076667,0.516667,0.540000,0.203333,0.073476,0.040018,0.406847,0.083048,0.043875,0.406650,-0.009572,0.000000,0.406847,0.203333,0.011728,0.000000,0.244259,0.386667,0.000000,0.000000,0.040733,0.052000,0.041253,0.000000,0.000000,8.000000,not_modeled_for_selection_amendment,reports/adversarial-failure-traces-a9.jsonl,"A9 executable pilot only. Each row pairs the same generated world, target bill, status quo, and vote-random seed across a no-attack baseline, a fixed-total-budget mixed portfolio, full-budget single-attack controls, and single-action controls at the mixed allocation. The three portfolios implement the combinations specified in the experiment plan: A1+A2, A3+A4, and A5+A6+A8. Interaction coefficients, resource conversion, review capacity, and recovery behavior are synthetic stress assumptions, not empirical coordination rates, not a general mechanism ranking, and not evidence for real-world institutional adoption."
20260452,A9,mixed_adversary_portfolio,mixed-adversary-portfolio,selection-amendment-benign,selection-amendment-a9-mixed,selection_amendment_pairwise_majority,clone-decoy-poison-pill,A1+A2,2,joint_attack_units,12,medium,5,101,60,300,6,107,128,23,23,34,0,0,0.020000,0.356667,0.426667,0.076667,0.047931,0.000000,0.327788,0.054903,0.000000,0.441983,-0.006972,0.000000,0.290333,0.076667,-0.041740,0.000000,0.186538,0.113333,0.000000,0.000000,0.043420,0.078000,0.034320,0.000000,0.000000,12.000000,not_modeled_for_selection_amendment,reports/adversarial-failure-traces-a9.jsonl,"A9 executable pilot only. Each row pairs the same generated world, target bill, status quo, and vote-random seed across a no-attack baseline, a fixed-total-budget mixed portfolio, full-budget single-attack controls, and single-action controls at the mixed allocation. The three portfolios implement the combinations specified in the experiment plan: A1+A2, A3+A4, and A5+A6+A8. Interaction coefficients, resource conversion, review capacity, and recovery behavior are synthetic stress assumptions, not empirical coordination rates, not a general mechanism ranking, and not evidence for real-world institutional adoption."
20260452,A9,mixed_adversary_portfolio,mixed-adversary-portfolio,selection-amendment-benign,selection-amendment-a9-mixed,selection_amendment_pairwise_majority,clone-decoy-poison-pill,A1+A2,2,joint_attack_units,4,high,5,101,60,300,10,209,220,36,36,213,0,0,0.033333,0.696667,0.733333,0.120000,0.036075,0.032259,0.449516,0.047958,0.053133,0.316178,-0.011884,-0.010681,0.449516,0.120000,0.015892,0.018968,0.206854,0.710000,0.000000,0.000000,0.023573,0.026000,0.032933,0.000000,0.000000,4.000000,not_modeled_for_selection_amendment,reports/adversarial-failure-traces-a9.jsonl,"A9 executable pilot only. Each row pairs the same generated world, target bill, status quo, and vote-random seed across a no-attack baseline, a fixed-total-budget mixed portfolio, full-budget single-attack controls, and single-action controls at the mixed allocation. The three portfolios implement the combinations specified in the experiment plan: A1+A2, A3+A4, and A5+A6+A8. Interaction coefficients, resource conversion, review capacity, and recovery behavior are synthetic stress assumptions, not empirical coordination rates, not a general mechanism ranking, and not evidence for real-world institutional adoption."
20260452,A9,mixed_adversary_portfolio,mixed-adversary-portfolio,selection-amendment-benign,selection-amendment-a9-mixed,selection_amendment_pairwise_majority,clone-decoy-poison-pill,A1+A2,2,joint_attack_units,8,high,5,101,60,300,20,144,158,52,52,93,0,0,0.066667,0.480000,0.526667,0.173333,0.062854,0.000000,0.310184,0.076763,0.036616,0.324511,-0.013909,0.000000,0.233242,0.173333,0.000595,0.000000,0.248220,0.310000,0.000000,0.000000,0.039000,0.052000,0.039173,0.000000,0.000000,8.000000,not_modeled_for_selection_amendment,reports/adversarial-failure-traces-a9.jsonl,"A9 executable pilot only. Each row pairs the same generated world, target bill, status quo, and vote-random seed across a no-attack baseline, a fixed-total-budget mixed portfolio, full-budget single-attack controls, and single-action controls at the mixed allocation. The three portfolios implement the combinations specified in the experiment plan: A1+A2, A3+A4, and A5+A6+A8. Interaction coefficients, resource conversion, review capacity, and recovery behavior are synthetic stress assumptions, not empirical coordination rates, not a general mechanism ranking, and not evidence for real-world institutional adoption."
20260452,A9,mixed_adversary_portfolio,mixed-adversary-portfolio,selection-amendment-benign,selection-amendment-a9-mixed,selection_amendment_pairwise_majority,clone-decoy-poison-pill,A1+A2,2,joint_attack_units,12,high,5,101,60,300,5,104,128,18,18,28,0,0,0.016667,0.346667,0.426667,0.060000,0.042603,0.000000,0.407052,0.052157,0.000000,0.416773,-0.009554,0.000000,0.407052,0.060000,-0.038489,0.000000,0.268481,0.093333,0.000000,0.000000,0.039520,0.078000,0.027560,0.000000,0.000000,12.000000,not_modeled_for_selection_amendment,reports/adversarial-failure-traces-a9.jsonl,"A9 executable pilot only. Each row pairs the same generated world, target bill, status quo, and vote-random seed across a no-attack baseline, a fixed-total-budget mixed portfolio, full-budget single-attack controls, and single-action controls at the mixed allocation. The three portfolios implement the combinations specified in the experiment plan: A1+A2, A3+A4, and A5+A6+A8. Interaction coefficients, resource conversion, review capacity, and recovery behavior are synthetic stress assumptions, not empirical coordination rates, not a general mechanism ranking, and not evidence for real-world institutional adoption."
20260452,A9,mixed_adversary_portfolio,mixed-adversary-portfolio,public-input-harm-benign,public-input-harm-a9-mixed,public_input_harm_review_majority,astroturf-harm-claims,A3+A4,2,joint_attack_units,4,medium,5,101,60,300,2,4,2,2,2,2,190,4,0.006667,0.013333,0.006667,0.006667,0.005319,0.000000,0.594078,0.002184,0.000000,0.285993,0.003135,0.000000,0.594078,0.006667,0.002167,0.000000,0.557692,0.006667,0.633333,0.013333,0.142017,0.475000,0.137153,0.000000,0.000000,4.000000,same_case_review_only,reports/adversarial-failure-traces-a9.jsonl,"A9 executable pilot only. Each row pairs the same generated world, target bill, status quo, and vote-random seed across a no-attack baseline, a fixed-total-budget mixed portfolio, full-budget single-attack controls, and single-action controls at the mixed allocation. The three portfolios implement the combinations specified in the experiment plan: A1+A2, A3+A4, and A5+A6+A8. Interaction coefficients, resource conversion, review capacity, and recovery behavior are synthetic stress assumptions, not empirical coordination rates, not a general mechanism ranking, and not evidence for real-world institutional adoption."
20260452,A9,mixed_adversary_portfolio,mixed-adversary-portfolio,public-input-harm-benign,public-input-harm-a9-mixed,public_input_harm_review_majority,astroturf-harm-claims,A3+A4,2,joint_attack_units,8,medium,5,101,60,300,2,4,98,2,2,2,266,4,0.006667,0.013333,0.326667,0.006667,0.002273,0.000000,0.285993,0.163575,0.000000,0.686342,-0.161302,0.000000,0.285993,0.006667,0.000785,0.000000,0.285993,0.006667,0.886667,0.013333,0.324817,0.595000,0.206010,0.000000,0.000000,8.000000,same_case_review_only,reports/adversarial-failure-traces-a9.jsonl,"A9 executable pilot only. Each row pairs the same generated world, target bill, status quo, and vote-random seed across a no-attack baseline, a fixed-total-budget mixed portfolio, full-budget single-attack controls, and single-action controls at the mixed allocation. The three portfolios implement the combinations specified in the experiment plan: A1+A2, A3+A4, and A5+A6+A8. Interaction coefficients, resource conversion, review capacity, and recovery behavior are synthetic stress assumptions, not empirical coordination rates, not a general mechanism ranking, and not evidence for real-world institutional adoption."
20260452,A9,mixed_adversary_portfolio,mixed-adversary-portfolio,public-input-harm-benign,public-input-harm-a9-mixed,public_input_harm_review_majority,astroturf-harm-claims,A3+A4,2,joint_attack_units,12,medium,5,101,60,300,2,12,96,2,2,2,300,12,0.006667,0.040000,0.320000,0.006667,0.006933,0.000000,0.535448,0.157877,0.000000,0.755312,-0.150944,0.000000,0.120093,0.006667,-0.149308,0.000000,0.120093,0.006667,1.000000,0.040000,0.500533,0.715000,0.303640,0.000000,0.000000,12.000000,same_case_review_only,reports/adversarial-failure-traces-a9.jsonl,"A9 executable pilot only. Each row pairs the same generated world, target bill, status quo, and vote-random seed across a no-attack baseline, a fixed-total-budget mixed portfolio, full-budget single-attack controls, and single-action controls at the mixed allocation. The three portfolios implement the combinations specified in the experiment plan: A1+A2, A3+A4, and A5+A6+A8. Interaction coefficients, resource conversion, review capacity, and recovery behavior are synthetic stress assumptions, not empirical coordination rates, not a general mechanism ranking, and not evidence for real-world institutional adoption."
20260452,A9,mixed_adversary_portfolio,mixed-adversary-portfolio,public-input-harm-benign,public-input-harm-a9-mixed,public_input_harm_review_majority,astroturf-harm-claims,A3+A4,2,joint_attack_units,4,high,5,101,60,300,3,7,16,3,3,1,197,7,0.010000,0.023333,0.053333,0.010000,0.007463,0.000000,0.616086,0.008510,0.000000,0.418692,-0.001047,0.000000,0.616086,0.010000,0.001337,0.000000,0.401248,0.003333,0.656667,0.023333,0.146233,0.475000,0.192677,0.000000,0.000000,4.000000,same_case_review_only,reports/adversarial-failure-traces-a9.jsonl,"A9 executable pilot only. Each row pairs the same generated world, target bill, status quo, and vote-random seed across a no-attack baseline, a fixed-total-budget mixed portfolio, full-budget single-attack controls, and single-action controls at the mixed allocation. The three portfolios implement the combinations specified in the experiment plan: A1+A2, A3+A4, and A5+A6+A8. Interaction coefficients, resource conversion, review capacity, and recovery behavior are synthetic stress assumptions, not empirical coordination rates, not a general mechanism ranking, and not evidence for real-world institutional adoption."
20260452,A9,mixed_adversary_portfolio,mixed-adversary-portfolio,public-input-harm-benign,public-input-harm-a9-mixed,public_input_harm_review_majority,astroturf-harm-claims,A3+A4,2,joint_attack_units,8,high,5,101,60,300,2,14,94,2,2,4,300,14,0.006667,0.046667,0.313333,0.006667,0.008929,0.000000,0.535448,0.155308,0.000000,0.755312,-0.146378,0.000000,0.317693,0.006667,0.003501,0.000000,0.535448,0.013333,1.000000,0.046667,0.388350,0.595000,0.204130,0.000000,0.000000,8.000000,same_case_review_only,reports/adversarial-failure-traces-a9.jsonl,"A9 executable pilot only. Each row pairs the same generated world, target bill, status quo, and vote-random seed across a no-attack baseline, a fixed-total-budget mixed portfolio, full-budget single-attack controls, and single-action controls at the mixed allocation. The three portfolios implement the combinations specified in the experiment plan: A1+A2, A3+A4, and A5+A6+A8. Interaction coefficients, resource conversion, review capacity, and recovery behavior are synthetic stress assumptions, not empirical coordination rates, not a general mechanism ranking, and not evidence for real-world institutional adoption."
20260452,A9,mixed_adversary_portfolio,mixed-adversary-portfolio,public-input-harm-benign,public-input-harm-a9-mixed,public_input_harm_review_majority,astroturf-harm-claims,A3+A4,2,joint_attack_units,12,high,5,101,60,300,3,8,85,3,3,3,300,8,0.010000,0.026667,0.283333,0.010000,0.003790,0.000000,0.285993,0.145203,0.000000,0.755312,-0.141412,0.000000,0.239307,0.010000,-0.138998,0.000000,0.239307,0.010000,1.000000,0.026667,0.502783,0.715000,0.300357,0.000000,0.000000,12.000000,same_case_review_only,reports/adversarial-failure-traces-a9.jsonl,"A9 executable pilot only. Each row pairs the same generated world, target bill, status quo, and vote-random seed across a no-attack baseline, a fixed-total-budget mixed portfolio, full-budget single-attack controls, and single-action controls at the mixed allocation. The three portfolios implement the combinations specified in the experiment plan: A1+A2, A3+A4, and A5+A6+A8. Interaction coefficients, resource conversion, review capacity, and recovery behavior are synthetic stress assumptions, not empirical coordination rates, not a general mechanism ranking, and not evidence for real-world institutional adoption."
20260452,A9,mixed_adversary_portfolio,mixed-adversary-portfolio,portfolio-capacity-benign,portfolio-capacity-a9-mixed,portfolio_capacity_capture_signal,flood-camouflage-support-distortion,A5+A6+A8,3,joint_attack_units,4,medium,5,101,60,300,1,163,198,1,1,1,300,163,0.003333,0.543333,0.660000,0.003333,0.288258,0.376407,0.690520,0.349958,0.472752,0.690520,-0.061700,0.000000,0.456780,0.003333,-0.039935,0.000000,0.456780,0.003333,1.000000,0.543333,5.960128,9.712853,6.166305,25.186716,62.007124,4.000000,capacity_recovered_outcomes_not_replayed,reports/adversarial-failure-traces-a9.jsonl,"A9 executable pilot only. Each row pairs the same generated world, target bill, status quo, and vote-random seed across a no-attack baseline, a fixed-total-budget mixed portfolio, full-budget single-attack controls, and single-action controls at the mixed allocation. The three portfolios implement the combinations specified in the experiment plan: A1+A2, A3+A4, and A5+A6+A8. Interaction coefficients, resource conversion, review capacity, and recovery behavior are synthetic stress assumptions, not empirical coordination rates, not a general mechanism ranking, and not evidence for real-world institutional adoption."
20260452,A9,mixed_adversary_portfolio,mixed-adversary-portfolio,portfolio-capacity-benign,portfolio-capacity-a9-mixed,portfolio_capacity_capture_signal,flood-camouflage-support-distortion,A5+A6+A8,3,joint_attack_units,8,medium,5,101,60,300,1,168,191,1,1,4,300,168,0.003333,0.560000,0.636667,0.003333,0.300348,0.417529,0.690520,0.339977,0.470960,0.690520,-0.039629,0.000000,0.598660,0.003333,-0.116439,0.000000,0.599896,0.013333,1.000000,0.560000,12.113611,20.427597,12.160096,70.997106,153.496348,8.000000,capacity_recovered_outcomes_not_replayed,reports/adversarial-failure-traces-a9.jsonl,"A9 executable pilot only. Each row pairs the same generated world, target bill, status quo, and vote-random seed across a no-attack baseline, a fixed-total-budget mixed portfolio, full-budget single-attack controls, and single-action controls at the mixed allocation. The three portfolios implement the combinations specified in the experiment plan: A1+A2, A3+A4, and A5+A6+A8. Interaction coefficients, resource conversion, review capacity, and recovery behavior are synthetic stress assumptions, not empirical coordination rates, not a general mechanism ranking, and not evidence for real-world institutional adoption."
20260452,A9,mixed_adversary_portfolio,mixed-adversary-portfolio,portfolio-capacity-benign,portfolio-capacity-a9-mixed,portfolio_capacity_capture_signal,flood-camouflage-support-distortion,A5+A6+A8,3,joint_attack_units,12,medium,5,101,60,300,2,188,203,2,2,4,300,188,0.006667,0.626667,0.676667,0.006667,0.331624,0.457216,0.690520,0.357568,0.487636,0.690520,-0.025945,0.000000,0.421252,0.006667,-0.215120,0.000000,0.588654,0.013333,1.000000,0.626667,18.504562,31.467574,16.860925,118.743614,247.799165,12.000000,capacity_recovered_outcomes_not_replayed,reports/adversarial-failure-traces-a9.jsonl,"A9 executable pilot only. Each row pairs the same generated world, target bill, status quo, and vote-random seed across a no-attack baseline, a fixed-total-budget mixed portfolio, full-budget single-attack controls, and single-action controls at the mixed allocation. The three portfolios implement the combinations specified in the experiment plan: A1+A2, A3+A4, and A5+A6+A8. Interaction coefficients, resource conversion, review capacity, and recovery behavior are synthetic stress assumptions, not empirical coordination rates, not a general mechanism ranking, and not evidence for real-world institutional adoption."
20260452,A9,mixed_adversary_portfolio,mixed-adversary-portfolio,portfolio-capacity-benign,portfolio-capacity-a9-mixed,portfolio_capacity_capture_signal,flood-camouflage-support-distortion,A5+A6+A8,3,joint_attack_units,4,high,5,101,60,300,0,161,197,0,0,0,300,161,0.000000,0.536667,0.656667,0.000000,0.282812,0.375958,0.690520,0.347357,0.467444,0.690520,-0.064545,0.000000,0.000000,0.000000,-0.065344,0.000000,0.000000,0.000000,1.000000,0.536667,7.466076,12.355542,6.414500,36.391499,84.643639,4.000000,capacity_recovered_outcomes_not_replayed,reports/adversarial-failure-traces-a9.jsonl,"A9 executable pilot only. Each row pairs the same generated world, target bill, status quo, and vote-random seed across a no-attack baseline, a fixed-total-budget mixed portfolio, full-budget single-attack controls, and single-action controls at the mixed allocation. The three portfolios implement the combinations specified in the experiment plan: A1+A2, A3+A4, and A5+A6+A8. Interaction coefficients, resource conversion, review capacity, and recovery behavior are synthetic stress assumptions, not empirical coordination rates, not a general mechanism ranking, and not evidence for real-world institutional adoption."
20260452,A9,mixed_adversary_portfolio,mixed-adversary-portfolio,portfolio-capacity-benign,portfolio-capacity-a9-mixed,portfolio_capacity_capture_signal,flood-camouflage-support-distortion,A5+A6+A8,3,joint_attack_units,8,high,5,101,60,300,1,179,199,1,1,4,300,179,0.003333,0.596667,0.663333,0.003333,0.318654,0.443704,0.690520,0.352345,0.473196,0.690520,-0.033691,0.000000,0.506079,0.003333,-0.145414,0.000000,0.599896,0.013333,1.000000,0.596667,14.364617,24.319518,13.590105,87.842852,186.811583,8.000000,capacity_recovered_outcomes_not_replayed,reports/adversarial-failure-traces-a9.jsonl,"A9 executable pilot only. Each row pairs the same generated world, target bill, status quo, and vote-random seed across a no-attack baseline, a fixed-total-budget mixed portfolio, full-budget single-attack controls, and single-action controls at the mixed allocation. The three portfolios implement the combinations specified in the experiment plan: A1+A2, A3+A4, and A5+A6+A8. Interaction coefficients, resource conversion, review capacity, and recovery behavior are synthetic stress assumptions, not empirical coordination rates, not a general mechanism ranking, and not evidence for real-world institutional adoption."
20260452,A9,mixed_adversary_portfolio,mixed-adversary-portfolio,portfolio-capacity-benign,portfolio-capacity-a9-mixed,portfolio_capacity_capture_signal,flood-camouflage-support-distortion,A5+A6+A8,3,joint_attack_units,12,high,5,101,60,300,3,194,206,3,3,4,300,194,0.010000,0.646667,0.686667,0.010000,0.342022,0.458151,0.690520,0.361102,0.487636,0.690520,-0.019080,0.000000,0.610367,0.010000,-0.247139,0.000000,0.610367,0.013333,1.000000,0.646667,21.504018,36.662627,21.008271,141.307649,292.271387,12.000000,capacity_recovered_outcomes_not_replayed,reports/adversarial-failure-traces-a9.jsonl,"A9 executable pilot only. Each row pairs the same generated world, target bill, status quo, and vote-random seed across a no-attack baseline, a fixed-total-budget mixed portfolio, full-budget single-attack controls, and single-action controls at the mixed allocation. The three portfolios implement the combinations specified in the experiment plan: A1+A2, A3+A4, and A5+A6+A8. Interaction coefficients, resource conversion, review capacity, and recovery behavior are synthetic stress assumptions, not empirical coordination rates, not a general mechanism ranking, and not evidence for real-world institutional adoption."
20260453,A9,mixed_adversary_portfolio,mixed-adversary-portfolio,selection-amendment-benign,selection-amendment-a9-mixed,selection_amendment_pairwise_majority,clone-decoy-poison-pill,A1+A2,2,joint_attack_units,4,medium,5,101,60,300,5,223,242,30,30,221,0,0,0.016667,0.743333,0.806667,0.100000,0.038668,0.032259,0.350497,0.056033,0.053133,0.452448,-0.017365,-0.020400,0.105493,0.100000,0.012721,0.018976,0.154478,0.736667,0.000000,0.000000,0.023487,0.026000,0.035360,0.000000,0.000000,4.000000,not_modeled_for_selection_amendment,reports/adversarial-failure-traces-a9.jsonl,"A9 executable pilot only. Each row pairs the same generated world, target bill, status quo, and vote-random seed across a no-attack baseline, a fixed-total-budget mixed portfolio, full-budget single-attack controls, and single-action controls at the mixed allocation. The three portfolios implement the combinations specified in the experiment plan: A1+A2, A3+A4, and A5+A6+A8. Interaction coefficients, resource conversion, review capacity, and recovery behavior are synthetic stress assumptions, not empirical coordination rates, not a general mechanism ranking, and not evidence for real-world institutional adoption."
20260453,A9,mixed_adversary_portfolio,mixed-adversary-portfolio,selection-amendment-benign,selection-amendment-a9-mixed,selection_amendment_pairwise_majority,clone-decoy-poison-pill,A1+A2,2,joint_attack_units,8,medium,5,101,60,300,17,174,192,47,47,125,0,0,0.056667,0.580000,0.640000,0.156667,0.077174,0.061809,0.336899,0.100493,0.071216,0.414360,-0.023319,0.000000,0.253479,0.156667,0.013300,0.000000,0.260326,0.416667,0.000000,0.000000,0.040907,0.052000,0.043333,0.000000,0.000000,8.000000,not_modeled_for_selection_amendment,reports/adversarial-failure-traces-a9.jsonl,"A9 executable pilot only. Each row pairs the same generated world, target bill, status quo, and vote-random seed across a no-attack baseline, a fixed-total-budget mixed portfolio, full-budget single-attack controls, and single-action controls at the mixed allocation. The three portfolios implement the combinations specified in the experiment plan: A1+A2, A3+A4, and A5+A6+A8. Interaction coefficients, resource conversion, review capacity, and recovery behavior are synthetic stress assumptions, not empirical coordination rates, not a general mechanism ranking, and not evidence for real-world institutional adoption."
20260453,A9,mixed_adversary_portfolio,mixed-adversary-portfolio,selection-amendment-benign,selection-amendment-a9-mixed,selection_amendment_pairwise_majority,clone-decoy-poison-pill,A1+A2,2,joint_attack_units,12,medium,5,101,60,300,4,130,157,29,29,38,0,0,0.013333,0.433333,0.523333,0.096667,0.065697,0.000000,0.439145,0.084074,0.033520,0.457328,-0.018376,0.000000,0.353775,0.096667,-0.040895,-0.004387,0.280217,0.126667,0.000000,0.000000,0.049660,0.078000,0.033800,0.000000,0.000000,12.000000,not_modeled_for_selection_amendment,reports/adversarial-failure-traces-a9.jsonl,"A9 executable pilot only. Each row pairs the same generated world, target bill, status quo, and vote-random seed across a no-attack baseline, a fixed-total-budget mixed portfolio, full-budget single-attack controls, and single-action controls at the mixed allocation. The three portfolios implement the combinations specified in the experiment plan: A1+A2, A3+A4, and A5+A6+A8. Interaction coefficients, resource conversion, review capacity, and recovery behavior are synthetic stress assumptions, not empirical coordination rates, not a general mechanism ranking, and not evidence for real-world institutional adoption."
20260453,A9,mixed_adversary_portfolio,mixed-adversary-portfolio,selection-amendment-benign,selection-amendment-a9-mixed,selection_amendment_pairwise_majority,clone-decoy-poison-pill,A1+A2,2,joint_attack_units,4,high,5,101,60,300,6,226,239,46,46,224,0,0,0.020000,0.753333,0.796667,0.153333,0.038858,0.032259,0.243818,0.050325,0.053133,0.297695,-0.011466,-0.014414,0.118350,0.153333,0.017341,0.018976,0.236695,0.746667,0.000000,0.000000,0.022880,0.026000,0.034667,0.000000,0.000000,4.000000,not_modeled_for_selection_amendment,reports/adversarial-failure-traces-a9.jsonl,"A9 executable pilot only. Each row pairs the same generated world, target bill, status quo, and vote-random seed across a no-attack baseline, a fixed-total-budget mixed portfolio, full-budget single-attack controls, and single-action controls at the mixed allocation. The three portfolios implement the combinations specified in the experiment plan: A1+A2, A3+A4, and A5+A6+A8. Interaction coefficients, resource conversion, review capacity, and recovery behavior are synthetic stress assumptions, not empirical coordination rates, not a general mechanism ranking, and not evidence for real-world institutional adoption."
20260453,A9,mixed_adversary_portfolio,mixed-adversary-portfolio,selection-amendment-benign,selection-amendment-a9-mixed,selection_amendment_pairwise_majority,clone-decoy-poison-pill,A1+A2,2,joint_attack_units,8,high,5,101,60,300,16,166,183,47,47,115,0,0,0.053333,0.553333,0.610000,0.156667,0.073977,0.052705,0.313112,0.094977,0.055948,0.319283,-0.021001,0.000000,0.200393,0.156667,0.008539,0.000000,0.215325,0.383333,0.000000,0.000000,0.039173,0.052000,0.041600,0.000000,0.000000,8.000000,not_modeled_for_selection_amendment,reports/adversarial-failure-traces-a9.jsonl,"A9 executable pilot only. Each row pairs the same generated world, target bill, status quo, and vote-random seed across a no-attack baseline, a fixed-total-budget mixed portfolio, full-budget single-attack controls, and single-action controls at the mixed allocation. The three portfolios implement the combinations specified in the experiment plan: A1+A2, A3+A4, and A5+A6+A8. Interaction coefficients, resource conversion, review capacity, and recovery behavior are synthetic stress assumptions, not empirical coordination rates, not a general mechanism ranking, and not evidence for real-world institutional adoption."
20260453,A9,mixed_adversary_portfolio,mixed-adversary-portfolio,selection-amendment-benign,selection-amendment-a9-mixed,selection_amendment_pairwise_majority,clone-decoy-poison-pill,A1+A2,2,joint_attack_units,12,high,5,101,60,300,2,112,148,17,17,21,0,0,0.006667,0.373333,0.493333,0.056667,0.048329,0.000000,0.443527,0.078079,0.015715,0.529597,-0.029750,0.000000,0.385063,0.056667,-0.052099,-0.008328,0.323979,0.070000,0.000000,0.000000,0.047320,0.078000,0.033280,0.000000,0.000000,12.000000,not_modeled_for_selection_amendment,reports/adversarial-failure-traces-a9.jsonl,"A9 executable pilot only. Each row pairs the same generated world, target bill, status quo, and vote-random seed across a no-attack baseline, a fixed-total-budget mixed portfolio, full-budget single-attack controls, and single-action controls at the mixed allocation. The three portfolios implement the combinations specified in the experiment plan: A1+A2, A3+A4, and A5+A6+A8. Interaction coefficients, resource conversion, review capacity, and recovery behavior are synthetic stress assumptions, not empirical coordination rates, not a general mechanism ranking, and not evidence for real-world institutional adoption."
20260453,A9,mixed_adversary_portfolio,mixed-adversary-portfolio,public-input-harm-benign,public-input-harm-a9-mixed,public_input_harm_review_majority,astroturf-harm-claims,A3+A4,2,joint_attack_units,4,medium,5,101,60,300,3,7,4,3,3,1,192,6,0.010000,0.023333,0.013333,0.010000,0.005747,0.000000,0.535448,0.002567,0.000000,0.189795,0.003180,0.000000,0.535448,0.010000,0.000542,0.000000,0.162459,0.003333,0.640000,0.020000,0.135550,0.350000,0.133883,0.000000,0.000000,4.000000,same_case_review_only,reports/adversarial-failure-traces-a9.jsonl,"A9 executable pilot only. Each row pairs the same generated world, target bill, status quo, and vote-random seed across a no-attack baseline, a fixed-total-budget mixed portfolio, full-budget single-attack controls, and single-action controls at the mixed allocation. The three portfolios implement the combinations specified in the experiment plan: A1+A2, A3+A4, and A5+A6+A8. Interaction coefficients, resource conversion, review capacity, and recovery behavior are synthetic stress assumptions, not empirical coordination rates, not a general mechanism ranking, and not evidence for real-world institutional adoption."
20260453,A9,mixed_adversary_portfolio,mixed-adversary-portfolio,public-input-harm-benign,public-input-harm-a9-mixed,public_input_harm_review_majority,astroturf-harm-claims,A3+A4,2,joint_attack_units,8,medium,5,101,60,300,1,7,78,1,1,3,265,7,0.003333,0.023333,0.260000,0.003333,0.005298,0.000000,0.401248,0.122155,0.000000,0.686354,-0.116857,0.000000,0.386819,0.003333,0.002466,0.000000,0.401248,0.010000,0.883333,0.023333,0.317233,0.595000,0.203740,0.000000,0.000000,8.000000,same_case_review_only,reports/adversarial-failure-traces-a9.jsonl,"A9 executable pilot only. Each row pairs the same generated world, target bill, status quo, and vote-random seed across a no-attack baseline, a fixed-total-budget mixed portfolio, full-budget single-attack controls, and single-action controls at the mixed allocation. The three portfolios implement the combinations specified in the experiment plan: A1+A2, A3+A4, and A5+A6+A8. Interaction coefficients, resource conversion, review capacity, and recovery behavior are synthetic stress assumptions, not empirical coordination rates, not a general mechanism ranking, and not evidence for real-world institutional adoption."
20260453,A9,mixed_adversary_portfolio,mixed-adversary-portfolio,public-input-harm-benign,public-input-harm-a9-mixed,public_input_harm_review_majority,astroturf-harm-claims,A3+A4,2,joint_attack_units,12,medium,5,101,60,300,4,13,83,4,4,4,300,13,0.013333,0.043333,0.276667,0.013333,0.006267,0.000000,0.383835,0.131815,0.000000,0.686354,-0.125549,0.000000,0.383835,0.013333,-0.123308,0.000000,0.383835,0.013333,1.000000,0.043333,0.492917,0.715000,0.299003,0.000000,0.000000,12.000000,same_case_review_only,reports/adversarial-failure-traces-a9.jsonl,"A9 executable pilot only. Each row pairs the same generated world, target bill, status quo, and vote-random seed across a no-attack baseline, a fixed-total-budget mixed portfolio, full-budget single-attack controls, and single-action controls at the mixed allocation. The three portfolios implement the combinations specified in the experiment plan: A1+A2, A3+A4, and A5+A6+A8. Interaction coefficients, resource conversion, review capacity, and recovery behavior are synthetic stress assumptions, not empirical coordination rates, not a general mechanism ranking, and not evidence for real-world institutional adoption."
20260453,A9,mixed_adversary_portfolio,mixed-adversary-portfolio,public-input-harm-benign,public-input-harm-a9-mixed,public_input_harm_review_majority,astroturf-harm-claims,A3+A4,2,joint_attack_units,4,high,5,101,60,300,2,5,13,2,2,2,203,5,0.006667,0.016667,0.043333,0.006667,0.003664,0.000000,0.535448,0.006520,0.000000,0.383835,-0.002856,0.000000,0.535448,0.006667,0.000785,0.000000,0.162459,0.006667,0.676667,0.016667,0.137650,0.475000,0.190170,0.000000,0.000000,4.000000,same_case_review_only,reports/adversarial-failure-traces-a9.jsonl,"A9 executable pilot only. Each row pairs the same generated world, target bill, status quo, and vote-random seed across a no-attack baseline, a fixed-total-budget mixed portfolio, full-budget single-attack controls, and single-action controls at the mixed allocation. The three portfolios implement the combinations specified in the experiment plan: A1+A2, A3+A4, and A5+A6+A8. Interaction coefficients, resource conversion, review capacity, and recovery behavior are synthetic stress assumptions, not empirical coordination rates, not a general mechanism ranking, and not evidence for real-world institutional adoption."
20260453,A9,mixed_adversary_portfolio,mixed-adversary-portfolio,public-input-harm-benign,public-input-harm-a9-mixed,public_input_harm_review_majority,astroturf-harm-claims,A3+A4,2,joint_attack_units,8,high,5,101,60,300,4,18,92,4,4,5,299,18,0.013333,0.060000,0.306667,0.013333,0.009998,0.000000,0.401248,0.148944,0.000000,0.658131,-0.138946,0.000000,0.374877,0.013333,0.002295,0.000000,0.401248,0.016667,0.996667,0.060000,0.382633,0.595000,0.200933,0.000000,0.000000,8.000000,same_case_review_only,reports/adversarial-failure-traces-a9.jsonl,"A9 executable pilot only. Each row pairs the same generated world, target bill, status quo, and vote-random seed across a no-attack baseline, a fixed-total-budget mixed portfolio, full-budget single-attack controls, and single-action controls at the mixed allocation. The three portfolios implement the combinations specified in the experiment plan: A1+A2, A3+A4, and A5+A6+A8. Interaction coefficients, resource conversion, review capacity, and recovery behavior are synthetic stress assumptions, not empirical coordination rates, not a general mechanism ranking, and not evidence for real-world institutional adoption."
20260453,A9,mixed_adversary_portfolio,mixed-adversary-portfolio,public-input-harm-benign,public-input-harm-a9-mixed,public_input_harm_review_majority,astroturf-harm-claims,A3+A4,2,joint_attack_units,12,high,5,101,60,300,0,14,93,1,1,1,300,14,0.000000,0.046667,0.310000,0.003333,0.008059,0.000000,0.535448,0.148733,0.000000,0.686354,-0.140674,0.000000,0.011008,0.003333,-0.138115,0.000000,0.011008,0.003333,1.000000,0.046667,0.494983,0.715000,0.299343,0.000000,0.000000,12.000000,same_case_review_only,reports/adversarial-failure-traces-a9.jsonl,"A9 executable pilot only. Each row pairs the same generated world, target bill, status quo, and vote-random seed across a no-attack baseline, a fixed-total-budget mixed portfolio, full-budget single-attack controls, and single-action controls at the mixed allocation. The three portfolios implement the combinations specified in the experiment plan: A1+A2, A3+A4, and A5+A6+A8. Interaction coefficients, resource conversion, review capacity, and recovery behavior are synthetic stress assumptions, not empirical coordination rates, not a general mechanism ranking, and not evidence for real-world institutional adoption."
20260453,A9,mixed_adversary_portfolio,mixed-adversary-portfolio,portfolio-capacity-benign,portfolio-capacity-a9-mixed,portfolio_capacity_capture_signal,flood-camouflage-support-distortion,A5+A6+A8,3,joint_attack_units,4,medium,5,101,60,300,0,154,198,0,0,3,300,154,0.000000,0.513333,0.660000,0.000000,0.277290,0.351957,0.719347,0.353108,0.491590,0.719347,-0.075818,0.000000,0.000000,0.000000,-0.052408,0.000000,0.519909,0.010000,1.000000,0.513333,5.966447,9.707228,4.998998,25.299509,61.987904,4.000000,capacity_recovered_outcomes_not_replayed,reports/adversarial-failure-traces-a9.jsonl,"A9 executable pilot only. Each row pairs the same generated world, target bill, status quo, and vote-random seed across a no-attack baseline, a fixed-total-budget mixed portfolio, full-budget single-attack controls, and single-action controls at the mixed allocation. The three portfolios implement the combinations specified in the experiment plan: A1+A2, A3+A4, and A5+A6+A8. Interaction coefficients, resource conversion, review capacity, and recovery behavior are synthetic stress assumptions, not empirical coordination rates, not a general mechanism ranking, and not evidence for real-world institutional adoption."
20260453,A9,mixed_adversary_portfolio,mixed-adversary-portfolio,portfolio-capacity-benign,portfolio-capacity-a9-mixed,portfolio_capacity_capture_signal,flood-camouflage-support-distortion,A5+A6+A8,3,joint_attack_units,8,medium,5,101,60,300,0,176,210,0,0,1,300,176,0.000000,0.586667,0.700000,0.000000,0.314923,0.435997,0.719347,0.373911,0.502011,0.719347,-0.058987,0.000000,0.000000,0.000000,-0.142421,0.000000,0.594305,0.003333,1.000000,0.586667,12.120782,20.551760,9.658779,71.048591,153.449263,8.000000,capacity_recovered_outcomes_not_replayed,reports/adversarial-failure-traces-a9.jsonl,"A9 executable pilot only. Each row pairs the same generated world, target bill, status quo, and vote-random seed across a no-attack baseline, a fixed-total-budget mixed portfolio, full-budget single-attack controls, and single-action controls at the mixed allocation. The three portfolios implement the combinations specified in the experiment plan: A1+A2, A3+A4, and A5+A6+A8. Interaction coefficients, resource conversion, review capacity, and recovery behavior are synthetic stress assumptions, not empirical coordination rates, not a general mechanism ranking, and not evidence for real-world institutional adoption."
20260453,A9,mixed_adversary_portfolio,mixed-adversary-portfolio,portfolio-capacity-benign,portfolio-capacity-a9-mixed,portfolio_capacity_capture_signal,flood-camouflage-support-distortion,A5+A6+A8,3,joint_attack_units,12,medium,5,101,60,300,3,179,200,3,3,8,300,179,0.010000,0.596667,0.666667,0.010000,0.322079,0.452473,0.719347,0.356594,0.495413,0.719347,-0.034515,0.000000,0.674785,0.010000,-0.224662,0.000000,0.674785,0.026667,1.000000,0.596667,18.505901,31.610090,12.172065,118.772291,247.763384,12.000000,capacity_recovered_outcomes_not_replayed,reports/adversarial-failure-traces-a9.jsonl,"A9 executable pilot only. Each row pairs the same generated world, target bill, status quo, and vote-random seed across a no-attack baseline, a fixed-total-budget mixed portfolio, full-budget single-attack controls, and single-action controls at the mixed allocation. The three portfolios implement the combinations specified in the experiment plan: A1+A2, A3+A4, and A5+A6+A8. Interaction coefficients, resource conversion, review capacity, and recovery behavior are synthetic stress assumptions, not empirical coordination rates, not a general mechanism ranking, and not evidence for real-world institutional adoption."
20260453,A9,mixed_adversary_portfolio,mixed-adversary-portfolio,portfolio-capacity-benign,portfolio-capacity-a9-mixed,portfolio_capacity_capture_signal,flood-camouflage-support-distortion,A5+A6+A8,3,joint_attack_units,4,high,5,101,60,300,0,155,202,0,0,2,300,155,0.000000,0.516667,0.673333,0.000000,0.279266,0.359791,0.719347,0.362025,0.502179,0.719347,-0.082759,0.000000,0.000000,0.000000,-0.051265,0.000000,0.519909,0.006667,1.000000,0.516667,7.472516,12.352602,5.812395,36.457995,84.620643,4.000000,capacity_recovered_outcomes_not_replayed,reports/adversarial-failure-traces-a9.jsonl,"A9 executable pilot only. Each row pairs the same generated world, target bill, status quo, and vote-random seed across a no-attack baseline, a fixed-total-budget mixed portfolio, full-budget single-attack controls, and single-action controls at the mixed allocation. The three portfolios implement the combinations specified in the experiment plan: A1+A2, A3+A4, and A5+A6+A8. Interaction coefficients, resource conversion, review capacity, and recovery behavior are synthetic stress assumptions, not empirical coordination rates, not a general mechanism ranking, and not evidence for real-world institutional adoption."
20260453,A9,mixed_adversary_portfolio,mixed-adversary-portfolio,portfolio-capacity-benign,portfolio-capacity-a9-mixed,portfolio_capacity_capture_signal,flood-camouflage-support-distortion,A5+A6+A8,3,joint_attack_units,8,high,5,101,60,300,2,172,196,2,2,3,300,172,0.006667,0.573333,0.653333,0.006667,0.310446,0.432595,0.719347,0.352508,0.495413,0.719347,-0.042062,0.000000,0.546214,0.006667,-0.175141,0.000000,0.626850,0.010000,1.000000,0.573333,14.357251,24.452122,9.333253,87.840972,186.756161,8.000000,capacity_recovered_outcomes_not_replayed,reports/adversarial-failure-traces-a9.jsonl,"A9 executable pilot only. Each row pairs the same generated world, target bill, status quo, and vote-random seed across a no-attack baseline, a fixed-total-budget mixed portfolio, full-budget single-attack controls, and single-action controls at the mixed allocation. The three portfolios implement the combinations specified in the experiment plan: A1+A2, A3+A4, and A5+A6+A8. Interaction coefficients, resource conversion, review capacity, and recovery behavior are synthetic stress assumptions, not empirical coordination rates, not a general mechanism ranking, and not evidence for real-world institutional adoption."
20260453,A9,mixed_adversary_portfolio,mixed-adversary-portfolio,portfolio-capacity-benign,portfolio-capacity-a9-mixed,portfolio_capacity_capture_signal,flood-camouflage-support-distortion,A5+A6+A8,3,joint_attack_units,12,high,5,101,60,300,2,178,201,2,2,4,300,178,0.006667,0.593333,0.670000,0.006667,0.316095,0.429732,0.719347,0.354781,0.483470,0.719347,-0.038687,0.000000,0.678748,0.006667,-0.269171,0.000000,0.678748,0.013333,1.000000,0.593333,21.495785,36.716521,15.060254,141.265993,292.223703,12.000000,capacity_recovered_outcomes_not_replayed,reports/adversarial-failure-traces-a9.jsonl,"A9 executable pilot only. Each row pairs the same generated world, target bill, status quo, and vote-random seed across a no-attack baseline, a fixed-total-budget mixed portfolio, full-budget single-attack controls, and single-action controls at the mixed allocation. The three portfolios implement the combinations specified in the experiment plan: A1+A2, A3+A4, and A5+A6+A8. Interaction coefficients, resource conversion, review capacity, and recovery behavior are synthetic stress assumptions, not empirical coordination rates, not a general mechanism ranking, and not evidence for real-world institutional adoption."
20260454,A9,mixed_adversary_portfolio,mixed-adversary-portfolio,selection-amendment-benign,selection-amendment-a9-mixed,selection_amendment_pairwise_majority,clone-decoy-poison-pill,A1+A2,2,joint_attack_units,4,medium,5,101,60,300,15,207,212,40,40,213,0,0,0.050000,0.690000,0.706667,0.133333,0.036067,0.032259,0.310377,0.046034,0.053133,0.287409,-0.009967,-0.018188,0.084826,0.133333,0.016038,0.018976,0.200941,0.710000,0.000000,0.000000,0.020020,0.026000,0.030160,0.000000,0.000000,4.000000,not_modeled_for_selection_amendment,reports/adversarial-failure-traces-a9.jsonl,"A9 executable pilot only. Each row pairs the same generated world, target bill, status quo, and vote-random seed across a no-attack baseline, a fixed-total-budget mixed portfolio, full-budget single-attack controls, and single-action controls at the mixed allocation. The three portfolios implement the combinations specified in the experiment plan: A1+A2, A3+A4, and A5+A6+A8. Interaction coefficients, resource conversion, review capacity, and recovery behavior are synthetic stress assumptions, not empirical coordination rates, not a general mechanism ranking, and not evidence for real-world institutional adoption."
20260454,A9,mixed_adversary_portfolio,mixed-adversary-portfolio,selection-amendment-benign,selection-amendment-a9-mixed,selection_amendment_pairwise_majority,clone-decoy-poison-pill,A1+A2,2,joint_attack_units,8,medium,5,101,60,300,17,146,144,43,43,100,0,0,0.056667,0.486667,0.480000,0.143333,0.065692,0.017502,0.324324,0.070503,0.011429,0.435778,-0.004811,0.000000,0.244307,0.143333,0.012786,0.000000,0.289101,0.333333,0.000000,0.000000,0.023400,0.052000,0.019067,0.000000,0.000000,8.000000,not_modeled_for_selection_amendment,reports/adversarial-failure-traces-a9.jsonl,"A9 executable pilot only. Each row pairs the same generated world, target bill, status quo, and vote-random seed across a no-attack baseline, a fixed-total-budget mixed portfolio, full-budget single-attack controls, and single-action controls at the mixed allocation. The three portfolios implement the combinations specified in the experiment plan: A1+A2, A3+A4, and A5+A6+A8. Interaction coefficients, resource conversion, review capacity, and recovery behavior are synthetic stress assumptions, not empirical coordination rates, not a general mechanism ranking, and not evidence for real-world institutional adoption."
20260454,A9,mixed_adversary_portfolio,mixed-adversary-portfolio,selection-amendment-benign,selection-amendment-a9-mixed,selection_amendment_pairwise_majority,clone-decoy-poison-pill,A1+A2,2,joint_attack_units,12,medium,5,101,60,300,3,110,132,18,18,22,0,0,0.010000,0.366667,0.440000,0.060000,0.048901,0.000000,0.344414,0.067227,0.000000,0.447991,-0.018326,0.000000,0.290333,0.060000,-0.022619,0.000000,0.222685,0.073333,0.000000,0.000000,0.031200,0.078000,0.020800,0.000000,0.000000,12.000000,not_modeled_for_selection_amendment,reports/adversarial-failure-traces-a9.jsonl,"A9 executable pilot only. Each row pairs the same generated world, target bill, status quo, and vote-random seed across a no-attack baseline, a fixed-total-budget mixed portfolio, full-budget single-attack controls, and single-action controls at the mixed allocation. The three portfolios implement the combinations specified in the experiment plan: A1+A2, A3+A4, and A5+A6+A8. Interaction coefficients, resource conversion, review capacity, and recovery behavior are synthetic stress assumptions, not empirical coordination rates, not a general mechanism ranking, and not evidence for real-world institutional adoption."
20260454,A9,mixed_adversary_portfolio,mixed-adversary-portfolio,selection-amendment-benign,selection-amendment-a9-mixed,selection_amendment_pairwise_majority,clone-decoy-poison-pill,A1+A2,2,joint_attack_units,4,high,5,101,60,300,25,191,182,48,48,194,0,0,0.083333,0.636667,0.606667,0.160000,0.030580,0.032259,0.363137,0.043197,0.052977,0.346258,-0.012618,-0.006626,0.101700,0.160000,0.011878,0.018870,0.145342,0.646667,0.000000,0.000000,0.019067,0.026000,0.023573,0.000000,0.000000,4.000000,not_modeled_for_selection_amendment,reports/adversarial-failure-traces-a9.jsonl,"A9 executable pilot only. Each row pairs the same generated world, target bill, status quo, and vote-random seed across a no-attack baseline, a fixed-total-budget mixed portfolio, full-budget single-attack controls, and single-action controls at the mixed allocation. The three portfolios implement the combinations specified in the experiment plan: A1+A2, A3+A4, and A5+A6+A8. Interaction coefficients, resource conversion, review capacity, and recovery behavior are synthetic stress assumptions, not empirical coordination rates, not a general mechanism ranking, and not evidence for real-world institutional adoption."
20260454,A9,mixed_adversary_portfolio,mixed-adversary-portfolio,selection-amendment-benign,selection-amendment-a9-mixed,selection_amendment_pairwise_majority,clone-decoy-poison-pill,A1+A2,2,joint_attack_units,8,high,5,101,60,300,8,114,129,30,30,74,0,0,0.026667,0.380000,0.430000,0.100000,0.050973,0.000000,0.317003,0.061919,0.002306,0.337855,-0.010947,0.000000,0.276569,0.100000,0.006434,0.000000,0.282254,0.246667,0.000000,0.000000,0.023227,0.052000,0.019067,0.000000,0.000000,8.000000,not_modeled_for_selection_amendment,reports/adversarial-failure-traces-a9.jsonl,"A9 executable pilot only. Each row pairs the same generated world, target bill, status quo, and vote-random seed across a no-attack baseline, a fixed-total-budget mixed portfolio, full-budget single-attack controls, and single-action controls at the mixed allocation. The three portfolios implement the combinations specified in the experiment plan: A1+A2, A3+A4, and A5+A6+A8. Interaction coefficients, resource conversion, review capacity, and recovery behavior are synthetic stress assumptions, not empirical coordination rates, not a general mechanism ranking, and not evidence for real-world institutional adoption."
20260454,A9,mixed_adversary_portfolio,mixed-adversary-portfolio,selection-amendment-benign,selection-amendment-a9-mixed,selection_amendment_pairwise_majority,clone-decoy-poison-pill,A1+A2,2,joint_attack_units,12,high,5,101,60,300,5,101,112,18,18,22,0,0,0.016667,0.336667,0.373333,0.060000,0.048155,0.000000,0.499525,0.053542,0.000000,0.410794,-0.005387,0.000000,0.334875,0.060000,-0.019462,0.000000,0.290340,0.073333,0.000000,0.000000,0.031200,0.078000,0.017680,0.000000,0.000000,12.000000,not_modeled_for_selection_amendment,reports/adversarial-failure-traces-a9.jsonl,"A9 executable pilot only. Each row pairs the same generated world, target bill, status quo, and vote-random seed across a no-attack baseline, a fixed-total-budget mixed portfolio, full-budget single-attack controls, and single-action controls at the mixed allocation. The three portfolios implement the combinations specified in the experiment plan: A1+A2, A3+A4, and A5+A6+A8. Interaction coefficients, resource conversion, review capacity, and recovery behavior are synthetic stress assumptions, not empirical coordination rates, not a general mechanism ranking, and not evidence for real-world institutional adoption."
20260454,A9,mixed_adversary_portfolio,mixed-adversary-portfolio,public-input-harm-benign,public-input-harm-a9-mixed,public_input_harm_review_majority,astroturf-harm-claims,A3+A4,2,joint_attack_units,4,medium,5,101,60,300,4,6,3,4,4,1,188,6,0.013333,0.020000,0.010000,0.013333,0.007509,0.000000,0.607131,0.001242,0.000000,0.112202,0.006266,0.000000,0.607131,0.013333,0.001875,0.000000,0.562569,0.003333,0.626667,0.020000,0.142200,0.475000,0.147137,0.000000,0.000000,4.000000,same_case_review_only,reports/adversarial-failure-traces-a9.jsonl,"A9 executable pilot only. Each row pairs the same generated world, target bill, status quo, and vote-random seed across a no-attack baseline, a fixed-total-budget mixed portfolio, full-budget single-attack controls, and single-action controls at the mixed allocation. The three portfolios implement the combinations specified in the experiment plan: A1+A2, A3+A4, and A5+A6+A8. Interaction coefficients, resource conversion, review capacity, and recovery behavior are synthetic stress assumptions, not empirical coordination rates, not a general mechanism ranking, and not evidence for real-world institutional adoption."
20260454,A9,mixed_adversary_portfolio,mixed-adversary-portfolio,public-input-harm-benign,public-input-harm-a9-mixed,public_input_harm_review_majority,astroturf-harm-claims,A3+A4,2,joint_attack_units,8,medium,5,101,60,300,2,7,84,2,2,4,269,6,0.006667,0.023333,0.280000,0.006667,0.001931,0.000000,0.112202,0.132634,0.000000,0.727395,-0.130702,0.000000,0.069175,0.006667,-0.000490,0.000000,0.069175,0.013333,0.896667,0.020000,0.341250,0.595000,0.207033,0.000000,0.000000,8.000000,same_case_review_only,reports/adversarial-failure-traces-a9.jsonl,"A9 executable pilot only. Each row pairs the same generated world, target bill, status quo, and vote-random seed across a no-attack baseline, a fixed-total-budget mixed portfolio, full-budget single-attack controls, and single-action controls at the mixed allocation. The three portfolios implement the combinations specified in the experiment plan: A1+A2, A3+A4, and A5+A6+A8. Interaction coefficients, resource conversion, review capacity, and recovery behavior are synthetic stress assumptions, not empirical coordination rates, not a general mechanism ranking, and not evidence for real-world institutional adoption."
20260454,A9,mixed_adversary_portfolio,mixed-adversary-portfolio,public-input-harm-benign,public-input-harm-a9-mixed,public_input_harm_review_majority,astroturf-harm-claims,A3+A4,2,joint_attack_units,12,medium,5,101,60,300,4,15,89,4,4,4,300,15,0.013333,0.050000,0.296667,0.013333,0.008500,0.000000,0.377705,0.145871,0.000000,0.643831,-0.137370,0.000000,0.349450,0.013333,-0.135322,0.000000,0.349450,0.013333,1.000000,0.050000,0.504650,0.715000,0.305103,0.000000,0.000000,12.000000,same_case_review_only,reports/adversarial-failure-traces-a9.jsonl,"A9 executable pilot only. Each row pairs the same generated world, target bill, status quo, and vote-random seed across a no-attack baseline, a fixed-total-budget mixed portfolio, full-budget single-attack controls, and single-action controls at the mixed allocation. The three portfolios implement the combinations specified in the experiment plan: A1+A2, A3+A4, and A5+A6+A8. Interaction coefficients, resource conversion, review capacity, and recovery behavior are synthetic stress assumptions, not empirical coordination rates, not a general mechanism ranking, and not evidence for real-world institutional adoption."
20260454,A9,mixed_adversary_portfolio,mixed-adversary-portfolio,public-input-harm-benign,public-input-harm-a9-mixed,public_input_harm_review_majority,astroturf-harm-claims,A3+A4,2,joint_attack_units,4,high,5,101,60,300,2,6,14,2,2,1,205,5,0.006667,0.020000,0.046667,0.006667,0.003367,0.000000,0.535448,0.007609,0.000000,0.349450,-0.004242,0.000000,0.535448,0.006667,-0.000205,0.000000,0.035129,0.003333,0.683333,0.016667,0.156033,0.475000,0.200397,0.000000,0.000000,4.000000,same_case_review_only,reports/adversarial-failure-traces-a9.jsonl,"A9 executable pilot only. Each row pairs the same generated world, target bill, status quo, and vote-random seed across a no-attack baseline, a fixed-total-budget mixed portfolio, full-budget single-attack controls, and single-action controls at the mixed allocation. The three portfolios implement the combinations specified in the experiment plan: A1+A2, A3+A4, and A5+A6+A8. Interaction coefficients, resource conversion, review capacity, and recovery behavior are synthetic stress assumptions, not empirical coordination rates, not a general mechanism ranking, and not evidence for real-world institutional adoption."
20260454,A9,mixed_adversary_portfolio,mixed-adversary-portfolio,public-input-harm-benign,public-input-harm-a9-mixed,public_input_harm_review_majority,astroturf-harm-claims,A3+A4,2,joint_attack_units,8,high,5,101,60,300,5,17,85,5,5,5,298,17,0.016667,0.056667,0.283333,0.016667,0.008541,0.000000,0.349450,0.136100,0.000000,0.792261,-0.127559,0.000000,0.349450,0.016667,0.003081,0.000000,0.349450,0.016667,0.993333,0.056667,0.401150,0.595000,0.208667,0.000000,0.000000,8.000000,same_case_review_only,reports/adversarial-failure-traces-a9.jsonl,"A9 executable pilot only. Each row pairs the same generated world, target bill, status quo, and vote-random seed across a no-attack baseline, a fixed-total-budget mixed portfolio, full-budget single-attack controls, and single-action controls at the mixed allocation. The three portfolios implement the combinations specified in the experiment plan: A1+A2, A3+A4, and A5+A6+A8. Interaction coefficients, resource conversion, review capacity, and recovery behavior are synthetic stress assumptions, not empirical coordination rates, not a general mechanism ranking, and not evidence for real-world institutional adoption."
20260454,A9,mixed_adversary_portfolio,mixed-adversary-portfolio,public-input-harm-benign,public-input-harm-a9-mixed,public_input_harm_review_majority,astroturf-harm-claims,A3+A4,2,joint_attack_units,12,high,5,101,60,300,1,11,83,1,1,1,300,11,0.003333,0.036667,0.276667,0.003333,0.005299,0.000000,0.535448,0.134443,0.000000,0.792261,-0.129145,0.000000,0.188352,0.003333,-0.125652,0.000000,0.188352,0.003333,1.000000,0.036667,0.502633,0.715000,0.305230,0.000000,0.000000,12.000000,same_case_review_only,reports/adversarial-failure-traces-a9.jsonl,"A9 executable pilot only. Each row pairs the same generated world, target bill, status quo, and vote-random seed across a no-attack baseline, a fixed-total-budget mixed portfolio, full-budget single-attack controls, and single-action controls at the mixed allocation. The three portfolios implement the combinations specified in the experiment plan: A1+A2, A3+A4, and A5+A6+A8. Interaction coefficients, resource conversion, review capacity, and recovery behavior are synthetic stress assumptions, not empirical coordination rates, not a general mechanism ranking, and not evidence for real-world institutional adoption."
20260454,A9,mixed_adversary_portfolio,mixed-adversary-portfolio,portfolio-capacity-benign,portfolio-capacity-a9-mixed,portfolio_capacity_capture_signal,flood-camouflage-support-distortion,A5+A6+A8,3,joint_attack_units,4,medium,5,101,60,300,0,150,184,0,0,1,300,150,0.000000,0.500000,0.613333,0.000000,0.260848,0.100295,0.689511,0.320833,0.440613,0.689511,-0.059985,0.000000,0.000000,0.000000,-0.041017,0.000000,0.526079,0.003333,1.000000,0.500000,5.962669,9.711108,6.188964,25.269502,61.481061,4.000000,capacity_recovered_outcomes_not_replayed,reports/adversarial-failure-traces-a9.jsonl,"A9 executable pilot only. Each row pairs the same generated world, target bill, status quo, and vote-random seed across a no-attack baseline, a fixed-total-budget mixed portfolio, full-budget single-attack controls, and single-action controls at the mixed allocation. The three portfolios implement the combinations specified in the experiment plan: A1+A2, A3+A4, and A5+A6+A8. Interaction coefficients, resource conversion, review capacity, and recovery behavior are synthetic stress assumptions, not empirical coordination rates, not a general mechanism ranking, and not evidence for real-world institutional adoption."
20260454,A9,mixed_adversary_portfolio,mixed-adversary-portfolio,portfolio-capacity-benign,portfolio-capacity-a9-mixed,portfolio_capacity_capture_signal,flood-camouflage-support-distortion,A5+A6+A8,3,joint_attack_units,8,medium,5,101,60,300,0,192,212,0,0,0,300,192,0.000000,0.640000,0.706667,0.000000,0.333295,0.458915,0.689511,0.369635,0.483514,0.689511,-0.036340,0.000000,0.000000,0.000000,-0.136114,0.000000,0.000000,0.000000,1.000000,0.640000,12.118532,20.430428,13.357208,71.016919,152.856549,8.000000,capacity_recovered_outcomes_not_replayed,reports/adversarial-failure-traces-a9.jsonl,"A9 executable pilot only. Each row pairs the same generated world, target bill, status quo, and vote-random seed across a no-attack baseline, a fixed-total-budget mixed portfolio, full-budget single-attack controls, and single-action controls at the mixed allocation. The three portfolios implement the combinations specified in the experiment plan: A1+A2, A3+A4, and A5+A6+A8. Interaction coefficients, resource conversion, review capacity, and recovery behavior are synthetic stress assumptions, not empirical coordination rates, not a general mechanism ranking, and not evidence for real-world institutional adoption."
20260454,A9,mixed_adversary_portfolio,mixed-adversary-portfolio,portfolio-capacity-benign,portfolio-capacity-a9-mixed,portfolio_capacity_capture_signal,flood-camouflage-support-distortion,A5+A6+A8,3,joint_attack_units,12,medium,5,101,60,300,1,183,202,1,1,2,300,183,0.003333,0.610000,0.673333,0.003333,0.320748,0.442130,0.689511,0.354848,0.483664,0.689511,-0.034100,0.000000,0.483404,0.003333,-0.196808,0.000000,0.497040,0.006667,1.000000,0.610000,18.499375,31.475893,19.074192,118.739437,247.231020,12.000000,capacity_recovered_outcomes_not_replayed,reports/adversarial-failure-traces-a9.jsonl,"A9 executable pilot only. Each row pairs the same generated world, target bill, status quo, and vote-random seed across a no-attack baseline, a fixed-total-budget mixed portfolio, full-budget single-attack controls, and single-action controls at the mixed allocation. The three portfolios implement the combinations specified in the experiment plan: A1+A2, A3+A4, and A5+A6+A8. Interaction coefficients, resource conversion, review capacity, and recovery behavior are synthetic stress assumptions, not empirical coordination rates, not a general mechanism ranking, and not evidence for real-world institutional adoption."
20260454,A9,mixed_adversary_portfolio,mixed-adversary-portfolio,portfolio-capacity-benign,portfolio-capacity-a9-mixed,portfolio_capacity_capture_signal,flood-camouflage-support-distortion,A5+A6+A8,3,joint_attack_units,4,high,5,101,60,300,1,165,195,1,1,1,300,165,0.003333,0.550000,0.650000,0.003333,0.285647,0.382217,0.689511,0.339222,0.457165,0.689511,-0.053575,0.000000,0.555692,0.003333,-0.051687,0.000000,0.555692,0.003333,1.000000,0.550000,7.474568,12.354433,7.291788,36.456736,84.091810,4.000000,capacity_recovered_outcomes_not_replayed,reports/adversarial-failure-traces-a9.jsonl,"A9 executable pilot only. Each row pairs the same generated world, target bill, status quo, and vote-random seed across a no-attack baseline, a fixed-total-budget mixed portfolio, full-budget single-attack controls, and single-action controls at the mixed allocation. The three portfolios implement the combinations specified in the experiment plan: A1+A2, A3+A4, and A5+A6+A8. Interaction coefficients, resource conversion, review capacity, and recovery behavior are synthetic stress assumptions, not empirical coordination rates, not a general mechanism ranking, and not evidence for real-world institutional adoption."
20260454,A9,mixed_adversary_portfolio,mixed-adversary-portfolio,portfolio-capacity-benign,portfolio-capacity-a9-mixed,portfolio_capacity_capture_signal,flood-camouflage-support-distortion,A5+A6+A8,3,joint_attack_units,8,high,5,101,60,300,3,184,199,3,3,3,300,184,0.010000,0.613333,0.663333,0.010000,0.322684,0.449169,0.689511,0.349787,0.476926,0.689511,-0.027103,0.000000,0.588397,0.010000,-0.152382,0.000000,0.588397,0.010000,1.000000,0.613333,14.363610,24.324098,15.186104,87.849986,186.208239,8.000000,capacity_recovered_outcomes_not_replayed,reports/adversarial-failure-traces-a9.jsonl,"A9 executable pilot only. Each row pairs the same generated world, target bill, status quo, and vote-random seed across a no-attack baseline, a fixed-total-budget mixed portfolio, full-budget single-attack controls, and single-action controls at the mixed allocation. The three portfolios implement the combinations specified in the experiment plan: A1+A2, A3+A4, and A5+A6+A8. Interaction coefficients, resource conversion, review capacity, and recovery behavior are synthetic stress assumptions, not empirical coordination rates, not a general mechanism ranking, and not evidence for real-world institutional adoption."
20260454,A9,mixed_adversary_portfolio,mixed-adversary-portfolio,portfolio-capacity-benign,portfolio-capacity-a9-mixed,portfolio_capacity_capture_signal,flood-camouflage-support-distortion,A5+A6+A8,3,joint_attack_units,12,high,5,101,60,300,2,189,205,2,2,2,300,189,0.006667,0.630000,0.683333,0.006667,0.331264,0.449169,0.689511,0.357915,0.478678,0.689511,-0.026652,0.000000,0.588533,0.006667,-0.208941,0.000000,0.588533,0.006667,1.000000,0.630000,21.503443,36.673496,23.649137,141.283268,291.748795,12.000000,capacity_recovered_outcomes_not_replayed,reports/adversarial-failure-traces-a9.jsonl,"A9 executable pilot only. Each row pairs the same generated world, target bill, status quo, and vote-random seed across a no-attack baseline, a fixed-total-budget mixed portfolio, full-budget single-attack controls, and single-action controls at the mixed allocation. The three portfolios implement the combinations specified in the experiment plan: A1+A2, A3+A4, and A5+A6+A8. Interaction coefficients, resource conversion, review capacity, and recovery behavior are synthetic stress assumptions, not empirical coordination rates, not a general mechanism ranking, and not evidence for real-world institutional adoption."
20260455,A9,mixed_adversary_portfolio,mixed-adversary-portfolio,selection-amendment-benign,selection-amendment-a9-mixed,selection_amendment_pairwise_majority,clone-decoy-poison-pill,A1+A2,2,joint_attack_units,4,medium,5,101,60,300,11,158,168,25,25,160,0,0,0.036667,0.526667,0.560000,0.083333,0.027767,0.032259,0.264160,0.041106,0.052923,0.306813,-0.013339,0.000000,0.167177,0.083333,0.011568,0.018821,0.257037,0.533333,0.000000,0.000000,0.023140,0.026000,0.025307,0.000000,0.000000,4.000000,not_modeled_for_selection_amendment,reports/adversarial-failure-traces-a9.jsonl,"A9 executable pilot only. Each row pairs the same generated world, target bill, status quo, and vote-random seed across a no-attack baseline, a fixed-total-budget mixed portfolio, full-budget single-attack controls, and single-action controls at the mixed allocation. The three portfolios implement the combinations specified in the experiment plan: A1+A2, A3+A4, and A5+A6+A8. Interaction coefficients, resource conversion, review capacity, and recovery behavior are synthetic stress assumptions, not empirical coordination rates, not a general mechanism ranking, and not evidence for real-world institutional adoption."
20260455,A9,mixed_adversary_portfolio,mixed-adversary-portfolio,selection-amendment-benign,selection-amendment-a9-mixed,selection_amendment_pairwise_majority,clone-decoy-poison-pill,A1+A2,2,joint_attack_units,8,medium,5,101,60,300,11,115,123,43,43,64,0,0,0.036667,0.383333,0.410000,0.143333,0.046776,0.000000,0.315410,0.051893,0.000000,0.360632,-0.005117,0.000000,0.212908,0.143333,0.001936,0.000000,0.239635,0.213333,0.000000,0.000000,0.037960,0.052000,0.026693,0.000000,0.000000,8.000000,not_modeled_for_selection_amendment,reports/adversarial-failure-traces-a9.jsonl,"A9 executable pilot only. Each row pairs the same generated world, target bill, status quo, and vote-random seed across a no-attack baseline, a fixed-total-budget mixed portfolio, full-budget single-attack controls, and single-action controls at the mixed allocation. The three portfolios implement the combinations specified in the experiment plan: A1+A2, A3+A4, and A5+A6+A8. Interaction coefficients, resource conversion, review capacity, and recovery behavior are synthetic stress assumptions, not empirical coordination rates, not a general mechanism ranking, and not evidence for real-world institutional adoption."
20260455,A9,mixed_adversary_portfolio,mixed-adversary-portfolio,selection-amendment-benign,selection-amendment-a9-mixed,selection_amendment_pairwise_majority,clone-decoy-poison-pill,A1+A2,2,joint_attack_units,12,medium,5,101,60,300,7,101,105,23,23,19,0,0,0.023333,0.336667,0.350000,0.076667,0.038949,0.000000,0.420289,0.035219,0.000000,0.409622,0.003730,0.000000,0.420289,0.076667,-0.018298,0.000000,0.420289,0.063333,0.000000,0.000000,0.045240,0.078000,0.028600,0.000000,0.000000,12.000000,not_modeled_for_selection_amendment,reports/adversarial-failure-traces-a9.jsonl,"A9 executable pilot only. Each row pairs the same generated world, target bill, status quo, and vote-random seed across a no-attack baseline, a fixed-total-budget mixed portfolio, full-budget single-attack controls, and single-action controls at the mixed allocation. The three portfolios implement the combinations specified in the experiment plan: A1+A2, A3+A4, and A5+A6+A8. Interaction coefficients, resource conversion, review capacity, and recovery behavior are synthetic stress assumptions, not empirical coordination rates, not a general mechanism ranking, and not evidence for real-world institutional adoption."
20260455,A9,mixed_adversary_portfolio,mixed-adversary-portfolio,selection-amendment-benign,selection-amendment-a9-mixed,selection_amendment_pairwise_majority,clone-decoy-poison-pill,A1+A2,2,joint_attack_units,4,high,5,101,60,300,15,156,166,41,41,161,0,0,0.050000,0.520000,0.553333,0.136667,0.030683,0.030226,0.336144,0.041252,0.052069,0.309584,-0.010569,0.000000,0.210900,0.136667,0.012511,0.016425,0.210900,0.536667,0.000000,0.000000,0.022273,0.026000,0.022360,0.000000,0.000000,4.000000,not_modeled_for_selection_amendment,reports/adversarial-failure-traces-a9.jsonl,"A9 executable pilot only. Each row pairs the same generated world, target bill, status quo, and vote-random seed across a no-attack baseline, a fixed-total-budget mixed portfolio, full-budget single-attack controls, and single-action controls at the mixed allocation. The three portfolios implement the combinations specified in the experiment plan: A1+A2, A3+A4, and A5+A6+A8. Interaction coefficients, resource conversion, review capacity, and recovery behavior are synthetic stress assumptions, not empirical coordination rates, not a general mechanism ranking, and not evidence for real-world institutional adoption."
20260455,A9,mixed_adversary_portfolio,mixed-adversary-portfolio,selection-amendment-benign,selection-amendment-a9-mixed,selection_amendment_pairwise_majority,clone-decoy-poison-pill,A1+A2,2,joint_attack_units,8,high,5,101,60,300,17,118,117,43,43,59,0,0,0.056667,0.393333,0.390000,0.143333,0.045101,0.000000,0.251631,0.043138,0.000000,0.290519,0.001964,0.000000,0.188712,0.143333,0.000967,0.000000,0.188712,0.196667,0.000000,0.000000,0.037093,0.052000,0.024267,0.000000,0.000000,8.000000,not_modeled_for_selection_amendment,reports/adversarial-failure-traces-a9.jsonl,"A9 executable pilot only. Each row pairs the same generated world, target bill, status quo, and vote-random seed across a no-attack baseline, a fixed-total-budget mixed portfolio, full-budget single-attack controls, and single-action controls at the mixed allocation. The three portfolios implement the combinations specified in the experiment plan: A1+A2, A3+A4, and A5+A6+A8. Interaction coefficients, resource conversion, review capacity, and recovery behavior are synthetic stress assumptions, not empirical coordination rates, not a general mechanism ranking, and not evidence for real-world institutional adoption."
20260455,A9,mixed_adversary_portfolio,mixed-adversary-portfolio,selection-amendment-benign,selection-amendment-a9-mixed,selection_amendment_pairwise_majority,clone-decoy-poison-pill,A1+A2,2,joint_attack_units,12,high,5,101,60,300,2,87,109,18,18,17,0,0,0.006667,0.290000,0.363333,0.060000,0.035964,0.000000,0.419633,0.040038,0.000000,0.414456,-0.004073,0.000000,0.373506,0.060000,-0.021598,0.000000,0.301595,0.056667,0.000000,0.000000,0.042900,0.078000,0.028080,0.000000,0.000000,12.000000,not_modeled_for_selection_amendment,reports/adversarial-failure-traces-a9.jsonl,"A9 executable pilot only. Each row pairs the same generated world, target bill, status quo, and vote-random seed across a no-attack baseline, a fixed-total-budget mixed portfolio, full-budget single-attack controls, and single-action controls at the mixed allocation. The three portfolios implement the combinations specified in the experiment plan: A1+A2, A3+A4, and A5+A6+A8. Interaction coefficients, resource conversion, review capacity, and recovery behavior are synthetic stress assumptions, not empirical coordination rates, not a general mechanism ranking, and not evidence for real-world institutional adoption."
20260455,A9,mixed_adversary_portfolio,mixed-adversary-portfolio,public-input-harm-benign,public-input-harm-a9-mixed,public_input_harm_review_majority,astroturf-harm-claims,A3+A4,2,joint_attack_units,4,medium,5,101,60,300,4,10,7,4,4,0,190,9,0.013333,0.033333,0.023333,0.013333,0.006946,0.000000,0.545718,0.002834,0.000000,0.148562,0.004112,0.000000,0.545718,0.013333,0.000000,0.000000,0.000000,0.000000,0.633333,0.030000,0.146533,0.475000,0.133603,0.000000,0.000000,4.000000,same_case_review_only,reports/adversarial-failure-traces-a9.jsonl,"A9 executable pilot only. Each row pairs the same generated world, target bill, status quo, and vote-random seed across a no-attack baseline, a fixed-total-budget mixed portfolio, full-budget single-attack controls, and single-action controls at the mixed allocation. The three portfolios implement the combinations specified in the experiment plan: A1+A2, A3+A4, and A5+A6+A8. Interaction coefficients, resource conversion, review capacity, and recovery behavior are synthetic stress assumptions, not empirical coordination rates, not a general mechanism ranking, and not evidence for real-world institutional adoption."
20260455,A9,mixed_adversary_portfolio,mixed-adversary-portfolio,public-input-harm-benign,public-input-harm-a9-mixed,public_input_harm_review_majority,astroturf-harm-claims,A3+A4,2,joint_attack_units,8,medium,5,101,60,300,0,6,93,0,0,0,266,6,0.000000,0.020000,0.310000,0.000000,0.001659,0.000000,0.148562,0.151069,0.000000,0.720101,-0.149410,0.000000,0.000000,0.000000,-0.000062,0.000000,0.000000,0.000000,0.886667,0.020000,0.320550,0.595000,0.201353,0.000000,0.000000,8.000000,same_case_review_only,reports/adversarial-failure-traces-a9.jsonl,"A9 executable pilot only. Each row pairs the same generated world, target bill, status quo, and vote-random seed across a no-attack baseline, a fixed-total-budget mixed portfolio, full-budget single-attack controls, and single-action controls at the mixed allocation. The three portfolios implement the combinations specified in the experiment plan: A1+A2, A3+A4, and A5+A6+A8. Interaction coefficients, resource conversion, review capacity, and recovery behavior are synthetic stress assumptions, not empirical coordination rates, not a general mechanism ranking, and not evidence for real-world institutional adoption."
20260455,A9,mixed_adversary_portfolio,mixed-adversary-portfolio,public-input-harm-benign,public-input-harm-a9-mixed,public_input_harm_review_majority,astroturf-harm-claims,A3+A4,2,joint_attack_units,12,medium,5,101,60,300,5,17,94,5,5,5,298,17,0.016667,0.056667,0.313333,0.016667,0.006138,0.000000,0.283174,0.151142,0.000000,0.708843,-0.145004,0.000000,0.215895,0.016667,-0.136601,0.000000,0.215895,0.016667,0.993333,0.056667,0.490950,0.715000,0.296247,0.000000,0.000000,12.000000,same_case_review_only,reports/adversarial-failure-traces-a9.jsonl,"A9 executable pilot only. Each row pairs the same generated world, target bill, status quo, and vote-random seed across a no-attack baseline, a fixed-total-budget mixed portfolio, full-budget single-attack controls, and single-action controls at the mixed allocation. The three portfolios implement the combinations specified in the experiment plan: A1+A2, A3+A4, and A5+A6+A8. Interaction coefficients, resource conversion, review capacity, and recovery behavior are synthetic stress assumptions, not empirical coordination rates, not a general mechanism ranking, and not evidence for real-world institutional adoption."
20260455,A9,mixed_adversary_portfolio,mixed-adversary-portfolio,public-input-harm-benign,public-input-harm-a9-mixed,public_input_harm_review_majority,astroturf-harm-claims,A3+A4,2,joint_attack_units,4,high,5,101,60,300,2,9,16,2,2,0,198,8,0.006667,0.030000,0.053333,0.006667,0.005346,0.000000,0.535448,0.007261,0.000000,0.342883,-0.001915,0.000000,0.535448,0.006667,0.000000,0.000000,0.000000,0.000000,0.660000,0.026667,0.149050,0.475000,0.190993,0.000000,0.000000,4.000000,same_case_review_only,reports/adversarial-failure-traces-a9.jsonl,"A9 executable pilot only. Each row pairs the same generated world, target bill, status quo, and vote-random seed across a no-attack baseline, a fixed-total-budget mixed portfolio, full-budget single-attack controls, and single-action controls at the mixed allocation. The three portfolios implement the combinations specified in the experiment plan: A1+A2, A3+A4, and A5+A6+A8. Interaction coefficients, resource conversion, review capacity, and recovery behavior are synthetic stress assumptions, not empirical coordination rates, not a general mechanism ranking, and not evidence for real-world institutional adoption."
20260455,A9,mixed_adversary_portfolio,mixed-adversary-portfolio,public-input-harm-benign,public-input-harm-a9-mixed,public_input_harm_review_majority,astroturf-harm-claims,A3+A4,2,joint_attack_units,8,high,5,101,60,300,1,21,87,1,1,2,295,21,0.003333,0.070000,0.290000,0.003333,0.009332,0.000000,0.570040,0.130906,0.000000,0.655443,-0.121575,0.000000,0.066943,0.003333,0.001566,0.000000,0.570040,0.006667,0.983333,0.070000,0.392817,0.595000,0.200523,0.000000,0.000000,8.000000,same_case_review_only,reports/adversarial-failure-traces-a9.jsonl,"A9 executable pilot only. Each row pairs the same generated world, target bill, status quo, and vote-random seed across a no-attack baseline, a fixed-total-budget mixed portfolio, full-budget single-attack controls, and single-action controls at the mixed allocation. The three portfolios implement the combinations specified in the experiment plan: A1+A2, A3+A4, and A5+A6+A8. Interaction coefficients, resource conversion, review capacity, and recovery behavior are synthetic stress assumptions, not empirical coordination rates, not a general mechanism ranking, and not evidence for real-world institutional adoption."
20260455,A9,mixed_adversary_portfolio,mixed-adversary-portfolio,public-input-harm-benign,public-input-harm-a9-mixed,public_input_harm_review_majority,astroturf-harm-claims,A3+A4,2,joint_attack_units,12,high,5,101,60,300,0,18,88,0,0,0,299,17,0.000000,0.060000,0.293333,0.000000,0.009381,0.000000,0.543248,0.138282,0.000000,0.656098,-0.128901,0.000000,0.000000,0.000000,-0.126480,0.000000,0.000000,0.000000,0.996667,0.056667,0.488633,0.715000,0.296410,0.000000,0.000000,12.000000,same_case_review_only,reports/adversarial-failure-traces-a9.jsonl,"A9 executable pilot only. Each row pairs the same generated world, target bill, status quo, and vote-random seed across a no-attack baseline, a fixed-total-budget mixed portfolio, full-budget single-attack controls, and single-action controls at the mixed allocation. The three portfolios implement the combinations specified in the experiment plan: A1+A2, A3+A4, and A5+A6+A8. Interaction coefficients, resource conversion, review capacity, and recovery behavior are synthetic stress assumptions, not empirical coordination rates, not a general mechanism ranking, and not evidence for real-world institutional adoption."
20260455,A9,mixed_adversary_portfolio,mixed-adversary-portfolio,portfolio-capacity-benign,portfolio-capacity-a9-mixed,portfolio_capacity_capture_signal,flood-camouflage-support-distortion,A5+A6+A8,3,joint_attack_units,4,medium,5,101,60,300,0,158,197,0,0,3,300,158,0.000000,0.526667,0.656667,0.000000,0.276087,0.316808,0.728655,0.343774,0.464823,0.728655,-0.067687,0.000000,0.000000,0.000000,-0.030009,0.000000,0.599270,0.010000,1.000000,0.526667,5.927248,9.592341,5.341331,24.932673,61.003853,4.000000,capacity_recovered_outcomes_not_replayed,reports/adversarial-failure-traces-a9.jsonl,"A9 executable pilot only. Each row pairs the same generated world, target bill, status quo, and vote-random seed across a no-attack baseline, a fixed-total-budget mixed portfolio, full-budget single-attack controls, and single-action controls at the mixed allocation. The three portfolios implement the combinations specified in the experiment plan: A1+A2, A3+A4, and A5+A6+A8. Interaction coefficients, resource conversion, review capacity, and recovery behavior are synthetic stress assumptions, not empirical coordination rates, not a general mechanism ranking, and not evidence for real-world institutional adoption."
20260455,A9,mixed_adversary_portfolio,mixed-adversary-portfolio,portfolio-capacity-benign,portfolio-capacity-a9-mixed,portfolio_capacity_capture_signal,flood-camouflage-support-distortion,A5+A6+A8,3,joint_attack_units,8,medium,5,101,60,300,0,179,198,0,0,0,300,179,0.000000,0.596667,0.660000,0.000000,0.316796,0.443700,0.728655,0.348817,0.486127,0.728655,-0.032020,0.000000,0.000000,0.000000,-0.159405,0.000000,0.000000,0.000000,1.000000,0.596667,12.078226,20.251588,8.815386,70.687231,152.521707,8.000000,capacity_recovered_outcomes_not_replayed,reports/adversarial-failure-traces-a9.jsonl,"A9 executable pilot only. Each row pairs the same generated world, target bill, status quo, and vote-random seed across a no-attack baseline, a fixed-total-budget mixed portfolio, full-budget single-attack controls, and single-action controls at the mixed allocation. The three portfolios implement the combinations specified in the experiment plan: A1+A2, A3+A4, and A5+A6+A8. Interaction coefficients, resource conversion, review capacity, and recovery behavior are synthetic stress assumptions, not empirical coordination rates, not a general mechanism ranking, and not evidence for real-world institutional adoption."
20260455,A9,mixed_adversary_portfolio,mixed-adversary-portfolio,portfolio-capacity-benign,portfolio-capacity-a9-mixed,portfolio_capacity_capture_signal,flood-camouflage-support-distortion,A5+A6+A8,3,joint_attack_units,12,medium,5,101,60,300,0,186,204,0,0,2,300,186,0.000000,0.620000,0.680000,0.000000,0.327436,0.456739,0.728655,0.355532,0.484698,0.728655,-0.028096,0.000000,0.000000,0.000000,-0.220629,0.000000,0.560625,0.006667,1.000000,0.620000,18.464872,31.263398,15.483089,118.416620,246.955282,12.000000,capacity_recovered_outcomes_not_replayed,reports/adversarial-failure-traces-a9.jsonl,"A9 executable pilot only. Each row pairs the same generated world, target bill, status quo, and vote-random seed across a no-attack baseline, a fixed-total-budget mixed portfolio, full-budget single-attack controls, and single-action controls at the mixed allocation. The three portfolios implement the combinations specified in the experiment plan: A1+A2, A3+A4, and A5+A6+A8. Interaction coefficients, resource conversion, review capacity, and recovery behavior are synthetic stress assumptions, not empirical coordination rates, not a general mechanism ranking, and not evidence for real-world institutional adoption."
20260455,A9,mixed_adversary_portfolio,mixed-adversary-portfolio,portfolio-capacity-benign,portfolio-capacity-a9-mixed,portfolio_capacity_capture_signal,flood-camouflage-support-distortion,A5+A6+A8,3,joint_attack_units,4,high,5,101,60,300,0,171,206,0,0,1,300,171,0.000000,0.570000,0.686667,0.000000,0.298178,0.395700,0.728655,0.359586,0.488546,0.728655,-0.061408,0.000000,0.000000,0.000000,-0.053795,0.000000,0.488533,0.003333,1.000000,0.570000,7.429818,12.230060,5.916348,36.055121,83.625713,4.000000,capacity_recovered_outcomes_not_replayed,reports/adversarial-failure-traces-a9.jsonl,"A9 executable pilot only. Each row pairs the same generated world, target bill, status quo, and vote-random seed across a no-attack baseline, a fixed-total-budget mixed portfolio, full-budget single-attack controls, and single-action controls at the mixed allocation. The three portfolios implement the combinations specified in the experiment plan: A1+A2, A3+A4, and A5+A6+A8. Interaction coefficients, resource conversion, review capacity, and recovery behavior are synthetic stress assumptions, not empirical coordination rates, not a general mechanism ranking, and not evidence for real-world institutional adoption."
20260455,A9,mixed_adversary_portfolio,mixed-adversary-portfolio,portfolio-capacity-benign,portfolio-capacity-a9-mixed,portfolio_capacity_capture_signal,flood-camouflage-support-distortion,A5+A6+A8,3,joint_attack_units,8,high,5,101,60,300,2,183,202,2,2,3,300,183,0.006667,0.610000,0.673333,0.006667,0.321647,0.426448,0.728655,0.352743,0.475156,0.728655,-0.031097,0.000000,0.524959,0.006667,-0.193449,0.000000,0.587754,0.010000,1.000000,0.610000,14.313404,24.128542,10.186206,87.434056,185.902865,8.000000,capacity_recovered_outcomes_not_replayed,reports/adversarial-failure-traces-a9.jsonl,"A9 executable pilot only. Each row pairs the same generated world, target bill, status quo, and vote-random seed across a no-attack baseline, a fixed-total-budget mixed portfolio, full-budget single-attack controls, and single-action controls at the mixed allocation. The three portfolios implement the combinations specified in the experiment plan: A1+A2, A3+A4, and A5+A6+A8. Interaction coefficients, resource conversion, review capacity, and recovery behavior are synthetic stress assumptions, not empirical coordination rates, not a general mechanism ranking, and not evidence for real-world institutional adoption."
20260455,A9,mixed_adversary_portfolio,mixed-adversary-portfolio,portfolio-capacity-benign,portfolio-capacity-a9-mixed,portfolio_capacity_capture_signal,flood-camouflage-support-distortion,A5+A6+A8,3,joint_attack_units,12,high,5,101,60,300,0,179,195,0,0,1,300,179,0.000000,0.596667,0.650000,0.000000,0.313943,0.403560,0.728655,0.338566,0.456224,0.728655,-0.024623,0.000000,0.000000,0.000000,-0.255524,0.000000,0.557426,0.003333,1.000000,0.596667,21.448329,36.439428,16.654267,140.848601,291.517203,12.000000,capacity_recovered_outcomes_not_replayed,reports/adversarial-failure-traces-a9.jsonl,"A9 executable pilot only. Each row pairs the same generated world, target bill, status quo, and vote-random seed across a no-attack baseline, a fixed-total-budget mixed portfolio, full-budget single-attack controls, and single-action controls at the mixed allocation. The three portfolios implement the combinations specified in the experiment plan: A1+A2, A3+A4, and A5+A6+A8. Interaction coefficients, resource conversion, review capacity, and recovery behavior are synthetic stress assumptions, not empirical coordination rates, not a general mechanism ranking, and not evidence for real-world institutional adoption."
20260456,A9,mixed_adversary_portfolio,mixed-adversary-portfolio,selection-amendment-benign,selection-amendment-a9-mixed,selection_amendment_pairwise_majority,clone-decoy-poison-pill,A1+A2,2,joint_attack_units,4,medium,5,101,60,300,10,220,232,28,28,216,0,0,0.033333,0.733333,0.773333,0.093333,0.033829,0.032259,0.232156,0.050460,0.053133,0.231536,-0.016632,-0.020874,0.138097,0.093333,0.013570,0.018976,0.227179,0.720000,0.000000,0.000000,0.021753,0.026000,0.035013,0.000000,0.000000,4.000000,not_modeled_for_selection_amendment,reports/adversarial-failure-traces-a9.jsonl,"A9 executable pilot only. Each row pairs the same generated world, target bill, status quo, and vote-random seed across a no-attack baseline, a fixed-total-budget mixed portfolio, full-budget single-attack controls, and single-action controls at the mixed allocation. The three portfolios implement the combinations specified in the experiment plan: A1+A2, A3+A4, and A5+A6+A8. Interaction coefficients, resource conversion, review capacity, and recovery behavior are synthetic stress assumptions, not empirical coordination rates, not a general mechanism ranking, and not evidence for real-world institutional adoption."
20260456,A9,mixed_adversary_portfolio,mixed-adversary-portfolio,selection-amendment-benign,selection-amendment-a9-mixed,selection_amendment_pairwise_majority,clone-decoy-poison-pill,A1+A2,2,joint_attack_units,8,medium,5,101,60,300,27,153,139,58,58,116,0,0,0.090000,0.510000,0.463333,0.193333,0.068164,0.023532,0.287780,0.059530,0.004473,0.277661,0.008634,0.000000,0.236507,0.193333,0.017366,0.000000,0.240424,0.386667,0.000000,0.000000,0.031720,0.052000,0.020453,0.000000,0.000000,8.000000,not_modeled_for_selection_amendment,reports/adversarial-failure-traces-a9.jsonl,"A9 executable pilot only. Each row pairs the same generated world, target bill, status quo, and vote-random seed across a no-attack baseline, a fixed-total-budget mixed portfolio, full-budget single-attack controls, and single-action controls at the mixed allocation. The three portfolios implement the combinations specified in the experiment plan: A1+A2, A3+A4, and A5+A6+A8. Interaction coefficients, resource conversion, review capacity, and recovery behavior are synthetic stress assumptions, not empirical coordination rates, not a general mechanism ranking, and not evidence for real-world institutional adoption."
20260456,A9,mixed_adversary_portfolio,mixed-adversary-portfolio,selection-amendment-benign,selection-amendment-a9-mixed,selection_amendment_pairwise_majority,clone-decoy-poison-pill,A1+A2,2,joint_attack_units,12,medium,5,101,60,300,1,110,121,6,6,27,0,0,0.003333,0.366667,0.403333,0.020000,0.042709,0.000000,0.336922,0.045480,0.000000,0.298653,-0.002771,0.000000,0.290333,0.020000,-0.034356,0.000000,0.182710,0.090000,0.000000,0.000000,0.020800,0.078000,0.016120,0.000000,0.000000,12.000000,not_modeled_for_selection_amendment,reports/adversarial-failure-traces-a9.jsonl,"A9 executable pilot only. Each row pairs the same generated world, target bill, status quo, and vote-random seed across a no-attack baseline, a fixed-total-budget mixed portfolio, full-budget single-attack controls, and single-action controls at the mixed allocation. The three portfolios implement the combinations specified in the experiment plan: A1+A2, A3+A4, and A5+A6+A8. Interaction coefficients, resource conversion, review capacity, and recovery behavior are synthetic stress assumptions, not empirical coordination rates, not a general mechanism ranking, and not evidence for real-world institutional adoption."
20260456,A9,mixed_adversary_portfolio,mixed-adversary-portfolio,selection-amendment-benign,selection-amendment-a9-mixed,selection_amendment_pairwise_majority,clone-decoy-poison-pill,A1+A2,2,joint_attack_units,4,high,5,101,60,300,18,199,198,31,31,196,0,0,0.060000,0.663333,0.660000,0.103333,0.029933,0.032259,0.250923,0.041374,0.053133,0.250923,-0.011441,-0.017778,0.220424,0.103333,0.011881,0.018976,0.152201,0.653333,0.000000,0.000000,0.021147,0.026000,0.029120,0.000000,0.000000,4.000000,not_modeled_for_selection_amendment,reports/adversarial-failure-traces-a9.jsonl,"A9 executable pilot only. Each row pairs the same generated world, target bill, status quo, and vote-random seed across a no-attack baseline, a fixed-total-budget mixed portfolio, full-budget single-attack controls, and single-action controls at the mixed allocation. The three portfolios implement the combinations specified in the experiment plan: A1+A2, A3+A4, and A5+A6+A8. Interaction coefficients, resource conversion, review capacity, and recovery behavior are synthetic stress assumptions, not empirical coordination rates, not a general mechanism ranking, and not evidence for real-world institutional adoption."
20260456,A9,mixed_adversary_portfolio,mixed-adversary-portfolio,selection-amendment-benign,selection-amendment-a9-mixed,selection_amendment_pairwise_majority,clone-decoy-poison-pill,A1+A2,2,joint_attack_units,8,high,5,101,60,300,27,132,116,49,49,99,0,0,0.090000,0.440000,0.386667,0.163333,0.056703,0.000000,0.321351,0.048830,0.000000,0.353921,0.007873,0.000000,0.321351,0.163333,0.011554,0.000000,0.321351,0.330000,0.000000,0.000000,0.029640,0.052000,0.016640,0.000000,0.000000,8.000000,not_modeled_for_selection_amendment,reports/adversarial-failure-traces-a9.jsonl,"A9 executable pilot only. Each row pairs the same generated world, target bill, status quo, and vote-random seed across a no-attack baseline, a fixed-total-budget mixed portfolio, full-budget single-attack controls, and single-action controls at the mixed allocation. The three portfolios implement the combinations specified in the experiment plan: A1+A2, A3+A4, and A5+A6+A8. Interaction coefficients, resource conversion, review capacity, and recovery behavior are synthetic stress assumptions, not empirical coordination rates, not a general mechanism ranking, and not evidence for real-world institutional adoption."
20260456,A9,mixed_adversary_portfolio,mixed-adversary-portfolio,selection-amendment-benign,selection-amendment-a9-mixed,selection_amendment_pairwise_majority,clone-decoy-poison-pill,A1+A2,2,joint_attack_units,12,high,5,101,60,300,1,97,110,3,3,19,0,0,0.003333,0.323333,0.366667,0.010000,0.036320,0.000000,0.369846,0.040724,0.000000,0.304406,-0.004404,0.000000,0.369846,0.010000,-0.031754,0.000000,0.245727,0.063333,0.000000,0.000000,0.020540,0.078000,0.017160,0.000000,0.000000,12.000000,not_modeled_for_selection_amendment,reports/adversarial-failure-traces-a9.jsonl,"A9 executable pilot only. Each row pairs the same generated world, target bill, status quo, and vote-random seed across a no-attack baseline, a fixed-total-budget mixed portfolio, full-budget single-attack controls, and single-action controls at the mixed allocation. The three portfolios implement the combinations specified in the experiment plan: A1+A2, A3+A4, and A5+A6+A8. Interaction coefficients, resource conversion, review capacity, and recovery behavior are synthetic stress assumptions, not empirical coordination rates, not a general mechanism ranking, and not evidence for real-world institutional adoption."
20260456,A9,mixed_adversary_portfolio,mixed-adversary-portfolio,public-input-harm-benign,public-input-harm-a9-mixed,public_input_harm_review_majority,astroturf-harm-claims,A3+A4,2,joint_attack_units,4,medium,5,101,60,300,6,6,0,7,7,3,191,6,0.020000,0.020000,0.000000,0.023333,0.008515,0.000000,0.579874,0.000388,0.000000,0.041669,0.008126,0.000000,0.579874,0.023333,0.003966,0.000000,0.579874,0.010000,0.636667,0.020000,0.133550,0.475000,0.132267,0.000000,0.000000,4.000000,same_case_review_only,reports/adversarial-failure-traces-a9.jsonl,"A9 executable pilot only. Each row pairs the same generated world, target bill, status quo, and vote-random seed across a no-attack baseline, a fixed-total-budget mixed portfolio, full-budget single-attack controls, and single-action controls at the mixed allocation. The three portfolios implement the combinations specified in the experiment plan: A1+A2, A3+A4, and A5+A6+A8. Interaction coefficients, resource conversion, review capacity, and recovery behavior are synthetic stress assumptions, not empirical coordination rates, not a general mechanism ranking, and not evidence for real-world institutional adoption."
20260456,A9,mixed_adversary_portfolio,mixed-adversary-portfolio,public-input-harm-benign,public-input-harm-a9-mixed,public_input_harm_review_majority,astroturf-harm-claims,A3+A4,2,joint_attack_units,8,medium,5,101,60,300,1,5,91,1,1,2,267,5,0.003333,0.016667,0.303333,0.003333,0.003594,0.000000,0.535448,0.145966,0.000000,0.648697,-0.142372,0.000000,0.067671,0.003333,0.000651,0.000000,0.535448,0.006667,0.890000,0.016667,0.319967,0.595000,0.210323,0.000000,0.000000,8.000000,same_case_review_only,reports/adversarial-failure-traces-a9.jsonl,"A9 executable pilot only. Each row pairs the same generated world, target bill, status quo, and vote-random seed across a no-attack baseline, a fixed-total-budget mixed portfolio, full-budget single-attack controls, and single-action controls at the mixed allocation. The three portfolios implement the combinations specified in the experiment plan: A1+A2, A3+A4, and A5+A6+A8. Interaction coefficients, resource conversion, review capacity, and recovery behavior are synthetic stress assumptions, not empirical coordination rates, not a general mechanism ranking, and not evidence for real-world institutional adoption."
20260456,A9,mixed_adversary_portfolio,mixed-adversary-portfolio,public-input-harm-benign,public-input-harm-a9-mixed,public_input_harm_review_majority,astroturf-harm-claims,A3+A4,2,joint_attack_units,12,medium,5,101,60,300,3,14,86,3,3,3,300,14,0.010000,0.046667,0.286667,0.010000,0.007837,0.000000,0.535448,0.139361,0.000000,0.663834,-0.131524,0.000000,0.341545,0.010000,-0.129305,0.000000,0.341545,0.010000,1.000000,0.046667,0.501267,0.715000,0.308337,0.000000,0.000000,12.000000,same_case_review_only,reports/adversarial-failure-traces-a9.jsonl,"A9 executable pilot only. Each row pairs the same generated world, target bill, status quo, and vote-random seed across a no-attack baseline, a fixed-total-budget mixed portfolio, full-budget single-attack controls, and single-action controls at the mixed allocation. The three portfolios implement the combinations specified in the experiment plan: A1+A2, A3+A4, and A5+A6+A8. Interaction coefficients, resource conversion, review capacity, and recovery behavior are synthetic stress assumptions, not empirical coordination rates, not a general mechanism ranking, and not evidence for real-world institutional adoption."
20260456,A9,mixed_adversary_portfolio,mixed-adversary-portfolio,public-input-harm-benign,public-input-harm-a9-mixed,public_input_harm_review_majority,astroturf-harm-claims,A3+A4,2,joint_attack_units,4,high,5,101,60,300,2,5,14,2,2,1,201,5,0.006667,0.016667,0.046667,0.006667,0.003990,0.000000,0.535448,0.008753,0.000000,0.410051,-0.004763,0.000000,0.535448,0.006667,0.001368,0.000000,0.535448,0.003333,0.670000,0.016667,0.145400,0.475000,0.194483,0.000000,0.000000,4.000000,same_case_review_only,reports/adversarial-failure-traces-a9.jsonl,"A9 executable pilot only. Each row pairs the same generated world, target bill, status quo, and vote-random seed across a no-attack baseline, a fixed-total-budget mixed portfolio, full-budget single-attack controls, and single-action controls at the mixed allocation. The three portfolios implement the combinations specified in the experiment plan: A1+A2, A3+A4, and A5+A6+A8. Interaction coefficients, resource conversion, review capacity, and recovery behavior are synthetic stress assumptions, not empirical coordination rates, not a general mechanism ranking, and not evidence for real-world institutional adoption."
20260456,A9,mixed_adversary_portfolio,mixed-adversary-portfolio,public-input-harm-benign,public-input-harm-a9-mixed,public_input_harm_review_majority,astroturf-harm-claims,A3+A4,2,joint_attack_units,8,high,5,101,60,300,2,16,84,2,2,3,297,16,0.006667,0.053333,0.280000,0.006667,0.008637,0.000000,0.411394,0.131636,0.000000,0.705327,-0.122999,0.000000,0.211344,0.006667,-0.000345,0.000000,0.401248,0.010000,0.990000,0.053333,0.381250,0.595000,0.209077,0.000000,0.000000,8.000000,same_case_review_only,reports/adversarial-failure-traces-a9.jsonl,"A9 executable pilot only. Each row pairs the same generated world, target bill, status quo, and vote-random seed across a no-attack baseline, a fixed-total-budget mixed portfolio, full-budget single-attack controls, and single-action controls at the mixed allocation. The three portfolios implement the combinations specified in the experiment plan: A1+A2, A3+A4, and A5+A6+A8. Interaction coefficients, resource conversion, review capacity, and recovery behavior are synthetic stress assumptions, not empirical coordination rates, not a general mechanism ranking, and not evidence for real-world institutional adoption."
20260456,A9,mixed_adversary_portfolio,mixed-adversary-portfolio,public-input-harm-benign,public-input-harm-a9-mixed,public_input_harm_review_majority,astroturf-harm-claims,A3+A4,2,joint_attack_units,12,high,5,101,60,300,4,14,92,5,5,5,299,13,0.013333,0.046667,0.306667,0.016667,0.009269,0.000000,0.410051,0.146466,0.000000,0.663834,-0.137197,0.000000,0.410051,0.016667,-0.135265,0.000000,0.410051,0.016667,0.996667,0.043333,0.500083,0.715000,0.303967,0.000000,0.000000,12.000000,same_case_review_only,reports/adversarial-failure-traces-a9.jsonl,"A9 executable pilot only. Each row pairs the same generated world, target bill, status quo, and vote-random seed across a no-attack baseline, a fixed-total-budget mixed portfolio, full-budget single-attack controls, and single-action controls at the mixed allocation. The three portfolios implement the combinations specified in the experiment plan: A1+A2, A3+A4, and A5+A6+A8. Interaction coefficients, resource conversion, review capacity, and recovery behavior are synthetic stress assumptions, not empirical coordination rates, not a general mechanism ranking, and not evidence for real-world institutional adoption."
20260456,A9,mixed_adversary_portfolio,mixed-adversary-portfolio,portfolio-capacity-benign,portfolio-capacity-a9-mixed,portfolio_capacity_capture_signal,flood-camouflage-support-distortion,A5+A6+A8,3,joint_attack_units,4,medium,5,101,60,300,0,155,197,0,0,1,300,155,0.000000,0.516667,0.656667,0.000000,0.266557,0.285217,0.721836,0.342254,0.459597,0.721836,-0.075697,0.000000,0.000000,0.000000,-0.062416,0.000000,0.537131,0.003333,1.000000,0.516667,5.937010,9.625170,5.555506,25.015921,61.403275,4.000000,capacity_recovered_outcomes_not_replayed,reports/adversarial-failure-traces-a9.jsonl,"A9 executable pilot only. Each row pairs the same generated world, target bill, status quo, and vote-random seed across a no-attack baseline, a fixed-total-budget mixed portfolio, full-budget single-attack controls, and single-action controls at the mixed allocation. The three portfolios implement the combinations specified in the experiment plan: A1+A2, A3+A4, and A5+A6+A8. Interaction coefficients, resource conversion, review capacity, and recovery behavior are synthetic stress assumptions, not empirical coordination rates, not a general mechanism ranking, and not evidence for real-world institutional adoption."
20260456,A9,mixed_adversary_portfolio,mixed-adversary-portfolio,portfolio-capacity-benign,portfolio-capacity-a9-mixed,portfolio_capacity_capture_signal,flood-camouflage-support-distortion,A5+A6+A8,3,joint_attack_units,8,medium,5,101,60,300,1,181,206,1,1,5,300,181,0.003333,0.603333,0.686667,0.003333,0.313064,0.414319,0.721836,0.357502,0.485656,0.721836,-0.044438,0.000000,0.557610,0.003333,-0.150940,0.000000,0.606986,0.016667,1.000000,0.603333,12.095113,20.383085,8.354832,70.774531,152.814691,8.000000,capacity_recovered_outcomes_not_replayed,reports/adversarial-failure-traces-a9.jsonl,"A9 executable pilot only. Each row pairs the same generated world, target bill, status quo, and vote-random seed across a no-attack baseline, a fixed-total-budget mixed portfolio, full-budget single-attack controls, and single-action controls at the mixed allocation. The three portfolios implement the combinations specified in the experiment plan: A1+A2, A3+A4, and A5+A6+A8. Interaction coefficients, resource conversion, review capacity, and recovery behavior are synthetic stress assumptions, not empirical coordination rates, not a general mechanism ranking, and not evidence for real-world institutional adoption."
20260456,A9,mixed_adversary_portfolio,mixed-adversary-portfolio,portfolio-capacity-benign,portfolio-capacity-a9-mixed,portfolio_capacity_capture_signal,flood-camouflage-support-distortion,A5+A6+A8,3,joint_attack_units,12,medium,5,101,60,300,0,187,205,0,0,3,300,187,0.000000,0.623333,0.683333,0.000000,0.325133,0.428713,0.721836,0.356801,0.485656,0.721836,-0.031669,0.000000,0.000000,0.000000,-0.255548,0.000000,0.580442,0.010000,1.000000,0.623333,18.479700,31.448773,13.833648,118.504706,247.093683,12.000000,capacity_recovered_outcomes_not_replayed,reports/adversarial-failure-traces-a9.jsonl,"A9 executable pilot only. Each row pairs the same generated world, target bill, status quo, and vote-random seed across a no-attack baseline, a fixed-total-budget mixed portfolio, full-budget single-attack controls, and single-action controls at the mixed allocation. The three portfolios implement the combinations specified in the experiment plan: A1+A2, A3+A4, and A5+A6+A8. Interaction coefficients, resource conversion, review capacity, and recovery behavior are synthetic stress assumptions, not empirical coordination rates, not a general mechanism ranking, and not evidence for real-world institutional adoption."
20260456,A9,mixed_adversary_portfolio,mixed-adversary-portfolio,portfolio-capacity-benign,portfolio-capacity-a9-mixed,portfolio_capacity_capture_signal,flood-camouflage-support-distortion,A5+A6+A8,3,joint_attack_units,4,high,5,101,60,300,1,162,202,1,1,4,300,162,0.003333,0.540000,0.673333,0.003333,0.278155,0.345535,0.721836,0.350697,0.453957,0.721836,-0.072542,0.000000,0.530973,0.003333,-0.058810,0.000000,0.577496,0.013333,1.000000,0.540000,7.451083,12.271806,4.375857,36.206677,84.032589,4.000000,capacity_recovered_outcomes_not_replayed,reports/adversarial-failure-traces-a9.jsonl,"A9 executable pilot only. Each row pairs the same generated world, target bill, status quo, and vote-random seed across a no-attack baseline, a fixed-total-budget mixed portfolio, full-budget single-attack controls, and single-action controls at the mixed allocation. The three portfolios implement the combinations specified in the experiment plan: A1+A2, A3+A4, and A5+A6+A8. Interaction coefficients, resource conversion, review capacity, and recovery behavior are synthetic stress assumptions, not empirical coordination rates, not a general mechanism ranking, and not evidence for real-world institutional adoption."
20260456,A9,mixed_adversary_portfolio,mixed-adversary-portfolio,portfolio-capacity-benign,portfolio-capacity-a9-mixed,portfolio_capacity_capture_signal,flood-camouflage-support-distortion,A5+A6+A8,3,joint_attack_units,8,high,5,101,60,300,2,187,204,2,2,2,300,187,0.006667,0.623333,0.680000,0.006667,0.327128,0.434439,0.721836,0.355296,0.492836,0.721836,-0.028169,0.000000,0.558437,0.006667,-0.195407,0.000000,0.558437,0.006667,1.000000,0.623333,14.343561,24.286866,10.057283,87.610783,186.108107,8.000000,capacity_recovered_outcomes_not_replayed,reports/adversarial-failure-traces-a9.jsonl,"A9 executable pilot only. Each row pairs the same generated world, target bill, status quo, and vote-random seed across a no-attack baseline, a fixed-total-budget mixed portfolio, full-budget single-attack controls, and single-action controls at the mixed allocation. The three portfolios implement the combinations specified in the experiment plan: A1+A2, A3+A4, and A5+A6+A8. Interaction coefficients, resource conversion, review capacity, and recovery behavior are synthetic stress assumptions, not empirical coordination rates, not a general mechanism ranking, and not evidence for real-world institutional adoption."
20260456,A9,mixed_adversary_portfolio,mixed-adversary-portfolio,portfolio-capacity-benign,portfolio-capacity-a9-mixed,portfolio_capacity_capture_signal,flood-camouflage-support-distortion,A5+A6+A8,3,joint_attack_units,12,high,5,101,60,300,1,191,202,1,1,3,300,191,0.003333,0.636667,0.673333,0.003333,0.334795,0.445709,0.721836,0.352868,0.494473,0.721836,-0.018074,0.000000,0.583801,0.003333,-0.259058,0.000000,0.608715,0.010000,1.000000,0.636667,21.485840,36.661826,15.573424,141.056440,291.532024,12.000000,capacity_recovered_outcomes_not_replayed,reports/adversarial-failure-traces-a9.jsonl,"A9 executable pilot only. Each row pairs the same generated world, target bill, status quo, and vote-random seed across a no-attack baseline, a fixed-total-budget mixed portfolio, full-budget single-attack controls, and single-action controls at the mixed allocation. The three portfolios implement the combinations specified in the experiment plan: A1+A2, A3+A4, and A5+A6+A8. Interaction coefficients, resource conversion, review capacity, and recovery behavior are synthetic stress assumptions, not empirical coordination rates, not a general mechanism ranking, and not evidence for real-world institutional adoption."
20260457,A9,mixed_adversary_portfolio,mixed-adversary-portfolio,selection-amendment-benign,selection-amendment-a9-mixed,selection_amendment_pairwise_majority,clone-decoy-poison-pill,A1+A2,2,joint_attack_units,4,medium,5,101,60,300,11,205,212,27,27,202,0,0,0.036667,0.683333,0.706667,0.090000,0.031447,0.032259,0.279785,0.044789,0.053133,0.279785,-0.013342,-0.017890,0.147647,0.090000,0.012774,0.018976,0.137897,0.673333,0.000000,0.000000,0.022620,0.026000,0.032240,0.000000,0.000000,4.000000,not_modeled_for_selection_amendment,reports/adversarial-failure-traces-a9.jsonl,"A9 executable pilot only. Each row pairs the same generated world, target bill, status quo, and vote-random seed across a no-attack baseline, a fixed-total-budget mixed portfolio, full-budget single-attack controls, and single-action controls at the mixed allocation. The three portfolios implement the combinations specified in the experiment plan: A1+A2, A3+A4, and A5+A6+A8. Interaction coefficients, resource conversion, review capacity, and recovery behavior are synthetic stress assumptions, not empirical coordination rates, not a general mechanism ranking, and not evidence for real-world institutional adoption."
20260457,A9,mixed_adversary_portfolio,mixed-adversary-portfolio,selection-amendment-benign,selection-amendment-a9-mixed,selection_amendment_pairwise_majority,clone-decoy-poison-pill,A1+A2,2,joint_attack_units,8,medium,5,101,60,300,19,132,125,41,41,92,0,0,0.063333,0.440000,0.416667,0.136667,0.054715,0.000000,0.279785,0.055928,0.000000,0.279785,-0.001213,0.000000,0.275475,0.136667,0.006131,0.000000,0.226652,0.306667,0.000000,0.000000,0.034320,0.052000,0.026347,0.000000,0.000000,8.000000,not_modeled_for_selection_amendment,reports/adversarial-failure-traces-a9.jsonl,"A9 executable pilot only. Each row pairs the same generated world, target bill, status quo, and vote-random seed across a no-attack baseline, a fixed-total-budget mixed portfolio, full-budget single-attack controls, and single-action controls at the mixed allocation. The three portfolios implement the combinations specified in the experiment plan: A1+A2, A3+A4, and A5+A6+A8. Interaction coefficients, resource conversion, review capacity, and recovery behavior are synthetic stress assumptions, not empirical coordination rates, not a general mechanism ranking, and not evidence for real-world institutional adoption."
20260457,A9,mixed_adversary_portfolio,mixed-adversary-portfolio,selection-amendment-benign,selection-amendment-a9-mixed,selection_amendment_pairwise_majority,clone-decoy-poison-pill,A1+A2,2,joint_attack_units,12,medium,5,101,60,300,3,110,121,13,13,20,0,0,0.010000,0.366667,0.403333,0.043333,0.042153,0.000000,0.410065,0.041262,0.000000,0.378431,0.000891,0.000000,0.352807,0.043333,-0.027260,0.000000,0.290516,0.066667,0.000000,0.000000,0.042640,0.078000,0.030160,0.000000,0.000000,12.000000,not_modeled_for_selection_amendment,reports/adversarial-failure-traces-a9.jsonl,"A9 executable pilot only. Each row pairs the same generated world, target bill, status quo, and vote-random seed across a no-attack baseline, a fixed-total-budget mixed portfolio, full-budget single-attack controls, and single-action controls at the mixed allocation. The three portfolios implement the combinations specified in the experiment plan: A1+A2, A3+A4, and A5+A6+A8. Interaction coefficients, resource conversion, review capacity, and recovery behavior are synthetic stress assumptions, not empirical coordination rates, not a general mechanism ranking, and not evidence for real-world institutional adoption."
20260457,A9,mixed_adversary_portfolio,mixed-adversary-portfolio,selection-amendment-benign,selection-amendment-a9-mixed,selection_amendment_pairwise_majority,clone-decoy-poison-pill,A1+A2,2,joint_attack_units,4,high,5,101,60,300,16,197,195,26,26,197,0,0,0.053333,0.656667,0.650000,0.086667,0.027257,0.032259,0.155663,0.040005,0.052972,0.230547,-0.012749,-0.009943,0.102287,0.086667,0.012069,0.018976,0.104713,0.656667,0.000000,0.000000,0.021927,0.026000,0.030680,0.000000,0.000000,4.000000,not_modeled_for_selection_amendment,reports/adversarial-failure-traces-a9.jsonl,"A9 executable pilot only. Each row pairs the same generated world, target bill, status quo, and vote-random seed across a no-attack baseline, a fixed-total-budget mixed portfolio, full-budget single-attack controls, and single-action controls at the mixed allocation. The three portfolios implement the combinations specified in the experiment plan: A1+A2, A3+A4, and A5+A6+A8. Interaction coefficients, resource conversion, review capacity, and recovery behavior are synthetic stress assumptions, not empirical coordination rates, not a general mechanism ranking, and not evidence for real-world institutional adoption."
20260457,A9,mixed_adversary_portfolio,mixed-adversary-portfolio,selection-amendment-benign,selection-amendment-a9-mixed,selection_amendment_pairwise_majority,clone-decoy-poison-pill,A1+A2,2,joint_attack_units,8,high,5,101,60,300,24,130,123,43,43,81,0,0,0.080000,0.433333,0.410000,0.143333,0.051160,0.000000,0.294633,0.047626,0.000000,0.237080,0.003534,0.000000,0.269687,0.143333,0.003978,0.000000,0.203374,0.270000,0.000000,0.000000,0.032933,0.052000,0.025307,0.000000,0.000000,8.000000,not_modeled_for_selection_amendment,reports/adversarial-failure-traces-a9.jsonl,"A9 executable pilot only. Each row pairs the same generated world, target bill, status quo, and vote-random seed across a no-attack baseline, a fixed-total-budget mixed portfolio, full-budget single-attack controls, and single-action controls at the mixed allocation. The three portfolios implement the combinations specified in the experiment plan: A1+A2, A3+A4, and A5+A6+A8. Interaction coefficients, resource conversion, review capacity, and recovery behavior are synthetic stress assumptions, not empirical coordination rates, not a general mechanism ranking, and not evidence for real-world institutional adoption."
20260457,A9,mixed_adversary_portfolio,mixed-adversary-portfolio,selection-amendment-benign,selection-amendment-a9-mixed,selection_amendment_pairwise_majority,clone-decoy-poison-pill,A1+A2,2,joint_attack_units,12,high,5,101,60,300,5,107,116,9,9,8,0,0,0.016667,0.356667,0.386667,0.030000,0.034921,0.000000,0.315069,0.042563,0.000000,0.447560,-0.007641,0.000000,0.241524,0.030000,-0.035156,0.000000,0.195520,0.026667,0.000000,0.000000,0.041860,0.078000,0.031720,0.000000,0.000000,12.000000,not_modeled_for_selection_amendment,reports/adversarial-failure-traces-a9.jsonl,"A9 executable pilot only. Each row pairs the same generated world, target bill, status quo, and vote-random seed across a no-attack baseline, a fixed-total-budget mixed portfolio, full-budget single-attack controls, and single-action controls at the mixed allocation. The three portfolios implement the combinations specified in the experiment plan: A1+A2, A3+A4, and A5+A6+A8. Interaction coefficients, resource conversion, review capacity, and recovery behavior are synthetic stress assumptions, not empirical coordination rates, not a general mechanism ranking, and not evidence for real-world institutional adoption."
20260457,A9,mixed_adversary_portfolio,mixed-adversary-portfolio,public-input-harm-benign,public-input-harm-a9-mixed,public_input_harm_review_majority,astroturf-harm-claims,A3+A4,2,joint_attack_units,4,medium,5,101,60,300,6,7,3,6,6,4,196,7,0.020000,0.023333,0.010000,0.020000,0.009345,0.000000,0.535448,0.001828,0.000000,0.109853,0.007517,0.000000,0.535448,0.020000,0.005652,0.000000,0.535448,0.013333,0.653333,0.023333,0.139517,0.475000,0.134973,0.000000,0.000000,4.000000,same_case_review_only,reports/adversarial-failure-traces-a9.jsonl,"A9 executable pilot only. Each row pairs the same generated world, target bill, status quo, and vote-random seed across a no-attack baseline, a fixed-total-budget mixed portfolio, full-budget single-attack controls, and single-action controls at the mixed allocation. The three portfolios implement the combinations specified in the experiment plan: A1+A2, A3+A4, and A5+A6+A8. Interaction coefficients, resource conversion, review capacity, and recovery behavior are synthetic stress assumptions, not empirical coordination rates, not a general mechanism ranking, and not evidence for real-world institutional adoption."
20260457,A9,mixed_adversary_portfolio,mixed-adversary-portfolio,public-input-harm-benign,public-input-harm-a9-mixed,public_input_harm_review_majority,astroturf-harm-claims,A3+A4,2,joint_attack_units,8,medium,5,101,60,300,0,5,102,0,0,0,273,5,0.000000,0.016667,0.340000,0.000000,0.002752,0.000000,0.401248,0.156026,0.000000,0.630978,-0.153273,0.000000,0.000000,0.000000,-0.000126,0.000000,0.000000,0.000000,0.910000,0.016667,0.321850,0.595000,0.202273,0.000000,0.000000,8.000000,same_case_review_only,reports/adversarial-failure-traces-a9.jsonl,"A9 executable pilot only. Each row pairs the same generated world, target bill, status quo, and vote-random seed across a no-attack baseline, a fixed-total-budget mixed portfolio, full-budget single-attack controls, and single-action controls at the mixed allocation. The three portfolios implement the combinations specified in the experiment plan: A1+A2, A3+A4, and A5+A6+A8. Interaction coefficients, resource conversion, review capacity, and recovery behavior are synthetic stress assumptions, not empirical coordination rates, not a general mechanism ranking, and not evidence for real-world institutional adoption."
20260457,A9,mixed_adversary_portfolio,mixed-adversary-portfolio,public-input-harm-benign,public-input-harm-a9-mixed,public_input_harm_review_majority,astroturf-harm-claims,A3+A4,2,joint_attack_units,12,medium,5,101,60,300,2,19,106,2,2,2,300,19,0.006667,0.063333,0.353333,0.006667,0.007854,0.000000,0.269318,0.164856,0.000000,0.721219,-0.157002,0.000000,0.252770,0.006667,-0.150744,0.000000,0.252770,0.006667,1.000000,0.063333,0.490183,0.715000,0.296093,0.000000,0.000000,12.000000,same_case_review_only,reports/adversarial-failure-traces-a9.jsonl,"A9 executable pilot only. Each row pairs the same generated world, target bill, status quo, and vote-random seed across a no-attack baseline, a fixed-total-budget mixed portfolio, full-budget single-attack controls, and single-action controls at the mixed allocation. The three portfolios implement the combinations specified in the experiment plan: A1+A2, A3+A4, and A5+A6+A8. Interaction coefficients, resource conversion, review capacity, and recovery behavior are synthetic stress assumptions, not empirical coordination rates, not a general mechanism ranking, and not evidence for real-world institutional adoption."
20260457,A9,mixed_adversary_portfolio,mixed-adversary-portfolio,public-input-harm-benign,public-input-harm-a9-mixed,public_input_harm_review_majority,astroturf-harm-claims,A3+A4,2,joint_attack_units,4,high,5,101,60,300,2,5,17,2,2,0,203,5,0.006667,0.016667,0.056667,0.006667,0.004027,0.000000,0.535448,0.007456,0.000000,0.269318,-0.003429,0.000000,0.535448,0.006667,0.000000,0.000000,0.000000,0.000000,0.676667,0.016667,0.153083,0.475000,0.190183,0.000000,0.000000,4.000000,same_case_review_only,reports/adversarial-failure-traces-a9.jsonl,"A9 executable pilot only. Each row pairs the same generated world, target bill, status quo, and vote-random seed across a no-attack baseline, a fixed-total-budget mixed portfolio, full-budget single-attack controls, and single-action controls at the mixed allocation. The three portfolios implement the combinations specified in the experiment plan: A1+A2, A3+A4, and A5+A6+A8. Interaction coefficients, resource conversion, review capacity, and recovery behavior are synthetic stress assumptions, not empirical coordination rates, not a general mechanism ranking, and not evidence for real-world institutional adoption."
20260457,A9,mixed_adversary_portfolio,mixed-adversary-portfolio,public-input-harm-benign,public-input-harm-a9-mixed,public_input_harm_review_majority,astroturf-harm-claims,A3+A4,2,joint_attack_units,8,high,5,101,60,300,4,16,101,4,4,4,298,16,0.013333,0.053333,0.336667,0.013333,0.007169,0.000000,0.269318,0.168349,0.000000,0.721219,-0.161180,0.000000,0.269318,0.013333,0.001590,0.000000,0.269318,0.013333,0.993333,0.053333,0.386767,0.595000,0.201430,0.000000,0.000000,8.000000,same_case_review_only,reports/adversarial-failure-traces-a9.jsonl,"A9 executable pilot only. Each row pairs the same generated world, target bill, status quo, and vote-random seed across a no-attack baseline, a fixed-total-budget mixed portfolio, full-budget single-attack controls, and single-action controls at the mixed allocation. The three portfolios implement the combinations specified in the experiment plan: A1+A2, A3+A4, and A5+A6+A8. Interaction coefficients, resource conversion, review capacity, and recovery behavior are synthetic stress assumptions, not empirical coordination rates, not a general mechanism ranking, and not evidence for real-world institutional adoption."
20260457,A9,mixed_adversary_portfolio,mixed-adversary-portfolio,public-input-harm-benign,public-input-harm-a9-mixed,public_input_harm_review_majority,astroturf-harm-claims,A3+A4,2,joint_attack_units,12,high,5,101,60,300,4,20,104,4,4,4,300,20,0.013333,0.066667,0.346667,0.013333,0.008383,0.000000,0.269318,0.166507,0.000000,0.721219,-0.158124,0.000000,0.252770,0.013333,-0.155824,0.000000,0.252770,0.013333,1.000000,0.066667,0.491250,0.715000,0.292610,0.000000,0.000000,12.000000,same_case_review_only,reports/adversarial-failure-traces-a9.jsonl,"A9 executable pilot only. Each row pairs the same generated world, target bill, status quo, and vote-random seed across a no-attack baseline, a fixed-total-budget mixed portfolio, full-budget single-attack controls, and single-action controls at the mixed allocation. The three portfolios implement the combinations specified in the experiment plan: A1+A2, A3+A4, and A5+A6+A8. Interaction coefficients, resource conversion, review capacity, and recovery behavior are synthetic stress assumptions, not empirical coordination rates, not a general mechanism ranking, and not evidence for real-world institutional adoption."
20260457,A9,mixed_adversary_portfolio,mixed-adversary-portfolio,portfolio-capacity-benign,portfolio-capacity-a9-mixed,portfolio_capacity_capture_signal,flood-camouflage-support-distortion,A5+A6+A8,3,joint_attack_units,4,medium,5,101,60,300,0,145,188,0,0,1,300,145,0.000000,0.483333,0.626667,0.000000,0.250146,0.000000,0.713168,0.325135,0.444282,0.736731,-0.074988,0.000000,0.000000,0.000000,-0.034196,0.000000,0.555810,0.003333,1.000000,0.483333,5.938436,9.643313,6.036603,25.091226,60.997633,4.000000,capacity_recovered_outcomes_not_replayed,reports/adversarial-failure-traces-a9.jsonl,"A9 executable pilot only. Each row pairs the same generated world, target bill, status quo, and vote-random seed across a no-attack baseline, a fixed-total-budget mixed portfolio, full-budget single-attack controls, and single-action controls at the mixed allocation. The three portfolios implement the combinations specified in the experiment plan: A1+A2, A3+A4, and A5+A6+A8. Interaction coefficients, resource conversion, review capacity, and recovery behavior are synthetic stress assumptions, not empirical coordination rates, not a general mechanism ranking, and not evidence for real-world institutional adoption."
20260457,A9,mixed_adversary_portfolio,mixed-adversary-portfolio,portfolio-capacity-benign,portfolio-capacity-a9-mixed,portfolio_capacity_capture_signal,flood-camouflage-support-distortion,A5+A6+A8,3,joint_attack_units,8,medium,5,101,60,300,3,182,208,3,3,5,300,182,0.010000,0.606667,0.693333,0.010000,0.315252,0.432465,0.713168,0.360899,0.480382,0.736731,-0.045647,0.000000,0.531929,0.010000,-0.134546,0.000000,0.595677,0.016667,1.000000,0.606667,12.099644,20.324712,13.589932,70.870576,152.707560,8.000000,capacity_recovered_outcomes_not_replayed,reports/adversarial-failure-traces-a9.jsonl,"A9 executable pilot only. Each row pairs the same generated world, target bill, status quo, and vote-random seed across a no-attack baseline, a fixed-total-budget mixed portfolio, full-budget single-attack controls, and single-action controls at the mixed allocation. The three portfolios implement the combinations specified in the experiment plan: A1+A2, A3+A4, and A5+A6+A8. Interaction coefficients, resource conversion, review capacity, and recovery behavior are synthetic stress assumptions, not empirical coordination rates, not a general mechanism ranking, and not evidence for real-world institutional adoption."
20260457,A9,mixed_adversary_portfolio,mixed-adversary-portfolio,portfolio-capacity-benign,portfolio-capacity-a9-mixed,portfolio_capacity_capture_signal,flood-camouflage-support-distortion,A5+A6+A8,3,joint_attack_units,12,medium,5,101,60,300,3,179,206,3,3,6,300,179,0.010000,0.596667,0.686667,0.010000,0.312204,0.430965,0.736731,0.357023,0.472862,0.736731,-0.044819,0.000000,0.610016,0.010000,-0.218940,0.000000,0.610016,0.020000,1.000000,0.596667,18.484707,31.352053,20.426153,118.593833,247.112503,12.000000,capacity_recovered_outcomes_not_replayed,reports/adversarial-failure-traces-a9.jsonl,"A9 executable pilot only. Each row pairs the same generated world, target bill, status quo, and vote-random seed across a no-attack baseline, a fixed-total-budget mixed portfolio, full-budget single-attack controls, and single-action controls at the mixed allocation. The three portfolios implement the combinations specified in the experiment plan: A1+A2, A3+A4, and A5+A6+A8. Interaction coefficients, resource conversion, review capacity, and recovery behavior are synthetic stress assumptions, not empirical coordination rates, not a general mechanism ranking, and not evidence for real-world institutional adoption."
20260457,A9,mixed_adversary_portfolio,mixed-adversary-portfolio,portfolio-capacity-benign,portfolio-capacity-a9-mixed,portfolio_capacity_capture_signal,flood-camouflage-support-distortion,A5+A6+A8,3,joint_attack_units,4,high,5,101,60,300,4,164,202,4,4,5,300,164,0.013333,0.546667,0.673333,0.013333,0.284111,0.390280,0.713168,0.351445,0.474539,0.736731,-0.067334,0.000000,0.555986,0.013333,-0.067267,0.000000,0.555986,0.016667,1.000000,0.546667,7.447484,12.283289,6.361956,36.226938,83.312351,4.000000,capacity_recovered_outcomes_not_replayed,reports/adversarial-failure-traces-a9.jsonl,"A9 executable pilot only. Each row pairs the same generated world, target bill, status quo, and vote-random seed across a no-attack baseline, a fixed-total-budget mixed portfolio, full-budget single-attack controls, and single-action controls at the mixed allocation. The three portfolios implement the combinations specified in the experiment plan: A1+A2, A3+A4, and A5+A6+A8. Interaction coefficients, resource conversion, review capacity, and recovery behavior are synthetic stress assumptions, not empirical coordination rates, not a general mechanism ranking, and not evidence for real-world institutional adoption."
20260457,A9,mixed_adversary_portfolio,mixed-adversary-portfolio,portfolio-capacity-benign,portfolio-capacity-a9-mixed,portfolio_capacity_capture_signal,flood-camouflage-support-distortion,A5+A6+A8,3,joint_attack_units,8,high,5,101,60,300,0,178,201,0,0,2,300,178,0.000000,0.593333,0.670000,0.000000,0.311102,0.425987,0.736731,0.350159,0.474757,0.736731,-0.039057,0.000000,0.000000,0.000000,-0.169215,0.000000,0.625657,0.006667,1.000000,0.593333,14.333449,24.208245,15.987843,87.617669,185.503989,8.000000,capacity_recovered_outcomes_not_replayed,reports/adversarial-failure-traces-a9.jsonl,"A9 executable pilot only. Each row pairs the same generated world, target bill, status quo, and vote-random seed across a no-attack baseline, a fixed-total-budget mixed portfolio, full-budget single-attack controls, and single-action controls at the mixed allocation. The three portfolios implement the combinations specified in the experiment plan: A1+A2, A3+A4, and A5+A6+A8. Interaction coefficients, resource conversion, review capacity, and recovery behavior are synthetic stress assumptions, not empirical coordination rates, not a general mechanism ranking, and not evidence for real-world institutional adoption."
20260457,A9,mixed_adversary_portfolio,mixed-adversary-portfolio,portfolio-capacity-benign,portfolio-capacity-a9-mixed,portfolio_capacity_capture_signal,flood-camouflage-support-distortion,A5+A6+A8,3,joint_attack_units,12,high,5,101,60,300,0,186,207,0,0,1,300,186,0.000000,0.620000,0.690000,0.000000,0.324817,0.441385,0.736731,0.359145,0.475982,0.736731,-0.034329,0.000000,0.000000,0.000000,-0.243016,0.000000,0.553603,0.003333,1.000000,0.620000,21.464235,36.533316,24.958229,141.021162,290.995169,12.000000,capacity_recovered_outcomes_not_replayed,reports/adversarial-failure-traces-a9.jsonl,"A9 executable pilot only. Each row pairs the same generated world, target bill, status quo, and vote-random seed across a no-attack baseline, a fixed-total-budget mixed portfolio, full-budget single-attack controls, and single-action controls at the mixed allocation. The three portfolios implement the combinations specified in the experiment plan: A1+A2, A3+A4, and A5+A6+A8. Interaction coefficients, resource conversion, review capacity, and recovery behavior are synthetic stress assumptions, not empirical coordination rates, not a general mechanism ranking, and not evidence for real-world institutional adoption."
