cycle,recipient,source_id,source_schedule,transaction_date,independent_expenditure,industry,amount,recipient_type,recipient_linkage_status,candidate_id,candidate_name,committee_id,committee_name,issue_context_status,mapped_topic,topic_introduced,topic_floor_considered,topic_enacted,mapping_basis,evidence_layers,missing_links,claim_boundary
2024,C00152272,4123020251299777846,A,2024-12-31,0,VP - FINANCE,156.18,committee,committee_metadata,,,C00152272,PLAINS COTTON COOPERATIVE ASSOCIATION EMPLOYEES' POLITICAL ACTION COMMITTEE,campaign_finance_issue_topic_context,Finance and Financial Sector,4,0,0,finance occupation label,openfec_transaction_label; campaign_finance_recipient_metadata; topic_throughput_policy_area,bill_id; committee_of_jurisdiction; outside_spending_target_review; legislative_outcome; complete_issue_ontology; private_contributor_details; causal_influence_or_capture_validation; model_validation,"Bounded public OpenFEC transaction-label to broad policy-topic context only; not bill-level influence, committee jurisdiction, outside-spending target beyond public FEC recipient IDs, legislative outcome, private contributor disclosure, causal capture validation, public benefit, or model validation."
2024,C00152272,4123020251299777845,A,2024-12-31,0,VP - MEMBER SERVICES,195.00,committee,committee_metadata,,,C00152272,PLAINS COTTON COOPERATIVE ASSOCIATION EMPLOYEES' POLITICAL ACTION COMMITTEE,unmapped_campaign_finance_label,,,,,unmapped_or_too_generic_label,openfec_transaction_label; campaign_finance_recipient_metadata,bill_id; committee_of_jurisdiction; outside_spending_target_review; legislative_outcome; complete_issue_ontology; private_contributor_details; causal_influence_or_capture_validation; model_validation,"Bounded public OpenFEC transaction-label to broad policy-topic context only; not bill-level influence, committee jurisdiction, outside-spending target beyond public FEC recipient IDs, legislative outcome, private contributor disclosure, causal capture validation, public benefit, or model validation."
2024,C00152272,4123020251299777844,A,2024-12-31,0,VICE-PRESIDENT,199.50,committee,committee_metadata,,,C00152272,PLAINS COTTON COOPERATIVE ASSOCIATION EMPLOYEES' POLITICAL ACTION COMMITTEE,unmapped_campaign_finance_label,,,,,unmapped_or_too_generic_label,openfec_transaction_label; campaign_finance_recipient_metadata,bill_id; committee_of_jurisdiction; outside_spending_target_review; legislative_outcome; complete_issue_ontology; private_contributor_details; causal_influence_or_capture_validation; model_validation,"Bounded public OpenFEC transaction-label to broad policy-topic context only; not bill-level influence, committee jurisdiction, outside-spending target beyond public FEC recipient IDs, legislative outcome, private contributor disclosure, causal capture validation, public benefit, or model validation."
2024,C00152272,4123020251299777843,A,2024-12-31,0,VP - WAREHOUSES,168.75,committee,committee_metadata,,,C00152272,PLAINS COTTON COOPERATIVE ASSOCIATION EMPLOYEES' POLITICAL ACTION COMMITTEE,campaign_finance_issue_topic_context,Commerce,5,0,0,commerce or logistics occupation label,openfec_transaction_label; campaign_finance_recipient_metadata; topic_throughput_policy_area,bill_id; committee_of_jurisdiction; outside_spending_target_review; legislative_outcome; complete_issue_ontology; private_contributor_details; causal_influence_or_capture_validation; model_validation,"Bounded public OpenFEC transaction-label to broad policy-topic context only; not bill-level influence, committee jurisdiction, outside-spending target beyond public FEC recipient IDs, legislative outcome, private contributor disclosure, causal capture validation, public benefit, or model validation."
2024,C00152272,4123020251299777842,A,2024-12-31,0,PRESIDENT & CEO,375.00,committee,committee_metadata,,,C00152272,PLAINS COTTON COOPERATIVE ASSOCIATION EMPLOYEES' POLITICAL ACTION COMMITTEE,unmapped_campaign_finance_label,,,,,unmapped_or_too_generic_label,openfec_transaction_label; campaign_finance_recipient_metadata,bill_id; committee_of_jurisdiction; outside_spending_target_review; legislative_outcome; complete_issue_ontology; private_contributor_details; causal_influence_or_capture_validation; model_validation,"Bounded public OpenFEC transaction-label to broad policy-topic context only; not bill-level influence, committee jurisdiction, outside-spending target beyond public FEC recipient IDs, legislative outcome, private contributor disclosure, causal capture validation, public benefit, or model validation."
2024,C00152272,4123020251299777841,A,2024-12-31,0,VP INFORMATION SYSTEMS,163.89,committee,committee_metadata,,,C00152272,PLAINS COTTON COOPERATIVE ASSOCIATION EMPLOYEES' POLITICAL ACTION COMMITTEE,campaign_finance_issue_topic_context,"Science, Technology, Communications",4,0,0,technology occupation label,openfec_transaction_label; campaign_finance_recipient_metadata; topic_throughput_policy_area,bill_id; committee_of_jurisdiction; outside_spending_target_review; legislative_outcome; complete_issue_ontology; private_contributor_details; causal_influence_or_capture_validation; model_validation,"Bounded public OpenFEC transaction-label to broad policy-topic context only; not bill-level influence, committee jurisdiction, outside-spending target beyond public FEC recipient IDs, legislative outcome, private contributor disclosure, causal capture validation, public benefit, or model validation."
2024,C00401786,4121820251299119567,A,2024-12-31,0,RETIRED,150.00,committee,committee_metadata,,,C00401786,FREEDOM'S DEFENSE FUND,unmapped_campaign_finance_label,,,,,unmapped_or_too_generic_label,openfec_transaction_label; campaign_finance_recipient_metadata,bill_id; committee_of_jurisdiction; outside_spending_target_review; legislative_outcome; complete_issue_ontology; private_contributor_details; causal_influence_or_capture_validation; model_validation,"Bounded public OpenFEC transaction-label to broad policy-topic context only; not bill-level influence, committee jurisdiction, outside-spending target beyond public FEC recipient IDs, legislative outcome, private contributor disclosure, causal capture validation, public benefit, or model validation."
2024,C00401786,4121820251299119557,A,2024-12-31,0,unknown,95.00,committee,committee_metadata,,,C00401786,FREEDOM'S DEFENSE FUND,unmapped_campaign_finance_label,,,,,unmapped_or_too_generic_label,openfec_transaction_label; campaign_finance_recipient_metadata,bill_id; committee_of_jurisdiction; outside_spending_target_review; legislative_outcome; complete_issue_ontology; private_contributor_details; causal_influence_or_capture_validation; model_validation,"Bounded public OpenFEC transaction-label to broad policy-topic context only; not bill-level influence, committee jurisdiction, outside-spending target beyond public FEC recipient IDs, legislative outcome, private contributor disclosure, causal capture validation, public benefit, or model validation."
2024,C00401786,4121820251299119556,A,2024-12-31,0,RETIRED,95.00,committee,committee_metadata,,,C00401786,FREEDOM'S DEFENSE FUND,unmapped_campaign_finance_label,,,,,unmapped_or_too_generic_label,openfec_transaction_label; campaign_finance_recipient_metadata,bill_id; committee_of_jurisdiction; outside_spending_target_review; legislative_outcome; complete_issue_ontology; private_contributor_details; causal_influence_or_capture_validation; model_validation,"Bounded public OpenFEC transaction-label to broad policy-topic context only; not bill-level influence, committee jurisdiction, outside-spending target beyond public FEC recipient IDs, legislative outcome, private contributor disclosure, causal capture validation, public benefit, or model validation."
2024,C00401786,4121820251299119552,A,2024-12-31,0,RETIRED,25.00,committee,committee_metadata,,,C00401786,FREEDOM'S DEFENSE FUND,unmapped_campaign_finance_label,,,,,unmapped_or_too_generic_label,openfec_transaction_label; campaign_finance_recipient_metadata,bill_id; committee_of_jurisdiction; outside_spending_target_review; legislative_outcome; complete_issue_ontology; private_contributor_details; causal_influence_or_capture_validation; model_validation,"Bounded public OpenFEC transaction-label to broad policy-topic context only; not bill-level influence, committee jurisdiction, outside-spending target beyond public FEC recipient IDs, legislative outcome, private contributor disclosure, causal capture validation, public benefit, or model validation."
2024,C00401786,4121820251299119536,A,2024-12-31,0,RETIRED,120.00,committee,committee_metadata,,,C00401786,FREEDOM'S DEFENSE FUND,unmapped_campaign_finance_label,,,,,unmapped_or_too_generic_label,openfec_transaction_label; campaign_finance_recipient_metadata,bill_id; committee_of_jurisdiction; outside_spending_target_review; legislative_outcome; complete_issue_ontology; private_contributor_details; causal_influence_or_capture_validation; model_validation,"Bounded public OpenFEC transaction-label to broad policy-topic context only; not bill-level influence, committee jurisdiction, outside-spending target beyond public FEC recipient IDs, legislative outcome, private contributor disclosure, causal capture validation, public benefit, or model validation."
2024,C00837492,4121020251298108183,A,2024-12-31,0,CEO,10000.00,committee,committee_metadata,,,C00837492,HOUSE GOP BATTLEGROUND FUND,unmapped_campaign_finance_label,,,,,unmapped_or_too_generic_label,openfec_transaction_label; campaign_finance_recipient_metadata,bill_id; committee_of_jurisdiction; outside_spending_target_review; legislative_outcome; complete_issue_ontology; private_contributor_details; causal_influence_or_capture_validation; model_validation,"Bounded public OpenFEC transaction-label to broad policy-topic context only; not bill-level influence, committee jurisdiction, outside-spending target beyond public FEC recipient IDs, legislative outcome, private contributor disclosure, causal capture validation, public benefit, or model validation."
2024,C00699785,4121020251297683809,A,2024-12-31,0,unknown,428.40,committee,committee_metadata,,,C00699785,MISES PAC,unmapped_campaign_finance_label,,,,,unmapped_or_too_generic_label,openfec_transaction_label; campaign_finance_recipient_metadata,bill_id; committee_of_jurisdiction; outside_spending_target_review; legislative_outcome; complete_issue_ontology; private_contributor_details; causal_influence_or_capture_validation; model_validation,"Bounded public OpenFEC transaction-label to broad policy-topic context only; not bill-level influence, committee jurisdiction, outside-spending target beyond public FEC recipient IDs, legislative outcome, private contributor disclosure, causal capture validation, public benefit, or model validation."
2024,C00348540,4102120251292989753,A,2024-12-31,0,CASE MANAGER GENERALIST,18.46,committee,committee_metadata,,,C00348540,1199 SEIU UNITED HEALTHCARE WORKERS EAST FEDERAL POLITICAL ACTION FUND,unmapped_campaign_finance_label,,,,,unmapped_or_too_generic_label,openfec_transaction_label; campaign_finance_recipient_metadata,bill_id; committee_of_jurisdiction; outside_spending_target_review; legislative_outcome; complete_issue_ontology; private_contributor_details; causal_influence_or_capture_validation; model_validation,"Bounded public OpenFEC transaction-label to broad policy-topic context only; not bill-level influence, committee jurisdiction, outside-spending target beyond public FEC recipient IDs, legislative outcome, private contributor disclosure, causal capture validation, public benefit, or model validation."
2024,C00348540,4102120251292989730,A,2024-12-31,0,HOME HEALTH AID,45.00,committee,committee_metadata,,,C00348540,1199 SEIU UNITED HEALTHCARE WORKERS EAST FEDERAL POLITICAL ACTION FUND,campaign_finance_issue_topic_context,Health,18,0,0,health occupation label,openfec_transaction_label; campaign_finance_recipient_metadata; topic_throughput_policy_area,bill_id; committee_of_jurisdiction; outside_spending_target_review; legislative_outcome; complete_issue_ontology; private_contributor_details; causal_influence_or_capture_validation; model_validation,"Bounded public OpenFEC transaction-label to broad policy-topic context only; not bill-level influence, committee jurisdiction, outside-spending target beyond public FEC recipient IDs, legislative outcome, private contributor disclosure, causal capture validation, public benefit, or model validation."
2024,C00348540,4102120251292989708,A,2024-12-31,0,TRANSPORTER,40.00,committee,committee_metadata,,,C00348540,1199 SEIU UNITED HEALTHCARE WORKERS EAST FEDERAL POLITICAL ACTION FUND,campaign_finance_issue_topic_context,Transportation and Public Works,1,0,0,transportation occupation label,openfec_transaction_label; campaign_finance_recipient_metadata; topic_throughput_policy_area,bill_id; committee_of_jurisdiction; outside_spending_target_review; legislative_outcome; complete_issue_ontology; private_contributor_details; causal_influence_or_capture_validation; model_validation,"Bounded public OpenFEC transaction-label to broad policy-topic context only; not bill-level influence, committee jurisdiction, outside-spending target beyond public FEC recipient IDs, legislative outcome, private contributor disclosure, causal capture validation, public benefit, or model validation."
2024,C00348540,4102120251292989684,A,2024-12-31,0,REGISTERED NURSE,34.00,committee,committee_metadata,,,C00348540,1199 SEIU UNITED HEALTHCARE WORKERS EAST FEDERAL POLITICAL ACTION FUND,campaign_finance_issue_topic_context,Health,18,0,0,health occupation label,openfec_transaction_label; campaign_finance_recipient_metadata; topic_throughput_policy_area,bill_id; committee_of_jurisdiction; outside_spending_target_review; legislative_outcome; complete_issue_ontology; private_contributor_details; causal_influence_or_capture_validation; model_validation,"Bounded public OpenFEC transaction-label to broad policy-topic context only; not bill-level influence, committee jurisdiction, outside-spending target beyond public FEC recipient IDs, legislative outcome, private contributor disclosure, causal capture validation, public benefit, or model validation."
2024,C00348540,4102120251292989670,A,2024-12-31,0,REGISTERED NURSE,40.00,committee,committee_metadata,,,C00348540,1199 SEIU UNITED HEALTHCARE WORKERS EAST FEDERAL POLITICAL ACTION FUND,campaign_finance_issue_topic_context,Health,18,0,0,health occupation label,openfec_transaction_label; campaign_finance_recipient_metadata; topic_throughput_policy_area,bill_id; committee_of_jurisdiction; outside_spending_target_review; legislative_outcome; complete_issue_ontology; private_contributor_details; causal_influence_or_capture_validation; model_validation,"Bounded public OpenFEC transaction-label to broad policy-topic context only; not bill-level influence, committee jurisdiction, outside-spending target beyond public FEC recipient IDs, legislative outcome, private contributor disclosure, causal capture validation, public benefit, or model validation."
2024,C00348540,4102120251292989655,A,2024-12-31,0,HOME HEALTH AID,90.00,committee,committee_metadata,,,C00348540,1199 SEIU UNITED HEALTHCARE WORKERS EAST FEDERAL POLITICAL ACTION FUND,campaign_finance_issue_topic_context,Health,18,0,0,health occupation label,openfec_transaction_label; campaign_finance_recipient_metadata; topic_throughput_policy_area,bill_id; committee_of_jurisdiction; outside_spending_target_review; legislative_outcome; complete_issue_ontology; private_contributor_details; causal_influence_or_capture_validation; model_validation,"Bounded public OpenFEC transaction-label to broad policy-topic context only; not bill-level influence, committee jurisdiction, outside-spending target beyond public FEC recipient IDs, legislative outcome, private contributor disclosure, causal capture validation, public benefit, or model validation."
2024,C00348540,4102120251292989559,A,2024-12-31,0,REGISTERED NURSE,40.00,committee,committee_metadata,,,C00348540,1199 SEIU UNITED HEALTHCARE WORKERS EAST FEDERAL POLITICAL ACTION FUND,campaign_finance_issue_topic_context,Health,18,0,0,health occupation label,openfec_transaction_label; campaign_finance_recipient_metadata; topic_throughput_policy_area,bill_id; committee_of_jurisdiction; outside_spending_target_review; legislative_outcome; complete_issue_ontology; private_contributor_details; causal_influence_or_capture_validation; model_validation,"Bounded public OpenFEC transaction-label to broad policy-topic context only; not bill-level influence, committee jurisdiction, outside-spending target beyond public FEC recipient IDs, legislative outcome, private contributor disclosure, causal capture validation, public benefit, or model validation."
2024,C00348540,4102120251292989547,A,2024-12-31,0,HOME HEALTH AID,90.00,committee,committee_metadata,,,C00348540,1199 SEIU UNITED HEALTHCARE WORKERS EAST FEDERAL POLITICAL ACTION FUND,campaign_finance_issue_topic_context,Health,18,0,0,health occupation label,openfec_transaction_label; campaign_finance_recipient_metadata; topic_throughput_policy_area,bill_id; committee_of_jurisdiction; outside_spending_target_review; legislative_outcome; complete_issue_ontology; private_contributor_details; causal_influence_or_capture_validation; model_validation,"Bounded public OpenFEC transaction-label to broad policy-topic context only; not bill-level influence, committee jurisdiction, outside-spending target beyond public FEC recipient IDs, legislative outcome, private contributor disclosure, causal capture validation, public benefit, or model validation."
2024,C00348540,4102120251292989542,A,2024-12-31,0,HOME HEALTH AID,45.00,committee,committee_metadata,,,C00348540,1199 SEIU UNITED HEALTHCARE WORKERS EAST FEDERAL POLITICAL ACTION FUND,campaign_finance_issue_topic_context,Health,18,0,0,health occupation label,openfec_transaction_label; campaign_finance_recipient_metadata; topic_throughput_policy_area,bill_id; committee_of_jurisdiction; outside_spending_target_review; legislative_outcome; complete_issue_ontology; private_contributor_details; causal_influence_or_capture_validation; model_validation,"Bounded public OpenFEC transaction-label to broad policy-topic context only; not bill-level influence, committee jurisdiction, outside-spending target beyond public FEC recipient IDs, legislative outcome, private contributor disclosure, causal capture validation, public benefit, or model validation."
2024,C00348540,4102120251292989531,A,2024-12-31,0,HOME HEALTH AIDE,40.00,committee,committee_metadata,,,C00348540,1199 SEIU UNITED HEALTHCARE WORKERS EAST FEDERAL POLITICAL ACTION FUND,campaign_finance_issue_topic_context,Health,18,0,0,health occupation label,openfec_transaction_label; campaign_finance_recipient_metadata; topic_throughput_policy_area,bill_id; committee_of_jurisdiction; outside_spending_target_review; legislative_outcome; complete_issue_ontology; private_contributor_details; causal_influence_or_capture_validation; model_validation,"Bounded public OpenFEC transaction-label to broad policy-topic context only; not bill-level influence, committee jurisdiction, outside-spending target beyond public FEC recipient IDs, legislative outcome, private contributor disclosure, causal capture validation, public benefit, or model validation."
2024,C00348540,4102120251292989527,A,2024-12-31,0,NURSING AIDE,40.00,committee,committee_metadata,,,C00348540,1199 SEIU UNITED HEALTHCARE WORKERS EAST FEDERAL POLITICAL ACTION FUND,campaign_finance_issue_topic_context,Health,18,0,0,health occupation label,openfec_transaction_label; campaign_finance_recipient_metadata; topic_throughput_policy_area,bill_id; committee_of_jurisdiction; outside_spending_target_review; legislative_outcome; complete_issue_ontology; private_contributor_details; causal_influence_or_capture_validation; model_validation,"Bounded public OpenFEC transaction-label to broad policy-topic context only; not bill-level influence, committee jurisdiction, outside-spending target beyond public FEC recipient IDs, legislative outcome, private contributor disclosure, causal capture validation, public benefit, or model validation."
2024,C00348540,4102120251292989522,A,2024-12-31,0,MRI TECHNOLOGIST,60.00,committee,committee_metadata,,,C00348540,1199 SEIU UNITED HEALTHCARE WORKERS EAST FEDERAL POLITICAL ACTION FUND,campaign_finance_issue_topic_context,Health,18,0,0,health occupation label,openfec_transaction_label; campaign_finance_recipient_metadata; topic_throughput_policy_area,bill_id; committee_of_jurisdiction; outside_spending_target_review; legislative_outcome; complete_issue_ontology; private_contributor_details; causal_influence_or_capture_validation; model_validation,"Bounded public OpenFEC transaction-label to broad policy-topic context only; not bill-level influence, committee jurisdiction, outside-spending target beyond public FEC recipient IDs, legislative outcome, private contributor disclosure, causal capture validation, public benefit, or model validation."
2024,C00348540,4102120251292989497,A,2024-12-31,0,TRANSPORTER,43.05,committee,committee_metadata,,,C00348540,1199 SEIU UNITED HEALTHCARE WORKERS EAST FEDERAL POLITICAL ACTION FUND,campaign_finance_issue_topic_context,Transportation and Public Works,1,0,0,transportation occupation label,openfec_transaction_label; campaign_finance_recipient_metadata; topic_throughput_policy_area,bill_id; committee_of_jurisdiction; outside_spending_target_review; legislative_outcome; complete_issue_ontology; private_contributor_details; causal_influence_or_capture_validation; model_validation,"Bounded public OpenFEC transaction-label to broad policy-topic context only; not bill-level influence, committee jurisdiction, outside-spending target beyond public FEC recipient IDs, legislative outcome, private contributor disclosure, causal capture validation, public benefit, or model validation."
2024,C00348540,4102120251292989451,A,2024-12-31,0,UNIT CLERK,40.00,committee,committee_metadata,,,C00348540,1199 SEIU UNITED HEALTHCARE WORKERS EAST FEDERAL POLITICAL ACTION FUND,unmapped_campaign_finance_label,,,,,unmapped_or_too_generic_label,openfec_transaction_label; campaign_finance_recipient_metadata,bill_id; committee_of_jurisdiction; outside_spending_target_review; legislative_outcome; complete_issue_ontology; private_contributor_details; causal_influence_or_capture_validation; model_validation,"Bounded public OpenFEC transaction-label to broad policy-topic context only; not bill-level influence, committee jurisdiction, outside-spending target beyond public FEC recipient IDs, legislative outcome, private contributor disclosure, causal capture validation, public benefit, or model validation."
2024,C00348540,4102120251292989444,A,2024-12-31,0,ENVIRONMENTAL AIDE,50.00,committee,committee_metadata,,,C00348540,1199 SEIU UNITED HEALTHCARE WORKERS EAST FEDERAL POLITICAL ACTION FUND,unmapped_campaign_finance_label,,,,,unmapped_or_too_generic_label,openfec_transaction_label; campaign_finance_recipient_metadata,bill_id; committee_of_jurisdiction; outside_spending_target_review; legislative_outcome; complete_issue_ontology; private_contributor_details; causal_influence_or_capture_validation; model_validation,"Bounded public OpenFEC transaction-label to broad policy-topic context only; not bill-level influence, committee jurisdiction, outside-spending target beyond public FEC recipient IDs, legislative outcome, private contributor disclosure, causal capture validation, public benefit, or model validation."
2024,C00348540,4102120251292989412,A,2024-12-31,0,REGISTERED NURSE,40.00,committee,committee_metadata,,,C00348540,1199 SEIU UNITED HEALTHCARE WORKERS EAST FEDERAL POLITICAL ACTION FUND,campaign_finance_issue_topic_context,Health,18,0,0,health occupation label,openfec_transaction_label; campaign_finance_recipient_metadata; topic_throughput_policy_area,bill_id; committee_of_jurisdiction; outside_spending_target_review; legislative_outcome; complete_issue_ontology; private_contributor_details; causal_influence_or_capture_validation; model_validation,"Bounded public OpenFEC transaction-label to broad policy-topic context only; not bill-level influence, committee jurisdiction, outside-spending target beyond public FEC recipient IDs, legislative outcome, private contributor disclosure, causal capture validation, public benefit, or model validation."
2024,C00348540,4102120251292989373,A,2024-12-31,0,REGISTERED NURSE,40.00,committee,committee_metadata,,,C00348540,1199 SEIU UNITED HEALTHCARE WORKERS EAST FEDERAL POLITICAL ACTION FUND,campaign_finance_issue_topic_context,Health,18,0,0,health occupation label,openfec_transaction_label; campaign_finance_recipient_metadata; topic_throughput_policy_area,bill_id; committee_of_jurisdiction; outside_spending_target_review; legislative_outcome; complete_issue_ontology; private_contributor_details; causal_influence_or_capture_validation; model_validation,"Bounded public OpenFEC transaction-label to broad policy-topic context only; not bill-level influence, committee jurisdiction, outside-spending target beyond public FEC recipient IDs, legislative outcome, private contributor disclosure, causal capture validation, public benefit, or model validation."
2024,C00348540,4102120251292989366,A,2024-12-31,0,DIETARY AIDE,40.00,committee,committee_metadata,,,C00348540,1199 SEIU UNITED HEALTHCARE WORKERS EAST FEDERAL POLITICAL ACTION FUND,campaign_finance_issue_topic_context,Health,18,0,0,health occupation label,openfec_transaction_label; campaign_finance_recipient_metadata; topic_throughput_policy_area,bill_id; committee_of_jurisdiction; outside_spending_target_review; legislative_outcome; complete_issue_ontology; private_contributor_details; causal_influence_or_capture_validation; model_validation,"Bounded public OpenFEC transaction-label to broad policy-topic context only; not bill-level influence, committee jurisdiction, outside-spending target beyond public FEC recipient IDs, legislative outcome, private contributor disclosure, causal capture validation, public benefit, or model validation."
2024,C00348540,4102120251292989329,A,2024-12-31,0,NURSING AIDE,40.00,committee,committee_metadata,,,C00348540,1199 SEIU UNITED HEALTHCARE WORKERS EAST FEDERAL POLITICAL ACTION FUND,campaign_finance_issue_topic_context,Health,18,0,0,health occupation label,openfec_transaction_label; campaign_finance_recipient_metadata; topic_throughput_policy_area,bill_id; committee_of_jurisdiction; outside_spending_target_review; legislative_outcome; complete_issue_ontology; private_contributor_details; causal_influence_or_capture_validation; model_validation,"Bounded public OpenFEC transaction-label to broad policy-topic context only; not bill-level influence, committee jurisdiction, outside-spending target beyond public FEC recipient IDs, legislative outcome, private contributor disclosure, causal capture validation, public benefit, or model validation."
2024,C00348540,4102120251292989243,A,2024-12-31,0,REGISTERED NURSE,40.00,committee,committee_metadata,,,C00348540,1199 SEIU UNITED HEALTHCARE WORKERS EAST FEDERAL POLITICAL ACTION FUND,campaign_finance_issue_topic_context,Health,18,0,0,health occupation label,openfec_transaction_label; campaign_finance_recipient_metadata; topic_throughput_policy_area,bill_id; committee_of_jurisdiction; outside_spending_target_review; legislative_outcome; complete_issue_ontology; private_contributor_details; causal_influence_or_capture_validation; model_validation,"Bounded public OpenFEC transaction-label to broad policy-topic context only; not bill-level influence, committee jurisdiction, outside-spending target beyond public FEC recipient IDs, legislative outcome, private contributor disclosure, causal capture validation, public benefit, or model validation."
2024,C00348540,4102120251292989231,A,2024-12-31,0,NURSING AIDE,40.00,committee,committee_metadata,,,C00348540,1199 SEIU UNITED HEALTHCARE WORKERS EAST FEDERAL POLITICAL ACTION FUND,campaign_finance_issue_topic_context,Health,18,0,0,health occupation label,openfec_transaction_label; campaign_finance_recipient_metadata; topic_throughput_policy_area,bill_id; committee_of_jurisdiction; outside_spending_target_review; legislative_outcome; complete_issue_ontology; private_contributor_details; causal_influence_or_capture_validation; model_validation,"Bounded public OpenFEC transaction-label to broad policy-topic context only; not bill-level influence, committee jurisdiction, outside-spending target beyond public FEC recipient IDs, legislative outcome, private contributor disclosure, causal capture validation, public benefit, or model validation."
2024,C00348540,4102120251292989202,A,2024-12-31,0,FACILITIES MAINTENANCE ASSOCIATE,18.46,committee,committee_metadata,,,C00348540,1199 SEIU UNITED HEALTHCARE WORKERS EAST FEDERAL POLITICAL ACTION FUND,unmapped_campaign_finance_label,,,,,unmapped_or_too_generic_label,openfec_transaction_label; campaign_finance_recipient_metadata,bill_id; committee_of_jurisdiction; outside_spending_target_review; legislative_outcome; complete_issue_ontology; private_contributor_details; causal_influence_or_capture_validation; model_validation,"Bounded public OpenFEC transaction-label to broad policy-topic context only; not bill-level influence, committee jurisdiction, outside-spending target beyond public FEC recipient IDs, legislative outcome, private contributor disclosure, causal capture validation, public benefit, or model validation."
2024,C00348540,4102120251292989189,A,2024-12-31,0,NURSING AIDE,40.00,committee,committee_metadata,,,C00348540,1199 SEIU UNITED HEALTHCARE WORKERS EAST FEDERAL POLITICAL ACTION FUND,campaign_finance_issue_topic_context,Health,18,0,0,health occupation label,openfec_transaction_label; campaign_finance_recipient_metadata; topic_throughput_policy_area,bill_id; committee_of_jurisdiction; outside_spending_target_review; legislative_outcome; complete_issue_ontology; private_contributor_details; causal_influence_or_capture_validation; model_validation,"Bounded public OpenFEC transaction-label to broad policy-topic context only; not bill-level influence, committee jurisdiction, outside-spending target beyond public FEC recipient IDs, legislative outcome, private contributor disclosure, causal capture validation, public benefit, or model validation."
2024,C00348540,4102120251292989186,A,2024-12-31,0,TRANSPORTER,40.00,committee,committee_metadata,,,C00348540,1199 SEIU UNITED HEALTHCARE WORKERS EAST FEDERAL POLITICAL ACTION FUND,campaign_finance_issue_topic_context,Transportation and Public Works,1,0,0,transportation occupation label,openfec_transaction_label; campaign_finance_recipient_metadata; topic_throughput_policy_area,bill_id; committee_of_jurisdiction; outside_spending_target_review; legislative_outcome; complete_issue_ontology; private_contributor_details; causal_influence_or_capture_validation; model_validation,"Bounded public OpenFEC transaction-label to broad policy-topic context only; not bill-level influence, committee jurisdiction, outside-spending target beyond public FEC recipient IDs, legislative outcome, private contributor disclosure, causal capture validation, public benefit, or model validation."
2024,C00348540,4102120251292989167,A,2024-12-31,0,ENVIRONMENTAL AIDE,40.00,committee,committee_metadata,,,C00348540,1199 SEIU UNITED HEALTHCARE WORKERS EAST FEDERAL POLITICAL ACTION FUND,unmapped_campaign_finance_label,,,,,unmapped_or_too_generic_label,openfec_transaction_label; campaign_finance_recipient_metadata,bill_id; committee_of_jurisdiction; outside_spending_target_review; legislative_outcome; complete_issue_ontology; private_contributor_details; causal_influence_or_capture_validation; model_validation,"Bounded public OpenFEC transaction-label to broad policy-topic context only; not bill-level influence, committee jurisdiction, outside-spending target beyond public FEC recipient IDs, legislative outcome, private contributor disclosure, causal capture validation, public benefit, or model validation."
2024,C00348540,4102120251292989158,A,2024-12-31,0,REGISTERED NURSE,40.00,committee,committee_metadata,,,C00348540,1199 SEIU UNITED HEALTHCARE WORKERS EAST FEDERAL POLITICAL ACTION FUND,campaign_finance_issue_topic_context,Health,18,0,0,health occupation label,openfec_transaction_label; campaign_finance_recipient_metadata; topic_throughput_policy_area,bill_id; committee_of_jurisdiction; outside_spending_target_review; legislative_outcome; complete_issue_ontology; private_contributor_details; causal_influence_or_capture_validation; model_validation,"Bounded public OpenFEC transaction-label to broad policy-topic context only; not bill-level influence, committee jurisdiction, outside-spending target beyond public FEC recipient IDs, legislative outcome, private contributor disclosure, causal capture validation, public benefit, or model validation."
2024,C00348540,4102120251292989151,A,2024-12-31,0,TRANSPORTER,40.00,committee,committee_metadata,,,C00348540,1199 SEIU UNITED HEALTHCARE WORKERS EAST FEDERAL POLITICAL ACTION FUND,campaign_finance_issue_topic_context,Transportation and Public Works,1,0,0,transportation occupation label,openfec_transaction_label; campaign_finance_recipient_metadata; topic_throughput_policy_area,bill_id; committee_of_jurisdiction; outside_spending_target_review; legislative_outcome; complete_issue_ontology; private_contributor_details; causal_influence_or_capture_validation; model_validation,"Bounded public OpenFEC transaction-label to broad policy-topic context only; not bill-level influence, committee jurisdiction, outside-spending target beyond public FEC recipient IDs, legislative outcome, private contributor disclosure, causal capture validation, public benefit, or model validation."
2024,C00348540,4102120251292989146,A,2024-12-31,0,HOME HEALTH AIDE,96.00,committee,committee_metadata,,,C00348540,1199 SEIU UNITED HEALTHCARE WORKERS EAST FEDERAL POLITICAL ACTION FUND,campaign_finance_issue_topic_context,Health,18,0,0,health occupation label,openfec_transaction_label; campaign_finance_recipient_metadata; topic_throughput_policy_area,bill_id; committee_of_jurisdiction; outside_spending_target_review; legislative_outcome; complete_issue_ontology; private_contributor_details; causal_influence_or_capture_validation; model_validation,"Bounded public OpenFEC transaction-label to broad policy-topic context only; not bill-level influence, committee jurisdiction, outside-spending target beyond public FEC recipient IDs, legislative outcome, private contributor disclosure, causal capture validation, public benefit, or model validation."
2024,C00348540,4102120251292989136,A,2024-12-31,0,TRANSPORTER,43.00,committee,committee_metadata,,,C00348540,1199 SEIU UNITED HEALTHCARE WORKERS EAST FEDERAL POLITICAL ACTION FUND,campaign_finance_issue_topic_context,Transportation and Public Works,1,0,0,transportation occupation label,openfec_transaction_label; campaign_finance_recipient_metadata; topic_throughput_policy_area,bill_id; committee_of_jurisdiction; outside_spending_target_review; legislative_outcome; complete_issue_ontology; private_contributor_details; causal_influence_or_capture_validation; model_validation,"Bounded public OpenFEC transaction-label to broad policy-topic context only; not bill-level influence, committee jurisdiction, outside-spending target beyond public FEC recipient IDs, legislative outcome, private contributor disclosure, causal capture validation, public benefit, or model validation."
2024,C00348540,4102120251292989110,A,2024-12-31,0,NURSING AIDE,86.00,committee,committee_metadata,,,C00348540,1199 SEIU UNITED HEALTHCARE WORKERS EAST FEDERAL POLITICAL ACTION FUND,campaign_finance_issue_topic_context,Health,18,0,0,health occupation label,openfec_transaction_label; campaign_finance_recipient_metadata; topic_throughput_policy_area,bill_id; committee_of_jurisdiction; outside_spending_target_review; legislative_outcome; complete_issue_ontology; private_contributor_details; causal_influence_or_capture_validation; model_validation,"Bounded public OpenFEC transaction-label to broad policy-topic context only; not bill-level influence, committee jurisdiction, outside-spending target beyond public FEC recipient IDs, legislative outcome, private contributor disclosure, causal capture validation, public benefit, or model validation."
2024,C00348540,4102120251292989058,A,2024-12-31,0,REGISTERED NURSE,20.00,committee,committee_metadata,,,C00348540,1199 SEIU UNITED HEALTHCARE WORKERS EAST FEDERAL POLITICAL ACTION FUND,campaign_finance_issue_topic_context,Health,18,0,0,health occupation label,openfec_transaction_label; campaign_finance_recipient_metadata; topic_throughput_policy_area,bill_id; committee_of_jurisdiction; outside_spending_target_review; legislative_outcome; complete_issue_ontology; private_contributor_details; causal_influence_or_capture_validation; model_validation,"Bounded public OpenFEC transaction-label to broad policy-topic context only; not bill-level influence, committee jurisdiction, outside-spending target beyond public FEC recipient IDs, legislative outcome, private contributor disclosure, causal capture validation, public benefit, or model validation."
2024,C00348540,4102120251292989008,A,2024-12-31,0,HOME HEALTH AIDE,180.00,committee,committee_metadata,,,C00348540,1199 SEIU UNITED HEALTHCARE WORKERS EAST FEDERAL POLITICAL ACTION FUND,campaign_finance_issue_topic_context,Health,18,0,0,health occupation label,openfec_transaction_label; campaign_finance_recipient_metadata; topic_throughput_policy_area,bill_id; committee_of_jurisdiction; outside_spending_target_review; legislative_outcome; complete_issue_ontology; private_contributor_details; causal_influence_or_capture_validation; model_validation,"Bounded public OpenFEC transaction-label to broad policy-topic context only; not bill-level influence, committee jurisdiction, outside-spending target beyond public FEC recipient IDs, legislative outcome, private contributor disclosure, causal capture validation, public benefit, or model validation."
2024,C00348540,4102120251292988987,A,2024-12-31,0,REGISTERED NURSE,40.00,committee,committee_metadata,,,C00348540,1199 SEIU UNITED HEALTHCARE WORKERS EAST FEDERAL POLITICAL ACTION FUND,campaign_finance_issue_topic_context,Health,18,0,0,health occupation label,openfec_transaction_label; campaign_finance_recipient_metadata; topic_throughput_policy_area,bill_id; committee_of_jurisdiction; outside_spending_target_review; legislative_outcome; complete_issue_ontology; private_contributor_details; causal_influence_or_capture_validation; model_validation,"Bounded public OpenFEC transaction-label to broad policy-topic context only; not bill-level influence, committee jurisdiction, outside-spending target beyond public FEC recipient IDs, legislative outcome, private contributor disclosure, causal capture validation, public benefit, or model validation."
2024,C00348540,4102120251292988957,A,2024-12-31,0,HOME HEALTH AID,90.00,committee,committee_metadata,,,C00348540,1199 SEIU UNITED HEALTHCARE WORKERS EAST FEDERAL POLITICAL ACTION FUND,campaign_finance_issue_topic_context,Health,18,0,0,health occupation label,openfec_transaction_label; campaign_finance_recipient_metadata; topic_throughput_policy_area,bill_id; committee_of_jurisdiction; outside_spending_target_review; legislative_outcome; complete_issue_ontology; private_contributor_details; causal_influence_or_capture_validation; model_validation,"Bounded public OpenFEC transaction-label to broad policy-topic context only; not bill-level influence, committee jurisdiction, outside-spending target beyond public FEC recipient IDs, legislative outcome, private contributor disclosure, causal capture validation, public benefit, or model validation."
2024,C00348540,4102120251292988932,A,2024-12-31,0,HOME HEALTH AIDE,45.00,committee,committee_metadata,,,C00348540,1199 SEIU UNITED HEALTHCARE WORKERS EAST FEDERAL POLITICAL ACTION FUND,campaign_finance_issue_topic_context,Health,18,0,0,health occupation label,openfec_transaction_label; campaign_finance_recipient_metadata; topic_throughput_policy_area,bill_id; committee_of_jurisdiction; outside_spending_target_review; legislative_outcome; complete_issue_ontology; private_contributor_details; causal_influence_or_capture_validation; model_validation,"Bounded public OpenFEC transaction-label to broad policy-topic context only; not bill-level influence, committee jurisdiction, outside-spending target beyond public FEC recipient IDs, legislative outcome, private contributor disclosure, causal capture validation, public benefit, or model validation."
2024,C00348540,4102120251292988925,A,2024-12-31,0,REGISTERED NURSE,50.00,committee,committee_metadata,,,C00348540,1199 SEIU UNITED HEALTHCARE WORKERS EAST FEDERAL POLITICAL ACTION FUND,campaign_finance_issue_topic_context,Health,18,0,0,health occupation label,openfec_transaction_label; campaign_finance_recipient_metadata; topic_throughput_policy_area,bill_id; committee_of_jurisdiction; outside_spending_target_review; legislative_outcome; complete_issue_ontology; private_contributor_details; causal_influence_or_capture_validation; model_validation,"Bounded public OpenFEC transaction-label to broad policy-topic context only; not bill-level influence, committee jurisdiction, outside-spending target beyond public FEC recipient IDs, legislative outcome, private contributor disclosure, causal capture validation, public benefit, or model validation."
2024,C00348540,4102120251292988905,A,2024-12-31,0,HOME HEALTH AIDE,40.00,committee,committee_metadata,,,C00348540,1199 SEIU UNITED HEALTHCARE WORKERS EAST FEDERAL POLITICAL ACTION FUND,campaign_finance_issue_topic_context,Health,18,0,0,health occupation label,openfec_transaction_label; campaign_finance_recipient_metadata; topic_throughput_policy_area,bill_id; committee_of_jurisdiction; outside_spending_target_review; legislative_outcome; complete_issue_ontology; private_contributor_details; causal_influence_or_capture_validation; model_validation,"Bounded public OpenFEC transaction-label to broad policy-topic context only; not bill-level influence, committee jurisdiction, outside-spending target beyond public FEC recipient IDs, legislative outcome, private contributor disclosure, causal capture validation, public benefit, or model validation."
2024,C00348540,4102120251292988896,A,2024-12-31,0,DIETARY AIDE,40.00,committee,committee_metadata,,,C00348540,1199 SEIU UNITED HEALTHCARE WORKERS EAST FEDERAL POLITICAL ACTION FUND,campaign_finance_issue_topic_context,Health,18,0,0,health occupation label,openfec_transaction_label; campaign_finance_recipient_metadata; topic_throughput_policy_area,bill_id; committee_of_jurisdiction; outside_spending_target_review; legislative_outcome; complete_issue_ontology; private_contributor_details; causal_influence_or_capture_validation; model_validation,"Bounded public OpenFEC transaction-label to broad policy-topic context only; not bill-level influence, committee jurisdiction, outside-spending target beyond public FEC recipient IDs, legislative outcome, private contributor disclosure, causal capture validation, public benefit, or model validation."
2024,C00687848,4092420251292188620,A,2024-12-31,0,unknown,20.85,committee,committee_metadata,,,C00687848,PLANNED PARENTHOOD OF ORANGE AND SAN BERNARDINO COUNTIES' COMMUNITY ACTION FUND PAC,unmapped_campaign_finance_label,,,,,unmapped_or_too_generic_label,openfec_transaction_label; campaign_finance_recipient_metadata,bill_id; committee_of_jurisdiction; outside_spending_target_review; legislative_outcome; complete_issue_ontology; private_contributor_details; causal_influence_or_capture_validation; model_validation,"Bounded public OpenFEC transaction-label to broad policy-topic context only; not bill-level influence, committee jurisdiction, outside-spending target beyond public FEC recipient IDs, legislative outcome, private contributor disclosure, causal capture validation, public benefit, or model validation."
2024,C00687848,4092420251292188619,A,2024-12-31,0,INVESTOR,20.85,committee,committee_metadata,,,C00687848,PLANNED PARENTHOOD OF ORANGE AND SAN BERNARDINO COUNTIES' COMMUNITY ACTION FUND PAC,campaign_finance_issue_topic_context,Finance and Financial Sector,4,0,0,finance occupation label,openfec_transaction_label; campaign_finance_recipient_metadata; topic_throughput_policy_area,bill_id; committee_of_jurisdiction; outside_spending_target_review; legislative_outcome; complete_issue_ontology; private_contributor_details; causal_influence_or_capture_validation; model_validation,"Bounded public OpenFEC transaction-label to broad policy-topic context only; not bill-level influence, committee jurisdiction, outside-spending target beyond public FEC recipient IDs, legislative outcome, private contributor disclosure, causal capture validation, public benefit, or model validation."
2024,C00687848,4092420251292188614,A,2024-12-31,0,unknown,26.01,committee,committee_metadata,,,C00687848,PLANNED PARENTHOOD OF ORANGE AND SAN BERNARDINO COUNTIES' COMMUNITY ACTION FUND PAC,unmapped_campaign_finance_label,,,,,unmapped_or_too_generic_label,openfec_transaction_label; campaign_finance_recipient_metadata,bill_id; committee_of_jurisdiction; outside_spending_target_review; legislative_outcome; complete_issue_ontology; private_contributor_details; causal_influence_or_capture_validation; model_validation,"Bounded public OpenFEC transaction-label to broad policy-topic context only; not bill-level influence, committee jurisdiction, outside-spending target beyond public FEC recipient IDs, legislative outcome, private contributor disclosure, causal capture validation, public benefit, or model validation."
2024,C00687848,4092420251292188613,A,2024-12-31,0,RETIRED,26.01,committee,committee_metadata,,,C00687848,PLANNED PARENTHOOD OF ORANGE AND SAN BERNARDINO COUNTIES' COMMUNITY ACTION FUND PAC,unmapped_campaign_finance_label,,,,,unmapped_or_too_generic_label,openfec_transaction_label; campaign_finance_recipient_metadata,bill_id; committee_of_jurisdiction; outside_spending_target_review; legislative_outcome; complete_issue_ontology; private_contributor_details; causal_influence_or_capture_validation; model_validation,"Bounded public OpenFEC transaction-label to broad policy-topic context only; not bill-level influence, committee jurisdiction, outside-spending target beyond public FEC recipient IDs, legislative outcome, private contributor disclosure, causal capture validation, public benefit, or model validation."
2024,C00687848,4092420251292188610,A,2024-12-31,0,unknown,20.85,committee,committee_metadata,,,C00687848,PLANNED PARENTHOOD OF ORANGE AND SAN BERNARDINO COUNTIES' COMMUNITY ACTION FUND PAC,unmapped_campaign_finance_label,,,,,unmapped_or_too_generic_label,openfec_transaction_label; campaign_finance_recipient_metadata,bill_id; committee_of_jurisdiction; outside_spending_target_review; legislative_outcome; complete_issue_ontology; private_contributor_details; causal_influence_or_capture_validation; model_validation,"Bounded public OpenFEC transaction-label to broad policy-topic context only; not bill-level influence, committee jurisdiction, outside-spending target beyond public FEC recipient IDs, legislative outcome, private contributor disclosure, causal capture validation, public benefit, or model validation."
2024,C00687848,4092420251292188609,A,2024-12-31,0,PROGRAM MANAGER,20.85,committee,committee_metadata,,,C00687848,PLANNED PARENTHOOD OF ORANGE AND SAN BERNARDINO COUNTIES' COMMUNITY ACTION FUND PAC,unmapped_campaign_finance_label,,,,,unmapped_or_too_generic_label,openfec_transaction_label; campaign_finance_recipient_metadata,bill_id; committee_of_jurisdiction; outside_spending_target_review; legislative_outcome; complete_issue_ontology; private_contributor_details; causal_influence_or_capture_validation; model_validation,"Bounded public OpenFEC transaction-label to broad policy-topic context only; not bill-level influence, committee jurisdiction, outside-spending target beyond public FEC recipient IDs, legislative outcome, private contributor disclosure, causal capture validation, public benefit, or model validation."
2024,C00687848,4092420251292188606,A,2024-12-31,0,unknown,20.00,committee,committee_metadata,,,C00687848,PLANNED PARENTHOOD OF ORANGE AND SAN BERNARDINO COUNTIES' COMMUNITY ACTION FUND PAC,unmapped_campaign_finance_label,,,,,unmapped_or_too_generic_label,openfec_transaction_label; campaign_finance_recipient_metadata,bill_id; committee_of_jurisdiction; outside_spending_target_review; legislative_outcome; complete_issue_ontology; private_contributor_details; causal_influence_or_capture_validation; model_validation,"Bounded public OpenFEC transaction-label to broad policy-topic context only; not bill-level influence, committee jurisdiction, outside-spending target beyond public FEC recipient IDs, legislative outcome, private contributor disclosure, causal capture validation, public benefit, or model validation."
2024,C00687848,4092420251292188605,A,2024-12-31,0,RETIRED,20.00,committee,committee_metadata,,,C00687848,PLANNED PARENTHOOD OF ORANGE AND SAN BERNARDINO COUNTIES' COMMUNITY ACTION FUND PAC,unmapped_campaign_finance_label,,,,,unmapped_or_too_generic_label,openfec_transaction_label; campaign_finance_recipient_metadata,bill_id; committee_of_jurisdiction; outside_spending_target_review; legislative_outcome; complete_issue_ontology; private_contributor_details; causal_influence_or_capture_validation; model_validation,"Bounded public OpenFEC transaction-label to broad policy-topic context only; not bill-level influence, committee jurisdiction, outside-spending target beyond public FEC recipient IDs, legislative outcome, private contributor disclosure, causal capture validation, public benefit, or model validation."
2024,C00687848,4092420251292188602,A,2024-12-31,0,unknown,103.45,committee,committee_metadata,,,C00687848,PLANNED PARENTHOOD OF ORANGE AND SAN BERNARDINO COUNTIES' COMMUNITY ACTION FUND PAC,unmapped_campaign_finance_label,,,,,unmapped_or_too_generic_label,openfec_transaction_label; campaign_finance_recipient_metadata,bill_id; committee_of_jurisdiction; outside_spending_target_review; legislative_outcome; complete_issue_ontology; private_contributor_details; causal_influence_or_capture_validation; model_validation,"Bounded public OpenFEC transaction-label to broad policy-topic context only; not bill-level influence, committee jurisdiction, outside-spending target beyond public FEC recipient IDs, legislative outcome, private contributor disclosure, causal capture validation, public benefit, or model validation."
2024,C00687848,4092420251292188601,A,2024-12-31,0,RETIRED,103.45,committee,committee_metadata,,,C00687848,PLANNED PARENTHOOD OF ORANGE AND SAN BERNARDINO COUNTIES' COMMUNITY ACTION FUND PAC,unmapped_campaign_finance_label,,,,,unmapped_or_too_generic_label,openfec_transaction_label; campaign_finance_recipient_metadata,bill_id; committee_of_jurisdiction; outside_spending_target_review; legislative_outcome; complete_issue_ontology; private_contributor_details; causal_influence_or_capture_validation; model_validation,"Bounded public OpenFEC transaction-label to broad policy-topic context only; not bill-level influence, committee jurisdiction, outside-spending target beyond public FEC recipient IDs, legislative outcome, private contributor disclosure, causal capture validation, public benefit, or model validation."
2024,C00687848,4092420251292188598,A,2024-12-31,0,unknown,100.00,committee,committee_metadata,,,C00687848,PLANNED PARENTHOOD OF ORANGE AND SAN BERNARDINO COUNTIES' COMMUNITY ACTION FUND PAC,unmapped_campaign_finance_label,,,,,unmapped_or_too_generic_label,openfec_transaction_label; campaign_finance_recipient_metadata,bill_id; committee_of_jurisdiction; outside_spending_target_review; legislative_outcome; complete_issue_ontology; private_contributor_details; causal_influence_or_capture_validation; model_validation,"Bounded public OpenFEC transaction-label to broad policy-topic context only; not bill-level influence, committee jurisdiction, outside-spending target beyond public FEC recipient IDs, legislative outcome, private contributor disclosure, causal capture validation, public benefit, or model validation."
2024,C00687848,4092420251292188597,A,2024-12-31,0,RETIRED,100.00,committee,committee_metadata,,,C00687848,PLANNED PARENTHOOD OF ORANGE AND SAN BERNARDINO COUNTIES' COMMUNITY ACTION FUND PAC,unmapped_campaign_finance_label,,,,,unmapped_or_too_generic_label,openfec_transaction_label; campaign_finance_recipient_metadata,bill_id; committee_of_jurisdiction; outside_spending_target_review; legislative_outcome; complete_issue_ontology; private_contributor_details; causal_influence_or_capture_validation; model_validation,"Bounded public OpenFEC transaction-label to broad policy-topic context only; not bill-level influence, committee jurisdiction, outside-spending target beyond public FEC recipient IDs, legislative outcome, private contributor disclosure, causal capture validation, public benefit, or model validation."
2024,C00687848,4092420251292188593,A,2024-12-31,0,RETIRED,1552.75,committee,committee_metadata,,,C00687848,PLANNED PARENTHOOD OF ORANGE AND SAN BERNARDINO COUNTIES' COMMUNITY ACTION FUND PAC,unmapped_campaign_finance_label,,,,,unmapped_or_too_generic_label,openfec_transaction_label; campaign_finance_recipient_metadata,bill_id; committee_of_jurisdiction; outside_spending_target_review; legislative_outcome; complete_issue_ontology; private_contributor_details; causal_influence_or_capture_validation; model_validation,"Bounded public OpenFEC transaction-label to broad policy-topic context only; not bill-level influence, committee jurisdiction, outside-spending target beyond public FEC recipient IDs, legislative outcome, private contributor disclosure, causal capture validation, public benefit, or model validation."
2024,C00687848,4092420251292188592,A,2024-12-31,0,unknown,100.00,committee,committee_metadata,,,C00687848,PLANNED PARENTHOOD OF ORANGE AND SAN BERNARDINO COUNTIES' COMMUNITY ACTION FUND PAC,unmapped_campaign_finance_label,,,,,unmapped_or_too_generic_label,openfec_transaction_label; campaign_finance_recipient_metadata,bill_id; committee_of_jurisdiction; outside_spending_target_review; legislative_outcome; complete_issue_ontology; private_contributor_details; causal_influence_or_capture_validation; model_validation,"Bounded public OpenFEC transaction-label to broad policy-topic context only; not bill-level influence, committee jurisdiction, outside-spending target beyond public FEC recipient IDs, legislative outcome, private contributor disclosure, causal capture validation, public benefit, or model validation."
2024,C00687848,4092420251292188591,A,2024-12-31,0,PHYSICIAN,100.00,committee,committee_metadata,,,C00687848,PLANNED PARENTHOOD OF ORANGE AND SAN BERNARDINO COUNTIES' COMMUNITY ACTION FUND PAC,campaign_finance_issue_topic_context,Health,18,0,0,health occupation label,openfec_transaction_label; campaign_finance_recipient_metadata; topic_throughput_policy_area,bill_id; committee_of_jurisdiction; outside_spending_target_review; legislative_outcome; complete_issue_ontology; private_contributor_details; causal_influence_or_capture_validation; model_validation,"Bounded public OpenFEC transaction-label to broad policy-topic context only; not bill-level influence, committee jurisdiction, outside-spending target beyond public FEC recipient IDs, legislative outcome, private contributor disclosure, causal capture validation, public benefit, or model validation."
2024,C00687848,4092420251292188587,A,2024-12-31,0,STUDENT,250.00,committee,committee_metadata,,,C00687848,PLANNED PARENTHOOD OF ORANGE AND SAN BERNARDINO COUNTIES' COMMUNITY ACTION FUND PAC,campaign_finance_issue_topic_context,Education,11,1,0,education-status label,openfec_transaction_label; campaign_finance_recipient_metadata; topic_throughput_policy_area,bill_id; committee_of_jurisdiction; outside_spending_target_review; legislative_outcome; complete_issue_ontology; private_contributor_details; causal_influence_or_capture_validation; model_validation,"Bounded public OpenFEC transaction-label to broad policy-topic context only; not bill-level influence, committee jurisdiction, outside-spending target beyond public FEC recipient IDs, legislative outcome, private contributor disclosure, causal capture validation, public benefit, or model validation."
2024,C00687848,4092420251292188586,A,2024-12-31,0,unknown,100.00,committee,committee_metadata,,,C00687848,PLANNED PARENTHOOD OF ORANGE AND SAN BERNARDINO COUNTIES' COMMUNITY ACTION FUND PAC,unmapped_campaign_finance_label,,,,,unmapped_or_too_generic_label,openfec_transaction_label; campaign_finance_recipient_metadata,bill_id; committee_of_jurisdiction; outside_spending_target_review; legislative_outcome; complete_issue_ontology; private_contributor_details; causal_influence_or_capture_validation; model_validation,"Bounded public OpenFEC transaction-label to broad policy-topic context only; not bill-level influence, committee jurisdiction, outside-spending target beyond public FEC recipient IDs, legislative outcome, private contributor disclosure, causal capture validation, public benefit, or model validation."
2024,C00687848,4092420251292188585,A,2024-12-31,0,RETIRED,100.00,committee,committee_metadata,,,C00687848,PLANNED PARENTHOOD OF ORANGE AND SAN BERNARDINO COUNTIES' COMMUNITY ACTION FUND PAC,unmapped_campaign_finance_label,,,,,unmapped_or_too_generic_label,openfec_transaction_label; campaign_finance_recipient_metadata,bill_id; committee_of_jurisdiction; outside_spending_target_review; legislative_outcome; complete_issue_ontology; private_contributor_details; causal_influence_or_capture_validation; model_validation,"Bounded public OpenFEC transaction-label to broad policy-topic context only; not bill-level influence, committee jurisdiction, outside-spending target beyond public FEC recipient IDs, legislative outcome, private contributor disclosure, causal capture validation, public benefit, or model validation."
2024,C00687848,4092420251292188582,A,2024-12-31,0,unknown,35.00,committee,committee_metadata,,,C00687848,PLANNED PARENTHOOD OF ORANGE AND SAN BERNARDINO COUNTIES' COMMUNITY ACTION FUND PAC,unmapped_campaign_finance_label,,,,,unmapped_or_too_generic_label,openfec_transaction_label; campaign_finance_recipient_metadata,bill_id; committee_of_jurisdiction; outside_spending_target_review; legislative_outcome; complete_issue_ontology; private_contributor_details; causal_influence_or_capture_validation; model_validation,"Bounded public OpenFEC transaction-label to broad policy-topic context only; not bill-level influence, committee jurisdiction, outside-spending target beyond public FEC recipient IDs, legislative outcome, private contributor disclosure, causal capture validation, public benefit, or model validation."
2024,C00687848,4092420251292188581,A,2024-12-31,0,PHYSICIAN,35.00,committee,committee_metadata,,,C00687848,PLANNED PARENTHOOD OF ORANGE AND SAN BERNARDINO COUNTIES' COMMUNITY ACTION FUND PAC,campaign_finance_issue_topic_context,Health,18,0,0,health occupation label,openfec_transaction_label; campaign_finance_recipient_metadata; topic_throughput_policy_area,bill_id; committee_of_jurisdiction; outside_spending_target_review; legislative_outcome; complete_issue_ontology; private_contributor_details; causal_influence_or_capture_validation; model_validation,"Bounded public OpenFEC transaction-label to broad policy-topic context only; not bill-level influence, committee jurisdiction, outside-spending target beyond public FEC recipient IDs, legislative outcome, private contributor disclosure, causal capture validation, public benefit, or model validation."
2024,C00687848,4092420251292188578,A,2024-12-31,0,unknown,20.00,committee,committee_metadata,,,C00687848,PLANNED PARENTHOOD OF ORANGE AND SAN BERNARDINO COUNTIES' COMMUNITY ACTION FUND PAC,unmapped_campaign_finance_label,,,,,unmapped_or_too_generic_label,openfec_transaction_label; campaign_finance_recipient_metadata,bill_id; committee_of_jurisdiction; outside_spending_target_review; legislative_outcome; complete_issue_ontology; private_contributor_details; causal_influence_or_capture_validation; model_validation,"Bounded public OpenFEC transaction-label to broad policy-topic context only; not bill-level influence, committee jurisdiction, outside-spending target beyond public FEC recipient IDs, legislative outcome, private contributor disclosure, causal capture validation, public benefit, or model validation."
2024,C00687848,4092420251292188577,A,2024-12-31,0,RETIRED,20.00,committee,committee_metadata,,,C00687848,PLANNED PARENTHOOD OF ORANGE AND SAN BERNARDINO COUNTIES' COMMUNITY ACTION FUND PAC,unmapped_campaign_finance_label,,,,,unmapped_or_too_generic_label,openfec_transaction_label; campaign_finance_recipient_metadata,bill_id; committee_of_jurisdiction; outside_spending_target_review; legislative_outcome; complete_issue_ontology; private_contributor_details; causal_influence_or_capture_validation; model_validation,"Bounded public OpenFEC transaction-label to broad policy-topic context only; not bill-level influence, committee jurisdiction, outside-spending target beyond public FEC recipient IDs, legislative outcome, private contributor disclosure, causal capture validation, public benefit, or model validation."
2024,C00687848,4092420251292188574,A,2024-12-31,0,unknown,31.18,committee,committee_metadata,,,C00687848,PLANNED PARENTHOOD OF ORANGE AND SAN BERNARDINO COUNTIES' COMMUNITY ACTION FUND PAC,unmapped_campaign_finance_label,,,,,unmapped_or_too_generic_label,openfec_transaction_label; campaign_finance_recipient_metadata,bill_id; committee_of_jurisdiction; outside_spending_target_review; legislative_outcome; complete_issue_ontology; private_contributor_details; causal_influence_or_capture_validation; model_validation,"Bounded public OpenFEC transaction-label to broad policy-topic context only; not bill-level influence, committee jurisdiction, outside-spending target beyond public FEC recipient IDs, legislative outcome, private contributor disclosure, causal capture validation, public benefit, or model validation."
2024,C00687848,4092420251292188573,A,2024-12-31,0,RETIRED,31.18,committee,committee_metadata,,,C00687848,PLANNED PARENTHOOD OF ORANGE AND SAN BERNARDINO COUNTIES' COMMUNITY ACTION FUND PAC,unmapped_campaign_finance_label,,,,,unmapped_or_too_generic_label,openfec_transaction_label; campaign_finance_recipient_metadata,bill_id; committee_of_jurisdiction; outside_spending_target_review; legislative_outcome; complete_issue_ontology; private_contributor_details; causal_influence_or_capture_validation; model_validation,"Bounded public OpenFEC transaction-label to broad policy-topic context only; not bill-level influence, committee jurisdiction, outside-spending target beyond public FEC recipient IDs, legislative outcome, private contributor disclosure, causal capture validation, public benefit, or model validation."
2024,C00848648,4090120251290204382,A,2024-12-31,0,NOT EMPLOYED,5.00,committee,committee_candidate_metadata,S4FL00611,"MUCARSEL-POWELL, DEBBIE",C00848648,DEBBIE FOR FLORIDA,unmapped_campaign_finance_label,,,,,unmapped_or_too_generic_label,openfec_transaction_label; campaign_finance_recipient_metadata,bill_id; committee_of_jurisdiction; outside_spending_target_review; legislative_outcome; complete_issue_ontology; private_contributor_details; causal_influence_or_capture_validation; model_validation,"Bounded public OpenFEC transaction-label to broad policy-topic context only; not bill-level influence, committee jurisdiction, outside-spending target beyond public FEC recipient IDs, legislative outcome, private contributor disclosure, causal capture validation, public benefit, or model validation."
2024,C00848648,4090120251290204354,A,2024-12-31,0,CONSULTANT,10.00,committee,committee_candidate_metadata,S4FL00611,"MUCARSEL-POWELL, DEBBIE",C00848648,DEBBIE FOR FLORIDA,unmapped_campaign_finance_label,,,,,unmapped_or_too_generic_label,openfec_transaction_label; campaign_finance_recipient_metadata,bill_id; committee_of_jurisdiction; outside_spending_target_review; legislative_outcome; complete_issue_ontology; private_contributor_details; causal_influence_or_capture_validation; model_validation,"Bounded public OpenFEC transaction-label to broad policy-topic context only; not bill-level influence, committee jurisdiction, outside-spending target beyond public FEC recipient IDs, legislative outcome, private contributor disclosure, causal capture validation, public benefit, or model validation."
2024,C00848648,4090120251290204332,A,2024-12-31,0,NOT EMPLOYED,25.00,committee,committee_candidate_metadata,S4FL00611,"MUCARSEL-POWELL, DEBBIE",C00848648,DEBBIE FOR FLORIDA,unmapped_campaign_finance_label,,,,,unmapped_or_too_generic_label,openfec_transaction_label; campaign_finance_recipient_metadata,bill_id; committee_of_jurisdiction; outside_spending_target_review; legislative_outcome; complete_issue_ontology; private_contributor_details; causal_influence_or_capture_validation; model_validation,"Bounded public OpenFEC transaction-label to broad policy-topic context only; not bill-level influence, committee jurisdiction, outside-spending target beyond public FEC recipient IDs, legislative outcome, private contributor disclosure, causal capture validation, public benefit, or model validation."
2024,C00848648,4090120251290204176,A,2024-12-31,0,SECURITY,5.00,committee,committee_candidate_metadata,S4FL00611,"MUCARSEL-POWELL, DEBBIE",C00848648,DEBBIE FOR FLORIDA,campaign_finance_issue_topic_context,Crime and Law Enforcement,19,2,0,security occupation label,openfec_transaction_label; campaign_finance_recipient_metadata; topic_throughput_policy_area,bill_id; committee_of_jurisdiction; outside_spending_target_review; legislative_outcome; complete_issue_ontology; private_contributor_details; causal_influence_or_capture_validation; model_validation,"Bounded public OpenFEC transaction-label to broad policy-topic context only; not bill-level influence, committee jurisdiction, outside-spending target beyond public FEC recipient IDs, legislative outcome, private contributor disclosure, causal capture validation, public benefit, or model validation."
2024,C00848648,4090120251290204152,A,2024-12-31,0,NOT EMPLOYED,25.00,committee,committee_candidate_metadata,S4FL00611,"MUCARSEL-POWELL, DEBBIE",C00848648,DEBBIE FOR FLORIDA,unmapped_campaign_finance_label,,,,,unmapped_or_too_generic_label,openfec_transaction_label; campaign_finance_recipient_metadata,bill_id; committee_of_jurisdiction; outside_spending_target_review; legislative_outcome; complete_issue_ontology; private_contributor_details; causal_influence_or_capture_validation; model_validation,"Bounded public OpenFEC transaction-label to broad policy-topic context only; not bill-level influence, committee jurisdiction, outside-spending target beyond public FEC recipient IDs, legislative outcome, private contributor disclosure, causal capture validation, public benefit, or model validation."
2024,C00848648,4090120251290204100,A,2024-12-31,0,NOT EMPLOYED,10.00,committee,committee_candidate_metadata,S4FL00611,"MUCARSEL-POWELL, DEBBIE",C00848648,DEBBIE FOR FLORIDA,unmapped_campaign_finance_label,,,,,unmapped_or_too_generic_label,openfec_transaction_label; campaign_finance_recipient_metadata,bill_id; committee_of_jurisdiction; outside_spending_target_review; legislative_outcome; complete_issue_ontology; private_contributor_details; causal_influence_or_capture_validation; model_validation,"Bounded public OpenFEC transaction-label to broad policy-topic context only; not bill-level influence, committee jurisdiction, outside-spending target beyond public FEC recipient IDs, legislative outcome, private contributor disclosure, causal capture validation, public benefit, or model validation."
2024,C00848648,4090120251290204004,A,2024-12-31,0,ATTORNEY,100.00,committee,committee_candidate_metadata,S4FL00611,"MUCARSEL-POWELL, DEBBIE",C00848648,DEBBIE FOR FLORIDA,campaign_finance_issue_topic_context,Law,5,0,0,legal occupation label,openfec_transaction_label; campaign_finance_recipient_metadata; topic_throughput_policy_area,bill_id; committee_of_jurisdiction; outside_spending_target_review; legislative_outcome; complete_issue_ontology; private_contributor_details; causal_influence_or_capture_validation; model_validation,"Bounded public OpenFEC transaction-label to broad policy-topic context only; not bill-level influence, committee jurisdiction, outside-spending target beyond public FEC recipient IDs, legislative outcome, private contributor disclosure, causal capture validation, public benefit, or model validation."
2024,C00848648,4090120251290203874,A,2024-12-31,0,NOT EMPLOYED,6.00,committee,committee_candidate_metadata,S4FL00611,"MUCARSEL-POWELL, DEBBIE",C00848648,DEBBIE FOR FLORIDA,unmapped_campaign_finance_label,,,,,unmapped_or_too_generic_label,openfec_transaction_label; campaign_finance_recipient_metadata,bill_id; committee_of_jurisdiction; outside_spending_target_review; legislative_outcome; complete_issue_ontology; private_contributor_details; causal_influence_or_capture_validation; model_validation,"Bounded public OpenFEC transaction-label to broad policy-topic context only; not bill-level influence, committee jurisdiction, outside-spending target beyond public FEC recipient IDs, legislative outcome, private contributor disclosure, causal capture validation, public benefit, or model validation."
2024,C00848648,4090120251290203782,A,2024-12-31,0,NOT EMPLOYED,5.00,committee,committee_candidate_metadata,S4FL00611,"MUCARSEL-POWELL, DEBBIE",C00848648,DEBBIE FOR FLORIDA,unmapped_campaign_finance_label,,,,,unmapped_or_too_generic_label,openfec_transaction_label; campaign_finance_recipient_metadata,bill_id; committee_of_jurisdiction; outside_spending_target_review; legislative_outcome; complete_issue_ontology; private_contributor_details; causal_influence_or_capture_validation; model_validation,"Bounded public OpenFEC transaction-label to broad policy-topic context only; not bill-level influence, committee jurisdiction, outside-spending target beyond public FEC recipient IDs, legislative outcome, private contributor disclosure, causal capture validation, public benefit, or model validation."
2024,C00848648,4090120251290203752,A,2024-12-31,0,RETIRED,4.00,committee,committee_candidate_metadata,S4FL00611,"MUCARSEL-POWELL, DEBBIE",C00848648,DEBBIE FOR FLORIDA,unmapped_campaign_finance_label,,,,,unmapped_or_too_generic_label,openfec_transaction_label; campaign_finance_recipient_metadata,bill_id; committee_of_jurisdiction; outside_spending_target_review; legislative_outcome; complete_issue_ontology; private_contributor_details; causal_influence_or_capture_validation; model_validation,"Bounded public OpenFEC transaction-label to broad policy-topic context only; not bill-level influence, committee jurisdiction, outside-spending target beyond public FEC recipient IDs, legislative outcome, private contributor disclosure, causal capture validation, public benefit, or model validation."
2024,C00848648,4090120251290203690,A,2024-12-31,0,NOT EMPLOYED,25.00,committee,committee_candidate_metadata,S4FL00611,"MUCARSEL-POWELL, DEBBIE",C00848648,DEBBIE FOR FLORIDA,unmapped_campaign_finance_label,,,,,unmapped_or_too_generic_label,openfec_transaction_label; campaign_finance_recipient_metadata,bill_id; committee_of_jurisdiction; outside_spending_target_review; legislative_outcome; complete_issue_ontology; private_contributor_details; causal_influence_or_capture_validation; model_validation,"Bounded public OpenFEC transaction-label to broad policy-topic context only; not bill-level influence, committee jurisdiction, outside-spending target beyond public FEC recipient IDs, legislative outcome, private contributor disclosure, causal capture validation, public benefit, or model validation."
2024,C00848648,4090120251290203678,A,2024-12-31,0,DENTIST,5.00,committee,committee_candidate_metadata,S4FL00611,"MUCARSEL-POWELL, DEBBIE",C00848648,DEBBIE FOR FLORIDA,campaign_finance_issue_topic_context,Health,18,0,0,health occupation label,openfec_transaction_label; campaign_finance_recipient_metadata; topic_throughput_policy_area,bill_id; committee_of_jurisdiction; outside_spending_target_review; legislative_outcome; complete_issue_ontology; private_contributor_details; causal_influence_or_capture_validation; model_validation,"Bounded public OpenFEC transaction-label to broad policy-topic context only; not bill-level influence, committee jurisdiction, outside-spending target beyond public FEC recipient IDs, legislative outcome, private contributor disclosure, causal capture validation, public benefit, or model validation."
2024,C00848648,4090120251290203656,A,2024-12-31,0,RETIRED,5.00,committee,committee_candidate_metadata,S4FL00611,"MUCARSEL-POWELL, DEBBIE",C00848648,DEBBIE FOR FLORIDA,unmapped_campaign_finance_label,,,,,unmapped_or_too_generic_label,openfec_transaction_label; campaign_finance_recipient_metadata,bill_id; committee_of_jurisdiction; outside_spending_target_review; legislative_outcome; complete_issue_ontology; private_contributor_details; causal_influence_or_capture_validation; model_validation,"Bounded public OpenFEC transaction-label to broad policy-topic context only; not bill-level influence, committee jurisdiction, outside-spending target beyond public FEC recipient IDs, legislative outcome, private contributor disclosure, causal capture validation, public benefit, or model validation."
2024,C00848648,4090120251290203650,A,2024-12-31,0,NOT EMPLOYED,20.00,committee,committee_candidate_metadata,S4FL00611,"MUCARSEL-POWELL, DEBBIE",C00848648,DEBBIE FOR FLORIDA,unmapped_campaign_finance_label,,,,,unmapped_or_too_generic_label,openfec_transaction_label; campaign_finance_recipient_metadata,bill_id; committee_of_jurisdiction; outside_spending_target_review; legislative_outcome; complete_issue_ontology; private_contributor_details; causal_influence_or_capture_validation; model_validation,"Bounded public OpenFEC transaction-label to broad policy-topic context only; not bill-level influence, committee jurisdiction, outside-spending target beyond public FEC recipient IDs, legislative outcome, private contributor disclosure, causal capture validation, public benefit, or model validation."
2024,C00848648,4090120251290203634,A,2024-12-31,0,NOT EMPLOYED,5.00,committee,committee_candidate_metadata,S4FL00611,"MUCARSEL-POWELL, DEBBIE",C00848648,DEBBIE FOR FLORIDA,unmapped_campaign_finance_label,,,,,unmapped_or_too_generic_label,openfec_transaction_label; campaign_finance_recipient_metadata,bill_id; committee_of_jurisdiction; outside_spending_target_review; legislative_outcome; complete_issue_ontology; private_contributor_details; causal_influence_or_capture_validation; model_validation,"Bounded public OpenFEC transaction-label to broad policy-topic context only; not bill-level influence, committee jurisdiction, outside-spending target beyond public FEC recipient IDs, legislative outcome, private contributor disclosure, causal capture validation, public benefit, or model validation."
2024,C00848648,4090120251290203494,A,2024-12-31,0,AIRLINE AGENT,6.00,committee,committee_candidate_metadata,S4FL00611,"MUCARSEL-POWELL, DEBBIE",C00848648,DEBBIE FOR FLORIDA,campaign_finance_issue_topic_context,Transportation and Public Works,1,0,0,transportation occupation label,openfec_transaction_label; campaign_finance_recipient_metadata; topic_throughput_policy_area,bill_id; committee_of_jurisdiction; outside_spending_target_review; legislative_outcome; complete_issue_ontology; private_contributor_details; causal_influence_or_capture_validation; model_validation,"Bounded public OpenFEC transaction-label to broad policy-topic context only; not bill-level influence, committee jurisdiction, outside-spending target beyond public FEC recipient IDs, legislative outcome, private contributor disclosure, causal capture validation, public benefit, or model validation."
2024,C00848648,4090120251290203450,A,2024-12-31,0,NOT EMPLOYED,25.00,committee,committee_candidate_metadata,S4FL00611,"MUCARSEL-POWELL, DEBBIE",C00848648,DEBBIE FOR FLORIDA,unmapped_campaign_finance_label,,,,,unmapped_or_too_generic_label,openfec_transaction_label; campaign_finance_recipient_metadata,bill_id; committee_of_jurisdiction; outside_spending_target_review; legislative_outcome; complete_issue_ontology; private_contributor_details; causal_influence_or_capture_validation; model_validation,"Bounded public OpenFEC transaction-label to broad policy-topic context only; not bill-level influence, committee jurisdiction, outside-spending target beyond public FEC recipient IDs, legislative outcome, private contributor disclosure, causal capture validation, public benefit, or model validation."
2024,C00848648,4090120251290203398,A,2024-12-31,0,NOT EMPLOYED,10.00,committee,committee_candidate_metadata,S4FL00611,"MUCARSEL-POWELL, DEBBIE",C00848648,DEBBIE FOR FLORIDA,unmapped_campaign_finance_label,,,,,unmapped_or_too_generic_label,openfec_transaction_label; campaign_finance_recipient_metadata,bill_id; committee_of_jurisdiction; outside_spending_target_review; legislative_outcome; complete_issue_ontology; private_contributor_details; causal_influence_or_capture_validation; model_validation,"Bounded public OpenFEC transaction-label to broad policy-topic context only; not bill-level influence, committee jurisdiction, outside-spending target beyond public FEC recipient IDs, legislative outcome, private contributor disclosure, causal capture validation, public benefit, or model validation."
2024,C00848648,4090120251290203336,A,2024-12-31,0,RECRUITER,10.00,committee,committee_candidate_metadata,S4FL00611,"MUCARSEL-POWELL, DEBBIE",C00848648,DEBBIE FOR FLORIDA,unmapped_campaign_finance_label,,,,,unmapped_or_too_generic_label,openfec_transaction_label; campaign_finance_recipient_metadata,bill_id; committee_of_jurisdiction; outside_spending_target_review; legislative_outcome; complete_issue_ontology; private_contributor_details; causal_influence_or_capture_validation; model_validation,"Bounded public OpenFEC transaction-label to broad policy-topic context only; not bill-level influence, committee jurisdiction, outside-spending target beyond public FEC recipient IDs, legislative outcome, private contributor disclosure, causal capture validation, public benefit, or model validation."
2024,C00848648,4090120251290203221,A,2024-12-31,0,NOT EMPLOYED,6.00,committee,committee_candidate_metadata,S4FL00611,"MUCARSEL-POWELL, DEBBIE",C00848648,DEBBIE FOR FLORIDA,unmapped_campaign_finance_label,,,,,unmapped_or_too_generic_label,openfec_transaction_label; campaign_finance_recipient_metadata,bill_id; committee_of_jurisdiction; outside_spending_target_review; legislative_outcome; complete_issue_ontology; private_contributor_details; causal_influence_or_capture_validation; model_validation,"Bounded public OpenFEC transaction-label to broad policy-topic context only; not bill-level influence, committee jurisdiction, outside-spending target beyond public FEC recipient IDs, legislative outcome, private contributor disclosure, causal capture validation, public benefit, or model validation."
2024,C00848648,4090120251290203181,A,2024-12-31,0,NOT EMPLOYED,5.00,committee,committee_candidate_metadata,S4FL00611,"MUCARSEL-POWELL, DEBBIE",C00848648,DEBBIE FOR FLORIDA,unmapped_campaign_finance_label,,,,,unmapped_or_too_generic_label,openfec_transaction_label; campaign_finance_recipient_metadata,bill_id; committee_of_jurisdiction; outside_spending_target_review; legislative_outcome; complete_issue_ontology; private_contributor_details; causal_influence_or_capture_validation; model_validation,"Bounded public OpenFEC transaction-label to broad policy-topic context only; not bill-level influence, committee jurisdiction, outside-spending target beyond public FEC recipient IDs, legislative outcome, private contributor disclosure, causal capture validation, public benefit, or model validation."
2024,C00848648,4090120251290203125,A,2024-12-31,0,NOT EMPLOYED,25.00,committee,committee_candidate_metadata,S4FL00611,"MUCARSEL-POWELL, DEBBIE",C00848648,DEBBIE FOR FLORIDA,unmapped_campaign_finance_label,,,,,unmapped_or_too_generic_label,openfec_transaction_label; campaign_finance_recipient_metadata,bill_id; committee_of_jurisdiction; outside_spending_target_review; legislative_outcome; complete_issue_ontology; private_contributor_details; causal_influence_or_capture_validation; model_validation,"Bounded public OpenFEC transaction-label to broad policy-topic context only; not bill-level influence, committee jurisdiction, outside-spending target beyond public FEC recipient IDs, legislative outcome, private contributor disclosure, causal capture validation, public benefit, or model validation."
2024,C00848648,4090120251290203107,A,2024-12-31,0,PHYSICIAN,10.00,committee,committee_candidate_metadata,S4FL00611,"MUCARSEL-POWELL, DEBBIE",C00848648,DEBBIE FOR FLORIDA,campaign_finance_issue_topic_context,Health,18,0,0,health occupation label,openfec_transaction_label; campaign_finance_recipient_metadata; topic_throughput_policy_area,bill_id; committee_of_jurisdiction; outside_spending_target_review; legislative_outcome; complete_issue_ontology; private_contributor_details; causal_influence_or_capture_validation; model_validation,"Bounded public OpenFEC transaction-label to broad policy-topic context only; not bill-level influence, committee jurisdiction, outside-spending target beyond public FEC recipient IDs, legislative outcome, private contributor disclosure, causal capture validation, public benefit, or model validation."
2024,C00848648,4090120251290203021,A,2024-12-31,0,ACCOUNTANT,6.00,committee,committee_candidate_metadata,S4FL00611,"MUCARSEL-POWELL, DEBBIE",C00848648,DEBBIE FOR FLORIDA,campaign_finance_issue_topic_context,Finance and Financial Sector,4,0,0,finance occupation label,openfec_transaction_label; campaign_finance_recipient_metadata; topic_throughput_policy_area,bill_id; committee_of_jurisdiction; outside_spending_target_review; legislative_outcome; complete_issue_ontology; private_contributor_details; causal_influence_or_capture_validation; model_validation,"Bounded public OpenFEC transaction-label to broad policy-topic context only; not bill-level influence, committee jurisdiction, outside-spending target beyond public FEC recipient IDs, legislative outcome, private contributor disclosure, causal capture validation, public benefit, or model validation."
2024,P00009423,4102120251292991029,E,2024-12-31,1,S,59.90,candidate,candidate_committee_metadata,P00009423,"HARRIS, KAMALA",,,unmapped_campaign_finance_label,,,,,unmapped_or_too_generic_label,openfec_transaction_label; campaign_finance_recipient_metadata,bill_id; committee_of_jurisdiction; outside_spending_target_review; legislative_outcome; complete_issue_ontology; private_contributor_details; causal_influence_or_capture_validation; model_validation,"Bounded public OpenFEC transaction-label to broad policy-topic context only; not bill-level influence, committee jurisdiction, outside-spending target beyond public FEC recipient IDs, legislative outcome, private contributor disclosure, causal capture validation, public benefit, or model validation."
2024,P00009423,4061720251206042023,E,2024-12-31,1,S,180.00,candidate,candidate_committee_metadata,P00009423,"HARRIS, KAMALA",,,unmapped_campaign_finance_label,,,,,unmapped_or_too_generic_label,openfec_transaction_label; campaign_finance_recipient_metadata,bill_id; committee_of_jurisdiction; outside_spending_target_review; legislative_outcome; complete_issue_ontology; private_contributor_details; causal_influence_or_capture_validation; model_validation,"Bounded public OpenFEC transaction-label to broad policy-topic context only; not bill-level influence, committee jurisdiction, outside-spending target beyond public FEC recipient IDs, legislative outcome, private contributor disclosure, causal capture validation, public benefit, or model validation."
2024,P00009423,4041620251184744081,E,2024-12-31,1,Advertising Expenses,20903.13,candidate,candidate_committee_metadata,P00009423,"HARRIS, KAMALA",,,unmapped_campaign_finance_label,,,,,unmapped_or_too_generic_label,openfec_transaction_label; campaign_finance_recipient_metadata,bill_id; committee_of_jurisdiction; outside_spending_target_review; legislative_outcome; complete_issue_ontology; private_contributor_details; causal_influence_or_capture_validation; model_validation,"Bounded public OpenFEC transaction-label to broad policy-topic context only; not bill-level influence, committee jurisdiction, outside-spending target beyond public FEC recipient IDs, legislative outcome, private contributor disclosure, causal capture validation, public benefit, or model validation."
2024,P00009423,4041620251184744080,E,2024-12-31,1,Advertising Expenses,5757.02,candidate,candidate_committee_metadata,P00009423,"HARRIS, KAMALA",,,unmapped_campaign_finance_label,,,,,unmapped_or_too_generic_label,openfec_transaction_label; campaign_finance_recipient_metadata,bill_id; committee_of_jurisdiction; outside_spending_target_review; legislative_outcome; complete_issue_ontology; private_contributor_details; causal_influence_or_capture_validation; model_validation,"Bounded public OpenFEC transaction-label to broad policy-topic context only; not bill-level influence, committee jurisdiction, outside-spending target beyond public FEC recipient IDs, legislative outcome, private contributor disclosure, causal capture validation, public benefit, or model validation."
2024,S2AZ00372,4022120251177771191,E,2024-12-31,1,Advertising Expenses,16.60,candidate,candidate_committee_metadata,S2AZ00372,"MASTERS, BLAKE",,,unmapped_campaign_finance_label,,,,,unmapped_or_too_generic_label,openfec_transaction_label; campaign_finance_recipient_metadata,bill_id; committee_of_jurisdiction; outside_spending_target_review; legislative_outcome; complete_issue_ontology; private_contributor_details; causal_influence_or_capture_validation; model_validation,"Bounded public OpenFEC transaction-label to broad policy-topic context only; not bill-level influence, committee jurisdiction, outside-spending target beyond public FEC recipient IDs, legislative outcome, private contributor disclosure, causal capture validation, public benefit, or model validation."
2024,S4MT00183,4021020251166953083,E,2024-12-31,1,S,29.00,candidate,candidate_committee_metadata,S4MT00183,"SHEEHY, TIM",,,unmapped_campaign_finance_label,,,,,unmapped_or_too_generic_label,openfec_transaction_label; campaign_finance_recipient_metadata,bill_id; committee_of_jurisdiction; outside_spending_target_review; legislative_outcome; complete_issue_ontology; private_contributor_details; causal_influence_or_capture_validation; model_validation,"Bounded public OpenFEC transaction-label to broad policy-topic context only; not bill-level influence, committee jurisdiction, outside-spending target beyond public FEC recipient IDs, legislative outcome, private contributor disclosure, causal capture validation, public benefit, or model validation."
2024,S2MO00544,4021020251166953082,E,2024-12-31,1,S,3.00,candidate,candidate_committee_metadata,S2MO00544,"SCHMITT, ERIC",,,unmapped_campaign_finance_label,,,,,unmapped_or_too_generic_label,openfec_transaction_label; campaign_finance_recipient_metadata,bill_id; committee_of_jurisdiction; outside_spending_target_review; legislative_outcome; complete_issue_ontology; private_contributor_details; causal_influence_or_capture_validation; model_validation,"Bounded public OpenFEC transaction-label to broad policy-topic context only; not bill-level influence, committee jurisdiction, outside-spending target beyond public FEC recipient IDs, legislative outcome, private contributor disclosure, causal capture validation, public benefit, or model validation."
2024,S0UT00165,4021020251166953081,E,2024-12-31,1,S,1.95,candidate,candidate_committee_metadata,S0UT00165,"LEE, MIKE",,,unmapped_campaign_finance_label,,,,,unmapped_or_too_generic_label,openfec_transaction_label; campaign_finance_recipient_metadata,bill_id; committee_of_jurisdiction; outside_spending_target_review; legislative_outcome; complete_issue_ontology; private_contributor_details; causal_influence_or_capture_validation; model_validation,"Bounded public OpenFEC transaction-label to broad policy-topic context only; not bill-level influence, committee jurisdiction, outside-spending target beyond public FEC recipient IDs, legislative outcome, private contributor disclosure, causal capture validation, public benefit, or model validation."
2024,S0KY00156,4021020251166953080,E,2024-12-31,1,S,2.10,candidate,candidate_committee_metadata,S0KY00156,"PAUL, RAND",,,unmapped_campaign_finance_label,,,,,unmapped_or_too_generic_label,openfec_transaction_label; campaign_finance_recipient_metadata,bill_id; committee_of_jurisdiction; outside_spending_target_review; legislative_outcome; complete_issue_ontology; private_contributor_details; causal_influence_or_capture_validation; model_validation,"Bounded public OpenFEC transaction-label to broad policy-topic context only; not bill-level influence, committee jurisdiction, outside-spending target beyond public FEC recipient IDs, legislative outcome, private contributor disclosure, causal capture validation, public benefit, or model validation."
2024,S4OH00192,4021020251166953079,E,2024-12-31,1,S,7.00,candidate,candidate_committee_metadata,S4OH00192,"MORENO, BERNIE",,,unmapped_campaign_finance_label,,,,,unmapped_or_too_generic_label,openfec_transaction_label; campaign_finance_recipient_metadata,bill_id; committee_of_jurisdiction; outside_spending_target_review; legislative_outcome; complete_issue_ontology; private_contributor_details; causal_influence_or_capture_validation; model_validation,"Bounded public OpenFEC transaction-label to broad policy-topic context only; not bill-level influence, committee jurisdiction, outside-spending target beyond public FEC recipient IDs, legislative outcome, private contributor disclosure, causal capture validation, public benefit, or model validation."
2024,S8FL00273,4021020251166953078,E,2024-12-31,1,S,3.50,candidate,candidate_committee_metadata,S8FL00273,"SCOTT, RICK SEN",,,unmapped_campaign_finance_label,,,,,unmapped_or_too_generic_label,openfec_transaction_label; campaign_finance_recipient_metadata,bill_id; committee_of_jurisdiction; outside_spending_target_review; legislative_outcome; complete_issue_ontology; private_contributor_details; causal_influence_or_capture_validation; model_validation,"Bounded public OpenFEC transaction-label to broad policy-topic context only; not bill-level influence, committee jurisdiction, outside-spending target beyond public FEC recipient IDs, legislative outcome, private contributor disclosure, causal capture validation, public benefit, or model validation."
2024,S2TX00312,4021020251166953077,E,2024-12-31,1,S,10.00,candidate,candidate_committee_metadata,S2TX00312,"CRUZ, RAFAEL EDWARD TED",,,unmapped_campaign_finance_label,,,,,unmapped_or_too_generic_label,openfec_transaction_label; campaign_finance_recipient_metadata,bill_id; committee_of_jurisdiction; outside_spending_target_review; legislative_outcome; complete_issue_ontology; private_contributor_details; causal_influence_or_capture_validation; model_validation,"Bounded public OpenFEC transaction-label to broad policy-topic context only; not bill-level influence, committee jurisdiction, outside-spending target beyond public FEC recipient IDs, legislative outcome, private contributor disclosure, causal capture validation, public benefit, or model validation."
2024,S2OH00436,4021020251166953076,E,2024-12-31,1,S,2.25,candidate,candidate_committee_metadata,S2OH00436,"VANCE, J D",,,unmapped_campaign_finance_label,,,,,unmapped_or_too_generic_label,openfec_transaction_label; campaign_finance_recipient_metadata,bill_id; committee_of_jurisdiction; outside_spending_target_review; legislative_outcome; complete_issue_ontology; private_contributor_details; causal_influence_or_capture_validation; model_validation,"Bounded public OpenFEC transaction-label to broad policy-topic context only; not bill-level influence, committee jurisdiction, outside-spending target beyond public FEC recipient IDs, legislative outcome, private contributor disclosure, causal capture validation, public benefit, or model validation."
2024,S8MO00192,4021020251166953075,E,2024-12-31,1,S,8.70,candidate,unmatched,S8MO00192,,,,unmapped_campaign_finance_label,,,,,unmapped_or_too_generic_label,openfec_transaction_label; campaign_finance_recipient_metadata,bill_id; committee_of_jurisdiction; outside_spending_target_review; legislative_outcome; complete_issue_ontology; private_contributor_details; causal_influence_or_capture_validation; model_validation,"Bounded public OpenFEC transaction-label to broad policy-topic context only; not bill-level influence, committee jurisdiction, outside-spending target beyond public FEC recipient IDs, legislative outcome, private contributor disclosure, causal capture validation, public benefit, or model validation."
2024,S0AL00230,4021020251166953074,E,2024-12-31,1,S,1.75,candidate,candidate_committee_metadata,S0AL00230,"TUBERVILLE, THOMAS H",,,unmapped_campaign_finance_label,,,,,unmapped_or_too_generic_label,openfec_transaction_label; campaign_finance_recipient_metadata,bill_id; committee_of_jurisdiction; outside_spending_target_review; legislative_outcome; complete_issue_ontology; private_contributor_details; causal_influence_or_capture_validation; model_validation,"Bounded public OpenFEC transaction-label to broad policy-topic context only; not bill-level influence, committee jurisdiction, outside-spending target beyond public FEC recipient IDs, legislative outcome, private contributor disclosure, causal capture validation, public benefit, or model validation."
2024,S0WI00197,4021020251166953073,E,2024-12-31,1,S,3.50,candidate,candidate_committee_metadata,S0WI00197,"JOHNSON, RON HAROLD MR.",,,unmapped_campaign_finance_label,,,,,unmapped_or_too_generic_label,openfec_transaction_label; campaign_finance_recipient_metadata,bill_id; committee_of_jurisdiction; outside_spending_target_review; legislative_outcome; complete_issue_ontology; private_contributor_details; causal_influence_or_capture_validation; model_validation,"Bounded public OpenFEC transaction-label to broad policy-topic context only; not bill-level influence, committee jurisdiction, outside-spending target beyond public FEC recipient IDs, legislative outcome, private contributor disclosure, causal capture validation, public benefit, or model validation."
2024,P80001571,4020520251142972026,E,2024-12-31,1,Administrative/Salary/Overhead Expenses,15.00,candidate,candidate_committee_metadata,P80001571,"TRUMP, DONALD J.",,,unmapped_campaign_finance_label,,,,,unmapped_or_too_generic_label,openfec_transaction_label; campaign_finance_recipient_metadata,bill_id; committee_of_jurisdiction; outside_spending_target_review; legislative_outcome; complete_issue_ontology; private_contributor_details; causal_influence_or_capture_validation; model_validation,"Bounded public OpenFEC transaction-label to broad policy-topic context only; not bill-level influence, committee jurisdiction, outside-spending target beyond public FEC recipient IDs, legislative outcome, private contributor disclosure, causal capture validation, public benefit, or model validation."
2024,C90023250,1040320250265780090,E,2024-12-31,1,S,269.00,committee,committee_metadata,,,C90023250,MAXWELL 4 AMERICA,unmapped_campaign_finance_label,,,,,unmapped_or_too_generic_label,openfec_transaction_label; campaign_finance_recipient_metadata,bill_id; committee_of_jurisdiction; outside_spending_target_review; legislative_outcome; complete_issue_ontology; private_contributor_details; causal_influence_or_capture_validation; model_validation,"Bounded public OpenFEC transaction-label to broad policy-topic context only; not bill-level influence, committee jurisdiction, outside-spending target beyond public FEC recipient IDs, legislative outcome, private contributor disclosure, causal capture validation, public benefit, or model validation."
2024,P00009423,4041820251185452867,E,2024-12-30,1,S,194.46,candidate,candidate_committee_metadata,P00009423,"HARRIS, KAMALA",,,unmapped_campaign_finance_label,,,,,unmapped_or_too_generic_label,openfec_transaction_label; campaign_finance_recipient_metadata,bill_id; committee_of_jurisdiction; outside_spending_target_review; legislative_outcome; complete_issue_ontology; private_contributor_details; causal_influence_or_capture_validation; model_validation,"Bounded public OpenFEC transaction-label to broad policy-topic context only; not bill-level influence, committee jurisdiction, outside-spending target beyond public FEC recipient IDs, legislative outcome, private contributor disclosure, causal capture validation, public benefit, or model validation."
2024,P80001571,4041820251185452866,E,2024-12-30,1,O,17666.46,candidate,candidate_committee_metadata,P80001571,"TRUMP, DONALD J.",,,unmapped_campaign_finance_label,,,,,unmapped_or_too_generic_label,openfec_transaction_label; campaign_finance_recipient_metadata,bill_id; committee_of_jurisdiction; outside_spending_target_review; legislative_outcome; complete_issue_ontology; private_contributor_details; causal_influence_or_capture_validation; model_validation,"Bounded public OpenFEC transaction-label to broad policy-topic context only; not bill-level influence, committee jurisdiction, outside-spending target beyond public FEC recipient IDs, legislative outcome, private contributor disclosure, causal capture validation, public benefit, or model validation."
2024,P80001571,4041820251185452865,E,2024-12-30,1,O,194.47,candidate,candidate_committee_metadata,P80001571,"TRUMP, DONALD J.",,,unmapped_campaign_finance_label,,,,,unmapped_or_too_generic_label,openfec_transaction_label; campaign_finance_recipient_metadata,bill_id; committee_of_jurisdiction; outside_spending_target_review; legislative_outcome; complete_issue_ontology; private_contributor_details; causal_influence_or_capture_validation; model_validation,"Bounded public OpenFEC transaction-label to broad policy-topic context only; not bill-level influence, committee jurisdiction, outside-spending target beyond public FEC recipient IDs, legislative outcome, private contributor disclosure, causal capture validation, public benefit, or model validation."
2024,P80001571,4041820251185452864,E,2024-12-30,1,O,49091.67,candidate,candidate_committee_metadata,P80001571,"TRUMP, DONALD J.",,,unmapped_campaign_finance_label,,,,,unmapped_or_too_generic_label,openfec_transaction_label; campaign_finance_recipient_metadata,bill_id; committee_of_jurisdiction; outside_spending_target_review; legislative_outcome; complete_issue_ontology; private_contributor_details; causal_influence_or_capture_validation; model_validation,"Bounded public OpenFEC transaction-label to broad policy-topic context only; not bill-level influence, committee jurisdiction, outside-spending target beyond public FEC recipient IDs, legislative outcome, private contributor disclosure, causal capture validation, public benefit, or model validation."
2024,P00009423,4041820251185452863,E,2024-12-30,1,S,49907.39,candidate,candidate_committee_metadata,P00009423,"HARRIS, KAMALA",,,unmapped_campaign_finance_label,,,,,unmapped_or_too_generic_label,openfec_transaction_label; campaign_finance_recipient_metadata,bill_id; committee_of_jurisdiction; outside_spending_target_review; legislative_outcome; complete_issue_ontology; private_contributor_details; causal_influence_or_capture_validation; model_validation,"Bounded public OpenFEC transaction-label to broad policy-topic context only; not bill-level influence, committee jurisdiction, outside-spending target beyond public FEC recipient IDs, legislative outcome, private contributor disclosure, causal capture validation, public benefit, or model validation."
2024,P80001571,4041820251185452862,E,2024-12-30,1,O,7716.02,candidate,candidate_committee_metadata,P80001571,"TRUMP, DONALD J.",,,unmapped_campaign_finance_label,,,,,unmapped_or_too_generic_label,openfec_transaction_label; campaign_finance_recipient_metadata,bill_id; committee_of_jurisdiction; outside_spending_target_review; legislative_outcome; complete_issue_ontology; private_contributor_details; causal_influence_or_capture_validation; model_validation,"Bounded public OpenFEC transaction-label to broad policy-topic context only; not bill-level influence, committee jurisdiction, outside-spending target beyond public FEC recipient IDs, legislative outcome, private contributor disclosure, causal capture validation, public benefit, or model validation."
2024,P80001571,4041820251185452861,E,2024-12-30,1,O,86663.26,candidate,candidate_committee_metadata,P80001571,"TRUMP, DONALD J.",,,unmapped_campaign_finance_label,,,,,unmapped_or_too_generic_label,openfec_transaction_label; campaign_finance_recipient_metadata,bill_id; committee_of_jurisdiction; outside_spending_target_review; legislative_outcome; complete_issue_ontology; private_contributor_details; causal_influence_or_capture_validation; model_validation,"Bounded public OpenFEC transaction-label to broad policy-topic context only; not bill-level influence, committee jurisdiction, outside-spending target beyond public FEC recipient IDs, legislative outcome, private contributor disclosure, causal capture validation, public benefit, or model validation."
2024,P00009423,4041820251185452860,E,2024-12-30,1,S,363.03,candidate,candidate_committee_metadata,P00009423,"HARRIS, KAMALA",,,unmapped_campaign_finance_label,,,,,unmapped_or_too_generic_label,openfec_transaction_label; campaign_finance_recipient_metadata,bill_id; committee_of_jurisdiction; outside_spending_target_review; legislative_outcome; complete_issue_ontology; private_contributor_details; causal_influence_or_capture_validation; model_validation,"Bounded public OpenFEC transaction-label to broad policy-topic context only; not bill-level influence, committee jurisdiction, outside-spending target beyond public FEC recipient IDs, legislative outcome, private contributor disclosure, causal capture validation, public benefit, or model validation."
2024,P00009423,4041820251185452859,E,2024-12-30,1,S,13070.12,candidate,candidate_committee_metadata,P00009423,"HARRIS, KAMALA",,,unmapped_campaign_finance_label,,,,,unmapped_or_too_generic_label,openfec_transaction_label; campaign_finance_recipient_metadata,bill_id; committee_of_jurisdiction; outside_spending_target_review; legislative_outcome; complete_issue_ontology; private_contributor_details; causal_influence_or_capture_validation; model_validation,"Bounded public OpenFEC transaction-label to broad policy-topic context only; not bill-level influence, committee jurisdiction, outside-spending target beyond public FEC recipient IDs, legislative outcome, private contributor disclosure, causal capture validation, public benefit, or model validation."
2024,P00009423,4041820251185452858,E,2024-12-30,1,S,7611.99,candidate,candidate_committee_metadata,P00009423,"HARRIS, KAMALA",,,unmapped_campaign_finance_label,,,,,unmapped_or_too_generic_label,openfec_transaction_label; campaign_finance_recipient_metadata,bill_id; committee_of_jurisdiction; outside_spending_target_review; legislative_outcome; complete_issue_ontology; private_contributor_details; causal_influence_or_capture_validation; model_validation,"Bounded public OpenFEC transaction-label to broad policy-topic context only; not bill-level influence, committee jurisdiction, outside-spending target beyond public FEC recipient IDs, legislative outcome, private contributor disclosure, causal capture validation, public benefit, or model validation."
2024,P80001571,4041820251185452857,E,2024-12-30,1,O,13070.12,candidate,candidate_committee_metadata,P80001571,"TRUMP, DONALD J.",,,unmapped_campaign_finance_label,,,,,unmapped_or_too_generic_label,openfec_transaction_label; campaign_finance_recipient_metadata,bill_id; committee_of_jurisdiction; outside_spending_target_review; legislative_outcome; complete_issue_ontology; private_contributor_details; causal_influence_or_capture_validation; model_validation,"Bounded public OpenFEC transaction-label to broad policy-topic context only; not bill-level influence, committee jurisdiction, outside-spending target beyond public FEC recipient IDs, legislative outcome, private contributor disclosure, causal capture validation, public benefit, or model validation."
2024,P00009423,4041820251185452856,E,2024-12-30,1,S,1286.11,candidate,candidate_committee_metadata,P00009423,"HARRIS, KAMALA",,,unmapped_campaign_finance_label,,,,,unmapped_or_too_generic_label,openfec_transaction_label; campaign_finance_recipient_metadata,bill_id; committee_of_jurisdiction; outside_spending_target_review; legislative_outcome; complete_issue_ontology; private_contributor_details; causal_influence_or_capture_validation; model_validation,"Bounded public OpenFEC transaction-label to broad policy-topic context only; not bill-level influence, committee jurisdiction, outside-spending target beyond public FEC recipient IDs, legislative outcome, private contributor disclosure, causal capture validation, public benefit, or model validation."
2024,P80001571,4041820251185452855,E,2024-12-30,1,O,6295.34,candidate,candidate_committee_metadata,P80001571,"TRUMP, DONALD J.",,,unmapped_campaign_finance_label,,,,,unmapped_or_too_generic_label,openfec_transaction_label; campaign_finance_recipient_metadata,bill_id; committee_of_jurisdiction; outside_spending_target_review; legislative_outcome; complete_issue_ontology; private_contributor_details; causal_influence_or_capture_validation; model_validation,"Bounded public OpenFEC transaction-label to broad policy-topic context only; not bill-level influence, committee jurisdiction, outside-spending target beyond public FEC recipient IDs, legislative outcome, private contributor disclosure, causal capture validation, public benefit, or model validation."
2024,P00009423,4041820251185452854,E,2024-12-30,1,S,127115.30,candidate,candidate_committee_metadata,P00009423,"HARRIS, KAMALA",,,unmapped_campaign_finance_label,,,,,unmapped_or_too_generic_label,openfec_transaction_label; campaign_finance_recipient_metadata,bill_id; committee_of_jurisdiction; outside_spending_target_review; legislative_outcome; complete_issue_ontology; private_contributor_details; causal_influence_or_capture_validation; model_validation,"Bounded public OpenFEC transaction-label to broad policy-topic context only; not bill-level influence, committee jurisdiction, outside-spending target beyond public FEC recipient IDs, legislative outcome, private contributor disclosure, causal capture validation, public benefit, or model validation."
2024,P80001571,4041820251185452853,E,2024-12-30,1,O,363.03,candidate,candidate_committee_metadata,P80001571,"TRUMP, DONALD J.",,,unmapped_campaign_finance_label,,,,,unmapped_or_too_generic_label,openfec_transaction_label; campaign_finance_recipient_metadata,bill_id; committee_of_jurisdiction; outside_spending_target_review; legislative_outcome; complete_issue_ontology; private_contributor_details; causal_influence_or_capture_validation; model_validation,"Bounded public OpenFEC transaction-label to broad policy-topic context only; not bill-level influence, committee jurisdiction, outside-spending target beyond public FEC recipient IDs, legislative outcome, private contributor disclosure, causal capture validation, public benefit, or model validation."
2024,P80001571,4041820251185452852,E,2024-12-30,1,O,7611.99,candidate,candidate_committee_metadata,P80001571,"TRUMP, DONALD J.",,,unmapped_campaign_finance_label,,,,,unmapped_or_too_generic_label,openfec_transaction_label; campaign_finance_recipient_metadata,bill_id; committee_of_jurisdiction; outside_spending_target_review; legislative_outcome; complete_issue_ontology; private_contributor_details; causal_influence_or_capture_validation; model_validation,"Bounded public OpenFEC transaction-label to broad policy-topic context only; not bill-level influence, committee jurisdiction, outside-spending target beyond public FEC recipient IDs, legislative outcome, private contributor disclosure, causal capture validation, public benefit, or model validation."
2024,P00009423,4041820251185452851,E,2024-12-30,1,S,49091.66,candidate,candidate_committee_metadata,P00009423,"HARRIS, KAMALA",,,unmapped_campaign_finance_label,,,,,unmapped_or_too_generic_label,openfec_transaction_label; campaign_finance_recipient_metadata,bill_id; committee_of_jurisdiction; outside_spending_target_review; legislative_outcome; complete_issue_ontology; private_contributor_details; causal_influence_or_capture_validation; model_validation,"Bounded public OpenFEC transaction-label to broad policy-topic context only; not bill-level influence, committee jurisdiction, outside-spending target beyond public FEC recipient IDs, legislative outcome, private contributor disclosure, causal capture validation, public benefit, or model validation."
2024,P00009423,4041820251185452850,E,2024-12-30,1,S,7716.02,candidate,candidate_committee_metadata,P00009423,"HARRIS, KAMALA",,,unmapped_campaign_finance_label,,,,,unmapped_or_too_generic_label,openfec_transaction_label; campaign_finance_recipient_metadata,bill_id; committee_of_jurisdiction; outside_spending_target_review; legislative_outcome; complete_issue_ontology; private_contributor_details; causal_influence_or_capture_validation; model_validation,"Bounded public OpenFEC transaction-label to broad policy-topic context only; not bill-level influence, committee jurisdiction, outside-spending target beyond public FEC recipient IDs, legislative outcome, private contributor disclosure, causal capture validation, public benefit, or model validation."
2024,P00009423,4041820251185452849,E,2024-12-30,1,S,17666.46,candidate,candidate_committee_metadata,P00009423,"HARRIS, KAMALA",,,unmapped_campaign_finance_label,,,,,unmapped_or_too_generic_label,openfec_transaction_label; campaign_finance_recipient_metadata,bill_id; committee_of_jurisdiction; outside_spending_target_review; legislative_outcome; complete_issue_ontology; private_contributor_details; causal_influence_or_capture_validation; model_validation,"Bounded public OpenFEC transaction-label to broad policy-topic context only; not bill-level influence, committee jurisdiction, outside-spending target beyond public FEC recipient IDs, legislative outcome, private contributor disclosure, causal capture validation, public benefit, or model validation."
2024,P80001571,4041820251185452848,E,2024-12-30,1,O,47184.89,candidate,candidate_committee_metadata,P80001571,"TRUMP, DONALD J.",,,unmapped_campaign_finance_label,,,,,unmapped_or_too_generic_label,openfec_transaction_label; campaign_finance_recipient_metadata,bill_id; committee_of_jurisdiction; outside_spending_target_review; legislative_outcome; complete_issue_ontology; private_contributor_details; causal_influence_or_capture_validation; model_validation,"Bounded public OpenFEC transaction-label to broad policy-topic context only; not bill-level influence, committee jurisdiction, outside-spending target beyond public FEC recipient IDs, legislative outcome, private contributor disclosure, causal capture validation, public benefit, or model validation."
2024,P00009423,4041820251185452847,E,2024-12-30,1,S,6295.33,candidate,candidate_committee_metadata,P00009423,"HARRIS, KAMALA",,,unmapped_campaign_finance_label,,,,,unmapped_or_too_generic_label,openfec_transaction_label; campaign_finance_recipient_metadata,bill_id; committee_of_jurisdiction; outside_spending_target_review; legislative_outcome; complete_issue_ontology; private_contributor_details; causal_influence_or_capture_validation; model_validation,"Bounded public OpenFEC transaction-label to broad policy-topic context only; not bill-level influence, committee jurisdiction, outside-spending target beyond public FEC recipient IDs, legislative outcome, private contributor disclosure, causal capture validation, public benefit, or model validation."
2024,P00009423,4041820251185452846,E,2024-12-30,1,S,47184.88,candidate,candidate_committee_metadata,P00009423,"HARRIS, KAMALA",,,unmapped_campaign_finance_label,,,,,unmapped_or_too_generic_label,openfec_transaction_label; campaign_finance_recipient_metadata,bill_id; committee_of_jurisdiction; outside_spending_target_review; legislative_outcome; complete_issue_ontology; private_contributor_details; causal_influence_or_capture_validation; model_validation,"Bounded public OpenFEC transaction-label to broad policy-topic context only; not bill-level influence, committee jurisdiction, outside-spending target beyond public FEC recipient IDs, legislative outcome, private contributor disclosure, causal capture validation, public benefit, or model validation."
2024,P00009423,4041820251185452845,E,2024-12-30,1,S,1001.96,candidate,candidate_committee_metadata,P00009423,"HARRIS, KAMALA",,,unmapped_campaign_finance_label,,,,,unmapped_or_too_generic_label,openfec_transaction_label; campaign_finance_recipient_metadata,bill_id; committee_of_jurisdiction; outside_spending_target_review; legislative_outcome; complete_issue_ontology; private_contributor_details; causal_influence_or_capture_validation; model_validation,"Bounded public OpenFEC transaction-label to broad policy-topic context only; not bill-level influence, committee jurisdiction, outside-spending target beyond public FEC recipient IDs, legislative outcome, private contributor disclosure, causal capture validation, public benefit, or model validation."
2024,P80001571,4041820251185452844,E,2024-12-30,1,O,41174.29,candidate,candidate_committee_metadata,P80001571,"TRUMP, DONALD J.",,,unmapped_campaign_finance_label,,,,,unmapped_or_too_generic_label,openfec_transaction_label; campaign_finance_recipient_metadata,bill_id; committee_of_jurisdiction; outside_spending_target_review; legislative_outcome; complete_issue_ontology; private_contributor_details; causal_influence_or_capture_validation; model_validation,"Bounded public OpenFEC transaction-label to broad policy-topic context only; not bill-level influence, committee jurisdiction, outside-spending target beyond public FEC recipient IDs, legislative outcome, private contributor disclosure, causal capture validation, public benefit, or model validation."
2024,P00009423,4041820251185452843,E,2024-12-30,1,S,11962.81,candidate,candidate_committee_metadata,P00009423,"HARRIS, KAMALA",,,unmapped_campaign_finance_label,,,,,unmapped_or_too_generic_label,openfec_transaction_label; campaign_finance_recipient_metadata,bill_id; committee_of_jurisdiction; outside_spending_target_review; legislative_outcome; complete_issue_ontology; private_contributor_details; causal_influence_or_capture_validation; model_validation,"Bounded public OpenFEC transaction-label to broad policy-topic context only; not bill-level influence, committee jurisdiction, outside-spending target beyond public FEC recipient IDs, legislative outcome, private contributor disclosure, causal capture validation, public benefit, or model validation."
2024,P00009423,4041820251185452842,E,2024-12-30,1,S,1757.98,candidate,candidate_committee_metadata,P00009423,"HARRIS, KAMALA",,,unmapped_campaign_finance_label,,,,,unmapped_or_too_generic_label,openfec_transaction_label; campaign_finance_recipient_metadata,bill_id; committee_of_jurisdiction; outside_spending_target_review; legislative_outcome; complete_issue_ontology; private_contributor_details; causal_influence_or_capture_validation; model_validation,"Bounded public OpenFEC transaction-label to broad policy-topic context only; not bill-level influence, committee jurisdiction, outside-spending target beyond public FEC recipient IDs, legislative outcome, private contributor disclosure, causal capture validation, public benefit, or model validation."
2024,P80001571,4041820251185452840,E,2024-12-30,1,O,1757.98,candidate,candidate_committee_metadata,P80001571,"TRUMP, DONALD J.",,,unmapped_campaign_finance_label,,,,,unmapped_or_too_generic_label,openfec_transaction_label; campaign_finance_recipient_metadata,bill_id; committee_of_jurisdiction; outside_spending_target_review; legislative_outcome; complete_issue_ontology; private_contributor_details; causal_influence_or_capture_validation; model_validation,"Bounded public OpenFEC transaction-label to broad policy-topic context only; not bill-level influence, committee jurisdiction, outside-spending target beyond public FEC recipient IDs, legislative outcome, private contributor disclosure, causal capture validation, public benefit, or model validation."
2024,P80001571,4041820251185452839,E,2024-12-30,1,O,11962.81,candidate,candidate_committee_metadata,P80001571,"TRUMP, DONALD J.",,,unmapped_campaign_finance_label,,,,,unmapped_or_too_generic_label,openfec_transaction_label; campaign_finance_recipient_metadata,bill_id; committee_of_jurisdiction; outside_spending_target_review; legislative_outcome; complete_issue_ontology; private_contributor_details; causal_influence_or_capture_validation; model_validation,"Bounded public OpenFEC transaction-label to broad policy-topic context only; not bill-level influence, committee jurisdiction, outside-spending target beyond public FEC recipient IDs, legislative outcome, private contributor disclosure, causal capture validation, public benefit, or model validation."
2024,P00009423,4041820251185452838,E,2024-12-30,1,S,41174.29,candidate,candidate_committee_metadata,P00009423,"HARRIS, KAMALA",,,unmapped_campaign_finance_label,,,,,unmapped_or_too_generic_label,openfec_transaction_label; campaign_finance_recipient_metadata,bill_id; committee_of_jurisdiction; outside_spending_target_review; legislative_outcome; complete_issue_ontology; private_contributor_details; causal_influence_or_capture_validation; model_validation,"Bounded public OpenFEC transaction-label to broad policy-topic context only; not bill-level influence, committee jurisdiction, outside-spending target beyond public FEC recipient IDs, legislative outcome, private contributor disclosure, causal capture validation, public benefit, or model validation."
2024,P00009423,4041820251185452837,E,2024-12-30,1,S,86663.27,candidate,candidate_committee_metadata,P00009423,"HARRIS, KAMALA",,,unmapped_campaign_finance_label,,,,,unmapped_or_too_generic_label,openfec_transaction_label; campaign_finance_recipient_metadata,bill_id; committee_of_jurisdiction; outside_spending_target_review; legislative_outcome; complete_issue_ontology; private_contributor_details; causal_influence_or_capture_validation; model_validation,"Bounded public OpenFEC transaction-label to broad policy-topic context only; not bill-level influence, committee jurisdiction, outside-spending target beyond public FEC recipient IDs, legislative outcome, private contributor disclosure, causal capture validation, public benefit, or model validation."
2024,P00009423,4041820251185452836,E,2024-12-30,1,S,37353.46,candidate,candidate_committee_metadata,P00009423,"HARRIS, KAMALA",,,unmapped_campaign_finance_label,,,,,unmapped_or_too_generic_label,openfec_transaction_label; campaign_finance_recipient_metadata,bill_id; committee_of_jurisdiction; outside_spending_target_review; legislative_outcome; complete_issue_ontology; private_contributor_details; causal_influence_or_capture_validation; model_validation,"Bounded public OpenFEC transaction-label to broad policy-topic context only; not bill-level influence, committee jurisdiction, outside-spending target beyond public FEC recipient IDs, legislative outcome, private contributor disclosure, causal capture validation, public benefit, or model validation."
2024,P80001571,4041820251185452835,E,2024-12-30,1,O,1286.12,candidate,candidate_committee_metadata,P80001571,"TRUMP, DONALD J.",,,unmapped_campaign_finance_label,,,,,unmapped_or_too_generic_label,openfec_transaction_label; campaign_finance_recipient_metadata,bill_id; committee_of_jurisdiction; outside_spending_target_review; legislative_outcome; complete_issue_ontology; private_contributor_details; causal_influence_or_capture_validation; model_validation,"Bounded public OpenFEC transaction-label to broad policy-topic context only; not bill-level influence, committee jurisdiction, outside-spending target beyond public FEC recipient IDs, legislative outcome, private contributor disclosure, causal capture validation, public benefit, or model validation."
2024,P80001571,4041820251185452834,E,2024-12-30,1,O,37353.45,candidate,candidate_committee_metadata,P80001571,"TRUMP, DONALD J.",,,unmapped_campaign_finance_label,,,,,unmapped_or_too_generic_label,openfec_transaction_label; campaign_finance_recipient_metadata,bill_id; committee_of_jurisdiction; outside_spending_target_review; legislative_outcome; complete_issue_ontology; private_contributor_details; causal_influence_or_capture_validation; model_validation,"Bounded public OpenFEC transaction-label to broad policy-topic context only; not bill-level influence, committee jurisdiction, outside-spending target beyond public FEC recipient IDs, legislative outcome, private contributor disclosure, causal capture validation, public benefit, or model validation."
2024,P80001571,4041820251185452833,E,2024-12-30,1,O,127115.29,candidate,candidate_committee_metadata,P80001571,"TRUMP, DONALD J.",,,unmapped_campaign_finance_label,,,,,unmapped_or_too_generic_label,openfec_transaction_label; campaign_finance_recipient_metadata,bill_id; committee_of_jurisdiction; outside_spending_target_review; legislative_outcome; complete_issue_ontology; private_contributor_details; causal_influence_or_capture_validation; model_validation,"Bounded public OpenFEC transaction-label to broad policy-topic context only; not bill-level influence, committee jurisdiction, outside-spending target beyond public FEC recipient IDs, legislative outcome, private contributor disclosure, causal capture validation, public benefit, or model validation."
2024,C00193441,4022620251179080159,E,2024-12-30,1,Advertising Expenses,60.39,committee,committee_metadata,,,C00193441,ILLINOIS AGRICULTURAL ASSOCIATION ACTIVATOR POLITICAL INVOLVEMENT FUND (FED) 'ACTIVATOR'/'ILLINOIS FARM BUREAU ACTIVATOR',unmapped_campaign_finance_label,,,,,unmapped_or_too_generic_label,openfec_transaction_label; campaign_finance_recipient_metadata,bill_id; committee_of_jurisdiction; outside_spending_target_review; legislative_outcome; complete_issue_ontology; private_contributor_details; causal_influence_or_capture_validation; model_validation,"Bounded public OpenFEC transaction-label to broad policy-topic context only; not bill-level influence, committee jurisdiction, outside-spending target beyond public FEC recipient IDs, legislative outcome, private contributor disclosure, causal capture validation, public benefit, or model validation."
2024,H4IL18059,4022620251179080158,E,2024-12-30,1,Advertising Expenses,60.39,candidate,unmatched,H4IL18059,,,,unmapped_campaign_finance_label,,,,,unmapped_or_too_generic_label,openfec_transaction_label; campaign_finance_recipient_metadata,bill_id; committee_of_jurisdiction; outside_spending_target_review; legislative_outcome; complete_issue_ontology; private_contributor_details; causal_influence_or_capture_validation; model_validation,"Bounded public OpenFEC transaction-label to broad policy-topic context only; not bill-level influence, committee jurisdiction, outside-spending target beyond public FEC recipient IDs, legislative outcome, private contributor disclosure, causal capture validation, public benefit, or model validation."
2024,H0IL15129,4022620251179080157,E,2024-12-30,1,Advertising Expenses,60.39,candidate,candidate_committee_metadata,H0IL15129,"MILLER, MARY",,,unmapped_campaign_finance_label,,,,,unmapped_or_too_generic_label,openfec_transaction_label; campaign_finance_recipient_metadata,bill_id; committee_of_jurisdiction; outside_spending_target_review; legislative_outcome; complete_issue_ontology; private_contributor_details; causal_influence_or_capture_validation; model_validation,"Bounded public OpenFEC transaction-label to broad policy-topic context only; not bill-level influence, committee jurisdiction, outside-spending target beyond public FEC recipient IDs, legislative outcome, private contributor disclosure, causal capture validation, public benefit, or model validation."
2024,H4IL12060,4022620251179080156,E,2024-12-30,1,Advertising Expenses,60.39,candidate,candidate_committee_metadata,H4IL12060,"BOST, MICHAEL",,,unmapped_campaign_finance_label,,,,,unmapped_or_too_generic_label,openfec_transaction_label; campaign_finance_recipient_metadata,bill_id; committee_of_jurisdiction; outside_spending_target_review; legislative_outcome; complete_issue_ontology; private_contributor_details; causal_influence_or_capture_validation; model_validation,"Bounded public OpenFEC transaction-label to broad policy-topic context only; not bill-level influence, committee jurisdiction, outside-spending target beyond public FEC recipient IDs, legislative outcome, private contributor disclosure, causal capture validation, public benefit, or model validation."
2024,H2IL10068,4022620251179080155,E,2024-12-30,1,Advertising Expenses,60.39,candidate,candidate_committee_metadata,H2IL10068,"SCHNEIDER, BRADLEY S.",,,unmapped_campaign_finance_label,,,,,unmapped_or_too_generic_label,openfec_transaction_label; campaign_finance_recipient_metadata,bill_id; committee_of_jurisdiction; outside_spending_target_review; legislative_outcome; complete_issue_ontology; private_contributor_details; causal_influence_or_capture_validation; model_validation,"Bounded public OpenFEC transaction-label to broad policy-topic context only; not bill-level influence, committee jurisdiction, outside-spending target beyond public FEC recipient IDs, legislative outcome, private contributor disclosure, causal capture validation, public benefit, or model validation."
2024,H2IL02172,4022620251179080154,E,2024-12-30,1,Advertising Expenses,60.35,candidate,candidate_committee_metadata,H2IL02172,"KELLY, ROBIN",,,unmapped_campaign_finance_label,,,,,unmapped_or_too_generic_label,openfec_transaction_label; campaign_finance_recipient_metadata,bill_id; committee_of_jurisdiction; outside_spending_target_review; legislative_outcome; complete_issue_ontology; private_contributor_details; causal_influence_or_capture_validation; model_validation,"Bounded public OpenFEC transaction-label to broad policy-topic context only; not bill-level influence, committee jurisdiction, outside-spending target beyond public FEC recipient IDs, legislative outcome, private contributor disclosure, causal capture validation, public benefit, or model validation."
2024,S6PA00217,4020320251140887508,E,2024-12-30,1,S,401.60,candidate,candidate_committee_metadata,S6PA00217,"CASEY, ROBERT P. JR.",,,unmapped_campaign_finance_label,,,,,unmapped_or_too_generic_label,openfec_transaction_label; campaign_finance_recipient_metadata,bill_id; committee_of_jurisdiction; outside_spending_target_review; legislative_outcome; complete_issue_ontology; private_contributor_details; causal_influence_or_capture_validation; model_validation,"Bounded public OpenFEC transaction-label to broad policy-topic context only; not bill-level influence, committee jurisdiction, outside-spending target beyond public FEC recipient IDs, legislative outcome, private contributor disclosure, causal capture validation, public benefit, or model validation."
2024,P00009423,4020320251140887507,E,2024-12-30,1,S,336.50,candidate,candidate_committee_metadata,P00009423,"HARRIS, KAMALA",,,unmapped_campaign_finance_label,,,,,unmapped_or_too_generic_label,openfec_transaction_label; campaign_finance_recipient_metadata,bill_id; committee_of_jurisdiction; outside_spending_target_review; legislative_outcome; complete_issue_ontology; private_contributor_details; causal_influence_or_capture_validation; model_validation,"Bounded public OpenFEC transaction-label to broad policy-topic context only; not bill-level influence, committee jurisdiction, outside-spending target beyond public FEC recipient IDs, legislative outcome, private contributor disclosure, causal capture validation, public benefit, or model validation."
2024,H2PA01099,4020320251140887506,E,2024-12-30,1,S,23.91,candidate,candidate_committee_metadata,H2PA01099,"EHASZ, ASHLEY",,,unmapped_campaign_finance_label,,,,,unmapped_or_too_generic_label,openfec_transaction_label; campaign_finance_recipient_metadata,bill_id; committee_of_jurisdiction; outside_spending_target_review; legislative_outcome; complete_issue_ontology; private_contributor_details; causal_influence_or_capture_validation; model_validation,"Bounded public OpenFEC transaction-label to broad policy-topic context only; not bill-level influence, committee jurisdiction, outside-spending target beyond public FEC recipient IDs, legislative outcome, private contributor disclosure, causal capture validation, public benefit, or model validation."
2024,H8PA15229,4020320251140887505,E,2024-12-30,1,S,103.90,candidate,candidate_committee_metadata,H8PA15229,"WILD, SUSAN",,,unmapped_campaign_finance_label,,,,,unmapped_or_too_generic_label,openfec_transaction_label; campaign_finance_recipient_metadata,bill_id; committee_of_jurisdiction; outside_spending_target_review; legislative_outcome; complete_issue_ontology; private_contributor_details; causal_influence_or_capture_validation; model_validation,"Bounded public OpenFEC transaction-label to broad policy-topic context only; not bill-level influence, committee jurisdiction, outside-spending target beyond public FEC recipient IDs, legislative outcome, private contributor disclosure, causal capture validation, public benefit, or model validation."
2024,H2PA17103,4020320251140887504,E,2024-12-30,1,S,84.64,candidate,candidate_committee_metadata,H2PA17103,"DELUZIO, CHRISTOPHER",,,unmapped_campaign_finance_label,,,,,unmapped_or_too_generic_label,openfec_transaction_label; campaign_finance_recipient_metadata,bill_id; committee_of_jurisdiction; outside_spending_target_review; legislative_outcome; complete_issue_ontology; private_contributor_details; causal_influence_or_capture_validation; model_validation,"Bounded public OpenFEC transaction-label to broad policy-topic context only; not bill-level influence, committee jurisdiction, outside-spending target beyond public FEC recipient IDs, legislative outcome, private contributor disclosure, causal capture validation, public benefit, or model validation."
2024,S6PA00217,4020320251140887503,E,2024-12-30,1,S,314.47,candidate,candidate_committee_metadata,S6PA00217,"CASEY, ROBERT P. JR.",,,unmapped_campaign_finance_label,,,,,unmapped_or_too_generic_label,openfec_transaction_label; campaign_finance_recipient_metadata,bill_id; committee_of_jurisdiction; outside_spending_target_review; legislative_outcome; complete_issue_ontology; private_contributor_details; causal_influence_or_capture_validation; model_validation,"Bounded public OpenFEC transaction-label to broad policy-topic context only; not bill-level influence, committee jurisdiction, outside-spending target beyond public FEC recipient IDs, legislative outcome, private contributor disclosure, causal capture validation, public benefit, or model validation."
2024,S6PA00217,4020320251140887502,E,2024-12-30,1,S,257.05,candidate,candidate_committee_metadata,S6PA00217,"CASEY, ROBERT P. JR.",,,unmapped_campaign_finance_label,,,,,unmapped_or_too_generic_label,openfec_transaction_label; campaign_finance_recipient_metadata,bill_id; committee_of_jurisdiction; outside_spending_target_review; legislative_outcome; complete_issue_ontology; private_contributor_details; causal_influence_or_capture_validation; model_validation,"Bounded public OpenFEC transaction-label to broad policy-topic context only; not bill-level influence, committee jurisdiction, outside-spending target beyond public FEC recipient IDs, legislative outcome, private contributor disclosure, causal capture validation, public benefit, or model validation."
2024,S6PA00217,4020320251140887501,E,2024-12-30,1,S,239.10,candidate,candidate_committee_metadata,S6PA00217,"CASEY, ROBERT P. JR.",,,unmapped_campaign_finance_label,,,,,unmapped_or_too_generic_label,openfec_transaction_label; campaign_finance_recipient_metadata,bill_id; committee_of_jurisdiction; outside_spending_target_review; legislative_outcome; complete_issue_ontology; private_contributor_details; causal_influence_or_capture_validation; model_validation,"Bounded public OpenFEC transaction-label to broad policy-topic context only; not bill-level influence, committee jurisdiction, outside-spending target beyond public FEC recipient IDs, legislative outcome, private contributor disclosure, causal capture validation, public benefit, or model validation."
2024,H8PA15229,4020320251140887500,E,2024-12-30,1,S,70.88,candidate,candidate_committee_metadata,H8PA15229,"WILD, SUSAN",,,unmapped_campaign_finance_label,,,,,unmapped_or_too_generic_label,openfec_transaction_label; campaign_finance_recipient_metadata,bill_id; committee_of_jurisdiction; outside_spending_target_review; legislative_outcome; complete_issue_ontology; private_contributor_details; causal_influence_or_capture_validation; model_validation,"Bounded public OpenFEC transaction-label to broad policy-topic context only; not bill-level influence, committee jurisdiction, outside-spending target beyond public FEC recipient IDs, legislative outcome, private contributor disclosure, causal capture validation, public benefit, or model validation."
2024,P00009423,4020320251140887499,E,2024-12-30,1,S,654.23,candidate,candidate_committee_metadata,P00009423,"HARRIS, KAMALA",,,unmapped_campaign_finance_label,,,,,unmapped_or_too_generic_label,openfec_transaction_label; campaign_finance_recipient_metadata,bill_id; committee_of_jurisdiction; outside_spending_target_review; legislative_outcome; complete_issue_ontology; private_contributor_details; causal_influence_or_capture_validation; model_validation,"Bounded public OpenFEC transaction-label to broad policy-topic context only; not bill-level influence, committee jurisdiction, outside-spending target beyond public FEC recipient IDs, legislative outcome, private contributor disclosure, causal capture validation, public benefit, or model validation."
2024,S6PA00217,4020320251140887498,E,2024-12-30,1,S,406.35,candidate,candidate_committee_metadata,S6PA00217,"CASEY, ROBERT P. JR.",,,unmapped_campaign_finance_label,,,,,unmapped_or_too_generic_label,openfec_transaction_label; campaign_finance_recipient_metadata,bill_id; committee_of_jurisdiction; outside_spending_target_review; legislative_outcome; complete_issue_ontology; private_contributor_details; causal_influence_or_capture_validation; model_validation,"Bounded public OpenFEC transaction-label to broad policy-topic context only; not bill-level influence, committee jurisdiction, outside-spending target beyond public FEC recipient IDs, legislative outcome, private contributor disclosure, causal capture validation, public benefit, or model validation."
2024,P00009423,4020320251140887497,E,2024-12-30,1,S,401.60,candidate,candidate_committee_metadata,P00009423,"HARRIS, KAMALA",,,unmapped_campaign_finance_label,,,,,unmapped_or_too_generic_label,openfec_transaction_label; campaign_finance_recipient_metadata,bill_id; committee_of_jurisdiction; outside_spending_target_review; legislative_outcome; complete_issue_ontology; private_contributor_details; causal_influence_or_capture_validation; model_validation,"Bounded public OpenFEC transaction-label to broad policy-topic context only; not bill-level influence, committee jurisdiction, outside-spending target beyond public FEC recipient IDs, legislative outcome, private contributor disclosure, causal capture validation, public benefit, or model validation."
2024,H2PA01099,4020320251140887496,E,2024-12-30,1,S,14.24,candidate,candidate_committee_metadata,H2PA01099,"EHASZ, ASHLEY",,,unmapped_campaign_finance_label,,,,,unmapped_or_too_generic_label,openfec_transaction_label; campaign_finance_recipient_metadata,bill_id; committee_of_jurisdiction; outside_spending_target_review; legislative_outcome; complete_issue_ontology; private_contributor_details; causal_influence_or_capture_validation; model_validation,"Bounded public OpenFEC transaction-label to broad policy-topic context only; not bill-level influence, committee jurisdiction, outside-spending target beyond public FEC recipient IDs, legislative outcome, private contributor disclosure, causal capture validation, public benefit, or model validation."
2024,H2PA17103,4020320251140887495,E,2024-12-30,1,S,103.90,candidate,candidate_committee_metadata,H2PA17103,"DELUZIO, CHRISTOPHER",,,unmapped_campaign_finance_label,,,,,unmapped_or_too_generic_label,openfec_transaction_label; campaign_finance_recipient_metadata,bill_id; committee_of_jurisdiction; outside_spending_target_review; legislative_outcome; complete_issue_ontology; private_contributor_details; causal_influence_or_capture_validation; model_validation,"Bounded public OpenFEC transaction-label to broad policy-topic context only; not bill-level influence, committee jurisdiction, outside-spending target beyond public FEC recipient IDs, legislative outcome, private contributor disclosure, causal capture validation, public benefit, or model validation."
2024,H2PA17103,4020320251140887494,E,2024-12-30,1,S,79.71,candidate,candidate_committee_metadata,H2PA17103,"DELUZIO, CHRISTOPHER",,,unmapped_campaign_finance_label,,,,,unmapped_or_too_generic_label,openfec_transaction_label; campaign_finance_recipient_metadata,bill_id; committee_of_jurisdiction; outside_spending_target_review; legislative_outcome; complete_issue_ontology; private_contributor_details; causal_influence_or_capture_validation; model_validation,"Bounded public OpenFEC transaction-label to broad policy-topic context only; not bill-level influence, committee jurisdiction, outside-spending target beyond public FEC recipient IDs, legislative outcome, private contributor disclosure, causal capture validation, public benefit, or model validation."
2024,H2PA17103,4020320251140887493,E,2024-12-30,1,S,76.10,candidate,candidate_committee_metadata,H2PA17103,"DELUZIO, CHRISTOPHER",,,unmapped_campaign_finance_label,,,,,unmapped_or_too_generic_label,openfec_transaction_label; campaign_finance_recipient_metadata,bill_id; committee_of_jurisdiction; outside_spending_target_review; legislative_outcome; complete_issue_ontology; private_contributor_details; causal_influence_or_capture_validation; model_validation,"Bounded public OpenFEC transaction-label to broad policy-topic context only; not bill-level influence, committee jurisdiction, outside-spending target beyond public FEC recipient IDs, legislative outcome, private contributor disclosure, causal capture validation, public benefit, or model validation."
2024,P00009423,4020320251140887492,E,2024-12-30,1,S,1115.80,candidate,candidate_committee_metadata,P00009423,"HARRIS, KAMALA",,,unmapped_campaign_finance_label,,,,,unmapped_or_too_generic_label,openfec_transaction_label; campaign_finance_recipient_metadata,bill_id; committee_of_jurisdiction; outside_spending_target_review; legislative_outcome; complete_issue_ontology; private_contributor_details; causal_influence_or_capture_validation; model_validation,"Bounded public OpenFEC transaction-label to broad policy-topic context only; not bill-level influence, committee jurisdiction, outside-spending target beyond public FEC recipient IDs, legislative outcome, private contributor disclosure, causal capture validation, public benefit, or model validation."
2024,P00009423,4020320251140887491,E,2024-12-30,1,S,1113.70,candidate,candidate_committee_metadata,P00009423,"HARRIS, KAMALA",,,unmapped_campaign_finance_label,,,,,unmapped_or_too_generic_label,openfec_transaction_label; campaign_finance_recipient_metadata,bill_id; committee_of_jurisdiction; outside_spending_target_review; legislative_outcome; complete_issue_ontology; private_contributor_details; causal_influence_or_capture_validation; model_validation,"Bounded public OpenFEC transaction-label to broad policy-topic context only; not bill-level influence, committee jurisdiction, outside-spending target beyond public FEC recipient IDs, legislative outcome, private contributor disclosure, causal capture validation, public benefit, or model validation."
2024,H8PA15229,4020320251140887490,E,2024-12-30,1,S,84.64,candidate,candidate_committee_metadata,H8PA15229,"WILD, SUSAN",,,unmapped_campaign_finance_label,,,,,unmapped_or_too_generic_label,openfec_transaction_label; campaign_finance_recipient_metadata,bill_id; committee_of_jurisdiction; outside_spending_target_review; legislative_outcome; complete_issue_ontology; private_contributor_details; causal_influence_or_capture_validation; model_validation,"Bounded public OpenFEC transaction-label to broad policy-topic context only; not bill-level influence, committee jurisdiction, outside-spending target beyond public FEC recipient IDs, legislative outcome, private contributor disclosure, causal capture validation, public benefit, or model validation."
2024,S6PA00217,4020320251140887489,E,2024-12-30,1,S,241.95,candidate,candidate_committee_metadata,S6PA00217,"CASEY, ROBERT P. JR.",,,unmapped_campaign_finance_label,,,,,unmapped_or_too_generic_label,openfec_transaction_label; campaign_finance_recipient_metadata,bill_id; committee_of_jurisdiction; outside_spending_target_review; legislative_outcome; complete_issue_ontology; private_contributor_details; causal_influence_or_capture_validation; model_validation,"Bounded public OpenFEC transaction-label to broad policy-topic context only; not bill-level influence, committee jurisdiction, outside-spending target beyond public FEC recipient IDs, legislative outcome, private contributor disclosure, causal capture validation, public benefit, or model validation."
2024,H2PA17103,4020320251140887488,E,2024-12-30,1,S,16.28,candidate,candidate_committee_metadata,H2PA17103,"DELUZIO, CHRISTOPHER",,,unmapped_campaign_finance_label,,,,,unmapped_or_too_generic_label,openfec_transaction_label; campaign_finance_recipient_metadata,bill_id; committee_of_jurisdiction; outside_spending_target_review; legislative_outcome; complete_issue_ontology; private_contributor_details; causal_influence_or_capture_validation; model_validation,"Bounded public OpenFEC transaction-label to broad policy-topic context only; not bill-level influence, committee jurisdiction, outside-spending target beyond public FEC recipient IDs, legislative outcome, private contributor disclosure, causal capture validation, public benefit, or model validation."
2024,H2PA01099,4020320251140887487,E,2024-12-30,1,S,97.31,candidate,candidate_committee_metadata,H2PA01099,"EHASZ, ASHLEY",,,unmapped_campaign_finance_label,,,,,unmapped_or_too_generic_label,openfec_transaction_label; campaign_finance_recipient_metadata,bill_id; committee_of_jurisdiction; outside_spending_target_review; legislative_outcome; complete_issue_ontology; private_contributor_details; causal_influence_or_capture_validation; model_validation,"Bounded public OpenFEC transaction-label to broad policy-topic context only; not bill-level influence, committee jurisdiction, outside-spending target beyond public FEC recipient IDs, legislative outcome, private contributor disclosure, causal capture validation, public benefit, or model validation."
2024,H2PA01099,4020320251140887486,E,2024-12-30,1,S,14.04,candidate,candidate_committee_metadata,H2PA01099,"EHASZ, ASHLEY",,,unmapped_campaign_finance_label,,,,,unmapped_or_too_generic_label,openfec_transaction_label; campaign_finance_recipient_metadata,bill_id; committee_of_jurisdiction; outside_spending_target_review; legislative_outcome; complete_issue_ontology; private_contributor_details; causal_influence_or_capture_validation; model_validation,"Bounded public OpenFEC transaction-label to broad policy-topic context only; not bill-level influence, committee jurisdiction, outside-spending target beyond public FEC recipient IDs, legislative outcome, private contributor disclosure, causal capture validation, public benefit, or model validation."
2024,H2PA01099,4020320251140887485,E,2024-12-30,1,S,103.90,candidate,candidate_committee_metadata,H2PA01099,"EHASZ, ASHLEY",,,unmapped_campaign_finance_label,,,,,unmapped_or_too_generic_label,openfec_transaction_label; campaign_finance_recipient_metadata,bill_id; committee_of_jurisdiction; outside_spending_target_review; legislative_outcome; complete_issue_ontology; private_contributor_details; causal_influence_or_capture_validation; model_validation,"Bounded public OpenFEC transaction-label to broad policy-topic context only; not bill-level influence, committee jurisdiction, outside-spending target beyond public FEC recipient IDs, legislative outcome, private contributor disclosure, causal capture validation, public benefit, or model validation."
2024,H2PA17103,4020320251140887484,E,2024-12-30,1,S,23.91,candidate,candidate_committee_metadata,H2PA17103,"DELUZIO, CHRISTOPHER",,,unmapped_campaign_finance_label,,,,,unmapped_or_too_generic_label,openfec_transaction_label; campaign_finance_recipient_metadata,bill_id; committee_of_jurisdiction; outside_spending_target_review; legislative_outcome; complete_issue_ontology; private_contributor_details; causal_influence_or_capture_validation; model_validation,"Bounded public OpenFEC transaction-label to broad policy-topic context only; not bill-level influence, committee jurisdiction, outside-spending target beyond public FEC recipient IDs, legislative outcome, private contributor disclosure, causal capture validation, public benefit, or model validation."
2024,P00009423,4020320251140887483,E,2024-12-30,1,S,1295.00,candidate,candidate_committee_metadata,P00009423,"HARRIS, KAMALA",,,unmapped_campaign_finance_label,,,,,unmapped_or_too_generic_label,openfec_transaction_label; campaign_finance_recipient_metadata,bill_id; committee_of_jurisdiction; outside_spending_target_review; legislative_outcome; complete_issue_ontology; private_contributor_details; causal_influence_or_capture_validation; model_validation,"Bounded public OpenFEC transaction-label to broad policy-topic context only; not bill-level influence, committee jurisdiction, outside-spending target beyond public FEC recipient IDs, legislative outcome, private contributor disclosure, causal capture validation, public benefit, or model validation."
2024,P00009423,4020320251140887482,E,2024-12-30,1,S,429.57,candidate,candidate_committee_metadata,P00009423,"HARRIS, KAMALA",,,unmapped_campaign_finance_label,,,,,unmapped_or_too_generic_label,openfec_transaction_label; campaign_finance_recipient_metadata,bill_id; committee_of_jurisdiction; outside_spending_target_review; legislative_outcome; complete_issue_ontology; private_contributor_details; causal_influence_or_capture_validation; model_validation,"Bounded public OpenFEC transaction-label to broad policy-topic context only; not bill-level influence, committee jurisdiction, outside-spending target beyond public FEC recipient IDs, legislative outcome, private contributor disclosure, causal capture validation, public benefit, or model validation."
2024,H8PA15229,4020320251140887481,E,2024-12-30,1,S,76.09,candidate,candidate_committee_metadata,H8PA15229,"WILD, SUSAN",,,unmapped_campaign_finance_label,,,,,unmapped_or_too_generic_label,openfec_transaction_label; campaign_finance_recipient_metadata,bill_id; committee_of_jurisdiction; outside_spending_target_review; legislative_outcome; complete_issue_ontology; private_contributor_details; causal_influence_or_capture_validation; model_validation,"Bounded public OpenFEC transaction-label to broad policy-topic context only; not bill-level influence, committee jurisdiction, outside-spending target beyond public FEC recipient IDs, legislative outcome, private contributor disclosure, causal capture validation, public benefit, or model validation."
2024,P00009423,4020320251140887480,E,2024-12-30,1,S,459.36,candidate,candidate_committee_metadata,P00009423,"HARRIS, KAMALA",,,unmapped_campaign_finance_label,,,,,unmapped_or_too_generic_label,openfec_transaction_label; campaign_finance_recipient_metadata,bill_id; committee_of_jurisdiction; outside_spending_target_review; legislative_outcome; complete_issue_ontology; private_contributor_details; causal_influence_or_capture_validation; model_validation,"Bounded public OpenFEC transaction-label to broad policy-topic context only; not bill-level influence, committee jurisdiction, outside-spending target beyond public FEC recipient IDs, legislative outcome, private contributor disclosure, causal capture validation, public benefit, or model validation."
2024,H8PA15229,4020320251140887479,E,2024-12-30,1,S,79.71,candidate,candidate_committee_metadata,H8PA15229,"WILD, SUSAN",,,unmapped_campaign_finance_label,,,,,unmapped_or_too_generic_label,openfec_transaction_label; campaign_finance_recipient_metadata,bill_id; committee_of_jurisdiction; outside_spending_target_review; legislative_outcome; complete_issue_ontology; private_contributor_details; causal_influence_or_capture_validation; model_validation,"Bounded public OpenFEC transaction-label to broad policy-topic context only; not bill-level influence, committee jurisdiction, outside-spending target beyond public FEC recipient IDs, legislative outcome, private contributor disclosure, causal capture validation, public benefit, or model validation."
2024,P00009423,4020320251140887478,E,2024-12-30,1,S,1896.30,candidate,candidate_committee_metadata,P00009423,"HARRIS, KAMALA",,,unmapped_campaign_finance_label,,,,,unmapped_or_too_generic_label,openfec_transaction_label; campaign_finance_recipient_metadata,bill_id; committee_of_jurisdiction; outside_spending_target_review; legislative_outcome; complete_issue_ontology; private_contributor_details; causal_influence_or_capture_validation; model_validation,"Bounded public OpenFEC transaction-label to broad policy-topic context only; not bill-level influence, committee jurisdiction, outside-spending target beyond public FEC recipient IDs, legislative outcome, private contributor disclosure, causal capture validation, public benefit, or model validation."
2024,P00009423,4020320251140887477,E,2024-12-30,1,S,92.24,candidate,candidate_committee_metadata,P00009423,"HARRIS, KAMALA",,,unmapped_campaign_finance_label,,,,,unmapped_or_too_generic_label,openfec_transaction_label; campaign_finance_recipient_metadata,bill_id; committee_of_jurisdiction; outside_spending_target_review; legislative_outcome; complete_issue_ontology; private_contributor_details; causal_influence_or_capture_validation; model_validation,"Bounded public OpenFEC transaction-label to broad policy-topic context only; not bill-level influence, committee jurisdiction, outside-spending target beyond public FEC recipient IDs, legislative outcome, private contributor disclosure, causal capture validation, public benefit, or model validation."
2024,H2PA01099,4020320251140887476,E,2024-12-30,1,S,55.49,candidate,candidate_committee_metadata,H2PA01099,"EHASZ, ASHLEY",,,unmapped_campaign_finance_label,,,,,unmapped_or_too_generic_label,openfec_transaction_label; campaign_finance_recipient_metadata,bill_id; committee_of_jurisdiction; outside_spending_target_review; legislative_outcome; complete_issue_ontology; private_contributor_details; causal_influence_or_capture_validation; model_validation,"Bounded public OpenFEC transaction-label to broad policy-topic context only; not bill-level influence, committee jurisdiction, outside-spending target beyond public FEC recipient IDs, legislative outcome, private contributor disclosure, causal capture validation, public benefit, or model validation."
2024,H2PA01099,4020320251140887475,E,2024-12-30,1,S,17.67,candidate,candidate_committee_metadata,H2PA01099,"EHASZ, ASHLEY",,,unmapped_campaign_finance_label,,,,,unmapped_or_too_generic_label,openfec_transaction_label; campaign_finance_recipient_metadata,bill_id; committee_of_jurisdiction; outside_spending_target_review; legislative_outcome; complete_issue_ontology; private_contributor_details; causal_influence_or_capture_validation; model_validation,"Bounded public OpenFEC transaction-label to broad policy-topic context only; not bill-level influence, committee jurisdiction, outside-spending target beyond public FEC recipient IDs, legislative outcome, private contributor disclosure, causal capture validation, public benefit, or model validation."
2024,P00009423,4020320251140887474,E,2024-12-30,1,S,1129.10,candidate,candidate_committee_metadata,P00009423,"HARRIS, KAMALA",,,unmapped_campaign_finance_label,,,,,unmapped_or_too_generic_label,openfec_transaction_label; campaign_finance_recipient_metadata,bill_id; committee_of_jurisdiction; outside_spending_target_review; legislative_outcome; complete_issue_ontology; private_contributor_details; causal_influence_or_capture_validation; model_validation,"Bounded public OpenFEC transaction-label to broad policy-topic context only; not bill-level influence, committee jurisdiction, outside-spending target beyond public FEC recipient IDs, legislative outcome, private contributor disclosure, causal capture validation, public benefit, or model validation."
2024,H2PA17103,4020320251140887473,E,2024-12-30,1,S,14.24,candidate,candidate_committee_metadata,H2PA17103,"DELUZIO, CHRISTOPHER",,,unmapped_campaign_finance_label,,,,,unmapped_or_too_generic_label,openfec_transaction_label; campaign_finance_recipient_metadata,bill_id; committee_of_jurisdiction; outside_spending_target_review; legislative_outcome; complete_issue_ontology; private_contributor_details; causal_influence_or_capture_validation; model_validation,"Bounded public OpenFEC transaction-label to broad policy-topic context only; not bill-level influence, committee jurisdiction, outside-spending target beyond public FEC recipient IDs, legislative outcome, private contributor disclosure, causal capture validation, public benefit, or model validation."
2024,P00009423,4020320251140887472,E,2024-12-30,1,S,2024.81,candidate,candidate_committee_metadata,P00009423,"HARRIS, KAMALA",,,unmapped_campaign_finance_label,,,,,unmapped_or_too_generic_label,openfec_transaction_label; campaign_finance_recipient_metadata,bill_id; committee_of_jurisdiction; outside_spending_target_review; legislative_outcome; complete_issue_ontology; private_contributor_details; causal_influence_or_capture_validation; model_validation,"Bounded public OpenFEC transaction-label to broad policy-topic context only; not bill-level influence, committee jurisdiction, outside-spending target beyond public FEC recipient IDs, legislative outcome, private contributor disclosure, causal capture validation, public benefit, or model validation."
