calendarPriorityThreshold,specialRuleThreshold,suspensionThreshold,seedCount,runsPerSeed,simulatedBills,committeeAdvanceRate,floorConsiderationRate,advanceToFloorRate,enactmentRate,specialRuleOnlyRouteShare,suspensionOnlyRouteShare,mixedSpecialRuleAndSuspensionRouteShare,otherFloorRouteShare,restrictiveSpecialRuleShare,closedRuleRate,openRuleRate,calendarCapacityDenialRate,floorConsiderationRateError,specialRuleOnlyRouteShareError,suspensionOnlyRouteShareError,mixedSpecialRuleAndSuspensionRouteShareError,otherFloorRouteShareError,floorConsiderationRateStandardizedError,specialRuleOnlyRouteShareStandardizedError,suspensionOnlyRouteShareStandardizedError,mixedSpecialRuleAndSuspensionRouteShareStandardizedError,otherFloorRouteShareStandardizedError,selectionLoss,maximumAbsoluteStandardizedError,selected
0.620000000000,0.350000000000,0.350000000000,20,12,14400,0.108680555556,0.090000000000,0.828115015974,0.034027777778,0.000000000000,0.102623456790,0.897376543210,0.000000000000,1.000000000000,0.060347222222,0.048333333333,0.018680555556,0.010089499760,-0.103333333333,-0.729376543210,0.872043209877,-0.039333333333,0.672633317333,-2.583333333325,-14.587530864198,43.602160493844,-1.311111111100,2122.789515481139,43.602160493844,0
0.620000000000,0.350000000000,0.375000000000,20,12,14400,0.105486111111,0.087916666667,0.833443054641,0.034097222222,0.000000000000,0.112954186414,0.887045813586,0.000000000000,1.000000000000,0.058819444444,0.046666666667,0.017569444444,0.008006166427,-0.103333333333,-0.719045813586,0.861712480253,-0.039333333333,0.533744428444,-2.583333333325,-14.380916271722,43.085624012655,-1.311111111100,2071.859255945758,43.085624012655,0
0.620000000000,0.350000000000,0.400000000000,20,12,14400,0.107847222222,0.089930555556,0.833869929169,0.033750000000,0.000000000000,0.114285714286,0.885714285714,0.000000000000,1.000000000000,0.060000000000,0.047847222222,0.017916666667,0.010020055316,-0.103333333333,-0.717714285714,0.860380952381,-0.039333333333,0.668003687704,-2.583333333325,-14.354285714286,43.019047619064,-1.311111111100,2065.522828802176,43.019047619064,0
0.620000000000,0.350000000000,0.425000000000,20,12,14400,0.107222222222,0.089236111111,0.832253886010,0.032638888889,0.000000000000,0.108949416342,0.891050583658,0.000000000000,1.000000000000,0.059722222222,0.047500000000,0.017986111111,0.009325610871,-0.103333333333,-0.723050583658,0.865717250325,-0.039333333333,0.621707391407,-2.583333333325,-14.461011673152,43.285862516229,-1.311111111100,2091.565895922196,43.285862516229,0
0.620000000000,0.350000000000,0.450000000000,20,12,14400,0.105902777778,0.089027777778,0.840655737705,0.035208333333,0.000000000000,0.107644305772,0.892355694228,0.000000000000,1.000000000000,0.057708333333,0.048194444444,0.016875000000,0.009117277538,-0.103333333333,-0.724355694228,0.867022360895,-0.039333333333,0.607818502519,-2.583333333325,-14.487113884555,43.351118044738,-1.311111111100,2097.957971221645,43.351118044738,0
0.620000000000,0.350000000000,0.475000000000,20,12,14400,0.106527777778,0.089444444444,0.839634941330,0.035902777778,0.000000000000,0.111801242236,0.888198757764,0.000000000000,1.000000000000,0.059236111111,0.047291666667,0.017083333333,0.009533944204,-0.103333333333,-0.720198757764,0.862865424431,-0.039333333333,0.635596280296,-2.583333333325,-14.403975155280,43.143271221549,-1.311111111100,2077.612958058273,43.143271221549,0
0.620000000000,0.350000000000,0.500000000000,20,12,14400,0.105208333333,0.088125000000,0.837623762376,0.033541666667,0.000000000000,0.115051221434,0.884948778566,0.000000000000,1.000000000000,0.059027777778,0.046180555556,0.017083333333,0.008214499760,-0.103333333333,-0.716948778566,0.859615445233,-0.039333333333,0.547633317333,-2.583333333325,-14.338975571316,42.980772261640,-1.311111111100,2061.645530348725,42.980772261640,0
0.620000000000,0.350000000000,0.525000000000,20,12,14400,0.106041666667,0.088333333333,0.833005893910,0.032847222222,0.000000000000,0.106918238994,0.893081761006,0.000000000000,1.000000000000,0.058680555556,0.047361111111,0.017708333333,0.008422833093,-0.103333333333,-0.725081761006,0.867748427673,-0.039333333333,0.561522206222,-2.583333333325,-14.501635220126,43.387421383664,-1.311111111100,2101.473689026053,43.387421383664,0
0.620000000000,0.350000000000,0.550000000000,20,12,14400,0.107222222222,0.088819444444,0.828367875648,0.033333333333,0.000000000000,0.104769351056,0.895230648944,0.000000000000,1.000000000000,0.059236111111,0.047986111111,0.018402777778,0.008908944204,-0.103333333333,-0.727230648944,0.869897315611,-0.039333333333,0.593929613630,-2.583333333325,-14.544612978890,43.494865780574,-1.311111111100,2112.094491818531,43.494865780574,0
0.620000000000,0.350000000000,0.575000000000,20,12,14400,0.106666666667,0.088888888889,0.833333333333,0.034444444444,0.000000000000,0.113281250000,0.886718750000,0.000000000000,1.000000000000,0.059236111111,0.047430555556,0.017777777778,0.008978388649,-0.103333333333,-0.718718750000,0.861385416667,-0.039333333333,0.598559243259,-2.583333333325,-14.374375000000,43.069270833350,-1.311111111100,2070.335643381496,43.069270833350,0
0.620000000000,0.350000000000,0.600000000000,20,12,14400,0.105486111111,0.088611111111,0.840026333114,0.036597222222,0.000000000000,0.109717868339,0.890282131661,0.000000000000,1.000000000000,0.057916666667,0.047569444444,0.016875000000,0.008700610871,-0.103333333333,-0.722282131661,0.864948798328,-0.039333333333,0.580040724741,-2.583333333325,-14.445642633229,43.247439916422,-1.311111111100,2087.746721110566,43.247439916422,0
0.620000000000,0.350000000000,0.625000000000,20,12,14400,0.107847222222,0.090208333333,0.836445589182,0.033958333333,0.000000000000,0.111624326405,0.888375673595,0.000000000000,1.000000000000,0.059791666667,0.048055555556,0.017638888889,0.010297833093,-0.103333333333,-0.720375673595,0.863042340262,-0.039333333333,0.686522206222,-2.583333333325,-14.407513471901,43.152117013104,-1.311111111100,2078.545583351965,43.152117013104,0
0.620000000000,0.350000000000,0.650000000000,20,12,14400,0.106944444444,0.089583333333,0.837662337662,0.032986111111,0.005426356589,0.121705426357,0.872868217054,0.000000000000,1.000000000000,0.059305555556,0.047638888889,0.017361111111,0.009672833093,-0.097906976744,-0.710294573643,0.847534883721,-0.039333333333,0.644855539556,-2.447674418596,-14.205891472868,42.376744186063,-1.311111111100,2005.721761421941,42.376744186063,0
0.620000000000,0.350000000000,0.675000000000,20,12,14400,0.105902777778,0.088402777778,0.834754098361,0.032430555556,0.018067556952,0.117046347211,0.864886095837,0.000000000000,1.000000000000,0.058333333333,0.047569444444,0.017500000000,0.008492277538,-0.085265776381,-0.714953652789,0.839552762504,-0.039333333333,0.566151835852,-2.131644409523,-14.299073055774,41.977638125180,-1.311111111100,1973.169040958482,41.977638125180,0
0.620000000000,0.350000000000,0.700000000000,20,12,14400,0.105972222222,0.089027777778,0.840104849279,0.033680555556,0.063182527301,0.106864274571,0.829953198128,0.000000000000,1.000000000000,0.058472222222,0.047500000000,0.016944444444,0.009117277538,-0.040150806032,-0.725135725429,0.804619864795,-0.039333333333,0.607818502519,-1.003770150798,-14.502714508580,40.230993239746,-1.311111111100,1831.957555367182,40.230993239746,0
0.620000000000,0.350000000000,0.725000000000,20,12,14400,0.105416666667,0.088125000000,0.835968379447,0.032847222222,0.153664302600,0.104806934594,0.741528762805,0.000000000000,1.000000000000,0.057916666667,0.047500000000,0.017291666667,0.008214499760,0.050330969267,-0.727193065406,0.716195429472,-0.039333333333,0.547633317333,1.258274231687,-14.543861308117,35.809771473618,-1.311111111100,1497.465803380504,35.809771473618,0
0.620000000000,0.350000000000,0.750000000000,20,12,14400,0.108541666667,0.090694444444,0.835572616763,0.034583333333,0.288667687596,0.104900459418,0.598009188361,0.008422664625,1.000000000000,0.059444444444,0.049097222222,0.017847222222,0.010783944204,0.185334354263,-0.727099540582,0.572675855028,-0.030910668708,0.718929613630,4.633358856568,-14.541990811639,28.633792751420,-1.030355623606,1054.410090891266,28.633792751420,0
0.620000000000,0.375000000000,0.350000000000,20,12,14400,0.109513888889,0.091597222222,0.836398224477,0.035000000000,0.000000000000,0.228961334344,0.771038665656,0.000000000000,1.000000000000,0.060902777778,0.048611111111,0.017916666667,0.011686721982,-0.103333333333,-0.603038665656,0.745705332323,-0.039333333333,0.779114798815,-2.583333333325,-12.060773313116,37.285266616140,-1.311111111100,1544.653002873465,37.285266616140,0
0.620000000000,0.375000000000,0.375000000000,20,12,14400,0.105902777778,0.088819444444,0.838688524590,0.034930555556,0.000000000000,0.236121970289,0.763878029711,0.000000000000,1.000000000000,0.058125000000,0.047777777778,0.017083333333,0.008908944204,-0.103333333333,-0.595878029711,0.738544696378,-0.039333333333,0.593929613630,-2.583333333325,-11.917560594214,36.927234818886,-1.311111111100,1514.394297728546,36.927234818886,0
0.620000000000,0.375000000000,0.400000000000,20,12,14400,0.108333333333,0.090000000000,0.830769230769,0.034513888889,0.000000000000,0.237654320988,0.762345679012,0.000000000000,1.000000000000,0.059375000000,0.048958333333,0.018333333333,0.010089499760,-0.103333333333,-0.594345679012,0.737012345679,-0.039333333333,0.672633317333,-2.583333333325,-11.886913580247,36.850617283967,-1.311111111100,1508.111767709988,36.850617283967,0
0.620000000000,0.375000000000,0.425000000000,20,12,14400,0.105972222222,0.088819444444,0.838138925295,0.034513888889,0.000000000000,0.232212666145,0.767787333855,0.000000000000,1.000000000000,0.058541666667,0.047430555556,0.017152777778,0.008908944204,-0.103333333333,-0.599787333855,0.742454000522,-0.039333333333,0.593929613630,-2.583333333325,-11.995746677091,37.122700026079,-1.311111111100,1530.738171409840,37.122700026079,0
0.620000000000,0.375000000000,0.450000000000,20,12,14400,0.107638888889,0.090069444444,0.836774193548,0.035138888889,0.000000000000,0.231303006939,0.768696993061,0.000000000000,1.000000000000,0.059861111111,0.047777777778,0.017569444444,0.010158944204,-0.103333333333,-0.600696993061,0.743363659728,-0.039333333333,0.677262946963,-2.583333333325,-12.013939861218,37.168182986395,-1.311111111100,1534.659886055189,37.168182986395,0
0.620000000000,0.375000000000,0.475000000000,20,12,14400,0.106527777778,0.088680555556,0.832464146023,0.033611111111,0.000000000000,0.230227094753,0.769772905247,0.000000000000,1.000000000000,0.059722222222,0.046805555556,0.017847222222,0.008770055316,-0.103333333333,-0.601772905247,0.744439571914,-0.039333333333,0.584670354370,-2.583333333325,-12.035458104933,37.221978595684,-1.311111111100,1539.062405253132,37.221978595684,0
0.620000000000,0.375000000000,0.500000000000,20,12,14400,0.106875000000,0.089722222222,0.839506172840,0.034236111111,0.000000000000,0.237616099071,0.762383900929,0.000000000000,1.000000000000,0.059097222222,0.047777777778,0.017152777778,0.009811721982,-0.103333333333,-0.594383900929,0.737050567596,-0.039333333333,0.654114798815,-2.583333333325,-11.887678018576,36.852528379790,-1.311111111100,1508.246226283280,36.852528379790,0
0.620000000000,0.375000000000,0.525000000000,20,12,14400,0.108055555556,0.089652777778,0.829691516710,0.033958333333,0.000000000000,0.243222308288,0.756777691712,0.000000000000,1.000000000000,0.060138888889,0.047916666667,0.018402777778,0.009742277538,-0.103333333333,-0.588777691712,0.731444358379,-0.039333333333,0.649485169185,-2.583333333325,-11.775553834237,36.572217918943,-1.311111111100,1485.005246055347,36.572217918943,0
0.620000000000,0.375000000000,0.550000000000,20,12,14400,0.107013888889,0.089375000000,0.835171966256,0.033888888889,0.000000000000,0.249417249417,0.750582750583,0.000000000000,1.000000000000,0.059444444444,0.047569444444,0.017638888889,0.009464499760,-0.103333333333,-0.582582750583,0.725249417250,-0.039333333333,0.630966650667,-2.583333333325,-11.651655011655,36.262470862488,-1.311111111100,1459.518599934352,36.262470862488,0
0.620000000000,0.375000000000,0.575000000000,20,12,14400,0.106805555556,0.089097222222,0.834200260078,0.033125000000,0.000000000000,0.235385814497,0.764614185503,0.000000000000,1.000000000000,0.059166666667,0.047638888889,0.017708333333,0.009186721982,-0.103333333333,-0.596614185503,0.739280852170,-0.039333333333,0.612448132148,-2.583333333325,-11.932283710055,36.964042608486,-1.311111111100,1517.487556670522,36.964042608486,0
0.620000000000,0.375000000000,0.600000000000,20,12,14400,0.107569444444,0.089305555556,0.830213040671,0.032638888889,0.000000000000,0.234059097978,0.765940902022,0.000000000000,1.000000000000,0.059166666667,0.048402777778,0.018263888889,0.009395055316,-0.103333333333,-0.597940902022,0.740607568689,-0.039333333333,0.626337021037,-2.583333333325,-11.958818040435,37.030378434439,-1.311111111100,1523.047177442618,37.030378434439,0
0.620000000000,0.375000000000,0.625000000000,20,12,14400,0.106458333333,0.088680555556,0.833007175473,0.034027777778,0.000783085356,0.238841033673,0.760375880971,0.000000000000,1.000000000000,0.059305555556,0.047152777778,0.017777777778,0.008770055316,-0.102550247977,-0.593158966327,0.735042547638,-0.039333333333,0.584670354370,-2.563756199417,-11.863179326547,36.752127381901,-1.311111111100,1500.087588448282,36.752127381901,0
0.620000000000,0.375000000000,0.650000000000,20,12,14400,0.108819444444,0.090763888889,0.834077855775,0.036527777778,0.003825554705,0.238714613619,0.757459831676,0.000000000000,1.000000000000,0.060208333333,0.048611111111,0.018055555556,0.010853388649,-0.099507778628,-0.593285386381,0.732126498343,-0.039333333333,0.723559243259,-2.487694465689,-11.865707727620,36.606324917130,-1.311111111100,1489.249217894559,36.606324917130,0
0.620000000000,0.375000000000,0.675000000000,20,12,14400,0.109444444444,0.090763888889,0.829314720812,0.034305555556,0.019127773527,0.241775057383,0.739097169090,0.000000000000,1.000000000000,0.060902777778,0.048541666667,0.018680555556,0.010853388649,-0.084205559806,-0.590224942617,0.713763835757,-0.039333333333,0.723559243259,-2.105138995146,-11.804498852334,35.688191787826,-1.311111111100,1419.667386752426,35.688191787826,0
0.620000000000,0.375000000000,0.700000000000,20,12,14400,0.107500000000,0.089444444444,0.832041343669,0.033680555556,0.065217391304,0.231366459627,0.703416149068,0.000000000000,1.000000000000,0.059861111111,0.047638888889,0.018055555556,0.009533944204,-0.038115942029,-0.600633540373,0.678082815735,-0.039333333333,0.635596280296,-0.952898550716,-12.012670807453,33.904140786766,-1.311111111100,1296.826033042239,33.904140786766,0
0.620000000000,0.375000000000,0.725000000000,20,12,14400,0.105416666667,0.087777777778,0.832674571805,0.034166666667,0.151107594937,0.243670886076,0.604430379747,0.000791139241,1.000000000000,0.058888888889,0.046527777778,0.017638888889,0.007867277538,0.047774261604,-0.588329113924,0.579097046414,-0.038542194092,0.524485169185,1.194356540093,-11.766582278481,28.954852320692,-1.284739803083,980.188060028516,28.954852320692,0
0.620000000000,0.375000000000,0.750000000000,20,12,14400,0.107916666667,0.090208333333,0.835907335907,0.034930555556,0.276366435720,0.228637413395,0.477290223249,0.017705927637,1.000000000000,0.059652777778,0.048263888889,0.017708333333,0.010297833093,0.173033102387,-0.603362586605,0.451956889916,-0.021627405696,0.686522206222,4.325827559670,-12.067251732102,22.597844495783,-0.720913523212,675.984953345065,22.597844495783,0
0.620000000000,0.400000000000,0.350000000000,20,12,14400,0.106666666667,0.088819444444,0.832682291667,0.034791666667,0.000000000000,0.381548084441,0.618451915559,0.000000000000,1.000000000000,0.058402777778,0.048263888889,0.017847222222,0.008908944204,-0.103333333333,-0.450451915559,0.593118582226,-0.039333333333,0.593929613630,-2.583333333325,-9.009038311181,29.655929111301,-1.311111111100,969.382278589521,29.655929111301,0
0.620000000000,0.400000000000,0.375000000000,20,12,14400,0.105972222222,0.088125000000,0.831585845347,0.031597222222,0.000000000000,0.372734436564,0.627265563436,0.000000000000,1.000000000000,0.058958333333,0.047013888889,0.017847222222,0.008214499760,-0.103333333333,-0.459265563436,0.601932230103,-0.039333333333,0.547633317333,-2.583333333325,-9.185311268716,30.096611505139,-1.311111111100,998.868492901420,30.096611505139,0
0.620000000000,0.400000000000,0.400000000000,20,12,14400,0.107916666667,0.088958333333,0.824324324324,0.034861111111,0.000000000000,0.383294301327,0.616705698673,0.000000000000,1.000000000000,0.060486111111,0.047430555556,0.018958333333,0.009047833093,-0.103333333333,-0.448705698673,0.591372365340,-0.039333333333,0.603188872889,-2.583333333325,-8.974113973458,29.568618266996,-1.311111111100,963.594368101016,29.568618266996,0
0.620000000000,0.400000000000,0.425000000000,20,12,14400,0.106319444444,0.089236111111,0.839320705421,0.034583333333,0.000000000000,0.383657587549,0.616342412451,0.000000000000,1.000000000000,0.058055555556,0.048263888889,0.017083333333,0.009325610871,-0.103333333333,-0.448342412451,0.591009079118,-0.039333333333,0.621707391407,-2.583333333325,-8.966848249027,29.550453955918,-1.311111111100,962.412840059163,29.550453955918,0
0.620000000000,0.400000000000,0.450000000000,20,12,14400,0.106250000000,0.088750000000,0.835294117647,0.032291666667,0.000000000000,0.377151799687,0.622848200313,0.000000000000,1.000000000000,0.059097222222,0.047152777778,0.017500000000,0.008839499760,-0.103333333333,-0.454848200313,0.597514866980,-0.039333333333,0.589299984000,-2.583333333325,-9.096964006260,29.875743349000,-1.311111111100,984.054692714335,29.875743349000,0
0.620000000000,0.400000000000,0.475000000000,20,12,14400,0.106527777778,0.088680555556,0.832464146023,0.033680555556,0.000000000000,0.373531714957,0.626468285043,0.000000000000,1.000000000000,0.059166666667,0.047361111111,0.017847222222,0.008770055316,-0.103333333333,-0.458468285043,0.601134951710,-0.039333333333,0.584670354370,-2.583333333325,-9.169365700861,30.056747585503,-1.311111111100,996.219805654801,30.056747585503,0
0.620000000000,0.400000000000,0.500000000000,20,12,14400,0.105416666667,0.088055555556,0.835309617918,0.034305555556,0.000000000000,0.377760252366,0.622239747634,0.000000000000,1.000000000000,0.058333333333,0.047083333333,0.017361111111,0.008145055316,-0.103333333333,-0.454239747634,0.596906414301,-0.039333333333,0.543003687704,-2.583333333325,-9.084794952681,29.845320715053,-1.311111111100,981.964144378239,29.845320715053,0
0.620000000000,0.400000000000,0.525000000000,20,12,14400,0.107638888889,0.090486111111,0.840645161290,0.033194444444,0.000000000000,0.369915579432,0.630084420568,0.000000000000,1.000000000000,0.059305555556,0.048333333333,0.017152777778,0.010575610871,-0.103333333333,-0.462084420568,0.604751087235,-0.039333333333,0.705040724741,-2.583333333325,-9.241688411358,30.237554361746,-1.311111111100,1008.608204352438,30.237554361746,0
0.620000000000,0.400000000000,0.550000000000,20,12,14400,0.105277777778,0.088194444444,0.837730870712,0.034722222222,0.000000000000,0.378740157480,0.621259842520,0.000000000000,1.000000000000,0.058472222222,0.046805555556,0.017083333333,0.008283944204,-0.103333333333,-0.453259842520,0.595926509187,-0.039333333333,0.552262946963,-2.583333333325,-9.065196850394,29.796325459334,-1.311111111100,978.696422634265,29.796325459334,0
0.620000000000,0.400000000000,0.575000000000,20,12,14400,0.107638888889,0.090208333333,0.838064516129,0.034791666667,0.000000000000,0.375673595073,0.624326404927,0.000000000000,1.000000000000,0.059583333333,0.048055555556,0.017430555556,0.010297833093,-0.103333333333,-0.456326404927,0.598993071594,-0.039333333333,0.686522206222,-2.583333333325,-9.126528098537,29.949653579693,-1.311111111100,989.139200873387,29.949653579693,0
0.620000000000,0.400000000000,0.600000000000,20,12,14400,0.108055555556,0.090486111111,0.837403598972,0.035555555556,0.000000000000,0.383729854183,0.616270145817,0.000000000000,1.000000000000,0.059930555556,0.048125000000,0.017569444444,0.010575610871,-0.103333333333,-0.448270145817,0.590936812484,-0.039333333333,0.705040724741,-2.583333333325,-8.965402916347,29.546840624217,-1.311111111100,962.283946205601,29.546840624217,0
0.620000000000,0.400000000000,0.625000000000,20,12,14400,0.106944444444,0.090000000000,0.841558441558,0.034305555556,0.000771604938,0.368055555556,0.631172839506,0.000000000000,1.000000000000,0.059027777778,0.047916666667,0.016944444444,0.010089499760,-0.102561728395,-0.463944444444,0.605839506173,-0.039333333333,0.672633317333,-2.564043209868,-9.278888888889,30.291975308659,-1.311111111100,1012.447312620036,30.291975308659,0
0.620000000000,0.400000000000,0.650000000000,20,12,14400,0.105138888889,0.088541666667,0.842140026420,0.035486111111,0.007058823529,0.363921568627,0.629019607843,0.000000000000,1.000000000000,0.057430555556,0.047708333333,0.016597222222,0.008631166427,-0.096274509804,-0.468078431373,0.603686274510,-0.039333333333,0.575411095111,-2.406862745090,-9.361568627451,30.184313725507,-1.311111111100,1006.574860794023,30.184313725507,0
0.620000000000,0.400000000000,0.675000000000,20,12,14400,0.106388888889,0.088472222222,0.831592689295,0.033333333333,0.018838304553,0.383045525903,0.598116169545,0.000000000000,1.000000000000,0.058888888889,0.047500000000,0.017916666667,0.008561721982,-0.084495028780,-0.448954474097,0.572782836212,-0.039333333333,0.570781465481,-2.112375719510,-8.979089481947,28.639141810587,-1.311111111100,907.331426579084,28.639141810587,0
0.620000000000,0.400000000000,0.700000000000,20,12,14400,0.106041666667,0.087777777778,0.827766863130,0.034444444444,0.063291139241,0.371044303797,0.565664556962,0.000000000000,1.000000000000,0.058472222222,0.047569444444,0.018263888889,0.007867277538,-0.040042194092,-0.460955696203,0.540331223629,-0.039333333333,0.524485169185,-1.001054852312,-9.219113924051,27.016561181451,-1.311111111100,817.882847471406,27.016561181451,0
0.620000000000,0.400000000000,0.725000000000,20,12,14400,0.107222222222,0.089166666667,0.831606217617,0.033333333333,0.154205607477,0.356697819315,0.480529595016,0.008566978193,1.000000000000,0.060694444444,0.046527777778,0.018055555556,0.009256166427,0.050872274144,-0.475302180685,0.455196261683,-0.030766355140,0.617077761778,1.271806853591,-9.506043613707,22.759813084129,-1.025545171328,611.423977345538,22.759813084129,0
0.620000000000,0.400000000000,0.750000000000,20,12,14400,0.107986111111,0.090416666667,0.837299035370,0.033750000000,0.258832565284,0.318740399386,0.378648233487,0.043778801843,1.000000000000,0.060416666667,0.047569444444,0.017569444444,0.010506166427,0.155499231951,-0.513259600614,0.353314900154,0.004445468510,0.700411095111,3.887480798779,-10.265192012289,17.665745007697,0.148182283677,433.077754378364,17.665745007697,0
0.620000000000,0.425000000000,0.350000000000,20,12,14400,0.108611111111,0.090763888889,0.835677749361,0.035277777778,0.000000000000,0.555470543229,0.444529456771,0.000000000000,1.000000000000,0.059791666667,0.048819444444,0.017847222222,0.010853388649,-0.103333333333,-0.276529456771,0.419196123438,-0.039333333333,0.723559243259,-2.583333333325,-5.530589135425,20.959806171912,-1.311111111100,478.817052384204,20.959806171912,0
0.620000000000,0.425000000000,0.375000000000,20,12,14400,0.106111111111,0.088333333333,0.832460732984,0.033055555556,0.000000000000,0.552672955975,0.447327044025,0.000000000000,1.000000000000,0.059236111111,0.046875000000,0.017777777778,0.008422833093,-0.103333333333,-0.279327044025,0.421993710692,-0.039333333333,0.561522206222,-2.583333333325,-5.586540880503,21.099685534608,-1.311111111100,485.114099313673,21.099685534608,0
0.620000000000,0.425000000000,0.400000000000,20,12,14400,0.109027777778,0.090902777778,0.833757961783,0.034305555556,0.000000000000,0.556913674561,0.443086325439,0.000000000000,1.000000000000,0.060069444444,0.048958333333,0.018125000000,0.010992277538,-0.103333333333,-0.275086325439,0.417752992106,-0.039333333333,0.732818502519,-2.583333333325,-5.501726508785,20.887649605313,-1.311111111100,475.492547026172,20.887649605313,0
0.620000000000,0.425000000000,0.425000000000,20,12,14400,0.106736111111,0.089513888889,0.838646714379,0.033611111111,0.000000000000,0.533747090768,0.466252909232,0.000000000000,1.000000000000,0.059097222222,0.047638888889,0.017222222222,0.009603388649,-0.103333333333,-0.298252909232,0.440919575899,-0.039333333333,0.640225909926,-2.583333333325,-5.965058184639,22.045978794948,-1.311111111100,530.409612845894,22.045978794948,0
0.620000000000,0.425000000000,0.450000000000,20,12,14400,0.106805555556,0.089444444444,0.837451235371,0.034027777778,0.000000000000,0.541925465839,0.458074534161,0.000000000000,1.000000000000,0.058888888889,0.047916666667,0.017361111111,0.009533944204,-0.103333333333,-0.290074534161,0.432741200828,-0.039333333333,0.635596280296,-2.583333333325,-5.801490683230,21.637060041425,-1.311111111100,510.616267472056,21.637060041425,0
0.620000000000,0.425000000000,0.475000000000,20,12,14400,0.105138888889,0.088263888889,0.839498018494,0.033541666667,0.000000000000,0.562549173879,0.437450826121,0.000000000000,1.000000000000,0.058194444444,0.046944444444,0.016875000000,0.008353388649,-0.103333333333,-0.269450826121,0.412117492788,-0.039333333333,0.556892576593,-2.583333333325,-5.389016522423,20.605874639408,-1.311111111100,462.346321532537,20.605874639408,0
0.620000000000,0.425000000000,0.500000000000,20,12,14400,0.107361111111,0.089652777778,0.835058214748,0.035069444444,0.000000000000,0.546088303641,0.453911696359,0.000000000000,1.000000000000,0.059166666667,0.048194444444,0.017708333333,0.009742277538,-0.103333333333,-0.285911696359,0.428578363026,-0.039333333333,0.649485169185,-2.583333333325,-5.718233927188,21.428918151321,-1.311111111100,500.711186823752,21.428918151321,0
0.620000000000,0.425000000000,0.525000000000,20,12,14400,0.107986111111,0.090000000000,0.833440514469,0.033125000000,0.000000000000,0.558641975309,0.441358024691,0.000000000000,1.000000000000,0.060069444444,0.047916666667,0.017986111111,0.010089499760,-0.103333333333,-0.273358024691,0.416024691358,-0.039333333333,0.672633317333,-2.583333333325,-5.467160493827,20.801234567918,-1.311111111100,471.426262451115,20.801234567918,0
0.620000000000,0.425000000000,0.550000000000,20,12,14400,0.108541666667,0.090555555556,0.834293026232,0.036041666667,0.000000000000,0.553680981595,0.446319018405,0.000000000000,1.000000000000,0.060069444444,0.048472222222,0.017986111111,0.010645055316,-0.103333333333,-0.278319018405,0.420985685072,-0.039333333333,0.709670354370,-2.583333333325,-5.566380368098,21.049284253595,-1.311111111100,482.953213459594,21.049284253595,0
0.620000000000,0.425000000000,0.575000000000,20,12,14400,0.105902777778,0.087986111111,0.830819672131,0.032708333333,0.000000000000,0.539068666140,0.460931333860,0.000000000000,1.000000000000,0.058958333333,0.046944444444,0.017916666667,0.008075610871,-0.103333333333,-0.292931333860,0.435598000527,-0.039333333333,0.538374058074,-2.583333333325,-5.858626677190,21.779900026326,-1.311111111100,517.370021782547,21.779900026326,0
0.620000000000,0.425000000000,0.600000000000,20,12,14400,0.109166666667,0.090902777778,0.832697201018,0.034166666667,0.000000000000,0.550802139037,0.449197860963,0.000000000000,1.000000000000,0.059930555556,0.049236111111,0.018263888889,0.010992277538,-0.103333333333,-0.281197860963,0.423864527630,-0.039333333333,0.732818502519,-2.583333333325,-5.623957219251,21.193226381478,-1.311111111100,489.711385674911,21.193226381478,0
0.620000000000,0.425000000000,0.625000000000,20,12,14400,0.109097222222,0.091319444444,0.837046467218,0.035208333333,0.000000000000,0.557414448669,0.442585551331,0.000000000000,1.000000000000,0.060486111111,0.048611111111,0.017777777778,0.011408944204,-0.103333333333,-0.274585551331,0.417252217998,-0.039333333333,0.760596280296,-2.583333333325,-5.491711026616,20.862610899890,-1.311111111100,474.378553718378,20.862610899890,0
0.620000000000,0.425000000000,0.650000000000,20,12,14400,0.104583333333,0.087847222222,0.839973439575,0.032708333333,0.006324110672,0.547035573123,0.446640316206,0.000000000000,1.000000000000,0.057708333333,0.046875000000,0.016736111111,0.007936721982,-0.097009222661,-0.284964426877,0.421306982873,-0.039333333333,0.529114798815,-2.425230566527,-5.699288537549,21.065349143627,-1.311111111100,484.111542493926,21.065349143627,0
0.620000000000,0.425000000000,0.675000000000,20,12,14400,0.105763888889,0.088402777778,0.835850295469,0.033750000000,0.021209740770,0.549096622152,0.429693637078,0.000000000000,1.000000000000,0.059444444444,0.046319444444,0.017361111111,0.008492277538,-0.082123592563,-0.282903377848,0.404360303745,-0.039333333333,0.566151835852,-2.053089814079,-5.658067556952,20.218015187238,-1.311111111100,447.036584622001,20.218015187238,0
0.620000000000,0.425000000000,0.700000000000,20,12,14400,0.106875000000,0.089166666667,0.834307992203,0.033819444444,0.062305295950,0.550623052960,0.386292834891,0.000778816199,1.000000000000,0.060000000000,0.046875000000,0.017708333333,0.009256166427,-0.041028037383,-0.281376947040,0.360959501558,-0.038554517134,0.617077761778,-1.025700934571,-5.627538940810,18.047975077898,-1.285150571121,360.483058304483,18.047975077898,0
0.620000000000,0.425000000000,0.725000000000,20,12,14400,0.106388888889,0.088888888889,0.835509138381,0.035347222222,0.122656250000,0.531250000000,0.319531250000,0.026562500000,1.000000000000,0.058472222222,0.047916666667,0.017500000000,0.008978388649,0.019322916667,-0.300750000000,0.294197916667,-0.012770833333,0.598559243259,0.483072916675,-6.015000000000,14.709895833350,-0.425694444433,253.334108798545,14.709895833350,0
0.620000000000,0.425000000000,0.750000000000,20,12,14400,0.106180555556,0.088472222222,0.833224329627,0.032986111111,0.219780219780,0.455259026688,0.239403453689,0.085557299843,1.000000000000,0.059444444444,0.046736111111,0.017708333333,0.008561721982,0.116446886447,-0.376740973312,0.214070120356,0.046223966510,0.570781465481,2.911172161181,-7.534819466248,10.703506017808,1.540798883667,182.513321495489,10.703506017808,0
0.620000000000,0.450000000000,0.350000000000,20,12,14400,0.107777777778,0.089513888889,0.830541237113,0.032430555556,0.000000000000,0.705973622964,0.294026377036,0.000000000000,1.000000000000,0.059513888889,0.048263888889,0.018263888889,0.009603388649,-0.103333333333,-0.126026377036,0.268693043703,-0.039333333333,0.640225909926,-2.583333333325,-2.520527540729,13.434652185173,-1.311111111100,195.645451092608,13.434652185173,0
0.620000000000,0.450000000000,0.375000000000,20,12,14400,0.107708333333,0.090000000000,0.835589941973,0.034930555556,0.000000000000,0.708333333333,0.291666666667,0.000000000000,1.000000000000,0.059861111111,0.047847222222,0.017708333333,0.010089499760,-0.103333333333,-0.123666666667,0.266333333334,-0.039333333333,0.672633317333,-2.583333333325,-2.473333333333,13.316666666683,-1.311111111100,192.296047925637,13.316666666683,0
0.620000000000,0.450000000000,0.400000000000,20,12,14400,0.108541666667,0.089583333333,0.825335892514,0.033263888889,0.000000000000,0.705426356589,0.294573643411,0.000000000000,1.000000000000,0.061736111111,0.046805555556,0.018958333333,0.009672833093,-0.103333333333,-0.126573643411,0.269240310078,-0.039333333333,0.644855539556,-2.583333333325,-2.531472868217,13.462015503893,-1.311111111100,196.442678433177,13.462015503893,0
0.620000000000,0.450000000000,0.425000000000,20,12,14400,0.107361111111,0.089097222222,0.829883570505,0.032708333333,0.000000000000,0.717069368667,0.282930631333,0.000000000000,1.000000000000,0.060416666667,0.046944444444,0.018263888889,0.009186721982,-0.103333333333,-0.114930631333,0.257597298000,-0.039333333333,0.612448132148,-2.583333333325,-2.298612626656,12.879864899991,-1.311111111100,179.942256020725,12.879864899991,0
0.620000000000,0.450000000000,0.450000000000,20,12,14400,0.106944444444,0.089791666667,0.839610389610,0.034097222222,0.000000000000,0.710750193349,0.289249806651,0.000000000000,1.000000000000,0.059583333333,0.047361111111,0.017152777778,0.009881166427,-0.103333333333,-0.121249806651,0.263916473318,-0.039333333333,0.658744428444,-2.583333333325,-2.424996133024,13.195823665910,-1.311111111100,188.836936145694,13.195823665910,0
0.620000000000,0.450000000000,0.475000000000,20,12,14400,0.107777777778,0.089722222222,0.832474226804,0.033472222222,0.000000000000,0.707430340557,0.292569659443,0.000000000000,1.000000000000,0.059513888889,0.048263888889,0.018055555556,0.009811721982,-0.103333333333,-0.124569659443,0.267236326110,-0.039333333333,0.654114798815,-2.583333333325,-2.491393188854,13.361816305486,-1.311111111100,193.565664629773,13.361816305486,0
0.620000000000,0.450000000000,0.500000000000,20,12,14400,0.106666666667,0.088888888889,0.833333333333,0.036597222222,0.000000000000,0.719531250000,0.280468750000,0.000000000000,1.000000000000,0.059375000000,0.047291666667,0.017777777778,0.008978388649,-0.103333333333,-0.112468750000,0.255135416667,-0.039333333333,0.598559243259,-2.583333333325,-2.249375000000,12.756770833350,-1.311111111100,176.545786609643,12.756770833350,0
0.620000000000,0.450000000000,0.525000000000,20,12,14400,0.106041666667,0.088958333333,0.838899803536,0.034513888889,0.000000000000,0.708821233411,0.291178766589,0.000000000000,1.000000000000,0.059166666667,0.046875000000,0.017083333333,0.009047833093,-0.103333333333,-0.123178766589,0.265845433256,-0.039333333333,0.603188872889,-2.583333333325,-2.463575331772,13.292271662780,-1.311111111100,191.510149645558,13.292271662780,0
0.620000000000,0.450000000000,0.550000000000,20,12,14400,0.105694444444,0.088680555556,0.839027595269,0.035347222222,0.000000000000,0.707909162099,0.292090837901,0.000000000000,1.000000000000,0.057986111111,0.047708333333,0.017013888889,0.008770055316,-0.103333333333,-0.124090837901,0.266757504568,-0.039333333333,0.584670354370,-2.583333333325,-2.481816758027,13.337875228417,-1.311111111100,192.792792909227,13.337875228417,0
0.620000000000,0.450000000000,0.575000000000,20,12,14400,0.107013888889,0.088958333333,0.831278390655,0.032986111111,0.000000000000,0.718969555035,0.281030444965,0.000000000000,1.000000000000,0.059652777778,0.047361111111,0.018055555556,0.009047833093,-0.103333333333,-0.113030444965,0.255697111632,-0.039333333333,0.603188872889,-2.583333333325,-2.260608899297,12.784855581594,-1.311111111100,177.319345110880,12.784855581594,0
0.620000000000,0.450000000000,0.600000000000,20,12,14400,0.107777777778,0.089930555556,0.834407216495,0.034791666667,0.000000000000,0.708108108108,0.291891891892,0.000000000000,1.000000000000,0.059652777778,0.048125000000,0.017847222222,0.010020055316,-0.103333333333,-0.123891891892,0.266558558559,-0.039333333333,0.668003687704,-2.583333333325,-2.477837837838,13.327927927945,-1.311111111100,192.612195586610,13.327927927945,0
0.620000000000,0.450000000000,0.625000000000,20,12,14400,0.107847222222,0.089513888889,0.830006439150,0.033125000000,0.000000000000,0.712955779674,0.287044220326,0.000000000000,1.000000000000,0.060347222222,0.047500000000,0.018333333333,0.009603388649,-0.103333333333,-0.119044220326,0.261710886993,-0.039333333333,0.640225909926,-2.583333333325,-2.380884406517,13.085544349642,-1.311111111100,185.702594156092,13.085544349642,0
0.620000000000,0.450000000000,0.650000000000,20,12,14400,0.107986111111,0.089861111111,0.832154340836,0.031458333333,0.006182380216,0.698608964451,0.295208655332,0.000000000000,1.000000000000,0.060277777778,0.047708333333,0.018125000000,0.009950610871,-0.097150953117,-0.133391035549,0.269875321999,-0.039333333333,0.663374058074,-2.428773827915,-2.667820710974,13.493766099965,-1.311111111100,197.257010700211,13.493766099965,0
0.620000000000,0.450000000000,0.675000000000,20,12,14400,0.108888888889,0.091250000000,0.838010204082,0.034652777778,0.021308980213,0.713850837139,0.264840182648,0.000000000000,1.000000000000,0.060416666667,0.048472222222,0.017638888889,0.011339499760,-0.082024353120,-0.118149162861,0.239506849315,-0.039333333333,0.755966650667,-2.050608827998,-2.362983257230,11.975342465770,-1.311111111100,155.488011534457,11.975342465770,0
0.620000000000,0.450000000000,0.700000000000,20,12,14400,0.108125000000,0.089861111111,0.831085420681,0.033541666667,0.060278207110,0.706336939722,0.230293663060,0.003091190108,1.000000000000,0.060625000000,0.047500000000,0.018263888889,0.009950610871,-0.043055126223,-0.125663060278,0.204960329727,-0.036242143225,0.663374058074,-1.076378155582,-2.513261205564,10.248016486364,-1.208071440827,114.396415473061,10.248016486364,0
0.620000000000,0.450000000000,0.725000000000,20,12,14400,0.107638888889,0.089166666667,0.828387096774,0.033541666667,0.115264797508,0.654984423676,0.183021806854,0.046728971963,1.000000000000,0.060069444444,0.047569444444,0.018472222222,0.009256166427,0.011931464175,-0.177015576324,0.157688473521,0.007395638630,0.617077761778,0.298286604370,-3.540311526480,7.884423676029,0.246521287654,75.228475015348,7.884423676029,0
0.620000000000,0.450000000000,0.750000000000,20,12,14400,0.107777777778,0.089305555556,0.828608247423,0.035069444444,0.153965785381,0.574650077760,0.129860031104,0.141524105754,1.000000000000,0.060763888889,0.047013888889,0.018472222222,0.009395055316,0.050632452048,-0.257349922240,0.104526697771,0.102190772421,0.626337021037,1.265811301201,-5.146998444790,5.226334888560,3.406359080709,67.404027858949,5.226334888560,0
0.620000000000,0.475000000000,0.350000000000,20,12,14400,0.105902777778,0.088680555556,0.837377049180,0.032361111111,0.000000000000,0.846515270164,0.153484729836,0.000000000000,1.000000000000,0.058541666667,0.047361111111,0.017222222222,0.008770055316,-0.103333333333,0.014515270164,0.128151396503,-0.039333333333,0.584670354370,-2.583333333325,0.290305403289,6.407569825128,-1.311111111100,49.875691171062,6.407569825128,0
0.620000000000,0.475000000000,0.375000000000,20,12,14400,0.106111111111,0.088263888889,0.831806282723,0.034166666667,0.000000000000,0.848151062156,0.151848937844,0.000000000000,1.000000000000,0.058125000000,0.047986111111,0.017847222222,0.008353388649,-0.103333333333,0.016151062156,0.126515604511,-0.039333333333,0.556892576593,-2.583333333325,0.323021243116,6.325780225561,-1.311111111100,48.822590984182,6.325780225561,0
0.620000000000,0.475000000000,0.400000000000,20,12,14400,0.108611111111,0.090902777778,0.836956521739,0.034652777778,0.000000000000,0.837280366692,0.162719633308,0.000000000000,1.000000000000,0.060625000000,0.047986111111,0.017708333333,0.010992277538,-0.103333333333,0.005280366692,0.137386299975,-0.039333333333,0.732818502519,-2.583333333325,0.105607333843,6.869314998743,-1.311111111100,56.128287875274,6.869314998743,0
0.620000000000,0.475000000000,0.425000000000,20,12,14400,0.108472222222,0.090000000000,0.829705505762,0.034583333333,0.000000000000,0.848765432099,0.151234567901,0.000000000000,1.000000000000,0.060416666667,0.048055555556,0.018472222222,0.010089499760,-0.103333333333,0.016765432099,0.125901234568,-0.039333333333,0.672633317333,-2.583333333325,0.335308641975,6.295061728412,-1.311111111100,48.585293086202,6.295061728412,0
0.620000000000,0.475000000000,0.450000000000,20,12,14400,0.107152777778,0.088402777778,0.825016202204,0.033472222222,0.000000000000,0.837391987431,0.162608012569,0.000000000000,1.000000000000,0.059375000000,0.047777777778,0.018750000000,0.008492277538,-0.103333333333,0.005391987431,0.137274679236,-0.039333333333,0.566151835852,-2.583333333325,0.107839748625,6.863733961787,-1.311111111100,55.835624667525,6.863733961787,0
0.620000000000,0.475000000000,0.475000000000,20,12,14400,0.108055555556,0.090555555556,0.838046272494,0.034375000000,0.000000000000,0.849693251534,0.150306748466,0.000000000000,1.000000000000,0.059375000000,0.048680555556,0.017500000000,0.010645055316,-0.103333333333,0.017693251534,0.124973415133,-0.039333333333,0.709670354370,-2.583333333325,0.353865030675,6.248670756663,-1.311111111100,48.067362153698,6.248670756663,0
0.620000000000,0.475000000000,0.500000000000,20,12,14400,0.107361111111,0.089583333333,0.834411384217,0.034444444444,0.000000000000,0.841860465116,0.158139534884,0.000000000000,1.000000000000,0.059375000000,0.047986111111,0.017777777778,0.009672833093,-0.103333333333,0.009860465116,0.132806201551,-0.039333333333,0.644855539556,-2.583333333325,0.197209302326,6.640310077536,-1.311111111100,52.941071558364,6.640310077536,0
0.620000000000,0.475000000000,0.525000000000,20,12,14400,0.108194444444,0.089791666667,0.829910141207,0.032708333333,0.000000000000,0.846867749420,0.153132250580,0.000000000000,1.000000000000,0.060277777778,0.047916666667,0.018402777778,0.009881166427,-0.103333333333,0.014867749420,0.127798917247,-0.039333333333,0.658744428444,-2.583333333325,0.297354988399,6.389945862352,-1.311111111100,49.746395791644,6.389945862352,0
0.620000000000,0.475000000000,0.550000000000,20,12,14400,0.107569444444,0.089444444444,0.831504196256,0.034652777778,0.000000000000,0.851708074534,0.148291925466,0.000000000000,1.000000000000,0.060555555556,0.047013888889,0.018125000000,0.009533944204,-0.103333333333,0.019708074534,0.122958592133,-0.039333333333,0.635596280296,-2.583333333325,0.394161490683,6.147929606642,-1.311111111100,46.749007817206,6.147929606642,0
0.620000000000,0.475000000000,0.575000000000,20,12,14400,0.105625000000,0.088333333333,0.836291913215,0.033611111111,0.000000000000,0.840408805031,0.159591194969,0.000000000000,1.000000000000,0.058194444444,0.047430555556,0.017291666667,0.008422833093,-0.103333333333,0.008408805031,0.134257861636,-0.039333333333,0.561522206222,-2.583333333325,0.168176100629,6.712893081778,-1.311111111100,53.799147373000,6.712893081778,0
0.620000000000,0.475000000000,0.600000000000,20,12,14400,0.104930555556,0.087430555556,0.833223031105,0.032916666667,0.000000000000,0.851469420175,0.148530579825,0.000000000000,1.000000000000,0.058541666667,0.046388888889,0.017500000000,0.007520055316,-0.103333333333,0.019469420175,0.123197246492,-0.039333333333,0.501337021037,-2.583333333325,0.389388403495,6.159862324613,-1.311111111100,46.739489452341,6.159862324613,0
0.620000000000,0.475000000000,0.625000000000,20,12,14400,0.108541666667,0.090069444444,0.829814459373,0.035000000000,0.000000000000,0.847340015420,0.152659984580,0.000000000000,1.000000000000,0.060138888889,0.048402777778,0.018472222222,0.010158944204,-0.103333333333,0.015340015420,0.127326651247,-0.039333333333,0.677262946963,-2.583333333325,0.306800308404,6.366332562340,-1.311111111100,49.475625279593,6.366332562340,0
0.620000000000,0.475000000000,0.650000000000,20,12,14400,0.107222222222,0.089375000000,0.833549222798,0.033750000000,0.006993006993,0.846153846154,0.146853146853,0.000000000000,1.000000000000,0.060138888889,0.047083333333,0.017847222222,0.009464499760,-0.096340326340,0.014153846154,0.121519813520,-0.039333333333,0.630966650667,-2.408508158500,0.283076923077,6.075990676007,-1.311111111100,44.915838048770,6.075990676007,0
0.620000000000,0.475000000000,0.675000000000,20,12,14400,0.108819444444,0.090416666667,0.830887045310,0.033055555556,0.019201228879,0.843317972350,0.137480798771,0.000000000000,1.000000000000,0.060000000000,0.048819444444,0.018402777778,0.010506166427,-0.084132104454,0.011317972350,0.112147465438,-0.039333333333,0.700411095111,-2.103302611359,0.226359447005,5.607373271906,-1.311111111100,38.127343532488,5.607373271906,0
0.620000000000,0.475000000000,0.700000000000,20,12,14400,0.106111111111,0.088680555556,0.835732984293,0.034097222222,0.054032889585,0.823022709475,0.107282693814,0.015661707126,1.000000000000,0.058888888889,0.047222222222,0.017430555556,0.008770055316,-0.049300443748,-0.008977290525,0.081949360481,-0.023671626207,0.584670354370,-1.232511093701,-0.179545810493,4.097468024031,-0.789054206897,19.305010466822,4.097468024031,0
0.620000000000,0.475000000000,0.725000000000,20,12,14400,0.106111111111,0.088263888889,0.831806282723,0.032500000000,0.078678206137,0.767112509835,0.076317859953,0.077891424076,1.000000000000,0.059027777778,0.047083333333,0.017847222222,0.008353388649,-0.024655127196,-0.064887490165,0.050984526620,0.038558090743,0.556892576593,-0.616378179903,-1.297749803304,2.549226330990,1.285269691418,10.524679020789,2.549226330990,0
0.620000000000,0.475000000000,0.750000000000,20,12,14400,0.106944444444,0.089652777778,0.838311688312,0.033263888889,0.102246320682,0.663826491092,0.049573973664,0.184353214562,1.000000000000,0.059375000000,0.047569444444,0.017291666667,0.009742277538,-0.001087012651,-0.168173508908,0.024240640331,0.145019881229,0.649485169185,-0.027175316284,-3.363470178156,1.212032016541,4.833996040978,36.572040455472,4.833996040978,0
0.620000000000,0.500000000000,0.350000000000,20,12,14400,0.110000000000,0.091111111111,0.828282828283,0.032638888889,0.000000000000,0.935975609756,0.064024390244,0.000000000000,1.000000000000,0.060902777778,0.049097222222,0.018888888889,0.011200610871,-0.103333333333,0.103975609756,0.038691056911,-0.039333333333,0.746707391407,-2.583333333325,2.079512195122,1.934552845545,-1.311111111100,17.017061066968,2.583333333325,0
0.620000000000,0.500000000000,0.375000000000,20,12,14400,0.106527777778,0.088958333333,0.835071707953,0.033958333333,0.000000000000,0.937548790008,0.062451209992,0.000000000000,1.000000000000,0.059861111111,0.046666666667,0.017569444444,0.009047833093,-0.103333333333,0.105548790008,0.037117876659,-0.039333333333,0.603188872889,-2.583333333325,2.110975800156,1.855893832960,-1.311111111100,16.657021021158,2.583333333325,0
0.620000000000,0.500000000000,0.400000000000,20,12,14400,0.107638888889,0.090069444444,0.836774193548,0.034652777778,0.000000000000,0.940632228219,0.059367771781,0.000000000000,1.000000000000,0.059097222222,0.048541666667,0.017569444444,0.010158944204,-0.103333333333,0.108632228219,0.034034438448,-0.039333333333,0.677262946963,-2.583333333325,2.172644564379,1.701721922402,-1.311111111100,16.467550460357,2.583333333325,0
0.620000000000,0.500000000000,0.425000000000,20,12,14400,0.105972222222,0.088958333333,0.839449541284,0.032638888889,0.000000000000,0.932084309133,0.067915690867,0.000000000000,1.000000000000,0.058402777778,0.047569444444,0.017013888889,0.009047833093,-0.103333333333,0.100084309133,0.042582357534,-0.039333333333,0.603188872889,-2.583333333325,2.001686182670,2.129117876676,-1.311111111100,17.296350779766,2.583333333325,0
0.620000000000,0.500000000000,0.450000000000,20,12,14400,0.106527777778,0.089444444444,0.839634941330,0.034097222222,0.000000000000,0.936335403727,0.063664596273,0.000000000000,1.000000000000,0.058888888889,0.047638888889,0.017083333333,0.009533944204,-0.103333333333,0.104335403727,0.038331262940,-0.039333333333,0.635596280296,-2.583333333325,2.086708074534,1.916563147015,-1.311111111100,16.824170973065,2.583333333325,0
0.620000000000,0.500000000000,0.475000000000,20,12,14400,0.111805555556,0.092500000000,0.827329192547,0.033333333333,0.000000000000,0.937687687688,0.062312312312,0.000000000000,1.000000000000,0.062222222222,0.049583333333,0.019305555556,0.012589499760,-0.103333333333,0.105687687688,0.036978978979,-0.039333333333,0.839299984000,-2.583333333325,2.113753753754,1.848948948966,-1.311111111100,16.983615067249,2.583333333325,0
0.620000000000,0.500000000000,0.500000000000,20,12,14400,0.108125000000,0.090000000000,0.832369942197,0.035208333333,0.000000000000,0.937500000000,0.062500000000,0.000000000000,1.000000000000,0.060347222222,0.047777777778,0.018125000000,0.010089499760,-0.103333333333,0.105500000000,0.037166666667,-0.039333333333,0.672633317333,-2.583333333325,2.110000000000,1.858333333350,-1.311111111100,16.750561814145,2.583333333325,0
0.620000000000,0.500000000000,0.525000000000,20,12,14400,0.107777777778,0.089236111111,0.827963917526,0.033402777778,0.000000000000,0.942412451362,0.057587548638,0.000000000000,1.000000000000,0.059861111111,0.047916666667,0.018541666667,0.009325610871,-0.103333333333,0.110412451362,0.032254215305,-0.039333333333,0.621707391407,-2.583333333325,2.208249027237,1.612710765257,-1.311111111100,16.256343315918,2.583333333325,0
0.620000000000,0.500000000000,0.550000000000,20,12,14400,0.105069444444,0.087569444444,0.833443489755,0.032916666667,0.000000000000,0.937351308485,0.062648691515,0.000000000000,1.000000000000,0.058541666667,0.046527777778,0.017500000000,0.007658944204,-0.103333333333,0.105351308485,0.037315358182,-0.039333333333,0.510596280296,-2.583333333325,2.107026169707,1.865767909084,-1.311111111100,16.573981188565,2.583333333325,0
0.620000000000,0.500000000000,0.575000000000,20,12,14400,0.105555555556,0.088402777778,0.837500000000,0.035486111111,0.000000000000,0.940298507463,0.059701492537,0.000000000000,1.000000000000,0.058402777778,0.047152777778,0.017152777778,0.008492277538,-0.103333333333,0.108298507463,0.034368159204,-0.039333333333,0.566151835852,-2.583333333325,2.165970149254,1.718407960216,-1.311111111100,16.357503963148,2.583333333325,0
0.620000000000,0.500000000000,0.600000000000,20,12,14400,0.108333333333,0.090416666667,0.834615384615,0.033819444444,0.000000000000,0.932411674347,0.067588325653,0.000000000000,1.000000000000,0.060555555556,0.047777777778,0.017916666667,0.010506166427,-0.103333333333,0.100411674347,0.042254992320,-0.039333333333,0.700411095111,-2.583333333325,2.008233486943,2.112749615992,-1.311111111100,17.379911836827,2.583333333325,0
0.620000000000,0.500000000000,0.625000000000,20,12,14400,0.107638888889,0.089861111111,0.834838709677,0.035277777778,0.000000000000,0.931221020093,0.068778979907,0.000000000000,1.000000000000,0.060138888889,0.047500000000,0.017777777778,0.009950610871,-0.103333333333,0.099221020093,0.043445646574,-0.039333333333,0.663374058074,-2.583333333325,1.984420401855,2.172282328713,-1.311111111100,17.489423444581,2.583333333325,0
0.620000000000,0.500000000000,0.650000000000,20,12,14400,0.107500000000,0.089305555556,0.830749354005,0.034097222222,0.003888024883,0.938569206843,0.056765163297,0.000777604977,1.000000000000,0.059444444444,0.048055555556,0.018194444444,0.009395055316,-0.099445308450,0.106569206843,0.031431829964,-0.038555728356,0.626337021037,-2.486132711241,2.131384136858,1.571591498202,-1.285190945211,15.237567863550,2.486132711241,0
0.620000000000,0.500000000000,0.675000000000,20,12,14400,0.107500000000,0.089375000000,0.831395348837,0.034930555556,0.015540015540,0.933177933178,0.045843045843,0.005439005439,1.000000000000,0.059097222222,0.048402777778,0.018125000000,0.009464499760,-0.087793317793,0.101177933178,0.020509712510,-0.033894327894,0.630966650667,-2.194832944825,2.023558663559,1.025485625502,-1.129810929800,11.638293740011,2.194832944825,0
0.620000000000,0.500000000000,0.700000000000,20,12,14400,0.106319444444,0.088888888889,0.836054866101,0.033958333333,0.025781250000,0.900000000000,0.035937500000,0.038281250000,1.000000000000,0.059375000000,0.046944444444,0.017430555556,0.008978388649,-0.077552083333,0.068000000000,0.010604166667,-0.001052083333,0.598559243259,-1.938802083325,1.360000000000,0.530208333350,-0.035069444433,6.249177428683,1.938802083325,0
0.620000000000,0.500000000000,0.725000000000,20,12,14400,0.106736111111,0.088888888889,0.832791151594,0.033750000000,0.042187500000,0.817968750000,0.021093750000,0.118750000000,1.000000000000,0.059375000000,0.047361111111,0.017847222222,0.008978388649,-0.061145833333,-0.014031250000,-0.004239583333,0.079416666667,0.598559243259,-1.528645833325,-0.280625000000,-0.211979166650,2.647222222233,9.826502303037,2.647222222233,0
0.620000000000,0.500000000000,0.750000000000,20,12,14400,0.108611111111,0.089861111111,0.827365728900,0.034375000000,0.054095826893,0.683153013910,0.010819165379,0.251931993818,1.000000000000,0.061180555556,0.047430555556,0.018750000000,0.009950610871,-0.049237506440,-0.148846986090,-0.014514167954,0.212598660485,0.663374058074,-1.230937660991,-2.976939721793,-0.725708397716,7.086622016154,61.564307051715,7.086622016154,0
0.620000000000,0.525000000000,0.350000000000,20,12,14400,0.105555555556,0.088125000000,0.834868421053,0.035277777778,0.000000000000,0.979511426320,0.020488573680,0.000000000000,1.000000000000,0.058541666667,0.047013888889,0.017430555556,0.008214499760,-0.103333333333,0.147511426320,-0.004844759653,-0.039333333333,0.547633317333,-2.583333333325,2.950228526399,-0.242237982647,-1.311111111100,17.455053305185,2.950228526399,0
0.620000000000,0.525000000000,0.375000000000,20,12,14400,0.106250000000,0.088472222222,0.832679738562,0.033402777778,0.000000000000,0.978806907378,0.021193092622,0.000000000000,1.000000000000,0.058958333333,0.047291666667,0.017777777778,0.008561721982,-0.103333333333,0.146806907378,-0.004140240711,-0.039333333333,0.570781465481,-2.583333333325,2.936138147567,-0.207012035567,-1.311111111100,17.382176142521,2.936138147567,0
0.620000000000,0.525000000000,0.400000000000,20,12,14400,0.106250000000,0.088541666667,0.833333333333,0.033680555556,0.000000000000,0.978039215686,0.021960784314,0.000000000000,1.000000000000,0.059513888889,0.046736111111,0.017708333333,0.008631166427,-0.103333333333,0.146039215686,-0.003372549019,-0.039333333333,0.575411095111,-2.583333333325,2.920784313725,-0.168627450964,-1.311111111100,17.283137609618,2.920784313725,0
0.620000000000,0.525000000000,0.425000000000,20,12,14400,0.107569444444,0.089583333333,0.832795351840,0.033888888889,0.000000000000,0.978294573643,0.021705426357,0.000000000000,1.000000000000,0.059444444444,0.048125000000,0.017986111111,0.009672833093,-0.103333333333,0.146294573643,-0.003627906976,-0.039333333333,0.644855539556,-2.583333333325,2.925891472868,-0.181395348820,-1.311111111100,17.402207307190,2.925891472868,0
0.620000000000,0.525000000000,0.450000000000,20,12,14400,0.108750000000,0.090833333333,0.835249042146,0.035069444444,0.000000000000,0.979357798165,0.020642201835,0.000000000000,1.000000000000,0.060000000000,0.048750000000,0.017916666667,0.010922833093,-0.103333333333,0.147357798165,-0.004691131498,-0.039333333333,0.728188872889,-2.583333333325,2.947155963303,-0.234556574907,-1.311111111100,17.663627550180,2.947155963303,0
0.620000000000,0.525000000000,0.475000000000,20,12,14400,0.107708333333,0.089791666667,0.833655705996,0.032569444444,0.000000000000,0.979891724671,0.020108275329,0.000000000000,1.000000000000,0.060277777778,0.047430555556,0.017916666667,0.009881166427,-0.103333333333,0.147891724671,-0.005225058004,-0.039333333333,0.658744428444,-2.583333333325,2.957834493426,-0.261252900215,-1.311111111100,17.643605647097,2.957834493426,0
0.620000000000,0.525000000000,0.500000000000,20,12,14400,0.107986111111,0.090000000000,0.833440514469,0.033541666667,0.000000000000,0.979938271605,0.020061728395,0.000000000000,1.000000000000,0.059444444444,0.048541666667,0.017986111111,0.010089499760,-0.103333333333,0.147938271605,-0.005271604938,-0.039333333333,0.672633317333,-2.583333333325,2.958765432099,-0.263580246897,-1.311111111100,17.668826465041,2.958765432099,0
0.620000000000,0.525000000000,0.525000000000,20,12,14400,0.107291666667,0.089166666667,0.831067961165,0.034722222222,0.000000000000,0.976635514019,0.023364485981,0.000000000000,1.000000000000,0.059513888889,0.047777777778,0.018125000000,0.009256166427,-0.103333333333,0.144635514019,-0.001968847352,-0.039333333333,0.617077761778,-2.583333333325,2.892710280374,-0.098442367585,-1.311111111100,17.150872086715,2.892710280374,0
0.620000000000,0.525000000000,0.550000000000,20,12,14400,0.109930555556,0.091041666667,0.828174352495,0.033680555556,0.000000000000,0.974828375286,0.025171624714,0.000000000000,1.000000000000,0.061527777778,0.048402777778,0.018888888889,0.011131166427,-0.103333333333,0.142828375286,-0.000161708619,-0.039333333333,0.742077761778,-2.583333333325,2.856567505721,-0.008085430952,-1.311111111100,17.103346150177,2.856567505721,0
0.620000000000,0.525000000000,0.575000000000,20,12,14400,0.109444444444,0.091388888889,0.835025380711,0.034305555556,0.000000000000,0.977203647416,0.022796352584,0.000000000000,1.000000000000,0.061180555556,0.048263888889,0.018055555556,0.011478388649,-0.103333333333,0.145203647416,-0.002536980749,-0.039333333333,0.765225909926,-2.583333333325,2.904072948328,-0.126849037471,-1.311111111100,17.427924517459,2.904072948328,0
0.620000000000,0.525000000000,0.600000000000,20,12,14400,0.107430555556,0.089166666667,0.829993535876,0.033541666667,0.000000000000,0.979750778816,0.020249221184,0.000000000000,1.000000000000,0.059930555556,0.047500000000,0.018263888889,0.009256166427,-0.103333333333,0.147750778816,-0.005084112149,-0.039333333333,0.617077761778,-2.583333333325,2.955015576324,-0.254205607460,-1.311111111100,17.570145967980,2.955015576324,0
0.620000000000,0.525000000000,0.625000000000,20,12,14400,0.107361111111,0.090069444444,0.838939197930,0.035208333333,0.000771010023,0.981495759445,0.017733230532,0.000000000000,1.000000000000,0.059722222222,0.047638888889,0.017291666667,0.010158944204,-0.102562323310,0.149495759445,-0.007600102801,-0.039333333333,0.677262946963,-2.564058082747,2.989915188897,-0.380005140050,-1.311111111100,17.836088039942,2.989915188897,0
0.620000000000,0.525000000000,0.650000000000,20,12,14400,0.108333333333,0.090277777778,0.833333333333,0.033263888889,0.006153846154,0.980000000000,0.013076923077,0.000769230769,1.000000000000,0.060625000000,0.047708333333,0.018055555556,0.010367277538,-0.097179487179,0.148000000000,-0.012256410256,-0.038564102564,0.691151835852,-2.429487179479,2.960000000000,-0.612820512804,-1.285470085459,17.169681136976,2.960000000000,0
0.620000000000,0.525000000000,0.675000000000,20,12,14400,0.107013888889,0.089513888889,0.836469824789,0.035694444444,0.007757951901,0.968968192397,0.009309542281,0.013964313421,1.000000000000,0.058958333333,0.048055555556,0.017500000000,0.009603388649,-0.095575381432,0.136968192397,-0.016023791052,-0.025369019912,0.640225909926,-2.389384535808,2.739363847944,-0.801189552608,-0.845633997058,14.980163523309,2.739363847944,0
0.620000000000,0.525000000000,0.700000000000,20,12,14400,0.108541666667,0.090069444444,0.829814459373,0.032916666667,0.013107170393,0.925983037779,0.007710100231,0.053199691596,1.000000000000,0.060763888889,0.047777777778,0.018472222222,0.010158944204,-0.090226162940,0.093983037779,-0.017623233102,0.013866358263,0.677262946963,-2.255654073495,1.879660755590,-0.881161655085,0.462211942100,10.069870696518,2.255654073495,0
0.620000000000,0.525000000000,0.725000000000,20,12,14400,0.107430555556,0.089652777778,0.834518422754,0.035000000000,0.019364833462,0.836560805577,0.003098373354,0.140975987607,1.000000000000,0.059861111111,0.047569444444,0.017777777778,0.009742277538,-0.083968499871,0.004560805577,-0.022234959979,0.101642654274,0.649485169185,-2.099212496764,0.091216111541,-1.111747998951,3.388088475784,17.551971603475,3.388088475784,0
0.620000000000,0.525000000000,0.750000000000,20,12,14400,0.108541666667,0.090138888889,0.830454254639,0.033750000000,0.020801232666,0.698767334361,0.000770416025,0.279661016949,1.000000000000,0.060347222222,0.048194444444,0.018402777778,0.010228388649,-0.082532100667,-0.133232665639,-0.024562917308,0.240327683616,0.681892576593,-2.063302516684,-2.664653312789,-1.228145865417,8.010922787205,77.505798208027,8.010922787205,0
0.620000000000,0.550000000000,0.350000000000,20,12,14400,0.107500000000,0.088819444444,0.826227390181,0.034097222222,0.000000000000,0.994526974199,0.005473025801,0.000000000000,1.000000000000,0.060277777778,0.047222222222,0.018680555556,0.008908944204,-0.103333333333,0.162526974199,-0.019860307532,-0.039333333333,0.593929613630,-2.583333333325,3.250539483972,-0.993015376580,-1.311111111100,20.297462317648,3.250539483972,0
0.620000000000,0.550000000000,0.375000000000,20,12,14400,0.106666666667,0.089236111111,0.836588541667,0.033541666667,0.000000000000,0.995330739300,0.004669260700,0.000000000000,1.000000000000,0.059166666667,0.047500000000,0.017430555556,0.009325610871,-0.103333333333,0.163330739300,-0.020664072633,-0.039333333333,0.621707391407,-2.583333333325,3.266614785992,-1.033203631631,-1.311111111100,20.517425441726,3.266614785992,0
0.620000000000,0.550000000000,0.400000000000,20,12,14400,0.108958333333,0.090763888889,0.833014659018,0.033055555556,0.000000000000,0.995409334353,0.004590665647,0.000000000000,1.000000000000,0.061597222222,0.047361111111,0.018194444444,0.010853388649,-0.103333333333,0.163409334353,-0.020742667686,-0.039333333333,0.723559243259,-2.583333333325,3.268186687070,-1.037133384324,-1.311111111100,20.672851313642,3.268186687070,0
0.620000000000,0.550000000000,0.425000000000,20,12,14400,0.107638888889,0.089791666667,0.834193548387,0.035208333333,0.000000000000,0.997679814385,0.002320185615,0.000000000000,1.000000000000,0.060347222222,0.047291666667,0.017847222222,0.009881166427,-0.103333333333,0.165679814385,-0.023013147718,-0.039333333333,0.658744428444,-2.583333333325,3.313596287703,-1.150657385908,-1.311111111100,21.130500456347,3.313596287703,0
0.620000000000,0.550000000000,0.450000000000,20,12,14400,0.106736111111,0.089166666667,0.835393623943,0.033888888889,0.000000000000,0.995327102804,0.004672897196,0.000000000000,1.000000000000,0.059722222222,0.047013888889,0.017569444444,0.009256166427,-0.103333333333,0.163327102804,-0.020660436137,-0.039333333333,0.617077761778,-2.583333333325,3.266542056075,-1.033021806837,-1.311111111100,20.510839478304,3.266542056075,0
0.620000000000,0.550000000000,0.475000000000,20,12,14400,0.105347222222,0.087986111111,0.835201054713,0.032013888889,0.000000000000,0.994475138122,0.005524861878,0.000000000000,1.000000000000,0.057777777778,0.047569444444,0.017361111111,0.008075610871,-0.103333333333,0.162475138122,-0.019808471455,-0.039333333333,0.538374058074,-2.583333333325,3.249502762431,-0.990423572727,-1.311111111100,20.222677139585,3.249502762431,0
0.620000000000,0.550000000000,0.500000000000,20,12,14400,0.108402777778,0.090000000000,0.830237027546,0.034236111111,0.000000000000,0.994598765432,0.005401234568,0.000000000000,1.000000000000,0.061111111111,0.047291666667,0.018402777778,0.010089499760,-0.103333333333,0.162598765432,-0.019932098765,-0.039333333333,0.672633317333,-2.583333333325,3.251975308642,-0.996604938255,-1.311111111100,20.413623847276,3.251975308642,0
0.620000000000,0.550000000000,0.525000000000,20,12,14400,0.107500000000,0.089930555556,0.836563307494,0.035763888889,0.000000000000,0.994594594595,0.005405405405,0.000000000000,1.000000000000,0.058958333333,0.048541666667,0.017569444444,0.010020055316,-0.103333333333,0.162594594595,-0.019927927928,-0.039333333333,0.668003687704,-2.583333333325,3.251891891892,-0.996396396380,-1.311111111100,20.406459038774,3.251891891892,0
0.620000000000,0.550000000000,0.550000000000,20,12,14400,0.105833333333,0.087916666667,0.830708661417,0.032916666667,0.000000000000,0.996050552923,0.003949447077,0.000000000000,1.000000000000,0.058888888889,0.046944444444,0.017916666667,0.008006166427,-0.103333333333,0.164050552923,-0.021383886256,-0.039333333333,0.533744428444,-2.583333333325,3.281011058452,-1.069194312780,-1.311111111100,20.585716615777,3.281011058452,0
0.620000000000,0.550000000000,0.575000000000,20,12,14400,0.108541666667,0.090833333333,0.836852207294,0.033888888889,0.000000000000,0.992354740061,0.007645259939,0.000000000000,1.000000000000,0.059652777778,0.048888888889,0.017708333333,0.010922833093,-0.103333333333,0.160354740061,-0.017688073394,-0.039333333333,0.728188872889,-2.583333333325,3.207094801223,-0.884403669708,-1.311111111100,19.990509406343,3.207094801223,0
0.620000000000,0.550000000000,0.600000000000,20,12,14400,0.109513888889,0.091805555556,0.838300570704,0.034583333333,0.000000000000,0.995461422088,0.004538577912,0.000000000000,1.000000000000,0.060486111111,0.049027777778,0.017708333333,0.011895055316,-0.103333333333,0.163461422088,-0.020794755421,-0.039333333333,0.793003687704,-2.583333333325,3.269228441755,-1.039737771037,-1.311111111100,20.790387542330,3.269228441755,0
0.620000000000,0.550000000000,0.625000000000,20,12,14400,0.108402777778,0.090069444444,0.830877642537,0.030694444444,0.000000000000,0.994602929838,0.005397070162,0.000000000000,1.000000000000,0.060555555556,0.047847222222,0.018333333333,0.010158944204,-0.103333333333,0.162602929838,-0.019936263171,-0.039333333333,0.677262946963,-2.583333333325,3.252058596762,-0.996813158554,-1.311111111100,20.420830145886,3.252058596762,0
0.620000000000,0.550000000000,0.650000000000,20,12,14400,0.107152777778,0.088819444444,0.828904731043,0.033958333333,0.001563721658,0.990617670055,0.003127443315,0.004691164973,1.000000000000,0.059722222222,0.047430555556,0.018333333333,0.008908944204,-0.101769611675,0.158617670055,-0.022205890018,-0.034642168360,0.593929613630,-2.544240291886,3.172353401095,-1.110294500895,-1.154738945345,19.455913060857,3.172353401095,0
0.620000000000,0.550000000000,0.675000000000,20,12,14400,0.107916666667,0.088888888889,0.823680823681,0.033472222222,0.005468750000,0.971875000000,0.001562500000,0.021093750000,1.000000000000,0.060972222222,0.046944444444,0.019027777778,0.008978388649,-0.097864583333,0.139875000000,-0.023770833333,-0.018239583333,0.598559243259,-2.446614583325,2.797500000000,-1.188541666650,-0.607986111100,15.952480741683,2.797500000000,0
0.620000000000,0.550000000000,0.700000000000,20,12,14400,0.106666666667,0.089583333333,0.839843750000,0.032569444444,0.003100775194,0.937984496124,0.000775193798,0.058139534884,1.000000000000,0.058472222222,0.048194444444,0.017083333333,0.009672833093,-0.100232558139,0.105984496124,-0.024558139535,0.018806201551,0.644855539556,-2.505813953480,2.119689922481,-1.227906976728,0.626873385024,13.088753388164,2.505813953480,0
0.620000000000,0.550000000000,0.725000000000,20,12,14400,0.107361111111,0.089652777778,0.835058214748,0.034236111111,0.004647560031,0.843532145624,0.000000000000,0.151820294345,1.000000000000,0.060694444444,0.046666666667,0.017708333333,0.009742277538,-0.098685773302,0.011532145624,-0.025333333333,0.112486961012,0.649485169185,-2.467144332550,0.230642912471,-1.266666666650,3.749565367082,22.225513182125,3.749565367082,0
0.620000000000,0.550000000000,0.750000000000,20,12,14400,0.107569444444,0.090347222222,0.839896707553,0.032569444444,0.005380476556,0.702536510377,0.000000000000,0.292083013067,1.000000000000,0.059513888889,0.048055555556,0.017222222222,0.010436721982,-0.097952856777,-0.129463489623,-0.025333333333,0.252749679734,0.695781465481,-2.448821419413,-2.589269792467,-1.266666666650,8.424989324462,85.770045811773,8.424989324462,0
0.620000000000,0.575000000000,0.350000000000,20,12,14400,0.106111111111,0.089027777778,0.839005235602,0.033194444444,0.000000000000,0.999219968799,0.000780031201,0.000000000000,1.000000000000,0.058263888889,0.047847222222,0.017083333333,0.009117277538,-0.103333333333,0.167219968799,-0.024553302132,-0.039333333333,0.607818502519,-2.583333333325,3.344399375975,-1.227665106588,-1.311111111100,21.454235588677,3.344399375975,0
0.620000000000,0.575000000000,0.375000000000,20,12,14400,0.104722222222,0.086527777778,0.826259946950,0.033194444444,0.000000000000,0.997592295345,0.002407704655,0.000000000000,1.000000000000,0.058402777778,0.046319444444,0.018194444444,0.006617277538,-0.103333333333,0.165592295345,-0.022925628678,-0.039333333333,0.441151835852,-2.583333333325,3.311845906902,-1.146281433905,-1.311111111100,20.869522835773,3.311845906902,0
0.620000000000,0.575000000000,0.400000000000,20,12,14400,0.108402777778,0.089513888889,0.825752722614,0.033888888889,0.000000000000,0.998448409620,0.001551590380,0.000000000000,1.000000000000,0.061041666667,0.047361111111,0.018888888889,0.009603388649,-0.103333333333,0.166448409620,-0.023781742953,-0.039333333333,0.640225909926,-2.583333333325,3.328968192397,-1.189087147643,-1.311111111100,21.298470143141,3.328968192397,0
0.620000000000,0.575000000000,0.425000000000,20,12,14400,0.108333333333,0.089583333333,0.826923076923,0.034097222222,0.000000000000,0.998449612403,0.001550387597,0.000000000000,1.000000000000,0.060277777778,0.048055555556,0.018750000000,0.009672833093,-0.103333333333,0.166449612403,-0.023782945736,-0.039333333333,0.644855539556,-2.583333333325,3.328992248062,-1.189147286805,-1.311111111100,21.304722780986,3.328992248062,0
0.620000000000,0.575000000000,0.450000000000,20,12,14400,0.107430555556,0.089305555556,0.831286360698,0.036041666667,0.000000000000,0.998444790047,0.001555209953,0.000000000000,1.000000000000,0.059722222222,0.047708333333,0.018125000000,0.009395055316,-0.103333333333,0.166444790047,-0.023778123380,-0.039333333333,0.626337021037,-2.583333333325,3.328895800933,-1.188906168983,-1.311111111100,21.279966652755,3.328895800933,0
0.620000000000,0.575000000000,0.475000000000,20,12,14400,0.107847222222,0.090138888889,0.835801674179,0.033819444444,0.000000000000,0.998459167951,0.001540832049,0.000000000000,1.000000000000,0.059930555556,0.047916666667,0.017708333333,0.010228388649,-0.103333333333,0.166459167951,-0.023792501284,-0.039333333333,0.681892576593,-2.583333333325,3.329183359014,-1.189625064185,-1.311111111100,21.356270574001,3.329183359014,0
0.620000000000,0.575000000000,0.500000000000,20,12,14400,0.106736111111,0.088958333333,0.833441769681,0.031111111111,0.000000000000,0.999219359875,0.000780640125,0.000000000000,1.000000000000,0.059444444444,0.047291666667,0.017777777778,0.009047833093,-0.103333333333,0.167219359875,-0.024552693208,-0.039333333333,0.603188872889,-2.583333333325,3.344387197502,-1.227634660405,-1.311111111100,21.448472859337,3.344387197502,0
0.620000000000,0.575000000000,0.525000000000,20,12,14400,0.107222222222,0.089583333333,0.835492227979,0.037430555556,0.000000000000,0.998449612403,0.001550387597,0.000000000000,1.000000000000,0.059652777778,0.047569444444,0.017638888889,0.009672833093,-0.103333333333,0.166449612403,-0.023782945736,-0.039333333333,0.644855539556,-2.583333333325,3.328992248062,-1.189147286805,-1.311111111100,21.304722780986,3.328992248062,0
0.620000000000,0.575000000000,0.550000000000,20,12,14400,0.103750000000,0.087638888889,0.844712182062,0.034444444444,0.000000000000,0.997622820919,0.002377179081,0.000000000000,1.000000000000,0.056666666667,0.047083333333,0.016111111111,0.007728388649,-0.103333333333,0.165622820919,-0.022956154252,-0.039333333333,0.515225909926,-2.583333333325,3.312456418384,-1.147807712609,-1.311111111100,20.947911263791,3.312456418384,0
0.620000000000,0.575000000000,0.575000000000,20,12,14400,0.107638888889,0.089930555556,0.835483870968,0.033750000000,0.000000000000,0.999227799228,0.000772200772,0.000000000000,1.000000000000,0.059513888889,0.048125000000,0.017708333333,0.010020055316,-0.103333333333,0.167227799228,-0.024561132561,-0.039333333333,0.668003687704,-2.583333333325,3.344555984556,-1.228056628040,-1.311111111100,21.533030199006,3.344555984556,0
0.620000000000,0.575000000000,0.600000000000,20,12,14400,0.106597222222,0.088750000000,0.832573289902,0.034097222222,0.000782472613,0.998435054773,0.000782472613,0.000000000000,1.000000000000,0.059375000000,0.047222222222,0.017847222222,0.008839499760,-0.102550860720,0.166435054773,-0.024550860720,-0.039333333333,0.589299984000,-2.563771517989,3.328701095462,-1.227543035977,-1.311111111100,21.226324101345,3.328701095462,0
0.620000000000,0.575000000000,0.625000000000,20,12,14400,0.106458333333,0.089444444444,0.840182648402,0.035763888889,0.000000000000,0.999223602484,0.000776397516,0.000000000000,1.000000000000,0.058958333333,0.047500000000,0.017013888889,0.009533944204,-0.103333333333,0.167223602484,-0.024556935817,-0.039333333333,0.635596280296,-2.583333333325,3.344472049689,-1.227846790874,-1.311111111100,21.489707121257,3.344472049689,0
0.620000000000,0.575000000000,0.650000000000,20,12,14400,0.105902777778,0.087916666667,0.830163934426,0.033541666667,0.000789889415,0.992101105845,0.000789889415,0.006319115324,1.000000000000,0.059513888889,0.046388888889,0.017986111111,0.008006166427,-0.102543443918,0.160101105845,-0.024543443918,-0.033014218009,0.533744428444,-2.563586097938,3.202022116904,-1.227172195876,-1.100473933638,19.826796910524,3.202022116904,0
0.620000000000,0.575000000000,0.675000000000,20,12,14400,0.109375000000,0.091180555556,0.833650793651,0.034236111111,0.000761614623,0.977151561310,0.000761614623,0.021325209444,1.000000000000,0.060833333333,0.048541666667,0.018194444444,0.011270055316,-0.102571718710,0.145151561310,-0.024571718710,-0.018008123889,0.751337021037,-2.564292967750,2.903031226200,-1.228585935500,-0.600270796299,17.437444473721,2.903031226200,0
0.620000000000,0.575000000000,0.700000000000,20,12,14400,0.107152777778,0.089444444444,0.834737524303,0.034722222222,0.000776397516,0.929347826087,0.000776397516,0.069099378882,1.000000000000,0.059305555556,0.047847222222,0.017708333333,0.009533944204,-0.102556935817,0.097347826087,-0.024556935817,0.029766045549,0.635596280296,-2.563923395437,1.946956521739,-1.227846790874,0.992201518300,13.260397101512,2.563923395437,0
0.620000000000,0.575000000000,0.725000000000,20,12,14400,0.105972222222,0.088611111111,0.836173001311,0.035138888889,0.001567398119,0.847178683386,0.000000000000,0.151253918495,1.000000000000,0.058819444444,0.047152777778,0.017361111111,0.008700610871,-0.101765935214,0.015178683386,-0.025333333333,0.111920585162,0.580040724741,-2.544148380347,0.303573667712,-1.266666666650,3.730686172077,22.423758954233,3.730686172077,0
0.620000000000,0.575000000000,0.750000000000,20,12,14400,0.106180555556,0.088819444444,0.836494440811,0.033541666667,0.001563721658,0.701329163409,0.000000000000,0.297107114934,1.000000000000,0.058958333333,0.047222222222,0.017361111111,0.008908944204,-0.101769611675,-0.130670836591,-0.025333333333,0.257773781601,0.593929613630,-2.544240291886,-2.613416731822,-1.266666666650,8.592459386685,89.090660819198,8.592459386685,0
0.620000000000,0.600000000000,0.350000000000,20,12,14400,0.108819444444,0.090833333333,0.834716017869,0.033750000000,0.000000000000,0.999235474006,0.000764525994,0.000000000000,1.000000000000,0.060763888889,0.048055555556,0.017986111111,0.010922833093,-0.103333333333,0.167235474006,-0.024568807339,-0.039333333333,0.728188872889,-2.583333333325,3.344709480122,-1.228440366956,-1.311111111100,21.619029732904,3.344709480122,0
0.620000000000,0.600000000000,0.375000000000,20,12,14400,0.107708333333,0.089861111111,0.834300451322,0.033819444444,0.000000000000,0.999227202473,0.000772797527,0.000000000000,1.000000000000,0.059236111111,0.048472222222,0.017847222222,0.009950610871,-0.103333333333,0.167227202473,-0.024560535806,-0.039333333333,0.663374058074,-2.583333333325,3.344544049459,-1.228026790298,-1.311111111100,21.526713294104,3.344544049459,0
0.620000000000,0.600000000000,0.400000000000,20,12,14400,0.104652777778,0.088402777778,0.844724618447,0.032083333333,0.000000000000,0.999214454046,0.000785545954,0.000000000000,1.000000000000,0.057847222222,0.046805555556,0.016250000000,0.008492277538,-0.103333333333,0.167214454046,-0.024547787379,-0.039333333333,0.566151835852,-2.583333333325,3.344289080911,-1.227389368928,-1.311111111100,21.403905477616,3.344289080911,0
0.620000000000,0.600000000000,0.425000000000,20,12,14400,0.109027777778,0.091736111111,0.841401273885,0.034583333333,0.000000000000,0.999242997729,0.000757002271,0.000000000000,1.000000000000,0.060208333333,0.048819444444,0.017291666667,0.011825610871,-0.103333333333,0.167242997729,-0.024576331062,-0.039333333333,0.788374058074,-2.583333333325,3.344859954580,-1.228816553100,-1.311111111100,21.712235349086,3.344859954580,0
0.620000000000,0.600000000000,0.450000000000,20,12,14400,0.106666666667,0.088750000000,0.832031250000,0.034722222222,0.000000000000,0.999217527387,0.000782472613,0.000000000000,1.000000000000,0.058888888889,0.047777777778,0.017916666667,0.008839499760,-0.103333333333,0.167217527387,-0.024550860720,-0.039333333333,0.589299984000,-2.583333333325,3.344350547731,-1.227543035977,-1.311111111100,21.431440419144,3.344350547731,0
0.620000000000,0.600000000000,0.475000000000,20,12,14400,0.109236111111,0.090486111111,0.828353464717,0.034652777778,0.000000000000,0.999232540292,0.000767459708,0.000000000000,1.000000000000,0.061041666667,0.048194444444,0.018750000000,0.010575610871,-0.103333333333,0.167232540292,-0.024565873625,-0.039333333333,0.705040724741,-2.583333333325,3.344650805833,-1.228293681232,-1.311111111100,21.585100260572,3.344650805833,0
0.620000000000,0.600000000000,0.500000000000,20,12,14400,0.107847222222,0.090138888889,0.835801674179,0.033194444444,0.000000000000,1.000000000000,0.000000000000,0.000000000000,0.000000000000,0.059652777778,0.048194444444,0.017708333333,0.010228388649,-0.103333333333,0.168000000000,-0.025333333333,-0.039333333333,0.681892576593,-2.583333333325,3.360000000000,-1.266666666650,-1.311111111100,21.751645387132,3.360000000000,0
0.620000000000,0.600000000000,0.525000000000,20,12,14400,0.106319444444,0.089305555556,0.839973873285,0.034166666667,0.000000000000,0.999222395023,0.000777604977,0.000000000000,1.000000000000,0.058263888889,0.048055555556,0.017013888889,0.009395055316,-0.103333333333,0.167222395023,-0.024555728356,-0.039333333333,0.626337021037,-2.583333333325,3.344447900467,-1.227786417816,-1.311111111100,21.477712767349,3.344447900467,0
0.620000000000,0.600000000000,0.550000000000,20,12,14400,0.106805555556,0.088958333333,0.832899869961,0.032569444444,0.000000000000,0.999219359875,0.000780640125,0.000000000000,1.000000000000,0.059236111111,0.047569444444,0.017847222222,0.009047833093,-0.103333333333,0.167219359875,-0.024552693208,-0.039333333333,0.603188872889,-2.583333333325,3.344387197502,-1.227634660405,-1.311111111100,21.448472859337,3.344387197502,0
0.620000000000,0.600000000000,0.575000000000,20,12,14400,0.104722222222,0.087222222222,0.832891246684,0.032013888889,0.000000000000,0.999203821656,0.000796178344,0.000000000000,1.000000000000,0.058333333333,0.046388888889,0.017500000000,0.007311721982,-0.103333333333,0.167203821656,-0.024537154989,-0.039333333333,0.487448132148,-2.583333333325,3.344076433121,-1.226857749453,-1.311111111100,21.318256266200,3.344076433121,0
0.620000000000,0.600000000000,0.600000000000,20,12,14400,0.108472222222,0.090208333333,0.831626120359,0.034375000000,0.000000000000,0.999230177059,0.000769822941,0.000000000000,1.000000000000,0.060138888889,0.048333333333,0.018263888889,0.010297833093,-0.103333333333,0.167230177059,-0.024563510392,-0.039333333333,0.686522206222,-2.583333333325,3.344603541186,-1.228175519614,-1.311111111100,21.558724151044,3.344603541186,0
0.620000000000,0.600000000000,0.625000000000,20,12,14400,0.107708333333,0.089236111111,0.828497743391,0.032430555556,0.000000000000,1.000000000000,0.000000000000,0.000000000000,0.000000000000,0.060138888889,0.047569444444,0.018472222222,0.009325610871,-0.103333333333,0.168000000000,-0.025333333333,-0.039333333333,0.621707391407,-2.583333333325,3.360000000000,-1.266666666650,-1.311111111100,21.673187981651,3.360000000000,0
0.620000000000,0.600000000000,0.650000000000,20,12,14400,0.106458333333,0.088402777778,0.830397912590,0.034513888889,0.000785545954,0.992144540456,0.000000000000,0.007069913590,1.000000000000,0.059861111111,0.046597222222,0.018055555556,0.008492277538,-0.102547787379,0.160144540456,-0.025333333333,-0.032263419743,0.566151835852,-2.563694684464,3.202890809112,-1.266666666650,-1.075447324768,19.912599264238,3.202890809112,0
0.620000000000,0.600000000000,0.675000000000,20,12,14400,0.107916666667,0.090277777778,0.836550836551,0.032013888889,0.000769230769,0.977692307692,0.000000000000,0.021538461538,1.000000000000,0.059930555556,0.047986111111,0.017638888889,0.010367277538,-0.102564102564,0.145692307692,-0.025333333333,-0.017794871795,0.691151835852,-2.564102564094,2.913846153846,-1.266666666650,-0.593162393151,17.499098296731,2.913846153846,0
0.620000000000,0.600000000000,0.700000000000,20,12,14400,0.106666666667,0.088541666667,0.830078125000,0.032916666667,0.000784313725,0.935686274510,0.000000000000,0.063529411765,1.000000000000,0.059375000000,0.047291666667,0.018125000000,0.008631166427,-0.102549019608,0.103686274510,-0.025333333333,0.024196078432,0.575411095111,-2.563725490188,2.073725490196,-1.266666666650,0.806535947724,13.459068405477,2.563725490188,0
0.620000000000,0.600000000000,0.725000000000,20,12,14400,0.106111111111,0.088333333333,0.832460732984,0.034305555556,0.000786163522,0.839622641509,0.000000000000,0.159591194969,1.000000000000,0.057986111111,0.048125000000,0.017777777778,0.008422833093,-0.102547169811,0.007622641509,-0.025333333333,0.120257861636,0.561522206222,-2.563679245275,0.152452830189,-1.266666666650,4.008595387852,24.584281754074,4.008595387852,0
0.620000000000,0.600000000000,0.750000000000,20,12,14400,0.106458333333,0.088611111111,0.832354859752,0.031527777778,0.000783699060,0.696708463950,0.000000000000,0.302507836991,1.000000000000,0.059652777778,0.046805555556,0.017847222222,0.008700610871,-0.102549634273,-0.135291536050,-0.025333333333,0.263174503658,0.580040724741,-2.563740856836,-2.705830721003,-1.266666666650,8.772483455253,92.791644731186,8.772483455253,0
0.620000000000,0.625000000000,0.350000000000,20,12,14400,0.109444444444,0.090555555556,0.827411167513,0.034027777778,0.000000000000,1.000000000000,0.000000000000,0.000000000000,0.000000000000,0.060972222222,0.048472222222,0.018888888889,0.010645055316,-0.103333333333,0.168000000000,-0.025333333333,-0.039333333333,0.709670354370,-2.583333333325,3.360000000000,-1.266666666650,-1.311111111100,21.790299912992,3.360000000000,0
0.620000000000,0.625000000000,0.375000000000,20,12,14400,0.107430555556,0.088611111111,0.824822236587,0.033402777778,0.000000000000,1.000000000000,0.000000000000,0.000000000000,0.000000000000,0.059930555556,0.047500000000,0.018819444444,0.008700610871,-0.103333333333,0.168000000000,-0.025333333333,-0.039333333333,0.580040724741,-2.583333333325,3.360000000000,-1.266666666650,-1.311111111100,21.623115143478,3.360000000000,0
0.620000000000,0.625000000000,0.400000000000,20,12,14400,0.106597222222,0.088611111111,0.831270358306,0.034027777778,0.000000000000,1.000000000000,0.000000000000,0.000000000000,0.000000000000,0.059583333333,0.047013888889,0.017986111111,0.008700610871,-0.103333333333,0.168000000000,-0.025333333333,-0.039333333333,0.580040724741,-2.583333333325,3.360000000000,-1.266666666650,-1.311111111100,21.623115143478,3.360000000000,0
0.620000000000,0.625000000000,0.425000000000,20,12,14400,0.107152777778,0.089166666667,0.832145171743,0.033611111111,0.000000000000,1.000000000000,0.000000000000,0.000000000000,0.000000000000,0.060277777778,0.046875000000,0.017986111111,0.009256166427,-0.103333333333,0.168000000000,-0.025333333333,-0.039333333333,0.617077761778,-2.583333333325,3.360000000000,-1.266666666650,-1.311111111100,21.667452865201,3.360000000000,0
0.620000000000,0.625000000000,0.450000000000,20,12,14400,0.107013888889,0.088750000000,0.829331602855,0.032916666667,0.000000000000,1.000000000000,0.000000000000,0.000000000000,0.000000000000,0.059305555556,0.047708333333,0.018263888889,0.008839499760,-0.103333333333,0.168000000000,-0.025333333333,-0.039333333333,0.589299984000,-2.583333333325,3.360000000000,-1.266666666650,-1.311111111100,21.633942372263,3.360000000000,0
0.620000000000,0.625000000000,0.475000000000,20,12,14400,0.108402777778,0.090138888889,0.831518257527,0.033888888889,0.000000000000,1.000000000000,0.000000000000,0.000000000000,0.000000000000,0.061041666667,0.047361111111,0.018263888889,0.010228388649,-0.103333333333,0.168000000000,-0.025333333333,-0.039333333333,0.681892576593,-2.583333333325,3.360000000000,-1.266666666650,-1.311111111100,21.751645387132,3.360000000000,0
0.620000000000,0.625000000000,0.500000000000,20,12,14400,0.107500000000,0.090000000000,0.837209302326,0.035208333333,0.000000000000,1.000000000000,0.000000000000,0.000000000000,0.000000000000,0.060000000000,0.047500000000,0.017500000000,0.010089499760,-0.103333333333,0.168000000000,-0.025333333333,-0.039333333333,0.672633317333,-2.583333333325,3.360000000000,-1.266666666650,-1.311111111100,21.739103480707,3.360000000000,0
0.620000000000,0.625000000000,0.525000000000,20,12,14400,0.106944444444,0.088819444444,0.830519480519,0.034930555556,0.000000000000,1.000000000000,0.000000000000,0.000000000000,0.000000000000,0.059861111111,0.047083333333,0.018125000000,0.008908944204,-0.103333333333,0.168000000000,-0.025333333333,-0.039333333333,0.593929613630,-2.583333333325,3.360000000000,-1.266666666650,-1.311111111100,21.639420287066,3.360000000000,0
0.620000000000,0.625000000000,0.550000000000,20,12,14400,0.106111111111,0.088680555556,0.835732984293,0.032916666667,0.000000000000,1.000000000000,0.000000000000,0.000000000000,0.000000000000,0.058680555556,0.047430555556,0.017430555556,0.008770055316,-0.103333333333,0.168000000000,-0.025333333333,-0.039333333333,0.584670354370,-2.583333333325,3.360000000000,-1.266666666650,-1.311111111100,21.628507324400,3.360000000000,0
0.620000000000,0.625000000000,0.575000000000,20,12,14400,0.108472222222,0.090347222222,0.832906530090,0.034236111111,0.000000000000,1.000000000000,0.000000000000,0.000000000000,0.000000000000,0.059930555556,0.048541666667,0.018125000000,0.010436721982,-0.103333333333,0.168000000000,-0.025333333333,-0.039333333333,0.695781465481,-2.583333333325,3.360000000000,-1.266666666650,-1.311111111100,21.770779748828,3.360000000000,0
0.620000000000,0.625000000000,0.600000000000,20,12,14400,0.105138888889,0.087500000000,0.832232496697,0.032708333333,0.000000000000,1.000000000000,0.000000000000,0.000000000000,0.000000000000,0.058333333333,0.046805555556,0.017638888889,0.007589499760,-0.103333333333,0.168000000000,-0.025333333333,-0.039333333333,0.505966650667,-2.583333333325,3.360000000000,-1.266666666650,-1.311111111100,21.542670152707,3.360000000000,0
0.620000000000,0.625000000000,0.625000000000,20,12,14400,0.108611111111,0.090347222222,0.831841432225,0.032916666667,0.000000000000,1.000000000000,0.000000000000,0.000000000000,0.000000000000,0.060069444444,0.048541666667,0.018263888889,0.010436721982,-0.103333333333,0.168000000000,-0.025333333333,-0.039333333333,0.695781465481,-2.583333333325,3.360000000000,-1.266666666650,-1.311111111100,21.770779748828,3.360000000000,0
0.620000000000,0.625000000000,0.650000000000,20,12,14400,0.108750000000,0.090972222222,0.836526181354,0.033958333333,0.000000000000,0.992366412214,0.000000000000,0.007633587786,0.000000000000,0.060625000000,0.048125000000,0.017777777778,0.011061721982,-0.103333333333,0.160366412214,-0.025333333333,-0.031699745547,0.737448132148,-2.583333333325,3.207328244275,-1.266666666650,-1.056658184891,20.225366289300,3.207328244275,0
0.620000000000,0.625000000000,0.675000000000,20,12,14400,0.105694444444,0.088125000000,0.833771353482,0.033125000000,0.000000000000,0.977935382191,0.000000000000,0.022064617809,0.000000000000,0.058680555556,0.047013888889,0.017569444444,0.008214499760,-0.103333333333,0.145935382191,-0.025333333333,-0.017268715524,0.547633317333,-2.583333333325,2.918707643814,-1.266666666650,-0.575623850790,17.428154933381,2.918707643814,0
0.620000000000,0.625000000000,0.700000000000,20,12,14400,0.110625000000,0.091944444444,0.831136220967,0.033611111111,0.000000000000,0.932024169184,0.000000000000,0.067975830816,0.000000000000,0.061388888889,0.049236111111,0.018680555556,0.012033944204,-0.103333333333,0.100024169184,-0.025333333333,0.028642497483,0.802262946963,-2.583333333325,2.000483383686,-1.266666666650,0.954749916090,13.835162562217,2.583333333325,0
0.620000000000,0.625000000000,0.725000000000,20,12,14400,0.104652777778,0.087013888889,0.831453218315,0.034305555556,0.000000000000,0.837988826816,0.000000000000,0.162011173184,0.000000000000,0.058194444444,0.046458333333,0.017638888889,0.007103388649,-0.103333333333,0.005988826816,-0.025333333333,0.122677839851,0.473559243259,-2.583333333325,0.119776536313,-1.266666666650,4.089261328379,25.238718542771,4.089261328379,0
0.620000000000,0.625000000000,0.750000000000,20,12,14400,0.107430555556,0.089652777778,0.834518422754,0.034444444444,0.000000000000,0.709527498064,0.000000000000,0.290472501936,0.000000000000,0.059027777778,0.048402777778,0.017777777778,0.009742277538,-0.103333333333,-0.122472501936,-0.025333333333,0.251139168603,0.649485169185,-2.583333333325,-2.449450038730,-1.266666666650,8.371305620116,84.778449818082,8.371305620116,0
0.620000000000,0.650000000000,0.350000000000,20,12,14400,0.105972222222,0.088888888889,0.838794233290,0.034930555556,0.000000000000,1.000000000000,0.000000000000,0.000000000000,0.000000000000,0.057916666667,0.048055555556,0.017083333333,0.008978388649,-0.103333333333,0.168000000000,-0.025333333333,-0.039333333333,0.598559243259,-2.583333333325,3.360000000000,-1.266666666650,-1.311111111100,21.644941068811,3.360000000000,0
0.620000000000,0.650000000000,0.375000000000,20,12,14400,0.105416666667,0.087500000000,0.830039525692,0.033541666667,0.000000000000,1.000000000000,0.000000000000,0.000000000000,0.000000000000,0.059444444444,0.045972222222,0.017916666667,0.007589499760,-0.103333333333,0.168000000000,-0.025333333333,-0.039333333333,0.505966650667,-2.583333333325,3.360000000000,-1.266666666650,-1.311111111100,21.542670152707,3.360000000000,0
0.620000000000,0.650000000000,0.400000000000,20,12,14400,0.109305555556,0.091180555556,0.834180432020,0.033263888889,0.000000000000,1.000000000000,0.000000000000,0.000000000000,0.000000000000,0.060763888889,0.048541666667,0.018125000000,0.011270055316,-0.103333333333,0.168000000000,-0.025333333333,-0.039333333333,0.751337021037,-2.583333333325,3.360000000000,-1.266666666650,-1.311111111100,21.851175220301,3.360000000000,0
0.620000000000,0.650000000000,0.425000000000,20,12,14400,0.107569444444,0.089583333333,0.832795351840,0.033958333333,0.000000000000,1.000000000000,0.000000000000,0.000000000000,0.000000000000,0.060208333333,0.047361111111,0.017986111111,0.009672833093,-0.103333333333,0.168000000000,-0.025333333333,-0.039333333333,0.644855539556,-2.583333333325,3.360000000000,-1.266666666650,-1.311111111100,21.702506568016,3.360000000000,0
0.620000000000,0.650000000000,0.450000000000,20,12,14400,0.106805555556,0.088194444444,0.825747724317,0.034722222222,0.000000000000,1.000000000000,0.000000000000,0.000000000000,0.000000000000,0.059652777778,0.047152777778,0.018611111111,0.008283944204,-0.103333333333,0.168000000000,-0.025333333333,-0.039333333333,0.552262946963,-2.583333333325,3.360000000000,-1.266666666650,-1.311111111100,21.591662263708,3.360000000000,0
0.620000000000,0.650000000000,0.475000000000,20,12,14400,0.108194444444,0.089930555556,0.831193838254,0.034722222222,0.000000000000,1.000000000000,0.000000000000,0.000000000000,0.000000000000,0.060069444444,0.048125000000,0.018263888889,0.010020055316,-0.103333333333,0.168000000000,-0.025333333333,-0.039333333333,0.668003687704,-2.583333333325,3.360000000000,-1.266666666650,-1.311111111100,21.732896827906,3.360000000000,0
0.620000000000,0.650000000000,0.500000000000,20,12,14400,0.105833333333,0.088958333333,0.840551181102,0.035416666667,0.000000000000,1.000000000000,0.000000000000,0.000000000000,0.000000000000,0.057847222222,0.047986111111,0.016875000000,0.009047833093,-0.103333333333,0.168000000000,-0.025333333333,-0.039333333333,0.603188872889,-2.583333333325,3.360000000000,-1.266666666650,-1.311111111100,21.650504717497,3.360000000000,0
0.620000000000,0.650000000000,0.525000000000,20,12,14400,0.107777777778,0.090069444444,0.835695876289,0.034236111111,0.000000000000,1.000000000000,0.000000000000,0.000000000000,0.000000000000,0.059652777778,0.048125000000,0.017708333333,0.010158944204,-0.103333333333,0.168000000000,-0.025333333333,-0.039333333333,0.677262946963,-2.583333333325,3.360000000000,-1.266666666650,-1.311111111100,21.745353000449,3.360000000000,0
0.620000000000,0.650000000000,0.550000000000,20,12,14400,0.108680555556,0.090277777778,0.830670926518,0.033402777778,0.000000000000,1.000000000000,0.000000000000,0.000000000000,0.000000000000,0.060902777778,0.047777777778,0.018402777778,0.010367277538,-0.103333333333,0.168000000000,-0.025333333333,-0.039333333333,0.691151835852,-2.583333333325,3.360000000000,-1.266666666650,-1.311111111100,21.764358761322,3.360000000000,0
0.620000000000,0.650000000000,0.575000000000,20,12,14400,0.105902777778,0.088333333333,0.834098360656,0.035208333333,0.000000000000,1.000000000000,0.000000000000,0.000000000000,0.000000000000,0.058819444444,0.047083333333,0.017569444444,0.008422833093,-0.103333333333,0.168000000000,-0.025333333333,-0.039333333333,0.561522206222,-2.583333333325,3.360000000000,-1.266666666650,-1.311111111100,21.601975089201,3.360000000000,0
0.620000000000,0.650000000000,0.600000000000,20,12,14400,0.107638888889,0.088819444444,0.825161290323,0.034027777778,0.000000000000,1.000000000000,0.000000000000,0.000000000000,0.000000000000,0.060069444444,0.047569444444,0.018819444444,0.008908944204,-0.103333333333,0.168000000000,-0.025333333333,-0.039333333333,0.593929613630,-2.583333333325,3.360000000000,-1.266666666650,-1.311111111100,21.639420287066,3.360000000000,0
0.620000000000,0.650000000000,0.625000000000,20,12,14400,0.105416666667,0.087916666667,0.833992094862,0.032569444444,0.000000000000,1.000000000000,0.000000000000,0.000000000000,0.000000000000,0.058402777778,0.047013888889,0.017500000000,0.008006166427,-0.103333333333,0.168000000000,-0.025333333333,-0.039333333333,0.533744428444,-2.583333333325,3.360000000000,-1.266666666650,-1.311111111100,21.571551016016,3.360000000000,0
0.620000000000,0.650000000000,0.650000000000,20,12,14400,0.109305555556,0.090833333333,0.831003811944,0.033958333333,0.000000000000,0.993883792049,0.000000000000,0.006116207951,0.000000000000,0.060694444444,0.048611111111,0.018472222222,0.010922833093,-0.103333333333,0.161883792049,-0.025333333333,-0.033217125382,0.728188872889,-2.583333333325,3.237675840979,-1.266666666650,-1.107237512731,20.516834350925,3.237675840979,0
0.620000000000,0.650000000000,0.675000000000,20,12,14400,0.106388888889,0.088958333333,0.836161879896,0.034930555556,0.000000000000,0.980483996877,0.000000000000,0.019516003123,0.000000000000,0.058888888889,0.047500000000,0.017430555556,0.009047833093,-0.103333333333,0.148483996877,-0.025333333333,-0.019817330210,0.603188872889,-2.583333333325,2.969679937549,-1.266666666650,-0.660577673681,17.897254166293,2.969679937549,0
0.620000000000,0.650000000000,0.700000000000,20,12,14400,0.106458333333,0.088888888889,0.834964122635,0.033472222222,0.000000000000,0.943750000000,0.000000000000,0.056250000000,0.000000000000,0.058750000000,0.047708333333,0.017569444444,0.008978388649,-0.103333333333,0.111750000000,-0.025333333333,0.016916666667,0.598559243259,-2.583333333325,2.235000000000,-1.266666666650,0.563888888900,13.949524402187,2.583333333325,0
0.620000000000,0.650000000000,0.725000000000,20,12,14400,0.107430555556,0.089652777778,0.834518422754,0.033750000000,0.000000000000,0.850503485670,0.000000000000,0.149496514330,0.000000000000,0.059236111111,0.048194444444,0.017777777778,0.009742277538,-0.103333333333,0.018503485670,-0.025333333333,0.110163180997,0.649485169185,-2.583333333325,0.370069713400,-1.266666666650,3.672106033233,22.321200852541,3.672106033233,0
0.620000000000,0.650000000000,0.750000000000,20,12,14400,0.108611111111,0.090902777778,0.836956521739,0.034513888889,0.000000000000,0.707410236822,0.000000000000,0.292589763178,0.000000000000,0.060694444444,0.047916666667,0.017708333333,0.010992277538,-0.103333333333,-0.124589763178,-0.025333333333,0.253256429845,0.732818502519,-2.583333333325,-2.491795263560,-1.266666666650,8.441880994833,86.289476879531,8.441880994833,0
0.620000000000,0.675000000000,0.350000000000,20,12,14400,0.109236111111,0.090555555556,0.828989192626,0.032361111111,0.000000000000,1.000000000000,0.000000000000,0.000000000000,0.000000000000,0.061319444444,0.047916666667,0.018680555556,0.010645055316,-0.103333333333,0.168000000000,-0.025333333333,-0.039333333333,0.709670354370,-2.583333333325,3.360000000000,-1.266666666650,-1.311111111100,21.790299912992,3.360000000000,0
0.620000000000,0.675000000000,0.375000000000,20,12,14400,0.104722222222,0.087152777778,0.832228116711,0.034166666667,0.000000000000,1.000000000000,0.000000000000,0.000000000000,0.000000000000,0.057777777778,0.046944444444,0.017569444444,0.007242277538,-0.103333333333,0.168000000000,-0.025333333333,-0.039333333333,0.482818502519,-2.583333333325,3.360000000000,-1.266666666650,-1.311111111100,21.519781607494,3.360000000000,0
0.620000000000,0.675000000000,0.400000000000,20,12,14400,0.106805555556,0.089791666667,0.840702210663,0.035208333333,0.000000000000,1.000000000000,0.000000000000,0.000000000000,0.000000000000,0.058680555556,0.048125000000,0.017013888889,0.009881166427,-0.103333333333,0.168000000000,-0.025333333333,-0.039333333333,0.658744428444,-2.583333333325,3.360000000000,-1.266666666650,-1.311111111100,21.720612123127,3.360000000000,0
0.620000000000,0.675000000000,0.425000000000,20,12,14400,0.107500000000,0.090347222222,0.840439276486,0.036111111111,0.000000000000,1.000000000000,0.000000000000,0.000000000000,0.000000000000,0.059930555556,0.047569444444,0.017152777778,0.010436721982,-0.103333333333,0.168000000000,-0.025333333333,-0.039333333333,0.695781465481,-2.583333333325,3.360000000000,-1.266666666650,-1.311111111100,21.770779748828,3.360000000000,0
0.620000000000,0.675000000000,0.450000000000,20,12,14400,0.109722222222,0.091666666667,0.835443037975,0.034652777778,0.000000000000,1.000000000000,0.000000000000,0.000000000000,0.000000000000,0.060694444444,0.049027777778,0.018055555556,0.011756166427,-0.103333333333,0.168000000000,-0.025333333333,-0.039333333333,0.783744428444,-2.583333333325,3.360000000000,-1.266666666650,-1.311111111100,21.900923230238,3.360000000000,0
0.620000000000,0.675000000000,0.475000000000,20,12,14400,0.109236111111,0.090833333333,0.831532104259,0.033055555556,0.000000000000,1.000000000000,0.000000000000,0.000000000000,0.000000000000,0.061180555556,0.048055555556,0.018402777778,0.010922833093,-0.103333333333,0.168000000000,-0.025333333333,-0.039333333333,0.728188872889,-2.583333333325,3.360000000000,-1.266666666650,-1.311111111100,21.816926935719,3.360000000000,0
0.620000000000,0.675000000000,0.500000000000,20,12,14400,0.108541666667,0.089513888889,0.824696097249,0.034166666667,0.000000000000,1.000000000000,0.000000000000,0.000000000000,0.000000000000,0.061180555556,0.047361111111,0.019027777778,0.009603388649,-0.103333333333,0.168000000000,-0.025333333333,-0.039333333333,0.640225909926,-2.583333333325,3.360000000000,-1.266666666650,-1.311111111100,21.696557116861,3.360000000000,0
0.620000000000,0.675000000000,0.525000000000,20,12,14400,0.107361111111,0.088819444444,0.827296248383,0.036250000000,0.000000000000,1.000000000000,0.000000000000,0.000000000000,0.000000000000,0.059722222222,0.047638888889,0.018541666667,0.008908944204,-0.103333333333,0.168000000000,-0.025333333333,-0.039333333333,0.593929613630,-2.583333333325,3.360000000000,-1.266666666650,-1.311111111100,21.639420287066,3.360000000000,0
0.620000000000,0.675000000000,0.550000000000,20,12,14400,0.108819444444,0.090416666667,0.830887045310,0.032638888889,0.000000000000,1.000000000000,0.000000000000,0.000000000000,0.000000000000,0.061250000000,0.047569444444,0.018402777778,0.010506166427,-0.103333333333,0.168000000000,-0.025333333333,-0.039333333333,0.700411095111,-2.583333333325,3.360000000000,-1.266666666650,-1.311111111100,21.777243603275,3.360000000000,0
0.620000000000,0.675000000000,0.575000000000,20,12,14400,0.105694444444,0.088472222222,0.837056504599,0.035277777778,0.000000000000,1.000000000000,0.000000000000,0.000000000000,0.000000000000,0.058958333333,0.046736111111,0.017222222222,0.008561721982,-0.103333333333,0.168000000000,-0.025333333333,-0.039333333333,0.570781465481,-2.583333333325,3.360000000000,-1.266666666650,-1.311111111100,21.612459382457,3.360000000000,0
0.620000000000,0.675000000000,0.600000000000,20,12,14400,0.108333333333,0.090555555556,0.835897435897,0.033819444444,0.000000000000,1.000000000000,0.000000000000,0.000000000000,0.000000000000,0.060138888889,0.048194444444,0.017777777778,0.010645055316,-0.103333333333,0.168000000000,-0.025333333333,-0.039333333333,0.709670354370,-2.583333333325,3.360000000000,-1.266666666650,-1.311111111100,21.790299912992,3.360000000000,0
0.620000000000,0.675000000000,0.625000000000,20,12,14400,0.107430555556,0.089652777778,0.834518422754,0.034305555556,0.000000000000,0.999225406662,0.000000000000,0.000774593338,0.000000000000,0.059236111111,0.048194444444,0.017777777778,0.009742277538,-0.103333333333,0.167225406662,-0.025333333333,-0.038558739995,0.649485169185,-2.583333333325,3.344508133230,-1.266666666650,-1.285291333150,21.537595004775,3.344508133230,0
0.620000000000,0.675000000000,0.650000000000,20,12,14400,0.105625000000,0.088194444444,0.834976988823,0.033472222222,0.000000000000,0.994488188976,0.000000000000,0.005511811024,0.000000000000,0.057777777778,0.047847222222,0.017430555556,0.008283944204,-0.103333333333,0.162488188976,-0.025333333333,-0.033821522309,0.552262946963,-2.583333333325,3.249763779528,-1.266666666650,-1.127384076979,20.415009397814,3.249763779528,0
0.620000000000,0.675000000000,0.675000000000,20,12,14400,0.109583333333,0.091041666667,0.830798479087,0.032500000000,0.000000000000,0.977116704805,0.000000000000,0.022883295195,0.000000000000,0.060833333333,0.048750000000,0.018541666667,0.011131166427,-0.103333333333,0.145116704805,-0.025333333333,-0.016450038138,0.742077761778,-2.583333333325,2.902334096110,-1.266666666650,-0.548334604616,17.552949004057,2.902334096110,0
0.620000000000,0.675000000000,0.700000000000,20,12,14400,0.106597222222,0.089027777778,0.835179153094,0.031944444444,0.000000000000,0.936817472699,0.000000000000,0.063182527301,0.000000000000,0.059583333333,0.047013888889,0.017569444444,0.009117277538,-0.103333333333,0.104817472699,-0.025333333333,0.023849193968,0.607818502519,-2.583333333325,2.096349453978,-1.266666666650,0.794973132270,13.674162201699,2.583333333325,0
0.620000000000,0.675000000000,0.725000000000,20,12,14400,0.106527777778,0.087986111111,0.825945241199,0.034513888889,0.000000000000,0.847671665351,0.000000000000,0.152328334649,0.000000000000,0.059166666667,0.047361111111,0.018541666667,0.008075610871,-0.103333333333,0.015671665351,-0.025333333333,0.112995001316,0.538374058074,-2.583333333325,0.313433307025,-1.266666666650,3.766500043859,22.852665200221,3.766500043859,0
0.620000000000,0.675000000000,0.750000000000,20,12,14400,0.106597222222,0.088194444444,0.827361563518,0.032847222222,0.000000000000,0.705511811024,0.000000000000,0.294488188976,0.000000000000,0.059027777778,0.047569444444,0.018402777778,0.008283944204,-0.103333333333,-0.126488188976,-0.025333333333,0.255154855643,0.552262946963,-2.583333333325,-2.529763779528,-1.266666666650,8.505161854779,87.320532874261,8.505161854779,0
0.620000000000,0.700000000000,0.350000000000,20,12,14400,0.107777777778,0.089930555556,0.834407216495,0.034444444444,0.000000000000,1.000000000000,0.000000000000,0.000000000000,0.000000000000,0.059583333333,0.048194444444,0.017847222222,0.010020055316,-0.103333333333,0.168000000000,-0.025333333333,-0.039333333333,0.668003687704,-2.583333333325,3.360000000000,-1.266666666650,-1.311111111100,21.732896827906,3.360000000000,0
0.620000000000,0.700000000000,0.375000000000,20,12,14400,0.106388888889,0.087986111111,0.827023498695,0.032986111111,0.000000000000,1.000000000000,0.000000000000,0.000000000000,0.000000000000,0.059861111111,0.046527777778,0.018402777778,0.008075610871,-0.103333333333,0.168000000000,-0.025333333333,-0.039333333333,0.538374058074,-2.583333333325,3.360000000000,-1.266666666650,-1.311111111100,21.576514527527,3.360000000000,0
0.620000000000,0.700000000000,0.400000000000,20,12,14400,0.109097222222,0.091041666667,0.834500318269,0.032083333333,0.000000000000,1.000000000000,0.000000000000,0.000000000000,0.000000000000,0.060208333333,0.048888888889,0.018055555556,0.011131166427,-0.103333333333,0.168000000000,-0.025333333333,-0.039333333333,0.742077761778,-2.583333333325,3.360000000000,-1.266666666650,-1.311111111100,21.837347305645,3.360000000000,0
0.620000000000,0.700000000000,0.425000000000,20,12,14400,0.109097222222,0.091111111111,0.835136855506,0.034305555556,0.000000000000,1.000000000000,0.000000000000,0.000000000000,0.000000000000,0.060208333333,0.048888888889,0.017986111111,0.011200610871,-0.103333333333,0.168000000000,-0.025333333333,-0.039333333333,0.746707391407,-2.583333333325,3.360000000000,-1.266666666650,-1.311111111100,21.844239829503,3.360000000000,0
0.620000000000,0.700000000000,0.450000000000,20,12,14400,0.107638888889,0.090000000000,0.836129032258,0.033472222222,0.000000000000,1.000000000000,0.000000000000,0.000000000000,0.000000000000,0.060625000000,0.047013888889,0.017638888889,0.010089499760,-0.103333333333,0.168000000000,-0.025333333333,-0.039333333333,0.672633317333,-2.583333333325,3.360000000000,-1.266666666650,-1.311111111100,21.739103480707,3.360000000000,0
0.620000000000,0.700000000000,0.475000000000,20,12,14400,0.105416666667,0.088402777778,0.838603425560,0.032847222222,0.000000000000,1.000000000000,0.000000000000,0.000000000000,0.000000000000,0.057430555556,0.047986111111,0.017013888889,0.008492277538,-0.103333333333,0.168000000000,-0.025333333333,-0.039333333333,0.566151835852,-2.583333333325,3.360000000000,-1.266666666650,-1.311111111100,21.607195802359,3.360000000000,0
0.620000000000,0.700000000000,0.500000000000,20,12,14400,0.109583333333,0.091111111111,0.831432192649,0.033680555556,0.000000000000,1.000000000000,0.000000000000,0.000000000000,0.000000000000,0.060486111111,0.049097222222,0.018472222222,0.011200610871,-0.103333333333,0.168000000000,-0.025333333333,-0.039333333333,0.746707391407,-2.583333333325,3.360000000000,-1.266666666650,-1.311111111100,21.844239829503,3.360000000000,0
0.620000000000,0.700000000000,0.525000000000,20,12,14400,0.107569444444,0.089375000000,0.830858618464,0.033888888889,0.000000000000,1.000000000000,0.000000000000,0.000000000000,0.000000000000,0.059722222222,0.047847222222,0.018194444444,0.009464499760,-0.103333333333,0.168000000000,-0.025333333333,-0.039333333333,0.630966650667,-2.583333333325,3.360000000000,-1.266666666650,-1.311111111100,21.684786815374,3.360000000000,0
0.620000000000,0.700000000000,0.550000000000,20,12,14400,0.107777777778,0.089444444444,0.829896907216,0.034930555556,0.000000000000,1.000000000000,0.000000000000,0.000000000000,0.000000000000,0.060277777778,0.047500000000,0.018333333333,0.009533944204,-0.103333333333,0.168000000000,-0.025333333333,-0.039333333333,0.635596280296,-2.583333333325,3.360000000000,-1.266666666650,-1.311111111100,21.690650532647,3.360000000000,0
0.620000000000,0.700000000000,0.575000000000,20,12,14400,0.108333333333,0.090347222222,0.833974358974,0.034583333333,0.000000000000,1.000000000000,0.000000000000,0.000000000000,0.000000000000,0.060277777778,0.048055555556,0.017986111111,0.010436721982,-0.103333333333,0.168000000000,-0.025333333333,-0.039333333333,0.695781465481,-2.583333333325,3.360000000000,-1.266666666650,-1.311111111100,21.770779748828,3.360000000000,0
0.620000000000,0.700000000000,0.600000000000,20,12,14400,0.107083333333,0.088680555556,0.828145265888,0.032777777778,0.000000000000,1.000000000000,0.000000000000,0.000000000000,0.000000000000,0.059930555556,0.047152777778,0.018402777778,0.008770055316,-0.103333333333,0.168000000000,-0.025333333333,-0.039333333333,0.584670354370,-2.583333333325,3.360000000000,-1.266666666650,-1.311111111100,21.628507324400,3.360000000000,0
0.620000000000,0.700000000000,0.625000000000,20,12,14400,0.109236111111,0.091388888889,0.836617927527,0.035069444444,0.000000000000,1.000000000000,0.000000000000,0.000000000000,0.000000000000,0.060277777778,0.048958333333,0.017847222222,0.011478388649,-0.103333333333,0.168000000000,-0.025333333333,-0.039333333333,0.765225909926,-2.583333333325,3.360000000000,-1.266666666650,-1.311111111100,21.872238594342,3.360000000000,0
0.620000000000,0.700000000000,0.650000000000,20,12,14400,0.109097222222,0.091111111111,0.835136855506,0.034166666667,0.000000000000,0.993902439024,0.000000000000,0.006097560976,0.000000000000,0.060208333333,0.048888888889,0.017986111111,0.011200610871,-0.103333333333,0.161902439024,-0.025333333333,-0.033235772357,0.746707391407,-2.583333333325,3.238048780488,-1.266666666650,-1.107859078580,20.547939126663,3.238048780488,0
0.620000000000,0.700000000000,0.675000000000,20,12,14400,0.106527777778,0.088472222222,0.830508474576,0.035069444444,0.000000000000,0.977237048666,0.000000000000,0.022762951334,0.000000000000,0.059513888889,0.047013888889,0.018055555556,0.008561721982,-0.103333333333,0.145237048666,-0.025333333333,-0.016570381999,0.570781465481,-2.583333333325,2.904740973312,-1.266666666650,-0.552346066621,17.346453336159,2.904740973312,0
0.620000000000,0.700000000000,0.700000000000,20,12,14400,0.106944444444,0.089930555556,0.840909090909,0.035555555556,0.000000000000,0.936679536680,0.000000000000,0.063320463320,0.000000000000,0.058333333333,0.048611111111,0.017013888889,0.010020055316,-0.103333333333,0.104679536680,-0.025333333333,0.023987129987,0.668003687704,-2.583333333325,2.093590733591,-1.266666666650,0.799570999582,13.746720425406,2.583333333325,0
0.620000000000,0.700000000000,0.725000000000,20,12,14400,0.108472222222,0.090486111111,0.834186939821,0.035486111111,0.000000000000,0.849577897160,0.000000000000,0.150422102840,0.000000000000,0.059930555556,0.048541666667,0.017986111111,0.010575610871,-0.103333333333,0.017577897160,-0.025333333333,0.111088769507,0.705040724741,-2.583333333325,0.351557943208,-1.266666666650,3.702958983553,22.610636200324,3.702958983553,0
0.620000000000,0.700000000000,0.750000000000,20,12,14400,0.105972222222,0.088263888889,0.832896461337,0.034791666667,0.000000000000,0.702596380803,0.000000000000,0.297403619197,0.000000000000,0.059097222222,0.046875000000,0.017708333333,0.008353388649,-0.103333333333,-0.129403619197,-0.025333333333,0.258070285864,0.556892576593,-2.583333333325,-2.588072383950,-1.266666666650,8.602342862149,89.286606279871,8.602342862149,0
0.620000000000,0.725000000000,0.350000000000,20,12,14400,0.105486111111,0.088750000000,0.841342988808,0.034652777778,0.000000000000,1.000000000000,0.000000000000,0.000000000000,0.000000000000,0.058194444444,0.047291666667,0.016736111111,0.008839499760,-0.103333333333,0.168000000000,-0.025333333333,-0.039333333333,0.589299984000,-2.583333333325,3.360000000000,-1.266666666650,-1.311111111100,21.633942372263,3.360000000000,0
0.620000000000,0.725000000000,0.375000000000,20,12,14400,0.107986111111,0.090416666667,0.837299035370,0.033472222222,0.000000000000,1.000000000000,0.000000000000,0.000000000000,0.000000000000,0.060277777778,0.047708333333,0.017569444444,0.010506166427,-0.103333333333,0.168000000000,-0.025333333333,-0.039333333333,0.700411095111,-2.583333333325,3.360000000000,-1.266666666650,-1.311111111100,21.777243603275,3.360000000000,0
0.620000000000,0.725000000000,0.400000000000,20,12,14400,0.110347222222,0.092013888889,0.833857772184,0.034444444444,0.000000000000,1.000000000000,0.000000000000,0.000000000000,0.000000000000,0.061666666667,0.048680555556,0.018333333333,0.012103388649,-0.103333333333,0.168000000000,-0.025333333333,-0.039333333333,0.806892576593,-2.583333333325,3.360000000000,-1.266666666650,-1.311111111100,21.937743531280,3.360000000000,0
0.620000000000,0.725000000000,0.425000000000,20,12,14400,0.109027777778,0.090625000000,0.831210191083,0.034513888889,0.000000000000,1.000000000000,0.000000000000,0.000000000000,0.000000000000,0.060625000000,0.048402777778,0.018402777778,0.010714499760,-0.103333333333,0.168000000000,-0.025333333333,-0.039333333333,0.714299984000,-2.583333333325,3.360000000000,-1.266666666650,-1.311111111100,21.796892368263,3.360000000000,0
0.620000000000,0.725000000000,0.450000000000,20,12,14400,0.105069444444,0.087569444444,0.833443489755,0.033402777778,0.000000000000,1.000000000000,0.000000000000,0.000000000000,0.000000000000,0.058541666667,0.046527777778,0.017500000000,0.007658944204,-0.103333333333,0.168000000000,-0.025333333333,-0.039333333333,0.510596280296,-2.583333333325,3.360000000000,-1.266666666650,-1.311111111100,21.547376462573,3.360000000000,0
0.620000000000,0.725000000000,0.475000000000,20,12,14400,0.107291666667,0.089583333333,0.834951456311,0.035416666667,0.000000000000,1.000000000000,0.000000000000,0.000000000000,0.000000000000,0.059652777778,0.047638888889,0.017708333333,0.009672833093,-0.103333333333,0.168000000000,-0.025333333333,-0.039333333333,0.644855539556,-2.583333333325,3.360000000000,-1.266666666650,-1.311111111100,21.702506568016,3.360000000000,0
0.620000000000,0.725000000000,0.500000000000,20,12,14400,0.104305555556,0.087361111111,0.837549933422,0.034027777778,0.000000000000,1.000000000000,0.000000000000,0.000000000000,0.000000000000,0.057083333333,0.047222222222,0.016944444444,0.007450610871,-0.103333333333,0.168000000000,-0.025333333333,-0.039333333333,0.496707391407,-2.583333333325,3.360000000000,-1.266666666650,-1.311111111100,21.533386133799,3.360000000000,0
0.620000000000,0.725000000000,0.525000000000,20,12,14400,0.106805555556,0.089027777778,0.833550065020,0.034791666667,0.000000000000,1.000000000000,0.000000000000,0.000000000000,0.000000000000,0.060000000000,0.046805555556,0.017777777778,0.009117277538,-0.103333333333,0.168000000000,-0.025333333333,-0.039333333333,0.607818502519,-2.583333333325,3.360000000000,-1.266666666650,-1.311111111100,21.656111233124,3.360000000000,0
0.620000000000,0.725000000000,0.550000000000,20,12,14400,0.107847222222,0.090000000000,0.834513844173,0.034513888889,0.000000000000,1.000000000000,0.000000000000,0.000000000000,0.000000000000,0.060625000000,0.047222222222,0.017847222222,0.010089499760,-0.103333333333,0.168000000000,-0.025333333333,-0.039333333333,0.672633317333,-2.583333333325,3.360000000000,-1.266666666650,-1.311111111100,21.739103480707,3.360000000000,0
0.620000000000,0.725000000000,0.575000000000,20,12,14400,0.107500000000,0.090277777778,0.839793281654,0.033541666667,0.000000000000,1.000000000000,0.000000000000,0.000000000000,0.000000000000,0.059305555556,0.048194444444,0.017222222222,0.010367277538,-0.103333333333,0.168000000000,-0.025333333333,-0.039333333333,0.691151835852,-2.583333333325,3.360000000000,-1.266666666650,-1.311111111100,21.764358761322,3.360000000000,0
0.620000000000,0.725000000000,0.600000000000,20,12,14400,0.105972222222,0.088194444444,0.832241153342,0.034097222222,0.000000000000,1.000000000000,0.000000000000,0.000000000000,0.000000000000,0.059375000000,0.046597222222,0.017777777778,0.008283944204,-0.103333333333,0.168000000000,-0.025333333333,-0.039333333333,0.552262946963,-2.583333333325,3.360000000000,-1.266666666650,-1.311111111100,21.591662263708,3.360000000000,0
0.620000000000,0.725000000000,0.625000000000,20,12,14400,0.108819444444,0.089583333333,0.823229100191,0.032361111111,0.000000000000,0.999224806202,0.000000000000,0.000775193798,0.000000000000,0.060555555556,0.048263888889,0.019236111111,0.009672833093,-0.103333333333,0.167224806202,-0.025333333333,-0.038558139535,0.644855539556,-2.583333333325,3.344496124031,-1.266666666650,-1.285271317818,21.531470906431,3.344496124031,0
0.620000000000,0.725000000000,0.650000000000,20,12,14400,0.106597222222,0.088125000000,0.826710097720,0.032986111111,0.000000000000,0.993695823483,0.000000000000,0.006304176517,0.000000000000,0.059444444444,0.047152777778,0.018472222222,0.008214499760,-0.103333333333,0.161695823483,-0.025333333333,-0.033029156816,0.547633317333,-2.583333333325,3.233916469661,-1.266666666650,-1.100971893869,20.248312649558,3.233916469661,0
0.620000000000,0.725000000000,0.675000000000,20,12,14400,0.107986111111,0.089861111111,0.832154340836,0.034375000000,0.000000000000,0.979907264297,0.000000000000,0.020092735703,0.000000000000,0.060347222222,0.047638888889,0.018125000000,0.009950610871,-0.103333333333,0.147907264297,-0.025333333333,-0.019240597630,0.663374058074,-2.583333333325,2.958145285935,-1.266666666650,-0.641353254325,17.880078225929,2.958145285935,0
0.620000000000,0.725000000000,0.700000000000,20,12,14400,0.107500000000,0.089583333333,0.833333333333,0.034583333333,0.000000000000,0.933333333333,0.000000000000,0.066666666667,0.000000000000,0.060625000000,0.046875000000,0.017916666667,0.009672833093,-0.103333333333,0.101333333333,-0.025333333333,0.027333333334,0.644855539556,-2.583333333325,2.026666666667,-1.266666666650,0.911111111122,13.631395456954,2.583333333325,0
0.620000000000,0.725000000000,0.725000000000,20,12,14400,0.107638888889,0.090138888889,0.837419354839,0.034722222222,0.000000000000,0.843605546995,0.000000000000,0.156394453005,0.000000000000,0.060138888889,0.047500000000,0.017500000000,0.010228388649,-0.103333333333,0.011605546995,-0.025333333333,0.117061119672,0.681892576593,-2.583333333325,0.232110939908,-1.266666666650,3.902037322387,24.022803795211,3.902037322387,0
0.620000000000,0.725000000000,0.750000000000,20,12,14400,0.106875000000,0.089513888889,0.837556855101,0.034166666667,0.000000000000,0.699767261443,0.000000000000,0.300232738557,0.000000000000,0.059027777778,0.047847222222,0.017361111111,0.009603388649,-0.103333333333,-0.132232738557,-0.025333333333,0.260899405224,0.640225909926,-2.583333333325,-2.644654771140,-1.266666666650,8.696646840801,91.313809903335,8.696646840801,0
0.620000000000,0.750000000000,0.350000000000,20,12,14400,0.107638888889,0.090416666667,0.840000000000,0.034930555556,0.000000000000,1.000000000000,0.000000000000,0.000000000000,0.000000000000,0.059097222222,0.048541666667,0.017222222222,0.010506166427,-0.103333333333,0.168000000000,-0.025333333333,-0.039333333333,0.700411095111,-2.583333333325,3.360000000000,-1.266666666650,-1.311111111100,21.777243603275,3.360000000000,0
0.620000000000,0.750000000000,0.375000000000,20,12,14400,0.107638888889,0.090208333333,0.838064516129,0.032569444444,0.000000000000,1.000000000000,0.000000000000,0.000000000000,0.000000000000,0.060000000000,0.047638888889,0.017430555556,0.010297833093,-0.103333333333,0.168000000000,-0.025333333333,-0.039333333333,0.686522206222,-2.583333333325,3.360000000000,-1.266666666650,-1.311111111100,21.757980640756,3.360000000000,0
0.620000000000,0.750000000000,0.400000000000,20,12,14400,0.107638888889,0.089583333333,0.832258064516,0.033055555556,0.000000000000,1.000000000000,0.000000000000,0.000000000000,0.000000000000,0.060000000000,0.047638888889,0.018055555556,0.009672833093,-0.103333333333,0.168000000000,-0.025333333333,-0.039333333333,0.644855539556,-2.583333333325,3.360000000000,-1.266666666650,-1.311111111100,21.702506568016,3.360000000000,0
0.620000000000,0.750000000000,0.425000000000,20,12,14400,0.107500000000,0.090138888889,0.838501291990,0.033541666667,0.000000000000,1.000000000000,0.000000000000,0.000000000000,0.000000000000,0.059861111111,0.047638888889,0.017361111111,0.010228388649,-0.103333333333,0.168000000000,-0.025333333333,-0.039333333333,0.681892576593,-2.583333333325,3.360000000000,-1.266666666650,-1.311111111100,21.751645387132,3.360000000000,0
0.620000000000,0.750000000000,0.450000000000,20,12,14400,0.108194444444,0.089305555556,0.825417201540,0.035486111111,0.000000000000,1.000000000000,0.000000000000,0.000000000000,0.000000000000,0.060069444444,0.048125000000,0.018888888889,0.009395055316,-0.103333333333,0.168000000000,-0.025333333333,-0.039333333333,0.626337021037,-2.583333333325,3.360000000000,-1.266666666650,-1.311111111100,21.678965965042,3.360000000000,0
0.620000000000,0.750000000000,0.475000000000,20,12,14400,0.107152777778,0.089444444444,0.834737524303,0.035347222222,0.000000000000,1.000000000000,0.000000000000,0.000000000000,0.000000000000,0.059722222222,0.047430555556,0.017708333333,0.009533944204,-0.103333333333,0.168000000000,-0.025333333333,-0.039333333333,0.635596280296,-2.583333333325,3.360000000000,-1.266666666650,-1.311111111100,21.690650532647,3.360000000000,0
0.620000000000,0.750000000000,0.500000000000,20,12,14400,0.107013888889,0.089861111111,0.839714471123,0.035000000000,0.000000000000,1.000000000000,0.000000000000,0.000000000000,0.000000000000,0.060069444444,0.046944444444,0.017152777778,0.009950610871,-0.103333333333,0.168000000000,-0.025333333333,-0.039333333333,0.663374058074,-2.583333333325,3.360000000000,-1.266666666650,-1.311111111100,21.726733042046,3.360000000000,0
0.620000000000,0.750000000000,0.525000000000,20,12,14400,0.105902777778,0.088333333333,0.834098360656,0.034236111111,0.000000000000,1.000000000000,0.000000000000,0.000000000000,0.000000000000,0.059652777778,0.046250000000,0.017569444444,0.008422833093,-0.103333333333,0.168000000000,-0.025333333333,-0.039333333333,0.561522206222,-2.583333333325,3.360000000000,-1.266666666650,-1.311111111100,21.601975089201,3.360000000000,0
0.620000000000,0.750000000000,0.550000000000,20,12,14400,0.108333333333,0.090138888889,0.832051282051,0.033611111111,0.000000000000,1.000000000000,0.000000000000,0.000000000000,0.000000000000,0.060694444444,0.047638888889,0.018194444444,0.010228388649,-0.103333333333,0.168000000000,-0.025333333333,-0.039333333333,0.681892576593,-2.583333333325,3.360000000000,-1.266666666650,-1.311111111100,21.751645387132,3.360000000000,0
0.620000000000,0.750000000000,0.575000000000,20,12,14400,0.108263888889,0.089513888889,0.826812059012,0.034027777778,0.000000000000,1.000000000000,0.000000000000,0.000000000000,0.000000000000,0.060208333333,0.048055555556,0.018750000000,0.009603388649,-0.103333333333,0.168000000000,-0.025333333333,-0.039333333333,0.640225909926,-2.583333333325,3.360000000000,-1.266666666650,-1.311111111100,21.696557116861,3.360000000000,0
0.620000000000,0.750000000000,0.600000000000,20,12,14400,0.106250000000,0.088125000000,0.829411764706,0.032430555556,0.000000000000,1.000000000000,0.000000000000,0.000000000000,0.000000000000,0.059027777778,0.047222222222,0.018125000000,0.008214499760,-0.103333333333,0.168000000000,-0.025333333333,-0.039333333333,0.547633317333,-2.583333333325,3.360000000000,-1.266666666650,-1.311111111100,21.586570151374,3.360000000000,0
0.620000000000,0.750000000000,0.625000000000,20,12,14400,0.108055555556,0.090277777778,0.835475578406,0.035902777778,0.000000000000,1.000000000000,0.000000000000,0.000000000000,0.000000000000,0.060208333333,0.047847222222,0.017777777778,0.010367277538,-0.103333333333,0.168000000000,-0.025333333333,-0.039333333333,0.691151835852,-2.583333333325,3.360000000000,-1.266666666650,-1.311111111100,21.764358761322,3.360000000000,0
0.620000000000,0.750000000000,0.650000000000,20,12,14400,0.108402777778,0.090625000000,0.836002562460,0.034027777778,0.000000000000,0.993103448276,0.000000000000,0.006896551724,0.000000000000,0.060069444444,0.048333333333,0.017777777778,0.010714499760,-0.103333333333,0.161103448276,-0.025333333333,-0.032436781609,0.714299984000,-2.583333333325,3.222068965517,-1.266666666650,-1.081226053629,20.339058220208,3.222068965517,0
0.620000000000,0.750000000000,0.675000000000,20,12,14400,0.107569444444,0.090000000000,0.836668818593,0.035833333333,0.000000000000,0.977623456790,0.000000000000,0.022376543210,0.000000000000,0.058750000000,0.048819444444,0.017569444444,0.010089499760,-0.103333333333,0.145623456790,-0.025333333333,-0.016956790123,0.672633317333,-2.583333333325,2.912469135802,-1.266666666650,-0.565226337437,17.532448414592,2.912469135802,0
0.620000000000,0.750000000000,0.700000000000,20,12,14400,0.105625000000,0.088125000000,0.834319526627,0.034513888889,0.000000000000,0.938534278960,0.000000000000,0.061465721040,0.000000000000,0.058819444444,0.046805555556,0.017500000000,0.008214499760,-0.103333333333,0.106534278960,-0.025333333333,0.022132387707,0.547633317333,-2.583333333325,2.130685579196,-1.266666666650,0.737746256906,13.662048382698,2.583333333325,0
0.620000000000,0.750000000000,0.725000000000,20,12,14400,0.107222222222,0.088888888889,0.829015544041,0.032708333333,0.000000000000,0.846093750000,0.000000000000,0.153906250000,0.000000000000,0.059236111111,0.047986111111,0.018333333333,0.008978388649,-0.103333333333,0.014093750000,-0.025333333333,0.114572916667,0.598559243259,-2.583333333325,0.281875000000,-1.266666666650,3.819097222233,23.301285831657,3.819097222233,0
0.620000000000,0.750000000000,0.750000000000,20,12,14400,0.108472222222,0.090486111111,0.834186939821,0.034791666667,0.000000000000,0.699155794321,0.000000000000,0.300844205679,0.000000000000,0.060694444444,0.047777777778,0.017986111111,0.010575610871,-0.103333333333,-0.132844205679,-0.025333333333,0.261510872346,0.705040724741,-2.583333333325,-2.656884113584,-1.266666666650,8.717029078207,91.820767122330,8.717029078207,0
0.640000000000,0.350000000000,0.350000000000,20,12,14400,0.107430555556,0.081319444444,0.756948933420,0.031666666667,0.000000000000,0.107600341588,0.892399658412,0.000000000000,1.000000000000,0.058819444444,0.048611111111,0.026111111111,0.001408944204,-0.103333333333,-0.724399658412,0.867066325079,-0.039333333333,0.093929613630,-2.583333333325,-14.487993168232,43.353316253931,-1.311111111100,2097.813422485103,43.353316253931,0
0.640000000000,0.350000000000,0.375000000000,20,12,14400,0.109652777778,0.081944444444,0.747308423053,0.031666666667,0.000000000000,0.111864406780,0.888135593220,0.000000000000,1.000000000000,0.061041666667,0.048611111111,0.027708333333,0.002033944204,-0.103333333333,-0.720135593220,0.862802259887,-0.039333333333,0.135596280296,-2.583333333325,-14.402711864407,43.140112994367,-1.311111111100,2076.918468023824,43.140112994367,0
0.640000000000,0.350000000000,0.400000000000,20,12,14400,0.109513888889,0.082083333333,0.749524413443,0.031388888889,0.000000000000,0.110829103215,0.889170896785,0.000000000000,1.000000000000,0.060763888889,0.048750000000,0.027430555556,0.002172833093,-0.103333333333,-0.721170896785,0.863837563452,-0.039333333333,0.144855539556,-2.583333333325,-14.423417935702,43.191878172605,-1.311111111100,2081.986931609189,43.191878172605,0
0.640000000000,0.350000000000,0.425000000000,20,12,14400,0.107361111111,0.080347222222,0.748382923674,0.030763888889,0.000000000000,0.101123595506,0.898876404494,0.000000000000,1.000000000000,0.059861111111,0.047500000000,0.027013888889,0.000436721982,-0.103333333333,-0.730876404494,0.873543071161,-0.039333333333,0.029114798815,-2.583333333325,-14.617528089888,43.677153558069,-1.311111111100,2129.759341522032,43.677153558069,0
0.640000000000,0.350000000000,0.450000000000,20,12,14400,0.108819444444,0.081250000000,0.746649649011,0.031180555556,0.000000000000,0.105128205128,0.894871794872,0.000000000000,1.000000000000,0.060625000000,0.048194444444,0.027569444444,0.001339499760,-0.103333333333,-0.726871794872,0.869538461539,-0.039333333333,0.089299984000,-2.583333333325,-14.537435897436,43.476923076940,-1.311111111100,2109.980480654055,43.476923076940,0
0.640000000000,0.350000000000,0.475000000000,20,12,14400,0.111319444444,0.083819444444,0.752963194011,0.033472222222,0.000000000000,0.106048053024,0.893951946976,0.000000000000,1.000000000000,0.061666666667,0.049652777778,0.027500000000,0.003908944204,-0.103333333333,-0.725951946976,0.868618613643,-0.039333333333,0.260596280296,-2.583333333325,-14.519038939519,43.430930682149,-1.311111111100,2105.508765522903,43.430930682149,0
0.640000000000,0.350000000000,0.500000000000,20,12,14400,0.110138888889,0.082013888889,0.744640605296,0.029375000000,0.000000000000,0.099915325995,0.900084674005,0.000000000000,1.000000000000,0.061875000000,0.048263888889,0.028125000000,0.002103388649,-0.103333333333,-0.732084674005,0.874751340672,-0.039333333333,0.140225909926,-2.583333333325,-14.641693480102,43.737567033604,-1.311111111100,2135.766244746790,43.737567033604,0
0.640000000000,0.350000000000,0.525000000000,20,12,14400,0.107569444444,0.082152777778,0.763718528083,0.032777777778,0.000000000000,0.113271344041,0.886728655959,0.000000000000,1.000000000000,0.059305555556,0.048263888889,0.025416666667,0.002242277538,-0.103333333333,-0.718728655959,0.861395322626,-0.039333333333,0.149485169185,-2.583333333325,-14.374573119189,43.069766131321,-1.311111111100,2070.048076238129,43.069766131321,0
0.640000000000,0.350000000000,0.550000000000,20,12,14400,0.106527777778,0.079583333333,0.747066492829,0.032152777778,0.000000000000,0.109075043630,0.890924956370,0.000000000000,1.000000000000,0.058750000000,0.047777777778,0.026944444444,-0.000327166907,-0.103333333333,-0.722924956370,0.865591623037,-0.039333333333,-0.021811127111,-2.583333333325,-14.458499127400,43.279581151849,-1.311111111100,2090.563440878489,43.279581151849,0
0.640000000000,0.350000000000,0.575000000000,20,12,14400,0.110347222222,0.082500000000,0.747640025173,0.032847222222,0.000000000000,0.106060606061,0.893939393939,0.000000000000,1.000000000000,0.060416666667,0.049930555556,0.027847222222,0.002589499760,-0.103333333333,-0.725939393939,0.868606060606,-0.039333333333,0.172633317333,-2.583333333325,-14.518787878788,43.430303030320,-1.311111111100,2105.408848493610,43.430303030320,0
0.640000000000,0.350000000000,0.600000000000,20,12,14400,0.109513888889,0.081736111111,0.746353836398,0.031875000000,0.000000000000,0.105352591334,0.894647408666,0.000000000000,1.000000000000,0.060138888889,0.049375000000,0.027777777778,0.001825610871,-0.103333333333,-0.726647408666,0.869314075333,-0.039333333333,0.121707391407,-2.583333333325,-14.532948173322,43.465703766655,-1.311111111100,2108.881422684908,43.465703766655,0
0.640000000000,0.350000000000,0.625000000000,20,12,14400,0.107916666667,0.080694444444,0.747747747748,0.031180555556,0.000000000000,0.106712564544,0.893287435456,0.000000000000,1.000000000000,0.060000000000,0.047916666667,0.027222222222,0.000783944204,-0.103333333333,-0.725287435456,0.867954102123,-0.039333333333,0.052262946963,-2.583333333325,-14.505748709122,43.397705106155,-1.311111111100,2102.172908965377,43.397705106155,0
0.640000000000,0.350000000000,0.650000000000,20,12,14400,0.108611111111,0.081597222222,0.751278772379,0.031944444444,0.003404255319,0.115744680851,0.880851063830,0.000000000000,1.000000000000,0.060902777778,0.047708333333,0.027013888889,0.001686721982,-0.099929078014,-0.716255319149,0.855517730497,-0.039333333333,0.112448132148,-2.498226950346,-14.325106382979,42.775886524839,-1.311111111100,2042.957935693102,42.775886524839,0
0.640000000000,0.350000000000,0.675000000000,20,12,14400,0.106319444444,0.079930555556,0.751796211626,0.031180555556,0.009556907037,0.111207645526,0.879235447437,0.000000000000,1.000000000000,0.059513888889,0.046805555556,0.026388888889,0.000020055316,-0.093776426296,-0.720792354474,0.853902114104,-0.039333333333,0.001337021037,-2.344410657391,-14.415847089487,42.695105705201,-1.311111111100,2037.903973949497,42.695105705201,0
0.640000000000,0.350000000000,0.700000000000,20,12,14400,0.110000000000,0.082986111111,0.754419191919,0.031736111111,0.038493723849,0.107112970711,0.854393305439,0.000000000000,1.000000000000,0.061319444444,0.048680555556,0.027013888889,0.003075610871,-0.064839609484,-0.724887029289,0.829059972106,-0.039333333333,0.205040724741,-1.620990237091,-14.497740585774,41.452998605317,-1.311111111100,1932.924238857971,41.452998605317,0
0.640000000000,0.350000000000,0.725000000000,20,12,14400,0.108750000000,0.080972222222,0.744572158365,0.032083333333,0.105488850772,0.110634648370,0.783876500858,0.000000000000,1.000000000000,0.059930555556,0.048819444444,0.027777777778,0.001061721982,0.002155517439,-0.721365351630,0.758543167525,-0.039333333333,0.070781465481,0.053887935972,-14.427307032590,37.927158376232,-1.311111111100,1648.343456979526,37.927158376232,0
0.640000000000,0.350000000000,0.750000000000,20,12,14400,0.106736111111,0.080972222222,0.758620689655,0.032013888889,0.228130360206,0.105488850772,0.666380789022,0.000000000000,1.000000000000,0.058541666667,0.048194444444,0.025763888889,0.001061721982,0.124797026873,-0.726511149228,0.641047455689,-0.039333333333,0.070781465481,3.119925671821,-14.530222984563,32.052372784465,-1.311111111100,1249.939939654612,32.052372784465,0
0.640000000000,0.375000000000,0.350000000000,20,12,14400,0.109236111111,0.083055555556,0.760330578512,0.031944444444,0.000000000000,0.234949832776,0.765050167224,0.000000000000,1.000000000000,0.060000000000,0.049236111111,0.026180555556,0.003145055316,-0.103333333333,-0.597050167224,0.739716833891,-0.039333333333,0.209670354370,-2.583333333325,-11.941003344482,36.985841694554,-1.311111111100,1518.976631841753,36.985841694554,0
0.640000000000,0.375000000000,0.375000000000,20,12,14400,0.107638888889,0.080277777778,0.745806451613,0.031597222222,0.000000000000,0.221453287197,0.778546712803,0.000000000000,1.000000000000,0.059930555556,0.047708333333,0.027361111111,0.000367277538,-0.103333333333,-0.610546712803,0.753213379470,-0.039333333333,0.024485169185,-2.583333333325,-12.210934256055,37.660668973488,-1.311111111100,1575.826125916608,37.660668973488,0
0.640000000000,0.375000000000,0.400000000000,20,12,14400,0.106458333333,0.079791666667,0.749510763209,0.030625000000,0.000000000000,0.231505657093,0.768494342907,0.000000000000,1.000000000000,0.058750000000,0.047708333333,0.026666666667,-0.000118833573,-0.103333333333,-0.600494342907,0.743161009574,-0.039333333333,-0.007922238222,-2.583333333325,-12.009886858138,37.158050478694,-1.311111111100,1533.350783940994,37.158050478694,0
0.640000000000,0.375000000000,0.425000000000,20,12,14400,0.107638888889,0.081458333333,0.756774193548,0.030972222222,0.000000000000,0.230179028133,0.769820971867,0.000000000000,1.000000000000,0.059513888889,0.048125000000,0.026180555556,0.001547833093,-0.103333333333,-0.601820971867,0.744487638534,-0.039333333333,0.103188872889,-2.583333333325,-12.036419437340,37.224381926700,-1.311111111100,1538.933274096642,37.224381926700,0
0.640000000000,0.375000000000,0.450000000000,20,12,14400,0.108680555556,0.081180555556,0.746964856230,0.032083333333,0.000000000000,0.225834046193,0.774165953807,0.000000000000,1.000000000000,0.060833333333,0.047847222222,0.027500000000,0.001270055316,-0.103333333333,-0.606165953807,0.748832620474,-0.039333333333,0.084670354370,-2.583333333325,-12.123319076133,37.441631023684,-1.311111111100,1557.250391661036,37.441631023684,0
0.640000000000,0.375000000000,0.475000000000,20,12,14400,0.108611111111,0.081388888889,0.749360613811,0.031805555556,0.000000000000,0.232081911263,0.767918088737,0.000000000000,1.000000000000,0.060555555556,0.048055555556,0.027222222222,0.001478388649,-0.103333333333,-0.599918088737,0.742584755404,-0.039333333333,0.098559243259,-2.583333333325,-11.998361774744,37.129237770210,-1.311111111100,1530.943320055591,37.129237770210,0
0.640000000000,0.375000000000,0.500000000000,20,12,14400,0.106319444444,0.079166666667,0.744611365121,0.031527777778,0.000000000000,0.235087719298,0.764912280702,0.000000000000,1.000000000000,0.060138888889,0.046180555556,0.027152777778,-0.000743833573,-0.103333333333,-0.596912280702,0.739578947369,-0.039333333333,-0.049588904889,-2.583333333325,-11.938245614035,36.978947368438,-1.311111111100,1518.359339334921,36.978947368438,0
0.640000000000,0.375000000000,0.525000000000,20,12,14400,0.107916666667,0.080555555556,0.746460746461,0.030416666667,0.000000000000,0.231034482759,0.768965517241,0.000000000000,1.000000000000,0.060208333333,0.047708333333,0.027361111111,0.000645055316,-0.103333333333,-0.600965517241,0.743632183908,-0.039333333333,0.043003687704,-2.583333333325,-12.019310344828,37.181609195419,-1.311111111100,1535.330356300012,37.181609195419,0
0.640000000000,0.375000000000,0.550000000000,20,12,14400,0.107986111111,0.081180555556,0.751768488746,0.031736111111,0.000000000000,0.233532934132,0.766467065868,0.000000000000,1.000000000000,0.060555555556,0.047430555556,0.026805555556,0.001270055316,-0.103333333333,-0.598467065868,0.741133732535,-0.039333333333,0.084670354370,-2.583333333325,-11.969341317365,37.056686626763,-1.311111111100,1524.862947851344,37.056686626763,0
0.640000000000,0.375000000000,0.575000000000,20,12,14400,0.107638888889,0.081180555556,0.754193548387,0.031111111111,0.000000000000,0.238665526091,0.761334473909,0.000000000000,1.000000000000,0.059861111111,0.047777777778,0.026458333333,0.001270055316,-0.103333333333,-0.593334473909,0.736001140576,-0.039333333333,0.084670354370,-2.583333333325,-11.866689478186,36.800057028816,-1.311111111100,1503.462309021449,36.800057028816,0
0.640000000000,0.375000000000,0.600000000000,20,12,14400,0.106944444444,0.080763888889,0.755194805195,0.032291666667,0.000000000000,0.228718830610,0.771281169390,0.000000000000,1.000000000000,0.059375000000,0.047569444444,0.026180555556,0.000853388649,-0.103333333333,-0.603281169390,0.745947836057,-0.039333333333,0.056892576593,-2.583333333325,-12.065623387790,37.297391802826,-1.311111111100,1545.070563251455,37.297391802826,0
0.640000000000,0.375000000000,0.625000000000,20,12,14400,0.108125000000,0.081319444444,0.752087347463,0.030416666667,0.000853970965,0.232280102477,0.766865926558,0.000000000000,1.000000000000,0.059861111111,0.048263888889,0.026805555556,0.001408944204,-0.102479362368,-0.599719897523,0.741532593225,-0.039333333333,0.093929613630,-2.561984059200,-11.994397950470,37.076629661275,-1.311111111100,1526.833646671120,37.076629661275,0
0.640000000000,0.375000000000,0.650000000000,20,12,14400,0.109236111111,0.081666666667,0.747616020343,0.031597222222,0.002551020408,0.226190476190,0.771258503401,0.000000000000,1.000000000000,0.060694444444,0.048541666667,0.027569444444,0.001756166427,-0.100782312925,-0.605809523810,0.745925170068,-0.039333333333,0.117077761778,-2.519557823121,-12.116190476190,37.296258503418,-1.311111111100,1545.893861181110,37.296258503418,0
0.640000000000,0.375000000000,0.675000000000,20,12,14400,0.107083333333,0.079930555556,0.746433203632,0.031388888889,0.007819287576,0.234578627281,0.757602085143,0.000000000000,1.000000000000,0.059652777778,0.047430555556,0.027152777778,0.000020055316,-0.095514045757,-0.597421372719,0.732268751810,-0.039333333333,0.001337021037,-2.387851143924,-11.948427454388,36.613437590518,-1.311111111100,1490.729578046307,36.613437590518,0
0.640000000000,0.375000000000,0.700000000000,20,12,14400,0.109513888889,0.081597222222,0.745085605580,0.032013888889,0.035744680851,0.228936170213,0.735319148936,0.000000000000,1.000000000000,0.061388888889,0.048125000000,0.027916666667,0.001686721982,-0.067588652482,-0.603063829787,0.709985815603,-0.039333333333,0.112448132148,-1.689716312048,-12.061276595745,35.499290780158,-1.311111111100,1410.260837156575,35.499290780158,0
0.640000000000,0.375000000000,0.725000000000,20,12,14400,0.108194444444,0.080277777778,0.741976893453,0.032291666667,0.101211072664,0.230103806228,0.668685121107,0.000000000000,1.000000000000,0.059722222222,0.048472222222,0.027916666667,0.000367277538,-0.002122260669,-0.601896193772,0.643351787774,-0.039333333333,0.024485169185,-0.053056516716,-12.037923875433,32.167589388713,-1.311111111100,1181.387845174694,32.167589388713,0
0.640000000000,0.375000000000,0.750000000000,20,12,14400,0.108402777778,0.081458333333,0.751441383728,0.031180555556,0.229326513214,0.219096334186,0.546462063086,0.005115089514,1.000000000000,0.059722222222,0.048680555556,0.026944444444,0.001547833093,0.125993179881,-0.612903665814,0.521128729753,-0.034218243819,0.103188872889,3.149829497025,-12.258073316283,26.056436487655,-1.140608127298,840.431304566456,26.056436487655,0
0.640000000000,0.400000000000,0.350000000000,20,12,14400,0.108958333333,0.081527777778,0.748247291268,0.030486111111,0.000000000000,0.364565587734,0.635434412266,0.000000000000,1.000000000000,0.061250000000,0.047708333333,0.027430555556,0.001617277538,-0.103333333333,-0.467434412266,0.610101078933,-0.039333333333,0.107818502519,-2.583333333325,-9.348688245315,30.505053946638,-1.311111111100,1026.360536481581,30.505053946638,0
0.640000000000,0.400000000000,0.375000000000,20,12,14400,0.108472222222,0.081944444444,0.755441741357,0.031250000000,0.000000000000,0.366949152542,0.633050847458,0.000000000000,1.000000000000,0.060277777778,0.048194444444,0.026527777778,0.002033944204,-0.103333333333,-0.465050847458,0.607717514125,-0.039333333333,0.135596280296,-2.583333333325,-9.301016949153,30.385875706231,-1.311111111100,1018.221368530911,30.385875706231,0
0.640000000000,0.400000000000,0.400000000000,20,12,14400,0.108541666667,0.080972222222,0.746001279591,0.031875000000,0.000000000000,0.376500857633,0.623499142367,0.000000000000,1.000000000000,0.060833333333,0.047708333333,0.027569444444,0.001061721982,-0.103333333333,-0.455499142367,0.598165809034,-0.039333333333,0.070781465481,-2.583333333325,-9.109982847341,29.908290451703,-1.311111111100,985.895258694880,29.908290451703,0
0.640000000000,0.400000000000,0.425000000000,20,12,14400,0.109236111111,0.080555555556,0.737444373808,0.030972222222,0.000000000000,0.376724137931,0.623275862069,0.000000000000,1.000000000000,0.061111111111,0.048125000000,0.028680555556,0.000645055316,-0.103333333333,-0.455275862069,0.597942528736,-0.039333333333,0.043003687704,-2.583333333325,-9.105517241379,29.897126436798,-1.311111111100,985.143086184833,29.897126436798,0
0.640000000000,0.400000000000,0.450000000000,20,12,14400,0.109305555556,0.081527777778,0.745870393901,0.031250000000,0.000000000000,0.372231686542,0.627768313458,0.000000000000,1.000000000000,0.060972222222,0.048333333333,0.027777777778,0.001617277538,-0.103333333333,-0.459768313458,0.602434980125,-0.039333333333,0.107818502519,-2.583333333325,-9.195366269165,30.121749006263,-1.311111111100,1000.278772306621,30.121749006263,0
0.640000000000,0.400000000000,0.475000000000,20,12,14400,0.109236111111,0.081666666667,0.747616020343,0.031597222222,0.000000000000,0.369897959184,0.630102040816,0.000000000000,1.000000000000,0.060347222222,0.048888888889,0.027569444444,0.001756166427,-0.103333333333,-0.462102040816,0.604768707483,-0.039333333333,0.117077761778,-2.583333333325,-9.242040816327,30.238435374166,-1.311111111100,1008.184622987298,30.238435374166,0
0.640000000000,0.400000000000,0.500000000000,20,12,14400,0.108402777778,0.081180555556,0.748878923767,0.030694444444,0.000000000000,0.366980325064,0.633019674936,0.000000000000,1.000000000000,0.060972222222,0.047430555556,0.027222222222,0.001270055316,-0.103333333333,-0.465019674936,0.607686341603,-0.039333333333,0.084670354370,-2.583333333325,-9.300393498717,30.384317080142,-1.311111111100,1018.103836183220,30.384317080142,0
0.640000000000,0.400000000000,0.525000000000,20,12,14400,0.109513888889,0.082708333333,0.755231452124,0.031805555556,0.000000000000,0.372795969773,0.627204030227,0.000000000000,1.000000000000,0.061388888889,0.048125000000,0.026805555556,0.002797833093,-0.103333333333,-0.459204030227,0.601870696894,-0.039333333333,0.186522206222,-2.583333333325,-9.184080604534,30.093534844685,-1.311111111100,998.395589988980,30.093534844685,0
0.640000000000,0.400000000000,0.550000000000,20,12,14400,0.105902777778,0.079166666667,0.747540983607,0.031527777778,0.000000000000,0.373684210526,0.626315789474,0.000000000000,1.000000000000,0.058194444444,0.047708333333,0.026736111111,-0.000743833573,-0.103333333333,-0.458315789474,0.600982456141,-0.039333333333,-0.049588904889,-2.583333333325,-9.166315789474,30.049122807034,-1.311111111100,995.366209140787,30.049122807034,0
0.640000000000,0.400000000000,0.575000000000,20,12,14400,0.108263888889,0.081388888889,0.751763951251,0.030763888889,0.000000000000,0.370307167235,0.629692832765,0.000000000000,1.000000000000,0.059930555556,0.048333333333,0.026875000000,0.001478388649,-0.103333333333,-0.461692832765,0.604359499432,-0.039333333333,0.098559243259,-2.583333333325,-9.233856655290,30.217974971575,-1.311111111100,1006.792457494344,30.217974971575,0
0.640000000000,0.400000000000,0.600000000000,20,12,14400,0.108263888889,0.081041666667,0.748556767158,0.031458333333,0.000000000000,0.374464438732,0.625535561268,0.000000000000,1.000000000000,0.059791666667,0.048472222222,0.027222222222,0.001131166427,-0.103333333333,-0.457535561268,0.600202227935,-0.039333333333,0.075411095111,-2.583333333325,-9.150711225364,30.010111396760,-1.311111111100,992.740612265963,30.010111396760,0
0.640000000000,0.400000000000,0.625000000000,20,12,14400,0.109861111111,0.083125000000,0.756637168142,0.030972222222,0.000835421888,0.363408521303,0.635756056809,0.000000000000,1.000000000000,0.061666666667,0.048194444444,0.026736111111,0.003214499760,-0.102497911445,-0.468591478697,0.610422723476,-0.039333333333,0.214299984000,-2.562447786124,-9.371829573935,30.521136173784,-1.311111111100,1027.702018386972,30.521136173784,0
0.640000000000,0.400000000000,0.650000000000,20,12,14400,0.104930555556,0.078402777778,0.747187293183,0.032013888889,0.004428697963,0.379982285208,0.615589016829,0.000000000000,1.000000000000,0.059097222222,0.045833333333,0.026527777778,-0.001507722462,-0.098904635370,-0.452017714792,0.590255683496,-0.039333333333,-0.100514830815,-2.472615884255,-9.040354295837,29.512784174803,-1.311111111100,960.575380430673,29.512784174803,0
0.640000000000,0.400000000000,0.675000000000,20,12,14400,0.111527777778,0.082708333333,0.741594022416,0.032986111111,0.010915197313,0.367758186398,0.621326616289,0.000000000000,1.000000000000,0.062708333333,0.048819444444,0.028819444444,0.002797833093,-0.092418136020,-0.464241813602,0.595993282956,-0.039333333333,0.186522206222,-2.310453400495,-9.284836272040,29.799664147792,-1.311111111100,981.320165714694,29.799664147792,0
0.640000000000,0.400000000000,0.700000000000,20,12,14400,0.107222222222,0.080416666667,0.750000000000,0.030763888889,0.036269430052,0.373920552677,0.589810017271,0.000000000000,1.000000000000,0.059027777778,0.048194444444,0.026805555556,0.000506166427,-0.067063903281,-0.458079447323,0.564476683938,-0.039333333333,0.033744428444,-1.676597582030,-9.161588946459,28.223834196908,-1.311111111100,885.050659282599,28.223834196908,0
0.640000000000,0.400000000000,0.725000000000,20,12,14400,0.107916666667,0.080972222222,0.750321750322,0.032222222222,0.108061749571,0.367924528302,0.522298456261,0.001715265866,1.000000000000,0.060138888889,0.047777777778,0.026944444444,0.001061721982,0.004728416238,-0.464075471698,0.496965122928,-0.037618067467,0.070781465481,0.118210405955,-9.281509433962,24.848256146386,-1.253935582226,705.173589049446,24.848256146386,0
0.640000000000,0.400000000000,0.750000000000,20,12,14400,0.107638888889,0.080972222222,0.752258064516,0.030694444444,0.215265866209,0.358490566038,0.410806174957,0.015437392796,1.000000000000,0.059375000000,0.048263888889,0.026666666667,0.001061721982,0.111932532876,-0.473509433962,0.385472841624,-0.023895940537,0.070781465481,2.798313321907,-9.470188679245,19.273642081206,-0.796531351237,469.627782351857,19.273642081206,0
0.640000000000,0.425000000000,0.350000000000,20,12,14400,0.108125000000,0.081250000000,0.751445086705,0.030902777778,0.000000000000,0.538461538462,0.461538461538,0.000000000000,1.000000000000,0.059513888889,0.048611111111,0.026875000000,0.001339499760,-0.103333333333,-0.293538461538,0.436205128205,-0.039333333333,0.089299984000,-2.583333333325,-5.870769230769,21.810256410273,-1.311111111100,518.553813986668,21.810256410273,0
0.640000000000,0.425000000000,0.375000000000,20,12,14400,0.109375000000,0.081944444444,0.749206349206,0.029791666667,0.000000000000,0.549152542373,0.450847457627,0.000000000000,1.000000000000,0.061111111111,0.048263888889,0.027430555556,0.002033944204,-0.103333333333,-0.282847457627,0.425514124294,-0.039333333333,0.135596280296,-2.583333333325,-5.656949152542,21.275706214706,-1.311111111100,493.067758456875,21.275706214706,0
0.640000000000,0.425000000000,0.400000000000,20,12,14400,0.107847222222,0.080555555556,0.746941403735,0.031180555556,0.000000000000,0.547413793103,0.452586206897,0.000000000000,1.000000000000,0.060347222222,0.047500000000,0.027291666667,0.000645055316,-0.103333333333,-0.284586206897,0.427252873564,-0.039333333333,0.043003687704,-2.583333333325,-5.691724137931,21.362643678178,-1.311111111100,497.152741356963,21.362643678178,0
0.640000000000,0.425000000000,0.425000000000,20,12,14400,0.107708333333,0.080555555556,0.747904577692,0.030555555556,0.000000000000,0.549137931034,0.450862068966,0.000000000000,1.000000000000,0.060347222222,0.047361111111,0.027152777778,0.000645055316,-0.103333333333,-0.282862068966,0.425528735633,-0.039333333333,0.043003687704,-2.583333333325,-5.657241379310,21.276436781626,-1.311111111100,493.085614920176,21.276436781626,0
0.640000000000,0.425000000000,0.450000000000,20,12,14400,0.107083333333,0.080694444444,0.753566796368,0.031805555556,0.000000000000,0.553356282272,0.446643717728,0.000000000000,1.000000000000,0.060069444444,0.047013888889,0.026388888889,0.000783944204,-0.103333333333,-0.278643717728,0.421310384395,-0.039333333333,0.052262946963,-2.583333333325,-5.572874354561,21.065519219753,-1.311111111100,483.208383441839,21.065519219753,0
0.640000000000,0.425000000000,0.475000000000,20,12,14400,0.107638888889,0.079861111111,0.741935483871,0.029444444444,0.000000000000,0.553043478261,0.446956521739,0.000000000000,1.000000000000,0.059930555556,0.047708333333,0.027777777778,-0.000049389129,-0.103333333333,-0.278956521739,0.421623188406,-0.039333333333,-0.003292608593,-2.583333333325,-5.579130434783,21.081159420307,-1.311111111100,483.934613210689,21.081159420307,0
0.640000000000,0.425000000000,0.500000000000,20,12,14400,0.106736111111,0.079861111111,0.748210800260,0.030625000000,0.000000000000,0.548695652174,0.451304347826,0.000000000000,1.000000000000,0.059652777778,0.047083333333,0.026875000000,-0.000049389129,-0.103333333333,-0.283304347826,0.425971014493,-0.039333333333,-0.003292608593,-2.583333333325,-5.666086956522,21.298550724654,-1.311111111100,494.125438667532,21.298550724654,0
0.640000000000,0.425000000000,0.525000000000,20,12,14400,0.107083333333,0.080625000000,0.752918287938,0.032152777778,0.000000000000,0.546942291128,0.453057708872,0.000000000000,1.000000000000,0.058958333333,0.048125000000,0.026458333333,0.000714499760,-0.103333333333,-0.285057708872,0.427724375539,-0.039333333333,0.047633317333,-2.583333333325,-5.701154177433,21.386218776933,-1.311111111100,498.268404919348,21.386218776933,0
0.640000000000,0.425000000000,0.550000000000,20,12,14400,0.108819444444,0.081319444444,0.747287811104,0.029097222222,0.000000000000,0.538001707942,0.461998292058,0.000000000000,1.000000000000,0.061666666667,0.047152777778,0.027500000000,0.001408944204,-0.103333333333,-0.293998292058,0.436664958725,-0.039333333333,0.093929613630,-2.583333333325,-5.879965841161,21.833247936253,-1.311111111100,519.666159968177,21.833247936253,0
0.640000000000,0.425000000000,0.575000000000,20,12,14400,0.110208333333,0.082361111111,0.747321991178,0.031597222222,0.000000000000,0.545531197302,0.454468802698,0.000000000000,1.000000000000,0.062361111111,0.047847222222,0.027847222222,0.002450610871,-0.103333333333,-0.286468802698,0.429135469365,-0.039333333333,0.163374058074,-2.583333333325,-5.729376053963,21.456773468257,-1.311111111100,501.638192175401,21.456773468257,0
0.640000000000,0.425000000000,0.600000000000,20,12,14400,0.108194444444,0.081250000000,0.750962772786,0.030972222222,0.000000000000,0.549572649573,0.450427350427,0.000000000000,1.000000000000,0.060208333333,0.047986111111,0.026944444444,0.001339499760,-0.103333333333,-0.282427350427,0.425094017094,-0.039333333333,0.089299984000,-2.583333333325,-5.648547008547,21.254700854718,-1.311111111100,492.068989675155,21.254700854718,0
0.640000000000,0.425000000000,0.625000000000,20,12,14400,0.106388888889,0.080694444444,0.758485639687,0.031111111111,0.000000000000,0.549053356282,0.450946643718,0.000000000000,1.000000000000,0.058958333333,0.047430555556,0.025694444444,0.000783944204,-0.103333333333,-0.282946643718,0.425613310385,-0.039333333333,0.052262946963,-2.583333333325,-5.658932874355,21.280665519236,-1.311111111100,493.285601090410,21.280665519236,0
0.640000000000,0.425000000000,0.650000000000,20,12,14400,0.107638888889,0.080347222222,0.746451612903,0.032708333333,0.003457216940,0.553154710458,0.443388072602,0.000000000000,1.000000000000,0.059652777778,0.047986111111,0.027291666667,0.000436721982,-0.099876116393,-0.278845289542,0.418054739269,-0.039333333333,0.029114798815,-2.496902909816,-5.576905790838,20.902736963428,-1.311111111100,475.980674920341,20.902736963428,0
0.640000000000,0.425000000000,0.675000000000,20,12,14400,0.107777777778,0.081180555556,0.753221649485,0.031527777778,0.009409751925,0.541488451668,0.449101796407,0.000000000000,1.000000000000,0.060208333333,0.047569444444,0.026597222222,0.001270055316,-0.093923581408,-0.290511548332,0.423768463074,-0.039333333333,0.084670354370,-2.348089535207,-5.810230966638,21.188423153709,-1.311111111100,489.947765506234,21.188423153709,0
0.640000000000,0.425000000000,0.700000000000,20,12,14400,0.107916666667,0.080763888889,0.748391248391,0.029375000000,0.034393809114,0.550300945830,0.415305245056,0.000000000000,1.000000000000,0.060347222222,0.047569444444,0.027152777778,0.000853388649,-0.068939524219,-0.281699054170,0.389971911723,-0.039333333333,0.056892576593,-1.723488105466,-5.633981083405,19.498595586145,-1.311111111100,416.629633040785,19.498595586145,0
0.640000000000,0.425000000000,0.725000000000,20,12,14400,0.107569444444,0.081319444444,0.755971594577,0.030972222222,0.103330486763,0.526046114432,0.364645602050,0.005977796755,1.000000000000,0.059375000000,0.048194444444,0.026250000000,0.001408944204,-0.000002846570,-0.305953885568,0.339312268717,-0.033355536578,0.093929613630,-0.000071164239,-6.119077711358,16.965613435827,-1.111851219270,326.520187202707,16.965613435827,0
0.640000000000,0.425000000000,0.750000000000,20,12,14400,0.108611111111,0.081805555556,0.753196930946,0.031180555556,0.187606112054,0.497453310696,0.272495755518,0.042444821732,1.000000000000,0.060000000000,0.048611111111,0.026805555556,0.001895055316,0.084272778721,-0.334546689304,0.247162422185,0.003111488399,0.126337021037,2.106819468033,-6.690933786078,12.358121109241,0.103716279958,201.957158660855,12.358121109241,0
0.640000000000,0.450000000000,0.350000000000,20,12,14400,0.107569444444,0.081527777778,0.757908327954,0.032361111111,0.000000000000,0.694207836457,0.305792163543,0.000000000000,1.000000000000,0.059652777778,0.047916666667,0.026041666667,0.001617277538,-0.103333333333,-0.137792163543,0.280458830210,-0.039333333333,0.107818502519,-2.583333333325,-2.755843270869,14.022941510522,-1.311111111100,212.641809027318,14.022941510522,0
0.640000000000,0.450000000000,0.375000000000,20,12,14400,0.109375000000,0.082013888889,0.749841269841,0.031597222222,0.000000000000,0.704487722269,0.295512277731,0.000000000000,1.000000000000,0.061041666667,0.048333333333,0.027361111111,0.002103388649,-0.103333333333,-0.127512277731,0.270178944398,-0.039333333333,0.140225909926,-2.583333333325,-2.550245554615,13.508947219887,-1.311111111100,197.407694141054,13.508947219887,0
0.640000000000,0.450000000000,0.400000000000,20,12,14400,0.108263888889,0.081527777778,0.753046824888,0.031319444444,0.000000000000,0.703577512777,0.296422487223,0.000000000000,1.000000000000,0.059097222222,0.049166666667,0.026736111111,0.001617277538,-0.103333333333,-0.128422487223,0.271089153890,-0.039333333333,0.107818502519,-2.583333333325,-2.568449744463,13.554457694508,-1.311111111100,198.724505768256,13.554457694508,0
0.640000000000,0.450000000000,0.425000000000,20,12,14400,0.108125000000,0.081944444444,0.757867694284,0.031319444444,0.000000000000,0.700847457627,0.299152542373,0.000000000000,1.000000000000,0.059444444444,0.048680555556,0.026180555556,0.002033944204,-0.103333333333,-0.131152542373,0.273819209040,-0.039333333333,0.135596280296,-2.583333333325,-2.623050847458,13.690960451994,-1.311111111100,202.733803654361,13.690960451994,0
0.640000000000,0.450000000000,0.450000000000,20,12,14400,0.108750000000,0.081805555556,0.752234993614,0.031527777778,0.000000000000,0.706281833616,0.293718166384,0.000000000000,1.000000000000,0.060208333333,0.048541666667,0.026944444444,0.001895055316,-0.103333333333,-0.125718166384,0.268384833051,-0.039333333333,0.126337021037,-2.583333333325,-2.514363327674,13.419241652535,-1.311111111100,194.806653972285,13.419241652535,0
0.640000000000,0.450000000000,0.475000000000,20,12,14400,0.109722222222,0.082013888889,0.747468354430,0.031458333333,0.000000000000,0.714648602879,0.285351397121,0.000000000000,1.000000000000,0.061597222222,0.048125000000,0.027708333333,0.002103388649,-0.103333333333,-0.117351397121,0.260018063788,-0.039333333333,0.140225909926,-2.583333333325,-2.347027942422,13.000903189404,-1.311111111100,182.944310665299,13.000903189404,0
0.640000000000,0.450000000000,0.500000000000,20,12,14400,0.107222222222,0.080000000000,0.746113989637,0.030208333333,0.000000000000,0.703993055556,0.296006944444,0.000000000000,1.000000000000,0.060138888889,0.047083333333,0.027222222222,0.000089499760,-0.103333333333,-0.128006944444,0.270673611111,-0.039333333333,0.005966650667,-2.583333333325,-2.560138888889,13.533680555572,-1.311111111100,198.107479568313,13.533680555572,0
0.640000000000,0.450000000000,0.525000000000,20,12,14400,0.109652777778,0.082708333333,0.754274857505,0.031527777778,0.000000000000,0.716204869857,0.283795130143,0.000000000000,1.000000000000,0.060416666667,0.049236111111,0.026944444444,0.002797833093,-0.103333333333,-0.115795130143,0.258461796810,-0.039333333333,0.186522206222,-2.583333333325,-2.315902602855,12.923089840487,-1.311111111100,180.797069881334,12.923089840487,0
0.640000000000,0.450000000000,0.550000000000,20,12,14400,0.109236111111,0.081944444444,0.750158931977,0.031805555556,0.000000000000,0.711864406780,0.288135593220,0.000000000000,1.000000000000,0.060625000000,0.048611111111,0.027291666667,0.002033944204,-0.103333333333,-0.120135593220,0.262802259887,-0.039333333333,0.135596280296,-2.583333333325,-2.402711864407,13.140112994367,-1.311111111100,186.846603616037,13.140112994367,0
0.640000000000,0.450000000000,0.575000000000,20,12,14400,0.107222222222,0.080486111111,0.750647668394,0.031388888889,0.000000000000,0.717860224331,0.282139775669,0.000000000000,1.000000000000,0.058958333333,0.048263888889,0.026736111111,0.000575610871,-0.103333333333,-0.114139775669,0.256806442336,-0.039333333333,0.038374058074,-2.583333333325,-2.282795513374,12.840322116784,-1.311111111100,178.479123443702,12.840322116784,0
0.640000000000,0.450000000000,0.600000000000,20,12,14400,0.109930555556,0.082430555556,0.749842072015,0.034305555556,0.000000000000,0.715248525695,0.284751474305,0.000000000000,1.000000000000,0.061111111111,0.048819444444,0.027500000000,0.002520055316,-0.103333333333,-0.116751474305,0.259418140972,-0.039333333333,0.168003687704,-2.583333333325,-2.335029486099,12.970907048598,-1.311111111100,182.117641060136,12.970907048598,0
0.640000000000,0.450000000000,0.625000000000,20,12,14400,0.109166666667,0.082291666667,0.753816793893,0.030972222222,0.000843881857,0.709704641350,0.289451476793,0.000000000000,1.000000000000,0.060763888889,0.048402777778,0.026875000000,0.002381166427,-0.102489451476,-0.122295358650,0.264118143460,-0.039333333333,0.158744428444,-2.562236286911,-2.445907172996,13.205907173012,-1.311111111100,188.687713090311,13.205907173012,0
0.640000000000,0.450000000000,0.650000000000,20,12,14400,0.105902777778,0.080000000000,0.755409836066,0.031180555556,0.004340277778,0.710069444444,0.285590277778,0.000000000000,1.000000000000,0.058611111111,0.047291666667,0.025902777778,0.000089499760,-0.098993055555,-0.121930555556,0.260256944445,-0.039333333333,0.005966650667,-2.474826388881,-2.438611111111,13.012847222239,-1.311111111100,183.124830582235,13.012847222239,0
0.640000000000,0.450000000000,0.675000000000,20,12,14400,0.109027777778,0.080763888889,0.740764331210,0.030763888889,0.009458297506,0.703353396389,0.287188306105,0.000000000000,1.000000000000,0.060486111111,0.048541666667,0.028263888889,0.000853388649,-0.093875035827,-0.128646603611,0.261854972772,-0.039333333333,0.056892576593,-2.346875895664,-2.572932072227,13.092748638595,-1.311111111100,185.270121942295,13.092748638595,0
0.640000000000,0.450000000000,0.700000000000,20,12,14400,0.107777777778,0.081250000000,0.753865979381,0.032708333333,0.039316239316,0.704273504274,0.256410256410,0.000000000000,1.000000000000,0.059652777778,0.048125000000,0.026527777778,0.001339499760,-0.064017094017,-0.127726495726,0.231076923077,-0.039333333333,0.089299984000,-1.600427350419,-2.554529914530,11.553846153863,-1.311111111100,144.305338568119,11.553846153863,0
0.640000000000,0.450000000000,0.725000000000,20,12,14400,0.109305555556,0.081458333333,0.745235069886,0.030208333333,0.087809036658,0.686274509804,0.210571184996,0.015345268542,1.000000000000,0.060902777778,0.048402777778,0.027847222222,0.001547833093,-0.015524296675,-0.145725490196,0.185237851663,-0.023988064791,0.103188872889,-0.388107416871,-2.914509803922,9.261892583137,-0.799602159693,95.077660543025,9.261892583137,0
0.640000000000,0.450000000000,0.750000000000,20,12,14400,0.110208333333,0.082083333333,0.744801512287,0.031944444444,0.152284263959,0.615905245347,0.142131979695,0.089678510998,1.000000000000,0.062152777778,0.048055555556,0.028125000000,0.002172833093,0.048950930626,-0.216094754653,0.116798646362,0.050345177665,0.144855539556,1.223773265660,-4.321895093063,5.839932318122,1.678172588844,57.118454046709,5.839932318122,0
0.640000000000,0.475000000000,0.350000000000,20,12,14400,0.107916666667,0.080416666667,0.745173745174,0.031388888889,0.000000000000,0.847150259067,0.152849740933,0.000000000000,1.000000000000,0.059861111111,0.048055555556,0.027500000000,0.000506166427,-0.103333333333,0.015150259067,0.127516407600,-0.039333333333,0.033744428444,-2.583333333325,0.303005181347,6.375820379982,-1.311111111100,49.136659800888,6.375820379982,0
0.640000000000,0.475000000000,0.375000000000,20,12,14400,0.108888888889,0.081666666667,0.750000000000,0.031388888889,0.000000000000,0.841836734694,0.158163265306,0.000000000000,1.000000000000,0.060694444444,0.048194444444,0.027222222222,0.001756166427,-0.103333333333,0.009836734694,0.132829931973,-0.039333333333,0.117077761778,-2.583333333325,0.196734693878,6.641496598656,-1.311111111100,52.554512268757,6.641496598656,0
0.640000000000,0.475000000000,0.400000000000,20,12,14400,0.109097222222,0.082222222222,0.753660089115,0.032638888889,0.000000000000,0.847972972973,0.152027027027,0.000000000000,1.000000000000,0.060208333333,0.048888888889,0.026875000000,0.002311721982,-0.103333333333,0.015972972973,0.126693693694,-0.039333333333,0.154114798815,-2.583333333325,0.319459459459,6.334684684701,-1.311111111100,48.646659228759,6.334684684701,0
0.640000000000,0.475000000000,0.425000000000,20,12,14400,0.109791666667,0.082152777778,0.748260594560,0.030555555556,0.000000000000,0.849535080304,0.150464919696,0.000000000000,1.000000000000,0.061875000000,0.047916666667,0.027638888889,0.002242277538,-0.103333333333,0.017535080304,0.125131586363,-0.039333333333,0.149485169185,-2.583333333325,0.350701606086,6.256579318134,-1.311111111100,47.682745653143,6.256579318134,0
0.640000000000,0.475000000000,0.450000000000,20,12,14400,0.107222222222,0.081180555556,0.757124352332,0.031666666667,0.000000000000,0.847733105218,0.152266894782,0.000000000000,1.000000000000,0.058263888889,0.048958333333,0.026041666667,0.001270055316,-0.103333333333,0.015733105218,0.126933561449,-0.039333333333,0.084670354370,-2.583333333325,0.314662104363,6.346678072443,-1.311111111100,48.779127320780,6.346678072443,0
0.640000000000,0.475000000000,0.475000000000,20,12,14400,0.108541666667,0.081111111111,0.747280870122,0.031041666667,0.000000000000,0.853595890411,0.146404109589,0.000000000000,1.000000000000,0.060069444444,0.048472222222,0.027430555556,0.001200610871,-0.103333333333,0.021595890411,0.121070776256,-0.039333333333,0.080040724741,-2.583333333325,0.431917808219,6.053538812802,-1.311111111100,45.230915125493,6.053538812802,0
0.640000000000,0.475000000000,0.500000000000,20,12,14400,0.109097222222,0.081388888889,0.746021642266,0.030625000000,0.000000000000,0.843856655290,0.156143344710,0.000000000000,1.000000000000,0.061388888889,0.047708333333,0.027708333333,0.001478388649,-0.103333333333,0.011856655290,0.130810011377,-0.039333333333,0.098559243259,-2.583333333325,0.237133105802,6.540500568845,-1.311111111100,51.236717182077,6.540500568845,0
0.640000000000,0.475000000000,0.525000000000,20,12,14400,0.106319444444,0.080347222222,0.755715218811,0.032708333333,0.000000000000,0.850475367329,0.149524632671,0.000000000000,1.000000000000,0.058055555556,0.048263888889,0.025972222222,0.000436721982,-0.103333333333,0.018475367329,0.124191299338,-0.039333333333,0.029114798815,-2.583333333325,0.369507346586,6.209564966885,-1.311111111100,47.088703885375,6.209564966885,0
0.640000000000,0.475000000000,0.550000000000,20,12,14400,0.107013888889,0.079930555556,0.746917585983,0.033055555556,0.000000000000,0.845351867941,0.154648132059,0.000000000000,1.000000000000,0.059166666667,0.047847222222,0.027083333333,0.000020055316,-0.103333333333,0.013351867941,0.129314798726,-0.039333333333,0.001337021037,-2.583333333325,0.267037358818,6.465739936304,-1.311111111100,50.269727119264,6.465739936304,0
0.640000000000,0.475000000000,0.575000000000,20,12,14400,0.109513888889,0.082638888889,0.754597336715,0.033125000000,0.000000000000,0.846218487395,0.153781512605,0.000000000000,1.000000000000,0.060347222222,0.049166666667,0.026875000000,0.002728388649,-0.103333333333,0.014218487395,0.128448179272,-0.039333333333,0.181892576593,-2.583333333325,0.284369747899,6.422408963602,-1.311111111100,49.753911415414,6.422408963602,0
0.640000000000,0.475000000000,0.600000000000,20,12,14400,0.109375000000,0.082430555556,0.753650793651,0.031250000000,0.000000000000,0.859309182814,0.140690817186,0.000000000000,1.000000000000,0.059722222222,0.049652777778,0.026944444444,0.002520055316,-0.103333333333,0.027309182814,0.115357483853,-0.039333333333,0.168003687704,-2.583333333325,0.546183656276,5.767874192659,-1.311111111100,41.987537984527,5.767874192659,0
0.640000000000,0.475000000000,0.625000000000,20,12,14400,0.107986111111,0.080486111111,0.745337620579,0.030763888889,0.000862812770,0.853321829163,0.145815358067,0.000000000000,1.000000000000,0.059930555556,0.048055555556,0.027500000000,0.000575610871,-0.102470520563,0.021321829163,0.120482024734,-0.039333333333,0.038374058074,-2.561763014084,0.426436583261,6.024101236715,-1.311111111100,44.754758524047,6.024101236715,0
0.640000000000,0.475000000000,0.650000000000,20,12,14400,0.108194444444,0.081319444444,0.751604621309,0.031250000000,0.002561912895,0.849701110162,0.147736976943,0.000000000000,1.000000000000,0.060486111111,0.047708333333,0.026875000000,0.001408944204,-0.100771420438,0.017701110162,0.122403643610,-0.039333333333,0.093929613630,-2.519285510951,0.354022203245,6.120182180489,-1.311111111100,45.656596246421,6.120182180489,0
0.640000000000,0.475000000000,0.675000000000,20,12,14400,0.105902777778,0.079791666667,0.753442622951,0.030763888889,0.006962576153,0.838990426458,0.153176675370,0.000870322019,1.000000000000,0.059097222222,0.046805555556,0.026111111111,-0.000118833573,-0.096370757180,0.006990426458,0.127843342037,-0.038463011314,-0.007922238222,-2.409268929496,0.139808529156,6.392167101844,-1.282100377128,48.327767596249,6.392167101844,0
0.640000000000,0.475000000000,0.700000000000,20,12,14400,0.107013888889,0.080069444444,0.748215444517,0.031180555556,0.031222896791,0.846487424111,0.118820468343,0.003469210755,1.000000000000,0.059722222222,0.047291666667,0.026944444444,0.000158944204,-0.072110436542,0.014487424111,0.093487135010,-0.035864122578,0.010596280296,-1.802760913550,0.289748482220,4.674356750523,-1.195470752615,26.612774727044,4.674356750523,0
0.640000000000,0.475000000000,0.725000000000,20,12,14400,0.109444444444,0.082500000000,0.753807106599,0.031111111111,0.068181818182,0.810606060606,0.085016835017,0.036195286195,1.000000000000,0.060486111111,0.048958333333,0.026944444444,0.002589499760,-0.035151515151,-0.021393939394,0.059683501684,-0.003138047138,0.172633317333,-0.878787878780,-0.427878787879,2.984175084192,-0.104601571257,9.901393077080,2.984175084192,0
0.640000000000,0.475000000000,0.750000000000,20,12,14400,0.106458333333,0.080208333333,0.753424657534,0.028750000000,0.095238095238,0.717748917749,0.055411255411,0.131601731602,1.000000000000,0.059097222222,0.047361111111,0.026250000000,0.000297833093,-0.008095238095,-0.114251082251,0.030077922078,0.092268398269,0.019855539556,-0.202380952373,-2.285021645022,1.503896103913,3.075613275624,16.983776723113,3.075613275624,0
0.640000000000,0.500000000000,0.350000000000,20,12,14400,0.106944444444,0.079930555556,0.747402597403,0.030277777778,0.000000000000,0.941789748045,0.058210251955,0.000000000000,1.000000000000,0.060208333333,0.046736111111,0.027013888889,0.000020055316,-0.103333333333,0.109789748045,0.032876918622,-0.039333333333,0.001337021037,-2.583333333325,2.195794960904,1.643845931091,-1.311111111100,15.916370199837,2.583333333325,0
0.640000000000,0.500000000000,0.375000000000,20,12,14400,0.110000000000,0.082569444444,0.750631313131,0.033333333333,0.000000000000,0.939444911690,0.060555088310,0.000000000000,1.000000000000,0.060416666667,0.049583333333,0.027430555556,0.002658944204,-0.103333333333,0.107444911690,0.035221754977,-0.039333333333,0.177262946963,-2.583333333325,2.148898233810,1.761087748825,-1.311111111100,16.143239287418,2.583333333325,0
0.640000000000,0.500000000000,0.400000000000,20,12,14400,0.109375000000,0.082500000000,0.754285714286,0.033402777778,0.000000000000,0.938552188552,0.061447811448,0.000000000000,1.000000000000,0.061527777778,0.047847222222,0.026875000000,0.002589499760,-0.103333333333,0.106552188552,0.036114478115,-0.039333333333,0.172633317333,-2.583333333325,2.131043771044,1.805723905741,-1.311111111100,16.224412096839,2.583333333325,0
0.640000000000,0.500000000000,0.425000000000,20,12,14400,0.106180555556,0.080208333333,0.755395683453,0.032847222222,0.000000000000,0.946320346320,0.053679653680,0.000000000000,1.000000000000,0.059097222222,0.047083333333,0.025972222222,0.000297833093,-0.103333333333,0.114320346320,0.028346320347,-0.039333333333,0.019855539556,-2.583333333325,2.286406926407,1.417316017333,-1.311111111100,15.629459025279,2.583333333325,0
0.640000000000,0.500000000000,0.450000000000,20,12,14400,0.108541666667,0.081319444444,0.749200255918,0.030347222222,0.000000000000,0.936806148591,0.063193851409,0.000000000000,1.000000000000,0.060347222222,0.048194444444,0.027222222222,0.001408944204,-0.103333333333,0.104806148591,0.037860518076,-0.039333333333,0.093929613630,-2.583333333325,2.096122971819,1.893025903803,-1.311111111100,16.378724814490,2.583333333325,0
0.640000000000,0.500000000000,0.475000000000,20,12,14400,0.109236111111,0.082500000000,0.755244755245,0.031250000000,0.000000000000,0.945286195286,0.054713804714,0.000000000000,1.000000000000,0.060555555556,0.048680555556,0.026736111111,0.002589499760,-0.103333333333,0.113286195286,0.029380471381,-0.039333333333,0.172633317333,-2.583333333325,2.265723905724,1.469023569040,-1.311111111100,15.713960782336,2.583333333325,0
0.640000000000,0.500000000000,0.500000000000,20,12,14400,0.110347222222,0.082986111111,0.752045311517,0.032013888889,0.000000000000,0.936401673640,0.063598326360,0.000000000000,1.000000000000,0.061527777778,0.048819444444,0.027361111111,0.003075610871,-0.103333333333,0.104401673640,0.038264993027,-0.039333333333,0.205040724741,-2.583333333325,2.088033472803,1.913249651342,-1.311111111100,16.455073167427,2.583333333325,0
0.640000000000,0.500000000000,0.525000000000,20,12,14400,0.107916666667,0.081180555556,0.752252252252,0.033402777778,0.000000000000,0.950384944397,0.049615055603,0.000000000000,1.000000000000,0.060069444444,0.047847222222,0.026736111111,0.001270055316,-0.103333333333,0.118384944397,0.024281722270,-0.039333333333,0.084670354370,-2.583333333325,2.367698887938,1.214086113504,-1.311111111100,15.479795640575,2.583333333325,0
0.640000000000,0.500000000000,0.550000000000,20,12,14400,0.105555555556,0.080138888889,0.759210526316,0.030972222222,0.000000000000,0.937608318891,0.062391681109,0.000000000000,1.000000000000,0.058263888889,0.047291666667,0.025416666667,0.000228388649,-0.103333333333,0.105608318891,0.037058347776,-0.039333333333,0.015225909926,-2.583333333325,2.112166377816,1.852917388809,-1.311111111100,16.287404942381,2.583333333325,0
0.640000000000,0.500000000000,0.575000000000,20,12,14400,0.107847222222,0.081666666667,0.757244043786,0.031666666667,0.000000000000,0.940476190476,0.059523809524,0.000000000000,1.000000000000,0.059375000000,0.048472222222,0.026180555556,0.001756166427,-0.103333333333,0.108476190476,0.034190476191,-0.039333333333,0.117077761778,-2.583333333325,2.169523809524,1.709523809541,-1.311111111100,16.035635874497,2.583333333325,0
0.640000000000,0.500000000000,0.600000000000,20,12,14400,0.106805555556,0.079722222222,0.746423927178,0.030694444444,0.000000000000,0.935540069686,0.064459930314,0.000000000000,1.000000000000,0.059305555556,0.047500000000,0.027083333333,-0.000188278018,-0.103333333333,0.103540069686,0.039126596981,-0.039333333333,-0.012551867852,-2.583333333325,2.070801393728,1.956329849030,-1.311111111100,16.508225896575,2.583333333325,0
0.640000000000,0.500000000000,0.625000000000,20,12,14400,0.107291666667,0.080902777778,0.754045307443,0.030902777778,0.000858369099,0.946781115880,0.052360515021,0.000000000000,1.000000000000,0.059583333333,0.047708333333,0.026388888889,0.000992277538,-0.102474964234,0.114781115880,0.027027181688,-0.039333333333,0.066151835852,-2.561874105857,2.295622317597,1.351359084423,-1.311111111100,15.382640545398,2.561874105857,0
0.640000000000,0.500000000000,0.650000000000,20,12,14400,0.107986111111,0.080000000000,0.740836012862,0.031319444444,0.002604166667,0.940972222222,0.055555555556,0.000868055556,1.000000000000,0.060833333333,0.047152777778,0.027986111111,0.000089499760,-0.100729166666,0.108972222222,0.030222222223,-0.038465277777,0.005966650667,-2.518229166658,2.179444444444,1.511111111128,-1.282175925915,15.018923718318,2.518229166658,0
0.640000000000,0.500000000000,0.675000000000,20,12,14400,0.109791666667,0.082013888889,0.746995572423,0.030833333333,0.008467400508,0.930567315834,0.058425063506,0.002540220152,1.000000000000,0.061458333333,0.048333333333,0.027777777778,0.002103388649,-0.094865932825,0.098567315834,0.033091730173,-0.036793113181,0.140225909926,-2.371648320624,1.971346316681,1.654586508625,-1.226437106020,13.772389852370,2.371648320624,0
0.640000000000,0.500000000000,0.700000000000,20,12,14400,0.106319444444,0.079305555556,0.745917700849,0.030902777778,0.018388791594,0.922066549912,0.043782837128,0.015761821366,1.000000000000,0.059722222222,0.046597222222,0.027013888889,-0.000604944684,-0.084944541739,0.090066549912,0.018449503795,-0.023571511967,-0.040329645630,-2.123613543483,1.801330998249,0.922475189742,-0.785717065566,9.224466110443,2.123613543483,0
0.640000000000,0.500000000000,0.725000000000,20,12,14400,0.107291666667,0.080833333333,0.753398058252,0.032638888889,0.035223367698,0.867697594502,0.025773195876,0.071305841924,1.000000000000,0.059791666667,0.047500000000,0.026458333333,0.000922833093,-0.068109965635,0.035697594502,0.000439862543,0.031972508591,0.061522206222,-1.702749140885,0.713951890034,0.021993127165,1.065750286380,4.549174290488,1.702749140885,0
0.640000000000,0.500000000000,0.750000000000,20,12,14400,0.108472222222,0.081111111111,0.747759282971,0.032361111111,0.042808219178,0.753424657534,0.014554794521,0.189212328767,1.000000000000,0.060763888889,0.047708333333,0.027361111111,0.001200610871,-0.060525114155,-0.078575342466,-0.010778538812,0.149878995434,0.080040724741,-1.513127853873,-1.571506849315,-0.538926940623,4.995966514471,30.015719858269,4.995966514471,0
0.640000000000,0.525000000000,0.350000000000,20,12,14400,0.108125000000,0.081319444444,0.752087347463,0.031527777778,0.000000000000,0.980358667805,0.019641332195,0.000000000000,1.000000000000,0.059097222222,0.049027777778,0.026805555556,0.001408944204,-0.103333333333,0.148358667805,-0.005692001138,-0.039333333333,0.093929613630,-2.583333333325,2.967173356106,-0.284600056915,-1.311111111100,17.286561146615,2.967173356106,0
0.640000000000,0.525000000000,0.375000000000,20,12,14400,0.107777777778,0.080208333333,0.744201030928,0.030694444444,0.000000000000,0.980086580087,0.019913419913,0.000000000000,1.000000000000,0.060347222222,0.047430555556,0.027569444444,0.000297833093,-0.103333333333,0.148086580087,-0.005419913420,-0.039333333333,0.019855539556,-2.583333333325,2.961731601732,-0.270995670979,-1.311111111100,17.238310433554,2.961731601732,0
0.640000000000,0.525000000000,0.400000000000,20,12,14400,0.107847222222,0.079791666667,0.739858338699,0.028888888889,0.000000000000,0.984334203655,0.015665796345,0.000000000000,1.000000000000,0.060763888889,0.047083333333,0.028055555556,-0.000118833573,-0.103333333333,0.152334203655,-0.009667536988,-0.039333333333,-0.007922238222,-2.583333333325,3.046684073107,-0.483376849418,-1.311111111100,17.908623238454,3.046684073107,0
0.640000000000,0.525000000000,0.425000000000,20,12,14400,0.109652777778,0.081875000000,0.746675110830,0.030069444444,0.000000000000,0.983036471586,0.016963528414,0.000000000000,1.000000000000,0.060972222222,0.048680555556,0.027777777778,0.001964499760,-0.103333333333,0.151036471586,-0.008369804919,-0.039333333333,0.130966650667,-2.583333333325,3.020729431722,-0.418490245954,-1.311111111100,17.709716105934,3.020729431722,0
0.640000000000,0.525000000000,0.450000000000,20,12,14400,0.108333333333,0.081527777778,0.752564102564,0.031180555556,0.000000000000,0.983816013629,0.016183986371,0.000000000000,1.000000000000,0.060277777778,0.048055555556,0.026805555556,0.001617277538,-0.103333333333,0.151816013629,-0.009149346962,-0.039333333333,0.107818502519,-2.583333333325,3.036320272572,-0.457467348081,-1.311111111100,17.832765458398,3.036320272572,0
0.640000000000,0.525000000000,0.475000000000,20,12,14400,0.108819444444,0.080833333333,0.742820676452,0.030902777778,0.000000000000,0.983676975945,0.016323024055,0.000000000000,1.000000000000,0.060833333333,0.047986111111,0.027986111111,0.000922833093,-0.103333333333,0.151676975945,-0.009010309278,-0.039333333333,0.061522206222,-2.583333333325,3.033539518900,-0.450515463901,-1.311111111100,17.801734634520,3.033539518900,0
0.640000000000,0.525000000000,0.500000000000,20,12,14400,0.108055555556,0.081458333333,0.753856041131,0.033194444444,0.000000000000,0.981244671782,0.018755328218,0.000000000000,1.000000000000,0.059444444444,0.048611111111,0.026597222222,0.001547833093,-0.103333333333,0.149244671782,-0.006578005115,-0.039333333333,0.103188872889,-2.583333333325,2.984893435635,-0.328900255738,-1.311111111100,17.421035600528,2.984893435635,0
0.640000000000,0.525000000000,0.525000000000,20,12,14400,0.106666666667,0.080416666667,0.753906250000,0.032152777778,0.000000000000,0.985319516408,0.014680483592,0.000000000000,1.000000000000,0.059513888889,0.047152777778,0.026250000000,0.000506166427,-0.103333333333,0.153319516408,-0.010652849741,-0.039333333333,0.033744428444,-2.583333333325,3.066390328152,-0.532642487030,-1.311111111100,18.080219806742,3.066390328152,0
0.640000000000,0.525000000000,0.550000000000,20,12,14400,0.107708333333,0.080902777778,0.751128304320,0.030347222222,0.000000000000,0.983690987124,0.016309012876,0.000000000000,1.000000000000,0.059583333333,0.048125000000,0.026805555556,0.000992277538,-0.103333333333,0.151690987124,-0.009024320457,-0.039333333333,0.066151835852,-2.583333333325,3.033819742489,-0.451216022873,-1.311111111100,17.804657651320,3.033819742489,0
0.640000000000,0.525000000000,0.575000000000,20,12,14400,0.108472222222,0.081944444444,0.755441741357,0.031597222222,0.000000000000,0.983050847458,0.016949152542,0.000000000000,1.000000000000,0.059861111111,0.048611111111,0.026527777778,0.002033944204,-0.103333333333,0.151050847458,-0.008384180791,-0.039333333333,0.135596280296,-2.583333333325,3.021016949153,-0.419209039531,-1.311111111100,17.713289433840,3.021016949153,0
0.640000000000,0.525000000000,0.600000000000,20,12,14400,0.107291666667,0.079861111111,0.744336569579,0.030763888889,0.000000000000,0.983478260870,0.016521739130,0.000000000000,1.000000000000,0.059513888889,0.047777777778,0.027430555556,-0.000049389129,-0.103333333333,0.151478260870,-0.008811594203,-0.039333333333,-0.003292608593,-2.583333333325,3.029565217391,-0.440579710128,-1.311111111100,17.765010185393,3.029565217391,0
0.640000000000,0.525000000000,0.625000000000,20,12,14400,0.109027777778,0.082361111111,0.755414012739,0.030208333333,0.000843170320,0.982293423272,0.016863406408,0.000000000000,1.000000000000,0.060416666667,0.048611111111,0.026666666667,0.002450610871,-0.102490163013,0.150293423272,-0.008469926925,-0.039333333333,0.163374058074,-2.562254075315,3.005868465430,-0.423496346245,-1.311111111100,17.525443761719,3.005868465430,0
0.640000000000,0.525000000000,0.650000000000,20,12,14400,0.108888888889,0.082222222222,0.755102040816,0.031180555556,0.002533783784,0.982263513514,0.014358108108,0.000844594595,1.000000000000,0.060833333333,0.048055555556,0.026666666667,0.002311721982,-0.100799549549,0.150263513514,-0.010975225225,-0.038488738738,0.154114798815,-2.519988738730,3.005270270270,-0.548761261245,-1.282957957947,17.352864055614,3.005270270270,0
0.640000000000,0.525000000000,0.675000000000,20,12,14400,0.107847222222,0.081458333333,0.755312298777,0.031041666667,0.004262574595,0.978687127025,0.011935208866,0.005115089514,1.000000000000,0.059305555556,0.048541666667,0.026388888889,0.001547833093,-0.099070758738,0.146687127025,-0.013398124467,-0.034218243819,0.103188872889,-2.476768968449,2.933742540494,-0.669906223342,-1.140608127298,16.501639008595,2.933742540494,0
0.640000000000,0.525000000000,0.700000000000,20,12,14400,0.106805555556,0.080000000000,0.749024707412,0.030694444444,0.010416666667,0.957465277778,0.007812500000,0.024305555556,1.000000000000,0.059652777778,0.047152777778,0.026805555556,0.000089499760,-0.092916666666,0.125465277778,-0.017520833333,-0.015027777777,0.005966650667,-2.322916666658,2.509305555556,-0.876041666650,-0.500925925915,12.710967597262,2.509305555556,0
0.640000000000,0.525000000000,0.725000000000,20,12,14400,0.106180555556,0.080000000000,0.753433616743,0.030069444444,0.011284722222,0.890625000000,0.003472222222,0.094618055556,1.000000000000,0.058611111111,0.047569444444,0.026180555556,0.000089499760,-0.092048611111,0.058625000000,-0.021861111111,0.055284722223,0.005966650667,-2.301215277769,1.172500000000,-1.093055555539,1.842824074085,11.261154621082,2.301215277769,0
0.640000000000,0.525000000000,0.750000000000,20,12,14400,0.107916666667,0.081319444444,0.753539253539,0.032708333333,0.016225448335,0.768573868488,0.000853970965,0.214346712212,1.000000000000,0.060069444444,0.047847222222,0.026597222222,0.001408944204,-0.087107884998,-0.063426131512,-0.024479362368,0.175013378879,0.093929613630,-2.177697124956,-1.268522630231,-1.223968118401,5.833779295959,41.891416032592,5.833779295959,0
0.640000000000,0.550000000000,0.350000000000,20,12,14400,0.107847222222,0.081736111111,0.757887958789,0.032013888889,0.000000000000,0.996601529312,0.003398470688,0.000000000000,1.000000000000,0.059305555556,0.048541666667,0.026111111111,0.001825610871,-0.103333333333,0.164601529312,-0.021934862645,-0.039333333333,0.121707391407,-2.583333333325,3.292030586236,-1.096743132240,-1.311111111100,20.447747024672,3.292030586236,0
0.640000000000,0.550000000000,0.375000000000,20,12,14400,0.108541666667,0.080972222222,0.746001279591,0.030277777778,0.000000000000,0.994854202401,0.005145797599,0.000000000000,1.000000000000,0.061041666667,0.047500000000,0.027569444444,0.001061721982,-0.103333333333,0.162854202401,-0.020187535734,-0.039333333333,0.070781465481,-2.583333333325,3.257084048027,-1.009376786719,-1.311111111100,20.025071466055,3.257084048027,0
0.640000000000,0.550000000000,0.400000000000,20,12,14400,0.107569444444,0.081250000000,0.755326016785,0.032291666667,0.000000000000,0.994871794872,0.005128205128,0.000000000000,1.000000000000,0.059097222222,0.048472222222,0.026319444444,0.001339499760,-0.103333333333,0.162871794872,-0.020205128205,-0.039333333333,0.089299984000,-2.583333333325,3.257435897436,-1.010256410240,-1.311111111100,20.032104584195,3.257435897436,0
0.640000000000,0.550000000000,0.425000000000,20,12,14400,0.107777777778,0.081041666667,0.751932989691,0.031666666667,0.000000000000,0.994001713796,0.005998286204,0.000000000000,1.000000000000,0.059236111111,0.048541666667,0.026736111111,0.001131166427,-0.103333333333,0.162001713796,-0.019335047129,-0.039333333333,0.075411095111,-2.583333333325,3.240034275921,-0.966752356453,-1.311111111100,19.830742517835,3.240034275921,0
0.640000000000,0.550000000000,0.450000000000,20,12,14400,0.106250000000,0.079513888889,0.748366013072,0.030000000000,0.000000000000,0.996506550218,0.003493449782,0.000000000000,1.000000000000,0.059097222222,0.047152777778,0.026736111111,-0.000396611351,-0.103333333333,0.164506550218,-0.021839883551,-0.039333333333,-0.026440756741,-2.583333333325,3.290131004367,-1.091994177567,-1.311111111100,20.410735880071,3.290131004367,0
0.640000000000,0.550000000000,0.475000000000,20,12,14400,0.110138888889,0.083125000000,0.754728877680,0.030416666667,0.000000000000,0.995822890560,0.004177109440,0.000000000000,1.000000000000,0.060902777778,0.049236111111,0.027013888889,0.003214499760,-0.103333333333,0.163822890560,-0.021156223893,-0.039333333333,0.214299984000,-2.583333333325,3.276457811195,-1.057811194637,-1.311111111100,20.292688251897,3.276457811195,0
0.640000000000,0.550000000000,0.500000000000,20,12,14400,0.108194444444,0.080347222222,0.742618741977,0.031041666667,0.000000000000,0.997407087295,0.002592912705,0.000000000000,1.000000000000,0.061180555556,0.047013888889,0.027847222222,0.000436721982,-0.103333333333,0.165407087295,-0.022740420628,-0.039333333333,0.029114798815,-2.583333333325,3.308141745895,-1.137021031386,-1.311111111100,20.630089764973,3.308141745895,0
0.640000000000,0.550000000000,0.525000000000,20,12,14400,0.108125000000,0.081388888889,0.752729608221,0.032361111111,0.000000000000,0.996587030717,0.003412969283,0.000000000000,1.000000000000,0.058750000000,0.049375000000,0.026736111111,0.001478388649,-0.103333333333,0.164587030717,-0.021920364050,-0.039333333333,0.098559243259,-2.583333333325,3.291740614334,-1.096018202486,-1.311111111100,20.439149553390,3.291740614334,0
0.640000000000,0.550000000000,0.550000000000,20,12,14400,0.107847222222,0.081041666667,0.751448808757,0.031805555556,0.000000000000,0.997429305913,0.002570694087,0.000000000000,1.000000000000,0.059722222222,0.048125000000,0.026805555556,0.001131166427,-0.103333333333,0.165429305913,-0.022762639246,-0.039333333333,0.075411095111,-2.583333333325,3.308586118252,-1.138131962280,-1.311111111100,20.640396755436,3.308586118252,0
0.640000000000,0.550000000000,0.575000000000,20,12,14400,0.105208333333,0.078958333333,0.750495049505,0.030763888889,0.000000000000,0.996481970097,0.003518029903,0.000000000000,1.000000000000,0.058125000000,0.047083333333,0.026250000000,-0.000952166907,-0.103333333333,0.164481970097,-0.021815303430,-0.039333333333,-0.063477793778,-2.583333333325,3.289639401935,-1.090765171487,-1.311111111100,20.408148941113,3.289639401935,0
0.640000000000,0.550000000000,0.600000000000,20,12,14400,0.106319444444,0.079375000000,0.746570868713,0.029166666667,0.000000000000,0.996500437445,0.003499562555,0.000000000000,1.000000000000,0.058958333333,0.047361111111,0.026944444444,-0.000535500240,-0.103333333333,0.164500437445,-0.021833770778,-0.039333333333,-0.035700016000,-2.583333333325,3.290008748906,-1.091688538916,-1.311111111100,20.409839381741,3.290008748906,0
0.640000000000,0.550000000000,0.625000000000,20,12,14400,0.106597222222,0.080000000000,0.750488599349,0.031666666667,0.000000000000,0.995659722222,0.004340277778,0.000000000000,1.000000000000,0.059027777778,0.047569444444,0.026597222222,0.000089499760,-0.103333333333,0.163659722222,-0.020993055555,-0.039333333333,0.005966650667,-2.583333333325,3.273194444444,-1.049652777761,-1.311111111100,20.208231882642,3.273194444444,0
0.640000000000,0.550000000000,0.650000000000,20,12,14400,0.107500000000,0.080902777778,0.752583979328,0.033263888889,0.001716738197,0.994849785408,0.001716738197,0.001716738197,1.000000000000,0.059791666667,0.047708333333,0.026597222222,0.000992277538,-0.101616595136,0.162849785408,-0.023616595136,-0.037616595136,0.066151835852,-2.540414878389,3.256995708155,-1.180829756779,-1.253886504519,20.032695143375,3.256995708155,0
0.640000000000,0.550000000000,0.675000000000,20,12,14400,0.106597222222,0.080208333333,0.752442996743,0.032222222222,0.001731601732,0.991341991342,0.000865800866,0.006060606061,1.000000000000,0.059444444444,0.047152777778,0.026388888889,0.000297833093,-0.101601731601,0.159341991342,-0.024467532467,-0.033272727272,0.019855539556,-2.540043290035,3.186839826840,-1.223376623360,-1.109090909080,19.334895246822,3.186839826840,0
0.640000000000,0.550000000000,0.700000000000,20,12,14400,0.108611111111,0.081180555556,0.747442455243,0.031250000000,0.003421727973,0.964927288281,0.000855431993,0.030795551754,1.000000000000,0.059930555556,0.048680555556,0.027430555556,0.001270055316,-0.099911605360,0.132927288281,-0.024477901340,-0.008537781579,0.084670354370,-2.497790134009,2.658545765612,-1.223895066992,-0.284592719312,14.892902361208,2.658545765612,0
0.640000000000,0.550000000000,0.725000000000,20,12,14400,0.108750000000,0.081666666667,0.750957854406,0.031388888889,0.002551020408,0.900510204082,0.000000000000,0.096938775510,1.000000000000,0.060833333333,0.047916666667,0.027083333333,0.001756166427,-0.100782312925,0.068510204082,-0.025333333333,0.057605442177,0.117077761778,-2.519557823121,1.370204081633,-1.266666666650,1.920181405907,13.530879127668,2.519557823121,0
0.640000000000,0.550000000000,0.750000000000,20,12,14400,0.108958333333,0.082222222222,0.754620777565,0.033055555556,0.003378378378,0.768581081081,0.000000000000,0.228040540541,1.000000000000,0.060416666667,0.048541666667,0.026736111111,0.002311721982,-0.099954954955,-0.063418918919,-0.025333333333,0.188707207208,0.154114798815,-2.498873873866,-1.268378378378,-1.266666666650,6.290240240251,49.048472443919,6.290240240251,0
0.640000000000,0.575000000000,0.350000000000,20,12,14400,0.109791666667,0.081944444444,0.746363061354,0.030694444444,0.000000000000,0.999152542373,0.000847457627,0.000000000000,1.000000000000,0.061597222222,0.048194444444,0.027847222222,0.002033944204,-0.103333333333,0.167152542373,-0.024485875706,-0.039333333333,0.135596280296,-2.583333333325,3.343050847458,-1.224293785294,-1.311111111100,21.085894049345,3.343050847458,0
0.640000000000,0.575000000000,0.375000000000,20,12,14400,0.106875000000,0.080763888889,0.755685510071,0.031458333333,0.000000000000,0.999140154772,0.000859845228,0.000000000000,1.000000000000,0.058680555556,0.048194444444,0.026111111111,0.000853388649,-0.103333333333,0.167140154772,-0.024473488105,-0.039333333333,0.056892576593,-2.583333333325,3.342803095443,-1.223674405257,-1.311111111100,21.067571806973,3.342803095443,0
0.640000000000,0.575000000000,0.400000000000,20,12,14400,0.108680555556,0.082152777778,0.755910543131,0.030625000000,0.000000000000,0.998309382925,0.001690617075,0.000000000000,1.000000000000,0.060277777778,0.048402777778,0.026527777778,0.002242277538,-0.103333333333,0.166309382925,-0.023642716258,-0.039333333333,0.149485169185,-2.583333333325,3.326187658495,-1.182135812888,-1.311111111100,20.875938692164,3.326187658495,0
0.640000000000,0.575000000000,0.425000000000,20,12,14400,0.108958333333,0.082361111111,0.755895474825,0.033055555556,0.000000000000,0.999156829680,0.000843170320,0.000000000000,1.000000000000,0.060277777778,0.048680555556,0.026597222222,0.002450610871,-0.103333333333,0.167156829680,-0.024490163013,-0.039333333333,0.163374058074,-2.583333333325,3.343136593592,-1.224508150630,-1.311111111100,21.095297033942,3.343136593592,0
0.640000000000,0.575000000000,0.450000000000,20,12,14400,0.108611111111,0.081111111111,0.746803069054,0.030694444444,0.000000000000,0.999143835616,0.000856164384,0.000000000000,1.000000000000,0.061041666667,0.047569444444,0.027500000000,0.001200610871,-0.103333333333,0.167143835616,-0.024477168949,-0.039333333333,0.080040724741,-2.583333333325,3.342876712329,-1.223858447472,-1.311111111100,21.071684187613,3.342876712329,0
0.640000000000,0.575000000000,0.475000000000,20,12,14400,0.108263888889,0.080763888889,0.745991019885,0.029861111111,0.000000000000,0.998280309544,0.001719690456,0.000000000000,1.000000000000,0.060833333333,0.047430555556,0.027500000000,0.000853388649,-0.103333333333,0.166280309544,-0.023613642877,-0.039333333333,0.056892576593,-2.583333333325,3.325606190886,-1.180682143864,-1.311111111100,20.849527083686,3.325606190886,0
0.640000000000,0.575000000000,0.500000000000,20,12,14400,0.108263888889,0.081805555556,0.755612572162,0.031597222222,0.000000000000,0.998302207131,0.001697792869,0.000000000000,1.000000000000,0.059722222222,0.048541666667,0.026458333333,0.001895055316,-0.103333333333,0.166302207131,-0.023635540464,-0.039333333333,0.126337021037,-2.583333333325,3.326044142615,-1.181777023186,-1.311111111100,20.867751070755,3.326044142615,0
0.640000000000,0.575000000000,0.525000000000,20,12,14400,0.108333333333,0.080833333333,0.746153846154,0.031458333333,0.000000000000,0.997422680412,0.002577319588,0.000000000000,1.000000000000,0.060000000000,0.048333333333,0.027500000000,0.000922833093,-0.103333333333,0.165422680412,-0.022756013745,-0.039333333333,0.061522206222,-2.583333333325,3.308453608247,-1.137800687269,-1.311111111100,20.636864120451,3.308453608247,0
0.640000000000,0.575000000000,0.550000000000,20,12,14400,0.109375000000,0.082638888889,0.755555555556,0.032500000000,0.000000000000,0.999159663866,0.000840336134,0.000000000000,1.000000000000,0.060694444444,0.048680555556,0.026736111111,0.002728388649,-0.103333333333,0.167159663866,-0.024492997199,-0.039333333333,0.181892576593,-2.583333333325,3.343193277311,-1.224649859927,-1.311111111100,21.102416935014,3.343193277311,0
0.640000000000,0.575000000000,0.575000000000,20,12,14400,0.106944444444,0.079583333333,0.744155844156,0.030694444444,0.000000000000,0.999127399651,0.000872600349,0.000000000000,1.000000000000,0.060277777778,0.046666666667,0.027361111111,-0.000327166907,-0.103333333333,0.167127399651,-0.024460732984,-0.039333333333,-0.021811127111,-2.583333333325,3.342547993019,-1.223036649198,-1.311111111100,21.061544912902,3.342547993019,0
0.640000000000,0.575000000000,0.600000000000,20,12,14400,0.106250000000,0.080000000000,0.752941176471,0.030763888889,0.000000000000,0.998263888889,0.001736111111,0.000000000000,1.000000000000,0.058680555556,0.047569444444,0.026250000000,0.000089499760,-0.103333333333,0.166263888889,-0.023597222222,-0.039333333333,0.005966650667,-2.583333333325,3.325277777778,-1.179861111094,-1.311111111100,20.842203598494,3.325277777778,0
0.640000000000,0.575000000000,0.625000000000,20,12,14400,0.108055555556,0.081944444444,0.758354755784,0.031736111111,0.000000000000,0.999152542373,0.000847457627,0.000000000000,1.000000000000,0.060069444444,0.047986111111,0.026111111111,0.002033944204,-0.103333333333,0.167152542373,-0.024485875706,-0.039333333333,0.135596280296,-2.583333333325,3.343050847458,-1.224293785294,-1.311111111100,21.085894049345,3.343050847458,0
0.640000000000,0.575000000000,0.650000000000,20,12,14400,0.108680555556,0.080625000000,0.741853035144,0.031111111111,0.000861326443,0.994832041344,0.000861326443,0.003445305771,1.000000000000,0.060763888889,0.047916666667,0.028055555556,0.000714499760,-0.102472006890,0.162832041344,-0.024472006890,-0.035888027562,0.047633317333,-2.561800172257,3.256640826873,-1.223600344514,-1.196267585404,20.099052469737,3.256640826873,0
0.640000000000,0.575000000000,0.675000000000,20,12,14400,0.107013888889,0.080833333333,0.755353666450,0.031736111111,0.001718213058,0.987972508591,0.000859106529,0.009450171821,1.000000000000,0.058888888889,0.048125000000,0.026180555556,0.000922833093,-0.101615120275,0.155972508591,-0.024474226804,-0.029883161512,0.061522206222,-2.540378006865,3.119450171821,-1.223711340190,-0.996105383723,18.677970153686,3.119450171821,0
0.640000000000,0.575000000000,0.700000000000,20,12,14400,0.107013888889,0.080694444444,0.754055807917,0.031111111111,0.000860585198,0.962994836489,0.000860585198,0.035283993115,1.000000000000,0.058611111111,0.048402777778,0.026319444444,0.000783944204,-0.102472748135,0.130994836489,-0.024472748135,-0.004049340218,0.052262946963,-2.561818703377,2.619896729776,-1.223637406753,-0.134978007256,14.945012924936,2.619896729776,0
0.640000000000,0.575000000000,0.725000000000,20,12,14400,0.106111111111,0.079513888889,0.749345549738,0.031527777778,0.001746724891,0.896069868996,0.000000000000,0.102183406114,1.000000000000,0.058680555556,0.047430555556,0.026597222222,-0.000396611351,-0.101586608442,0.064069868996,-0.025333333333,0.062850072781,-0.026440756741,-2.539665211054,1.281397379913,-1.266666666650,2.095002426018,14.086057352526,2.539665211054,0
0.640000000000,0.575000000000,0.750000000000,20,12,14400,0.107013888889,0.081041666667,0.757300454250,0.031388888889,0.000856898029,0.777206512425,0.000000000000,0.221936589546,1.000000000000,0.058541666667,0.048472222222,0.025972222222,0.001131166427,-0.102476435304,-0.054793487575,-0.025333333333,0.182603256213,0.075411095111,-2.561910882597,-1.095869751500,-1.266666666650,6.086775207095,46.423281581991,6.086775207095,0
0.640000000000,0.600000000000,0.350000000000,20,12,14400,0.107847222222,0.081180555556,0.752736638764,0.030208333333,0.000000000000,0.999144568007,0.000855431993,0.000000000000,1.000000000000,0.060138888889,0.047708333333,0.026666666667,0.001270055316,-0.103333333333,0.167144568007,-0.024477901340,-0.039333333333,0.084670354370,-2.583333333325,3.342891360137,-1.223895066992,-1.311111111100,21.072634306313,3.342891360137,0
0.640000000000,0.600000000000,0.375000000000,20,12,14400,0.109097222222,0.081458333333,0.746658179504,0.031388888889,0.000000000000,1.000000000000,0.000000000000,0.000000000000,0.000000000000,0.060138888889,0.048958333333,0.027638888889,0.001547833093,-0.103333333333,0.168000000000,-0.025333333333,-0.039333333333,0.103188872889,-2.583333333325,3.360000000000,-1.266666666650,-1.311111111100,21.297315844608,3.360000000000,0
0.640000000000,0.600000000000,0.400000000000,20,12,14400,0.108750000000,0.081250000000,0.747126436782,0.032152777778,0.000000000000,0.999145299145,0.000854700855,0.000000000000,1.000000000000,0.060555555556,0.048194444444,0.027500000000,0.001339499760,-0.103333333333,0.167145299145,-0.024478632478,-0.039333333333,0.089299984000,-2.583333333325,3.342905982906,-1.223931623915,-1.311111111100,21.073626974428,3.342905982906,0
0.640000000000,0.600000000000,0.425000000000,20,12,14400,0.105833333333,0.078888888889,0.745406824147,0.029305555556,0.000000000000,0.999119718310,0.000880281690,0.000000000000,1.000000000000,0.058958333333,0.046875000000,0.026944444444,-0.001021611351,-0.103333333333,0.167119718310,-0.024453051643,-0.039333333333,-0.068107423407,-2.583333333325,3.342394366197,-1.222652582143,-1.311111111100,21.063741513649,3.342394366197,0
0.640000000000,0.600000000000,0.450000000000,20,12,14400,0.108819444444,0.082222222222,0.755583918315,0.032083333333,0.000000000000,0.999155405405,0.000844594595,0.000000000000,1.000000000000,0.059513888889,0.049305555556,0.026597222222,0.002311721982,-0.103333333333,0.167155405405,-0.024488738738,-0.039333333333,0.154114798815,-2.583333333325,3.343108108108,-1.224436936920,-1.311111111100,21.091992462925,3.343108108108,0
0.640000000000,0.600000000000,0.475000000000,20,12,14400,0.109236111111,0.082083333333,0.751430387794,0.030972222222,0.000000000000,0.999153976311,0.000846023689,0.000000000000,1.000000000000,0.060763888889,0.048472222222,0.027152777778,0.002172833093,-0.103333333333,0.167153976311,-0.024487309644,-0.039333333333,0.144855539556,-2.583333333325,3.343079526227,-1.224365482217,-1.311111111100,21.088858136778,3.343079526227,0
0.640000000000,0.600000000000,0.500000000000,20,12,14400,0.107638888889,0.082152777778,0.763225806452,0.030763888889,0.000000000000,0.999154691462,0.000845308538,0.000000000000,1.000000000000,0.059513888889,0.048125000000,0.025486111111,0.002242277538,-0.103333333333,0.167154691462,-0.024488024795,-0.039333333333,0.149485169185,-2.583333333325,3.343093829248,-1.224401239769,-1.311111111100,21.090404019626,3.343093829248,0
0.640000000000,0.600000000000,0.525000000000,20,12,14400,0.108194444444,0.080763888889,0.746469833119,0.031666666667,0.000000000000,0.999140154772,0.000859845228,0.000000000000,1.000000000000,0.060416666667,0.047777777778,0.027430555556,0.000853388649,-0.103333333333,0.167140154772,-0.024473488105,-0.039333333333,0.056892576593,-2.583333333325,3.342803095443,-1.223674405257,-1.311111111100,21.067571806973,3.342803095443,0
0.640000000000,0.600000000000,0.550000000000,20,12,14400,0.108541666667,0.082013888889,0.755598208573,0.031250000000,0.000000000000,0.999153259949,0.000846740051,0.000000000000,1.000000000000,0.060138888889,0.048402777778,0.026527777778,0.002103388649,-0.103333333333,0.167153259949,-0.024486593282,-0.039333333333,0.140225909926,-2.583333333325,3.343065198984,-1.224329664110,-1.311111111100,21.087354813609,3.343065198984,0
0.640000000000,0.600000000000,0.575000000000,20,12,14400,0.106527777778,0.080138888889,0.752281616688,0.029722222222,0.000000000000,0.999133448873,0.000866551127,0.000000000000,1.000000000000,0.059305555556,0.047222222222,0.026388888889,0.000228388649,-0.103333333333,0.167133448873,-0.024466782206,-0.039333333333,0.015225909926,-2.583333333325,3.342668977470,-1.223339110324,-1.311111111100,21.062849756838,3.342668977470,0
0.640000000000,0.600000000000,0.600000000000,20,12,14400,0.108680555556,0.081388888889,0.748881789137,0.029930555556,0.000000000000,0.999146757679,0.000853242321,0.000000000000,1.000000000000,0.060347222222,0.048333333333,0.027291666667,0.001478388649,-0.103333333333,0.167146757679,-0.024480091012,-0.039333333333,0.098559243259,-2.583333333325,3.342935153584,-1.224004550609,-1.311111111100,21.075739962127,3.342935153584,0
0.640000000000,0.600000000000,0.625000000000,20,12,14400,0.105347222222,0.079861111111,0.758075148319,0.032361111111,0.000000000000,1.000000000000,0.000000000000,0.000000000000,0.000000000000,0.057986111111,0.047361111111,0.025486111111,-0.000049389129,-0.103333333333,0.168000000000,-0.025333333333,-0.039333333333,-0.003292608593,-2.583333333325,3.360000000000,-1.266666666650,-1.311111111100,21.286678742392,3.360000000000,0
0.640000000000,0.600000000000,0.650000000000,20,12,14400,0.110000000000,0.082083333333,0.746212121212,0.034097222222,0.000000000000,0.996615905245,0.000000000000,0.003384094755,0.000000000000,0.061319444444,0.048680555556,0.027916666667,0.002172833093,-0.103333333333,0.164615905245,-0.025333333333,-0.035949238578,0.144855539556,-2.583333333325,3.292318104907,-1.266666666650,-1.198307952612,20.574339136000,3.292318104907,0
0.640000000000,0.600000000000,0.675000000000,20,12,14400,0.105833333333,0.079791666667,0.753937007874,0.031250000000,0.000870322019,0.990426457789,0.000000000000,0.008703220191,1.000000000000,0.058472222222,0.047361111111,0.026041666667,-0.000118833573,-0.102463011314,0.158426457789,-0.025333333333,-0.030630113142,-0.007922238222,-2.561575282846,3.168529155788,-1.266666666650,-1.021003771384,19.248200848207,3.168529155788,0
0.640000000000,0.600000000000,0.700000000000,20,12,14400,0.108958333333,0.082291666667,0.755258126195,0.031180555556,0.000843881857,0.965400843882,0.000000000000,0.033755274262,1.000000000000,0.060347222222,0.048611111111,0.026666666667,0.002381166427,-0.102489451476,0.133400843882,-0.025333333333,-0.005578059071,0.158744428444,-2.562236286911,2.668016877637,-1.266666666650,-0.185935302380,15.347585023958,2.668016877637,0
0.640000000000,0.600000000000,0.725000000000,20,12,14400,0.105763888889,0.079097222222,0.747866053841,0.028333333333,0.000000000000,0.895522388060,0.000000000000,0.104477611940,0.000000000000,0.059027777778,0.046736111111,0.026666666667,-0.000813278018,-0.103333333333,0.063522388060,-0.025333333333,0.065144278607,-0.054218534519,-2.583333333325,1.270447761194,-1.266666666650,2.171475953577,14.610340535840,2.583333333325,0
0.640000000000,0.600000000000,0.750000000000,20,12,14400,0.107291666667,0.080972222222,0.754692556634,0.032083333333,0.000000000000,0.764150943396,0.000000000000,0.235849056604,0.000000000000,0.059375000000,0.047916666667,0.026319444444,0.001061721982,-0.103333333333,-0.067849056604,-0.025333333333,0.196515723271,0.070781465481,-2.583333333325,-1.356981132075,-1.266666666650,6.550524109026,53.033829467063,6.550524109026,0
0.640000000000,0.625000000000,0.350000000000,20,12,14400,0.106597222222,0.079722222222,0.747882736156,0.029652777778,0.000000000000,1.000000000000,0.000000000000,0.000000000000,0.000000000000,0.059722222222,0.046875000000,0.026875000000,-0.000188278018,-0.103333333333,0.168000000000,-0.025333333333,-0.039333333333,-0.012551867852,-2.583333333325,3.360000000000,-1.266666666650,-1.311111111100,21.286825450507,3.360000000000,0
0.640000000000,0.625000000000,0.375000000000,20,12,14400,0.109027777778,0.082708333333,0.758598726115,0.031805555556,0.000000000000,1.000000000000,0.000000000000,0.000000000000,0.000000000000,0.060000000000,0.049027777778,0.026319444444,0.002797833093,-0.103333333333,0.168000000000,-0.025333333333,-0.039333333333,0.186522206222,-2.583333333325,3.360000000000,-1.266666666650,-1.311111111100,21.321458434534,3.360000000000,0
0.640000000000,0.625000000000,0.400000000000,20,12,14400,0.108055555556,0.080902777778,0.748714652956,0.032430555556,0.000000000000,1.000000000000,0.000000000000,0.000000000000,0.000000000000,0.059722222222,0.048333333333,0.027152777778,0.000992277538,-0.103333333333,0.168000000000,-0.025333333333,-0.039333333333,0.066151835852,-2.583333333325,3.360000000000,-1.266666666650,-1.311111111100,21.291043966507,3.360000000000,0
0.640000000000,0.625000000000,0.425000000000,20,12,14400,0.107361111111,0.080416666667,0.749029754204,0.031666666667,0.000000000000,1.000000000000,0.000000000000,0.000000000000,0.000000000000,0.059236111111,0.048125000000,0.026944444444,0.000506166427,-0.103333333333,0.168000000000,-0.025333333333,-0.039333333333,0.033744428444,-2.583333333325,3.360000000000,-1.266666666650,-1.311111111100,21.287806587571,3.360000000000,0
0.640000000000,0.625000000000,0.450000000000,20,12,14400,0.106041666667,0.080208333333,0.756385068762,0.030625000000,0.000000000000,1.000000000000,0.000000000000,0.000000000000,0.000000000000,0.059027777778,0.047013888889,0.025833333333,0.000297833093,-0.103333333333,0.168000000000,-0.025333333333,-0.039333333333,0.019855539556,-2.583333333325,3.360000000000,-1.266666666650,-1.311111111100,21.287062143571,3.360000000000,0
0.640000000000,0.625000000000,0.475000000000,20,12,14400,0.106944444444,0.080138888889,0.749350649351,0.031875000000,0.000000000000,1.000000000000,0.000000000000,0.000000000000,0.000000000000,0.059444444444,0.047500000000,0.026805555556,0.000228388649,-0.103333333333,0.168000000000,-0.025333333333,-0.039333333333,0.015225909926,-2.583333333325,3.360000000000,-1.266666666650,-1.311111111100,21.286899729453,3.360000000000,0
0.640000000000,0.625000000000,0.500000000000,20,12,14400,0.109722222222,0.082638888889,0.753164556962,0.031041666667,0.000000000000,1.000000000000,0.000000000000,0.000000000000,0.000000000000,0.060694444444,0.049027777778,0.027083333333,0.002728388649,-0.103333333333,0.168000000000,-0.025333333333,-0.039333333333,0.181892576593,-2.583333333325,3.360000000000,-1.266666666650,-1.311111111100,21.319752810540,3.360000000000,0
0.640000000000,0.625000000000,0.525000000000,20,12,14400,0.107152777778,0.080763888889,0.753726506805,0.029375000000,0.000000000000,1.000000000000,0.000000000000,0.000000000000,0.000000000000,0.059305555556,0.047847222222,0.026388888889,0.000853388649,-0.103333333333,0.168000000000,-0.025333333333,-0.039333333333,0.056892576593,-2.583333333325,3.360000000000,-1.266666666650,-1.311111111100,21.289904666392,3.360000000000,0
0.640000000000,0.625000000000,0.550000000000,20,12,14400,0.106041666667,0.079097222222,0.745907007204,0.030277777778,0.000000000000,1.000000000000,0.000000000000,0.000000000000,0.000000000000,0.059513888889,0.046527777778,0.026944444444,-0.000813278018,-0.103333333333,0.168000000000,-0.025333333333,-0.039333333333,-0.054218534519,-2.583333333325,3.360000000000,-1.266666666650,-1.311111111100,21.289607550605,3.360000000000,0
0.640000000000,0.625000000000,0.575000000000,20,12,14400,0.109444444444,0.081111111111,0.741116751269,0.031597222222,0.000000000000,1.000000000000,0.000000000000,0.000000000000,0.000000000000,0.061666666667,0.047777777778,0.028333333333,0.001200610871,-0.103333333333,0.168000000000,-0.025333333333,-0.039333333333,0.080040724741,-2.583333333325,3.360000000000,-1.266666666650,-1.311111111100,21.293074418737,3.360000000000,0
0.640000000000,0.625000000000,0.600000000000,20,12,14400,0.109375000000,0.081041666667,0.740952380952,0.032222222222,0.000000000000,1.000000000000,0.000000000000,0.000000000000,0.000000000000,0.060972222222,0.048402777778,0.028333333333,0.001131166427,-0.103333333333,0.168000000000,-0.025333333333,-0.039333333333,0.075411095111,-2.583333333325,3.360000000000,-1.266666666650,-1.311111111100,21.292354734386,3.360000000000,0
0.640000000000,0.625000000000,0.625000000000,20,12,14400,0.109375000000,0.083750000000,0.765714285714,0.032638888889,0.000000000000,1.000000000000,0.000000000000,0.000000000000,0.000000000000,0.060416666667,0.048958333333,0.025625000000,0.003839499760,-0.103333333333,0.168000000000,-0.025333333333,-0.039333333333,0.255966650667,-2.583333333325,3.360000000000,-1.266666666650,-1.311111111100,21.352186827374,3.360000000000,0
0.640000000000,0.625000000000,0.650000000000,20,12,14400,0.105763888889,0.079722222222,0.753775443204,0.030555555556,0.000000000000,0.996515679443,0.000000000000,0.003484320557,0.000000000000,0.058194444444,0.047569444444,0.026041666667,-0.000188278018,-0.103333333333,0.164515679443,-0.025333333333,-0.035849012776,-0.012551867852,-2.583333333325,3.290313588850,-1.266666666650,-1.194967092517,20.532322970027,3.290313588850,0
0.640000000000,0.625000000000,0.675000000000,20,12,14400,0.108541666667,0.081944444444,0.754958413308,0.030902777778,0.000000000000,0.992372881356,0.000000000000,0.007627118644,0.000000000000,0.059791666667,0.048750000000,0.026597222222,0.002033944204,-0.103333333333,0.160372881356,-0.025333333333,-0.031706214689,0.135596280296,-2.583333333325,3.207457627119,-1.266666666650,-1.056873822964,19.701208614129,3.207457627119,0
0.640000000000,0.625000000000,0.700000000000,20,12,14400,0.107152777778,0.080486111111,0.751134154245,0.031597222222,0.000000000000,0.964624676445,0.000000000000,0.035375323555,0.000000000000,0.059097222222,0.048055555556,0.026666666667,0.000575610871,-0.103333333333,0.132624676445,-0.025333333333,-0.003958009778,0.038374058074,-2.583333333325,2.652493528904,-1.266666666650,-0.131933659274,15.332656535131,2.652493528904,0
0.640000000000,0.625000000000,0.725000000000,20,12,14400,0.108263888889,0.080486111111,0.743425272611,0.031041666667,0.000000000000,0.893874029336,0.000000000000,0.106125970664,0.000000000000,0.059930555556,0.048333333333,0.027777777778,0.000575610871,-0.103333333333,0.061874029336,-0.025333333333,0.066792637331,0.038374058074,-2.583333333325,1.237480586713,-1.266666666650,2.226421244379,14.767837883716,2.583333333325,0
0.640000000000,0.625000000000,0.750000000000,20,12,14400,0.108888888889,0.081944444444,0.752551020408,0.031527777778,0.000000000000,0.756779661017,0.000000000000,0.243220338983,0.000000000000,0.060833333333,0.048055555556,0.026944444444,0.002033944204,-0.103333333333,-0.075220338983,-0.025333333333,0.203887005650,0.135596280296,-2.583333333325,-1.504406779661,-1.266666666650,6.796233521668,56.748471746439,6.796233521668,0
0.640000000000,0.650000000000,0.350000000000,20,12,14400,0.108472222222,0.080902777778,0.745838668374,0.030555555556,0.000000000000,1.000000000000,0.000000000000,0.000000000000,0.000000000000,0.060208333333,0.048263888889,0.027569444444,0.000992277538,-0.103333333333,0.168000000000,-0.025333333333,-0.039333333333,0.066151835852,-2.583333333325,3.360000000000,-1.266666666650,-1.311111111100,21.291043966507,3.360000000000,0
0.640000000000,0.650000000000,0.375000000000,20,12,14400,0.109722222222,0.083472222222,0.760759493671,0.031597222222,0.000000000000,1.000000000000,0.000000000000,0.000000000000,0.000000000000,0.060625000000,0.049097222222,0.026250000000,0.003561721982,-0.103333333333,0.168000000000,-0.025333333333,-0.039333333333,0.237448132148,-2.583333333325,3.360000000000,-1.266666666650,-1.311111111100,21.343049516581,3.360000000000,0
0.640000000000,0.650000000000,0.400000000000,20,12,14400,0.107500000000,0.080833333333,0.751937984496,0.031875000000,0.000000000000,1.000000000000,0.000000000000,0.000000000000,0.000000000000,0.059513888889,0.047986111111,0.026666666667,0.000922833093,-0.103333333333,0.168000000000,-0.025333333333,-0.039333333333,0.061522206222,-2.583333333325,3.360000000000,-1.266666666650,-1.311111111100,21.290452882979,3.360000000000,0
0.640000000000,0.650000000000,0.425000000000,20,12,14400,0.105763888889,0.080486111111,0.760998030204,0.030833333333,0.000000000000,1.000000000000,0.000000000000,0.000000000000,0.000000000000,0.058263888889,0.047500000000,0.025277777778,0.000575610871,-0.103333333333,0.168000000000,-0.025333333333,-0.039333333333,0.038374058074,-2.583333333325,3.360000000000,-1.266666666650,-1.311111111100,21.288140469453,3.360000000000,0
0.640000000000,0.650000000000,0.450000000000,20,12,14400,0.107361111111,0.081041666667,0.754851228978,0.032291666667,0.000000000000,1.000000000000,0.000000000000,0.000000000000,0.000000000000,0.059444444444,0.047916666667,0.026319444444,0.001131166427,-0.103333333333,0.168000000000,-0.025333333333,-0.039333333333,0.075411095111,-2.583333333325,3.360000000000,-1.266666666650,-1.311111111100,21.292354734386,3.360000000000,0
0.640000000000,0.650000000000,0.475000000000,20,12,14400,0.109166666667,0.081111111111,0.743002544529,0.030833333333,0.000000000000,1.000000000000,0.000000000000,0.000000000000,0.000000000000,0.062083333333,0.047083333333,0.028055555556,0.001200610871,-0.103333333333,0.168000000000,-0.025333333333,-0.039333333333,0.080040724741,-2.583333333325,3.360000000000,-1.266666666650,-1.311111111100,21.293074418737,3.360000000000,0
0.640000000000,0.650000000000,0.500000000000,20,12,14400,0.107777777778,0.081388888889,0.755154639175,0.031805555556,0.000000000000,1.000000000000,0.000000000000,0.000000000000,0.000000000000,0.059027777778,0.048750000000,0.026388888889,0.001478388649,-0.103333333333,0.168000000000,-0.025333333333,-0.039333333333,0.098559243259,-2.583333333325,3.360000000000,-1.266666666650,-1.311111111100,21.296381825552,3.360000000000,0
0.640000000000,0.650000000000,0.525000000000,20,12,14400,0.107152777778,0.081041666667,0.756318859365,0.032013888889,0.000000000000,1.000000000000,0.000000000000,0.000000000000,0.000000000000,0.059166666667,0.047986111111,0.026111111111,0.001131166427,-0.103333333333,0.168000000000,-0.025333333333,-0.039333333333,0.075411095111,-2.583333333325,3.360000000000,-1.266666666650,-1.311111111100,21.292354734386,3.360000000000,0
0.640000000000,0.650000000000,0.550000000000,20,12,14400,0.107569444444,0.081180555556,0.754680438993,0.031944444444,0.000000000000,1.000000000000,0.000000000000,0.000000000000,0.000000000000,0.059513888889,0.048055555556,0.026388888889,0.001270055316,-0.103333333333,0.168000000000,-0.025333333333,-0.039333333333,0.084670354370,-2.583333333325,3.360000000000,-1.266666666650,-1.311111111100,21.293836970029,3.360000000000,0
0.640000000000,0.650000000000,0.575000000000,20,12,14400,0.107430555556,0.080486111111,0.749191984486,0.032708333333,0.000000000000,1.000000000000,0.000000000000,0.000000000000,0.000000000000,0.059375000000,0.048055555556,0.026944444444,0.000575610871,-0.103333333333,0.168000000000,-0.025333333333,-0.039333333333,0.038374058074,-2.583333333325,3.360000000000,-1.266666666650,-1.311111111100,21.288140469453,3.360000000000,0
0.640000000000,0.650000000000,0.600000000000,20,12,14400,0.106875000000,0.080625000000,0.754385964912,0.029375000000,0.000000000000,1.000000000000,0.000000000000,0.000000000000,0.000000000000,0.059444444444,0.047430555556,0.026250000000,0.000714499760,-0.103333333333,0.168000000000,-0.025333333333,-0.039333333333,0.047633317333,-2.583333333325,3.360000000000,-1.266666666650,-1.311111111100,21.288936834040,3.360000000000,0
0.640000000000,0.650000000000,0.625000000000,20,12,14400,0.108958333333,0.082847222222,0.760356915233,0.032430555556,0.000000000000,0.999161777033,0.000000000000,0.000838222967,0.000000000000,0.059444444444,0.049513888889,0.026111111111,0.002936721982,-0.103333333333,0.167161777033,-0.025333333333,-0.038495110366,0.195781465481,-2.583333333325,3.343235540654,-1.266666666650,-1.283170345523,21.140135953617,3.343235540654,0
0.640000000000,0.650000000000,0.650000000000,20,12,14400,0.108333333333,0.081597222222,0.753205128205,0.029930555556,0.000000000000,0.996595744681,0.000000000000,0.003404255319,0.000000000000,0.060208333333,0.048125000000,0.026736111111,0.001686721982,-0.103333333333,0.164595744681,-0.025333333333,-0.035929078014,0.112448132148,-2.583333333325,3.291914893617,-1.266666666650,-1.197635933795,20.561735634629,3.291914893617,0
0.640000000000,0.650000000000,0.675000000000,20,12,14400,0.108958333333,0.081319444444,0.746335245379,0.030069444444,0.000000000000,0.990606319385,0.000000000000,0.009393680615,0.000000000000,0.060416666667,0.048541666667,0.027638888889,0.001408944204,-0.103333333333,0.158606319385,-0.025333333333,-0.029939652718,0.093929613630,-2.583333333325,3.172126387703,-1.266666666650,-0.997988423938,19.345245041662,3.172126387703,0
0.640000000000,0.650000000000,0.700000000000,20,12,14400,0.108958333333,0.081666666667,0.749521988528,0.031597222222,0.000000000000,0.961734693878,0.000000000000,0.038265306122,0.000000000000,0.060000000000,0.048958333333,0.027291666667,0.001756166427,-0.103333333333,0.129734693878,-0.025333333333,-0.001068027211,0.117077761778,-2.583333333325,2.594693877551,-1.266666666650,-0.035600907018,15.025466500554,2.594693877551,0
0.640000000000,0.650000000000,0.725000000000,20,12,14400,0.105972222222,0.080069444444,0.755570117955,0.031736111111,0.000000000000,0.898525585429,0.000000000000,0.101474414571,0.000000000000,0.058333333333,0.047638888889,0.025902777778,0.000158944204,-0.103333333333,0.066525585429,-0.025333333333,0.062141081238,0.010596280296,-2.583333333325,1.330511708586,-1.266666666650,2.071369374589,14.339000329299,2.583333333325,0
0.640000000000,0.650000000000,0.750000000000,20,12,14400,0.107361111111,0.081111111111,0.755498059508,0.032222222222,0.000000000000,0.773972602740,0.000000000000,0.226027397260,0.000000000000,0.059166666667,0.048194444444,0.026250000000,0.001200610871,-0.103333333333,-0.058027397260,-0.025333333333,0.186694063927,0.080040724741,-2.583333333325,-1.160547945205,-1.266666666650,6.223135464243,48.358748612521,6.223135464243,0
0.640000000000,0.675000000000,0.350000000000,20,12,14400,0.106180555556,0.079513888889,0.748855461086,0.031319444444,0.000000000000,1.000000000000,0.000000000000,0.000000000000,0.000000000000,0.058958333333,0.047222222222,0.026666666667,-0.000396611351,-0.103333333333,0.168000000000,-0.025333333333,-0.039333333333,-0.026440756741,-2.583333333325,3.360000000000,-1.266666666650,-1.311111111100,21.287367014737,3.360000000000,0
0.640000000000,0.675000000000,0.375000000000,20,12,14400,0.108541666667,0.081250000000,0.748560460653,0.030625000000,0.000000000000,1.000000000000,0.000000000000,0.000000000000,0.000000000000,0.060625000000,0.047916666667,0.027291666667,0.001339499760,-0.103333333333,0.168000000000,-0.025333333333,-0.039333333333,0.089299984000,-2.583333333325,3.360000000000,-1.266666666650,-1.311111111100,21.294642388263,3.360000000000,0
0.640000000000,0.675000000000,0.400000000000,20,12,14400,0.108819444444,0.081666666667,0.750478621570,0.031111111111,0.000000000000,1.000000000000,0.000000000000,0.000000000000,0.000000000000,0.060694444444,0.048125000000,0.027152777778,0.001756166427,-0.103333333333,0.168000000000,-0.025333333333,-0.039333333333,0.117077761778,-2.583333333325,3.360000000000,-1.266666666650,-1.311111111100,21.300375103423,3.360000000000,0
0.640000000000,0.675000000000,0.425000000000,20,12,14400,0.107847222222,0.081875000000,0.759175788796,0.032152777778,0.000000000000,1.000000000000,0.000000000000,0.000000000000,0.000000000000,0.059722222222,0.048125000000,0.025972222222,0.001964499760,-0.103333333333,0.168000000000,-0.025333333333,-0.039333333333,0.130966650667,-2.583333333325,3.360000000000,-1.266666666650,-1.311111111100,21.303820164707,3.360000000000,0
0.640000000000,0.675000000000,0.450000000000,20,12,14400,0.108333333333,0.081458333333,0.751923076923,0.030972222222,0.000000000000,1.000000000000,0.000000000000,0.000000000000,0.000000000000,0.060138888889,0.048194444444,0.026875000000,0.001547833093,-0.103333333333,0.168000000000,-0.025333333333,-0.039333333333,0.103188872889,-2.583333333325,3.360000000000,-1.266666666650,-1.311111111100,21.297315844608,3.360000000000,0
0.640000000000,0.675000000000,0.475000000000,20,12,14400,0.108194444444,0.080763888889,0.746469833119,0.029583333333,0.000000000000,1.000000000000,0.000000000000,0.000000000000,0.000000000000,0.061319444444,0.046875000000,0.027430555556,0.000853388649,-0.103333333333,0.168000000000,-0.025333333333,-0.039333333333,0.056892576593,-2.583333333325,3.360000000000,-1.266666666650,-1.311111111100,21.289904666392,3.360000000000,0
0.640000000000,0.675000000000,0.500000000000,20,12,14400,0.108611111111,0.081666666667,0.751918158568,0.032152777778,0.000000000000,1.000000000000,0.000000000000,0.000000000000,0.000000000000,0.060347222222,0.048263888889,0.026944444444,0.001756166427,-0.103333333333,0.168000000000,-0.025333333333,-0.039333333333,0.117077761778,-2.583333333325,3.360000000000,-1.266666666650,-1.311111111100,21.300375103423,3.360000000000,0
0.640000000000,0.675000000000,0.525000000000,20,12,14400,0.107430555556,0.080833333333,0.752424046542,0.032430555556,0.000000000000,1.000000000000,0.000000000000,0.000000000000,0.000000000000,0.059444444444,0.047986111111,0.026597222222,0.000922833093,-0.103333333333,0.168000000000,-0.025333333333,-0.039333333333,0.061522206222,-2.583333333325,3.360000000000,-1.266666666650,-1.311111111100,21.290452882979,3.360000000000,0
0.640000000000,0.675000000000,0.550000000000,20,12,14400,0.108263888889,0.080833333333,0.746632456703,0.033125000000,0.000000000000,1.000000000000,0.000000000000,0.000000000000,0.000000000000,0.060277777778,0.047986111111,0.027430555556,0.000922833093,-0.103333333333,0.168000000000,-0.025333333333,-0.039333333333,0.061522206222,-2.583333333325,3.360000000000,-1.266666666650,-1.311111111100,21.290452882979,3.360000000000,0
0.640000000000,0.675000000000,0.575000000000,20,12,14400,0.107430555556,0.080694444444,0.751131221719,0.030833333333,0.000000000000,1.000000000000,0.000000000000,0.000000000000,0.000000000000,0.058472222222,0.048958333333,0.026736111111,0.000783944204,-0.103333333333,0.168000000000,-0.025333333333,-0.039333333333,0.052262946963,-2.583333333325,3.360000000000,-1.266666666650,-1.311111111100,21.289399316745,3.360000000000,0
0.640000000000,0.675000000000,0.600000000000,20,12,14400,0.105833333333,0.080069444444,0.756561679790,0.031736111111,0.000000000000,1.000000000000,0.000000000000,0.000000000000,0.000000000000,0.058680555556,0.047152777778,0.025763888889,0.000158944204,-0.103333333333,0.168000000000,-0.025333333333,-0.039333333333,0.010596280296,-2.583333333325,3.360000000000,-1.266666666650,-1.311111111100,21.286780182276,3.360000000000,0
0.640000000000,0.675000000000,0.625000000000,20,12,14400,0.111180555556,0.083680555556,0.752654590881,0.030972222222,0.000000000000,0.999170124481,0.000000000000,0.000829875519,0.000000000000,0.061875000000,0.049305555556,0.027500000000,0.003770055316,-0.103333333333,0.167170124481,-0.025333333333,-0.038503457814,0.251337021037,-2.583333333325,3.343402489627,-1.266666666650,-1.283448593811,21.166806354210,3.343402489627,0
0.640000000000,0.675000000000,0.650000000000,20,12,14400,0.108125000000,0.081666666667,0.755298651252,0.031944444444,0.000000000000,0.997448979592,0.000000000000,0.002551020408,0.000000000000,0.059930555556,0.048194444444,0.026458333333,0.001756166427,-0.103333333333,0.165448979592,-0.025333333333,-0.036782312925,0.117077761778,-2.583333333325,3.308979591837,-1.266666666650,-1.226077097495,20.744373745966,3.308979591837,0
0.640000000000,0.675000000000,0.675000000000,20,12,14400,0.107708333333,0.080972222222,0.751773049645,0.034027777778,0.000000000000,0.992281303602,0.000000000000,0.007718696398,0.000000000000,0.059930555556,0.047777777778,0.026736111111,0.001061721982,-0.103333333333,0.160281303602,-0.025333333333,-0.031614636935,0.070781465481,-2.583333333325,3.205626072041,-1.266666666650,-1.053821231169,19.669643272338,3.205626072041,0
0.640000000000,0.675000000000,0.700000000000,20,12,14400,0.111875000000,0.083402777778,0.745499689634,0.032291666667,0.000000000000,0.962531223980,0.000000000000,0.037468776020,0.000000000000,0.062430555556,0.049444444444,0.028472222222,0.003492277538,-0.103333333333,0.130531223980,-0.025333333333,-0.001864557313,0.232818502519,-2.583333333325,2.610624479600,-1.266666666650,-0.062151910434,15.151483044044,2.610624479600,0
0.640000000000,0.675000000000,0.725000000000,20,12,14400,0.108819444444,0.081041666667,0.744735162731,0.031250000000,0.000000000000,0.887746358183,0.000000000000,0.112253641817,0.000000000000,0.061111111111,0.047708333333,0.027777777778,0.001131166427,-0.103333333333,0.055746358183,-0.025333333333,0.072920308484,0.075411095111,-2.583333333325,1.114927163668,-1.266666666650,2.430676949454,15.434995401627,2.583333333325,0
0.640000000000,0.675000000000,0.750000000000,20,12,14400,0.107500000000,0.080625000000,0.750000000000,0.029861111111,0.000000000000,0.769164513351,0.000000000000,0.230835486649,0.000000000000,0.059652777778,0.047847222222,0.026875000000,0.000714499760,-0.103333333333,-0.062835486649,-0.025333333333,0.191502153316,0.047633317333,-2.583333333325,-1.256709732989,-1.266666666650,6.383405110548,50.607504646750,6.383405110548,0
0.640000000000,0.700000000000,0.350000000000,20,12,14400,0.109444444444,0.082916666667,0.757614213198,0.032361111111,0.000000000000,1.000000000000,0.000000000000,0.000000000000,0.000000000000,0.060833333333,0.048611111111,0.026527777778,0.003006166427,-0.103333333333,0.168000000000,-0.025333333333,-0.039333333333,0.200411095111,-2.583333333325,3.360000000000,-1.266666666650,-1.311111111100,21.326832508164,3.360000000000,0
0.640000000000,0.700000000000,0.375000000000,20,12,14400,0.107916666667,0.081458333333,0.754826254826,0.031180555556,0.000000000000,1.000000000000,0.000000000000,0.000000000000,0.000000000000,0.060416666667,0.047500000000,0.026458333333,0.001547833093,-0.103333333333,0.168000000000,-0.025333333333,-0.039333333333,0.103188872889,-2.583333333325,3.360000000000,-1.266666666650,-1.311111111100,21.297315844608,3.360000000000,0
0.640000000000,0.700000000000,0.400000000000,20,12,14400,0.107916666667,0.081319444444,0.753539253539,0.033611111111,0.000000000000,1.000000000000,0.000000000000,0.000000000000,0.000000000000,0.059444444444,0.048472222222,0.026597222222,0.001408944204,-0.103333333333,0.168000000000,-0.025333333333,-0.039333333333,0.093929613630,-2.583333333325,3.360000000000,-1.266666666650,-1.311111111100,21.295490673437,3.360000000000,0
0.640000000000,0.700000000000,0.425000000000,20,12,14400,0.105972222222,0.080347222222,0.758191349934,0.030000000000,0.000000000000,1.000000000000,0.000000000000,0.000000000000,0.000000000000,0.058888888889,0.047083333333,0.025625000000,0.000436721982,-0.103333333333,0.168000000000,-0.025333333333,-0.039333333333,0.029114798815,-2.583333333325,3.360000000000,-1.266666666650,-1.311111111100,21.287515572630,3.360000000000,0
0.640000000000,0.700000000000,0.450000000000,20,12,14400,0.104722222222,0.078888888889,0.753315649867,0.030486111111,0.000000000000,1.000000000000,0.000000000000,0.000000000000,0.000000000000,0.058402777778,0.046319444444,0.025833333333,-0.001021611351,-0.103333333333,0.168000000000,-0.025333333333,-0.039333333333,-0.068107423407,-2.583333333325,3.360000000000,-1.266666666650,-1.311111111100,21.291306522243,3.360000000000,0
0.640000000000,0.700000000000,0.475000000000,20,12,14400,0.105763888889,0.080208333333,0.758371634931,0.031250000000,0.000000000000,1.000000000000,0.000000000000,0.000000000000,0.000000000000,0.057847222222,0.047916666667,0.025555555556,0.000297833093,-0.103333333333,0.168000000000,-0.025333333333,-0.039333333333,0.019855539556,-2.583333333325,3.360000000000,-1.266666666650,-1.311111111100,21.287062143571,3.360000000000,0
0.640000000000,0.700000000000,0.500000000000,20,12,14400,0.107291666667,0.081180555556,0.756634304207,0.033055555556,0.000000000000,1.000000000000,0.000000000000,0.000000000000,0.000000000000,0.059305555556,0.047986111111,0.026111111111,0.001270055316,-0.103333333333,0.168000000000,-0.025333333333,-0.039333333333,0.084670354370,-2.583333333325,3.360000000000,-1.266666666650,-1.311111111100,21.293836970029,3.360000000000,0
0.640000000000,0.700000000000,0.525000000000,20,12,14400,0.106944444444,0.081180555556,0.759090909091,0.034097222222,0.000000000000,1.000000000000,0.000000000000,0.000000000000,0.000000000000,0.059375000000,0.047569444444,0.025763888889,0.001270055316,-0.103333333333,0.168000000000,-0.025333333333,-0.039333333333,0.084670354370,-2.583333333325,3.360000000000,-1.266666666650,-1.311111111100,21.293836970029,3.360000000000,0
0.640000000000,0.700000000000,0.550000000000,20,12,14400,0.107986111111,0.081319444444,0.753054662379,0.031319444444,0.000000000000,1.000000000000,0.000000000000,0.000000000000,0.000000000000,0.060138888889,0.047847222222,0.026666666667,0.001408944204,-0.103333333333,0.168000000000,-0.025333333333,-0.039333333333,0.093929613630,-2.583333333325,3.360000000000,-1.266666666650,-1.311111111100,21.295490673437,3.360000000000,0
0.640000000000,0.700000000000,0.575000000000,20,12,14400,0.108125000000,0.081041666667,0.749518304432,0.032222222222,0.000000000000,1.000000000000,0.000000000000,0.000000000000,0.000000000000,0.060486111111,0.047638888889,0.027083333333,0.001131166427,-0.103333333333,0.168000000000,-0.025333333333,-0.039333333333,0.075411095111,-2.583333333325,3.360000000000,-1.266666666650,-1.311111111100,21.292354734386,3.360000000000,0
0.640000000000,0.700000000000,0.600000000000,20,12,14400,0.107013888889,0.081597222222,0.762491888384,0.032638888889,0.000000000000,1.000000000000,0.000000000000,0.000000000000,0.000000000000,0.058888888889,0.048125000000,0.025416666667,0.001686721982,-0.103333333333,0.168000000000,-0.025333333333,-0.039333333333,0.112448132148,-2.583333333325,3.360000000000,-1.266666666650,-1.311111111100,21.299312483544,3.360000000000,0
0.640000000000,0.700000000000,0.625000000000,20,12,14400,0.105625000000,0.079375000000,0.751479289941,0.031250000000,0.000000000000,1.000000000000,0.000000000000,0.000000000000,0.000000000000,0.058402777778,0.047222222222,0.026250000000,-0.000535500240,-0.103333333333,0.168000000000,-0.025333333333,-0.039333333333,-0.035700016000,-2.583333333325,3.360000000000,-1.266666666650,-1.311111111100,21.287942392263,3.360000000000,0
0.640000000000,0.700000000000,0.650000000000,20,12,14400,0.108333333333,0.081250000000,0.750000000000,0.032569444444,0.000000000000,0.996581196581,0.000000000000,0.003418803419,0.000000000000,0.060069444444,0.048263888889,0.027083333333,0.001339499760,-0.103333333333,0.164581196581,-0.025333333333,-0.035914529914,0.089299984000,-2.583333333325,3.291623931624,-1.266666666650,-1.197150997140,20.553988659805,3.291623931624,0
0.640000000000,0.700000000000,0.675000000000,20,12,14400,0.105555555556,0.078680555556,0.745394736842,0.031597222222,0.000000000000,0.993821712268,0.000000000000,0.006178287732,0.000000000000,0.058263888889,0.047291666667,0.026875000000,-0.001229944684,-0.103333333333,0.161821712268,-0.025333333333,-0.033155045601,-0.081996312296,-2.583333333325,3.236434245366,-1.266666666650,-1.105168186710,19.980682296197,3.236434245366,0
0.640000000000,0.700000000000,0.700000000000,20,12,14400,0.107847222222,0.080833333333,0.749517063748,0.031388888889,0.000000000000,0.963058419244,0.000000000000,0.036941580756,0.000000000000,0.060138888889,0.047708333333,0.027013888889,0.000922833093,-0.103333333333,0.131058419244,-0.025333333333,-0.002391752577,0.061522206222,-2.583333333325,2.621168384880,-1.266666666650,-0.079725085899,15.158720328543,2.621168384880,0
0.640000000000,0.700000000000,0.725000000000,20,12,14400,0.106527777778,0.079583333333,0.747066492829,0.031736111111,0.000000000000,0.895287958115,0.000000000000,0.104712041885,0.000000000000,0.059444444444,0.047083333333,0.026944444444,-0.000327166907,-0.103333333333,0.063287958115,-0.025333333333,0.065378708552,-0.021811127111,-2.583333333325,1.265759162304,-1.266666666650,2.179290285061,14.629983684251,2.583333333325,0
0.640000000000,0.700000000000,0.750000000000,20,12,14400,0.107569444444,0.081250000000,0.755326016785,0.030902777778,0.000000000000,0.776068376068,0.000000000000,0.223931623932,0.000000000000,0.060000000000,0.047569444444,0.026319444444,0.001339499760,-0.103333333333,-0.055931623932,-0.025333333333,0.184598290599,0.089299984000,-2.583333333325,-1.118632478632,-1.266666666650,6.153276353288,47.400178544791,6.153276353288,0
0.640000000000,0.725000000000,0.350000000000,20,12,14400,0.110555555556,0.082569444444,0.746859296482,0.030555555556,0.000000000000,1.000000000000,0.000000000000,0.000000000000,0.000000000000,0.061250000000,0.049305555556,0.027986111111,0.002658944204,-0.103333333333,0.168000000000,-0.025333333333,-0.039333333333,0.177262946963,-2.583333333325,3.360000000000,-1.266666666650,-1.311111111100,21.318090053486,3.360000000000,0
0.640000000000,0.725000000000,0.375000000000,20,12,14400,0.104444444444,0.079166666667,0.757978723404,0.032291666667,0.000000000000,1.000000000000,0.000000000000,0.000000000000,0.000000000000,0.057291666667,0.047152777778,0.025277777778,-0.000743833573,-0.103333333333,0.168000000000,-0.025333333333,-0.039333333333,-0.049588904889,-2.583333333325,3.360000000000,-1.266666666650,-1.311111111100,21.289126960608,3.360000000000,0
0.640000000000,0.725000000000,0.400000000000,20,12,14400,0.107569444444,0.080902777778,0.752098127824,0.031111111111,0.000000000000,1.000000000000,0.000000000000,0.000000000000,0.000000000000,0.060138888889,0.047430555556,0.026666666667,0.000992277538,-0.103333333333,0.168000000000,-0.025333333333,-0.039333333333,0.066151835852,-2.583333333325,3.360000000000,-1.266666666650,-1.311111111100,21.291043966507,3.360000000000,0
0.640000000000,0.725000000000,0.425000000000,20,12,14400,0.108055555556,0.080069444444,0.741002570694,0.030902777778,0.000000000000,1.000000000000,0.000000000000,0.000000000000,0.000000000000,0.060416666667,0.047638888889,0.027986111111,0.000158944204,-0.103333333333,0.168000000000,-0.025333333333,-0.039333333333,0.010596280296,-2.583333333325,3.360000000000,-1.266666666650,-1.311111111100,21.286780182276,3.360000000000,0
0.640000000000,0.725000000000,0.450000000000,20,12,14400,0.106041666667,0.080208333333,0.756385068762,0.030763888889,0.000000000000,1.000000000000,0.000000000000,0.000000000000,0.000000000000,0.058333333333,0.047708333333,0.025833333333,0.000297833093,-0.103333333333,0.168000000000,-0.025333333333,-0.039333333333,0.019855539556,-2.583333333325,3.360000000000,-1.266666666650,-1.311111111100,21.287062143571,3.360000000000,0
0.640000000000,0.725000000000,0.475000000000,20,12,14400,0.109236111111,0.081250000000,0.743801652893,0.029652777778,0.000000000000,1.000000000000,0.000000000000,0.000000000000,0.000000000000,0.061666666667,0.047569444444,0.027986111111,0.001339499760,-0.103333333333,0.168000000000,-0.025333333333,-0.039333333333,0.089299984000,-2.583333333325,3.360000000000,-1.266666666650,-1.311111111100,21.294642388263,3.360000000000,0
0.640000000000,0.725000000000,0.500000000000,20,12,14400,0.109652777778,0.082569444444,0.753008233059,0.030347222222,0.000000000000,1.000000000000,0.000000000000,0.000000000000,0.000000000000,0.061180555556,0.048472222222,0.027083333333,0.002658944204,-0.103333333333,0.168000000000,-0.025333333333,-0.039333333333,0.177262946963,-2.583333333325,3.360000000000,-1.266666666650,-1.311111111100,21.318090053486,3.360000000000,0
0.640000000000,0.725000000000,0.525000000000,20,12,14400,0.108680555556,0.081527777778,0.750159744409,0.031736111111,0.000000000000,1.000000000000,0.000000000000,0.000000000000,0.000000000000,0.060138888889,0.048541666667,0.027152777778,0.001617277538,-0.103333333333,0.168000000000,-0.025333333333,-0.039333333333,0.107818502519,-2.583333333325,3.360000000000,-1.266666666650,-1.311111111100,21.298292730605,3.360000000000,0
0.640000000000,0.725000000000,0.550000000000,20,12,14400,0.108194444444,0.081736111111,0.755455712452,0.030416666667,0.000000000000,1.000000000000,0.000000000000,0.000000000000,0.000000000000,0.060625000000,0.047569444444,0.026458333333,0.001825610871,-0.103333333333,0.168000000000,-0.025333333333,-0.039333333333,0.121707391407,-2.583333333325,3.360000000000,-1.266666666650,-1.311111111100,21.301480590243,3.360000000000,0
0.640000000000,0.725000000000,0.575000000000,20,12,14400,0.106944444444,0.081458333333,0.761688311688,0.031875000000,0.000000000000,1.000000000000,0.000000000000,0.000000000000,0.000000000000,0.059027777778,0.047916666667,0.025486111111,0.001547833093,-0.103333333333,0.168000000000,-0.025333333333,-0.039333333333,0.103188872889,-2.583333333325,3.360000000000,-1.266666666650,-1.311111111100,21.297315844608,3.360000000000,0
0.640000000000,0.725000000000,0.600000000000,20,12,14400,0.107916666667,0.081805555556,0.758043758044,0.031527777778,0.000000000000,1.000000000000,0.000000000000,0.000000000000,0.000000000000,0.059652777778,0.048263888889,0.026111111111,0.001895055316,-0.103333333333,0.168000000000,-0.025333333333,-0.039333333333,0.126337021037,-2.583333333325,3.360000000000,-1.266666666650,-1.311111111100,21.302628944005,3.360000000000,0
0.640000000000,0.725000000000,0.625000000000,20,12,14400,0.110416666667,0.082708333333,0.749056603774,0.032361111111,0.000000000000,0.999160369437,0.000000000000,0.000839630563,0.000000000000,0.061319444444,0.049097222222,0.027708333333,0.002797833093,-0.103333333333,0.167160369437,-0.025333333333,-0.038493702770,0.186522206222,-2.583333333325,3.343207388749,-1.266666666650,-1.283123425682,21.136287458603,3.343207388749,0
0.640000000000,0.725000000000,0.650000000000,20,12,14400,0.107777777778,0.080347222222,0.745489690722,0.030069444444,0.000000000000,0.996542783060,0.000000000000,0.003457216940,0.000000000000,0.060208333333,0.047569444444,0.027430555556,0.000436721982,-0.103333333333,0.164542783060,-0.025333333333,-0.035876116393,0.029114798815,-2.583333333325,3.290855661193,-1.266666666650,-1.195870546421,20.538740573582,3.290855661193,0
0.640000000000,0.725000000000,0.675000000000,20,12,14400,0.107500000000,0.081250000000,0.755813953488,0.031180555556,0.000000000000,0.988888888889,0.000000000000,0.011111111111,0.000000000000,0.060069444444,0.047430555556,0.026250000000,0.001339499760,-0.103333333333,0.156888888889,-0.025333333333,-0.028222222222,0.089299984000,-2.583333333325,3.137777777778,-1.266666666650,-0.940740740730,19.016672566597,3.137777777778,0
0.640000000000,0.725000000000,0.700000000000,20,12,14400,0.106736111111,0.079930555556,0.748861418347,0.031111111111,0.000000000000,0.966116420504,0.000000000000,0.033883579496,0.000000000000,0.060277777778,0.046458333333,0.026805555556,0.000020055316,-0.103333333333,0.134116420504,-0.025333333333,-0.005449753837,0.001337021037,-2.583333333325,2.682328410078,-1.266666666650,-0.181658461230,15.505942839145,2.682328410078,0
0.640000000000,0.725000000000,0.725000000000,20,12,14400,0.110000000000,0.082777777778,0.752525252525,0.031319444444,0.000000000000,0.889261744966,0.000000000000,0.110738255034,0.000000000000,0.060486111111,0.049513888889,0.027222222222,0.002867277538,-0.103333333333,0.057261744966,-0.025333333333,0.071404921701,0.191151835852,-2.583333333325,1.145234899329,-1.266666666650,2.380164056685,15.291338491197,2.583333333325,0
0.640000000000,0.725000000000,0.750000000000,20,12,14400,0.105138888889,0.078888888889,0.750330250991,0.030347222222,0.000000000000,0.768485915493,0.000000000000,0.231514084507,0.000000000000,0.058680555556,0.046458333333,0.026250000000,-0.001021611351,-0.103333333333,-0.063514084507,-0.025333333333,0.192180751174,-0.068107423407,-2.583333333325,-1.270281690141,-1.266666666650,6.406025039135,50.933466550922,6.406025039135,0
0.640000000000,0.750000000000,0.350000000000,20,12,14400,0.108680555556,0.081944444444,0.753993610224,0.030972222222,0.000000000000,1.000000000000,0.000000000000,0.000000000000,0.000000000000,0.060486111111,0.048194444444,0.026736111111,0.002033944204,-0.103333333333,0.168000000000,-0.025333333333,-0.039333333333,0.135596280296,-2.583333333325,3.360000000000,-1.266666666650,-1.311111111100,21.305054252350,3.360000000000,0
0.640000000000,0.750000000000,0.375000000000,20,12,14400,0.108333333333,0.081527777778,0.752564102564,0.033402777778,0.000000000000,1.000000000000,0.000000000000,0.000000000000,0.000000000000,0.059444444444,0.048888888889,0.026805555556,0.001617277538,-0.103333333333,0.168000000000,-0.025333333333,-0.039333333333,0.107818502519,-2.583333333325,3.360000000000,-1.266666666650,-1.311111111100,21.298292730605,3.360000000000,0
0.640000000000,0.750000000000,0.400000000000,20,12,14400,0.107777777778,0.081944444444,0.760309278351,0.031388888889,0.000000000000,1.000000000000,0.000000000000,0.000000000000,0.000000000000,0.059236111111,0.048541666667,0.025833333333,0.002033944204,-0.103333333333,0.168000000000,-0.025333333333,-0.039333333333,0.135596280296,-2.583333333325,3.360000000000,-1.266666666650,-1.311111111100,21.305054252350,3.360000000000,0
0.640000000000,0.750000000000,0.425000000000,20,12,14400,0.106875000000,0.080833333333,0.756335282651,0.031736111111,0.000000000000,1.000000000000,0.000000000000,0.000000000000,0.000000000000,0.059236111111,0.047638888889,0.026041666667,0.000922833093,-0.103333333333,0.168000000000,-0.025333333333,-0.039333333333,0.061522206222,-2.583333333325,3.360000000000,-1.266666666650,-1.311111111100,21.290452882979,3.360000000000,0
0.640000000000,0.750000000000,0.450000000000,20,12,14400,0.105763888889,0.079722222222,0.753775443204,0.033402777778,0.000000000000,1.000000000000,0.000000000000,0.000000000000,0.000000000000,0.058194444444,0.047569444444,0.026041666667,-0.000188278018,-0.103333333333,0.168000000000,-0.025333333333,-0.039333333333,-0.012551867852,-2.583333333325,3.360000000000,-1.266666666650,-1.311111111100,21.286825450507,3.360000000000,0
0.640000000000,0.750000000000,0.475000000000,20,12,14400,0.107708333333,0.080625000000,0.748549323017,0.031319444444,0.000000000000,1.000000000000,0.000000000000,0.000000000000,0.000000000000,0.059444444444,0.048263888889,0.027083333333,0.000714499760,-0.103333333333,0.168000000000,-0.025333333333,-0.039333333333,0.047633317333,-2.583333333325,3.360000000000,-1.266666666650,-1.311111111100,21.288936834040,3.360000000000,0
0.640000000000,0.750000000000,0.500000000000,20,12,14400,0.108125000000,0.080902777778,0.748233782916,0.032013888889,0.000000000000,1.000000000000,0.000000000000,0.000000000000,0.000000000000,0.059791666667,0.048333333333,0.027222222222,0.000992277538,-0.103333333333,0.168000000000,-0.025333333333,-0.039333333333,0.066151835852,-2.583333333325,3.360000000000,-1.266666666650,-1.311111111100,21.291043966507,3.360000000000,0
0.640000000000,0.750000000000,0.525000000000,20,12,14400,0.107222222222,0.080972222222,0.755181347150,0.031597222222,0.000000000000,1.000000000000,0.000000000000,0.000000000000,0.000000000000,0.059027777778,0.048194444444,0.026250000000,0.001061721982,-0.103333333333,0.168000000000,-0.025333333333,-0.039333333333,0.070781465481,-2.583333333325,3.360000000000,-1.266666666650,-1.311111111100,21.291677916976,3.360000000000,0
0.640000000000,0.750000000000,0.550000000000,20,12,14400,0.108402777778,0.081666666667,0.753363228700,0.031805555556,0.000000000000,1.000000000000,0.000000000000,0.000000000000,0.000000000000,0.060277777778,0.048125000000,0.026736111111,0.001756166427,-0.103333333333,0.168000000000,-0.025333333333,-0.039333333333,0.117077761778,-2.583333333325,3.360000000000,-1.266666666650,-1.311111111100,21.300375103423,3.360000000000,0
0.640000000000,0.750000000000,0.575000000000,20,12,14400,0.108958333333,0.081319444444,0.746335245379,0.030972222222,0.000000000000,1.000000000000,0.000000000000,0.000000000000,0.000000000000,0.060625000000,0.048333333333,0.027638888889,0.001408944204,-0.103333333333,0.168000000000,-0.025333333333,-0.039333333333,0.093929613630,-2.583333333325,3.360000000000,-1.266666666650,-1.311111111100,21.295490673437,3.360000000000,0
0.640000000000,0.750000000000,0.600000000000,20,12,14400,0.109652777778,0.082638888889,0.753641545282,0.030555555556,0.000000000000,1.000000000000,0.000000000000,0.000000000000,0.000000000000,0.061180555556,0.048472222222,0.027013888889,0.002728388649,-0.103333333333,0.168000000000,-0.025333333333,-0.039333333333,0.181892576593,-2.583333333325,3.360000000000,-1.266666666650,-1.311111111100,21.319752810540,3.360000000000,0
0.640000000000,0.750000000000,0.625000000000,20,12,14400,0.106736111111,0.080208333333,0.751463890696,0.031944444444,0.000000000000,1.000000000000,0.000000000000,0.000000000000,0.000000000000,0.060000000000,0.046736111111,0.026527777778,0.000297833093,-0.103333333333,0.168000000000,-0.025333333333,-0.039333333333,0.019855539556,-2.583333333325,3.360000000000,-1.266666666650,-1.311111111100,21.287062143571,3.360000000000,0
0.640000000000,0.750000000000,0.650000000000,20,12,14400,0.107500000000,0.080555555556,0.749354005168,0.030555555556,0.000000000000,0.997413793103,0.000000000000,0.002586206897,0.000000000000,0.060347222222,0.047152777778,0.026944444444,0.000645055316,-0.103333333333,0.165413793103,-0.025333333333,-0.036747126436,0.043003687704,-2.583333333325,3.308275862069,-1.266666666650,-1.224904214548,20.724984386993,3.308275862069,0
0.640000000000,0.750000000000,0.675000000000,20,12,14400,0.105694444444,0.079722222222,0.754270696452,0.031527777778,0.000000000000,0.990418118467,0.000000000000,0.009581881533,0.000000000000,0.058263888889,0.047430555556,0.025972222222,-0.000188278018,-0.103333333333,0.158418118467,-0.025333333333,-0.029751451800,-0.012551867852,-2.583333333325,3.168362369338,-1.266666666650,-0.991715059997,19.300231968518,3.168362369338,0
0.640000000000,0.750000000000,0.700000000000,20,12,14400,0.106180555556,0.081250000000,0.765206017005,0.028680555556,0.000000000000,0.961538461538,0.000000000000,0.038461538462,0.000000000000,0.058333333333,0.047847222222,0.024930555556,0.001339499760,-0.103333333333,0.129538461538,-0.025333333333,-0.000871794871,0.089299984000,-2.583333333325,2.590769230769,-1.266666666650,-0.029059829049,14.998959723377,2.590769230769,0
0.640000000000,0.750000000000,0.725000000000,20,12,14400,0.109375000000,0.082152777778,0.751111111111,0.033611111111,0.000000000000,0.888419273035,0.000000000000,0.111580726965,0.000000000000,0.060694444444,0.048680555556,0.027222222222,0.002242277538,-0.103333333333,0.056419273035,-0.025333333333,0.072247393632,0.149485169185,-2.583333333325,1.128385460693,-1.266666666650,2.408246454411,15.373306104365,2.583333333325,0
0.640000000000,0.750000000000,0.750000000000,20,12,14400,0.109791666667,0.082152777778,0.748260594560,0.030902777778,0.000000000000,0.764158918005,0.000000000000,0.235841081995,0.000000000000,0.061111111111,0.048680555556,0.027638888889,0.002242277538,-0.103333333333,-0.067841081995,-0.025333333333,0.196507748662,0.149485169185,-2.583333333325,-1.356821639899,-1.266666666650,6.550258288731,53.047249982863,6.550258288731,0
0.660000000000,0.350000000000,0.350000000000,20,12,14400,0.108958333333,0.073263888889,0.672402804334,0.028125000000,0.000000000000,0.109952606635,0.890047393365,0.000000000000,1.000000000000,0.060277777778,0.048680555556,0.035694444444,-0.006646611351,-0.103333333333,-0.722047393365,0.864714060032,-0.039333333333,-0.443107423407,-2.583333333325,-14.440947867299,43.235703001596,-1.311111111100,2086.455956993685,43.235703001596,0
0.660000000000,0.350000000000,0.375000000000,20,12,14400,0.109791666667,0.074027777778,0.674256799494,0.028680555556,0.000000000000,0.096622889306,0.903377110694,0.000000000000,1.000000000000,0.061111111111,0.048680555556,0.035763888889,-0.005882722462,-0.103333333333,-0.735377110694,0.878043777361,-0.039333333333,-0.392181497481,-2.583333333325,-14.707542213884,43.902188868059,-1.311111111100,2152.260415163601,43.902188868059,0
0.660000000000,0.350000000000,0.400000000000,20,12,14400,0.108055555556,0.072847222222,0.674164524422,0.028888888889,0.000000000000,0.102955195424,0.897044804576,0.000000000000,1.000000000000,0.060347222222,0.047708333333,0.035208333333,-0.007063278018,-0.103333333333,-0.729044804576,0.871711471243,-0.039333333333,-0.470885201185,-2.583333333325,-14.580896091516,43.585573562139,-1.311111111100,2120.919109901635,43.585573562139,0
0.660000000000,0.350000000000,0.425000000000,20,12,14400,0.109444444444,0.074375000000,0.679568527919,0.029722222222,0.000000000000,0.094304388422,0.905695611578,0.000000000000,1.000000000000,0.060833333333,0.048611111111,0.035069444444,-0.005535500240,-0.103333333333,-0.737695611578,0.880362278245,-0.039333333333,-0.369033349333,-2.583333333325,-14.753912231559,44.018113912248,-1.311111111100,2163.801087597844,44.018113912248,0
0.660000000000,0.350000000000,0.450000000000,20,12,14400,0.108750000000,0.074097222222,0.681353767561,0.028819444444,0.000000000000,0.101218369260,0.898781630740,0.000000000000,1.000000000000,0.060208333333,0.048541666667,0.034652777778,-0.005813278018,-0.103333333333,-0.730781630740,0.873448297407,-0.039333333333,-0.387551867852,-2.583333333325,-14.615632614808,43.672414870370,-1.311111111100,2129.439357247716,43.672414870370,0
0.660000000000,0.350000000000,0.475000000000,20,12,14400,0.108611111111,0.073472222222,0.676470588235,0.028194444444,0.000000000000,0.096408317580,0.903591682420,0.000000000000,1.000000000000,0.060069444444,0.048541666667,0.035138888889,-0.006438278018,-0.103333333333,-0.735591682420,0.878258349087,-0.039333333333,-0.429218534519,-2.583333333325,-14.711833648393,43.912917454333,-1.311111111100,2153.359220656163,43.912917454333,0
0.660000000000,0.350000000000,0.500000000000,20,12,14400,0.107638888889,0.072013888889,0.669032258065,0.030347222222,0.000000000000,0.098360655738,0.901639344262,0.000000000000,1.000000000000,0.060555555556,0.047083333333,0.035625000000,-0.007896611351,-0.103333333333,-0.733639344262,0.876306010929,-0.039333333333,-0.526440756741,-2.583333333325,-14.672786885246,43.815300546465,-1.311111111100,2143.741000283957,43.815300546465,0
0.660000000000,0.350000000000,0.525000000000,20,12,14400,0.109097222222,0.073680555556,0.675366008912,0.030486111111,0.000000000000,0.098963242224,0.901036757776,0.000000000000,1.000000000000,0.060625000000,0.048472222222,0.035416666667,-0.006229944684,-0.103333333333,-0.733036757776,0.875703424443,-0.039333333333,-0.415329645630,-2.583333333325,-14.660735155514,43.785171222134,-1.311111111100,2140.643496422974,43.785171222134,0
0.660000000000,0.350000000000,0.550000000000,20,12,14400,0.107986111111,0.072916666667,0.675241157556,0.030000000000,0.000000000000,0.104761904762,0.895238095238,0.000000000000,1.000000000000,0.059722222222,0.048263888889,0.035069444444,-0.006993833573,-0.103333333333,-0.727238095238,0.869904761905,-0.039333333333,-0.466255571556,-2.583333333325,-14.544761904762,43.495238095255,-1.311111111100,2111.995853543843,43.495238095255,0
0.660000000000,0.350000000000,0.575000000000,20,12,14400,0.109861111111,0.074583333333,0.678887484197,0.030208333333,0.000000000000,0.105214152700,0.894785847300,0.000000000000,1.000000000000,0.061111111111,0.048750000000,0.035277777778,-0.005327166907,-0.103333333333,-0.726785847300,0.869452513967,-0.039333333333,-0.355144460444,-2.583333333325,-14.535716945996,43.472625698341,-1.311111111100,2109.675003286657,43.472625698341,0
0.660000000000,0.350000000000,0.600000000000,20,12,14400,0.107916666667,0.073611111111,0.682110682111,0.029583333333,0.000000000000,0.102830188679,0.897169811321,0.000000000000,1.000000000000,0.059722222222,0.048194444444,0.034305555556,-0.006299389129,-0.103333333333,-0.729169811321,0.871836477988,-0.039333333333,-0.419959275259,-2.583333333325,-14.583396226415,43.591823899388,-1.311111111100,2121.491545621449,43.591823899388,0
0.660000000000,0.350000000000,0.625000000000,20,12,14400,0.111041666667,0.075416666667,0.679174484053,0.031180555556,0.000000000000,0.096685082873,0.903314917127,0.000000000000,1.000000000000,0.062222222222,0.048819444444,0.035625000000,-0.004493833573,-0.103333333333,-0.735314917127,0.877981583794,-0.039333333333,-0.299588904889,-2.583333333325,-14.706298342541,43.899079189704,-1.311111111100,2151.886741612363,43.899079189704,0
0.660000000000,0.350000000000,0.650000000000,20,12,14400,0.109513888889,0.074375000000,0.679137603044,0.028333333333,0.001867413632,0.092436974790,0.905695611578,0.000000000000,1.000000000000,0.060763888889,0.048750000000,0.035138888889,-0.005535500240,-0.101465919701,-0.739563025210,0.880362278245,-0.039333333333,-0.369033349333,-2.536647992522,-14.791260504202,44.018113912248,-1.311111111100,2164.665520691343,44.018113912248,0
0.660000000000,0.350000000000,0.675000000000,20,12,14400,0.110902777778,0.075416666667,0.680025046963,0.028125000000,0.003683241252,0.095764272560,0.900552486188,0.000000000000,1.000000000000,0.061458333333,0.049444444444,0.035486111111,-0.004493833573,-0.099650092081,-0.736235727440,0.875219152855,-0.039333333333,-0.299588904889,-2.491252302017,-14.724714548803,43.760957642742,-1.311111111100,2139.853736243499,43.760957642742,0
0.660000000000,0.350000000000,0.700000000000,20,12,14400,0.110416666667,0.074027777778,0.670440251572,0.029513888889,0.018761726079,0.100375234522,0.880863039400,0.000000000000,1.000000000000,0.061875000000,0.048541666667,0.036388888889,-0.005882722462,-0.084571607254,-0.731624765478,0.855529706067,-0.039333333333,-0.392181497481,-2.114290181355,-14.632495309568,42.776485303331,-1.311111111100,2050.280655534254,42.776485303331,0
0.660000000000,0.350000000000,0.725000000000,20,12,14400,0.108750000000,0.073819444444,0.678799489144,0.029097222222,0.070555032926,0.098777046096,0.830667920978,0.000000000000,1.000000000000,0.060833333333,0.047916666667,0.034930555556,-0.006091055796,-0.032778300407,-0.733222953904,0.805334587645,-0.039333333333,-0.406070386370,-0.819457510183,-14.664459078081,40.266729382268,-1.311111111100,1839.011271312864,40.266729382268,0
0.660000000000,0.350000000000,0.750000000000,20,12,14400,0.107916666667,0.071527777778,0.662805662806,0.026736111111,0.180582524272,0.093203883495,0.726213592233,0.000000000000,1.000000000000,0.061388888889,0.046527777778,0.036388888889,-0.008382722462,0.077249190939,-0.738796116505,0.700880258900,-0.039333333333,-0.558848164148,1.931229773471,-14.775922330097,35.044012945000,-1.311111111100,1452.171696048579,35.044012945000,0
0.660000000000,0.375000000000,0.350000000000,20,12,14400,0.109375000000,0.073750000000,0.674285714286,0.029513888889,0.000000000000,0.221280602637,0.778719397363,0.000000000000,1.000000000000,0.061111111111,0.048263888889,0.035625000000,-0.006160500240,-0.103333333333,-0.610719397363,0.753386064030,-0.039333333333,-0.410700016000,-2.583333333325,-12.214387947269,37.669303201523,-1.311111111100,1576.728974574538,37.669303201523,0
0.660000000000,0.375000000000,0.375000000000,20,12,14400,0.108958333333,0.074513888889,0.683875079669,0.030902777778,0.000000000000,0.231127679404,0.768872320596,0.000000000000,1.000000000000,0.060138888889,0.048819444444,0.034444444444,-0.005396611351,-0.103333333333,-0.600872320596,0.743538987263,-0.039333333333,-0.359774090074,-2.583333333325,-12.017446411929,37.176949363173,-1.311111111100,1535.066643068119,37.176949363173,0
0.660000000000,0.375000000000,0.400000000000,20,12,14400,0.108263888889,0.073541666667,0.679281590763,0.028611111111,0.000000000000,0.232294617564,0.767705382436,0.000000000000,1.000000000000,0.060138888889,0.048125000000,0.034722222222,-0.006368833573,-0.103333333333,-0.599705382436,0.742372049103,-0.039333333333,-0.424588904889,-2.583333333325,-11.994107648725,37.118602455163,-1.311111111100,1530.222165708513,37.118602455163,0
0.660000000000,0.375000000000,0.425000000000,20,12,14400,0.108819444444,0.073402777778,0.674537332482,0.031805555556,0.000000000000,0.228949858089,0.771050141911,0.000000000000,1.000000000000,0.060625000000,0.048194444444,0.035416666667,-0.006507722462,-0.103333333333,-0.603050141911,0.745716808578,-0.039333333333,-0.433848164148,-2.583333333325,-12.061002838221,37.285840428903,-1.311111111100,1544.282533639482,37.285840428903,0
0.660000000000,0.375000000000,0.450000000000,20,12,14400,0.108611111111,0.072638888889,0.668797953964,0.028194444444,0.000000000000,0.221797323136,0.778202676864,0.000000000000,1.000000000000,0.060763888889,0.047847222222,0.035972222222,-0.007271611351,-0.103333333333,-0.610202676864,0.752869343531,-0.039333333333,-0.484774090074,-2.583333333325,-12.204053537285,37.643467176562,-1.311111111100,1574.597173188960,37.643467176562,0
0.660000000000,0.375000000000,0.475000000000,20,12,14400,0.106527777778,0.072638888889,0.681877444589,0.029513888889,0.000000000000,0.220841300191,0.779158699809,0.000000000000,1.000000000000,0.058472222222,0.048055555556,0.033888888889,-0.007271611351,-0.103333333333,-0.611158699809,0.753825366476,-0.039333333333,-0.484774090074,-2.583333333325,-12.223173996176,37.691268323790,-1.311111111100,1578.665319771838,37.691268323790,0
0.660000000000,0.375000000000,0.500000000000,20,12,14400,0.110486111111,0.075069444444,0.679446888749,0.030486111111,0.000000000000,0.234967622572,0.765032377428,0.000000000000,1.000000000000,0.061597222222,0.048888888889,0.035416666667,-0.004841055796,-0.103333333333,-0.597032377428,0.739699044095,-0.039333333333,-0.322737053037,-2.583333333325,-11.940647548566,36.984952204765,-1.311111111100,1518.962536129979,36.984952204765,0
0.660000000000,0.375000000000,0.525000000000,20,12,14400,0.109375000000,0.073611111111,0.673015873016,0.028819444444,0.000000000000,0.226415094340,0.773584905660,0.000000000000,1.000000000000,0.061597222222,0.047777777778,0.035763888889,-0.006299389129,-0.103333333333,-0.605584905660,0.748251572327,-0.039333333333,-0.419959275259,-2.583333333325,-12.111698113208,37.412578616369,-1.311111111100,1554.963259161046,37.412578616369,0
0.660000000000,0.375000000000,0.550000000000,20,12,14400,0.109375000000,0.074375000000,0.680000000000,0.030277777778,0.000000000000,0.234360410831,0.765639589169,0.000000000000,1.000000000000,0.060555555556,0.048819444444,0.035000000000,-0.005535500240,-0.103333333333,-0.597639589169,0.740306255836,-0.039333333333,-0.369033349333,-2.583333333325,-11.952791783380,37.015312791800,-1.311111111100,1521.531421561265,37.015312791800,0
0.660000000000,0.375000000000,0.575000000000,20,12,14400,0.108750000000,0.073750000000,0.678160919540,0.027986111111,0.000000000000,0.234463276836,0.765536723164,0.000000000000,1.000000000000,0.060902777778,0.047847222222,0.035000000000,-0.006160500240,-0.103333333333,-0.597536723164,0.740203389831,-0.039333333333,-0.410700016000,-2.583333333325,-11.950734463277,37.010169491542,-1.311111111100,1521.133997964293,37.010169491542,0
0.660000000000,0.375000000000,0.600000000000,20,12,14400,0.109236111111,0.073958333333,0.677050222505,0.030347222222,0.000000000000,0.230046948357,0.769953051643,0.000000000000,1.000000000000,0.060486111111,0.048750000000,0.035277777778,-0.005952166907,-0.103333333333,-0.601953051643,0.744619718310,-0.039333333333,-0.396811127111,-2.583333333325,-12.039061032864,37.230985915510,-1.311111111100,1539.635385321211,37.230985915510,0
0.660000000000,0.375000000000,0.625000000000,20,12,14400,0.109930555556,0.073263888889,0.666456096020,0.029027777778,0.000000000000,0.220853080569,0.779146919431,0.000000000000,1.000000000000,0.061388888889,0.048541666667,0.036666666667,-0.006646611351,-0.103333333333,-0.611146919431,0.753813586098,-0.039333333333,-0.443107423407,-2.583333333325,-12.222938388626,37.690679304914,-1.311111111100,1578.576496963413,37.690679304914,0
0.660000000000,0.375000000000,0.650000000000,20,12,14400,0.107638888889,0.072500000000,0.673548387097,0.030069444444,0.001915708812,0.237547892720,0.760536398467,0.000000000000,1.000000000000,0.060138888889,0.047500000000,0.035138888889,-0.007410500240,-0.101417624521,-0.594452107280,0.735203065134,-0.039333333333,-0.494033349333,-2.535440613018,-11.889042145594,36.760153256722,-1.311111111100,1501.049730995411,36.760153256722,0
0.660000000000,0.375000000000,0.675000000000,20,12,14400,0.109027777778,0.073541666667,0.674522292994,0.029930555556,0.005665722380,0.219074598678,0.775259678942,0.000000000000,1.000000000000,0.060972222222,0.048055555556,0.035486111111,-0.006368833573,-0.097667610953,-0.612925401322,0.749926345609,-0.039333333333,-0.424588904889,-2.441690273835,-12.258508026440,37.496317280470,-1.311111111100,1564.105968109100,37.496317280470,0
0.660000000000,0.375000000000,0.700000000000,20,12,14400,0.107638888889,0.072916666667,0.677419354839,0.030208333333,0.022857142857,0.238095238095,0.739047619048,0.000000000000,1.000000000000,0.059930555556,0.047708333333,0.034722222222,-0.006993833573,-0.080476190476,-0.593904761905,0.713714285715,-0.039333333333,-0.466255571556,-2.011904761896,-11.878095238095,35.685714285731,-1.311111111100,1420.543517942679,35.685714285731,0
0.660000000000,0.375000000000,0.725000000000,20,12,14400,0.106944444444,0.072569444444,0.678571428571,0.027847222222,0.071770334928,0.224880382775,0.703349282297,0.000000000000,1.000000000000,0.059305555556,0.047638888889,0.034375000000,-0.007341055796,-0.031562998405,-0.607119617225,0.678015948964,-0.039333333333,-0.489403719704,-0.789074960119,-12.142392344498,33.900797448183,-1.311111111100,1299.282927109615,33.900797448183,0
0.660000000000,0.375000000000,0.750000000000,20,12,14400,0.109583333333,0.073888888889,0.674271229404,0.029722222222,0.185150375940,0.226503759398,0.587406015038,0.000939849624,1.000000000000,0.061041666667,0.048541666667,0.035694444444,-0.006021611351,0.081817042607,-0.605496240602,0.562072681705,-0.038393483709,-0.401440756741,2.045426065171,-12.109924812030,28.103634085230,-1.279782790298,942.447294209109,28.103634085230,0
0.660000000000,0.400000000000,0.350000000000,20,12,14400,0.107847222222,0.072777777778,0.674822923374,0.031111111111,0.000000000000,0.380725190840,0.619274809160,0.000000000000,1.000000000000,0.060069444444,0.047777777778,0.035069444444,-0.007132722462,-0.103333333333,-0.451274809160,0.593941475827,-0.039333333333,-0.475514830815,-2.583333333325,-9.025496183206,29.697073791365,-1.311111111100,971.994510933909,29.697073791365,0
0.660000000000,0.400000000000,0.375000000000,20,12,14400,0.110000000000,0.074583333333,0.678030303030,0.030208333333,0.000000000000,0.367783985102,0.632216014898,0.000000000000,1.000000000000,0.060625000000,0.049375000000,0.035416666667,-0.005327166907,-0.103333333333,-0.464216014898,0.606882681565,-0.039333333333,-0.355144460444,-2.583333333325,-9.284320297952,30.344134078229,-1.311111111100,1015.483827396994,30.344134078229,0
0.660000000000,0.400000000000,0.400000000000,20,12,14400,0.108055555556,0.073263888889,0.678020565553,0.029722222222,0.000000000000,0.363033175355,0.636966824645,0.000000000000,1.000000000000,0.060208333333,0.047847222222,0.034791666667,-0.006646611351,-0.103333333333,-0.468966824645,0.611633491312,-0.039333333333,-0.443107423407,-2.583333333325,-9.379336492891,30.581674565578,-1.311111111100,1031.799739927165,30.581674565578,0
0.660000000000,0.400000000000,0.425000000000,20,12,14400,0.108055555556,0.072361111111,0.669665809769,0.029375000000,0.000000000000,0.360844529750,0.639155470250,0.000000000000,1.000000000000,0.060347222222,0.047708333333,0.035694444444,-0.007549389129,-0.103333333333,-0.471155470250,0.613822136917,-0.039333333333,-0.503292608593,-2.583333333325,-9.423109404990,30.691106845826,-1.311111111100,1039.384957186912,30.691106845826,0
0.660000000000,0.400000000000,0.450000000000,20,12,14400,0.109861111111,0.073819444444,0.671934260430,0.030416666667,0.000000000000,0.347130761994,0.652869238006,0.000000000000,1.000000000000,0.061319444444,0.048541666667,0.036041666667,-0.006091055796,-0.103333333333,-0.484869238006,0.627535904673,-0.039333333333,-0.406070386370,-2.583333333325,-9.697384760113,31.376795233632,-1.311111111100,1087.100066934365,31.376795233632,0
0.660000000000,0.400000000000,0.475000000000,20,12,14400,0.110902777778,0.075069444444,0.676894176581,0.028958333333,0.000000000000,0.363552266420,0.636447733580,0.000000000000,1.000000000000,0.062986111111,0.047916666667,0.035833333333,-0.004841055796,-0.103333333333,-0.468447733580,0.611114400247,-0.039333333333,-0.322737053037,-2.583333333325,-9.368954671600,30.555720012351,-1.311111111100,1029.926119773808,30.555720012351,0
0.660000000000,0.400000000000,0.500000000000,20,12,14400,0.109791666667,0.074375000000,0.677419354839,0.028125000000,0.000000000000,0.372549019608,0.627450980392,0.000000000000,1.000000000000,0.061597222222,0.048194444444,0.035416666667,-0.005535500240,-0.103333333333,-0.459450980392,0.602117647059,-0.039333333333,-0.369033349333,-2.583333333325,-9.189019607843,30.105882352958,-1.311111111100,999.331042673101,30.105882352958,0
0.660000000000,0.400000000000,0.525000000000,20,12,14400,0.106805555556,0.071319444444,0.667750325098,0.026111111111,0.000000000000,0.366114897760,0.633885102240,0.000000000000,1.000000000000,0.059930555556,0.046875000000,0.035486111111,-0.008591055796,-0.103333333333,-0.465885102240,0.608551768907,-0.039333333333,-0.572737053037,-2.583333333325,-9.317702044791,30.427588445327,-1.311111111100,1021.378361182307,30.427588445327,0
0.660000000000,0.400000000000,0.550000000000,20,12,14400,0.107847222222,0.073819444444,0.684481648422,0.028055555556,0.000000000000,0.363123236124,0.636876763876,0.000000000000,1.000000000000,0.059305555556,0.048541666667,0.034027777778,-0.006091055796,-0.103333333333,-0.468876763876,0.611543430543,-0.039333333333,-0.406070386370,-2.583333333325,-9.377535277516,30.577171527141,-1.311111111100,1031.459103096683,30.577171527141,0
0.660000000000,0.400000000000,0.575000000000,20,12,14400,0.107777777778,0.073402777778,0.681056701031,0.029791666667,0.000000000000,0.372753074740,0.627246925260,0.000000000000,1.000000000000,0.059791666667,0.047986111111,0.034375000000,-0.006507722462,-0.103333333333,-0.459246925260,0.601913591927,-0.039333333333,-0.433848164148,-2.583333333325,-9.184938505203,30.095679596358,-1.311111111100,998.693873397290,30.095679596358,0
0.660000000000,0.400000000000,0.600000000000,20,12,14400,0.108888888889,0.074097222222,0.680484693878,0.030486111111,0.000000000000,0.375820056232,0.624179943768,0.000000000000,1.000000000000,0.060486111111,0.048402777778,0.034791666667,-0.005813278018,-0.103333333333,-0.456179943768,0.598846610435,-0.039333333333,-0.387551867852,-2.583333333325,-9.123598875351,29.942330521729,-1.311111111100,988.326033417755,29.942330521729,0
0.660000000000,0.400000000000,0.625000000000,20,12,14400,0.108333333333,0.072986111111,0.673717948718,0.027916666667,0.000000000000,0.367269267364,0.632730732636,0.000000000000,1.000000000000,0.060416666667,0.047916666667,0.035347222222,-0.006924389129,-0.103333333333,-0.464730732636,0.607397399303,-0.039333333333,-0.461625941926,-2.583333333325,-9.294614652712,30.369869965129,-1.311111111100,1017.324585208238,30.369869965129,0
0.660000000000,0.400000000000,0.650000000000,20,12,14400,0.107916666667,0.072777777778,0.674388674389,0.027916666667,0.000954198473,0.373091603053,0.625954198473,0.000000000000,1.000000000000,0.061388888889,0.046527777778,0.035138888889,-0.007132722462,-0.102379134860,-0.458908396947,0.600620865140,-0.039333333333,-0.475514830815,-2.559478371493,-9.178167938931,30.031043257014,-1.311111111100,994.598382053990,30.031043257014,0
0.660000000000,0.400000000000,0.675000000000,20,12,14400,0.109236111111,0.074027777778,0.677685950413,0.030555555556,0.004690431520,0.366791744841,0.628517823640,0.000000000000,1.000000000000,0.060416666667,0.048819444444,0.035208333333,-0.005882722462,-0.098642901813,-0.465208255159,0.603184490307,-0.039333333333,-0.392181497481,-2.466072545332,-9.304165103189,30.159224515339,-1.311111111100,1004.100644105479,30.159224515339,0
0.660000000000,0.400000000000,0.700000000000,20,12,14400,0.109097222222,0.073750000000,0.676002546149,0.029513888889,0.023540489642,0.360640301318,0.615819209040,0.000000000000,1.000000000000,0.060694444444,0.048402777778,0.035347222222,-0.006160500240,-0.079792843691,-0.471359698682,0.590485875707,-0.039333333333,-0.410700016000,-1.994821092270,-9.427193973635,29.524293785327,-1.311111111100,966.422907777818,29.524293785327,0
0.660000000000,0.400000000000,0.725000000000,20,12,14400,0.110277777778,0.074305555556,0.673803526448,0.029791666667,0.068224299065,0.357009345794,0.574766355140,0.000000000000,1.000000000000,0.061388888889,0.048888888889,0.035972222222,-0.005604944684,-0.035109034268,-0.474990654206,0.549433021807,-0.039333333333,-0.373662978963,-0.877725856689,-9.499813084112,27.471651090359,-1.311111111100,847.567101310516,27.471651090359,0
0.660000000000,0.400000000000,0.750000000000,20,12,14400,0.109861111111,0.073750000000,0.671302149178,0.028680555556,0.175141242938,0.361581920904,0.457627118644,0.005649717514,1.000000000000,0.061944444444,0.047916666667,0.036111111111,-0.006160500240,0.071807909605,-0.470418079096,0.432293785311,-0.033683615819,-0.410700016000,1.795197740121,-9.408361581921,21.614689265553,-1.122787193963,560.364120214798,21.614689265553,0
0.660000000000,0.425000000000,0.350000000000,20,12,14400,0.110208333333,0.073958333333,0.671077504726,0.027708333333,0.000000000000,0.537089201878,0.462910798122,0.000000000000,1.000000000000,0.062013888889,0.048194444444,0.036250000000,-0.005952166907,-0.103333333333,-0.294910798122,0.437577464789,-0.039333333333,-0.396811127111,-2.583333333325,-5.898215962441,21.878873239453,-1.311111111100,522.024128294982,21.878873239453,0
0.660000000000,0.425000000000,0.375000000000,20,12,14400,0.108263888889,0.072777777778,0.672225785760,0.028333333333,0.000000000000,0.564885496183,0.435114503817,0.000000000000,1.000000000000,0.059930555556,0.048333333333,0.035486111111,-0.007132722462,-0.103333333333,-0.267114503817,0.409781170484,-0.039333333333,-0.475514830815,-2.583333333325,-5.342290076336,20.489058524190,-1.311111111100,456.960320278428,20.489058524190,0
0.660000000000,0.425000000000,0.400000000000,20,12,14400,0.107847222222,0.072916666667,0.676110753381,0.029305555556,0.000000000000,0.543809523810,0.456190476190,0.000000000000,1.000000000000,0.059861111111,0.047986111111,0.034930555556,-0.006993833573,-0.103333333333,-0.288190476190,0.430857142857,-0.039333333333,-0.466255571556,-2.583333333325,-5.763809523809,21.542857142874,-1.311111111100,505.926211819749,21.542857142874,0
0.660000000000,0.425000000000,0.425000000000,20,12,14400,0.108472222222,0.073541666667,0.677976952625,0.028333333333,0.000000000000,0.552407932011,0.447592067989,0.000000000000,1.000000000000,0.060347222222,0.048125000000,0.034930555556,-0.006368833573,-0.103333333333,-0.279592067989,0.422258734656,-0.039333333333,-0.424588904889,-2.583333333325,-5.591841359773,21.112936732783,-1.311111111100,485.597686470260,21.112936732783,0
0.660000000000,0.425000000000,0.450000000000,20,12,14400,0.107500000000,0.073333333333,0.682170542636,0.029097222222,0.000000000000,0.547348484848,0.452651515152,0.000000000000,1.000000000000,0.059444444444,0.048055555556,0.034166666667,-0.006577166907,-0.103333333333,-0.284651515152,0.427318181819,-0.039333333333,-0.438477793778,-2.583333333325,-5.693030303030,21.365909090926,-1.311111111100,497.497551545276,21.365909090926,0
0.660000000000,0.425000000000,0.475000000000,20,12,14400,0.109791666667,0.074027777778,0.674256799494,0.028472222222,0.000000000000,0.532833020638,0.467166979362,0.000000000000,1.000000000000,0.062152777778,0.047638888889,0.035763888889,-0.005882722462,-0.103333333333,-0.299166979362,0.441833646029,-0.039333333333,-0.392181497481,-2.583333333325,-5.983339587242,22.091682301455,-1.311111111100,532.389209308366,22.091682301455,0
0.660000000000,0.425000000000,0.500000000000,20,12,14400,0.108541666667,0.073611111111,0.678182981446,0.029236111111,0.000000000000,0.539622641509,0.460377358491,0.000000000000,1.000000000000,0.060486111111,0.048055555556,0.034930555556,-0.006299389129,-0.103333333333,-0.292377358491,0.435044025158,-0.039333333333,-0.419959275259,-2.583333333325,-5.847547169811,21.752201257878,-1.311111111100,515.921056716006,21.752201257878,0
0.660000000000,0.425000000000,0.525000000000,20,12,14400,0.107777777778,0.073680555556,0.683634020619,0.031388888889,0.000000000000,0.557964184731,0.442035815269,0.000000000000,1.000000000000,0.058888888889,0.048888888889,0.034097222222,-0.006229944684,-0.103333333333,-0.274035815269,0.416702481936,-0.039333333333,-0.415329645630,-2.583333333325,-5.480716305372,20.835124096781,-1.311111111100,472.705769519486,20.835124096781,0
0.660000000000,0.425000000000,0.550000000000,20,12,14400,0.108888888889,0.073263888889,0.672831632653,0.029861111111,0.000000000000,0.541232227488,0.458767772512,0.000000000000,1.000000000000,0.061041666667,0.047847222222,0.035625000000,-0.006646611351,-0.103333333333,-0.290767772512,0.433434439179,-0.039333333333,-0.443107423407,-2.583333333325,-5.815355450237,21.671721958942,-1.311111111100,512.070859323703,21.671721958942,0
0.660000000000,0.425000000000,0.575000000000,20,12,14400,0.108402777778,0.072638888889,0.670083279949,0.027916666667,0.000000000000,0.535372848948,0.464627151052,0.000000000000,1.000000000000,0.060000000000,0.048402777778,0.035763888889,-0.007271611351,-0.103333333333,-0.296627151052,0.439293817719,-0.039333333333,-0.484774090074,-2.583333333325,-5.932543021032,21.964690885931,-1.311111111100,526.270341786036,21.964690885931,0
0.660000000000,0.425000000000,0.600000000000,20,12,14400,0.108680555556,0.073125000000,0.672843450479,0.029513888889,0.000000000000,0.562203228870,0.437796771130,0.000000000000,1.000000000000,0.061111111111,0.047569444444,0.035555555556,-0.006785500240,-0.103333333333,-0.269796771130,0.412463437797,-0.039333333333,-0.452366682667,-2.583333333325,-5.395935422602,20.623171889855,-1.311111111100,463.028596955712,20.623171889855,0
0.660000000000,0.425000000000,0.625000000000,20,12,14400,0.105902777778,0.072569444444,0.685245901639,0.030763888889,0.000000000000,0.556937799043,0.443062200957,0.000000000000,1.000000000000,0.058125000000,0.047777777778,0.033333333333,-0.007341055796,-0.103333333333,-0.275062200957,0.417728867624,-0.039333333333,-0.489403719704,-2.583333333325,-5.501244019139,20.886443381197,-1.311111111100,475.139342331631,20.886443381197,0
0.660000000000,0.425000000000,0.650000000000,20,12,14400,0.108819444444,0.073472222222,0.675175494576,0.029930555556,0.001890359168,0.551984877127,0.446124763705,0.000000000000,1.000000000000,0.060902777778,0.047916666667,0.035347222222,-0.006438278018,-0.101442974165,-0.280015122873,0.420791430372,-0.039333333333,-0.429218534519,-2.536074354119,-5.600302457467,21.039571518605,-1.311111111100,482.361871327255,21.039571518605,0
0.660000000000,0.425000000000,0.675000000000,20,12,14400,0.109583333333,0.074097222222,0.676172370089,0.029861111111,0.003748828491,0.561387066542,0.434864104967,0.000000000000,1.000000000000,0.060763888889,0.048819444444,0.035486111111,-0.005813278018,-0.099584504842,-0.270612933458,0.409530771634,-0.039333333333,-0.387551867852,-2.489612621048,-5.412258669166,20.476538581710,-1.311111111100,456.648555989023,20.476538581710,0
0.660000000000,0.425000000000,0.700000000000,20,12,14400,0.109097222222,0.072638888889,0.665817950350,0.028958333333,0.020076481836,0.556405353728,0.423518164436,0.000000000000,1.000000000000,0.061388888889,0.047708333333,0.036458333333,-0.007271611351,-0.083256851497,-0.275594646272,0.398184831103,-0.039333333333,-0.484774090074,-2.081421287436,-5.511892925430,19.909241555147,-1.311111111100,433.045195762462,19.909241555147,0
0.660000000000,0.425000000000,0.725000000000,20,12,14400,0.107569444444,0.072638888889,0.675274370562,0.029166666667,0.066921606119,0.545889101338,0.386233269598,0.000956022945,1.000000000000,0.060416666667,0.047152777778,0.034930555556,-0.007271611351,-0.036411727214,-0.286110898662,0.360899936265,-0.038377310388,-0.484774090074,-0.910293180361,-5.722217973231,18.044996813273,-1.279243679615,361.065792508676,18.044996813273,0
0.660000000000,0.425000000000,0.750000000000,20,12,14400,0.107638888889,0.072986111111,0.678064516129,0.029444444444,0.156041864891,0.521408182683,0.296860133206,0.025689819220,1.000000000000,0.059652777778,0.047986111111,0.034652777778,-0.006924389129,0.052708531558,-0.310591817317,0.271526799873,-0.013643514113,-0.461625941926,1.317713288939,-6.211836346337,13.576339993674,-0.454783803774,225.060213547771,13.576339993674,0
0.660000000000,0.450000000000,0.350000000000,20,12,14400,0.107430555556,0.072152777778,0.671622495152,0.028055555556,0.000000000000,0.707410972089,0.292589027911,0.000000000000,1.000000000000,0.059513888889,0.047916666667,0.035277777778,-0.007757722462,-0.103333333333,-0.124589027911,0.267255694578,-0.039333333333,-0.517181497481,-2.583333333325,-2.491780558229,13.362784728923,-1.311111111100,193.433086219952,13.362784728923,0
0.660000000000,0.450000000000,0.375000000000,20,12,14400,0.109791666667,0.074583333333,0.679316888046,0.028819444444,0.000000000000,0.717877094972,0.282122905028,0.000000000000,1.000000000000,0.060138888889,0.049652777778,0.035208333333,-0.005327166907,-0.103333333333,-0.114122905028,0.256789571695,-0.039333333333,-0.355144460444,-2.583333333325,-2.282458100559,12.839478584747,-1.311111111100,178.580576353476,12.839478584747,0
0.660000000000,0.450000000000,0.400000000000,20,12,14400,0.107500000000,0.072986111111,0.678940568475,0.030277777778,0.000000000000,0.707897240723,0.292102759277,0.000000000000,1.000000000000,0.059583333333,0.047916666667,0.034513888889,-0.006924389129,-0.103333333333,-0.124102759277,0.266769425944,-0.039333333333,-0.461625941926,-2.583333333325,-2.482055185538,13.338471297194,-1.311111111100,192.681136457099,13.338471297194,0
0.660000000000,0.450000000000,0.425000000000,20,12,14400,0.109027777778,0.073680555556,0.675796178344,0.030486111111,0.000000000000,0.721017907634,0.278982092366,0.000000000000,1.000000000000,0.060694444444,0.048333333333,0.035347222222,-0.006229944684,-0.103333333333,-0.110982092366,0.253648759033,-0.039333333333,-0.415329645630,-2.583333333325,-2.219641847314,12.682437951635,-1.311111111100,174.336164498665,12.682437951635,0
0.660000000000,0.450000000000,0.450000000000,20,12,14400,0.106458333333,0.071458333333,0.671232876712,0.028888888889,0.000000000000,0.702623906706,0.297376093294,0.000000000000,1.000000000000,0.059652777778,0.046805555556,0.035000000000,-0.008452166907,-0.103333333333,-0.129376093294,0.272042759961,-0.039333333333,-0.563477793778,-2.583333333325,-2.587521865889,13.602137998073,-1.311111111100,200.423558205875,13.602137998073,0
0.660000000000,0.450000000000,0.475000000000,20,12,14400,0.109652777778,0.073680555556,0.671944268524,0.028333333333,0.000000000000,0.718190386428,0.281809613572,0.000000000000,1.000000000000,0.061388888889,0.048263888889,0.035972222222,-0.006229944684,-0.103333333333,-0.113809613572,0.256476280239,-0.039333333333,-0.415329645630,-2.583333333325,-2.276192271442,12.823814011955,-1.311111111100,178.196379241046,12.823814011955,0
0.660000000000,0.450000000000,0.500000000000,20,12,14400,0.110486111111,0.073819444444,0.668133249529,0.027638888889,0.000000000000,0.707431796802,0.292568203198,0.000000000000,1.000000000000,0.062361111111,0.048125000000,0.036666666667,-0.006091055796,-0.103333333333,-0.124568203198,0.267234869865,-0.039333333333,-0.406070386370,-2.583333333325,-2.491364063970,13.361743493275,-1.311111111100,193.300600694714,13.361743493275,0
0.660000000000,0.450000000000,0.525000000000,20,12,14400,0.108055555556,0.073541666667,0.680591259640,0.028333333333,0.000000000000,0.707271010387,0.292728989613,0.000000000000,1.000000000000,0.059236111111,0.048819444444,0.034513888889,-0.006368833573,-0.103333333333,-0.124728989613,0.267395656280,-0.039333333333,-0.424588904889,-2.583333333325,-2.494579792257,13.369782813992,-1.311111111100,193.546920028127,13.369782813992,0
0.660000000000,0.450000000000,0.550000000000,20,12,14400,0.109583333333,0.074722222222,0.681875792142,0.029930555556,0.000000000000,0.712825278810,0.287174721190,0.000000000000,1.000000000000,0.060763888889,0.048819444444,0.034861111111,-0.005188278018,-0.103333333333,-0.119174721190,0.261841387857,-0.039333333333,-0.345885201185,-2.583333333325,-2.383494423792,13.092069392829,-1.311111111100,185.595586684026,13.092069392829,0
0.660000000000,0.450000000000,0.575000000000,20,12,14400,0.106805555556,0.072361111111,0.677503250975,0.029097222222,0.000000000000,0.709213051823,0.290786948177,0.000000000000,1.000000000000,0.059305555556,0.047500000000,0.034444444444,-0.007549389129,-0.103333333333,-0.122786948177,0.265453614844,-0.039333333333,-0.503292608593,-2.583333333325,-2.455738963532,13.272680742179,-1.311111111100,190.840634847401,13.272680742179,0
0.660000000000,0.450000000000,0.600000000000,20,12,14400,0.110277777778,0.074652777778,0.676952141058,0.029305555556,0.000000000000,0.706976744186,0.293023255814,0.000000000000,1.000000000000,0.061250000000,0.049027777778,0.035625000000,-0.005257722462,-0.103333333333,-0.125023255814,0.267689922481,-0.039333333333,-0.350514830815,-2.583333333325,-2.500465116279,13.384496124048,-1.311111111100,193.912546395713,13.384496124048,0
0.660000000000,0.450000000000,0.625000000000,20,12,14400,0.109166666667,0.074166666667,0.679389312977,0.029791666667,0.000000000000,0.723782771536,0.276217228464,0.000000000000,1.000000000000,0.060972222222,0.048194444444,0.035000000000,-0.005743833573,-0.103333333333,-0.108217228464,0.250883895131,-0.039333333333,-0.382922238222,-2.583333333325,-2.164344569288,12.544194756571,-1.311111111100,170.580462402636,12.544194756571,0
0.660000000000,0.450000000000,0.650000000000,20,12,14400,0.109722222222,0.074236111111,0.676582278481,0.030208333333,0.001870907390,0.717492984097,0.280636108513,0.000000000000,1.000000000000,0.060486111111,0.049236111111,0.035486111111,-0.005674389129,-0.101462425943,-0.114507015903,0.255302775180,-0.039333333333,-0.378292608593,-2.536560648573,-2.290140318054,12.765138758981,-1.311111111100,176.489767779682,12.765138758981,0
0.660000000000,0.450000000000,0.675000000000,20,12,14400,0.107013888889,0.072638888889,0.678780012979,0.030555555556,0.005736137667,0.710325047801,0.283938814532,0.000000000000,1.000000000000,0.059444444444,0.047569444444,0.034375000000,-0.007271611351,-0.097597195666,-0.121674952199,0.258605481199,-0.039333333333,-0.484774090074,-2.439929891642,-2.433499043977,12.930274059927,-1.311111111100,181.021181002057,12.930274059927,0
0.660000000000,0.450000000000,0.700000000000,20,12,14400,0.108541666667,0.073680555556,0.678822776711,0.028888888889,0.020735155514,0.711592836946,0.266729500471,0.000942507069,1.000000000000,0.059930555556,0.048611111111,0.034861111111,-0.006229944684,-0.082598177819,-0.120407163054,0.241396167138,-0.038390826264,-0.415329645630,-2.064954445483,-2.408143261074,12.069808356913,-1.279694208807,157.553580582970,12.069808356913,0
0.660000000000,0.450000000000,0.725000000000,20,12,14400,0.108125000000,0.072638888889,0.671804752730,0.028263888889,0.065965583174,0.700764818356,0.225621414914,0.007648183556,1.000000000000,0.060208333333,0.047916666667,0.035486111111,-0.007271611351,-0.037367750159,-0.131235181644,0.200288081581,-0.031685149777,-0.484774090074,-0.934193753975,-2.624703632887,10.014404079048,-1.056171659220,109.400580681056,10.014404079048,0
0.660000000000,0.450000000000,0.750000000000,20,12,14400,0.108611111111,0.072777777778,0.670076726343,0.030625000000,0.127862595420,0.668893129771,0.155534351145,0.047709923664,1.000000000000,0.060486111111,0.048125000000,0.035833333333,-0.007132722462,0.024529262087,-0.163106870229,0.130201017812,0.008376590331,-0.475514830815,0.613231552171,-3.262137404580,6.510050890602,0.279219677704,53.702433963908,6.510050890602,0
0.660000000000,0.475000000000,0.350000000000,20,12,14400,0.108055555556,0.071875000000,0.665167095116,0.030694444444,0.000000000000,0.853140096618,0.146859903382,0.000000000000,1.000000000000,0.060763888889,0.047291666667,0.036180555556,-0.008035500240,-0.103333333333,0.021140096618,0.121526570049,-0.039333333333,-0.535700016000,-2.583333333325,0.422801932367,6.076328502432,-1.311111111100,45.780127507342,6.076328502432,0
0.660000000000,0.475000000000,0.375000000000,20,12,14400,0.107500000000,0.072430555556,0.673772609819,0.028541666667,0.000000000000,0.844678811122,0.155321188878,0.000000000000,1.000000000000,0.059861111111,0.047638888889,0.035069444444,-0.007479944684,-0.103333333333,0.012678811122,0.129987855545,-0.039333333333,-0.498662978963,-2.583333333325,0.253576222435,6.499392777262,-1.311111111100,50.947695597012,6.499392777262,0
0.660000000000,0.475000000000,0.400000000000,20,12,14400,0.109375000000,0.074305555556,0.679365079365,0.030416666667,0.000000000000,0.848598130841,0.151401869159,0.000000000000,1.000000000000,0.059722222222,0.049652777778,0.035069444444,-0.005604944684,-0.103333333333,0.016598130841,0.126068535826,-0.039333333333,-0.373662978963,-2.583333333325,0.331962616822,6.303426791294,-1.311111111100,48.375635970734,6.303426791294,0
0.660000000000,0.475000000000,0.425000000000,20,12,14400,0.109583333333,0.073402777778,0.669835234474,0.029722222222,0.000000000000,0.842005676443,0.157994323557,0.000000000000,1.000000000000,0.061319444444,0.048263888889,0.036180555556,-0.006507722462,-0.103333333333,0.010005676443,0.132660990224,-0.039333333333,-0.433848164148,-2.583333333325,0.200113528855,6.633049511212,-1.311111111100,52.618238928872,6.633049511212,0
0.660000000000,0.475000000000,0.450000000000,20,12,14400,0.109097222222,0.073888888889,0.677275620624,0.029375000000,0.000000000000,0.844924812030,0.155075187970,0.000000000000,1.000000000000,0.060833333333,0.048263888889,0.035208333333,-0.006021611351,-0.103333333333,0.012924812030,0.129741854637,-0.039333333333,-0.401440756741,-2.583333333325,0.258496240602,6.487092731846,-1.311111111100,50.702970555866,6.487092731846,0
0.660000000000,0.475000000000,0.475000000000,20,12,14400,0.108055555556,0.072986111111,0.675449871465,0.028333333333,0.000000000000,0.844909609895,0.155090390105,0.000000000000,1.000000000000,0.061111111111,0.046944444444,0.035069444444,-0.006924389129,-0.103333333333,0.012909609895,0.129757056772,-0.039333333333,-0.461625941926,-2.583333333325,0.258192197907,6.487852838583,-1.311111111100,50.764619633147,6.487852838583,0
0.660000000000,0.475000000000,0.500000000000,20,12,14400,0.108263888889,0.072708333333,0.671584348942,0.028819444444,0.000000000000,0.849092645654,0.150907354346,0.000000000000,1.000000000000,0.061111111111,0.047152777778,0.035555555556,-0.007202166907,-0.103333333333,0.017092645654,0.125574021013,-0.039333333333,-0.480144460444,-2.583333333325,0.341852913085,6.278701050637,-1.311111111100,48.162112457074,6.278701050637,0
0.660000000000,0.475000000000,0.525000000000,20,12,14400,0.110972222222,0.074791666667,0.673967459324,0.029583333333,0.000000000000,0.845868152275,0.154131847725,0.000000000000,1.000000000000,0.062361111111,0.048611111111,0.036180555556,-0.005118833573,-0.103333333333,0.013868152275,0.128798514392,-0.039333333333,-0.341255571556,-2.583333333325,0.277363045497,6.439925719608,-1.311111111100,50.058652354912,6.439925719608,0
0.660000000000,0.475000000000,0.550000000000,20,12,14400,0.107361111111,0.071527777778,0.666235446313,0.028541666667,0.000000000000,0.855339805825,0.144660194175,0.000000000000,1.000000000000,0.060000000000,0.047361111111,0.035833333333,-0.008382722462,-0.103333333333,0.023339805825,0.119326860842,-0.039333333333,-0.558848164148,-2.583333333325,0.466796116505,5.966343042088,-1.311111111100,44.520082637543,5.966343042088,0
0.660000000000,0.475000000000,0.575000000000,20,12,14400,0.107777777778,0.073263888889,0.679768041237,0.029027777778,0.000000000000,0.846445497630,0.153554502370,0.000000000000,1.000000000000,0.059583333333,0.048194444444,0.034513888889,-0.006646611351,-0.103333333333,0.014445497630,0.128221169037,-0.039333333333,-0.443107423407,-2.583333333325,0.288909952607,6.411058451833,-1.311111111100,49.774107078935,6.411058451833,0
0.660000000000,0.475000000000,0.600000000000,20,12,14400,0.108958333333,0.073958333333,0.678776290631,0.029236111111,0.000000000000,0.844131455399,0.155868544601,0.000000000000,1.000000000000,0.060486111111,0.048472222222,0.035000000000,-0.005952166907,-0.103333333333,0.012131455399,0.130535211268,-0.039333333333,-0.396811127111,-2.583333333325,0.242629107981,6.526760563397,-1.311111111100,51.207554863270,6.526760563397,0
0.660000000000,0.475000000000,0.625000000000,20,12,14400,0.108472222222,0.072708333333,0.670294494238,0.030625000000,0.000000000000,0.847182425979,0.152817574021,0.000000000000,1.000000000000,0.060486111111,0.047986111111,0.035763888889,-0.007202166907,-0.103333333333,0.015182425979,0.127484240688,-0.039333333333,-0.480144460444,-2.583333333325,0.303648519580,6.374212034401,-1.311111111100,49.345943642554,6.374212034401,0
0.660000000000,0.475000000000,0.650000000000,20,12,14400,0.108819444444,0.073958333333,0.679642629228,0.030416666667,0.000938967136,0.852582159624,0.146478873239,0.000000000000,1.000000000000,0.060694444444,0.048125000000,0.034861111111,-0.005952166907,-0.102394366197,0.020582159624,0.121145539906,-0.039333333333,-0.396811127111,-2.559859154921,0.411643192488,6.057276995322,-1.311111111100,45.289405025259,6.057276995322,0
0.660000000000,0.475000000000,0.675000000000,20,12,14400,0.108888888889,0.074166666667,0.681122448980,0.029305555556,0.002808988764,0.849250936330,0.147940074906,0.000000000000,1.000000000000,0.060555555556,0.048333333333,0.034722222222,-0.005743833573,-0.100524344569,0.017250936330,0.122606741573,-0.039333333333,-0.382922238222,-2.513108614224,0.345018726592,6.130337078668,-1.311111111100,45.881427312855,6.130337078668,0
0.660000000000,0.475000000000,0.700000000000,20,12,14400,0.110208333333,0.074652777778,0.677378701953,0.030694444444,0.019534883721,0.841860465116,0.136744186047,0.001860465116,1.000000000000,0.060972222222,0.049236111111,0.035555555556,-0.005257722462,-0.083798449612,0.009860465116,0.111410852714,-0.037472868217,-0.350514830815,-2.094961240302,0.197209302326,5.570542635676,-1.249095607224,37.141799845777,5.570542635676,0
0.660000000000,0.475000000000,0.725000000000,20,12,14400,0.110555555556,0.074375000000,0.672738693467,0.030208333333,0.056022408964,0.830999066293,0.097105508870,0.015873015873,1.000000000000,0.061736111111,0.048819444444,0.036180555556,-0.005535500240,-0.047310924369,-0.001000933707,0.071772175537,-0.023460317460,-0.369033349333,-1.182773109235,-0.020018674136,3.588608776861,-0.782010581999,15.025192091886,3.588608776861,0
0.660000000000,0.475000000000,0.750000000000,20,12,14400,0.107569444444,0.071527777778,0.664945125888,0.027986111111,0.093203883495,0.771844660194,0.059223300971,0.075728155340,1.000000000000,0.060277777778,0.047291666667,0.036041666667,-0.008382722462,-0.010129449838,-0.060155339806,0.033889967638,0.036394822007,-0.558848164148,-0.253236245946,-1.203106796116,1.694498381894,1.213160733560,6.166989561388,1.694498381894,0
0.660000000000,0.500000000000,0.350000000000,20,12,14400,0.109166666667,0.074236111111,0.680025445293,0.029444444444,0.000000000000,0.938260056127,0.061739943873,0.000000000000,1.000000000000,0.060763888889,0.048402777778,0.034930555556,-0.005674389129,-0.103333333333,0.106260056127,0.036406610540,-0.039333333333,-0.378292608593,-2.583333333325,2.125201122544,1.820330526989,-1.311111111100,16.365811793186,2.583333333325,0
0.660000000000,0.500000000000,0.375000000000,20,12,14400,0.108888888889,0.073888888889,0.678571428571,0.028819444444,0.000000000000,0.944548872180,0.055451127820,0.000000000000,1.000000000000,0.060694444444,0.048194444444,0.035000000000,-0.006021611351,-0.103333333333,0.112548872180,0.030117794487,-0.039333333333,-0.401440756741,-2.583333333325,2.250977443609,1.505889724328,-1.311111111100,15.888381451363,2.583333333325,0
0.660000000000,0.500000000000,0.400000000000,20,12,14400,0.109444444444,0.074444444444,0.680203045685,0.030416666667,0.000000000000,0.945895522388,0.054104477612,0.000000000000,1.000000000000,0.060763888889,0.048680555556,0.035000000000,-0.005466055796,-0.103333333333,0.113895522388,0.028771144279,-0.039333333333,-0.364403719704,-2.583333333325,2.277910447761,1.438557213947,-1.311111111100,15.783736393471,2.583333333325,0
0.660000000000,0.500000000000,0.425000000000,20,12,14400,0.107986111111,0.073402777778,0.679742765273,0.028541666667,0.000000000000,0.948912015137,0.051087984863,0.000000000000,1.000000000000,0.059166666667,0.048819444444,0.034583333333,-0.006507722462,-0.103333333333,0.116912015137,0.025754651530,-0.039333333333,-0.433848164148,-2.583333333325,2.338240302744,1.287732576491,-1.311111111100,15.706470588184,2.583333333325,0
0.660000000000,0.500000000000,0.450000000000,20,12,14400,0.107847222222,0.072500000000,0.672247263361,0.027708333333,0.000000000000,0.947318007663,0.052681992337,0.000000000000,1.000000000000,0.060000000000,0.047847222222,0.035347222222,-0.007410500240,-0.103333333333,0.115318007663,0.027348659004,-0.039333333333,-0.494033349333,-2.583333333325,2.306360153257,1.367432950208,-1.311111111100,15.825862436817,2.583333333325,0
0.660000000000,0.500000000000,0.475000000000,20,12,14400,0.109166666667,0.073611111111,0.674300254453,0.030069444444,0.000000000000,0.937735849057,0.062264150943,0.000000000000,1.000000000000,0.060972222222,0.048194444444,0.035555555556,-0.006299389129,-0.103333333333,0.105735849057,0.036930817610,-0.039333333333,-0.419959275259,-2.583333333325,2.114716981132,1.846540880520,-1.311111111100,16.450730383314,2.583333333325,0
0.660000000000,0.500000000000,0.500000000000,20,12,14400,0.108541666667,0.072916666667,0.671785028791,0.027708333333,0.000000000000,0.944761904762,0.055238095238,0.000000000000,1.000000000000,0.061180555556,0.047361111111,0.035625000000,-0.006993833573,-0.103333333333,0.112761904762,0.029904761905,-0.039333333333,-0.466255571556,-2.583333333325,2.255238095238,1.495238095255,-1.311111111100,15.931853542439,2.583333333325,0
0.660000000000,0.500000000000,0.525000000000,20,12,14400,0.108472222222,0.073125000000,0.674135723431,0.028333333333,0.000000000000,0.943969610636,0.056030389364,0.000000000000,1.000000000000,0.059791666667,0.048680555556,0.035347222222,-0.006785500240,-0.103333333333,0.111969610636,0.030697056031,-0.039333333333,-0.452366682667,-2.583333333325,2.239392212726,1.534852801536,-1.311111111100,15.967909677104,2.583333333325,0
0.660000000000,0.500000000000,0.550000000000,20,12,14400,0.108472222222,0.072847222222,0.671574903969,0.028680555556,0.000000000000,0.941849380362,0.058150619638,0.000000000000,1.000000000000,0.060486111111,0.047986111111,0.035625000000,-0.007063278018,-0.103333333333,0.109849380362,0.032817286305,-0.039333333333,-0.470885201185,-2.583333333325,2.196987607245,1.640864315238,-1.311111111100,16.133546576821,2.583333333325,0
0.660000000000,0.500000000000,0.575000000000,20,12,14400,0.106250000000,0.072291666667,0.680392156863,0.029930555556,0.000000000000,0.944284341979,0.055715658021,0.000000000000,1.000000000000,0.058680555556,0.047569444444,0.033958333333,-0.007618833573,-0.103333333333,0.112284341979,0.030382324688,-0.039333333333,-0.507922238222,-2.583333333325,2.245686839577,1.519116234407,-1.311111111100,16.001431971888,2.583333333325,0
0.660000000000,0.500000000000,0.600000000000,20,12,14400,0.108680555556,0.073750000000,0.678594249201,0.030138888889,0.000000000000,0.946327683616,0.053672316384,0.000000000000,1.000000000000,0.060833333333,0.047847222222,0.034930555556,-0.006160500240,-0.103333333333,0.114327683616,0.028338983051,-0.039333333333,-0.410700016000,-2.583333333325,2.286553672316,1.416949152559,-1.311111111100,15.797370557182,2.583333333325,0
0.660000000000,0.500000000000,0.625000000000,20,12,14400,0.110416666667,0.074652777778,0.676100628931,0.029375000000,0.000000000000,0.950697674419,0.049302325581,0.000000000000,1.000000000000,0.061319444444,0.049097222222,0.035763888889,-0.005257722462,-0.103333333333,0.118697674419,0.023968992248,-0.039333333333,-0.350514830815,-2.583333333325,2.373953488372,1.198449612420,-1.311111111100,15.587420741803,2.583333333325,0
0.660000000000,0.500000000000,0.650000000000,20,12,14400,0.110277777778,0.074930555556,0.679471032746,0.030277777778,0.000926784059,0.937905468026,0.060240963855,0.000926784059,1.000000000000,0.061666666667,0.048611111111,0.035347222222,-0.004979944684,-0.102406549274,0.105905468026,0.034907630522,-0.038406549274,-0.331996312296,-2.560163731842,2.118109360519,1.745381526121,-1.280218309123,15.836362739075,2.560163731842,0
0.660000000000,0.500000000000,0.675000000000,20,12,14400,0.110833333333,0.075000000000,0.676691729323,0.029513888889,0.003703703704,0.946296296296,0.048148148148,0.001851851852,1.000000000000,0.061597222222,0.049236111111,0.035833333333,-0.004910500240,-0.099629629629,0.114296296296,0.022814814815,-0.037481481481,-0.327366682667,-2.490740740732,2.285925925926,1.140740740758,-1.249382716038,14.398662330044,2.490740740732,0
0.660000000000,0.500000000000,0.700000000000,20,12,14400,0.109166666667,0.072708333333,0.666030534351,0.029722222222,0.008595988539,0.935052531041,0.044890162369,0.011461318052,1.000000000000,0.060694444444,0.048472222222,0.036458333333,-0.007202166907,-0.094737344794,0.103052531041,0.019556829036,-0.027872015281,-0.480144460444,-2.368433619858,2.061050620821,0.977841451784,-0.929067176047,11.907285898592,2.368433619858,0
0.660000000000,0.500000000000,0.725000000000,20,12,14400,0.107986111111,0.072638888889,0.672668810289,0.030486111111,0.021988527725,0.900573613767,0.030592734226,0.046845124283,1.000000000000,0.060000000000,0.047986111111,0.035347222222,-0.007271611351,-0.081344805608,0.068573613767,0.005259400893,0.007511790950,-0.484774090074,-2.033620140208,1.371472275335,0.262970044631,0.250393031666,6.383402909760,2.033620140208,0
0.660000000000,0.500000000000,0.750000000000,20,12,14400,0.108888888889,0.073125000000,0.671556122449,0.028333333333,0.041785375119,0.811016144349,0.014245014245,0.132953466287,1.000000000000,0.060972222222,0.047916666667,0.035763888889,-0.006785500240,-0.061547958214,-0.020983855651,-0.011088319088,0.093620132954,-0.452366682667,-1.538698955357,-0.419677113010,-0.554415954399,3.120671098460,12.794324125244,3.120671098460,0
0.660000000000,0.525000000000,0.350000000000,20,12,14400,0.108888888889,0.073819444444,0.677933673469,0.028819444444,0.000000000000,0.984948259643,0.015051740357,0.000000000000,1.000000000000,0.060763888889,0.048125000000,0.035069444444,-0.006091055796,-0.103333333333,0.152948259643,-0.010281592976,-0.039333333333,-0.406070386370,-2.583333333325,3.058965192850,-0.514079648776,-1.311111111100,18.179062551761,3.058965192850,0
0.660000000000,0.525000000000,0.375000000000,20,12,14400,0.106180555556,0.071944444444,0.677567037279,0.029583333333,0.000000000000,0.987451737452,0.012548262548,0.000000000000,1.000000000000,0.058888888889,0.047291666667,0.034236111111,-0.007966055796,-0.103333333333,0.155451737452,-0.012785070785,-0.039333333333,-0.531070386370,-2.583333333325,3.109034749035,-0.639253539237,-1.311111111100,18.749401370130,3.109034749035,0
0.660000000000,0.525000000000,0.400000000000,20,12,14400,0.110694444444,0.074722222222,0.675031367629,0.029305555556,0.000000000000,0.986988847584,0.013011152416,0.000000000000,1.000000000000,0.062222222222,0.048472222222,0.035972222222,-0.005188278018,-0.103333333333,0.154988847584,-0.012322180917,-0.039333333333,-0.345885201185,-2.583333333325,3.099776951673,-0.616109045832,-1.311111111100,18.500467535595,3.099776951673,0
0.660000000000,0.525000000000,0.425000000000,20,12,14400,0.110347222222,0.073958333333,0.670232850850,0.028611111111,0.000000000000,0.984037558685,0.015962441315,0.000000000000,1.000000000000,0.061388888889,0.048958333333,0.036388888889,-0.005952166907,-0.103333333333,0.152037558685,-0.009370892018,-0.039333333333,-0.396811127111,-2.583333333325,3.040751173709,-0.468544600922,-1.311111111100,18.015784270783,3.040751173709,0
0.660000000000,0.525000000000,0.450000000000,20,12,14400,0.112430555556,0.076250000000,0.678196417542,0.032708333333,0.000000000000,0.989981785064,0.010018214936,0.000000000000,1.000000000000,0.062708333333,0.049722222222,0.036180555556,-0.003660500240,-0.103333333333,0.157981785064,-0.015315118397,-0.039333333333,-0.244033349333,-2.583333333325,3.159635701275,-0.765755919838,-1.311111111100,19.021855625843,3.159635701275,0
0.660000000000,0.525000000000,0.475000000000,20,12,14400,0.107500000000,0.072638888889,0.675710594315,0.031180555556,0.000000000000,0.988527724665,0.011472275335,0.000000000000,1.000000000000,0.059722222222,0.047777777778,0.034861111111,-0.007271611351,-0.103333333333,0.156527724665,-0.013861057998,-0.039333333333,-0.484774090074,-2.583333333325,3.130554493308,-0.693052899920,-1.311111111100,18.908323132782,3.130554493308,0
0.660000000000,0.525000000000,0.500000000000,20,12,14400,0.107777777778,0.072569444444,0.673324742268,0.028333333333,0.000000000000,0.987559808612,0.012440191388,0.000000000000,1.000000000000,0.060555555556,0.047222222222,0.035208333333,-0.007341055796,-0.103333333333,0.155559808612,-0.012893141945,-0.039333333333,-0.489403719704,-2.583333333325,3.111196172249,-0.644657097272,-1.311111111100,18.727263852856,3.111196172249,0
0.660000000000,0.525000000000,0.525000000000,20,12,14400,0.110277777778,0.075347222222,0.683249370277,0.028611111111,0.000000000000,0.984331797235,0.015668202765,0.000000000000,1.000000000000,0.060555555556,0.049722222222,0.034930555556,-0.004563278018,-0.103333333333,0.152331797235,-0.009665130568,-0.039333333333,-0.304218534519,-2.583333333325,3.046635944700,-0.483256528401,-1.311111111100,18.000699825246,3.046635944700,0
0.660000000000,0.525000000000,0.550000000000,20,12,14400,0.109722222222,0.073888888889,0.673417721519,0.029791666667,0.000000000000,0.985902255639,0.014097744361,0.000000000000,1.000000000000,0.061458333333,0.048263888889,0.035833333333,-0.006021611351,-0.103333333333,0.153902255639,-0.011235588972,-0.039333333333,-0.401440756741,-2.583333333325,3.078045112782,-0.561779448605,-1.311111111100,18.343736003086,3.078045112782,0
0.660000000000,0.525000000000,0.575000000000,20,12,14400,0.109861111111,0.074791666667,0.680783817952,0.030694444444,0.000000000000,0.986072423398,0.013927576602,0.000000000000,1.000000000000,0.061527777778,0.048333333333,0.035069444444,-0.005118833573,-0.103333333333,0.154072423398,-0.011405756731,-0.039333333333,-0.341255571556,-2.583333333325,3.081448467967,-0.570287836566,-1.311111111100,18.329631699105,3.081448467967,0
0.660000000000,0.525000000000,0.600000000000,20,12,14400,0.107291666667,0.071805555556,0.669255663430,0.029583333333,0.000000000000,0.982591876209,0.017408123791,0.000000000000,1.000000000000,0.060138888889,0.047152777778,0.035486111111,-0.008104944684,-0.103333333333,0.150591876209,-0.007925209542,-0.039333333333,-0.540329645630,-2.583333333325,3.011837524178,-0.396260477095,-1.311111111100,17.912767220418,3.011837524178,0
0.660000000000,0.525000000000,0.625000000000,20,12,14400,0.109583333333,0.073750000000,0.673003802281,0.028611111111,0.000000000000,0.985875706215,0.014124293785,0.000000000000,1.000000000000,0.061805555556,0.047777777778,0.035833333333,-0.006160500240,-0.103333333333,0.153875706215,-0.011209039548,-0.039333333333,-0.410700016000,-2.583333333325,3.077514124294,-0.560451977384,-1.311111111100,18.346497564042,3.077514124294,0
0.660000000000,0.525000000000,0.650000000000,20,12,14400,0.108888888889,0.073680555556,0.676658163265,0.028680555556,0.000000000000,0.986804901037,0.013195098963,0.000000000000,1.000000000000,0.060694444444,0.048194444444,0.035208333333,-0.006229944684,-0.103333333333,0.154804901037,-0.012138234370,-0.039333333333,-0.415329645630,-2.583333333325,3.096098020735,-0.606911718488,-1.311111111100,18.519286959295,3.096098020735,0
0.660000000000,0.525000000000,0.675000000000,20,12,14400,0.107708333333,0.073750000000,0.684719535783,0.030069444444,0.001883239171,0.983992467043,0.012241054614,0.001883239171,1.000000000000,0.059305555556,0.048402777778,0.033958333333,-0.006160500240,-0.101450094162,0.151992467043,-0.013092278719,-0.037450094162,-0.410700016000,-2.536252354041,3.039849340866,-0.654613935953,-1.248336472054,17.828797874289,3.039849340866,0
0.660000000000,0.525000000000,0.700000000000,20,12,14400,0.110763888889,0.075208333333,0.678996865204,0.030486111111,0.005540166205,0.971375807941,0.009233610342,0.013850415512,1.000000000000,0.061736111111,0.049027777778,0.035555555556,-0.004702166907,-0.097793167128,0.139375807941,-0.016099722991,-0.025482917821,-0.313477793778,-2.444829178200,2.787516158818,-0.804986149568,-0.849430594018,15.215239408493,2.787516158818,0
0.660000000000,0.525000000000,0.725000000000,20,12,14400,0.109027777778,0.074166666667,0.680254777070,0.030486111111,0.010299625468,0.926029962547,0.002808988764,0.060861423221,1.000000000000,0.060416666667,0.048611111111,0.034861111111,-0.005743833573,-0.093033707865,0.094029962547,-0.022524344569,0.021528089888,-0.382922238222,-2.325842696621,1.880599250936,-1.126217228448,0.717602996266,10.876146538474,2.325842696621,0
0.660000000000,0.525000000000,0.750000000000,20,12,14400,0.107500000000,0.072430555556,0.673772609819,0.029375000000,0.012464046021,0.823585810163,0.000958772771,0.162991371045,1.000000000000,0.060138888889,0.047361111111,0.035069444444,-0.007479944684,-0.090869287312,-0.008414189837,-0.024374560562,0.123658037712,-0.498662978963,-2.271732182798,-0.168283796740,-1.218728028107,4.121934590402,23.913394087239,4.121934590402,0
0.660000000000,0.550000000000,0.350000000000,20,12,14400,0.107430555556,0.072708333333,0.676793794441,0.028194444444,0.000000000000,0.999044890162,0.000955109838,0.000000000000,1.000000000000,0.059583333333,0.047847222222,0.034722222222,-0.007202166907,-0.103333333333,0.167044890162,-0.024378223495,-0.039333333333,-0.480144460444,-2.583333333325,3.340897803247,-1.218911174768,-1.311111111100,21.270504743332,3.340897803247,0
0.660000000000,0.550000000000,0.375000000000,20,12,14400,0.106666666667,0.072638888889,0.680989583333,0.028194444444,0.000000000000,0.997131931166,0.002868068834,0.000000000000,1.000000000000,0.058750000000,0.047916666667,0.034027777778,-0.007271611351,-0.103333333333,0.165131931166,-0.022465264499,-0.039333333333,-0.484774090074,-2.583333333325,3.302638623327,-1.123263224967,-1.311111111100,20.796771523980,3.302638623327,0
0.660000000000,0.550000000000,0.400000000000,20,12,14400,0.108333333333,0.072500000000,0.669230769231,0.028819444444,0.000000000000,0.997126436782,0.002873563218,0.000000000000,1.000000000000,0.061041666667,0.047291666667,0.035833333333,-0.007410500240,-0.103333333333,0.165126436782,-0.022459770115,-0.039333333333,-0.494033349333,-2.583333333325,3.302528735632,-1.122988505730,-1.311111111100,20.804491640651,3.302528735632,0
0.660000000000,0.550000000000,0.425000000000,20,12,14400,0.109375000000,0.074375000000,0.680000000000,0.028611111111,0.000000000000,0.999066293184,0.000933706816,0.000000000000,1.000000000000,0.060069444444,0.049305555556,0.035000000000,-0.005535500240,-0.103333333333,0.167066293184,-0.024399626517,-0.039333333333,-0.369033349333,-2.583333333325,3.341325863679,-1.219981325847,-1.311111111100,21.181622032342,3.341325863679,0
0.660000000000,0.550000000000,0.450000000000,20,12,14400,0.109722222222,0.073680555556,0.671518987342,0.029305555556,0.000000000000,0.999057492931,0.000942507069,0.000000000000,1.000000000000,0.061319444444,0.048402777778,0.036041666667,-0.006229944684,-0.103333333333,0.167057492931,-0.024390826264,-0.039333333333,-0.415329645630,-2.583333333325,3.341149858624,-1.219541313210,-1.311111111100,21.215685563665,3.341149858624,0
0.660000000000,0.550000000000,0.475000000000,20,12,14400,0.107916666667,0.073125000000,0.677606177606,0.029166666667,0.000000000000,0.998100664767,0.001899335233,0.000000000000,1.000000000000,0.060208333333,0.047708333333,0.034791666667,-0.006785500240,-0.103333333333,0.166100664767,-0.023433998100,-0.039333333333,-0.452366682667,-2.583333333325,3.322013295347,-1.171699905017,-1.311111111100,21.005912074180,3.322013295347,0
0.660000000000,0.550000000000,0.500000000000,20,12,14400,0.110277777778,0.074722222222,0.677581863980,0.029444444444,0.000000000000,0.997211895911,0.002788104089,0.000000000000,1.000000000000,0.061250000000,0.049027777778,0.035555555556,-0.005188278018,-0.103333333333,0.165211895911,-0.022545229244,-0.039333333333,-0.345885201185,-2.583333333325,3.304237918216,-1.127261462189,-1.311111111100,20.700966653427,3.304237918216,0
0.660000000000,0.550000000000,0.525000000000,20,12,14400,0.108402777778,0.072638888889,0.670083279949,0.029027777778,0.000000000000,0.998087954111,0.001912045889,0.000000000000,1.000000000000,0.060277777778,0.048125000000,0.035763888889,-0.007271611351,-0.103333333333,0.166087954111,-0.023421287444,-0.039333333333,-0.484774090074,-2.583333333325,3.321759082218,-1.171064372195,-1.311111111100,21.033104539247,3.321759082218,0
0.660000000000,0.550000000000,0.550000000000,20,12,14400,0.109444444444,0.073888888889,0.675126903553,0.028958333333,0.000000000000,0.998120300752,0.001879699248,0.000000000000,1.000000000000,0.060763888889,0.048680555556,0.035555555556,-0.006021611351,-0.103333333333,0.166120300752,-0.023453634085,-0.039333333333,-0.401440756741,-2.583333333325,3.322406015038,-1.172681704244,-1.311111111100,20.967342246117,3.322406015038,0
0.660000000000,0.550000000000,0.575000000000,20,12,14400,0.108958333333,0.073472222222,0.674314850223,0.030486111111,0.000000000000,0.998109640832,0.001890359168,0.000000000000,1.000000000000,0.060555555556,0.048402777778,0.035486111111,-0.006438278018,-0.103333333333,0.166109640832,-0.023442974165,-0.039333333333,-0.429218534519,-2.583333333325,3.322192816635,-1.172148708238,-1.311111111100,20.987749712218,3.322192816635,0
0.660000000000,0.550000000000,0.600000000000,20,12,14400,0.108888888889,0.072708333333,0.667729591837,0.028750000000,0.000000000000,0.999044890162,0.000955109838,0.000000000000,1.000000000000,0.061250000000,0.047638888889,0.036180555556,-0.007202166907,-0.103333333333,0.167044890162,-0.024378223495,-0.039333333333,-0.480144460444,-2.583333333325,3.340897803247,-1.218911174768,-1.311111111100,21.270504743332,3.340897803247,0
0.660000000000,0.550000000000,0.625000000000,20,12,14400,0.112152777778,0.075763888889,0.675541795666,0.028888888889,0.000000000000,0.998166819432,0.001833180568,0.000000000000,1.000000000000,0.062847222222,0.049305555556,0.036388888889,-0.004146611351,-0.103333333333,0.166166819432,-0.023500152765,-0.039333333333,-0.276440756741,-2.583333333325,3.323336388634,-1.175007638236,-1.311111111100,20.894250650638,3.323336388634,0
0.660000000000,0.550000000000,0.650000000000,20,12,14400,0.105833333333,0.071388888889,0.674540682415,0.030555555556,0.000000000000,0.996108949416,0.001945525292,0.001945525292,1.000000000000,0.058888888889,0.046944444444,0.034444444444,-0.008521611351,-0.103333333333,0.164108949416,-0.023387808041,-0.037387808041,-0.568107423407,-2.583333333325,3.282178988327,-1.169390402059,-1.246260268039,20.689694635132,3.282178988327,0
0.660000000000,0.550000000000,0.675000000000,20,12,14400,0.110069444444,0.075000000000,0.681388012618,0.030138888889,0.000925925926,0.993518518519,0.000925925926,0.004629629630,1.000000000000,0.060277777778,0.049791666667,0.035069444444,-0.004910500240,-0.102407407407,0.161518518519,-0.024407407407,-0.034703703703,-0.327366682667,-2.560185185177,3.230370370370,-1.220370370354,-1.156790123446,19.924477087625,3.230370370370,0
0.660000000000,0.550000000000,0.700000000000,20,12,14400,0.106458333333,0.072291666667,0.679060665362,0.029236111111,0.000000000000,0.976945244957,0.001921229587,0.021133525456,1.000000000000,0.059305555556,0.047152777778,0.034166666667,-0.007618833573,-0.103333333333,0.144945244957,-0.023412103746,-0.018199807877,-0.507922238222,-2.583333333325,2.898904899135,-1.170605187303,-0.606660262557,17.073598904087,2.898904899135,0
0.660000000000,0.550000000000,0.725000000000,20,12,14400,0.111180555556,0.075069444444,0.675202998126,0.029930555556,0.000925069380,0.930619796485,0.000000000000,0.068455134135,1.000000000000,0.062430555556,0.048750000000,0.036111111111,-0.004841055796,-0.102408263953,0.098619796485,-0.025333333333,0.029121800802,-0.322737053037,-2.560206598820,1.972395929695,-1.266666666650,0.970726693402,13.095917495206,2.560206598820,0
0.660000000000,0.550000000000,0.750000000000,20,12,14400,0.107569444444,0.073263888889,0.681084570691,0.030000000000,0.001895734597,0.824644549763,0.000000000000,0.173459715640,1.000000000000,0.059861111111,0.047708333333,0.034305555556,-0.006646611351,-0.101437598736,-0.007355450237,-0.025333333333,0.134126382307,-0.443107423407,-2.535939968396,-0.147109004739,-1.266666666650,4.470879410227,28.242183916457,4.470879410227,0
0.660000000000,0.575000000000,0.350000000000,20,12,14400,0.108888888889,0.073611111111,0.676020408163,0.029791666667,0.000000000000,0.999056603774,0.000943396226,0.000000000000,1.000000000000,0.060416666667,0.048472222222,0.035277777778,-0.006299389129,-0.103333333333,0.167056603774,-0.024389937107,-0.039333333333,-0.419959275259,-2.583333333325,3.341132075472,-1.219496855329,-1.311111111100,21.219325375498,3.341132075472,0
0.660000000000,0.575000000000,0.375000000000,20,12,14400,0.109305555556,0.073888888889,0.675984752224,0.029375000000,0.000000000000,0.999060150376,0.000939849624,0.000000000000,1.000000000000,0.060833333333,0.048472222222,0.035416666667,-0.006021611351,-0.103333333333,0.167060150376,-0.024393483709,-0.039333333333,-0.401440756741,-2.583333333325,3.341203007519,-1.219674185447,-1.311111111100,21.205020793989,3.341203007519,0
0.660000000000,0.575000000000,0.400000000000,20,12,14400,0.107708333333,0.072916666667,0.676982591876,0.028680555556,0.000000000000,0.999047619048,0.000952380952,0.000000000000,1.000000000000,0.059652777778,0.048055555556,0.034791666667,-0.006993833573,-0.103333333333,0.167047619048,-0.024380952381,-0.039333333333,-0.466255571556,-2.583333333325,3.340952380952,-1.219047619031,-1.311111111100,21.258057623981,3.340952380952,0
0.660000000000,0.575000000000,0.425000000000,20,12,14400,0.108819444444,0.074097222222,0.680918953414,0.027430555556,0.000000000000,0.999062792877,0.000937207123,0.000000000000,1.000000000000,0.060486111111,0.048333333333,0.034722222222,-0.005813278018,-0.103333333333,0.167062792877,-0.024396126210,-0.039333333333,-0.387551867852,-2.583333333325,3.341255857545,-1.219806310511,-1.311111111100,21.194738047732,3.341255857545,0
0.660000000000,0.575000000000,0.450000000000,20,12,14400,0.110555555556,0.074861111111,0.677135678392,0.030694444444,0.000000000000,0.999072356215,0.000927643785,0.000000000000,1.000000000000,0.062013888889,0.048541666667,0.035694444444,-0.005049389129,-0.103333333333,0.167072356215,-0.024405689548,-0.039333333333,-0.336625941926,-2.583333333325,3.341447124304,-1.220284477411,-1.311111111100,21.160303571826,3.341447124304,0
0.660000000000,0.575000000000,0.475000000000,20,12,14400,0.109861111111,0.074166666667,0.675094816688,0.029722222222,0.000000000000,0.999063670412,0.000936329588,0.000000000000,1.000000000000,0.061458333333,0.048402777778,0.035694444444,-0.005743833573,-0.103333333333,0.167063670412,-0.024397003745,-0.039333333333,-0.382922238222,-2.583333333325,3.341273408240,-1.219850187249,-1.311111111100,21.191395365185,3.341273408240,0
0.660000000000,0.575000000000,0.500000000000,20,12,14400,0.107986111111,0.073125000000,0.677170418006,0.028888888889,0.000000000000,0.999050332384,0.000949667616,0.000000000000,1.000000000000,0.060208333333,0.047777777778,0.034861111111,-0.006785500240,-0.103333333333,0.167050332384,-0.024383665717,-0.039333333333,-0.452366682667,-2.583333333325,3.341006647673,-1.219183285833,-1.311111111100,21.245992376557,3.341006647673,0
0.660000000000,0.575000000000,0.525000000000,20,12,14400,0.109305555556,0.074166666667,0.678526048285,0.030972222222,0.000000000000,0.999063670412,0.000936329588,0.000000000000,1.000000000000,0.060208333333,0.049097222222,0.035138888889,-0.005743833573,-0.103333333333,0.167063670412,-0.024397003745,-0.039333333333,-0.382922238222,-2.583333333325,3.341273408240,-1.219850187249,-1.311111111100,21.191395365185,3.341273408240,0
0.660000000000,0.575000000000,0.550000000000,20,12,14400,0.109097222222,0.074236111111,0.680458306811,0.027291666667,0.000000000000,0.999064546305,0.000935453695,0.000000000000,1.000000000000,0.059861111111,0.049236111111,0.034861111111,-0.005674389129,-0.103333333333,0.167064546305,-0.024397879638,-0.039333333333,-0.378292608593,-2.583333333325,3.341290926099,-1.219893981898,-1.311111111100,21.188095134337,3.341290926099,0
0.660000000000,0.575000000000,0.575000000000,20,12,14400,0.108541666667,0.073541666667,0.677543186180,0.030277777778,0.000000000000,0.999055712937,0.000944287063,0.000000000000,1.000000000000,0.060486111111,0.048055555556,0.035000000000,-0.006368833573,-0.103333333333,0.167055712937,-0.024389046270,-0.039333333333,-0.424588904889,-2.583333333325,3.341114258735,-1.219452313487,-1.311111111100,21.223007629661,3.341114258735,0
0.660000000000,0.575000000000,0.600000000000,20,12,14400,0.107222222222,0.073541666667,0.685880829016,0.030972222222,0.000000000000,0.999055712937,0.000944287063,0.000000000000,1.000000000000,0.059236111111,0.047986111111,0.033680555556,-0.006368833573,-0.103333333333,0.167055712937,-0.024389046270,-0.039333333333,-0.424588904889,-2.583333333325,3.341114258735,-1.219452313487,-1.311111111100,21.223007629661,3.341114258735,0
0.660000000000,0.575000000000,0.625000000000,20,12,14400,0.108819444444,0.074375000000,0.683471601787,0.031875000000,0.000000000000,0.999066293184,0.000933706816,0.000000000000,1.000000000000,0.060416666667,0.048402777778,0.034444444444,-0.005535500240,-0.103333333333,0.167066293184,-0.024399626517,-0.039333333333,-0.369033349333,-2.583333333325,3.341325863679,-1.219981325847,-1.311111111100,21.181622032343,3.341325863679,0
0.660000000000,0.575000000000,0.650000000000,20,12,14400,0.108680555556,0.073125000000,0.672843450479,0.027638888889,0.000000000000,0.998100664767,0.000949667616,0.000949667616,1.000000000000,0.060347222222,0.048333333333,0.035555555556,-0.006785500240,-0.103333333333,0.166100664767,-0.024383665717,-0.038383665717,-0.452366682667,-2.583333333325,3.322013295347,-1.219183285833,-1.279455523889,21.037433383180,3.322013295347,0
0.660000000000,0.575000000000,0.675000000000,20,12,14400,0.107777777778,0.073194444444,0.679123711340,0.028055555556,0.000000000000,0.995256166983,0.000948766603,0.003795066414,1.000000000000,0.059861111111,0.047916666667,0.034583333333,-0.006716055796,-0.103333333333,0.163256166983,-0.024384566730,-0.035538266919,-0.447737053037,-2.583333333325,3.265123339658,-1.219228336479,-1.184608897311,20.424925978976,3.265123339658,0
0.660000000000,0.575000000000,0.700000000000,20,12,14400,0.106388888889,0.072152777778,0.678198433420,0.028680555556,0.000000000000,0.978825794033,0.000962463908,0.020211742060,1.000000000000,0.059375000000,0.047013888889,0.034236111111,-0.007757722462,-0.103333333333,0.146825794033,-0.024370869425,-0.019121591273,-0.517181497481,-2.583333333325,2.936515880654,-1.218543471270,-0.637386375778,17.455322913142,2.936515880654,0
0.660000000000,0.575000000000,0.725000000000,20,12,14400,0.108958333333,0.072986111111,0.669853409815,0.028541666667,0.000951474786,0.933396764986,0.000000000000,0.065651760228,1.000000000000,0.060833333333,0.048125000000,0.035972222222,-0.006924389129,-0.102381858547,0.101396764986,-0.025333333333,0.026318426895,-0.461625941926,-2.559546463677,2.027935299715,-1.266666666650,0.877280896512,13.250964405596,2.559546463677,0
0.660000000000,0.575000000000,0.750000000000,20,12,14400,0.108055555556,0.072777777778,0.673521850900,0.028958333333,0.000954198473,0.833969465649,0.000000000000,0.165076335878,1.000000000000,0.059375000000,0.048680555556,0.035277777778,-0.007132722462,-0.102379134860,0.001969465649,-0.025333333333,0.125743002545,-0.475514830815,-2.559478371493,0.039389312977,-1.266666666650,4.191433418162,25.951153949729,4.191433418162,0
0.660000000000,0.600000000000,0.350000000000,20,12,14400,0.108263888889,0.073402777778,0.677998717126,0.029513888889,0.000000000000,1.000000000000,0.000000000000,0.000000000000,0.000000000000,0.060347222222,0.047916666667,0.034861111111,-0.006507722462,-0.103333333333,0.168000000000,-0.025333333333,-0.039333333333,-0.433848164148,-2.583333333325,3.360000000000,-1.266666666650,-1.311111111100,21.474892130655,3.360000000000,0
0.660000000000,0.600000000000,0.375000000000,20,12,14400,0.108819444444,0.073263888889,0.673261008296,0.027430555556,0.000000000000,1.000000000000,0.000000000000,0.000000000000,0.000000000000,0.060555555556,0.048263888889,0.035555555556,-0.006646611351,-0.103333333333,0.168000000000,-0.025333333333,-0.039333333333,-0.443107423407,-2.583333333325,3.360000000000,-1.266666666650,-1.311111111100,21.483012089799,3.360000000000,0
0.660000000000,0.600000000000,0.400000000000,20,12,14400,0.108958333333,0.073888888889,0.678138942001,0.030208333333,0.000000000000,1.000000000000,0.000000000000,0.000000000000,0.000000000000,0.060138888889,0.048819444444,0.035069444444,-0.006021611351,-0.103333333333,0.168000000000,-0.025333333333,-0.039333333333,-0.401440756741,-2.583333333325,3.360000000000,-1.266666666650,-1.311111111100,21.447822582293,3.360000000000,0
0.660000000000,0.600000000000,0.425000000000,20,12,14400,0.108263888889,0.073611111111,0.679923027582,0.030416666667,0.000000000000,1.000000000000,0.000000000000,0.000000000000,0.000000000000,0.059513888889,0.048750000000,0.034652777778,-0.006299389129,-0.103333333333,0.168000000000,-0.025333333333,-0.039333333333,-0.419959275259,-2.583333333325,3.360000000000,-1.266666666650,-1.311111111100,21.463033693996,3.360000000000,0
0.660000000000,0.600000000000,0.450000000000,20,12,14400,0.108541666667,0.073055555556,0.673064619322,0.029791666667,0.000000000000,1.000000000000,0.000000000000,0.000000000000,0.000000000000,0.060416666667,0.048125000000,0.035486111111,-0.006854944684,-0.103333333333,0.168000000000,-0.025333333333,-0.039333333333,-0.456996312296,-2.583333333325,3.360000000000,-1.266666666650,-1.311111111100,21.495513530573,3.360000000000,0
0.660000000000,0.600000000000,0.475000000000,20,12,14400,0.109583333333,0.073472222222,0.670468948035,0.029097222222,0.000000000000,1.000000000000,0.000000000000,0.000000000000,0.000000000000,0.061597222222,0.047986111111,0.036111111111,-0.006438278018,-0.103333333333,0.168000000000,-0.025333333333,-0.039333333333,-0.429218534519,-2.583333333325,3.360000000000,-1.266666666650,-1.311111111100,21.470896451494,3.360000000000,0
0.660000000000,0.600000000000,0.500000000000,20,12,14400,0.108750000000,0.073472222222,0.675606641124,0.029861111111,0.000000000000,1.000000000000,0.000000000000,0.000000000000,0.000000000000,0.060555555556,0.048194444444,0.035277777778,-0.006438278018,-0.103333333333,0.168000000000,-0.025333333333,-0.039333333333,-0.429218534519,-2.583333333325,3.360000000000,-1.266666666650,-1.311111111100,21.470896451494,3.360000000000,0
0.660000000000,0.600000000000,0.525000000000,20,12,14400,0.107500000000,0.073750000000,0.686046511628,0.027986111111,0.000000000000,1.000000000000,0.000000000000,0.000000000000,0.000000000000,0.059166666667,0.048333333333,0.033750000000,-0.006160500240,-0.103333333333,0.168000000000,-0.025333333333,-0.039333333333,-0.410700016000,-2.583333333325,3.360000000000,-1.266666666650,-1.311111111100,21.455342404263,3.360000000000,0
0.660000000000,0.600000000000,0.550000000000,20,12,14400,0.109166666667,0.073194444444,0.670483460560,0.029027777778,0.000000000000,1.000000000000,0.000000000000,0.000000000000,0.000000000000,0.060902777778,0.048263888889,0.035972222222,-0.006716055796,-0.103333333333,0.168000000000,-0.025333333333,-0.039333333333,-0.447737053037,-2.583333333325,3.360000000000,-1.266666666650,-1.311111111100,21.487136369782,3.360000000000,0
0.660000000000,0.600000000000,0.575000000000,20,12,14400,0.110347222222,0.075000000000,0.679672750157,0.029583333333,0.000000000000,1.000000000000,0.000000000000,0.000000000000,0.000000000000,0.061388888889,0.048958333333,0.035347222222,-0.004910500240,-0.103333333333,0.168000000000,-0.025333333333,-0.039333333333,-0.327366682667,-2.583333333325,3.360000000000,-1.266666666650,-1.311111111100,21.393836846040,3.360000000000,0
0.660000000000,0.600000000000,0.600000000000,20,12,14400,0.109444444444,0.073402777778,0.670685279188,0.030972222222,0.000000000000,1.000000000000,0.000000000000,0.000000000000,0.000000000000,0.061527777778,0.047916666667,0.036041666667,-0.006507722462,-0.103333333333,0.168000000000,-0.025333333333,-0.039333333333,-0.433848164148,-2.583333333325,3.360000000000,-1.266666666650,-1.311111111100,21.474892130655,3.360000000000,0
0.660000000000,0.600000000000,0.625000000000,20,12,14400,0.109583333333,0.073958333333,0.674904942966,0.027638888889,0.000000000000,1.000000000000,0.000000000000,0.000000000000,0.000000000000,0.061805555556,0.047777777778,0.035625000000,-0.005952166907,-0.103333333333,0.168000000000,-0.025333333333,-0.039333333333,-0.396811127111,-2.583333333325,3.360000000000,-1.266666666650,-1.311111111100,21.444126971719,3.360000000000,0
0.660000000000,0.600000000000,0.650000000000,20,12,14400,0.109652777778,0.074027777778,0.675110829639,0.030555555556,0.000000000000,0.999061913696,0.000000000000,0.000938086304,0.000000000000,0.061597222222,0.048055555556,0.035625000000,-0.005882722462,-0.103333333333,0.167061913696,-0.025333333333,-0.038395247029,-0.392181497481,-2.583333333325,3.341238273921,-1.266666666650,-1.279841567635,21.233729523800,3.341238273921,0
0.660000000000,0.600000000000,0.675000000000,20,12,14400,0.109375000000,0.074861111111,0.684444444444,0.029513888889,0.000000000000,0.996289424861,0.000000000000,0.003710575139,0.000000000000,0.061180555556,0.048194444444,0.034513888889,-0.005049389129,-0.103333333333,0.164289424861,-0.025333333333,-0.035622758194,-0.336625941926,-2.583333333325,3.285788497217,-1.266666666650,-1.187425273128,20.597757407956,3.285788497217,0
0.660000000000,0.600000000000,0.700000000000,20,12,14400,0.110347222222,0.075347222222,0.682819383260,0.029305555556,0.000000000000,0.976958525346,0.000000000000,0.023041474654,0.000000000000,0.060972222222,0.049375000000,0.035000000000,-0.004563278018,-0.103333333333,0.144958525346,-0.025333333333,-0.016291858679,-0.304218534519,-2.583333333325,2.899170506912,-1.266666666650,-0.543061955954,17.070710388370,2.899170506912,0
0.660000000000,0.600000000000,0.725000000000,20,12,14400,0.108055555556,0.073055555556,0.676092544987,0.029513888889,0.000000000000,0.930608365019,0.000000000000,0.069391634981,0.000000000000,0.059791666667,0.048263888889,0.035000000000,-0.006854944684,-0.103333333333,0.098608365019,-0.025333333333,0.030058301648,-0.456996312296,-2.583333333325,1.972167300380,-1.266666666650,1.001943388266,13.380235598902,2.583333333325,0
0.660000000000,0.600000000000,0.750000000000,20,12,14400,0.107986111111,0.072986111111,0.675884244373,0.029444444444,0.000000000000,0.817316841104,0.000000000000,0.182683158896,0.000000000000,0.059861111111,0.048125000000,0.035000000000,-0.006924389129,-0.103333333333,-0.014683158896,-0.025333333333,0.143349825563,-0.461625941926,-2.583333333325,-0.293663177926,-1.266666666650,4.778327518776,31.409806004494,4.778327518776,0
0.660000000000,0.625000000000,0.350000000000,20,12,14400,0.107361111111,0.073055555556,0.680465717982,0.030625000000,0.000000000000,1.000000000000,0.000000000000,0.000000000000,0.000000000000,0.059166666667,0.048194444444,0.034305555556,-0.006854944684,-0.103333333333,0.168000000000,-0.025333333333,-0.039333333333,-0.456996312296,-2.583333333325,3.360000000000,-1.266666666650,-1.311111111100,21.495513530573,3.360000000000,0
0.660000000000,0.625000000000,0.375000000000,20,12,14400,0.106944444444,0.072500000000,0.677922077922,0.031041666667,0.000000000000,1.000000000000,0.000000000000,0.000000000000,0.000000000000,0.059236111111,0.047708333333,0.034444444444,-0.007410500240,-0.103333333333,0.168000000000,-0.025333333333,-0.039333333333,-0.494033349333,-2.583333333325,3.360000000000,-1.266666666650,-1.311111111100,21.530736851374,3.360000000000,0
0.660000000000,0.625000000000,0.400000000000,20,12,14400,0.110138888889,0.074097222222,0.672761664565,0.030000000000,0.000000000000,1.000000000000,0.000000000000,0.000000000000,0.000000000000,0.061666666667,0.048472222222,0.036041666667,-0.005813278018,-0.103333333333,0.168000000000,-0.025333333333,-0.039333333333,-0.387551867852,-2.583333333325,3.360000000000,-1.266666666650,-1.311111111100,21.436864351396,3.360000000000,0
0.660000000000,0.625000000000,0.425000000000,20,12,14400,0.107986111111,0.072638888889,0.672668810289,0.028680555556,0.000000000000,1.000000000000,0.000000000000,0.000000000000,0.000000000000,0.060486111111,0.047500000000,0.035347222222,-0.007271611351,-0.103333333333,0.168000000000,-0.025333333333,-0.039333333333,-0.484774090074,-2.583333333325,3.360000000000,-1.266666666650,-1.311111111100,21.521673819527,3.360000000000,0
0.660000000000,0.625000000000,0.450000000000,20,12,14400,0.110625000000,0.074861111111,0.676710608914,0.029722222222,0.000000000000,1.000000000000,0.000000000000,0.000000000000,0.000000000000,0.062430555556,0.048194444444,0.035763888889,-0.005049389129,-0.103333333333,0.168000000000,-0.025333333333,-0.039333333333,-0.336625941926,-2.583333333325,3.360000000000,-1.266666666650,-1.311111111100,21.399984925898,3.360000000000,0
0.660000000000,0.625000000000,0.475000000000,20,12,14400,0.108819444444,0.073750000000,0.677728142948,0.029722222222,0.000000000000,1.000000000000,0.000000000000,0.000000000000,0.000000000000,0.059861111111,0.048958333333,0.035069444444,-0.006160500240,-0.103333333333,0.168000000000,-0.025333333333,-0.039333333333,-0.410700016000,-2.583333333325,3.360000000000,-1.266666666650,-1.311111111100,21.455342404263,3.360000000000,0
0.660000000000,0.625000000000,0.500000000000,20,12,14400,0.108611111111,0.073541666667,0.677109974425,0.030416666667,0.000000000000,1.000000000000,0.000000000000,0.000000000000,0.000000000000,0.060347222222,0.048263888889,0.035069444444,-0.006368833573,-0.103333333333,0.168000000000,-0.025333333333,-0.039333333333,-0.424588904889,-2.583333333325,3.360000000000,-1.266666666650,-1.311111111100,21.466943639275,3.360000000000,0
0.660000000000,0.625000000000,0.525000000000,20,12,14400,0.109027777778,0.073541666667,0.674522292994,0.029444444444,0.000000000000,1.000000000000,0.000000000000,0.000000000000,0.000000000000,0.060833333333,0.048194444444,0.035486111111,-0.006368833573,-0.103333333333,0.168000000000,-0.025333333333,-0.039333333333,-0.424588904889,-2.583333333325,3.360000000000,-1.266666666650,-1.311111111100,21.466943639275,3.360000000000,0
0.660000000000,0.625000000000,0.550000000000,20,12,14400,0.110833333333,0.075625000000,0.682330827068,0.031111111111,0.000000000000,1.000000000000,0.000000000000,0.000000000000,0.000000000000,0.061805555556,0.049027777778,0.035208333333,-0.004285500240,-0.103333333333,0.168000000000,-0.025333333333,-0.039333333333,-0.285700016000,-2.583333333325,3.360000000000,-1.266666666650,-1.311111111100,21.368292400263,3.360000000000,0
0.660000000000,0.625000000000,0.575000000000,20,12,14400,0.109722222222,0.075069444444,0.684177215190,0.030972222222,0.000000000000,1.000000000000,0.000000000000,0.000000000000,0.000000000000,0.060972222222,0.048750000000,0.034652777778,-0.004841055796,-0.103333333333,0.168000000000,-0.025333333333,-0.039333333333,-0.322737053037,-2.583333333325,3.360000000000,-1.266666666650,-1.311111111100,21.390827106523,3.360000000000,0
0.660000000000,0.625000000000,0.600000000000,20,12,14400,0.109861111111,0.074236111111,0.675726927939,0.030138888889,0.000000000000,1.000000000000,0.000000000000,0.000000000000,0.000000000000,0.060902777778,0.048958333333,0.035625000000,-0.005674389129,-0.103333333333,0.168000000000,-0.025333333333,-0.039333333333,-0.378292608593,-2.583333333325,3.360000000000,-1.266666666650,-1.311111111100,21.429773198836,3.360000000000,0
0.660000000000,0.625000000000,0.625000000000,20,12,14400,0.110347222222,0.073958333333,0.670232850850,0.030138888889,0.000000000000,1.000000000000,0.000000000000,0.000000000000,0.000000000000,0.061180555556,0.049166666667,0.036388888889,-0.005952166907,-0.103333333333,0.168000000000,-0.025333333333,-0.039333333333,-0.396811127111,-2.583333333325,3.360000000000,-1.266666666650,-1.311111111100,21.444126971719,3.360000000000,0
0.660000000000,0.625000000000,0.650000000000,20,12,14400,0.111388888889,0.075208333333,0.675187032419,0.030833333333,0.000000000000,0.999076638966,0.000000000000,0.000923361034,0.000000000000,0.062152777778,0.049236111111,0.036180555556,-0.004702166907,-0.103333333333,0.167076638966,-0.025333333333,-0.038409972299,-0.313477793778,-2.583333333325,3.341532779317,-1.266666666650,-1.280332409961,21.181416277907,3.341532779317,0
0.660000000000,0.625000000000,0.675000000000,20,12,14400,0.108888888889,0.074097222222,0.680484693878,0.029027777778,0.000000000000,0.996251171509,0.000000000000,0.003748828491,0.000000000000,0.060277777778,0.048611111111,0.034791666667,-0.005813278018,-0.103333333333,0.164251171509,-0.025333333333,-0.035584504842,-0.387551867852,-2.583333333325,3.285023430178,-1.266666666650,-1.186150161397,20.626583147946,3.285023430178,0
0.660000000000,0.625000000000,0.700000000000,20,12,14400,0.109097222222,0.073055555556,0.669637173775,0.027916666667,0.000000000000,0.978136882129,0.000000000000,0.021863117871,0.000000000000,0.061319444444,0.047777777778,0.036041666667,-0.006854944684,-0.103333333333,0.146136882129,-0.025333333333,-0.017470215462,-0.456996312296,-2.583333333325,2.922737642586,-1.266666666650,-0.582340515409,17.368416988196,2.922737642586,0
0.660000000000,0.625000000000,0.725000000000,20,12,14400,0.110138888889,0.075486111111,0.685372005044,0.030416666667,0.000000000000,0.935602575897,0.000000000000,0.064397424103,0.000000000000,0.060555555556,0.049583333333,0.034652777778,-0.004424389129,-0.103333333333,0.103602575897,-0.025333333333,0.025064090770,-0.294959275259,-2.583333333325,2.072051517939,-1.266666666650,0.835469692335,13.356463629336,2.583333333325,0
0.660000000000,0.625000000000,0.750000000000,20,12,14400,0.107500000000,0.072500000000,0.674418604651,0.029027777778,0.000000000000,0.817049808429,0.000000000000,0.182950191571,0.000000000000,0.060000000000,0.047500000000,0.035000000000,-0.007410500240,-0.103333333333,-0.014950191571,-0.025333333333,0.143616858238,-0.494033349333,-2.583333333325,-0.299003831418,-1.266666666650,4.787228607929,31.529085541503,4.787228607929,0
0.660000000000,0.650000000000,0.350000000000,20,12,14400,0.109097222222,0.073819444444,0.676639083386,0.030347222222,0.000000000000,1.000000000000,0.000000000000,0.000000000000,0.000000000000,0.060763888889,0.048333333333,0.035277777778,-0.006091055796,-0.103333333333,0.168000000000,-0.025333333333,-0.039333333333,-0.406070386370,-2.583333333325,3.360000000000,-1.266666666650,-1.311111111100,21.451561059807,3.360000000000,0
0.660000000000,0.650000000000,0.375000000000,20,12,14400,0.107777777778,0.073194444444,0.679123711340,0.029444444444,0.000000000000,1.000000000000,0.000000000000,0.000000000000,0.000000000000,0.060486111111,0.047291666667,0.034583333333,-0.006716055796,-0.103333333333,0.168000000000,-0.025333333333,-0.039333333333,-0.447737053037,-2.583333333325,3.360000000000,-1.266666666650,-1.311111111100,21.487136369782,3.360000000000,0
0.660000000000,0.650000000000,0.400000000000,20,12,14400,0.110208333333,0.074444444444,0.675488342785,0.029652777778,0.000000000000,1.000000000000,0.000000000000,0.000000000000,0.000000000000,0.061180555556,0.049027777778,0.035763888889,-0.005466055796,-0.103333333333,0.168000000000,-0.025333333333,-0.039333333333,-0.364403719704,-2.583333333325,3.360000000000,-1.266666666650,-1.311111111100,21.419457972054,3.360000000000,0
0.660000000000,0.650000000000,0.425000000000,20,12,14400,0.106875000000,0.072222222222,0.675763482781,0.030277777778,0.000000000000,1.000000000000,0.000000000000,0.000000000000,0.000000000000,0.059375000000,0.047500000000,0.034652777778,-0.007688278018,-0.103333333333,0.168000000000,-0.025333333333,-0.039333333333,-0.512551867852,-2.583333333325,3.360000000000,-1.266666666650,-1.311111111100,21.549377318359,3.360000000000,0
0.660000000000,0.650000000000,0.450000000000,20,12,14400,0.109166666667,0.073958333333,0.677480916031,0.031041666667,0.000000000000,1.000000000000,0.000000000000,0.000000000000,0.000000000000,0.060972222222,0.048194444444,0.035208333333,-0.005952166907,-0.103333333333,0.168000000000,-0.025333333333,-0.039333333333,-0.396811127111,-2.583333333325,3.360000000000,-1.266666666650,-1.311111111100,21.444126971719,3.360000000000,0
0.660000000000,0.650000000000,0.475000000000,20,12,14400,0.109513888889,0.074652777778,0.681674064680,0.028194444444,0.000000000000,1.000000000000,0.000000000000,0.000000000000,0.000000000000,0.061250000000,0.048263888889,0.034861111111,-0.005257722462,-0.103333333333,0.168000000000,-0.025333333333,-0.039333333333,-0.350514830815,-2.583333333325,3.360000000000,-1.266666666650,-1.311111111100,21.409528547741,3.360000000000,0
0.660000000000,0.650000000000,0.500000000000,20,12,14400,0.109861111111,0.073680555556,0.670670037927,0.029236111111,0.000000000000,1.000000000000,0.000000000000,0.000000000000,0.000000000000,0.061666666667,0.048194444444,0.036180555556,-0.006229944684,-0.103333333333,0.168000000000,-0.025333333333,-0.039333333333,-0.415329645630,-2.583333333325,3.360000000000,-1.266666666650,-1.311111111100,21.459166615659,3.360000000000,0
0.660000000000,0.650000000000,0.525000000000,20,12,14400,0.109375000000,0.074027777778,0.676825396825,0.028055555556,0.000000000000,1.000000000000,0.000000000000,0.000000000000,0.000000000000,0.061250000000,0.048125000000,0.035347222222,-0.005882722462,-0.103333333333,0.168000000000,-0.025333333333,-0.039333333333,-0.392181497481,-2.583333333325,3.360000000000,-1.266666666650,-1.311111111100,21.440474228087,3.360000000000,0
0.660000000000,0.650000000000,0.550000000000,20,12,14400,0.109236111111,0.073472222222,0.672600127146,0.030138888889,0.000000000000,1.000000000000,0.000000000000,0.000000000000,0.000000000000,0.061111111111,0.048125000000,0.035763888889,-0.006438278018,-0.103333333333,0.168000000000,-0.025333333333,-0.039333333333,-0.429218534519,-2.583333333325,3.360000000000,-1.266666666650,-1.311111111100,21.470896451494,3.360000000000,0
0.660000000000,0.650000000000,0.575000000000,20,12,14400,0.108680555556,0.073680555556,0.677955271565,0.029861111111,0.000000000000,1.000000000000,0.000000000000,0.000000000000,0.000000000000,0.060347222222,0.048333333333,0.035000000000,-0.006229944684,-0.103333333333,0.168000000000,-0.025333333333,-0.039333333333,-0.415329645630,-2.583333333325,3.360000000000,-1.266666666650,-1.311111111100,21.459166615659,3.360000000000,0
0.660000000000,0.650000000000,0.600000000000,20,12,14400,0.107986111111,0.072430555556,0.670739549839,0.028958333333,0.000000000000,1.000000000000,0.000000000000,0.000000000000,0.000000000000,0.059861111111,0.048125000000,0.035555555556,-0.007479944684,-0.103333333333,0.168000000000,-0.025333333333,-0.039333333333,-0.498662978963,-2.583333333325,3.360000000000,-1.266666666650,-1.311111111100,21.535332667708,3.360000000000,0
0.660000000000,0.650000000000,0.625000000000,20,12,14400,0.109930555556,0.074375000000,0.676563487050,0.028958333333,0.000000000000,1.000000000000,0.000000000000,0.000000000000,0.000000000000,0.061458333333,0.048472222222,0.035555555556,-0.005535500240,-0.103333333333,0.168000000000,-0.025333333333,-0.039333333333,-0.369033349333,-2.583333333325,3.360000000000,-1.266666666650,-1.311111111100,21.422853514040,3.360000000000,0
0.660000000000,0.650000000000,0.650000000000,20,12,14400,0.108958333333,0.073750000000,0.676864244742,0.029236111111,0.000000000000,0.999058380414,0.000000000000,0.000941619586,0.000000000000,0.060625000000,0.048333333333,0.035208333333,-0.006160500240,-0.103333333333,0.167058380414,-0.025333333333,-0.038391713747,-0.410700016000,-2.583333333325,3.341167608286,-1.266666666650,-1.279723791577,21.247824028002,3.341167608286,0
0.660000000000,0.650000000000,0.675000000000,20,12,14400,0.107291666667,0.073125000000,0.681553398058,0.030208333333,0.000000000000,0.996201329535,0.000000000000,0.003798670465,0.000000000000,0.058819444444,0.048472222222,0.034166666667,-0.006785500240,-0.103333333333,0.164201329535,-0.025333333333,-0.035534662868,-0.452366682667,-2.583333333325,3.284026590693,-1.266666666650,-1.184488762255,20.670535447347,3.284026590693,0
0.660000000000,0.650000000000,0.700000000000,20,12,14400,0.106250000000,0.071736111111,0.675163398693,0.030000000000,0.000000000000,0.976766698935,0.000000000000,0.023233301065,0.000000000000,0.059236111111,0.047013888889,0.034513888889,-0.008174389129,-0.103333333333,0.144766698935,-0.025333333333,-0.016100032268,-0.544959275259,-2.583333333325,2.895333978703,-1.266666666650,-0.536667742271,17.246007280987,2.895333978703,0
0.660000000000,0.650000000000,0.725000000000,20,12,14400,0.109513888889,0.074236111111,0.677869372226,0.028402777778,0.000000000000,0.925163704397,0.000000000000,0.074836295603,0.000000000000,0.060902777778,0.048611111111,0.035277777778,-0.005674389129,-0.103333333333,0.093163704397,-0.025333333333,0.035502962270,-0.378292608593,-2.583333333325,1.863274087933,-1.266666666650,1.183432075679,13.293462657693,2.583333333325,0
0.660000000000,0.650000000000,0.750000000000,20,12,14400,0.111180555556,0.074444444444,0.669581511555,0.027777777778,0.000000000000,0.812500000000,0.000000000000,0.187500000000,0.000000000000,0.062222222222,0.048958333333,0.036736111111,-0.005466055796,-0.103333333333,-0.019500000000,-0.025333333333,0.148166666667,-0.364403719704,-2.583333333325,-0.390000000000,-1.266666666650,4.938888888900,32.955569083304,4.938888888900,0
0.660000000000,0.675000000000,0.350000000000,20,12,14400,0.110208333333,0.073888888889,0.670447385003,0.029166666667,0.000000000000,1.000000000000,0.000000000000,0.000000000000,0.000000000000,0.062291666667,0.047916666667,0.036319444444,-0.006021611351,-0.103333333333,0.168000000000,-0.025333333333,-0.039333333333,-0.401440756741,-2.583333333325,3.360000000000,-1.266666666650,-1.311111111100,21.447822582293,3.360000000000,0
0.660000000000,0.675000000000,0.375000000000,20,12,14400,0.107638888889,0.073333333333,0.681290322581,0.026736111111,0.000000000000,1.000000000000,0.000000000000,0.000000000000,0.000000000000,0.059930555556,0.047708333333,0.034305555556,-0.006577166907,-0.103333333333,0.168000000000,-0.025333333333,-0.039333333333,-0.438477793778,-2.583333333325,3.360000000000,-1.266666666650,-1.311111111100,21.478930676756,3.360000000000,0
0.660000000000,0.675000000000,0.400000000000,20,12,14400,0.110208333333,0.074444444444,0.675488342785,0.030555555556,0.000000000000,1.000000000000,0.000000000000,0.000000000000,0.000000000000,0.061250000000,0.048958333333,0.035763888889,-0.005466055796,-0.103333333333,0.168000000000,-0.025333333333,-0.039333333333,-0.364403719704,-2.583333333325,3.360000000000,-1.266666666650,-1.311111111100,21.419457972054,3.360000000000,0
0.660000000000,0.675000000000,0.425000000000,20,12,14400,0.109513888889,0.074236111111,0.677869372226,0.029236111111,0.000000000000,1.000000000000,0.000000000000,0.000000000000,0.000000000000,0.060208333333,0.049305555556,0.035277777778,-0.005674389129,-0.103333333333,0.168000000000,-0.025333333333,-0.039333333333,-0.378292608593,-2.583333333325,3.360000000000,-1.266666666650,-1.311111111100,21.429773198836,3.360000000000,0
0.660000000000,0.675000000000,0.450000000000,20,12,14400,0.108958333333,0.073541666667,0.674952198853,0.029444444444,0.000000000000,1.000000000000,0.000000000000,0.000000000000,0.000000000000,0.061041666667,0.047916666667,0.035416666667,-0.006368833573,-0.103333333333,0.168000000000,-0.025333333333,-0.039333333333,-0.424588904889,-2.583333333325,3.360000000000,-1.266666666650,-1.311111111100,21.466943639275,3.360000000000,0
0.660000000000,0.675000000000,0.475000000000,20,12,14400,0.108750000000,0.073680555556,0.677522349936,0.029305555556,0.000000000000,1.000000000000,0.000000000000,0.000000000000,0.000000000000,0.060277777778,0.048472222222,0.035069444444,-0.006229944684,-0.103333333333,0.168000000000,-0.025333333333,-0.039333333333,-0.415329645630,-2.583333333325,3.360000000000,-1.266666666650,-1.311111111100,21.459166615659,3.360000000000,0
0.660000000000,0.675000000000,0.500000000000,20,12,14400,0.109236111111,0.074583333333,0.682771773681,0.028263888889,0.000000000000,1.000000000000,0.000000000000,0.000000000000,0.000000000000,0.060555555556,0.048680555556,0.034652777778,-0.005327166907,-0.103333333333,0.168000000000,-0.025333333333,-0.039333333333,-0.355144460444,-2.583333333325,3.360000000000,-1.266666666650,-1.311111111100,21.412795488905,3.360000000000,0
0.660000000000,0.675000000000,0.525000000000,20,12,14400,0.108333333333,0.073611111111,0.679487179487,0.029375000000,0.000000000000,1.000000000000,0.000000000000,0.000000000000,0.000000000000,0.059930555556,0.048402777778,0.034722222222,-0.006299389129,-0.103333333333,0.168000000000,-0.025333333333,-0.039333333333,-0.419959275259,-2.583333333325,3.360000000000,-1.266666666650,-1.311111111100,21.463033693996,3.360000000000,0
0.660000000000,0.675000000000,0.550000000000,20,12,14400,0.108680555556,0.073541666667,0.676677316294,0.029375000000,0.000000000000,1.000000000000,0.000000000000,0.000000000000,0.000000000000,0.060069444444,0.048611111111,0.035138888889,-0.006368833573,-0.103333333333,0.168000000000,-0.025333333333,-0.039333333333,-0.424588904889,-2.583333333325,3.360000000000,-1.266666666650,-1.311111111100,21.466943639275,3.360000000000,0
0.660000000000,0.675000000000,0.575000000000,20,12,14400,0.108541666667,0.073611111111,0.678182981446,0.028819444444,0.000000000000,1.000000000000,0.000000000000,0.000000000000,0.000000000000,0.060486111111,0.048055555556,0.034930555556,-0.006299389129,-0.103333333333,0.168000000000,-0.025333333333,-0.039333333333,-0.419959275259,-2.583333333325,3.360000000000,-1.266666666650,-1.311111111100,21.463033693996,3.360000000000,0
0.660000000000,0.675000000000,0.600000000000,20,12,14400,0.108750000000,0.073888888889,0.679438058748,0.028750000000,0.000000000000,1.000000000000,0.000000000000,0.000000000000,0.000000000000,0.060486111111,0.048263888889,0.034861111111,-0.006021611351,-0.103333333333,0.168000000000,-0.025333333333,-0.039333333333,-0.401440756741,-2.583333333325,3.360000000000,-1.266666666650,-1.311111111100,21.447822582293,3.360000000000,0
0.660000000000,0.675000000000,0.625000000000,20,12,14400,0.106875000000,0.072708333333,0.680311890838,0.028680555556,0.000000000000,1.000000000000,0.000000000000,0.000000000000,0.000000000000,0.059236111111,0.047638888889,0.034166666667,-0.007202166907,-0.103333333333,0.168000000000,-0.025333333333,-0.039333333333,-0.480144460444,-2.583333333325,3.360000000000,-1.266666666650,-1.311111111100,21.517206604016,3.360000000000,0
0.660000000000,0.675000000000,0.650000000000,20,12,14400,0.107430555556,0.073263888889,0.681965093730,0.028472222222,0.000000000000,0.998104265403,0.000000000000,0.001895734597,0.000000000000,0.059166666667,0.048263888889,0.034166666667,-0.006646611351,-0.103333333333,0.166104265403,-0.025333333333,-0.037437598736,-0.443107423407,-2.583333333325,3.322085308057,-1.266666666650,-1.247919957861,21.067954759385,3.322085308057,0
0.660000000000,0.675000000000,0.675000000000,20,12,14400,0.108750000000,0.074652777778,0.686462324393,0.030625000000,0.000000000000,0.996279069767,0.000000000000,0.003720930233,0.000000000000,0.060347222222,0.048402777778,0.034097222222,-0.005257722462,-0.103333333333,0.164279069767,-0.025333333333,-0.035612403100,-0.350514830815,-2.583333333325,3.285581395349,-1.266666666650,-1.187080103348,20.605120479319,3.285581395349,0
0.660000000000,0.675000000000,0.700000000000,20,12,14400,0.109652777778,0.074305555556,0.677644078531,0.028680555556,0.000000000000,0.979439252336,0.000000000000,0.020560747664,0.000000000000,0.060833333333,0.048819444444,0.035347222222,-0.005604944684,-0.103333333333,0.147439252336,-0.025333333333,-0.018772585669,-0.373662978963,-2.583333333325,2.948785046729,-1.266666666650,-0.625752855648,17.504579465482,2.948785046729,0
0.660000000000,0.675000000000,0.725000000000,20,12,14400,0.108402777778,0.073819444444,0.680973734785,0.031527777778,0.000000000000,0.932267168391,0.000000000000,0.067732831609,0.000000000000,0.060208333333,0.048194444444,0.034583333333,-0.006091055796,-0.103333333333,0.100267168391,-0.025333333333,0.028399498276,-0.406070386370,-2.583333333325,2.005343367827,-1.266666666650,0.946649942522,13.360496850721,2.583333333325,0
0.660000000000,0.675000000000,0.750000000000,20,12,14400,0.109375000000,0.073680555556,0.673650793651,0.029166666667,0.000000000000,0.816211121583,0.000000000000,0.183788878417,0.000000000000,0.061041666667,0.048333333333,0.035694444444,-0.006229944684,-0.103333333333,-0.015788878417,-0.025333333333,0.144455545084,-0.415329645630,-2.583333333325,-0.315777568332,-1.266666666650,4.815184836120,31.736274748666,4.815184836120,0
0.660000000000,0.700000000000,0.350000000000,20,12,14400,0.110208333333,0.074166666667,0.672967863894,0.028541666667,0.000000000000,1.000000000000,0.000000000000,0.000000000000,0.000000000000,0.061041666667,0.049166666667,0.036041666667,-0.005743833573,-0.103333333333,0.168000000000,-0.025333333333,-0.039333333333,-0.382922238222,-2.583333333325,3.360000000000,-1.266666666650,-1.311111111100,21.433297341645,3.360000000000,0
0.660000000000,0.700000000000,0.375000000000,20,12,14400,0.109652777778,0.073819444444,0.673210892970,0.030694444444,0.000000000000,1.000000000000,0.000000000000,0.000000000000,0.000000000000,0.061527777778,0.048125000000,0.035833333333,-0.006091055796,-0.103333333333,0.168000000000,-0.025333333333,-0.039333333333,-0.406070386370,-2.583333333325,3.360000000000,-1.266666666650,-1.311111111100,21.451561059807,3.360000000000,0
0.660000000000,0.700000000000,0.400000000000,20,12,14400,0.107916666667,0.073541666667,0.681467181467,0.029583333333,0.000000000000,1.000000000000,0.000000000000,0.000000000000,0.000000000000,0.059652777778,0.048263888889,0.034375000000,-0.006368833573,-0.103333333333,0.168000000000,-0.025333333333,-0.039333333333,-0.424588904889,-2.583333333325,3.360000000000,-1.266666666650,-1.311111111100,21.466943639275,3.360000000000,0
0.660000000000,0.700000000000,0.425000000000,20,12,14400,0.108680555556,0.073263888889,0.674121405751,0.028263888889,0.000000000000,1.000000000000,0.000000000000,0.000000000000,0.000000000000,0.060277777778,0.048402777778,0.035416666667,-0.006646611351,-0.103333333333,0.168000000000,-0.025333333333,-0.039333333333,-0.443107423407,-2.583333333325,3.360000000000,-1.266666666650,-1.311111111100,21.483012089799,3.360000000000,0
0.660000000000,0.700000000000,0.450000000000,20,12,14400,0.111597222222,0.074791666667,0.670192906036,0.030138888889,0.000000000000,1.000000000000,0.000000000000,0.000000000000,0.000000000000,0.062222222222,0.049375000000,0.036805555556,-0.005118833573,-0.103333333333,0.168000000000,-0.025333333333,-0.039333333333,-0.341255571556,-2.583333333325,3.360000000000,-1.266666666650,-1.311111111100,21.403123266238,3.360000000000,0
0.660000000000,0.700000000000,0.475000000000,20,12,14400,0.109305555556,0.073958333333,0.676620076239,0.029791666667,0.000000000000,1.000000000000,0.000000000000,0.000000000000,0.000000000000,0.061458333333,0.047847222222,0.035347222222,-0.005952166907,-0.103333333333,0.168000000000,-0.025333333333,-0.039333333333,-0.396811127111,-2.583333333325,3.360000000000,-1.266666666650,-1.311111111100,21.444126971719,3.360000000000,0
0.660000000000,0.700000000000,0.500000000000,20,12,14400,0.109444444444,0.074097222222,0.677030456853,0.030347222222,0.000000000000,1.000000000000,0.000000000000,0.000000000000,0.000000000000,0.060486111111,0.048958333333,0.035347222222,-0.005813278018,-0.103333333333,0.168000000000,-0.025333333333,-0.039333333333,-0.387551867852,-2.583333333325,3.360000000000,-1.266666666650,-1.311111111100,21.436864351396,3.360000000000,0
0.660000000000,0.700000000000,0.525000000000,20,12,14400,0.108750000000,0.073125000000,0.672413793103,0.030000000000,0.000000000000,1.000000000000,0.000000000000,0.000000000000,0.000000000000,0.061041666667,0.047708333333,0.035625000000,-0.006785500240,-0.103333333333,0.168000000000,-0.025333333333,-0.039333333333,-0.452366682667,-2.583333333325,3.360000000000,-1.266666666650,-1.311111111100,21.491303516707,3.360000000000,0
0.660000000000,0.700000000000,0.550000000000,20,12,14400,0.106944444444,0.072500000000,0.677922077922,0.029097222222,0.000000000000,1.000000000000,0.000000000000,0.000000000000,0.000000000000,0.059791666667,0.047152777778,0.034444444444,-0.007410500240,-0.103333333333,0.168000000000,-0.025333333333,-0.039333333333,-0.494033349333,-2.583333333325,3.360000000000,-1.266666666650,-1.311111111100,21.530736851374,3.360000000000,0
0.660000000000,0.700000000000,0.575000000000,20,12,14400,0.106388888889,0.071805555556,0.674934725849,0.029236111111,0.000000000000,1.000000000000,0.000000000000,0.000000000000,0.000000000000,0.059652777778,0.046736111111,0.034583333333,-0.008104944684,-0.103333333333,0.168000000000,-0.025333333333,-0.039333333333,-0.540329645630,-2.583333333325,3.360000000000,-1.266666666650,-1.311111111100,21.578624027066,3.360000000000,0
0.660000000000,0.700000000000,0.600000000000,20,12,14400,0.106250000000,0.071944444444,0.677124183007,0.029305555556,0.000000000000,1.000000000000,0.000000000000,0.000000000000,0.000000000000,0.059097222222,0.047152777778,0.034305555556,-0.007966055796,-0.103333333333,0.168000000000,-0.025333333333,-0.039333333333,-0.531070386370,-2.583333333325,3.360000000000,-1.266666666650,-1.311111111100,21.568703656400,3.360000000000,0
0.660000000000,0.700000000000,0.625000000000,20,12,14400,0.108472222222,0.072916666667,0.672215108835,0.029375000000,0.000000000000,1.000000000000,0.000000000000,0.000000000000,0.000000000000,0.060763888889,0.047708333333,0.035555555556,-0.006993833573,-0.103333333333,0.168000000000,-0.025333333333,-0.039333333333,-0.466255571556,-2.583333333325,3.360000000000,-1.266666666650,-1.311111111100,21.504062159127,3.360000000000,0
0.660000000000,0.700000000000,0.650000000000,20,12,14400,0.110972222222,0.074930555556,0.675219023780,0.030555555556,0.000000000000,0.997219647822,0.000000000000,0.002780352178,0.000000000000,0.062777777778,0.048194444444,0.036041666667,-0.004979944684,-0.103333333333,0.165219647822,-0.025333333333,-0.036552981155,-0.331996312296,-2.583333333325,3.304392956441,-1.266666666650,-1.218432705169,20.791868174451,3.304392956441,0
0.660000000000,0.700000000000,0.675000000000,20,12,14400,0.108611111111,0.073680555556,0.678388746803,0.029652777778,0.000000000000,0.997172478794,0.000000000000,0.002827521206,0.000000000000,0.060138888889,0.048472222222,0.034930555556,-0.006229944684,-0.103333333333,0.165172478794,-0.025333333333,-0.036505812127,-0.415329645630,-2.583333333325,3.303449575872,-1.266666666650,-1.216860404220,20.844082613695,3.303449575872,0
0.660000000000,0.700000000000,0.700000000000,20,12,14400,0.108055555556,0.072847222222,0.674164524422,0.030069444444,0.000000000000,0.978074356530,0.000000000000,0.021925643470,0.000000000000,0.060902777778,0.047152777778,0.035208333333,-0.007063278018,-0.103333333333,0.146074356530,-0.025333333333,-0.017407689863,-0.470885201185,-2.583333333325,2.921487130601,-1.266666666650,-0.580256328768,17.371572889505,2.921487130601,0
0.660000000000,0.700000000000,0.725000000000,20,12,14400,0.109513888889,0.074305555556,0.678503487635,0.028402777778,0.000000000000,0.929906542056,0.000000000000,0.070093457944,0.000000000000,0.060069444444,0.049444444444,0.035208333333,-0.005604944684,-0.103333333333,0.097906542056,-0.025333333333,0.030760124611,-0.373662978963,-2.583333333325,1.958130841121,-1.266666666650,1.025337487031,13.303272930580,2.583333333325,0
0.660000000000,0.700000000000,0.750000000000,20,12,14400,0.107430555556,0.072500000000,0.674854557207,0.029166666667,0.000000000000,0.820881226054,0.000000000000,0.179118773946,0.000000000000,0.060000000000,0.047430555556,0.034930555556,-0.007410500240,-0.103333333333,-0.011118773946,-0.025333333333,0.139785440613,-0.494033349333,-2.583333333325,-0.222375478927,-1.266666666650,4.659514687112,30.282652478764,4.659514687112,0
0.660000000000,0.725000000000,0.350000000000,20,12,14400,0.108958333333,0.073472222222,0.674314850223,0.030416666667,0.000000000000,1.000000000000,0.000000000000,0.000000000000,0.000000000000,0.060486111111,0.048472222222,0.035486111111,-0.006438278018,-0.103333333333,0.168000000000,-0.025333333333,-0.039333333333,-0.429218534519,-2.583333333325,3.360000000000,-1.266666666650,-1.311111111100,21.470896451494,3.360000000000,0
0.660000000000,0.725000000000,0.375000000000,20,12,14400,0.107083333333,0.072291666667,0.675097276265,0.030138888889,0.000000000000,1.000000000000,0.000000000000,0.000000000000,0.000000000000,0.060208333333,0.046875000000,0.034791666667,-0.007618833573,-0.103333333333,0.168000000000,-0.025333333333,-0.039333333333,-0.507922238222,-2.583333333325,3.360000000000,-1.266666666650,-1.311111111100,21.544652901201,3.360000000000,0
0.660000000000,0.725000000000,0.400000000000,20,12,14400,0.108750000000,0.073611111111,0.676883780332,0.027986111111,0.000000000000,1.000000000000,0.000000000000,0.000000000000,0.000000000000,0.060902777778,0.047847222222,0.035138888889,-0.006299389129,-0.103333333333,0.168000000000,-0.025333333333,-0.039333333333,-0.419959275259,-2.583333333325,3.360000000000,-1.266666666650,-1.311111111100,21.463033693996,3.360000000000,0
0.660000000000,0.725000000000,0.425000000000,20,12,14400,0.108263888889,0.072777777778,0.672225785760,0.027361111111,0.000000000000,1.000000000000,0.000000000000,0.000000000000,0.000000000000,0.060833333333,0.047430555556,0.035486111111,-0.007132722462,-0.103333333333,0.168000000000,-0.025333333333,-0.039333333333,-0.475514830815,-2.583333333325,3.360000000000,-1.266666666650,-1.311111111100,21.512782255445,3.360000000000,0
0.660000000000,0.725000000000,0.450000000000,20,12,14400,0.108055555556,0.073958333333,0.684447300771,0.030625000000,0.000000000000,1.000000000000,0.000000000000,0.000000000000,0.000000000000,0.059791666667,0.048263888889,0.034097222222,-0.005952166907,-0.103333333333,0.168000000000,-0.025333333333,-0.039333333333,-0.396811127111,-2.583333333325,3.360000000000,-1.266666666650,-1.311111111100,21.444126971719,3.360000000000,0
0.660000000000,0.725000000000,0.475000000000,20,12,14400,0.108333333333,0.072500000000,0.669230769231,0.027083333333,0.000000000000,1.000000000000,0.000000000000,0.000000000000,0.000000000000,0.060416666667,0.047916666667,0.035833333333,-0.007410500240,-0.103333333333,0.168000000000,-0.025333333333,-0.039333333333,-0.494033349333,-2.583333333325,3.360000000000,-1.266666666650,-1.311111111100,21.530736851374,3.360000000000,0
0.660000000000,0.725000000000,0.500000000000,20,12,14400,0.107500000000,0.073541666667,0.684108527132,0.029861111111,0.000000000000,1.000000000000,0.000000000000,0.000000000000,0.000000000000,0.059375000000,0.048125000000,0.033958333333,-0.006368833573,-0.103333333333,0.168000000000,-0.025333333333,-0.039333333333,-0.424588904889,-2.583333333325,3.360000000000,-1.266666666650,-1.311111111100,21.466943639275,3.360000000000,0
0.660000000000,0.725000000000,0.525000000000,20,12,14400,0.107916666667,0.072986111111,0.676319176319,0.029652777778,0.000000000000,1.000000000000,0.000000000000,0.000000000000,0.000000000000,0.059305555556,0.048611111111,0.034930555556,-0.006924389129,-0.103333333333,0.168000000000,-0.025333333333,-0.039333333333,-0.461625941926,-2.583333333325,3.360000000000,-1.266666666650,-1.311111111100,21.499766411379,3.360000000000,0
0.660000000000,0.725000000000,0.550000000000,20,12,14400,0.110625000000,0.073888888889,0.667922159448,0.029652777778,0.000000000000,1.000000000000,0.000000000000,0.000000000000,0.000000000000,0.062083333333,0.048541666667,0.036736111111,-0.006021611351,-0.103333333333,0.168000000000,-0.025333333333,-0.039333333333,-0.401440756741,-2.583333333325,3.360000000000,-1.266666666650,-1.311111111100,21.447822582293,3.360000000000,0
0.660000000000,0.725000000000,0.575000000000,20,12,14400,0.106736111111,0.073472222222,0.688353936239,0.031527777778,0.000000000000,1.000000000000,0.000000000000,0.000000000000,0.000000000000,0.058125000000,0.048611111111,0.033263888889,-0.006438278018,-0.103333333333,0.168000000000,-0.025333333333,-0.039333333333,-0.429218534519,-2.583333333325,3.360000000000,-1.266666666650,-1.311111111100,21.470896451494,3.360000000000,0
0.660000000000,0.725000000000,0.600000000000,20,12,14400,0.109791666667,0.074027777778,0.674256799494,0.029375000000,0.000000000000,1.000000000000,0.000000000000,0.000000000000,0.000000000000,0.061736111111,0.048055555556,0.035763888889,-0.005882722462,-0.103333333333,0.168000000000,-0.025333333333,-0.039333333333,-0.392181497481,-2.583333333325,3.360000000000,-1.266666666650,-1.311111111100,21.440474228087,3.360000000000,0
0.660000000000,0.725000000000,0.625000000000,20,12,14400,0.108611111111,0.073402777778,0.675831202046,0.030069444444,0.000000000000,1.000000000000,0.000000000000,0.000000000000,0.000000000000,0.060833333333,0.047777777778,0.035208333333,-0.006507722462,-0.103333333333,0.168000000000,-0.025333333333,-0.039333333333,-0.433848164148,-2.583333333325,3.360000000000,-1.266666666650,-1.311111111100,21.474892130655,3.360000000000,0
0.660000000000,0.725000000000,0.650000000000,20,12,14400,0.107916666667,0.073263888889,0.678893178893,0.029652777778,0.000000000000,0.998104265403,0.000000000000,0.001895734597,0.000000000000,0.059652777778,0.048263888889,0.034652777778,-0.006646611351,-0.103333333333,0.166104265403,-0.025333333333,-0.037437598736,-0.443107423407,-2.583333333325,3.322085308057,-1.266666666650,-1.247919957861,21.067954759385,3.322085308057,0
0.660000000000,0.725000000000,0.675000000000,20,12,14400,0.109444444444,0.073541666667,0.671954314721,0.030902777778,0.000000000000,0.997167138810,0.000000000000,0.002832861190,0.000000000000,0.060763888889,0.048680555556,0.035902777778,-0.006368833573,-0.103333333333,0.165167138810,-0.025333333333,-0.036500472143,-0.424588904889,-2.583333333325,3.303342776204,-1.266666666650,-1.216682404773,20.850720864809,3.303342776204,0
0.660000000000,0.725000000000,0.700000000000,20,12,14400,0.108888888889,0.073333333333,0.673469387755,0.030347222222,0.000000000000,0.980113636364,0.000000000000,0.019886363636,0.000000000000,0.060416666667,0.048472222222,0.035555555556,-0.006577166907,-0.103333333333,0.148113636364,-0.025333333333,-0.019446969697,-0.438477793778,-2.583333333325,2.962272727273,-1.266666666650,-0.648232323221,17.665583186719,2.962272727273,0
0.660000000000,0.725000000000,0.725000000000,20,12,14400,0.108819444444,0.073402777778,0.674537332482,0.030069444444,0.000000000000,0.929990539262,0.000000000000,0.070009460738,0.000000000000,0.060694444444,0.048125000000,0.035416666667,-0.006507722462,-0.103333333333,0.097990539262,-0.025333333333,0.030676127405,-0.433848164148,-2.583333333325,1.959810785241,-1.266666666650,1.022537580165,13.352721201802,2.583333333325,0
0.660000000000,0.725000000000,0.750000000000,20,12,14400,0.107708333333,0.073194444444,0.679561573179,0.027152777778,0.000000000000,0.820683111954,0.000000000000,0.179316888046,0.000000000000,0.059791666667,0.047916666667,0.034513888889,-0.006716055796,-0.103333333333,-0.011316888046,-0.025333333333,0.139983554713,-0.447737053037,-2.583333333325,-0.226337760911,-1.266666666650,4.666118490418,30.302414572767,4.666118490418,0
0.660000000000,0.750000000000,0.350000000000,20,12,14400,0.110208333333,0.074166666667,0.672967863894,0.029513888889,0.000000000000,1.000000000000,0.000000000000,0.000000000000,0.000000000000,0.061041666667,0.049166666667,0.036041666667,-0.005743833573,-0.103333333333,0.168000000000,-0.025333333333,-0.039333333333,-0.382922238222,-2.583333333325,3.360000000000,-1.266666666650,-1.311111111100,21.433297341645,3.360000000000,0
0.660000000000,0.750000000000,0.375000000000,20,12,14400,0.109513888889,0.074097222222,0.676601141408,0.029097222222,0.000000000000,1.000000000000,0.000000000000,0.000000000000,0.000000000000,0.060763888889,0.048750000000,0.035416666667,-0.005813278018,-0.103333333333,0.168000000000,-0.025333333333,-0.039333333333,-0.387551867852,-2.583333333325,3.360000000000,-1.266666666650,-1.311111111100,21.436864351396,3.360000000000,0
0.660000000000,0.750000000000,0.400000000000,20,12,14400,0.108819444444,0.074791666667,0.687300574346,0.029236111111,0.000000000000,1.000000000000,0.000000000000,0.000000000000,0.000000000000,0.060208333333,0.048611111111,0.034027777778,-0.005118833573,-0.103333333333,0.168000000000,-0.025333333333,-0.039333333333,-0.341255571556,-2.583333333325,3.360000000000,-1.266666666650,-1.311111111100,21.403123266238,3.360000000000,0
0.660000000000,0.750000000000,0.425000000000,20,12,14400,0.108819444444,0.073333333333,0.673899170389,0.030694444444,0.000000000000,1.000000000000,0.000000000000,0.000000000000,0.000000000000,0.060486111111,0.048333333333,0.035486111111,-0.006577166907,-0.103333333333,0.168000000000,-0.025333333333,-0.039333333333,-0.438477793778,-2.583333333325,3.360000000000,-1.266666666650,-1.311111111100,21.478930676756,3.360000000000,0
0.660000000000,0.750000000000,0.450000000000,20,12,14400,0.109166666667,0.073541666667,0.673664122137,0.029236111111,0.000000000000,1.000000000000,0.000000000000,0.000000000000,0.000000000000,0.061180555556,0.047986111111,0.035625000000,-0.006368833573,-0.103333333333,0.168000000000,-0.025333333333,-0.039333333333,-0.424588904889,-2.583333333325,3.360000000000,-1.266666666650,-1.311111111100,21.466943639275,3.360000000000,0
0.660000000000,0.750000000000,0.475000000000,20,12,14400,0.108819444444,0.073958333333,0.679642629228,0.029444444444,0.000000000000,1.000000000000,0.000000000000,0.000000000000,0.000000000000,0.060138888889,0.048680555556,0.034861111111,-0.005952166907,-0.103333333333,0.168000000000,-0.025333333333,-0.039333333333,-0.396811127111,-2.583333333325,3.360000000000,-1.266666666650,-1.311111111100,21.444126971719,3.360000000000,0
0.660000000000,0.750000000000,0.500000000000,20,12,14400,0.106527777778,0.072291666667,0.678617992177,0.028472222222,0.000000000000,1.000000000000,0.000000000000,0.000000000000,0.000000000000,0.058402777778,0.048125000000,0.034236111111,-0.007618833573,-0.103333333333,0.168000000000,-0.025333333333,-0.039333333333,-0.507922238222,-2.583333333325,3.360000000000,-1.266666666650,-1.311111111100,21.544652901201,3.360000000000,0
0.660000000000,0.750000000000,0.525000000000,20,12,14400,0.111180555556,0.074861111111,0.673329169269,0.028958333333,0.000000000000,1.000000000000,0.000000000000,0.000000000000,0.000000000000,0.062430555556,0.048750000000,0.036319444444,-0.005049389129,-0.103333333333,0.168000000000,-0.025333333333,-0.039333333333,-0.336625941926,-2.583333333325,3.360000000000,-1.266666666650,-1.311111111100,21.399984925898,3.360000000000,0
0.660000000000,0.750000000000,0.550000000000,20,12,14400,0.107916666667,0.073402777778,0.680180180180,0.030208333333,0.000000000000,1.000000000000,0.000000000000,0.000000000000,0.000000000000,0.059930555556,0.047986111111,0.034513888889,-0.006507722462,-0.103333333333,0.168000000000,-0.025333333333,-0.039333333333,-0.433848164148,-2.583333333325,3.360000000000,-1.266666666650,-1.311111111100,21.474892130655,3.360000000000,0
0.660000000000,0.750000000000,0.575000000000,20,12,14400,0.109791666667,0.073402777778,0.668564199873,0.029027777778,0.000000000000,1.000000000000,0.000000000000,0.000000000000,0.000000000000,0.061875000000,0.047916666667,0.036388888889,-0.006507722462,-0.103333333333,0.168000000000,-0.025333333333,-0.039333333333,-0.433848164148,-2.583333333325,3.360000000000,-1.266666666650,-1.311111111100,21.474892130655,3.360000000000,0
0.660000000000,0.750000000000,0.600000000000,20,12,14400,0.108472222222,0.073402777778,0.676696542894,0.029583333333,0.000000000000,1.000000000000,0.000000000000,0.000000000000,0.000000000000,0.060486111111,0.047986111111,0.035069444444,-0.006507722462,-0.103333333333,0.168000000000,-0.025333333333,-0.039333333333,-0.433848164148,-2.583333333325,3.360000000000,-1.266666666650,-1.311111111100,21.474892130655,3.360000000000,0
0.660000000000,0.750000000000,0.625000000000,20,12,14400,0.107083333333,0.072847222222,0.680285343709,0.029930555556,0.000000000000,1.000000000000,0.000000000000,0.000000000000,0.000000000000,0.059861111111,0.047222222222,0.034236111111,-0.007063278018,-0.103333333333,0.168000000000,-0.025333333333,-0.039333333333,-0.470885201185,-2.583333333325,3.360000000000,-1.266666666650,-1.311111111100,21.508400773815,3.360000000000,0
0.660000000000,0.750000000000,0.650000000000,20,12,14400,0.107569444444,0.072916666667,0.677856681730,0.029166666667,0.000000000000,0.999047619048,0.000000000000,0.000952380952,0.000000000000,0.060000000000,0.047569444444,0.034652777778,-0.006993833573,-0.103333333333,0.167047619048,-0.025333333333,-0.038380952381,-0.466255571556,-2.583333333325,3.340952380952,-1.266666666650,-1.279365079354,21.294187631539,3.340952380952,0
0.660000000000,0.750000000000,0.675000000000,20,12,14400,0.108680555556,0.072777777778,0.669648562300,0.026458333333,0.000000000000,0.997137404580,0.000000000000,0.002862595420,0.000000000000,0.060972222222,0.047708333333,0.035902777778,-0.007132722462,-0.103333333333,0.165137404580,-0.025333333333,-0.036470737913,-0.475514830815,-2.583333333325,3.302748091603,-1.266666666650,-1.215691263772,20.890220115194,3.302748091603,0
0.660000000000,0.750000000000,0.700000000000,20,12,14400,0.108958333333,0.073333333333,0.673040152964,0.029791666667,0.000000000000,0.978219696970,0.000000000000,0.021780303030,0.000000000000,0.060833333333,0.048125000000,0.035625000000,-0.006577166907,-0.103333333333,0.146219696970,-0.025333333333,-0.017553030303,-0.438477793778,-2.583333333325,2.924393939394,-1.266666666650,-0.585101010090,17.364741435878,2.924393939394,0
0.660000000000,0.750000000000,0.725000000000,20,12,14400,0.110138888889,0.074861111111,0.679697351829,0.030000000000,0.000000000000,0.926716141002,0.000000000000,0.073283858998,0.000000000000,0.060972222222,0.049166666667,0.035277777778,-0.005049389129,-0.103333333333,0.094716141002,-0.025333333333,0.033950525665,-0.336625941926,-2.583333333325,1.894322820037,-1.266666666650,1.131684188838,13.260540630027,2.583333333325,0
0.660000000000,0.750000000000,0.750000000000,20,12,14400,0.106250000000,0.070972222222,0.667973856209,0.029166666667,0.000000000000,0.824853228963,0.000000000000,0.175146771037,0.000000000000,0.059791666667,0.046458333333,0.035277777778,-0.008938278018,-0.103333333333,-0.007146771037,-0.025333333333,0.135813437704,-0.595885201185,-2.583333333325,-0.142935420744,-1.266666666650,4.527114590139,29.148331775218,4.527114590139,0
0.680000000000,0.350000000000,0.350000000000,20,12,14400,0.107291666667,0.063472222222,0.591585760518,0.028055555556,0.000000000000,0.090809628009,0.909190371991,0.000000000000,1.000000000000,0.059861111111,0.047430555556,0.043819444444,-0.016438278018,-0.103333333333,-0.741190371991,0.883857038658,-0.039333333333,-1.095885201185,-2.583333333325,-14.823807439825,44.192851932912,-1.311111111100,2182.347016808228,44.192851932912,0
0.680000000000,0.350000000000,0.375000000000,20,12,14400,0.110486111111,0.065694444444,0.594594594595,0.028055555556,0.000000000000,0.098308668076,0.901691331924,0.000000000000,1.000000000000,0.060972222222,0.049513888889,0.044791666667,-0.014216055796,-0.103333333333,-0.733691331924,0.876357998591,-0.039333333333,-0.947737053037,-2.583333333325,-14.673826638478,43.817899929544,-1.311111111100,2144.620371430089,43.817899929544,0
0.680000000000,0.350000000000,0.400000000000,20,12,14400,0.108888888889,0.063750000000,0.585459183673,0.026944444444,0.000000000000,0.105664488017,0.894335511983,0.000000000000,1.000000000000,0.061180555556,0.047708333333,0.045138888889,-0.016160500240,-0.103333333333,-0.726335511983,0.869002178650,-0.039333333333,-1.077366682667,-2.583333333325,-14.526710239651,43.450108932479,-1.311111111100,2108.490619056685,43.450108932479,0
0.680000000000,0.350000000000,0.425000000000,20,12,14400,0.110208333333,0.065000000000,0.589792060491,0.027569444444,0.000000000000,0.094017094017,0.905982905983,0.000000000000,1.000000000000,0.061458333333,0.048750000000,0.045208333333,-0.014910500240,-0.103333333333,-0.737982905983,0.880649572650,-0.039333333333,-0.994033349333,-2.583333333325,-14.759658119658,44.032478632495,-1.311111111100,2166.087408086662,44.032478632495,0
0.680000000000,0.350000000000,0.450000000000,20,12,14400,0.110138888889,0.065069444444,0.590794451450,0.027638888889,0.000000000000,0.099252934899,0.900747065101,0.000000000000,1.000000000000,0.061041666667,0.049097222222,0.045069444444,-0.014841055796,-0.103333333333,-0.732747065101,0.875413731768,-0.039333333333,-0.989403719704,-2.583333333325,-14.654941302028,43.770686588419,-1.311111111100,2140.011852164794,43.770686588419,0
0.680000000000,0.350000000000,0.475000000000,20,12,14400,0.110069444444,0.065138888889,0.591798107256,0.027291666667,0.000000000000,0.095948827292,0.904051172708,0.000000000000,1.000000000000,0.060763888889,0.049305555556,0.044930555556,-0.014771611351,-0.103333333333,-0.736051172708,0.878717839375,-0.039333333333,-0.984774090074,-2.583333333325,-14.721023454158,43.935891968744,-1.311111111100,2156.433538092234,43.935891968744,0
0.680000000000,0.350000000000,0.500000000000,20,12,14400,0.109791666667,0.064583333333,0.588235294118,0.027777777778,0.000000000000,0.103225806452,0.896774193548,0.000000000000,1.000000000000,0.062152777778,0.047638888889,0.045208333333,-0.015327166907,-0.103333333333,-0.728774193548,0.871440860215,-0.039333333333,-1.021811127111,-2.583333333325,-14.575483870968,43.572043010769,-1.311111111100,2120.404383641378,43.572043010769,0
0.680000000000,0.350000000000,0.525000000000,20,12,14400,0.109097222222,0.064097222222,0.587523870146,0.026180555556,0.000000000000,0.106175514626,0.893824485374,0.000000000000,1.000000000000,0.060555555556,0.048541666667,0.045000000000,-0.015813278018,-0.103333333333,-0.725824485374,0.868491152041,-0.039333333333,-1.054218534519,-2.583333333325,-14.516489707476,43.424557602039,-1.311111111100,2105.924676535290,43.424557602039,0
0.680000000000,0.350000000000,0.550000000000,20,12,14400,0.111388888889,0.065694444444,0.589775561097,0.026944444444,0.000000000000,0.101479915433,0.898520084567,0.000000000000,1.000000000000,0.061805555556,0.049583333333,0.045694444444,-0.014216055796,-0.103333333333,-0.730520084567,0.873186751234,-0.039333333333,-0.947737053037,-2.583333333325,-14.610401691332,43.659337561680,-1.311111111100,2128.892422885202,43.659337561680,0
0.680000000000,0.350000000000,0.575000000000,20,12,14400,0.112500000000,0.065763888889,0.584567901235,0.027013888889,0.000000000000,0.101372756072,0.898627243928,0.000000000000,1.000000000000,0.062638888889,0.049861111111,0.046736111111,-0.014146611351,-0.103333333333,-0.730627243928,0.873293910595,-0.039333333333,-0.943107423407,-2.583333333325,-14.612544878564,43.664695529760,-1.311111111100,2129.414178603460,43.664695529760,0
0.680000000000,0.350000000000,0.600000000000,20,12,14400,0.107777777778,0.064375000000,0.597293814433,0.027291666667,0.000000000000,0.108953613808,0.891046386192,0.000000000000,1.000000000000,0.059166666667,0.048611111111,0.043402777778,-0.015535500240,-0.103333333333,-0.723046386192,0.865713052859,-0.039333333333,-1.035700016000,-2.583333333325,-14.460927723840,43.285652642951,-1.311111111100,2092.231453340180,43.285652642951,0
0.680000000000,0.350000000000,0.625000000000,20,12,14400,0.109791666667,0.064444444444,0.586970271980,0.027361111111,0.000000000000,0.096982758621,0.903017241379,0.000000000000,1.000000000000,0.061180555556,0.048611111111,0.045347222222,-0.015466055796,-0.103333333333,-0.735017241379,0.877683908046,-0.039333333333,-1.031070386370,-2.583333333325,-14.700344827586,43.884195402315,-1.311111111100,2151.378473756905,43.884195402315,0
0.680000000000,0.350000000000,0.650000000000,20,12,14400,0.109236111111,0.064652777778,0.591862682772,0.028333333333,0.002148227712,0.104189044039,0.893662728249,0.000000000000,1.000000000000,0.060833333333,0.048402777778,0.044583333333,-0.015257722462,-0.101185105621,-0.727810955961,0.868329394916,-0.039333333333,-1.017181497481,-2.529627640522,-14.556219119227,43.416469745810,-1.311111111100,2106.026046779909,43.416469745810,0
0.680000000000,0.350000000000,0.675000000000,20,12,14400,0.109930555556,0.064652777778,0.588123815540,0.025000000000,0.004296455424,0.093447905478,0.902255639098,0.000000000000,1.000000000000,0.061111111111,0.048819444444,0.045277777778,-0.015257722462,-0.099036877909,-0.738552094522,0.876922305765,-0.039333333333,-1.017181497481,-2.475921947718,-14.771041890440,43.846115288237,-1.311111111100,2149.549364434194,43.846115288237,0
0.680000000000,0.350000000000,0.700000000000,20,12,14400,0.110000000000,0.064166666667,0.583333333333,0.027083333333,0.015151515152,0.098484848485,0.886363636364,0.000000000000,1.000000000000,0.061597222222,0.048402777778,0.045833333333,-0.015743833573,-0.088181818181,-0.733515151515,0.861030303031,-0.039333333333,-1.049588904889,-2.204545454537,-14.670303030303,43.051515151532,-1.311111111100,2076.331417719517,43.051515151532,0
0.680000000000,0.350000000000,0.725000000000,20,12,14400,0.110347222222,0.064513888889,0.584644430459,0.024791666667,0.039827771798,0.093649085038,0.866523143165,0.000000000000,1.000000000000,0.062013888889,0.048333333333,0.045833333333,-0.015396611351,-0.063505561535,-0.738350914962,0.841189809832,-0.039333333333,-1.026440756741,-1.587639038384,-14.767018299247,42.059490491585,-1.311111111100,1992.358760550929,42.059490491585,0
0.680000000000,0.350000000000,0.750000000000,20,12,14400,0.109097222222,0.064305555556,0.589433481859,0.026875000000,0.134989200864,0.103671706263,0.761339092873,0.000000000000,1.000000000000,0.061666666667,0.047430555556,0.044791666667,-0.015604944684,0.031655867531,-0.728328293737,0.736005759540,-0.039333333333,-1.040329645630,0.791396688273,-14.566565874730,36.800287976978,-1.311111111100,1569.873643406827,36.800287976978,0
0.680000000000,0.375000000000,0.350000000000,20,12,14400,0.108263888889,0.063680555556,0.588197562540,0.026458333333,0.000000000000,0.224645583424,0.775354416576,0.000000000000,1.000000000000,0.060208333333,0.048055555556,0.044583333333,-0.016229944684,-0.103333333333,-0.607354416576,0.750021083243,-0.039333333333,-1.081996312296,-2.583333333325,-12.147088331516,37.501054162140,-1.311111111100,1563.444157681916,37.501054162140,0
0.680000000000,0.375000000000,0.375000000000,20,12,14400,0.110138888889,0.064791666667,0.588272383354,0.027430555556,0.000000000000,0.229367631297,0.770632368703,0.000000000000,1.000000000000,0.061597222222,0.048541666667,0.045347222222,-0.015118833573,-0.103333333333,-0.602632368703,0.745299035370,-0.039333333333,-1.007922238222,-2.583333333325,-12.052647374062,37.264951768505,-1.311111111100,1543.351469727544,37.264951768505,0
0.680000000000,0.375000000000,0.400000000000,20,12,14400,0.111111111111,0.065000000000,0.585000000000,0.027986111111,0.000000000000,0.228632478632,0.771367521368,0.000000000000,1.000000000000,0.062013888889,0.049097222222,0.046111111111,-0.014910500240,-0.103333333333,-0.603367521368,0.746034188035,-0.039333333333,-0.994033349333,-2.583333333325,-12.067350427350,37.301709401726,-1.311111111100,1546.419196383598,37.301709401726,0
0.680000000000,0.375000000000,0.425000000000,20,12,14400,0.108055555556,0.064236111111,0.594473007712,0.026666666667,0.000000000000,0.221621621622,0.778378378378,0.000000000000,1.000000000000,0.059722222222,0.048333333333,0.043819444444,-0.015674389129,-0.103333333333,-0.610378378378,0.753045045045,-0.039333333333,-1.044959275259,-2.583333333325,-12.207567567568,37.652252252269,-1.311111111100,1576.201368928889,37.652252252269,0
0.680000000000,0.375000000000,0.450000000000,20,12,14400,0.106041666667,0.062430555556,0.588736083824,0.027986111111,0.000000000000,0.224694104561,0.775305895439,0.000000000000,1.000000000000,0.058958333333,0.047083333333,0.043611111111,-0.017479944684,-0.103333333333,-0.607305895439,0.749972562106,-0.039333333333,-1.165329645630,-2.583333333325,-12.146117908788,37.498628105319,-1.311111111100,1563.425906674876,37.498628105319,0
0.680000000000,0.375000000000,0.475000000000,20,12,14400,0.109861111111,0.063819444444,0.580910240202,0.025069444444,0.000000000000,0.224156692057,0.775843307943,0.000000000000,1.000000000000,0.062222222222,0.047638888889,0.046041666667,-0.016091055796,-0.103333333333,-0.607843307943,0.750509974610,-0.039333333333,-1.072737053037,-2.583333333325,-12.156866158868,37.525498730521,-1.311111111100,1565.495838020635,37.525498730521,0
0.680000000000,0.375000000000,0.500000000000,20,12,14400,0.109166666667,0.064027777778,0.586513994911,0.027986111111,0.000000000000,0.231019522777,0.768980477223,0.000000000000,1.000000000000,0.060833333333,0.048333333333,0.045138888889,-0.015882722462,-0.103333333333,-0.600980477223,0.743647143890,-0.039333333333,-1.058848164148,-2.583333333325,-12.019609544469,37.182357194521,-1.311111111100,1536.512483033882,37.182357194521,0
0.680000000000,0.375000000000,0.525000000000,20,12,14400,0.108541666667,0.063750000000,0.587332053743,0.026458333333,0.000000000000,0.221132897603,0.778867102397,0.000000000000,1.000000000000,0.060625000000,0.047916666667,0.044791666667,-0.016160500240,-0.103333333333,-0.610867102397,0.753533769064,-0.039333333333,-1.077366682667,-2.583333333325,-12.217342047930,37.676688453176,-1.311111111100,1578.349641939429,37.676688453176,0
0.680000000000,0.375000000000,0.550000000000,20,12,14400,0.107777777778,0.063541666667,0.589561855670,0.027500000000,0.000000000000,0.221857923497,0.778142076503,0.000000000000,1.000000000000,0.059930555556,0.047847222222,0.044236111111,-0.016368833573,-0.103333333333,-0.610142076503,0.752808743170,-0.039333333333,-1.091255571556,-2.583333333325,-12.202841530055,37.640437158487,-1.311111111100,1575.295313068773,37.640437158487,0
0.680000000000,0.375000000000,0.575000000000,20,12,14400,0.109236111111,0.064166666667,0.587412587413,0.026180555556,0.000000000000,0.213203463203,0.786796536797,0.000000000000,1.000000000000,0.061944444444,0.047291666667,0.045069444444,-0.015743833573,-0.103333333333,-0.618796536797,0.761463203464,-0.039333333333,-1.049588904889,-2.583333333325,-12.375930735931,38.073160173177,-1.311111111100,1612.223447478916,38.073160173177,0
0.680000000000,0.375000000000,0.600000000000,20,12,14400,0.106666666667,0.062638888889,0.587239583333,0.027430555556,0.000000000000,0.229490022173,0.770509977827,0.000000000000,1.000000000000,0.059930555556,0.046736111111,0.044027777778,-0.017271611351,-0.103333333333,-0.602509977827,0.745176644494,-0.039333333333,-1.151440756741,-2.583333333325,-12.050199556541,37.258832224702,-1.311111111100,1543.146327373989,37.258832224702,0
0.680000000000,0.375000000000,0.625000000000,20,12,14400,0.108472222222,0.063819444444,0.588348271447,0.027638888889,0.000000000000,0.228509249184,0.771490750816,0.000000000000,1.000000000000,0.060902777778,0.047569444444,0.044652777778,-0.016091055796,-0.103333333333,-0.603490750816,0.746157417483,-0.039333333333,-1.072737053037,-2.583333333325,-12.069815016322,37.307870874155,-1.311111111100,1547.101051932547,37.307870874155,0
0.680000000000,0.375000000000,0.650000000000,20,12,14400,0.111458333333,0.066180555556,0.593769470405,0.028402777778,0.001049317943,0.229800629591,0.769150052466,0.000000000000,1.000000000000,0.062152777778,0.049305555556,0.045277777778,-0.013729944684,-0.102284015390,-0.602199370409,0.743816719133,-0.039333333333,-0.915329645630,-2.557100384742,-12.043987408185,37.190835956645,-1.311111111100,1537.311514926045,37.190835956645,0
0.680000000000,0.375000000000,0.675000000000,20,12,14400,0.110000000000,0.064652777778,0.587752525253,0.026527777778,0.003222341568,0.225563909774,0.771213748657,0.000000000000,1.000000000000,0.061597222222,0.048402777778,0.045347222222,-0.015257722462,-0.100110991765,-0.606436090226,0.745880415324,-0.039333333333,-1.017181497481,-2.502774794120,-12.128721804511,37.294020766218,-1.311111111100,1546.967429736865,37.294020766218,0
0.680000000000,0.375000000000,0.700000000000,20,12,14400,0.110000000000,0.065833333333,0.598484848485,0.027361111111,0.015822784810,0.233122362869,0.751054852321,0.000000000000,1.000000000000,0.060486111111,0.049513888889,0.044166666667,-0.014077166907,-0.087510548523,-0.598877637131,0.725721518988,-0.039333333333,-0.938477793778,-2.187763713072,-11.977552742616,36.286075949384,-1.311111111100,1467.527140485894,36.286075949384,0
0.680000000000,0.375000000000,0.725000000000,20,12,14400,0.110347222222,0.065000000000,0.589049716803,0.027291666667,0.045940170940,0.224358974359,0.729700854701,0.000000000000,1.000000000000,0.061666666667,0.048680555556,0.045347222222,-0.014910500240,-0.057393162393,-0.607641025641,0.704367521368,-0.039333333333,-0.994033349333,-1.434829059821,-12.152820512821,35.218376068393,-1.311111111100,1392.790908387711,35.218376068393,0
0.680000000000,0.375000000000,0.750000000000,20,12,14400,0.109513888889,0.064444444444,0.588459099556,0.026111111111,0.128232758621,0.230603448276,0.641163793103,0.000000000000,1.000000000000,0.061041666667,0.048472222222,0.045069444444,-0.015466055796,0.024899425288,-0.601396551724,0.615830459770,-0.039333333333,-1.031070386370,0.622485632192,-12.027931034483,30.791522988522,-1.311111111100,1095.958619772561,30.791522988522,0
0.680000000000,0.400000000000,0.350000000000,20,12,14400,0.107500000000,0.063958333333,0.594961240310,0.027638888889,0.000000000000,0.359391965255,0.640608034745,0.000000000000,1.000000000000,0.059652777778,0.047847222222,0.043541666667,-0.015952166907,-0.103333333333,-0.472608034745,0.615274701412,-0.039333333333,-1.063477793778,-2.583333333325,-9.452160694897,30.763735070592,-1.311111111100,1045.274345770300,30.763735070592,0
0.680000000000,0.400000000000,0.375000000000,20,12,14400,0.111944444444,0.065902777778,0.588709677419,0.025625000000,0.000000000000,0.363540569020,0.636459430980,0.000000000000,1.000000000000,0.062083333333,0.049861111111,0.046041666667,-0.014007722462,-0.103333333333,-0.468459430980,0.611126097647,-0.039333333333,-0.933848164148,-2.583333333325,-9.369188619600,30.556304882349,-1.311111111100,1030.734159303103,30.556304882349,0
0.680000000000,0.400000000000,0.400000000000,20,12,14400,0.107986111111,0.063263888889,0.585852090032,0.027152777778,0.000000000000,0.358946212953,0.641053787047,0.000000000000,1.000000000000,0.060902777778,0.047083333333,0.044722222222,-0.016646611351,-0.103333333333,-0.473053787047,0.615720453714,-0.039333333333,-1.109774090074,-2.583333333325,-9.461075740944,30.786022685710,-1.311111111100,1046.915368968651,30.786022685710,0
0.680000000000,0.400000000000,0.425000000000,20,12,14400,0.111597222222,0.065555555556,0.587429993777,0.026597222222,0.000000000000,0.365466101695,0.634533898305,0.000000000000,1.000000000000,0.062569444444,0.049027777778,0.046041666667,-0.014354944684,-0.103333333333,-0.466533898305,0.609200564972,-0.039333333333,-0.956996312296,-2.583333333325,-9.330677966102,30.460028248604,-1.311111111100,1024.183337611330,30.460028248604,0
0.680000000000,0.400000000000,0.450000000000,20,12,14400,0.108888888889,0.064166666667,0.589285714286,0.028263888889,0.000000000000,0.363636363636,0.636363636364,0.000000000000,1.000000000000,0.060486111111,0.048402777778,0.044722222222,-0.015743833573,-0.103333333333,-0.468363636364,0.611030303031,-0.039333333333,-1.049588904889,-2.583333333325,-9.367272727273,30.551515151532,-1.311111111100,1030.635136727370,30.551515151532,0
0.680000000000,0.400000000000,0.475000000000,20,12,14400,0.107083333333,0.063402777778,0.592088197147,0.027569444444,0.000000000000,0.349397590361,0.650602409639,0.000000000000,1.000000000000,0.059652777778,0.047430555556,0.043680555556,-0.016507722462,-0.103333333333,-0.482602409639,0.625269076306,-0.039333333333,-1.100514830815,-2.583333333325,-9.652048192771,31.263453815278,-1.311111111100,1080.169335125141,31.263453815278,0
0.680000000000,0.400000000000,0.500000000000,20,12,14400,0.109583333333,0.063888888889,0.583016476553,0.027152777778,0.000000000000,0.351086956522,0.648913043478,0.000000000000,1.000000000000,0.060833333333,0.048750000000,0.045694444444,-0.016021611351,-0.103333333333,-0.480913043478,0.623579710145,-0.039333333333,-1.068107423407,-2.583333333325,-9.618260869565,31.178985507263,-1.311111111100,1074.173556341785,31.178985507263,0
0.680000000000,0.400000000000,0.525000000000,20,12,14400,0.109375000000,0.065069444444,0.594920634921,0.027638888889,0.000000000000,0.360725720384,0.639274279616,0.000000000000,1.000000000000,0.060763888889,0.048611111111,0.044305555556,-0.014841055796,-0.103333333333,-0.471274279616,0.613940946283,-0.039333333333,-0.989403719704,-2.583333333325,-9.425485592316,30.697047314140,-1.311111111100,1040.520035634774,30.697047314140,0
0.680000000000,0.400000000000,0.550000000000,20,12,14400,0.111736111111,0.065694444444,0.587942821628,0.025972222222,0.000000000000,0.360465116279,0.639534883721,0.000000000000,1.000000000000,0.062638888889,0.049097222222,0.046041666667,-0.014216055796,-0.103333333333,-0.471534883721,0.614201550388,-0.039333333333,-0.947737053037,-2.583333333325,-9.430697674419,30.710077519397,-1.311111111100,1041.337748852047,30.710077519397,0
0.680000000000,0.400000000000,0.575000000000,20,12,14400,0.109722222222,0.064791666667,0.590506329114,0.027083333333,0.000000000000,0.367631296892,0.632368703108,0.000000000000,1.000000000000,0.060902777778,0.048819444444,0.044930555556,-0.015118833573,-0.103333333333,-0.464368703108,0.607035369775,-0.039333333333,-1.007922238222,-2.583333333325,-9.287374062165,30.351768488763,-1.311111111100,1016.893698061041,30.351768488763,0
0.680000000000,0.400000000000,0.600000000000,20,12,14400,0.106180555556,0.063333333333,0.596468279922,0.026944444444,0.000000000000,0.368421052632,0.631578947368,0.000000000000,1.000000000000,0.059027777778,0.047152777778,0.042847222222,-0.016577166907,-0.103333333333,-0.463578947368,0.606245614035,-0.039333333333,-1.105144460444,-2.583333333325,-9.271578947368,30.312280701771,-1.311111111100,1014.410505255410,30.312280701771,0
0.680000000000,0.400000000000,0.625000000000,20,12,14400,0.110069444444,0.064791666667,0.588643533123,0.026527777778,0.000000000000,0.368703108253,0.631296891747,0.000000000000,1.000000000000,0.061319444444,0.048750000000,0.045277777778,-0.015118833573,-0.103333333333,-0.463296891747,0.605963558414,-0.039333333333,-1.007922238222,-2.583333333325,-9.265937834941,30.298177920703,-1.311111111100,1013.245719970565,30.298177920703,0
0.680000000000,0.400000000000,0.650000000000,20,12,14400,0.111388888889,0.064861111111,0.582294264339,0.027569444444,0.002141327623,0.370449678801,0.627408993576,0.000000000000,1.000000000000,0.062916666667,0.048472222222,0.046527777778,-0.015049389129,-0.101192005710,-0.461550321199,0.602075660243,-0.039333333333,-1.003292608593,-2.529800142747,-9.231006423983,30.103783012151,-1.311111111100,1000.574728408626,30.103783012151,0
0.680000000000,0.400000000000,0.675000000000,20,12,14400,0.110555555556,0.065416666667,0.591708542714,0.025555555556,0.004246284501,0.359872611465,0.635881104034,0.000000000000,1.000000000000,0.061597222222,0.048958333333,0.045138888889,-0.014493833573,-0.099087048832,-0.472127388535,0.610547770701,-0.039333333333,-0.966255571556,-2.477176220798,-9.442547770701,30.527388535048,-1.311111111100,1029.872223375873,30.527388535048,0
0.680000000000,0.400000000000,0.700000000000,20,12,14400,0.109097222222,0.064513888889,0.591343093571,0.028194444444,0.013993541442,0.370290635091,0.615715823466,0.000000000000,1.000000000000,0.061250000000,0.047847222222,0.044583333333,-0.015396611351,-0.089339791891,-0.461709364909,0.590382490133,-0.039333333333,-1.026440756741,-2.233494797265,-9.234187298170,29.519124506655,-1.311111111100,964.410018679220,29.519124506655,0
0.680000000000,0.400000000000,0.725000000000,20,12,14400,0.108680555556,0.063819444444,0.587220447284,0.026250000000,0.041349292709,0.366702937976,0.590859630033,0.001088139282,1.000000000000,0.060486111111,0.048194444444,0.044861111111,-0.016091055796,-0.061984040624,-0.465297062024,0.565526296700,-0.038245194051,-1.072737053037,-1.549601015588,-9.305941240479,28.276314834982,-1.274839801706,891.327767630756,28.276314834982,0
0.680000000000,0.400000000000,0.750000000000,20,12,14400,0.109097222222,0.063680555556,0.583704646722,0.025555555556,0.122137404580,0.360959651036,0.516902944384,0.000000000000,1.000000000000,0.061388888889,0.047708333333,0.045416666667,-0.016229944684,0.018804071247,-0.471040348964,0.491569611051,-0.039333333333,-1.081996312296,0.470101781179,-9.420806979280,24.578480552543,-1.311111111100,695.964034462731,24.578480552543,0
0.680000000000,0.425000000000,0.350000000000,20,12,14400,0.108611111111,0.064375000000,0.592710997442,0.026944444444,0.000000000000,0.553398058252,0.446601941748,0.000000000000,1.000000000000,0.060347222222,0.048263888889,0.044236111111,-0.015535500240,-0.103333333333,-0.278601941748,0.421268608415,-0.039333333333,-1.035700016000,-2.583333333325,-5.572038834951,21.063430420729,-1.311111111100,484.181015846945,21.063430420729,0
0.680000000000,0.425000000000,0.375000000000,20,12,14400,0.109583333333,0.064444444444,0.588086185044,0.025763888889,0.000000000000,0.552801724138,0.447198275862,0.000000000000,1.000000000000,0.061180555556,0.048402777778,0.045138888889,-0.015466055796,-0.103333333333,-0.279198275862,0.421864942529,-0.039333333333,-1.031070386370,-2.583333333325,-5.583965517241,21.093247126453,-1.311111111100,485.561474833744,21.093247126453,0
0.680000000000,0.425000000000,0.400000000000,20,12,14400,0.108888888889,0.063888888889,0.586734693878,0.026944444444,0.000000000000,0.535869565217,0.464130434783,0.000000000000,1.000000000000,0.061250000000,0.047638888889,0.045000000000,-0.016021611351,-0.103333333333,-0.296130434783,0.438797101450,-0.039333333333,-1.068107423407,-2.583333333325,-5.922608695652,21.939855072480,-1.311111111100,525.968011287916,21.939855072480,0
0.680000000000,0.425000000000,0.425000000000,20,12,14400,0.109236111111,0.064305555556,0.588684043229,0.026319444444,0.000000000000,0.545356371490,0.454643628510,0.000000000000,1.000000000000,0.060972222222,0.048263888889,0.044930555556,-0.015604944684,-0.103333333333,-0.286643628510,0.429310295177,-0.039333333333,-1.040329645630,-2.583333333325,-5.732872570194,21.465514758836,-1.311111111100,503.109060996190,21.465514758836,0
0.680000000000,0.425000000000,0.450000000000,20,12,14400,0.108750000000,0.063958333333,0.588122605364,0.027152777778,0.000000000000,0.543973941368,0.456026058632,0.000000000000,1.000000000000,0.061319444444,0.047430555556,0.044791666667,-0.015952166907,-0.103333333333,-0.288026058632,0.430692725299,-0.039333333333,-1.063477793778,-2.583333333325,-5.760521172638,21.534636264946,-1.311111111100,506.447771718525,21.534636264946,0
0.680000000000,0.425000000000,0.475000000000,20,12,14400,0.107986111111,0.064513888889,0.597427652733,0.025416666667,0.000000000000,0.555435952637,0.444564047363,0.000000000000,1.000000000000,0.059652777778,0.048333333333,0.043472222222,-0.015396611351,-0.103333333333,-0.276564047363,0.419230714030,-0.039333333333,-1.026440756741,-2.583333333325,-5.531280947255,20.961535701488,-1.311111111100,479.427251966028,20.961535701488,0
0.680000000000,0.425000000000,0.500000000000,20,12,14400,0.108541666667,0.063611111111,0.586052463212,0.027222222222,0.000000000000,0.543668122271,0.456331877729,0.000000000000,1.000000000000,0.060486111111,0.048055555556,0.044930555556,-0.016299389129,-0.103333333333,-0.288331877729,0.430998544396,-0.039333333333,-1.086625941926,-2.583333333325,-5.766637554585,21.549927219813,-1.311111111100,507.226851259567,21.549927219813,0
0.680000000000,0.425000000000,0.525000000000,20,12,14400,0.109236111111,0.063958333333,0.585505403687,0.026944444444,0.000000000000,0.541802388708,0.458197611292,0.000000000000,1.000000000000,0.061250000000,0.047986111111,0.045277777778,-0.015952166907,-0.103333333333,-0.290197611292,0.432864277959,-0.039333333333,-1.063477793778,-2.583333333325,-5.803952225842,21.643213897954,-1.311111111100,511.638177747007,21.643213897954,0
0.680000000000,0.425000000000,0.550000000000,20,12,14400,0.110069444444,0.064097222222,0.582334384858,0.025138888889,0.000000000000,0.535211267606,0.464788732394,0.000000000000,1.000000000000,0.061736111111,0.048333333333,0.045972222222,-0.015813278018,-0.103333333333,-0.296788732394,0.439455399061,-0.039333333333,-1.054218534519,-2.583333333325,-5.935774647887,21.972769953068,-1.311111111100,527.540040256204,21.972769953068,0
0.680000000000,0.425000000000,0.575000000000,20,12,14400,0.109375000000,0.064236111111,0.587301587302,0.026388888889,0.000000000000,0.555675675676,0.444324324324,0.000000000000,1.000000000000,0.061666666667,0.047708333333,0.045138888889,-0.015674389129,-0.103333333333,-0.276324324324,0.418990990991,-0.039333333333,-1.044959275259,-2.583333333325,-5.526486486486,20.949549549566,-1.311111111100,478.910242558714,20.949549549566,0
0.680000000000,0.425000000000,0.600000000000,20,12,14400,0.107500000000,0.064375000000,0.598837209302,0.026944444444,0.000000000000,0.552319309601,0.447680690399,0.000000000000,1.000000000000,0.059236111111,0.048263888889,0.043125000000,-0.015535500240,-0.103333333333,-0.279680690399,0.422347357066,-0.039333333333,-1.035700016000,-2.583333333325,-5.593613807983,21.117367853307,-1.311111111100,486.697038464596,21.117367853307,0
0.680000000000,0.425000000000,0.625000000000,20,12,14400,0.111319444444,0.066250000000,0.595134123518,0.025902777778,0.000000000000,0.541928721174,0.458071278826,0.000000000000,1.000000000000,0.061875000000,0.049444444444,0.045069444444,-0.013660500240,-0.103333333333,-0.290071278826,0.432737945493,-0.039333333333,-0.910700016000,-2.583333333325,-5.801425576520,21.636897274650,-1.311111111100,511.033860369506,21.636897274650,0
0.680000000000,0.425000000000,0.650000000000,20,12,14400,0.108333333333,0.064444444444,0.594871794872,0.027847222222,0.002155172414,0.544181034483,0.453663793103,0.000000000000,1.000000000000,0.059930555556,0.048402777778,0.043888888889,-0.015466055796,-0.101178160919,-0.287818965517,0.428330459770,-0.039333333333,-1.031070386370,-2.529454022980,-5.756379310345,21.416522988522,-1.311111111100,500.983615824144,21.416522988522,0
0.680000000000,0.425000000000,0.675000000000,20,12,14400,0.108958333333,0.064097222222,0.588272785214,0.026388888889,0.004333694475,0.557963163597,0.437703141928,0.000000000000,1.000000000000,0.061250000000,0.047708333333,0.044861111111,-0.015813278018,-0.098999638858,-0.274036836403,0.412369808595,-0.039333333333,-1.054218534519,-2.474990971462,-5.480736728061,20.618490429775,-1.311111111100,464.116592058008,20.618490429775,0
0.680000000000,0.425000000000,0.700000000000,20,12,14400,0.107222222222,0.062916666667,0.586787564767,0.028055555556,0.015452538631,0.555187637969,0.429359823400,0.000000000000,1.000000000000,0.059305555556,0.047916666667,0.044305555556,-0.016993833573,-0.087880794702,-0.276812362031,0.404026490067,-0.039333333333,-1.132922238222,-2.197019867541,-5.536247240618,20.201324503328,-1.311111111100,446.572966639891,20.201324503328,0
0.680000000000,0.425000000000,0.725000000000,20,12,14400,0.110694444444,0.065347222222,0.590338770389,0.027013888889,0.044633368757,0.545164718385,0.409139213603,0.001062699256,1.000000000000,0.061875000000,0.048819444444,0.045347222222,-0.014563278018,-0.058699964576,-0.286835281615,0.383805880270,-0.038270634077,-0.970885201185,-1.467499114409,-5.736705632306,19.190294013478,-1.275687802563,405.900726929722,19.190294013478,0
0.680000000000,0.425000000000,0.750000000000,20,12,14400,0.109027777778,0.064583333333,0.592356687898,0.027361111111,0.115053763441,0.524731182796,0.349462365591,0.010752688172,1.000000000000,0.061041666667,0.047986111111,0.044444444444,-0.015327166907,0.011720430108,-0.307268817204,0.324129032258,-0.028580645161,-1.021811127111,0.293010752697,-6.145376344086,16.206451612920,-0.952688172032,302.452292326177,16.206451612920,0
0.680000000000,0.450000000000,0.350000000000,20,12,14400,0.109861111111,0.064444444444,0.586599241466,0.027152777778,0.000000000000,0.723060344828,0.276939655172,0.000000000000,1.000000000000,0.061250000000,0.048611111111,0.045416666667,-0.015466055796,-0.103333333333,-0.108939655172,0.251606321839,-0.039333333333,-1.031070386370,-2.583333333325,-2.178793103448,12.580316091971,-1.311111111100,172.467221959899,12.580316091971,0
0.680000000000,0.450000000000,0.375000000000,20,12,14400,0.110138888889,0.065347222222,0.593316519546,0.027500000000,0.000000000000,0.715196599362,0.284803400638,0.000000000000,1.000000000000,0.061527777778,0.048611111111,0.044791666667,-0.014563278018,-0.103333333333,-0.116803400638,0.259470067305,-0.039333333333,-0.970885201185,-2.583333333325,-2.336068012752,12.973503365231,-1.311111111100,183.104244858464,12.973503365231,0
0.680000000000,0.450000000000,0.400000000000,20,12,14400,0.108055555556,0.063333333333,0.586118251928,0.026805555556,0.000000000000,0.710526315789,0.289473684211,0.000000000000,1.000000000000,0.060694444444,0.047361111111,0.044722222222,-0.016577166907,-0.103333333333,-0.121473684211,0.264140350878,-0.039333333333,-1.105144460444,-2.583333333325,-2.429473684211,13.207017543876,-1.311111111100,189.941622521698,13.207017543876,0
0.680000000000,0.450000000000,0.425000000000,20,12,14400,0.108958333333,0.064861111111,0.595283620140,0.025555555556,0.000000000000,0.701284796574,0.298715203426,0.000000000000,1.000000000000,0.060763888889,0.048194444444,0.044097222222,-0.015049389129,-0.103333333333,-0.130715203426,0.273381870093,-0.039333333333,-1.003292608593,-2.583333333325,-2.614304068523,13.669093504656,-1.311111111100,203.077922516903,13.669093504656,0
0.680000000000,0.450000000000,0.450000000000,20,12,14400,0.109930555556,0.064513888889,0.586860391661,0.027083333333,0.000000000000,0.707212055974,0.292787944026,0.000000000000,1.000000000000,0.061944444444,0.047986111111,0.045416666667,-0.015396611351,-0.103333333333,-0.124787944026,0.267454610693,-0.039333333333,-1.026440756741,-2.583333333325,-2.495758880517,13.372730534642,-1.311111111100,194.504938425635,13.372730534642,0
0.680000000000,0.450000000000,0.475000000000,20,12,14400,0.108958333333,0.064166666667,0.588910133843,0.025416666667,0.000000000000,0.706709956710,0.293290043290,0.000000000000,1.000000000000,0.060763888889,0.048194444444,0.044791666667,-0.015743833573,-0.103333333333,-0.125290043290,0.267956709957,-0.039333333333,-1.049588904889,-2.583333333325,-2.505800865801,13.397835497852,-1.311111111100,195.275294332541,13.397835497852,0
0.680000000000,0.450000000000,0.500000000000,20,12,14400,0.107152777778,0.063402777778,0.591704471808,0.027430555556,0.000000000000,0.709748083242,0.290251916758,0.000000000000,1.000000000000,0.059444444444,0.047708333333,0.043750000000,-0.016507722462,-0.103333333333,-0.122251916758,0.264918583425,-0.039333333333,-1.100514830815,-2.583333333325,-2.445038335159,13.245929171247,-1.311111111100,191.036608419650,13.245929171247,0
0.680000000000,0.450000000000,0.525000000000,20,12,14400,0.107986111111,0.063750000000,0.590353697749,0.028541666667,0.000000000000,0.701525054466,0.298474945534,0.000000000000,1.000000000000,0.060000000000,0.047986111111,0.044236111111,-0.016160500240,-0.103333333333,-0.130474945534,0.273141612201,-0.039333333333,-1.077366682667,-2.583333333325,-2.609498910675,13.657080610038,-1.311111111100,202.878677779543,13.657080610038,0
0.680000000000,0.450000000000,0.550000000000,20,12,14400,0.107569444444,0.063750000000,0.592640413170,0.026875000000,0.000000000000,0.715686274510,0.284313725490,0.000000000000,1.000000000000,0.058750000000,0.048819444444,0.043819444444,-0.016160500240,-0.103333333333,-0.116313725490,0.258980392157,-0.039333333333,-1.077366682667,-2.583333333325,-2.326274509804,12.949019607860,-1.311111111100,182.642004325340,12.949019607860,0
0.680000000000,0.450000000000,0.575000000000,20,12,14400,0.109861111111,0.065000000000,0.591656131479,0.028055555556,0.000000000000,0.709401709402,0.290598290598,0.000000000000,1.000000000000,0.060833333333,0.049027777778,0.044861111111,-0.014910500240,-0.103333333333,-0.122598290598,0.265264957265,-0.039333333333,-0.994033349333,-2.583333333325,-2.451965811966,13.263247863265,-1.311111111100,191.306605981746,13.263247863265,0
0.680000000000,0.450000000000,0.600000000000,20,12,14400,0.109652777778,0.064791666667,0.590880303990,0.026111111111,0.000000000000,0.712754555198,0.287245444802,0.000000000000,1.000000000000,0.061458333333,0.048194444444,0.044861111111,-0.015118833573,-0.103333333333,-0.119245444802,0.261912111469,-0.039333333333,-1.007922238222,-2.583333333325,-2.384908896034,13.095605573436,-1.311111111100,186.591206472406,13.095605573436,0
0.680000000000,0.450000000000,0.625000000000,20,12,14400,0.110763888889,0.065277777778,0.589341692790,0.026527777778,0.000000000000,0.719148936170,0.280851063830,0.000000000000,1.000000000000,0.062013888889,0.048750000000,0.045486111111,-0.014632722462,-0.103333333333,-0.112851063830,0.255517730497,-0.039333333333,-0.975514830815,-2.583333333325,-2.257021276596,12.775886524839,-1.311111111100,177.661674180436,12.775886524839,0
0.680000000000,0.450000000000,0.650000000000,20,12,14400,0.110138888889,0.065555555556,0.595208070618,0.027569444444,0.001059322034,0.718220338983,0.280720338983,0.000000000000,1.000000000000,0.060555555556,0.049583333333,0.044583333333,-0.014354944684,-0.102274011299,-0.113779661017,0.255387005650,-0.039333333333,-0.956996312296,-2.556850282478,-2.275593220339,12.769350282503,-1.311111111100,177.406968796105,12.769350282503,0
0.680000000000,0.450000000000,0.675000000000,20,12,14400,0.110347222222,0.065208333333,0.590937696665,0.026180555556,0.004259850905,0.710330138445,0.285410010650,0.000000000000,1.000000000000,0.061388888889,0.048958333333,0.045138888889,-0.014702166907,-0.099073482428,-0.121669861555,0.260076677317,-0.039333333333,-0.980144460444,-2.476837060695,-2.433397231097,13.003833865831,-1.311111111100,183.835534628671,13.003833865831,0
0.680000000000,0.450000000000,0.700000000000,20,12,14400,0.108333333333,0.064930555556,0.599358974359,0.027500000000,0.016042780749,0.708021390374,0.275935828877,0.000000000000,1.000000000000,0.060069444444,0.048263888889,0.043402777778,-0.014979944684,-0.087290552584,-0.123978609626,0.250602495544,-0.039333333333,-0.998662978963,-2.182263814608,-2.479572192513,12.530124777200,-1.311111111100,170.630920637845,12.530124777200,0
0.680000000000,0.450000000000,0.725000000000,20,12,14400,0.108680555556,0.064722222222,0.595527156550,0.026944444444,0.041845493562,0.703862660944,0.252145922747,0.002145922747,1.000000000000,0.060277777778,0.048402777778,0.043958333333,-0.015188278018,-0.061487839771,-0.128137339056,0.226812589414,-0.037187410586,-1.012551867852,-1.537195994269,-2.562746781116,11.340629470689,-1.239580352874,140.102340116699,11.340629470689,0
0.680000000000,0.450000000000,0.750000000000,20,12,14400,0.107916666667,0.063402777778,0.587516087516,0.026597222222,0.105147864184,0.686746987952,0.186199342826,0.021905805038,1.000000000000,0.060416666667,0.047500000000,0.044513888889,-0.016507722462,0.001814530851,-0.145253012048,0.160866009493,-0.017427528295,-1.100514830815,0.045363271275,-2.905060240964,8.043300474642,-0.580917609822,74.684713517637,8.043300474642,0
0.680000000000,0.475000000000,0.350000000000,20,12,14400,0.108333333333,0.063194444444,0.583333333333,0.026944444444,0.000000000000,0.850549450549,0.149450549451,0.000000000000,1.000000000000,0.060347222222,0.047986111111,0.045138888889,-0.016716055796,-0.103333333333,0.018549450549,0.124117216118,-0.039333333333,-1.114403719704,-2.583333333325,0.370989010989,6.205860805877,-1.311111111100,48.284860295407,6.205860805877,0
0.680000000000,0.475000000000,0.375000000000,20,12,14400,0.108819444444,0.064236111111,0.590299936184,0.027361111111,0.000000000000,0.847567567568,0.152432432432,0.000000000000,1.000000000000,0.060000000000,0.048819444444,0.044583333333,-0.015674389129,-0.103333333333,0.015567567568,0.127099099099,-0.039333333333,-1.044959275259,-2.583333333325,0.311351351351,6.354954954972,-1.311111111100,49.966955487375,6.354954954972,0
0.680000000000,0.475000000000,0.400000000000,20,12,14400,0.109236111111,0.064375000000,0.589319771138,0.025833333333,0.000000000000,0.848975188781,0.151024811219,0.000000000000,1.000000000000,0.060694444444,0.048541666667,0.044861111111,-0.015535500240,-0.103333333333,0.016975188781,0.125691477886,-0.039333333333,-1.035700016000,-2.583333333325,0.339503775620,6.284573894299,-1.311111111100,49.076429826428,6.284573894299,0
0.680000000000,0.475000000000,0.425000000000,20,12,14400,0.109305555556,0.064444444444,0.589580686150,0.029236111111,0.000000000000,0.849137931034,0.150862068966,0.000000000000,1.000000000000,0.060347222222,0.048958333333,0.044861111111,-0.015466055796,-0.103333333333,0.017137931034,0.125528735633,-0.039333333333,-1.031070386370,-2.583333333325,0.342758620690,6.276436781626,-1.311111111100,48.966871744170,6.276436781626,0
0.680000000000,0.475000000000,0.450000000000,20,12,14400,0.108263888889,0.064097222222,0.592046183451,0.026041666667,0.000000000000,0.859154929577,0.140845070423,0.000000000000,1.000000000000,0.060277777778,0.047986111111,0.044166666667,-0.015813278018,-0.103333333333,0.027154929577,0.115511737090,-0.039333333333,-1.054218534519,-2.583333333325,0.543098591549,5.775586854477,-1.311111111100,43.156359768987,5.775586854477,0
0.680000000000,0.475000000000,0.475000000000,20,12,14400,0.108125000000,0.064166666667,0.593448940270,0.026736111111,0.000000000000,0.851731601732,0.148268398268,0.000000000000,1.000000000000,0.059444444444,0.048680555556,0.043958333333,-0.015743833573,-0.103333333333,0.019731601732,0.122935064935,-0.039333333333,-1.049588904889,-2.583333333325,0.394632034632,6.146753246770,-1.311111111100,47.432570245418,6.146753246770,0
0.680000000000,0.475000000000,0.500000000000,20,12,14400,0.111111111111,0.065000000000,0.585000000000,0.026250000000,0.000000000000,0.849358974359,0.150641025641,0.000000000000,1.000000000000,0.062361111111,0.048750000000,0.046111111111,-0.014910500240,-0.103333333333,0.017358974359,0.125307692308,-0.039333333333,-0.994033349333,-2.583333333325,0.347179487180,6.265384615401,-1.311111111100,48.756303731531,6.265384615401,0
0.680000000000,0.475000000000,0.525000000000,20,12,14400,0.110416666667,0.065277777778,0.591194968553,0.028263888889,0.000000000000,0.843617021277,0.156382978723,0.000000000000,1.000000000000,0.060902777778,0.049513888889,0.045138888889,-0.014632722462,-0.103333333333,0.011617021277,0.131049645390,-0.039333333333,-0.975514830815,-2.583333333325,0.232340425532,6.552482269520,-1.311111111100,52.333258607570,6.552482269520,0
0.680000000000,0.475000000000,0.550000000000,20,12,14400,0.107430555556,0.062916666667,0.585649644473,0.027916666667,0.000000000000,0.856512141280,0.143487858720,0.000000000000,1.000000000000,0.060486111111,0.046944444444,0.044513888889,-0.016993833573,-0.103333333333,0.024512141280,0.118154525387,-0.039333333333,-1.132922238222,-2.583333333325,0.490242825607,5.907726269332,-1.311111111100,44.817703955994,5.907726269332,0
0.680000000000,0.475000000000,0.575000000000,20,12,14400,0.109513888889,0.064444444444,0.588459099556,0.028750000000,0.000000000000,0.854525862069,0.145474137931,0.000000000000,1.000000000000,0.060555555556,0.048958333333,0.045069444444,-0.015466055796,-0.103333333333,0.022525862069,0.120140804598,-0.039333333333,-1.031070386370,-2.583333333325,0.450517241379,6.007040229902,-1.311111111100,45.743227706804,6.007040229902,0
0.680000000000,0.475000000000,0.600000000000,20,12,14400,0.107847222222,0.063055555556,0.584674822923,0.028541666667,0.000000000000,0.852422907489,0.147577092511,0.000000000000,1.000000000000,0.060902777778,0.046944444444,0.044791666667,-0.016854944684,-0.103333333333,0.020422907489,0.122243759178,-0.039333333333,-1.123662978963,-2.583333333325,0.408458149780,6.112187958901,-1.311111111100,47.180921652061,6.112187958901,0
0.680000000000,0.475000000000,0.625000000000,20,12,14400,0.110208333333,0.065000000000,0.589792060491,0.025972222222,0.000000000000,0.853632478632,0.146367521368,0.000000000000,1.000000000000,0.061805555556,0.048402777778,0.045208333333,-0.014910500240,-0.103333333333,0.021632478632,0.121034188035,-0.039333333333,-0.994033349333,-2.583333333325,0.432649572650,6.051709401726,-1.311111111100,46.191098091958,6.051709401726,0
0.680000000000,0.475000000000,0.650000000000,20,12,14400,0.111736111111,0.066388888889,0.594157862026,0.027291666667,0.001046025105,0.851464435146,0.147489539749,0.000000000000,1.000000000000,0.062291666667,0.049444444444,0.045347222222,-0.013521611351,-0.102287308228,0.019464435146,0.122156206416,-0.039333333333,-0.901440756741,-2.557182705710,0.389288702929,6.107810320798,-1.311111111100,46.527683783016,6.107810320798,0
0.680000000000,0.475000000000,0.675000000000,20,12,14400,0.110625000000,0.064652777778,0.584431889517,0.027291666667,0.004296455424,0.842105263158,0.153598281418,0.000000000000,1.000000000000,0.061666666667,0.048958333333,0.045972222222,-0.015257722462,-0.099036877909,0.010105263158,0.128264948085,-0.039333333333,-1.017181497481,-2.475921947718,0.202105263158,6.413247404241,-1.311111111100,50.054448841065,6.413247404241,0
0.680000000000,0.475000000000,0.700000000000,20,12,14400,0.109375000000,0.065138888889,0.595555555556,0.026527777778,0.013859275053,0.845415778252,0.138592750533,0.002132196162,1.000000000000,0.060833333333,0.048541666667,0.044236111111,-0.014771611351,-0.089474058280,0.013415778252,0.113259417200,-0.037201137171,-0.984774090074,-2.236851456992,0.268315565032,5.662970860002,-1.240037905698,39.652210660375,5.662970860002,0
0.680000000000,0.475000000000,0.725000000000,20,12,14400,0.109861111111,0.064166666667,0.584070796460,0.028750000000,0.032467532468,0.851731601732,0.108225108225,0.007575757576,1.000000000000,0.061666666667,0.048194444444,0.045694444444,-0.015743833573,-0.070865800865,0.019731601732,0.082891774892,-0.031757575757,-1.049588904889,-1.771645021637,0.394632034632,4.144588744605,-1.058585858575,22.694317276598,4.144588744605,0
0.680000000000,0.475000000000,0.750000000000,20,12,14400,0.110555555556,0.065277777778,0.590452261307,0.026388888889,0.081914893617,0.818085106383,0.059574468085,0.040425531915,1.000000000000,0.061666666667,0.048888888889,0.045277777778,-0.014632722462,-0.021418439716,-0.013914893617,0.034241134752,0.001092198582,-0.975514830815,-0.535460992899,-0.278297872340,1.712056737605,0.036406619397,4.248261080522,1.712056737605,1
0.680000000000,0.500000000000,0.350000000000,20,12,14400,0.109722222222,0.064097222222,0.584177215190,0.026527777778,0.000000000000,0.951245937161,0.048754062839,0.000000000000,1.000000000000,0.061875000000,0.047847222222,0.045625000000,-0.015813278018,-0.103333333333,0.119245937161,0.023420729506,-0.039333333333,-1.054218534519,-2.583333333325,2.384918743229,1.171036475279,-1.311111111100,16.563164013477,2.583333333325,0
0.680000000000,0.500000000000,0.375000000000,20,12,14400,0.109375000000,0.065069444444,0.594920634921,0.026319444444,0.000000000000,0.948772678762,0.051227321238,0.000000000000,1.000000000000,0.060486111111,0.048888888889,0.044305555556,-0.014841055796,-0.103333333333,0.116772678762,0.025893987905,-0.039333333333,-0.989403719704,-2.583333333325,2.335453575240,1.294699395250,-1.311111111100,16.502133103443,2.583333333325,0
0.680000000000,0.500000000000,0.400000000000,20,12,14400,0.109930555556,0.064652777778,0.588123815540,0.025902777778,0.000000000000,0.943071965628,0.056928034372,0.000000000000,1.000000000000,0.061250000000,0.048680555556,0.045277777778,-0.015257722462,-0.103333333333,0.111071965628,0.031594701039,-0.039333333333,-1.017181497481,-2.583333333325,2.221439312567,1.579735051932,-1.311111111100,16.857637109259,2.583333333325,0
0.680000000000,0.500000000000,0.425000000000,20,12,14400,0.110138888889,0.064930555556,0.589533417402,0.027222222222,0.000000000000,0.942245989305,0.057754010695,0.000000000000,1.000000000000,0.061388888889,0.048750000000,0.045208333333,-0.014979944684,-0.103333333333,0.110245989305,0.032420677362,-0.039333333333,-0.998662978963,-2.583333333325,2.204919786096,1.621033868109,-1.311111111100,16.879373266946,2.583333333325,0
0.680000000000,0.500000000000,0.450000000000,20,12,14400,0.108750000000,0.064305555556,0.591315453384,0.028194444444,0.000000000000,0.950323974082,0.049676025918,0.000000000000,1.000000000000,0.060347222222,0.048402777778,0.044444444444,-0.015604944684,-0.103333333333,0.118323974082,0.024342692585,-0.039333333333,-1.040329645630,-2.583333333325,2.366479481641,1.217134629246,-1.311111111100,16.556551071035,2.583333333325,0
0.680000000000,0.500000000000,0.475000000000,20,12,14400,0.109722222222,0.065277777778,0.594936708861,0.027569444444,0.000000000000,0.939361702128,0.060638297872,0.000000000000,1.000000000000,0.061250000000,0.048472222222,0.044444444444,-0.014632722462,-0.103333333333,0.107361702128,0.035304964539,-0.039333333333,-0.975514830815,-2.583333333325,2.147234042553,1.765248226967,-1.311111111100,17.070967978167,2.583333333325,0
0.680000000000,0.500000000000,0.500000000000,20,12,14400,0.109305555556,0.064236111111,0.587674714104,0.026458333333,0.000000000000,0.947027027027,0.052972972973,0.000000000000,1.000000000000,0.060902777778,0.048402777778,0.045069444444,-0.015674389129,-0.103333333333,0.115027027027,0.027639639640,-0.039333333333,-1.044959275259,-2.583333333325,2.300540540541,1.381981981999,-1.311111111100,16.686924320908,2.583333333325,0
0.680000000000,0.500000000000,0.525000000000,20,12,14400,0.110000000000,0.064652777778,0.587752525253,0.026875000000,0.000000000000,0.945220193340,0.054779806660,0.000000000000,1.000000000000,0.061388888889,0.048611111111,0.045347222222,-0.015257722462,-0.103333333333,0.113220193340,0.029446473327,-0.039333333333,-1.017181497481,-2.583333333325,2.264403866810,1.472323666325,-1.311111111100,16.722543505982,2.583333333325,0
0.680000000000,0.500000000000,0.550000000000,20,12,14400,0.110000000000,0.065000000000,0.590909090909,0.027569444444,0.000000000000,0.948717948718,0.051282051282,0.000000000000,1.000000000000,0.061319444444,0.048680555556,0.045000000000,-0.014910500240,-0.103333333333,0.116717948718,0.025948717949,-0.039333333333,-0.994033349333,-2.583333333325,2.334358974359,1.297435897453,-1.311111111100,16.513297485474,2.583333333325,0
0.680000000000,0.500000000000,0.575000000000,20,12,14400,0.110000000000,0.064652777778,0.587752525253,0.027708333333,0.000000000000,0.947368421053,0.052631578947,0.000000000000,1.000000000000,0.061041666667,0.048958333333,0.045347222222,-0.015257722462,-0.103333333333,0.115368421053,0.027298245614,-0.039333333333,-1.017181497481,-2.583333333325,2.307368421053,1.364912280719,-1.311111111100,16.614216220064,2.583333333325,0
0.680000000000,0.500000000000,0.600000000000,20,12,14400,0.109375000000,0.065069444444,0.594920634921,0.027916666667,0.000000000000,0.945570971185,0.054429028815,0.000000000000,1.000000000000,0.060347222222,0.049027777778,0.044305555556,-0.014841055796,-0.103333333333,0.113570971185,0.029095695482,-0.039333333333,-0.989403719704,-2.583333333325,2.271419423693,1.454784774118,-1.311111111100,16.647288114617,2.583333333325,0
0.680000000000,0.500000000000,0.625000000000,20,12,14400,0.107847222222,0.063472222222,0.588538312943,0.026944444444,0.000000000000,0.951859956236,0.048140043764,0.000000000000,1.000000000000,0.060277777778,0.047569444444,0.044375000000,-0.016438278018,-0.103333333333,0.119859956236,0.022806710431,-0.039333333333,-1.095885201185,-2.583333333325,2.397199124726,1.140335521534,-1.311111111100,16.640516576156,2.583333333325,0
0.680000000000,0.500000000000,0.650000000000,20,12,14400,0.109097222222,0.065277777778,0.598345003183,0.026944444444,0.001063829787,0.943617021277,0.054255319149,0.001063829787,1.000000000000,0.060208333333,0.048888888889,0.043819444444,-0.014632722462,-0.102269503546,0.111617021277,0.028921985816,-0.038269503546,-0.975514830815,-2.556737588644,2.232340425532,1.446099290797,-1.275650118192,16.190366440677,2.556737588644,0
0.680000000000,0.500000000000,0.675000000000,20,12,14400,0.108680555556,0.064027777778,0.589137380192,0.026597222222,0.003253796095,0.942516268980,0.053145336226,0.001084598698,1.000000000000,0.060763888889,0.047916666667,0.044652777778,-0.015882722462,-0.100079537238,0.110516268980,0.027812002893,-0.038248734635,-1.058848164148,-2.501988430939,2.210325379610,1.390600144630,-1.274957821151,15.825930034976,2.501988430939,0
0.680000000000,0.500000000000,0.700000000000,20,12,14400,0.109027777778,0.063750000000,0.584713375796,0.027500000000,0.006535947712,0.937908496732,0.047930283224,0.007625272331,1.000000000000,0.061458333333,0.047569444444,0.045277777778,-0.016160500240,-0.096797385621,0.105908496732,0.022596949891,-0.031708061002,-1.077366682667,-2.419934640515,2.118169934641,1.129847494570,-1.056935366728,13.897114235725,2.419934640515,0
0.680000000000,0.500000000000,0.725000000000,20,12,14400,0.109375000000,0.065208333333,0.596190476190,0.027013888889,0.019169329073,0.920127795527,0.037273695421,0.023429179979,1.000000000000,0.060555555556,0.048819444444,0.044166666667,-0.014702166907,-0.084164004260,0.088127795527,0.011940362088,-0.015904153354,-0.980144460444,-2.104100106488,1.762555910543,0.597018104383,-0.530138445143,9.132001147233,2.104100106488,0
0.680000000000,0.500000000000,0.750000000000,20,12,14400,0.109861111111,0.064166666667,0.584070796460,0.026458333333,0.038961038961,0.852813852814,0.018398268398,0.089826839827,1.000000000000,0.061319444444,0.048541666667,0.045694444444,-0.015743833573,-0.064372294372,0.020813852814,-0.006935064935,0.050493506494,-1.049588904889,-1.609307359299,0.416277056277,-0.346753246737,1.683116883128,6.817913889935,1.683116883128,0
0.680000000000,0.525000000000,0.350000000000,20,12,14400,0.108680555556,0.064305555556,0.591693290735,0.027083333333,0.000000000000,0.987041036717,0.012958963283,0.000000000000,1.000000000000,0.060625000000,0.048055555556,0.044375000000,-0.015604944684,-0.103333333333,0.155041036717,-0.012374370050,-0.039333333333,-1.040329645630,-2.583333333325,3.100820734341,-0.618718502503,-1.311111111100,19.472811040154,3.100820734341,0
0.680000000000,0.525000000000,0.375000000000,20,12,14400,0.108125000000,0.064444444444,0.596017983301,0.027569444444,0.000000000000,0.985991379310,0.014008620690,0.000000000000,1.000000000000,0.059861111111,0.048263888889,0.043680555556,-0.015466055796,-0.103333333333,0.153991379310,-0.011324712643,-0.039333333333,-1.031070386370,-2.583333333325,3.079827586207,-0.566235632167,-1.311111111100,19.261690350265,3.079827586207,0
0.680000000000,0.525000000000,0.400000000000,20,12,14400,0.110277777778,0.065625000000,0.595088161209,0.026458333333,0.000000000000,0.988359788360,0.011640211640,0.000000000000,1.000000000000,0.061111111111,0.049166666667,0.044652777778,-0.014285500240,-0.103333333333,0.156359788360,-0.013693121693,-0.039333333333,-0.952366682667,-2.583333333325,3.127195767196,-0.684656084639,-1.311111111100,19.547733075572,3.127195767196,0
0.680000000000,0.525000000000,0.425000000000,20,12,14400,0.110000000000,0.064722222222,0.588383838384,0.027222222222,0.000000000000,0.988197424893,0.011802575107,0.000000000000,1.000000000000,0.061319444444,0.048680555556,0.045277777778,-0.015188278018,-0.103333333333,0.156197424893,-0.013530758226,-0.039333333333,-1.012551867852,-2.583333333325,3.123948497854,-0.676537911285,-1.311111111100,19.634642504459,3.123948497854,0
0.680000000000,0.525000000000,0.450000000000,20,12,14400,0.107916666667,0.063472222222,0.588159588160,0.025694444444,0.000000000000,0.989059080963,0.010940919037,0.000000000000,1.000000000000,0.059930555556,0.047986111111,0.044444444444,-0.016438278018,-0.103333333333,0.157059080963,-0.014392414296,-0.039333333333,-1.095885201185,-2.583333333325,3.141181619256,-0.719620714790,-1.311111111100,19.978463769201,3.141181619256,0
0.680000000000,0.525000000000,0.475000000000,20,12,14400,0.109305555556,0.064930555556,0.594027954257,0.027361111111,0.000000000000,0.987165775401,0.012834224599,0.000000000000,1.000000000000,0.060277777778,0.049027777778,0.044375000000,-0.014979944684,-0.103333333333,0.155165775401,-0.012499108734,-0.039333333333,-0.998662978963,-2.583333333325,3.103315508021,-0.624955436703,-1.311111111100,19.411087642460,3.103315508021,0
0.680000000000,0.525000000000,0.500000000000,20,12,14400,0.108541666667,0.064930555556,0.598208573257,0.027222222222,0.000000000000,0.987165775401,0.012834224599,0.000000000000,1.000000000000,0.059722222222,0.048819444444,0.043611111111,-0.014979944684,-0.103333333333,0.155165775401,-0.012499108734,-0.039333333333,-0.998662978963,-2.583333333325,3.103315508021,-0.624955436703,-1.311111111100,19.411087642460,3.103315508021,0
0.680000000000,0.525000000000,0.525000000000,20,12,14400,0.108611111111,0.063958333333,0.588874680307,0.028958333333,0.000000000000,0.991313789359,0.008686210641,0.000000000000,1.000000000000,0.060486111111,0.048125000000,0.044652777778,-0.015952166907,-0.103333333333,0.159313789359,-0.016647122692,-0.039333333333,-1.063477793778,-2.583333333325,3.186275787188,-0.832356134620,-1.311111111100,20.368778601435,3.186275787188,0
0.680000000000,0.525000000000,0.550000000000,20,12,14400,0.109097222222,0.063333333333,0.580521960535,0.025416666667,0.000000000000,0.984649122807,0.015350877193,0.000000000000,1.000000000000,0.061180555556,0.047916666667,0.045763888889,-0.016577166907,-0.103333333333,0.152649122807,-0.009982456140,-0.039333333333,-1.105144460444,-2.583333333325,3.052982456140,-0.499122807001,-1.311111111100,19.183793189138,3.052982456140,0
0.680000000000,0.525000000000,0.575000000000,20,12,14400,0.110208333333,0.065208333333,0.591682419660,0.026388888889,0.000000000000,0.986155484558,0.013844515442,0.000000000000,1.000000000000,0.060833333333,0.049375000000,0.045000000000,-0.014702166907,-0.103333333333,0.154155484558,-0.011488817891,-0.039333333333,-0.980144460444,-2.583333333325,3.083109691161,-0.574440894552,-1.311111111100,19.188854329121,3.083109691161,0
0.680000000000,0.525000000000,0.600000000000,20,12,14400,0.110138888889,0.065347222222,0.593316519546,0.028333333333,0.000000000000,0.986184909671,0.013815090329,0.000000000000,1.000000000000,0.060555555556,0.049583333333,0.044791666667,-0.014563278018,-0.103333333333,0.154184909671,-0.011518243004,-0.039333333333,-0.970885201185,-2.583333333325,3.083698193411,-0.575912150178,-1.311111111100,19.176110883369,3.083698193411,0
0.680000000000,0.525000000000,0.625000000000,20,12,14400,0.107500000000,0.063819444444,0.593669250646,0.026597222222,0.000000000000,0.989118607182,0.010881392818,0.000000000000,1.000000000000,0.059513888889,0.047986111111,0.043680555556,-0.016091055796,-0.103333333333,0.157118607182,-0.014451940515,-0.039333333333,-1.072737053037,-2.583333333325,3.142372143634,-0.722597025736,-1.311111111100,19.940037392368,3.142372143634,0
0.680000000000,0.525000000000,0.650000000000,20,12,14400,0.107708333333,0.063750000000,0.591876208897,0.027083333333,0.001089324619,0.986928104575,0.011982570806,0.000000000000,1.000000000000,0.060069444444,0.047638888889,0.043958333333,-0.016160500240,-0.102244008714,0.154928104575,-0.013350762527,-0.039333333333,-1.077366682667,-2.556100217857,3.098562091503,-0.667538126345,-1.311111111100,19.460073823322,3.098562091503,0
0.680000000000,0.525000000000,0.675000000000,20,12,14400,0.109027777778,0.065277777778,0.598726114650,0.026388888889,0.002127659574,0.984042553191,0.011702127660,0.002127659574,1.000000000000,0.059930555556,0.049097222222,0.043750000000,-0.014632722462,-0.101205673759,0.152042553191,-0.013631205673,-0.037205673759,-0.975514830815,-2.530141843963,3.040851063830,-0.681560283671,-1.240189125284,18.602615614860,3.040851063830,0
0.680000000000,0.525000000000,0.700000000000,20,12,14400,0.108958333333,0.063055555556,0.578712555768,0.026736111111,0.003303964758,0.976872246696,0.009911894273,0.009911894273,1.000000000000,0.062083333333,0.046875000000,0.045902777778,-0.016854944684,-0.100029368575,0.144872246696,-0.015421439060,-0.029421439060,-1.123662978963,-2.500734214382,2.897444933921,-0.771071952994,-0.980714635329,17.467830399019,2.897444933921,0
0.680000000000,0.525000000000,0.725000000000,20,12,14400,0.109861111111,0.065000000000,0.591656131479,0.025694444444,0.007478632479,0.949786324786,0.004273504274,0.038461538462,1.000000000000,0.060694444444,0.049166666667,0.044861111111,-0.014910500240,-0.095854700854,0.117786324786,-0.021059829059,-0.000871794871,-0.994033349333,-2.396367521359,2.355726495727,-1.052991452975,-0.029059829049,13.389762393382,2.396367521359,0
0.680000000000,0.525000000000,0.750000000000,20,12,14400,0.110555555556,0.065277777778,0.590452261307,0.025902777778,0.012765957447,0.871276595745,0.001063829787,0.114893617021,1.000000000000,0.061736111111,0.048819444444,0.045277777778,-0.014632722462,-0.090567375886,0.039276595745,-0.024269503546,0.075560283688,-0.975514830815,-2.264184397155,0.785531914894,-1.213475177288,2.518676122943,14.511471976951,2.518676122943,0
0.680000000000,0.550000000000,0.350000000000,20,12,14400,0.108055555556,0.064097222222,0.593187660668,0.025833333333,0.000000000000,0.997833152763,0.002166847237,0.000000000000,1.000000000000,0.059722222222,0.048333333333,0.043958333333,-0.015813278018,-0.103333333333,0.165833152763,-0.023166486096,-0.039333333333,-1.054218534519,-2.583333333325,3.316663055255,-1.158324304787,-1.311111111100,21.845969192390,3.316663055255,0
0.680000000000,0.550000000000,0.375000000000,20,12,14400,0.109444444444,0.065555555556,0.598984771574,0.028750000000,0.000000000000,0.998940677966,0.001059322034,0.000000000000,1.000000000000,0.060000000000,0.049444444444,0.043888888889,-0.014354944684,-0.103333333333,0.166940677966,-0.024274011299,-0.039333333333,-0.956996312296,-2.583333333325,3.338813559322,-1.213700564955,-1.311111111100,21.929210443752,3.338813559322,0
0.680000000000,0.550000000000,0.400000000000,20,12,14400,0.105833333333,0.063194444444,0.597112860892,0.027361111111,0.000000000000,0.996703296703,0.003296703297,0.000000000000,1.000000000000,0.058194444444,0.047638888889,0.042638888889,-0.016716055796,-0.103333333333,0.164703296703,-0.022036630036,-0.039333333333,-1.114403719704,-2.583333333325,3.294065934066,-1.101831501815,-1.311111111100,21.699422143573,3.294065934066,0
0.680000000000,0.550000000000,0.425000000000,20,12,14400,0.107569444444,0.063333333333,0.588766946417,0.027916666667,0.000000000000,0.997807017544,0.002192982456,0.000000000000,1.000000000000,0.060416666667,0.047152777778,0.044236111111,-0.016577166907,-0.103333333333,0.165807017544,-0.023140350877,-0.039333333333,-1.105144460444,-2.583333333325,3.316140350877,-1.157017543843,-1.311111111100,21.949444158645,3.316140350877,0
0.680000000000,0.550000000000,0.450000000000,20,12,14400,0.108958333333,0.063750000000,0.585086042065,0.027152777778,0.000000000000,0.997821350763,0.002178649237,0.000000000000,1.000000000000,0.060833333333,0.048125000000,0.045208333333,-0.016160500240,-0.103333333333,0.165821350763,-0.023154684096,-0.039333333333,-1.077366682667,-2.583333333325,3.316427015251,-1.157734204776,-1.311111111100,21.892379062031,3.316427015251,0
0.680000000000,0.550000000000,0.475000000000,20,12,14400,0.108472222222,0.063819444444,0.588348271447,0.026388888889,0.000000000000,0.997823721436,0.002176278564,0.000000000000,1.000000000000,0.060416666667,0.048055555556,0.044652777778,-0.016091055796,-0.103333333333,0.165823721436,-0.023157054769,-0.039333333333,-1.072737053037,-2.583333333325,3.316474428727,-1.157852738467,-1.311111111100,21.883013842052,3.316474428727,0
0.680000000000,0.550000000000,0.500000000000,20,12,14400,0.109652777778,0.063750000000,0.581380620646,0.025277777778,0.000000000000,0.998910675381,0.001089324619,0.000000000000,1.000000000000,0.061736111111,0.047916666667,0.045902777778,-0.016160500240,-0.103333333333,0.166910675381,-0.024244008714,-0.039333333333,-1.077366682667,-2.583333333325,3.338213507625,-1.212200435713,-1.311111111100,22.166441744473,3.338213507625,0
0.680000000000,0.550000000000,0.525000000000,20,12,14400,0.111736111111,0.065625000000,0.587321317589,0.028125000000,0.000000000000,0.996825396825,0.003174603175,0.000000000000,1.000000000000,0.062986111111,0.048750000000,0.046111111111,-0.014285500240,-0.103333333333,0.164825396825,-0.022158730158,-0.039333333333,-0.952366682667,-2.583333333325,3.296507936508,-1.107936507920,-1.311111111100,21.394113636013,3.296507936508,0
0.680000000000,0.550000000000,0.550000000000,20,12,14400,0.110069444444,0.065208333333,0.592429022082,0.027638888889,0.000000000000,0.997870074547,0.002129925453,0.000000000000,1.000000000000,0.060763888889,0.049305555556,0.044861111111,-0.014702166907,-0.103333333333,0.165870074547,-0.023203407880,-0.039333333333,-0.980144460444,-2.583333333325,3.317401490948,-1.160170394020,-1.311111111100,21.704454615360,3.317401490948,0
0.680000000000,0.550000000000,0.575000000000,20,12,14400,0.107638888889,0.062569444444,0.581290322581,0.025833333333,0.000000000000,0.998890122087,0.001109877913,0.000000000000,1.000000000000,0.060972222222,0.046666666667,0.045069444444,-0.017341055796,-0.103333333333,0.166890122087,-0.024223455420,-0.039333333333,-1.156070386370,-2.583333333325,3.337802441731,-1.211172770979,-1.311111111100,22.336986816148,3.337802441731,0
0.680000000000,0.550000000000,0.600000000000,20,12,14400,0.108194444444,0.063472222222,0.586649550706,0.026805555556,0.000000000000,0.997811816193,0.002188183807,0.000000000000,1.000000000000,0.060625000000,0.047569444444,0.044722222222,-0.016438278018,-0.103333333333,0.165811816193,-0.023145149526,-0.039333333333,-1.095885201185,-2.583333333325,3.316236323851,-1.157257476278,-1.311111111100,21.930256052926,3.316236323851,0
0.680000000000,0.550000000000,0.625000000000,20,12,14400,0.108263888889,0.064722222222,0.597819114817,0.028680555556,0.000000000000,0.997854077253,0.002145922747,0.000000000000,1.000000000000,0.060208333333,0.048055555556,0.043541666667,-0.015188278018,-0.103333333333,0.165854077253,-0.023187410586,-0.039333333333,-1.012551867852,-2.583333333325,3.317081545064,-1.159370529311,-1.311111111100,21.765054742650,3.317081545064,0
0.680000000000,0.550000000000,0.650000000000,20,12,14400,0.112291666667,0.066041666667,0.588126159555,0.028333333333,0.000000000000,0.995793901157,0.003154574132,0.001051524711,1.000000000000,0.062916666667,0.049375000000,0.046250000000,-0.013868833573,-0.103333333333,0.163793901157,-0.022178759201,-0.038281808622,-0.924588904889,-2.583333333325,3.275878023134,-1.108937960025,-1.276060287406,21.117925832840,3.275878023134,0
0.680000000000,0.550000000000,0.675000000000,20,12,14400,0.109027777778,0.065347222222,0.599363057325,0.027222222222,0.001062699256,0.993623804463,0.001062699256,0.004250797024,1.000000000000,0.060138888889,0.048888888889,0.043680555556,-0.014563278018,-0.102270634077,0.161623804463,-0.024270634077,-0.035082536309,-0.970885201185,-2.556765851922,3.232476089267,-1.213531703844,-1.169417876952,20.768768730288,3.232476089267,0
0.680000000000,0.550000000000,0.700000000000,20,12,14400,0.107569444444,0.064444444444,0.599096191091,0.027152777778,0.000000000000,0.982758620690,0.002155172414,0.015086206897,1.000000000000,0.059513888889,0.048055555556,0.043125000000,-0.015466055796,-0.103333333333,0.150758620690,-0.023178160919,-0.024247126436,-1.031070386370,-2.583333333325,3.015172413793,-1.158908045960,-0.808237547882,18.824297730414,3.015172413793,0
0.680000000000,0.550000000000,0.725000000000,20,12,14400,0.109513888889,0.065416666667,0.597336715282,0.027152777778,0.002123142251,0.955414012739,0.000000000000,0.042462845011,1.000000000000,0.060208333333,0.049305555556,0.044097222222,-0.014493833573,-0.101210191082,0.123414012739,-0.025333333333,0.003129511678,-0.966255571556,-2.530254777062,2.468280254777,-1.266666666650,0.104317055921,15.043572975086,2.530254777062,0
0.680000000000,0.550000000000,0.750000000000,20,12,14400,0.108611111111,0.064513888889,0.593989769821,0.027569444444,0.002152852530,0.872981700753,0.000000000000,0.124865446717,1.000000000000,0.060069444444,0.048541666667,0.044097222222,-0.015396611351,-0.101180480803,0.040981700753,-0.025333333333,0.085532113384,-1.026440756741,-2.529512020085,0.819634015070,-1.266666666650,2.851070446130,17.856858738710,2.851070446130,0
0.680000000000,0.575000000000,0.350000000000,20,12,14400,0.108888888889,0.063541666667,0.583545918367,0.027013888889,0.000000000000,0.998907103825,0.001092896175,0.000000000000,1.000000000000,0.061388888889,0.047500000000,0.045347222222,-0.016368833573,-0.103333333333,0.166907103825,-0.024240437158,-0.039333333333,-1.091255571556,-2.583333333325,3.338142076503,-1.212021857907,-1.311111111100,22.195651686131,3.338142076503,0
0.680000000000,0.575000000000,0.375000000000,20,12,14400,0.107291666667,0.064097222222,0.597411003236,0.027430555556,0.000000000000,0.998916576381,0.001083423619,0.000000000000,1.000000000000,0.059375000000,0.047916666667,0.043194444444,-0.015813278018,-0.103333333333,0.166916576381,-0.024249909714,-0.039333333333,-1.054218534519,-2.583333333325,3.338331527627,-1.212495485718,-1.311111111100,22.118602866478,3.338331527627,0
0.680000000000,0.575000000000,0.400000000000,20,12,14400,0.112291666667,0.066666666667,0.593692022263,0.026736111111,0.000000000000,0.998958333333,0.001041666667,0.000000000000,1.000000000000,0.061666666667,0.050625000000,0.045625000000,-0.013243833573,-0.103333333333,0.166958333333,-0.024291666666,-0.039333333333,-0.882922238222,-2.583333333325,3.339166666667,-1.214583333317,-1.311111111100,21.797421836814,3.339166666667,0
0.680000000000,0.575000000000,0.425000000000,20,12,14400,0.109930555556,0.064861111111,0.590018951358,0.028333333333,0.000000000000,0.998929336188,0.001070663812,0.000000000000,1.000000000000,0.061388888889,0.048541666667,0.045069444444,-0.015049389129,-0.103333333333,0.166929336188,-0.024262669521,-0.039333333333,-1.003292608593,-2.583333333325,3.338586723769,-1.213133476072,-1.311111111100,22.017073658065,3.338586723769,0
0.680000000000,0.575000000000,0.450000000000,20,12,14400,0.109930555556,0.064930555556,0.590650663298,0.027152777778,0.000000000000,0.998930481283,0.001069518717,0.000000000000,1.000000000000,0.061736111111,0.048194444444,0.045000000000,-0.014979944684,-0.103333333333,0.166930481283,-0.024263814616,-0.039333333333,-0.998662978963,-2.583333333325,3.338609625668,-1.213190730821,-1.311111111100,22.008097184225,3.338609625668,0
0.680000000000,0.575000000000,0.475000000000,20,12,14400,0.110416666667,0.065555555556,0.593710691824,0.027083333333,0.000000000000,0.998940677966,0.001059322034,0.000000000000,1.000000000000,0.061805555556,0.048611111111,0.044861111111,-0.014354944684,-0.103333333333,0.166940677966,-0.024274011299,-0.039333333333,-0.956996312296,-2.583333333325,3.338813559322,-1.213700564955,-1.311111111100,21.929210443752,3.338813559322,0
0.680000000000,0.575000000000,0.500000000000,20,12,14400,0.111250000000,0.065555555556,0.589263420724,0.027430555556,0.000000000000,0.998940677966,0.001059322034,0.000000000000,1.000000000000,0.061944444444,0.049305555556,0.045694444444,-0.014354944684,-0.103333333333,0.166940677966,-0.024274011299,-0.039333333333,-0.956996312296,-2.583333333325,3.338813559322,-1.213700564955,-1.311111111100,21.929210443752,3.338813559322,0
0.680000000000,0.575000000000,0.525000000000,20,12,14400,0.107500000000,0.063750000000,0.593023255814,0.026458333333,0.000000000000,0.998910675381,0.001089324619,0.000000000000,1.000000000000,0.059861111111,0.047638888889,0.043750000000,-0.016160500240,-0.103333333333,0.166910675381,-0.024244008714,-0.039333333333,-1.077366682667,-2.583333333325,3.338213507625,-1.212200435713,-1.311111111100,22.166441744473,3.338213507625,0
0.680000000000,0.575000000000,0.550000000000,20,12,14400,0.107569444444,0.063472222222,0.590058102001,0.027916666667,0.000000000000,0.998905908096,0.001094091904,0.000000000000,1.000000000000,0.060000000000,0.047569444444,0.044097222222,-0.016438278018,-0.103333333333,0.166905908096,-0.024239241429,-0.039333333333,-1.095885201185,-2.583333333325,3.338118161926,-1.211962071464,-1.311111111100,22.205472756540,3.338118161926,0
0.680000000000,0.575000000000,0.575000000000,20,12,14400,0.107361111111,0.063125000000,0.587968952135,0.027569444444,0.000000000000,0.998899889989,0.001100110011,0.000000000000,1.000000000000,0.059305555556,0.048055555556,0.044236111111,-0.016785500240,-0.103333333333,0.166899889989,-0.024233223322,-0.039333333333,-1.119033349333,-2.583333333325,3.337997799780,-1.211661166100,-1.311111111100,22.255211186409,3.337997799780,0
0.680000000000,0.575000000000,0.600000000000,20,12,14400,0.109166666667,0.064513888889,0.590966921120,0.026736111111,0.000000000000,0.998923573735,0.001076426265,0.000000000000,1.000000000000,0.060902777778,0.048263888889,0.044652777778,-0.015396611351,-0.103333333333,0.166923573735,-0.024256907068,-0.039333333333,-1.026440756741,-2.583333333325,3.338471474704,-1.212845353410,-1.311111111100,22.062589722517,3.338471474704,0
0.680000000000,0.575000000000,0.625000000000,20,12,14400,0.108541666667,0.064722222222,0.596289187460,0.028263888889,0.000000000000,0.998927038627,0.001072961373,0.000000000000,1.000000000000,0.059791666667,0.048750000000,0.043819444444,-0.015188278018,-0.103333333333,0.166927038627,-0.024260371960,-0.039333333333,-1.012551867852,-2.583333333325,3.338540772532,-1.213018597980,-1.311111111100,22.035153350715,3.338540772532,0
0.680000000000,0.575000000000,0.650000000000,20,12,14400,0.110486111111,0.064930555556,0.587680703960,0.026875000000,0.000000000000,0.997860962567,0.001069518717,0.001069518717,1.000000000000,0.061597222222,0.048888888889,0.045555555556,-0.014979944684,-0.103333333333,0.165860962567,-0.024263814616,-0.038263814616,-0.998662978963,-2.583333333325,3.317219251337,-1.213190730821,-1.275460487214,21.773513621854,3.317219251337,0
0.680000000000,0.575000000000,0.675000000000,20,12,14400,0.110902777778,0.066041666667,0.595491546650,0.027152777778,0.000000000000,0.995793901157,0.001051524711,0.003154574132,1.000000000000,0.061319444444,0.049583333333,0.044861111111,-0.013868833573,-0.103333333333,0.163793901157,-0.024281808622,-0.036178759201,-0.924588904889,-2.583333333325,3.275878023134,-1.214090431108,-1.205958640017,21.188204392902,3.275878023134,0
0.680000000000,0.575000000000,0.700000000000,20,12,14400,0.111805555556,0.065833333333,0.588819875776,0.028333333333,0.000000000000,0.985232067511,0.001054852321,0.013713080169,1.000000000000,0.062222222222,0.049583333333,0.045972222222,-0.014077166907,-0.103333333333,0.153232067511,-0.024278481012,-0.025620253164,-0.938477793778,-2.583333333325,3.064641350211,-1.213924050616,-0.854008438807,19.149320300124,3.064641350211,0
0.680000000000,0.575000000000,0.725000000000,20,12,14400,0.109166666667,0.065555555556,0.600508905852,0.027500000000,0.001059322034,0.955508474576,0.000000000000,0.043432203390,1.000000000000,0.060069444444,0.049097222222,0.043611111111,-0.014354944684,-0.102274011299,0.123508474576,-0.025333333333,0.004098870057,-0.956996312296,-2.556850282478,2.470169491525,-1.266666666650,0.136629001894,15.178174554178,2.556850282478,0
0.680000000000,0.575000000000,0.750000000000,20,12,14400,0.110763888889,0.064861111111,0.585579937304,0.026736111111,0.001070663812,0.880085653105,0.000000000000,0.118843683084,1.000000000000,0.061736111111,0.049027777778,0.045902777778,-0.015049389129,-0.102262669521,0.048085653105,-0.025333333333,0.079510349751,-1.003292608593,-2.556566738036,0.961713062098,-1.266666666650,2.650344991684,17.096294577644,2.650344991684,0
0.680000000000,0.600000000000,0.350000000000,20,12,14400,0.108680555556,0.063958333333,0.588498402556,0.027291666667,0.000000000000,1.000000000000,0.000000000000,0.000000000000,0.000000000000,0.061319444444,0.047361111111,0.044722222222,-0.015952166907,-0.103333333333,0.168000000000,-0.025333333333,-0.039333333333,-1.063477793778,-2.583333333325,3.360000000000,-1.266666666650,-1.311111111100,22.417652918979,3.360000000000,0
0.680000000000,0.600000000000,0.375000000000,20,12,14400,0.109236111111,0.064166666667,0.587412587413,0.026875000000,0.000000000000,1.000000000000,0.000000000000,0.000000000000,0.000000000000,0.060833333333,0.048402777778,0.045069444444,-0.015743833573,-0.103333333333,0.168000000000,-0.025333333333,-0.039333333333,-1.049588904889,-2.583333333325,3.360000000000,-1.266666666650,-1.311111111100,22.388304770386,3.360000000000,0
0.680000000000,0.600000000000,0.400000000000,20,12,14400,0.109375000000,0.064375000000,0.588571428571,0.027291666667,0.000000000000,1.000000000000,0.000000000000,0.000000000000,0.000000000000,0.060416666667,0.048958333333,0.045000000000,-0.015535500240,-0.103333333333,0.168000000000,-0.025333333333,-0.039333333333,-1.035700016000,-2.583333333325,3.360000000000,-1.266666666650,-1.311111111100,22.359342424263,3.360000000000,0
0.680000000000,0.600000000000,0.425000000000,20,12,14400,0.109444444444,0.064236111111,0.586928934010,0.026666666667,0.000000000000,1.000000000000,0.000000000000,0.000000000000,0.000000000000,0.061111111111,0.048333333333,0.045208333333,-0.015674389129,-0.103333333333,0.168000000000,-0.025333333333,-0.039333333333,-1.044959275259,-2.583333333325,3.360000000000,-1.266666666650,-1.311111111100,22.378607788071,3.360000000000,0
0.680000000000,0.600000000000,0.450000000000,20,12,14400,0.108263888889,0.063541666667,0.586914688903,0.026666666667,0.000000000000,1.000000000000,0.000000000000,0.000000000000,0.000000000000,0.060416666667,0.047847222222,0.044722222222,-0.016368833573,-0.103333333333,0.168000000000,-0.025333333333,-0.039333333333,-1.091255571556,-2.583333333325,3.360000000000,-1.266666666650,-1.311111111100,22.477506623571,3.360000000000,0
0.680000000000,0.600000000000,0.475000000000,20,12,14400,0.109722222222,0.064722222222,0.589873417722,0.027708333333,0.000000000000,1.000000000000,0.000000000000,0.000000000000,0.000000000000,0.060694444444,0.049027777778,0.045000000000,-0.015188278018,-0.103333333333,0.168000000000,-0.025333333333,-0.039333333333,-1.012551867852,-2.583333333325,3.360000000000,-1.266666666650,-1.311111111100,22.311929186210,3.360000000000,0
0.680000000000,0.600000000000,0.500000000000,20,12,14400,0.111041666667,0.065555555556,0.590368980613,0.027847222222,0.000000000000,1.000000000000,0.000000000000,0.000000000000,0.000000000000,0.061597222222,0.049444444444,0.045486111111,-0.014354944684,-0.103333333333,0.168000000000,-0.025333333333,-0.039333333333,-0.956996312296,-2.583333333325,3.360000000000,-1.266666666650,-1.311111111100,22.202509842869,3.360000000000,0
0.680000000000,0.600000000000,0.525000000000,20,12,14400,0.108541666667,0.063819444444,0.587971849008,0.025416666667,0.000000000000,1.000000000000,0.000000000000,0.000000000000,0.000000000000,0.060763888889,0.047777777778,0.044722222222,-0.016091055796,-0.103333333333,0.168000000000,-0.025333333333,-0.039333333333,-1.072737053037,-2.583333333325,3.360000000000,-1.266666666650,-1.311111111100,22.437432686079,3.360000000000,0
0.680000000000,0.600000000000,0.550000000000,20,12,14400,0.107986111111,0.064166666667,0.594212218650,0.027777777778,0.000000000000,1.000000000000,0.000000000000,0.000000000000,0.000000000000,0.059930555556,0.048055555556,0.043819444444,-0.015743833573,-0.103333333333,0.168000000000,-0.025333333333,-0.039333333333,-1.049588904889,-2.583333333325,3.360000000000,-1.266666666650,-1.311111111100,22.388304770386,3.360000000000,0
0.680000000000,0.600000000000,0.575000000000,20,12,14400,0.110416666667,0.064652777778,0.585534591195,0.026666666667,0.000000000000,1.000000000000,0.000000000000,0.000000000000,0.000000000000,0.061666666667,0.048750000000,0.045763888889,-0.015257722462,-0.103333333333,0.168000000000,-0.025333333333,-0.039333333333,-1.017181497481,-2.583333333325,3.360000000000,-1.266666666650,-1.311111111100,22.321326099939,3.360000000000,0
0.680000000000,0.600000000000,0.600000000000,20,12,14400,0.110972222222,0.065902777778,0.593867334168,0.028472222222,0.000000000000,1.000000000000,0.000000000000,0.000000000000,0.000000000000,0.061180555556,0.049791666667,0.045069444444,-0.014007722462,-0.103333333333,0.168000000000,-0.025333333333,-0.039333333333,-0.933848164148,-2.583333333325,3.360000000000,-1.266666666650,-1.311111111100,22.158740294803,3.360000000000,0
0.680000000000,0.600000000000,0.625000000000,20,12,14400,0.110902777778,0.064722222222,0.583594239198,0.025694444444,0.000000000000,1.000000000000,0.000000000000,0.000000000000,0.000000000000,0.062152777778,0.048750000000,0.046180555556,-0.015188278018,-0.103333333333,0.168000000000,-0.025333333333,-0.039333333333,-1.012551867852,-2.583333333325,3.360000000000,-1.266666666650,-1.311111111100,22.311929186210,3.360000000000,0
0.680000000000,0.600000000000,0.650000000000,20,12,14400,0.109513888889,0.064722222222,0.590995561192,0.027013888889,0.000000000000,0.997854077253,0.000000000000,0.002145922747,0.000000000000,0.061041666667,0.048472222222,0.044791666667,-0.015188278018,-0.103333333333,0.165854077253,-0.025333333333,-0.037187410586,-1.012551867852,-2.583333333325,3.317081545064,-1.266666666650,-1.239580352874,21.842906268399,3.317081545064,0
0.680000000000,0.600000000000,0.675000000000,20,12,14400,0.111597222222,0.065555555556,0.587429993777,0.026458333333,0.000000000000,0.995762711864,0.000000000000,0.004237288136,0.000000000000,0.062430555556,0.049166666667,0.046041666667,-0.014354944684,-0.103333333333,0.163762711864,-0.025333333333,-0.035096045197,-0.956996312296,-2.583333333325,3.275254237288,-1.266666666650,-1.169868173247,21.289779358869,3.275254237288,0
0.680000000000,0.600000000000,0.700000000000,20,12,14400,0.110069444444,0.065694444444,0.596845425868,0.026111111111,0.000000000000,0.988372093023,0.000000000000,0.011627906977,0.000000000000,0.060902777778,0.049166666667,0.044375000000,-0.014216055796,-0.103333333333,0.156372093023,-0.025333333333,-0.027705426356,-0.947737053037,-2.583333333325,3.127441860465,-1.266666666650,-0.923514211875,19.810032167295,3.127441860465,0
0.680000000000,0.600000000000,0.725000000000,20,12,14400,0.109097222222,0.064652777778,0.592616168046,0.027291666667,0.000000000000,0.949516648765,0.000000000000,0.050483351235,0.000000000000,0.060416666667,0.048680555556,0.044444444444,-0.015257722462,-0.103333333333,0.117516648765,-0.025333333333,0.011150017902,-1.017181497481,-2.583333333325,2.350332975295,-1.266666666650,0.371667263408,14.974915403739,2.583333333325,0
0.680000000000,0.600000000000,0.750000000000,20,12,14400,0.108125000000,0.063958333333,0.591522157996,0.028125000000,0.000000000000,0.872964169381,0.000000000000,0.127035830619,0.000000000000,0.060138888889,0.047986111111,0.044166666667,-0.015952166907,-0.103333333333,0.040964169381,-0.025333333333,0.087702497286,-1.063477793778,-2.583333333325,0.819283387622,-1.266666666650,2.923416576196,18.626630320542,2.923416576196,0
0.680000000000,0.625000000000,0.350000000000,20,12,14400,0.111388888889,0.065486111111,0.587905236908,0.028333333333,0.000000000000,1.000000000000,0.000000000000,0.000000000000,0.000000000000,0.062500000000,0.048888888889,0.045902777778,-0.014424389129,-0.103333333333,0.168000000000,-0.025333333333,-0.039333333333,-0.961625941926,-2.583333333325,3.360000000000,-1.266666666650,-1.311111111100,22.211392353305,3.360000000000,0
0.680000000000,0.625000000000,0.375000000000,20,12,14400,0.110347222222,0.064236111111,0.582127123977,0.026180555556,0.000000000000,1.000000000000,0.000000000000,0.000000000000,0.000000000000,0.062291666667,0.048055555556,0.046111111111,-0.015674389129,-0.103333333333,0.168000000000,-0.025333333333,-0.039333333333,-1.044959275259,-2.583333333325,3.360000000000,-1.266666666650,-1.311111111100,22.378607788071,3.360000000000,0
0.680000000000,0.625000000000,0.400000000000,20,12,14400,0.110416666667,0.065347222222,0.591823899371,0.027847222222,0.000000000000,1.000000000000,0.000000000000,0.000000000000,0.000000000000,0.061736111111,0.048680555556,0.045069444444,-0.014563278018,-0.103333333333,0.168000000000,-0.025333333333,-0.039333333333,-0.970885201185,-2.583333333325,3.360000000000,-1.266666666650,-1.311111111100,22.229285975001,3.360000000000,0
0.680000000000,0.625000000000,0.425000000000,20,12,14400,0.109791666667,0.063680555556,0.580012650221,0.026666666667,0.000000000000,1.000000000000,0.000000000000,0.000000000000,0.000000000000,0.061944444444,0.047847222222,0.046111111111,-0.016229944684,-0.103333333333,0.168000000000,-0.025333333333,-0.039333333333,-1.081996312296,-2.583333333325,3.360000000000,-1.266666666650,-1.311111111100,22.457383920943,3.360000000000,0
0.680000000000,0.625000000000,0.450000000000,20,12,14400,0.108402777778,0.064513888889,0.595131326073,0.027777777778,0.000000000000,1.000000000000,0.000000000000,0.000000000000,0.000000000000,0.059722222222,0.048680555556,0.043888888889,-0.015396611351,-0.103333333333,0.168000000000,-0.025333333333,-0.039333333333,-1.026440756741,-2.583333333325,3.360000000000,-1.266666666650,-1.311111111100,22.340248528219,3.360000000000,0
0.680000000000,0.625000000000,0.475000000000,20,12,14400,0.107152777778,0.062916666667,0.587167854828,0.027013888889,0.000000000000,1.000000000000,0.000000000000,0.000000000000,0.000000000000,0.060000000000,0.047152777778,0.044236111111,-0.016993833573,-0.103333333333,0.168000000000,-0.025333333333,-0.039333333333,-1.132922238222,-2.583333333325,3.360000000000,-1.266666666650,-1.311111111100,22.570180698979,3.360000000000,0
0.680000000000,0.625000000000,0.500000000000,20,12,14400,0.108194444444,0.063263888889,0.584724005135,0.028750000000,0.000000000000,1.000000000000,0.000000000000,0.000000000000,0.000000000000,0.060277777778,0.047916666667,0.044930555556,-0.016646611351,-0.103333333333,0.168000000000,-0.025333333333,-0.039333333333,-1.109774090074,-2.583333333325,3.360000000000,-1.266666666650,-1.311111111100,22.518266432120,3.360000000000,0
0.680000000000,0.625000000000,0.525000000000,20,12,14400,0.109097222222,0.064513888889,0.591343093571,0.027569444444,0.000000000000,1.000000000000,0.000000000000,0.000000000000,0.000000000000,0.060555555556,0.048541666667,0.044583333333,-0.015396611351,-0.103333333333,0.168000000000,-0.025333333333,-0.039333333333,-1.026440756741,-2.583333333325,3.360000000000,-1.266666666650,-1.311111111100,22.340248528219,3.360000000000,0
0.680000000000,0.625000000000,0.550000000000,20,12,14400,0.107430555556,0.062777777778,0.584356819651,0.025486111111,0.000000000000,1.000000000000,0.000000000000,0.000000000000,0.000000000000,0.060347222222,0.047083333333,0.044652777778,-0.017132722462,-0.103333333333,0.168000000000,-0.025333333333,-0.039333333333,-1.142181497481,-2.583333333325,3.360000000000,-1.266666666650,-1.311111111100,22.591246474309,3.360000000000,0
0.680000000000,0.625000000000,0.575000000000,20,12,14400,0.107430555556,0.063680555556,0.592760180995,0.026180555556,0.000000000000,1.000000000000,0.000000000000,0.000000000000,0.000000000000,0.060138888889,0.047291666667,0.043750000000,-0.016229944684,-0.103333333333,0.168000000000,-0.025333333333,-0.039333333333,-1.081996312296,-2.583333333325,3.360000000000,-1.266666666650,-1.311111111100,22.457383920943,3.360000000000,0
0.680000000000,0.625000000000,0.600000000000,20,12,14400,0.109236111111,0.064722222222,0.592498410680,0.027361111111,0.000000000000,1.000000000000,0.000000000000,0.000000000000,0.000000000000,0.060555555556,0.048680555556,0.044513888889,-0.015188278018,-0.103333333333,0.168000000000,-0.025333333333,-0.039333333333,-1.012551867852,-2.583333333325,3.360000000000,-1.266666666650,-1.311111111100,22.311929186210,3.360000000000,0
0.680000000000,0.625000000000,0.625000000000,20,12,14400,0.108680555556,0.064722222222,0.595527156550,0.029375000000,0.000000000000,1.000000000000,0.000000000000,0.000000000000,0.000000000000,0.059722222222,0.048958333333,0.043958333333,-0.015188278018,-0.103333333333,0.168000000000,-0.025333333333,-0.039333333333,-1.012551867852,-2.583333333325,3.360000000000,-1.266666666650,-1.311111111100,22.311929186210,3.360000000000,0
0.680000000000,0.625000000000,0.650000000000,20,12,14400,0.107222222222,0.063263888889,0.590025906736,0.027152777778,0.000000000000,0.998902305159,0.000000000000,0.001097694841,0.000000000000,0.059652777778,0.047569444444,0.043958333333,-0.016646611351,-0.103333333333,0.166902305159,-0.025333333333,-0.038235638492,-1.109774090074,-2.583333333325,3.338046103183,-1.266666666650,-1.274521283072,22.276610374451,3.338046103183,0
0.680000000000,0.625000000000,0.675000000000,20,12,14400,0.109513888889,0.064166666667,0.585922637920,0.026666666667,0.000000000000,0.996753246753,0.000000000000,0.003246753247,0.000000000000,0.061527777778,0.047986111111,0.045347222222,-0.015743833573,-0.103333333333,0.164753246753,-0.025333333333,-0.036086580086,-1.049588904889,-2.583333333325,3.295064935065,-1.266666666650,-1.202886002875,21.684080086943,3.295064935065,0
0.680000000000,0.625000000000,0.700000000000,20,12,14400,0.108819444444,0.064305555556,0.590938098277,0.026875000000,0.000000000000,0.983801295896,0.000000000000,0.016198704104,0.000000000000,0.060625000000,0.048194444444,0.044513888889,-0.015604944684,-0.103333333333,0.151801295896,-0.025333333333,-0.023134629229,-1.040329645630,-2.583333333325,3.036025917927,-1.266666666650,-0.771154307644,19.172473667566,3.036025917927,0
0.680000000000,0.625000000000,0.725000000000,20,12,14400,0.107638888889,0.063680555556,0.591612903226,0.025694444444,0.000000000000,0.957470010905,0.000000000000,0.042529989095,0.000000000000,0.059375000000,0.048263888889,0.043958333333,-0.016229944684,-0.103333333333,0.125470010905,-0.025333333333,0.003196655762,-1.081996312296,-2.583333333325,2.509400218103,-1.266666666650,0.106555192063,15.757215038861,2.583333333325,0
0.680000000000,0.625000000000,0.750000000000,20,12,14400,0.107986111111,0.063611111111,0.589067524116,0.026805555556,0.000000000000,0.870087336245,0.000000000000,0.129912663755,0.000000000000,0.060000000000,0.047986111111,0.044375000000,-0.016299389129,-0.103333333333,0.038087336245,-0.025333333333,0.090579330422,-1.086625941926,-2.583333333325,0.761746724891,-1.266666666650,3.019311014082,19.155308565775,3.019311014082,0
0.680000000000,0.650000000000,0.350000000000,20,12,14400,0.108888888889,0.064583333333,0.593112244898,0.027222222222,0.000000000000,1.000000000000,0.000000000000,0.000000000000,0.000000000000,0.060625000000,0.048263888889,0.044305555556,-0.015327166907,-0.103333333333,0.168000000000,-0.025333333333,-0.039333333333,-1.021811127111,-2.583333333325,3.360000000000,-1.266666666650,-1.311111111100,22.330765880608,3.360000000000,0
0.680000000000,0.650000000000,0.375000000000,20,12,14400,0.109513888889,0.064097222222,0.585288522511,0.026458333333,0.000000000000,1.000000000000,0.000000000000,0.000000000000,0.000000000000,0.061597222222,0.047916666667,0.045416666667,-0.015813278018,-0.103333333333,0.168000000000,-0.025333333333,-0.039333333333,-1.054218534519,-2.583333333325,3.360000000000,-1.266666666650,-1.311111111100,22.398044619643,3.360000000000,0
0.680000000000,0.650000000000,0.400000000000,20,12,14400,0.108611111111,0.064097222222,0.590153452685,0.025347222222,0.000000000000,1.000000000000,0.000000000000,0.000000000000,0.000000000000,0.060277777778,0.048333333333,0.044513888889,-0.015813278018,-0.103333333333,0.168000000000,-0.025333333333,-0.039333333333,-1.054218534519,-2.583333333325,3.360000000000,-1.266666666650,-1.311111111100,22.398044619643,3.360000000000,0
0.680000000000,0.650000000000,0.425000000000,20,12,14400,0.110138888889,0.065138888889,0.591424968474,0.025763888889,0.000000000000,1.000000000000,0.000000000000,0.000000000000,0.000000000000,0.061111111111,0.049027777778,0.045000000000,-0.014771611351,-0.103333333333,0.168000000000,-0.025333333333,-0.039333333333,-0.984774090074,-2.583333333325,3.360000000000,-1.266666666650,-1.311111111100,22.256447909601,3.360000000000,0
0.680000000000,0.650000000000,0.450000000000,20,12,14400,0.108680555556,0.063750000000,0.586581469649,0.028125000000,0.000000000000,1.000000000000,0.000000000000,0.000000000000,0.000000000000,0.060138888889,0.048541666667,0.044930555556,-0.016160500240,-0.103333333333,0.168000000000,-0.025333333333,-0.039333333333,-1.077366682667,-2.583333333325,3.360000000000,-1.266666666650,-1.311111111100,22.447386870040,3.360000000000,0
0.680000000000,0.650000000000,0.475000000000,20,12,14400,0.106875000000,0.063888888889,0.597790773229,0.026666666667,0.000000000000,1.000000000000,0.000000000000,0.000000000000,0.000000000000,0.058333333333,0.048541666667,0.042986111111,-0.016021611351,-0.103333333333,0.168000000000,-0.025333333333,-0.039333333333,-1.068107423407,-2.583333333325,3.360000000000,-1.266666666650,-1.311111111100,22.427521369058,3.360000000000,0
0.680000000000,0.650000000000,0.500000000000,20,12,14400,0.109097222222,0.064861111111,0.594525779758,0.028888888889,0.000000000000,1.000000000000,0.000000000000,0.000000000000,0.000000000000,0.060277777778,0.048819444444,0.044236111111,-0.015049389129,-0.103333333333,0.168000000000,-0.025333333333,-0.039333333333,-1.003292608593,-2.583333333325,3.360000000000,-1.266666666650,-1.311111111100,22.293263959577,3.360000000000,0
0.680000000000,0.650000000000,0.525000000000,20,12,14400,0.106250000000,0.063055555556,0.593464052288,0.026041666667,0.000000000000,1.000000000000,0.000000000000,0.000000000000,0.000000000000,0.058958333333,0.047291666667,0.043194444444,-0.016854944684,-0.103333333333,0.168000000000,-0.025333333333,-0.039333333333,-1.123662978963,-2.583333333325,3.360000000000,-1.266666666650,-1.311111111100,22.549286391412,3.360000000000,0
0.680000000000,0.650000000000,0.550000000000,20,12,14400,0.110000000000,0.064930555556,0.590277777778,0.028611111111,0.000000000000,1.000000000000,0.000000000000,0.000000000000,0.000000000000,0.061180555556,0.048819444444,0.045069444444,-0.014979944684,-0.103333333333,0.168000000000,-0.025333333333,-0.039333333333,-0.998662978963,-2.583333333325,3.360000000000,-1.266666666650,-1.311111111100,22.283995646671,3.360000000000,0
0.680000000000,0.650000000000,0.575000000000,20,12,14400,0.107430555556,0.063958333333,0.595345830640,0.026597222222,0.000000000000,1.000000000000,0.000000000000,0.000000000000,0.000000000000,0.059652777778,0.047777777778,0.043472222222,-0.015952166907,-0.103333333333,0.168000000000,-0.025333333333,-0.039333333333,-1.063477793778,-2.583333333325,3.360000000000,-1.266666666650,-1.311111111100,22.417652918979,3.360000000000,0
0.680000000000,0.650000000000,0.600000000000,20,12,14400,0.112013888889,0.066666666667,0.595164290143,0.027777777778,0.000000000000,1.000000000000,0.000000000000,0.000000000000,0.000000000000,0.061875000000,0.050138888889,0.045347222222,-0.013243833573,-0.103333333333,0.168000000000,-0.025333333333,-0.039333333333,-0.882922238222,-2.583333333325,3.360000000000,-1.266666666650,-1.311111111100,22.066219579868,3.360000000000,0
0.680000000000,0.650000000000,0.625000000000,20,12,14400,0.109583333333,0.064236111111,0.586185044360,0.026041666667,0.000000000000,1.000000000000,0.000000000000,0.000000000000,0.000000000000,0.061041666667,0.048541666667,0.045347222222,-0.015674389129,-0.103333333333,0.168000000000,-0.025333333333,-0.039333333333,-1.044959275259,-2.583333333325,3.360000000000,-1.266666666650,-1.311111111100,22.378607788071,3.360000000000,0
0.680000000000,0.650000000000,0.650000000000,20,12,14400,0.112361111111,0.065833333333,0.585908529048,0.027500000000,0.000000000000,1.000000000000,0.000000000000,0.000000000000,0.000000000000,0.063750000000,0.048611111111,0.046527777778,-0.014077166907,-0.103333333333,0.168000000000,-0.025333333333,-0.039333333333,-0.938477793778,-2.583333333325,3.360000000000,-1.266666666650,-1.311111111100,22.167408470534,3.360000000000,0
0.680000000000,0.650000000000,0.675000000000,20,12,14400,0.110486111111,0.064791666667,0.586423632935,0.026458333333,0.000000000000,0.996784565916,0.000000000000,0.003215434084,0.000000000000,0.061875000000,0.048611111111,0.045694444444,-0.015118833573,-0.103333333333,0.164784565916,-0.025333333333,-0.036117899249,-1.007922238222,-2.583333333325,3.295691318328,-1.266666666650,-1.203929974980,21.604991444131,3.295691318328,0
0.680000000000,0.650000000000,0.700000000000,20,12,14400,0.108611111111,0.063680555556,0.586317135550,0.027986111111,0.000000000000,0.985823336968,0.000000000000,0.014176663032,0.000000000000,0.061250000000,0.047361111111,0.044930555556,-0.016229944684,-0.103333333333,0.153823336968,-0.025333333333,-0.025156670301,-1.081996312296,-2.583333333325,3.076466739367,-1.266666666650,-0.838555676712,19.616594796674,3.076466739367,0
0.680000000000,0.650000000000,0.725000000000,20,12,14400,0.109444444444,0.064444444444,0.588832487310,0.026250000000,0.000000000000,0.954741379310,0.000000000000,0.045258620690,0.000000000000,0.061388888889,0.048055555556,0.045000000000,-0.015466055796,-0.103333333333,0.122741379310,-0.025333333333,0.005925287357,-1.031070386370,-2.583333333325,2.454827586207,-1.266666666650,0.197509578555,15.406350208744,2.583333333325,0
0.680000000000,0.650000000000,0.750000000000,20,12,14400,0.109444444444,0.064027777778,0.585025380711,0.025763888889,0.000000000000,0.872017353579,0.000000000000,0.127982646421,0.000000000000,0.061666666667,0.047777777778,0.045416666667,-0.015882722462,-0.103333333333,0.040017353579,-0.025333333333,0.088649313088,-1.058848164148,-2.583333333325,0.800347071584,-1.266666666650,2.954977102927,18.771660104008,2.954977102927,0
0.680000000000,0.675000000000,0.350000000000,20,12,14400,0.109027777778,0.064861111111,0.594904458599,0.027222222222,0.000000000000,1.000000000000,0.000000000000,0.000000000000,0.000000000000,0.060277777778,0.048750000000,0.044166666667,-0.015049389129,-0.103333333333,0.168000000000,-0.025333333333,-0.039333333333,-1.003292608593,-2.583333333325,3.360000000000,-1.266666666650,-1.311111111100,22.293263959577,3.360000000000,0
0.680000000000,0.675000000000,0.375000000000,20,12,14400,0.108472222222,0.063263888889,0.583226632522,0.027013888889,0.000000000000,1.000000000000,0.000000000000,0.000000000000,0.000000000000,0.060694444444,0.047777777778,0.045208333333,-0.016646611351,-0.103333333333,0.168000000000,-0.025333333333,-0.039333333333,-1.109774090074,-2.583333333325,3.360000000000,-1.266666666650,-1.311111111100,22.518266432120,3.360000000000,0
0.680000000000,0.675000000000,0.400000000000,20,12,14400,0.110277777778,0.065208333333,0.591309823678,0.028263888889,0.000000000000,1.000000000000,0.000000000000,0.000000000000,0.000000000000,0.061180555556,0.049097222222,0.045069444444,-0.014702166907,-0.103333333333,0.168000000000,-0.025333333333,-0.039333333333,-0.980144460444,-2.583333333325,3.360000000000,-1.266666666650,-1.311111111100,22.247351064460,3.360000000000,0
0.680000000000,0.675000000000,0.425000000000,20,12,14400,0.107430555556,0.063819444444,0.594053005818,0.026458333333,0.000000000000,1.000000000000,0.000000000000,0.000000000000,0.000000000000,0.059791666667,0.047638888889,0.043611111111,-0.016091055796,-0.103333333333,0.168000000000,-0.025333333333,-0.039333333333,-1.072737053037,-2.583333333325,3.360000000000,-1.266666666650,-1.311111111100,22.437432686079,3.360000000000,0
0.680000000000,0.675000000000,0.450000000000,20,12,14400,0.110694444444,0.064791666667,0.585319949812,0.028194444444,0.000000000000,1.000000000000,0.000000000000,0.000000000000,0.000000000000,0.062361111111,0.048333333333,0.045902777778,-0.015118833573,-0.103333333333,0.168000000000,-0.025333333333,-0.039333333333,-1.007922238222,-2.583333333325,3.360000000000,-1.266666666650,-1.311111111100,22.302575139423,3.360000000000,0
0.680000000000,0.675000000000,0.475000000000,20,12,14400,0.109166666667,0.064583333333,0.591603053435,0.026736111111,0.000000000000,1.000000000000,0.000000000000,0.000000000000,0.000000000000,0.060555555556,0.048611111111,0.044583333333,-0.015327166907,-0.103333333333,0.168000000000,-0.025333333333,-0.039333333333,-1.021811127111,-2.583333333325,3.360000000000,-1.266666666650,-1.311111111100,22.330765880608,3.360000000000,0
0.680000000000,0.675000000000,0.500000000000,20,12,14400,0.109513888889,0.064166666667,0.585922637920,0.027986111111,0.000000000000,1.000000000000,0.000000000000,0.000000000000,0.000000000000,0.061319444444,0.048194444444,0.045347222222,-0.015743833573,-0.103333333333,0.168000000000,-0.025333333333,-0.039333333333,-1.049588904889,-2.583333333325,3.360000000000,-1.266666666650,-1.311111111100,22.388304770386,3.360000000000,0
0.680000000000,0.675000000000,0.525000000000,20,12,14400,0.110833333333,0.065555555556,0.591478696742,0.027708333333,0.000000000000,1.000000000000,0.000000000000,0.000000000000,0.000000000000,0.061944444444,0.048888888889,0.045277777778,-0.014354944684,-0.103333333333,0.168000000000,-0.025333333333,-0.039333333333,-0.956996312296,-2.583333333325,3.360000000000,-1.266666666650,-1.311111111100,22.202509842869,3.360000000000,0
0.680000000000,0.675000000000,0.550000000000,20,12,14400,0.110277777778,0.064930555556,0.588790931990,0.027361111111,0.000000000000,1.000000000000,0.000000000000,0.000000000000,0.000000000000,0.061319444444,0.048958333333,0.045347222222,-0.014979944684,-0.103333333333,0.168000000000,-0.025333333333,-0.039333333333,-0.998662978963,-2.583333333325,3.360000000000,-1.266666666650,-1.311111111100,22.283995646671,3.360000000000,0
0.680000000000,0.675000000000,0.575000000000,20,12,14400,0.108402777778,0.064930555556,0.598975016015,0.026875000000,0.000000000000,1.000000000000,0.000000000000,0.000000000000,0.000000000000,0.060069444444,0.048333333333,0.043472222222,-0.014979944684,-0.103333333333,0.168000000000,-0.025333333333,-0.039333333333,-0.998662978963,-2.583333333325,3.360000000000,-1.266666666650,-1.311111111100,22.283995646671,3.360000000000,0
0.680000000000,0.675000000000,0.600000000000,20,12,14400,0.110277777778,0.065277777778,0.591939546599,0.028402777778,0.000000000000,1.000000000000,0.000000000000,0.000000000000,0.000000000000,0.061250000000,0.049027777778,0.045000000000,-0.014632722462,-0.103333333333,0.168000000000,-0.025333333333,-0.039333333333,-0.975514830815,-2.583333333325,3.360000000000,-1.266666666650,-1.311111111100,22.238297086260,3.360000000000,0
0.680000000000,0.675000000000,0.625000000000,20,12,14400,0.110486111111,0.065000000000,0.588309239472,0.027361111111,0.000000000000,1.000000000000,0.000000000000,0.000000000000,0.000000000000,0.061388888889,0.049097222222,0.045486111111,-0.014910500240,-0.103333333333,0.168000000000,-0.025333333333,-0.039333333333,-0.994033349333,-2.583333333325,3.360000000000,-1.266666666650,-1.311111111100,22.274770200707,3.360000000000,0
0.680000000000,0.675000000000,0.650000000000,20,12,14400,0.108819444444,0.063819444444,0.586470963625,0.027013888889,0.000000000000,0.997823721436,0.000000000000,0.002176278564,0.000000000000,0.060972222222,0.047847222222,0.045000000000,-0.016091055796,-0.103333333333,0.165823721436,-0.025333333333,-0.037157054769,-1.072737053037,-2.583333333325,3.316474428727,-1.266666666650,-1.238568492311,21.961874886975,3.316474428727,0
0.680000000000,0.675000000000,0.675000000000,20,12,14400,0.109791666667,0.064722222222,0.589500316256,0.027916666667,0.000000000000,0.995708154506,0.000000000000,0.004291845494,0.000000000000,0.060902777778,0.048888888889,0.045069444444,-0.015188278018,-0.103333333333,0.163708154506,-0.025333333333,-0.035041487839,-1.012551867852,-2.583333333325,3.274163090129,-1.266666666650,-1.168049594648,21.387800636879,3.274163090129,0
0.680000000000,0.675000000000,0.700000000000,20,12,14400,0.111805555556,0.066041666667,0.590683229814,0.026527777778,0.000000000000,0.985278654048,0.000000000000,0.014721345952,0.000000000000,0.061805555556,0.050000000000,0.045763888889,-0.013868833573,-0.103333333333,0.153278654048,-0.025333333333,-0.024611987381,-0.924588904889,-2.583333333325,3.065573080967,-1.266666666650,-0.820399579379,19.203713983111,3.065573080967,0
0.680000000000,0.675000000000,0.725000000000,20,12,14400,0.110555555556,0.064722222222,0.585427135678,0.026736111111,0.000000000000,0.956008583691,0.000000000000,0.043991416309,0.000000000000,0.061666666667,0.048888888889,0.045833333333,-0.015188278018,-0.103333333333,0.124008583691,-0.025333333333,0.004658082976,-1.012551867852,-2.583333333325,2.480171673820,-1.266666666650,0.155269432534,15.478676968858,2.583333333325,0
0.680000000000,0.675000000000,0.750000000000,20,12,14400,0.109166666667,0.064513888889,0.590966921120,0.027222222222,0.000000000000,0.865446716900,0.000000000000,0.134553283100,0.000000000000,0.060972222222,0.048194444444,0.044652777778,-0.015396611351,-0.103333333333,0.033446716900,-0.025333333333,0.095219949767,-1.026440756741,-2.583333333325,0.668934337998,-1.266666666650,3.173998325570,19.853374701844,3.173998325570,0
0.680000000000,0.700000000000,0.350000000000,20,12,14400,0.109791666667,0.063680555556,0.580012650221,0.026875000000,0.000000000000,1.000000000000,0.000000000000,0.000000000000,0.000000000000,0.061666666667,0.048125000000,0.046111111111,-0.016229944684,-0.103333333333,0.168000000000,-0.025333333333,-0.039333333333,-1.081996312296,-2.583333333325,3.360000000000,-1.266666666650,-1.311111111100,22.457383920943,3.360000000000,0
0.680000000000,0.700000000000,0.375000000000,20,12,14400,0.110416666667,0.065347222222,0.591823899371,0.026180555556,0.000000000000,1.000000000000,0.000000000000,0.000000000000,0.000000000000,0.061388888889,0.049027777778,0.045069444444,-0.014563278018,-0.103333333333,0.168000000000,-0.025333333333,-0.039333333333,-0.970885201185,-2.583333333325,3.360000000000,-1.266666666650,-1.311111111100,22.229285975001,3.360000000000,0
0.680000000000,0.700000000000,0.400000000000,20,12,14400,0.110069444444,0.065000000000,0.590536277603,0.026736111111,0.000000000000,1.000000000000,0.000000000000,0.000000000000,0.000000000000,0.061041666667,0.049027777778,0.045069444444,-0.014910500240,-0.103333333333,0.168000000000,-0.025333333333,-0.039333333333,-0.994033349333,-2.583333333325,3.360000000000,-1.266666666650,-1.311111111100,22.274770200707,3.360000000000,0
0.680000000000,0.700000000000,0.425000000000,20,12,14400,0.109375000000,0.064166666667,0.586666666667,0.027430555556,0.000000000000,1.000000000000,0.000000000000,0.000000000000,0.000000000000,0.061944444444,0.047430555556,0.045208333333,-0.015743833573,-0.103333333333,0.168000000000,-0.025333333333,-0.039333333333,-1.049588904889,-2.583333333325,3.360000000000,-1.266666666650,-1.311111111100,22.388304770386,3.360000000000,0
0.680000000000,0.700000000000,0.450000000000,20,12,14400,0.109791666667,0.064861111111,0.590765338393,0.026111111111,0.000000000000,1.000000000000,0.000000000000,0.000000000000,0.000000000000,0.060972222222,0.048819444444,0.044930555556,-0.015049389129,-0.103333333333,0.168000000000,-0.025333333333,-0.039333333333,-1.003292608593,-2.583333333325,3.360000000000,-1.266666666650,-1.311111111100,22.293263959577,3.360000000000,0
0.680000000000,0.700000000000,0.475000000000,20,12,14400,0.108680555556,0.064166666667,0.590415335463,0.026805555556,0.000000000000,1.000000000000,0.000000000000,0.000000000000,0.000000000000,0.060694444444,0.047986111111,0.044513888889,-0.015743833573,-0.103333333333,0.168000000000,-0.025333333333,-0.039333333333,-1.049588904889,-2.583333333325,3.360000000000,-1.266666666650,-1.311111111100,22.388304770386,3.360000000000,0
0.680000000000,0.700000000000,0.500000000000,20,12,14400,0.112430555556,0.066527777778,0.591723285979,0.027777777778,0.000000000000,1.000000000000,0.000000000000,0.000000000000,0.000000000000,0.062708333333,0.049722222222,0.045902777778,-0.013382722462,-0.103333333333,0.168000000000,-0.025333333333,-0.039333333333,-0.892181497481,-2.583333333325,3.360000000000,-1.266666666650,-1.311111111100,22.082655725568,3.360000000000,0
0.680000000000,0.700000000000,0.525000000000,20,12,14400,0.109097222222,0.063611111111,0.583068109484,0.025694444444,0.000000000000,1.000000000000,0.000000000000,0.000000000000,0.000000000000,0.061458333333,0.047638888889,0.045486111111,-0.016299389129,-0.103333333333,0.168000000000,-0.025333333333,-0.039333333333,-1.086625941926,-2.583333333325,3.360000000000,-1.266666666650,-1.311111111100,22.467423838787,3.360000000000,0
0.680000000000,0.700000000000,0.550000000000,20,12,14400,0.109027777778,0.064097222222,0.587898089172,0.026736111111,0.000000000000,1.000000000000,0.000000000000,0.000000000000,0.000000000000,0.060972222222,0.048055555556,0.044930555556,-0.015813278018,-0.103333333333,0.168000000000,-0.025333333333,-0.039333333333,-1.054218534519,-2.583333333325,3.360000000000,-1.266666666650,-1.311111111100,22.398044619643,3.360000000000,0
0.680000000000,0.700000000000,0.575000000000,20,12,14400,0.109722222222,0.064791666667,0.590506329114,0.026180555556,0.000000000000,1.000000000000,0.000000000000,0.000000000000,0.000000000000,0.061388888889,0.048333333333,0.044930555556,-0.015118833573,-0.103333333333,0.168000000000,-0.025333333333,-0.039333333333,-1.007922238222,-2.583333333325,3.360000000000,-1.266666666650,-1.311111111100,22.302575139423,3.360000000000,0
0.680000000000,0.700000000000,0.600000000000,20,12,14400,0.107638888889,0.063611111111,0.590967741935,0.028472222222,0.000000000000,1.000000000000,0.000000000000,0.000000000000,0.000000000000,0.059583333333,0.048055555556,0.044027777778,-0.016299389129,-0.103333333333,0.168000000000,-0.025333333333,-0.039333333333,-1.086625941926,-2.583333333325,3.360000000000,-1.266666666650,-1.311111111100,22.467423838787,3.360000000000,0
0.680000000000,0.700000000000,0.625000000000,20,12,14400,0.108680555556,0.064444444444,0.592971246006,0.026388888889,0.000000000000,1.000000000000,0.000000000000,0.000000000000,0.000000000000,0.060138888889,0.048541666667,0.044236111111,-0.015466055796,-0.103333333333,0.168000000000,-0.025333333333,-0.039333333333,-1.031070386370,-2.583333333325,3.360000000000,-1.266666666650,-1.311111111100,22.349774042770,3.360000000000,0
0.680000000000,0.700000000000,0.650000000000,20,12,14400,0.108125000000,0.063611111111,0.588310854207,0.026805555556,0.000000000000,0.997816593886,0.000000000000,0.002183406114,0.000000000000,0.060000000000,0.048125000000,0.044513888889,-0.016299389129,-0.103333333333,0.165816593886,-0.025333333333,-0.037149927219,-1.086625941926,-2.583333333325,3.316331877729,-1.266666666650,-1.238330907315,21.990332052393,3.316331877729,0
0.680000000000,0.700000000000,0.675000000000,20,12,14400,0.108888888889,0.063402777778,0.582270408163,0.026319444444,0.000000000000,0.994523548740,0.000000000000,0.005476451260,0.000000000000,0.061111111111,0.047777777778,0.045486111111,-0.016507722462,-0.103333333333,0.162523548740,-0.025333333333,-0.033856882073,-1.100514830815,-2.583333333325,3.250470974808,-1.266666666650,-1.128562735781,21.328403854977,3.250470974808,0
0.680000000000,0.700000000000,0.700000000000,20,12,14400,0.110277777778,0.064652777778,0.586272040302,0.027708333333,0.000000000000,0.986036519871,0.000000000000,0.013963480129,0.000000000000,0.061805555556,0.048472222222,0.045625000000,-0.015257722462,-0.103333333333,0.154036519871,-0.025333333333,-0.025369853204,-1.017181497481,-2.583333333325,3.080730397422,-1.266666666650,-0.845661773470,19.518757370998,3.080730397422,0
0.680000000000,0.700000000000,0.725000000000,20,12,14400,0.109652777778,0.064791666667,0.590880303990,0.027222222222,0.000000000000,0.953912111468,0.000000000000,0.046087888532,0.000000000000,0.061180555556,0.048472222222,0.044861111111,-0.015118833573,-0.103333333333,0.121912111468,-0.025333333333,0.006754555199,-1.007922238222,-2.583333333325,2.438242229368,-1.266666666650,0.225151839954,15.289681313880,2.583333333325,0
0.680000000000,0.700000000000,0.750000000000,20,12,14400,0.109444444444,0.063958333333,0.584390862944,0.026666666667,0.000000000000,0.878393051031,0.000000000000,0.121606948969,0.000000000000,0.061458333333,0.047986111111,0.045486111111,-0.015952166907,-0.103333333333,0.046393051031,-0.025333333333,0.082273615636,-1.063477793778,-2.583333333325,0.927861020630,-1.266666666650,2.742453854517,17.791019791088,2.742453854517,0
0.680000000000,0.725000000000,0.350000000000,20,12,14400,0.108402777778,0.063333333333,0.584240871236,0.026319444444,0.000000000000,1.000000000000,0.000000000000,0.000000000000,0.000000000000,0.060555555556,0.047847222222,0.045069444444,-0.016577166907,-0.103333333333,0.168000000000,-0.025333333333,-0.039333333333,-1.105144460444,-2.583333333325,3.360000000000,-1.266666666650,-1.311111111100,22.508012179571,3.360000000000,0
0.680000000000,0.725000000000,0.375000000000,20,12,14400,0.109791666667,0.063888888889,0.581910183428,0.026875000000,0.000000000000,1.000000000000,0.000000000000,0.000000000000,0.000000000000,0.061250000000,0.048541666667,0.045902777778,-0.016021611351,-0.103333333333,0.168000000000,-0.025333333333,-0.039333333333,-1.068107423407,-2.583333333325,3.360000000000,-1.266666666650,-1.311111111100,22.427521369058,3.360000000000,0
0.680000000000,0.725000000000,0.400000000000,20,12,14400,0.109513888889,0.064791666667,0.591629676601,0.029097222222,0.000000000000,1.000000000000,0.000000000000,0.000000000000,0.000000000000,0.061527777778,0.047986111111,0.044722222222,-0.015118833573,-0.103333333333,0.168000000000,-0.025333333333,-0.039333333333,-1.007922238222,-2.583333333325,3.360000000000,-1.266666666650,-1.311111111100,22.302575139423,3.360000000000,0
0.680000000000,0.725000000000,0.425000000000,20,12,14400,0.111597222222,0.065277777778,0.584940883634,0.026388888889,0.000000000000,1.000000000000,0.000000000000,0.000000000000,0.000000000000,0.062638888889,0.048958333333,0.046319444444,-0.014632722462,-0.103333333333,0.168000000000,-0.025333333333,-0.039333333333,-0.975514830815,-2.583333333325,3.360000000000,-1.266666666650,-1.311111111100,22.238297086260,3.360000000000,0
0.680000000000,0.725000000000,0.450000000000,20,12,14400,0.110902777778,0.065277777778,0.588603631810,0.026875000000,0.000000000000,1.000000000000,0.000000000000,0.000000000000,0.000000000000,0.061666666667,0.049236111111,0.045625000000,-0.014632722462,-0.103333333333,0.168000000000,-0.025333333333,-0.039333333333,-0.975514830815,-2.583333333325,3.360000000000,-1.266666666650,-1.311111111100,22.238297086260,3.360000000000,0
0.680000000000,0.725000000000,0.475000000000,20,12,14400,0.110694444444,0.065625000000,0.592848180678,0.028263888889,0.000000000000,1.000000000000,0.000000000000,0.000000000000,0.000000000000,0.061250000000,0.049444444444,0.045069444444,-0.014285500240,-0.103333333333,0.168000000000,-0.025333333333,-0.039333333333,-0.952366682667,-2.583333333325,3.360000000000,-1.266666666650,-1.311111111100,22.193670199374,3.360000000000,0
0.680000000000,0.725000000000,0.500000000000,20,12,14400,0.111111111111,0.065902777778,0.593125000000,0.026319444444,0.000000000000,1.000000000000,0.000000000000,0.000000000000,0.000000000000,0.062083333333,0.049027777778,0.045208333333,-0.014007722462,-0.103333333333,0.168000000000,-0.025333333333,-0.039333333333,-0.933848164148,-2.583333333325,3.360000000000,-1.266666666650,-1.311111111100,22.158740294803,3.360000000000,0
0.680000000000,0.725000000000,0.525000000000,20,12,14400,0.110694444444,0.065277777778,0.589711417817,0.027847222222,0.000000000000,1.000000000000,0.000000000000,0.000000000000,0.000000000000,0.061597222222,0.049097222222,0.045416666667,-0.014632722462,-0.103333333333,0.168000000000,-0.025333333333,-0.039333333333,-0.975514830815,-2.583333333325,3.360000000000,-1.266666666650,-1.311111111100,22.238297086260,3.360000000000,0
0.680000000000,0.725000000000,0.550000000000,20,12,14400,0.109444444444,0.065555555556,0.598984771574,0.027361111111,0.000000000000,1.000000000000,0.000000000000,0.000000000000,0.000000000000,0.059930555556,0.049513888889,0.043888888889,-0.014354944684,-0.103333333333,0.168000000000,-0.025333333333,-0.039333333333,-0.956996312296,-2.583333333325,3.360000000000,-1.266666666650,-1.311111111100,22.202509842869,3.360000000000,0
0.680000000000,0.725000000000,0.575000000000,20,12,14400,0.111180555556,0.065277777778,0.587133041849,0.027569444444,0.000000000000,1.000000000000,0.000000000000,0.000000000000,0.000000000000,0.062152777778,0.049027777778,0.045902777778,-0.014632722462,-0.103333333333,0.168000000000,-0.025333333333,-0.039333333333,-0.975514830815,-2.583333333325,3.360000000000,-1.266666666650,-1.311111111100,22.238297086260,3.360000000000,0
0.680000000000,0.725000000000,0.600000000000,20,12,14400,0.109236111111,0.064097222222,0.586776859504,0.027430555556,0.000000000000,1.000000000000,0.000000000000,0.000000000000,0.000000000000,0.060763888889,0.048472222222,0.045138888889,-0.015813278018,-0.103333333333,0.168000000000,-0.025333333333,-0.039333333333,-1.054218534519,-2.583333333325,3.360000000000,-1.266666666650,-1.311111111100,22.398044619643,3.360000000000,0
0.680000000000,0.725000000000,0.625000000000,20,12,14400,0.107569444444,0.063541666667,0.590703679793,0.027083333333,0.000000000000,1.000000000000,0.000000000000,0.000000000000,0.000000000000,0.060138888889,0.047430555556,0.044027777778,-0.016368833573,-0.103333333333,0.168000000000,-0.025333333333,-0.039333333333,-1.091255571556,-2.583333333325,3.360000000000,-1.266666666650,-1.311111111100,22.477506623571,3.360000000000,0
0.680000000000,0.725000000000,0.650000000000,20,12,14400,0.108055555556,0.064027777778,0.592544987147,0.027013888889,0.000000000000,0.998915401302,0.000000000000,0.001084598698,0.000000000000,0.060208333333,0.047847222222,0.044027777778,-0.015882722462,-0.103333333333,0.166915401302,-0.025333333333,-0.038248734635,-1.058848164148,-2.583333333325,3.338308026030,-1.266666666650,-1.274957821151,22.169032912562,3.338308026030,0
0.680000000000,0.725000000000,0.675000000000,20,12,14400,0.109027777778,0.064722222222,0.593630573248,0.024791666667,0.000000000000,0.994635193133,0.000000000000,0.005364806867,0.000000000000,0.060277777778,0.048750000000,0.044305555556,-0.015188278018,-0.103333333333,0.162635193133,-0.025333333333,-0.033968526466,-1.012551867852,-2.583333333325,3.252703862661,-1.266666666650,-1.132284215535,21.165466803479,3.252703862661,0
0.680000000000,0.725000000000,0.700000000000,20,12,14400,0.110694444444,0.065416666667,0.590966122961,0.025972222222,0.000000000000,0.988322717622,0.000000000000,0.011677282378,0.000000000000,0.061111111111,0.049583333333,0.045277777778,-0.014493833573,-0.103333333333,0.156322717622,-0.025333333333,-0.027656050955,-0.966255571556,-2.583333333325,3.126454352442,-1.266666666650,-0.921868365169,19.836263485633,3.126454352442,0
0.680000000000,0.725000000000,0.725000000000,20,12,14400,0.110555555556,0.065555555556,0.592964824121,0.026666666667,0.000000000000,0.952330508475,0.000000000000,0.047669491525,0.000000000000,0.061597222222,0.048958333333,0.045000000000,-0.014354944684,-0.103333333333,0.120330508475,-0.025333333333,0.008336158192,-0.956996312296,-2.583333333325,2.406610169491,-1.266666666650,0.277871939748,15.062882820018,2.583333333325,0
0.680000000000,0.725000000000,0.750000000000,20,12,14400,0.107569444444,0.061805555556,0.574564234990,0.027430555556,0.000000000000,0.867415730337,0.000000000000,0.132584269663,0.000000000000,0.060833333333,0.046736111111,0.045763888889,-0.018104944684,-0.103333333333,0.035415730337,-0.025333333333,0.093250936330,-1.206996312296,-2.583333333325,0.708314606742,-1.266666666650,3.108364544331,19.898535375943,3.108364544331,0
0.680000000000,0.750000000000,0.350000000000,20,12,14400,0.110069444444,0.065555555556,0.595583596215,0.027361111111,0.000000000000,1.000000000000,0.000000000000,0.000000000000,0.000000000000,0.061250000000,0.048819444444,0.044513888889,-0.014354944684,-0.103333333333,0.168000000000,-0.025333333333,-0.039333333333,-0.956996312296,-2.583333333325,3.360000000000,-1.266666666650,-1.311111111100,22.202509842869,3.360000000000,0
0.680000000000,0.750000000000,0.375000000000,20,12,14400,0.109166666667,0.064444444444,0.590330788804,0.025625000000,0.000000000000,1.000000000000,0.000000000000,0.000000000000,0.000000000000,0.060833333333,0.048333333333,0.044722222222,-0.015466055796,-0.103333333333,0.168000000000,-0.025333333333,-0.039333333333,-1.031070386370,-2.583333333325,3.360000000000,-1.266666666650,-1.311111111100,22.349774042770,3.360000000000,0
0.680000000000,0.750000000000,0.400000000000,20,12,14400,0.109097222222,0.065069444444,0.596435391470,0.027222222222,0.000000000000,1.000000000000,0.000000000000,0.000000000000,0.000000000000,0.059583333333,0.049513888889,0.044027777778,-0.014841055796,-0.103333333333,0.168000000000,-0.025333333333,-0.039333333333,-0.989403719704,-2.583333333325,3.360000000000,-1.266666666650,-1.311111111100,22.265587621684,3.360000000000,0
0.680000000000,0.750000000000,0.425000000000,20,12,14400,0.108263888889,0.064375000000,0.594611930725,0.028888888889,0.000000000000,1.000000000000,0.000000000000,0.000000000000,0.000000000000,0.059236111111,0.049027777778,0.043888888889,-0.015535500240,-0.103333333333,0.168000000000,-0.025333333333,-0.039333333333,-1.035700016000,-2.583333333325,3.360000000000,-1.266666666650,-1.311111111100,22.359342424263,3.360000000000,0
0.680000000000,0.750000000000,0.450000000000,20,12,14400,0.110763888889,0.065069444444,0.587460815047,0.027083333333,0.000000000000,1.000000000000,0.000000000000,0.000000000000,0.000000000000,0.062083333333,0.048680555556,0.045694444444,-0.014841055796,-0.103333333333,0.168000000000,-0.025333333333,-0.039333333333,-0.989403719704,-2.583333333325,3.360000000000,-1.266666666650,-1.311111111100,22.265587621684,3.360000000000,0
0.680000000000,0.750000000000,0.475000000000,20,12,14400,0.108750000000,0.064097222222,0.589399744572,0.027083333333,0.000000000000,1.000000000000,0.000000000000,0.000000000000,0.000000000000,0.060625000000,0.048125000000,0.044652777778,-0.015813278018,-0.103333333333,0.168000000000,-0.025333333333,-0.039333333333,-1.054218534519,-2.583333333325,3.360000000000,-1.266666666650,-1.311111111100,22.398044619643,3.360000000000,0
0.680000000000,0.750000000000,0.500000000000,20,12,14400,0.111319444444,0.065555555556,0.588895820337,0.026875000000,0.000000000000,1.000000000000,0.000000000000,0.000000000000,0.000000000000,0.062500000000,0.048819444444,0.045763888889,-0.014354944684,-0.103333333333,0.168000000000,-0.025333333333,-0.039333333333,-0.956996312296,-2.583333333325,3.360000000000,-1.266666666650,-1.311111111100,22.202509842869,3.360000000000,0
0.680000000000,0.750000000000,0.525000000000,20,12,14400,0.110277777778,0.064305555556,0.583123425693,0.028541666667,0.000000000000,1.000000000000,0.000000000000,0.000000000000,0.000000000000,0.061805555556,0.048472222222,0.045972222222,-0.015604944684,-0.103333333333,0.168000000000,-0.025333333333,-0.039333333333,-1.040329645630,-2.583333333325,3.360000000000,-1.266666666650,-1.311111111100,22.368953672696,3.360000000000,0
0.680000000000,0.750000000000,0.550000000000,20,12,14400,0.108125000000,0.063472222222,0.587026332691,0.026458333333,0.000000000000,1.000000000000,0.000000000000,0.000000000000,0.000000000000,0.060694444444,0.047430555556,0.044652777778,-0.016438278018,-0.103333333333,0.168000000000,-0.025333333333,-0.039333333333,-1.095885201185,-2.583333333325,3.360000000000,-1.266666666650,-1.311111111100,22.487632275297,3.360000000000,0
0.680000000000,0.750000000000,0.575000000000,20,12,14400,0.108402777778,0.064166666667,0.591928251121,0.026875000000,0.000000000000,1.000000000000,0.000000000000,0.000000000000,0.000000000000,0.059930555556,0.048472222222,0.044236111111,-0.015743833573,-0.103333333333,0.168000000000,-0.025333333333,-0.039333333333,-1.049588904889,-2.583333333325,3.360000000000,-1.266666666650,-1.311111111100,22.388304770386,3.360000000000,0
0.680000000000,0.750000000000,0.600000000000,20,12,14400,0.111180555556,0.065902777778,0.592754528420,0.029166666667,0.000000000000,1.000000000000,0.000000000000,0.000000000000,0.000000000000,0.062152777778,0.049027777778,0.045277777778,-0.014007722462,-0.103333333333,0.168000000000,-0.025333333333,-0.039333333333,-0.933848164148,-2.583333333325,3.360000000000,-1.266666666650,-1.311111111100,22.158740294803,3.360000000000,0
0.680000000000,0.750000000000,0.625000000000,20,12,14400,0.107847222222,0.064861111111,0.601416613007,0.025902777778,0.000000000000,1.000000000000,0.000000000000,0.000000000000,0.000000000000,0.059236111111,0.048611111111,0.042986111111,-0.015049389129,-0.103333333333,0.168000000000,-0.025333333333,-0.039333333333,-1.003292608593,-2.583333333325,3.360000000000,-1.266666666650,-1.311111111100,22.293263959577,3.360000000000,0
0.680000000000,0.750000000000,0.650000000000,20,12,14400,0.110416666667,0.065000000000,0.588679245283,0.026944444444,0.000000000000,0.997863247863,0.000000000000,0.002136752137,0.000000000000,0.061597222222,0.048819444444,0.045416666667,-0.014910500240,-0.103333333333,0.165863247863,-0.025333333333,-0.037196581196,-0.994033349333,-2.583333333325,3.317264957265,-1.266666666650,-1.239886039875,21.807722043632,3.317264957265,0
0.680000000000,0.750000000000,0.675000000000,20,12,14400,0.110208333333,0.063611111111,0.577189666037,0.026041666667,0.000000000000,0.994541484716,0.000000000000,0.005458515284,0.000000000000,0.062083333333,0.048125000000,0.046597222222,-0.016299389129,-0.103333333333,0.162541484716,-0.025333333333,-0.033874818049,-1.086625941926,-2.583333333325,3.250829694323,-1.266666666650,-1.129160601639,21.301708858923,3.250829694323,0
0.680000000000,0.750000000000,0.700000000000,20,12,14400,0.110347222222,0.064583333333,0.585273757080,0.027430555556,0.000000000000,0.983870967742,0.000000000000,0.016129032258,0.000000000000,0.061527777778,0.048819444444,0.045763888889,-0.015327166907,-0.103333333333,0.151870967742,-0.025333333333,-0.023204301075,-1.021811127111,-2.583333333325,3.037419354839,-1.266666666650,-0.773476702498,19.146336081414,3.037419354839,0
0.680000000000,0.750000000000,0.725000000000,20,12,14400,0.110138888889,0.064722222222,0.587641866330,0.027500000000,0.000000000000,0.958154506438,0.000000000000,0.041845493562,0.000000000000,0.061736111111,0.048402777778,0.045416666667,-0.015188278018,-0.103333333333,0.126154506438,-0.025333333333,0.002512160229,-1.012551867852,-2.583333333325,2.523090128755,-1.266666666650,0.083738674308,15.676312803958,2.583333333325,0
0.680000000000,0.750000000000,0.750000000000,20,12,14400,0.109305555556,0.064166666667,0.587039390089,0.027847222222,0.000000000000,0.871212121212,0.000000000000,0.128787878788,0.000000000000,0.061458333333,0.047847222222,0.045138888889,-0.015743833573,-0.103333333333,0.039212121212,-0.025333333333,0.089454545455,-1.049588904889,-2.583333333325,0.784242424242,-1.266666666650,2.981818181829,18.885968274205,2.981818181829,0
0.700000000000,0.350000000000,0.350000000000,20,12,14400,0.108402777778,0.054722222222,0.504804612428,0.025486111111,0.000000000000,0.095177664975,0.904822335025,0.000000000000,1.000000000000,0.060972222222,0.047430555556,0.053680555556,-0.025188278018,-0.103333333333,-0.736822335025,0.879489001692,-0.039333333333,-1.679218534519,-2.583333333325,-14.736446700508,43.974450084619,-1.311111111100,2162.127519944946,43.974450084619,0
0.700000000000,0.350000000000,0.375000000000,20,12,14400,0.110138888889,0.056527777778,0.513240857503,0.024236111111,0.000000000000,0.089680589681,0.910319410319,0.000000000000,1.000000000000,0.061458333333,0.048680555556,0.053611111111,-0.023382722462,-0.103333333333,-0.742319410319,0.884986076986,-0.039333333333,-1.558848164148,-2.583333333325,-14.846388206388,44.249303849320,-1.311111111100,2189.238764979855,44.249303849320,0
0.700000000000,0.350000000000,0.400000000000,20,12,14400,0.113402777778,0.056875000000,0.501530924679,0.022916666667,0.000000000000,0.087912087912,0.912087912088,0.000000000000,1.000000000000,0.064236111111,0.049166666667,0.056527777778,-0.023035500240,-0.103333333333,-0.744087912088,0.886754578755,-0.039333333333,-1.535700016000,-2.583333333325,-14.881758241758,44.337728937746,-1.311111111100,2198.051933718995,44.337728937746,0
0.700000000000,0.350000000000,0.425000000000,20,12,14400,0.107847222222,0.055833333333,0.517707662589,0.024652777778,0.000000000000,0.093283582090,0.906716417910,0.000000000000,1.000000000000,0.059305555556,0.048541666667,0.052013888889,-0.024077166907,-0.103333333333,-0.738716417910,0.881383084577,-0.039333333333,-1.605144460444,-2.583333333325,-14.774328358209,44.069154228872,-1.311111111100,2171.340245079924,44.069154228872,0
0.700000000000,0.350000000000,0.450000000000,20,12,14400,0.110833333333,0.057152777778,0.515664160401,0.024097222222,0.000000000000,0.093560145808,0.906439854192,0.000000000000,1.000000000000,0.061666666667,0.049166666667,0.053680555556,-0.022757722462,-0.103333333333,-0.738439854192,0.881106520859,-0.039333333333,-1.517181497481,-2.583333333325,-14.768797083840,44.055326042949,-1.311111111100,2169.683583207180,44.055326042949,0
0.700000000000,0.350000000000,0.475000000000,20,12,14400,0.110833333333,0.056944444444,0.513784461153,0.024583333333,0.000000000000,0.093902439024,0.906097560976,0.000000000000,1.000000000000,0.062013888889,0.048819444444,0.053888888889,-0.022966055796,-0.103333333333,-0.738097560976,0.880764227643,-0.039333333333,-1.531070386370,-2.583333333325,-14.761951219512,44.038211382131,-1.311111111100,2168.016065529210,44.038211382131,0
0.700000000000,0.350000000000,0.500000000000,20,12,14400,0.112152777778,0.056458333333,0.503405572755,0.023333333333,0.000000000000,0.092250922509,0.907749077491,0.000000000000,1.000000000000,0.063402777778,0.048750000000,0.055694444444,-0.023452166907,-0.103333333333,-0.739749077491,0.882415744158,-0.039333333333,-1.563477793778,-2.583333333325,-14.794981549815,44.120787207889,-1.311111111100,2176.372429171528,44.120787207889,0
0.700000000000,0.350000000000,0.525000000000,20,12,14400,0.109652777778,0.056527777778,0.515516149462,0.024652777778,0.000000000000,0.088452088452,0.911547911548,0.000000000000,1.000000000000,0.061388888889,0.048263888889,0.053125000000,-0.023382722462,-0.103333333333,-0.743547911548,0.886214578215,-0.039333333333,-1.558848164148,-2.583333333325,-14.870958230958,44.310728910745,-1.311111111100,2195.408726364062,44.310728910745,0
0.700000000000,0.350000000000,0.550000000000,20,12,14400,0.110347222222,0.057430555556,0.520453115167,0.026388888889,0.000000000000,0.096735187424,0.903264812576,0.000000000000,1.000000000000,0.060833333333,0.049513888889,0.052916666667,-0.022479944684,-0.103333333333,-0.735264812576,0.877931479243,-0.039333333333,-1.498662978963,-2.583333333325,-14.705296251511,43.896573962129,-1.311111111100,2153.793557638579,43.896573962129,0
0.700000000000,0.350000000000,0.575000000000,20,12,14400,0.110763888889,0.056388888889,0.509090909091,0.025486111111,0.000000000000,0.102216748768,0.897783251232,0.000000000000,1.000000000000,0.062291666667,0.048472222222,0.054375000000,-0.023521611351,-0.103333333333,-0.729783251232,0.872449917899,-0.039333333333,-1.568107423407,-2.583333333325,-14.595665024631,43.622495894926,-1.311111111100,2126.807169962159,43.622495894926,0
0.700000000000,0.350000000000,0.600000000000,20,12,14400,0.111527777778,0.056527777778,0.506849315068,0.025208333333,0.000000000000,0.087223587224,0.912776412776,0.000000000000,1.000000000000,0.062847222222,0.048680555556,0.055000000000,-0.023382722462,-0.103333333333,-0.744776412776,0.887443079443,-0.039333333333,-1.558848164148,-2.583333333325,-14.895528255528,44.372153972171,-1.311111111100,2201.587441196848,44.372153972171,0
0.700000000000,0.350000000000,0.625000000000,20,12,14400,0.111250000000,0.056388888889,0.506866416979,0.023750000000,0.000000000000,0.096059113300,0.903940886700,0.000000000000,1.000000000000,0.062569444444,0.048680555556,0.054861111111,-0.023521611351,-0.103333333333,-0.735940886700,0.878607553367,-0.039333333333,-1.568107423407,-2.583333333325,-14.718817733990,43.930377668325,-1.311111111100,2157.373261916180,43.930377668325,0
0.700000000000,0.350000000000,0.650000000000,20,12,14400,0.109583333333,0.056041666667,0.511406844106,0.025138888889,0.002478314746,0.087980173482,0.909541511772,0.000000000000,1.000000000000,0.061041666667,0.048541666667,0.053541666667,-0.023868833573,-0.100855018587,-0.744019826518,0.884208178439,-0.039333333333,-1.591255571556,-2.521375464676,-14.880396530359,44.210408921950,-1.311111111100,2186.594898820263,44.210408921950,0
0.700000000000,0.350000000000,0.675000000000,20,12,14400,0.111180555556,0.057222222222,0.514678326046,0.024652777778,0.004854368932,0.087378640777,0.907766990291,0.000000000000,1.000000000000,0.061597222222,0.049583333333,0.053958333333,-0.022688278018,-0.098478964401,-0.744621359223,0.882433656958,-0.039333333333,-1.512551867852,-2.461974110024,-14.892427184466,44.121682847913,-1.311111111100,2178.575426793474,44.121682847913,0
0.700000000000,0.350000000000,0.700000000000,20,12,14400,0.108472222222,0.056180555556,0.517925736236,0.025277777778,0.014833127318,0.085290482077,0.899876390606,0.000000000000,1.000000000000,0.060416666667,0.048055555556,0.052291666667,-0.023729944684,-0.088500206015,-0.746709517923,0.874543057273,-0.039333333333,-1.581996312296,-2.212505150383,-14.934190358467,43.727152863634,-1.311111111100,2144.210842940824,43.727152863634,0
0.700000000000,0.350000000000,0.725000000000,20,12,14400,0.110902777778,0.056944444444,0.513462742642,0.026041666667,0.035365853659,0.096341463415,0.868292682927,0.000000000000,1.000000000000,0.061875000000,0.049027777778,0.053958333333,-0.022966055796,-0.067967479674,-0.735658536585,0.842959349594,-0.039333333333,-1.531070386370,-1.699186991862,-14.713170731707,42.147967479691,-1.311111111100,1999.878980956481,42.147967479691,0
0.700000000000,0.350000000000,0.750000000000,20,12,14400,0.110277777778,0.056180555556,0.509445843829,0.024652777778,0.086526576020,0.087762669963,0.825710754017,0.000000000000,1.000000000000,0.061666666667,0.048611111111,0.054097222222,-0.023729944684,-0.016806757313,-0.744237330037,0.800377420684,-0.039333333333,-1.581996312296,-0.420168932830,-14.884746600742,40.018871034215,-1.311111111100,1827.463986831327,40.018871034215,0
0.700000000000,0.375000000000,0.350000000000,20,12,14400,0.111388888889,0.056319444444,0.505610972569,0.023819444444,0.000000000000,0.214549938348,0.785450061652,0.000000000000,1.000000000000,0.063125000000,0.048263888889,0.055069444444,-0.023591055796,-0.103333333333,-0.617450061652,0.760116728319,-0.039333333333,-1.572737053037,-2.583333333325,-12.349001233046,38.005836415964,-1.311111111100,1607.807558425489,38.005836415964,0
0.700000000000,0.375000000000,0.375000000000,20,12,14400,0.110138888889,0.056319444444,0.511349306431,0.026111111111,0.000000000000,0.221948212084,0.778051787916,0.000000000000,1.000000000000,0.061388888889,0.048750000000,0.053819444444,-0.023591055796,-0.103333333333,-0.610051787916,0.752718454583,-0.039333333333,-1.572737053037,-2.583333333325,-12.201035758323,37.635922729158,-1.311111111100,1576.194078545710,37.635922729158,0
0.700000000000,0.375000000000,0.400000000000,20,12,14400,0.110763888889,0.056111111111,0.506583072100,0.021527777778,0.000000000000,0.222772277228,0.777227722772,0.000000000000,1.000000000000,0.062291666667,0.048472222222,0.054652777778,-0.023799389129,-0.103333333333,-0.609227722772,0.751894389439,-0.039333333333,-1.586625941926,-2.583333333325,-12.184554455446,37.594719471964,-1.311111111100,1572.736304789687,37.594719471964,0
0.700000000000,0.375000000000,0.425000000000,20,12,14400,0.111527777778,0.056458333333,0.506226650062,0.025208333333,0.000000000000,0.221402214022,0.778597785978,0.000000000000,1.000000000000,0.062847222222,0.048680555556,0.055069444444,-0.023452166907,-0.103333333333,-0.610597785978,0.753264452645,-0.039333333333,-1.563477793778,-2.583333333325,-12.211955719557,37.663222632243,-1.311111111100,1578.487287810681,37.663222632243,0
0.700000000000,0.375000000000,0.450000000000,20,12,14400,0.109166666667,0.055347222222,0.506997455471,0.024097222222,0.000000000000,0.215809284818,0.784190715182,0.000000000000,1.000000000000,0.060833333333,0.048333333333,0.053819444444,-0.024563278018,-0.103333333333,-0.616190715182,0.758857381849,-0.039333333333,-1.637551867852,-2.583333333325,-12.323814303639,37.942869092447,-1.311111111100,1602.611913533735,37.942869092447,0
0.700000000000,0.375000000000,0.475000000000,20,12,14400,0.110416666667,0.056388888889,0.510691823899,0.025416666667,0.000000000000,0.227832512315,0.772167487685,0.000000000000,1.000000000000,0.062013888889,0.048402777778,0.054027777778,-0.023521611351,-0.103333333333,-0.604167487685,0.746834154352,-0.039333333333,-1.568107423407,-2.583333333325,-12.083349753695,37.341707717586,-1.311111111100,1551.262060883831,37.341707717586,0
0.700000000000,0.375000000000,0.500000000000,20,12,14400,0.110763888889,0.057083333333,0.515360501567,0.025000000000,0.000000000000,0.218978102190,0.781021897810,0.000000000000,1.000000000000,0.061736111111,0.049027777778,0.053680555556,-0.022827166907,-0.103333333333,-0.613021897810,0.755688564477,-0.039333333333,-1.521811127111,-2.583333333325,-12.260437956204,37.784428223861,-1.311111111100,1588.689887645357,37.784428223861,0
0.700000000000,0.375000000000,0.525000000000,20,12,14400,0.109930555556,0.055972222222,0.509159823121,0.025208333333,0.000000000000,0.222084367246,0.777915632754,0.000000000000,1.000000000000,0.061111111111,0.048819444444,0.053958333333,-0.023938278018,-0.103333333333,-0.609915632754,0.752582299421,-0.039333333333,-1.595885201185,-2.583333333325,-12.198312655087,37.629114971067,-1.311111111100,1575.688598169124,37.629114971067,0
0.700000000000,0.375000000000,0.550000000000,20,12,14400,0.108611111111,0.055694444444,0.512787723785,0.025555555556,0.000000000000,0.228179551122,0.771820448878,0.000000000000,1.000000000000,0.060555555556,0.048055555556,0.052916666667,-0.024216055796,-0.103333333333,-0.603820448878,0.746487115545,-0.039333333333,-1.614403719704,-2.583333333325,-12.076408977556,37.324355777240,-1.311111111100,1549.946110806123,37.324355777240,0
0.700000000000,0.375000000000,0.575000000000,20,12,14400,0.108888888889,0.056250000000,0.516581632653,0.023958333333,0.000000000000,0.217283950617,0.782716049383,0.000000000000,1.000000000000,0.059930555556,0.048958333333,0.052638888889,-0.023660500240,-0.103333333333,-0.614716049383,0.757382716050,-0.039333333333,-1.577366682667,-2.583333333325,-12.294320987654,37.869135802486,-1.311111111100,1596.102484082888,37.869135802486,0
0.700000000000,0.375000000000,0.600000000000,20,12,14400,0.110486111111,0.056805555556,0.514142049026,0.025208333333,0.000000000000,0.224938875306,0.775061124694,0.000000000000,1.000000000000,0.061319444444,0.049166666667,0.053680555556,-0.023104944684,-0.103333333333,-0.607061124694,0.749727791361,-0.039333333333,-1.540329645630,-2.583333333325,-12.141222493888,37.486389568069,-1.311111111100,1563.403925369018,37.486389568069,0
0.700000000000,0.375000000000,0.625000000000,20,12,14400,0.109305555556,0.055694444444,0.509529860229,0.023402777778,0.000000000000,0.225685785536,0.774314214464,0.000000000000,1.000000000000,0.061250000000,0.048055555556,0.053611111111,-0.024216055796,-0.103333333333,-0.606314214464,0.748980881131,-0.039333333333,-1.614403719704,-2.583333333325,-12.126284289277,37.449044056542,-1.311111111100,1560.476594240100,37.449044056542,0
0.700000000000,0.375000000000,0.650000000000,20,12,14400,0.109027777778,0.056111111111,0.514649681529,0.025138888889,0.002475247525,0.217821782178,0.779702970297,0.000000000000,1.000000000000,0.060625000000,0.048402777778,0.052916666667,-0.023799389129,-0.100858085808,-0.614178217822,0.754369636964,-0.039333333333,-1.586625941926,-2.521452145206,-12.283564356436,37.718481848201,-1.311111111100,1584.163941377607,37.718481848201,0
0.700000000000,0.375000000000,0.675000000000,20,12,14400,0.111111111111,0.055972222222,0.503750000000,0.023888888889,0.002481389578,0.217121588089,0.780397022333,0.000000000000,1.000000000000,0.062777777778,0.048333333333,0.055138888889,-0.023938278018,-0.100851943755,-0.614878411911,0.755063689000,-0.039333333333,-1.595885201185,-2.521298593871,-12.297568238213,37.753184449975,-1.311111111100,1587.155929207846,37.753184449975,0
0.700000000000,0.375000000000,0.700000000000,20,12,14400,0.109652777778,0.055555555556,0.506649778341,0.023402777778,0.015000000000,0.222500000000,0.762500000000,0.000000000000,1.000000000000,0.061666666667,0.047986111111,0.054097222222,-0.024354944684,-0.088333333333,-0.609500000000,0.737166666667,-0.039333333333,-1.623662978963,-2.208333333325,-12.190000000000,36.858333333350,-1.311111111100,1516.364866038328,36.858333333350,0
0.700000000000,0.375000000000,0.725000000000,20,12,14400,0.110625000000,0.057152777778,0.516635279347,0.025277777778,0.038882138518,0.223572296476,0.737545565006,0.000000000000,1.000000000000,0.061875000000,0.048750000000,0.053472222222,-0.022757722462,-0.064451194815,-0.608427703524,0.712212231673,-0.039333333333,-1.517181497481,-1.611279870384,-12.168554070474,35.610611583654,-1.311111111100,1422.806440390554,35.610611583654,0
0.700000000000,0.375000000000,0.750000000000,20,12,14400,0.111458333333,0.056875000000,0.510280373832,0.024027777778,0.105006105006,0.219780219780,0.675213675214,0.000000000000,1.000000000000,0.062430555556,0.049027777778,0.054583333333,-0.023035500240,0.001672771673,-0.612219780220,0.649880341881,-0.039333333333,-1.535700016000,0.041819291828,-12.244395604396,32.494017094034,-1.311111111100,1209.865506362267,32.494017094034,0
0.700000000000,0.400000000000,0.350000000000,20,12,14400,0.110416666667,0.055555555556,0.503144654088,0.022708333333,0.000000000000,0.361250000000,0.638750000000,0.000000000000,1.000000000000,0.062361111111,0.048055555556,0.054861111111,-0.024354944684,-0.103333333333,-0.470750000000,0.613416666667,-0.039333333333,-1.623662978963,-2.583333333325,-9.415000000000,30.670833333350,-1.311111111100,1040.371147288095,30.670833333350,0
0.700000000000,0.400000000000,0.375000000000,20,12,14400,0.110347222222,0.056666666667,0.513530522341,0.024513888889,0.000000000000,0.359068627451,0.640931372549,0.000000000000,1.000000000000,0.061736111111,0.048611111111,0.053680555556,-0.023243833573,-0.103333333333,-0.472931372549,0.615598039216,-0.039333333333,-1.549588904889,-2.583333333325,-9.458627450980,30.779901960801,-1.311111111100,1047.661847203837,30.779901960801,0
0.700000000000,0.400000000000,0.400000000000,20,12,14400,0.110486111111,0.055763888889,0.504714016342,0.024722222222,0.000000000000,0.353673723537,0.646326276463,0.000000000000,1.000000000000,0.062152777778,0.048333333333,0.054722222222,-0.024146611351,-0.103333333333,-0.478326276463,0.620992943130,-0.039333333333,-1.609774090074,-2.583333333325,-9.566525529265,31.049647156513,-1.311111111100,1066.582995323841,31.049647156513,0
0.700000000000,0.400000000000,0.425000000000,20,12,14400,0.110902777778,0.057013888889,0.514088916719,0.024652777778,0.000000000000,0.356881851401,0.643118148599,0.000000000000,1.000000000000,0.062013888889,0.048888888889,0.053888888889,-0.022896611351,-0.103333333333,-0.475118148599,0.617784815266,-0.039333333333,-1.526440756741,-2.583333333325,-9.502362971985,30.889240763314,-1.311111111100,1055.162741825868,30.889240763314,0
0.700000000000,0.400000000000,0.450000000000,20,12,14400,0.110763888889,0.056388888889,0.509090909091,0.024513888889,0.000000000000,0.348522167488,0.651477832512,0.000000000000,1.000000000000,0.062222222222,0.048541666667,0.054375000000,-0.023521611351,-0.103333333333,-0.483477832512,0.626144499179,-0.039333333333,-1.568107423407,-2.583333333325,-9.669556650246,31.307224958966,-1.311111111100,1084.494244791674,31.307224958966,0
0.700000000000,0.400000000000,0.475000000000,20,12,14400,0.110069444444,0.055486111111,0.504100946372,0.024513888889,0.000000000000,0.360450563204,0.639549436796,0.000000000000,1.000000000000,0.062361111111,0.047708333333,0.054583333333,-0.024424389129,-0.103333333333,-0.471549436796,0.614216103463,-0.039333333333,-1.628292608593,-2.583333333325,-9.430988735920,30.710805173150,-1.311111111100,1043.141063196118,30.710805173150,0
0.700000000000,0.400000000000,0.500000000000,20,12,14400,0.109166666667,0.055416666667,0.507633587786,0.024861111111,0.000000000000,0.355889724311,0.644110275689,0.000000000000,1.000000000000,0.061250000000,0.047916666667,0.053750000000,-0.024493833573,-0.103333333333,-0.476110275689,0.618776942356,-0.039333333333,-1.632922238222,-2.583333333325,-9.522205513785,30.938847117811,-1.311111111100,1058.943717318839,30.938847117811,0
0.700000000000,0.400000000000,0.525000000000,20,12,14400,0.110694444444,0.056041666667,0.506273525721,0.023750000000,0.000000000000,0.358116480793,0.641883519207,0.000000000000,1.000000000000,0.062500000000,0.048194444444,0.054652777778,-0.023868833573,-0.103333333333,-0.473883519207,0.616550185874,-0.039333333333,-1.591255571556,-2.583333333325,-9.477670384139,30.827509293697,-1.311111111100,1051.086282914079,30.827509293697,0
0.700000000000,0.400000000000,0.550000000000,20,12,14400,0.109375000000,0.055486111111,0.507301587302,0.025208333333,0.000000000000,0.350438047559,0.649561952441,0.000000000000,1.000000000000,0.061319444444,0.048055555556,0.053888888889,-0.024424389129,-0.103333333333,-0.481561952441,0.624228619108,-0.039333333333,-1.628292608593,-2.583333333325,-9.631239048811,31.211430955378,-1.311111111100,1077.958148173556,31.211430955378,0
0.700000000000,0.400000000000,0.575000000000,20,12,14400,0.112013888889,0.057500000000,0.513329200248,0.025347222222,0.000000000000,0.350241545894,0.649758454106,0.000000000000,1.000000000000,0.062152777778,0.049861111111,0.054513888889,-0.022410500240,-0.103333333333,-0.481758454106,0.624425120773,-0.039333333333,-1.494033349333,-2.583333333325,-9.635169082126,31.221256038664,-1.311111111100,1078.228070978600,31.221256038664,0
0.700000000000,0.400000000000,0.600000000000,20,12,14400,0.111944444444,0.057013888889,0.509305210918,0.024722222222,0.000000000000,0.355663824604,0.644336175396,0.000000000000,1.000000000000,0.062777777778,0.049166666667,0.054930555556,-0.022896611351,-0.103333333333,-0.476336175396,0.619002842063,-0.039333333333,-1.526440756741,-2.583333333325,-9.526723507917,30.950142103143,-1.311111111100,1059.392401841601,30.950142103143,0
0.700000000000,0.400000000000,0.625000000000,20,12,14400,0.110208333333,0.056875000000,0.516068052930,0.025833333333,0.000000000000,0.349206349206,0.650793650794,0.000000000000,1.000000000000,0.060694444444,0.049513888889,0.053333333333,-0.023035500240,-0.103333333333,-0.482793650794,0.625460317461,-0.039333333333,-1.535700016000,-2.583333333325,-9.655873015873,31.273015873033,-1.311111111100,1081.988403489475,31.273015873033,0
0.700000000000,0.400000000000,0.650000000000,20,12,14400,0.107152777778,0.055486111111,0.517822423850,0.025277777778,0.001251564456,0.347934918648,0.650813516896,0.000000000000,1.000000000000,0.059166666667,0.047986111111,0.051666666667,-0.024424389129,-0.102081768877,-0.484065081352,0.625480183563,-0.039333333333,-1.628292608593,-2.552044221936,-9.681301627034,31.274009178156,-1.311111111100,1082.674530144556,31.274009178156,0
0.700000000000,0.400000000000,0.675000000000,20,12,14400,0.112083333333,0.057152777778,0.509913258984,0.024861111111,0.003645200486,0.354799513973,0.641555285541,0.000000000000,1.000000000000,0.062638888889,0.049444444444,0.054930555556,-0.022757722462,-0.099688132847,-0.477200486027,0.616221952208,-0.039333333333,-1.517181497481,-2.492203321174,-9.544009720535,30.811097610385,-1.311111111100,1050.643786938367,30.811097610385,0
0.700000000000,0.400000000000,0.700000000000,20,12,14400,0.111388888889,0.057013888889,0.511845386534,0.024930555556,0.014616321559,0.356881851401,0.628501827040,0.000000000000,1.000000000000,0.062291666667,0.049097222222,0.054375000000,-0.022896611351,-0.088717011774,-0.475118148599,0.603168493707,-0.039333333333,-1.526440756741,-2.217925294348,-9.502362971985,30.158424685360,-1.311111111100,1008.793707894672,30.158424685360,0
0.700000000000,0.400000000000,0.725000000000,20,12,14400,0.113194444444,0.057152777778,0.504907975460,0.026041666667,0.036452004860,0.356014580802,0.606318347509,0.001215066829,1.000000000000,0.063263888889,0.049930555556,0.056041666667,-0.022757722462,-0.066881328473,-0.475985419198,0.580985014176,-0.038118266504,-1.517181497481,-1.672033211818,-9.519708383961,29.049250708806,-1.270608883477,941.195796151200,29.049250708806,0
0.700000000000,0.400000000000,0.750000000000,20,12,14400,0.109305555556,0.056527777778,0.517153748412,0.024791666667,0.098280098280,0.356265356265,0.542997542998,0.002457002457,1.000000000000,0.060208333333,0.049097222222,0.052777777778,-0.023382722462,-0.005053235053,-0.475734643735,0.517664209665,-0.036876330876,-1.558848164148,-0.126330876322,-9.514692874693,25.883210483227,-1.229211029200,764.426892262257,25.883210483227,0
0.700000000000,0.425000000000,0.350000000000,20,12,14400,0.110833333333,0.055902777778,0.504385964912,0.025763888889,0.000000000000,0.545341614907,0.454658385093,0.000000000000,1.000000000000,0.062361111111,0.048472222222,0.054930555556,-0.024007722462,-0.103333333333,-0.286658385093,0.429325051760,-0.039333333333,-1.600514830815,-2.583333333325,-5.733167701863,21.466252588008,-1.311111111100,504.623483250245,21.466252588008,0
0.700000000000,0.425000000000,0.375000000000,20,12,14400,0.109583333333,0.055763888889,0.508871989861,0.023958333333,0.000000000000,0.551681195517,0.448318804483,0.000000000000,1.000000000000,0.061458333333,0.048125000000,0.053819444444,-0.024146611351,-0.103333333333,-0.280318804483,0.422985471150,-0.039333333333,-1.609774090074,-2.583333333325,-5.606376089664,21.149273557509,-1.311111111100,489.707220946914,21.149273557509,0
0.700000000000,0.425000000000,0.400000000000,20,12,14400,0.110416666667,0.057083333333,0.516981132075,0.025347222222,0.000000000000,0.553527980535,0.446472019465,0.000000000000,1.000000000000,0.061319444444,0.049097222222,0.053333333333,-0.022827166907,-0.103333333333,-0.278472019465,0.421138686132,-0.039333333333,-1.521811127111,-2.583333333325,-5.569440389294,21.056934306586,-1.311111111100,485.121681205103,21.056934306586,0
0.700000000000,0.425000000000,0.425000000000,20,12,14400,0.110972222222,0.056180555556,0.506257822278,0.025277777778,0.000000000000,0.558714462299,0.441285537701,0.000000000000,1.000000000000,0.062291666667,0.048680555556,0.054791666667,-0.023729944684,-0.103333333333,-0.273285537701,0.415952204368,-0.039333333333,-1.581996312296,-2.583333333325,-5.465710754017,20.797610218393,-1.311111111100,473.309920631633,20.797610218393,0
0.700000000000,0.425000000000,0.450000000000,20,12,14400,0.111041666667,0.056388888889,0.507817385866,0.025277777778,0.000000000000,0.545566502463,0.454433497537,0.000000000000,1.000000000000,0.062291666667,0.048750000000,0.054652777778,-0.023521611351,-0.103333333333,-0.286433497537,0.429100164204,-0.039333333333,-1.568107423407,-2.583333333325,-5.728669950739,21.455008210197,-1.311111111100,503.986621052195,21.455008210197,0
0.700000000000,0.425000000000,0.475000000000,20,12,14400,0.110555555556,0.056388888889,0.510050251256,0.023888888889,0.000000000000,0.552955665025,0.447044334975,0.000000000000,1.000000000000,0.062361111111,0.048194444444,0.054166666667,-0.023521611351,-0.103333333333,-0.279044334975,0.421711001642,-0.039333333333,-1.568107423407,-2.583333333325,-5.580886699507,21.085550082118,-1.311111111100,486.598302966329,21.085550082118,0
0.700000000000,0.425000000000,0.500000000000,20,12,14400,0.109097222222,0.056458333333,0.517504774029,0.025763888889,0.000000000000,0.548585485855,0.451414514145,0.000000000000,1.000000000000,0.060208333333,0.048888888889,0.052638888889,-0.023452166907,-0.103333333333,-0.283414514145,0.426081180812,-0.039333333333,-1.563477793778,-2.583333333325,-5.668290282903,21.304059040607,-1.311111111100,496.829532605276,21.304059040607,0
0.700000000000,0.425000000000,0.525000000000,20,12,14400,0.111736111111,0.056666666667,0.507147296457,0.024236111111,0.000000000000,0.547794117647,0.452205882353,0.000000000000,1.000000000000,0.062638888889,0.049097222222,0.055069444444,-0.023243833573,-0.103333333333,-0.284205882353,0.426872549020,-0.039333333333,-1.549588904889,-2.583333333325,-5.684117647059,21.343627450997,-1.311111111100,498.653475423434,21.343627450997,0
0.700000000000,0.425000000000,0.550000000000,20,12,14400,0.111388888889,0.056666666667,0.508728179551,0.025694444444,0.000000000000,0.555147058824,0.444852941176,0.000000000000,1.000000000000,0.062638888889,0.048750000000,0.054722222222,-0.023243833573,-0.103333333333,-0.276852941176,0.419519607843,-0.039333333333,-1.549588904889,-2.583333333325,-5.537058823529,20.975980392173,-1.311111111100,481.444623058943,20.975980392173,0
0.700000000000,0.425000000000,0.575000000000,20,12,14400,0.109097222222,0.056458333333,0.517504774029,0.024722222222,0.000000000000,0.551045510455,0.448954489545,0.000000000000,1.000000000000,0.060347222222,0.048750000000,0.052638888889,-0.023452166907,-0.103333333333,-0.280954489545,0.423621156212,-0.039333333333,-1.563477793778,-2.583333333325,-5.619089790898,21.181057810595,-1.311111111100,491.048466322283,21.181057810595,0
0.700000000000,0.425000000000,0.600000000000,20,12,14400,0.107361111111,0.055694444444,0.518758085382,0.023888888889,0.000000000000,0.531172069825,0.468827930175,0.000000000000,1.000000000000,0.059375000000,0.047986111111,0.051666666667,-0.024216055796,-0.103333333333,-0.300827930175,0.443494596842,-0.039333333333,-1.614403719704,-2.583333333325,-6.016558603491,22.174729842078,-1.311111111100,538.916543825307,22.174729842078,0
0.700000000000,0.425000000000,0.625000000000,20,12,14400,0.107708333333,0.055763888889,0.517730496454,0.024305555556,0.000000000000,0.537982565380,0.462017434620,0.000000000000,1.000000000000,0.059583333333,0.048125000000,0.051944444444,-0.024146611351,-0.103333333333,-0.294017434620,0.436684101287,-0.039333333333,-1.609774090074,-2.583333333325,-5.880348692404,21.834205064359,-1.311111111100,522.295007614510,21.834205064359,0
0.700000000000,0.425000000000,0.650000000000,20,12,14400,0.109791666667,0.056527777778,0.514864010120,0.023263888889,0.002457002457,0.551597051597,0.445945945946,0.000000000000,1.000000000000,0.060833333333,0.048958333333,0.053263888889,-0.023382722462,-0.100876330876,-0.280402948403,0.420612612613,-0.039333333333,-1.558848164148,-2.521908271900,-5.608058968059,21.030630630647,-1.311111111100,484.246791388341,21.030630630647,0
0.700000000000,0.425000000000,0.675000000000,20,12,14400,0.109861111111,0.055069444444,0.501264222503,0.024236111111,0.003783102144,0.546027742749,0.450189155107,0.000000000000,1.000000000000,0.062291666667,0.047569444444,0.054791666667,-0.024841055796,-0.099550231189,-0.285972257251,0.424855821774,-0.039333333333,-1.656070386370,-2.488755779731,-5.719445145019,21.242791088709,-1.311111111100,494.623712806837,21.242791088709,0
0.700000000000,0.425000000000,0.700000000000,20,12,14400,0.110625000000,0.055972222222,0.505963590709,0.025972222222,0.013647642680,0.562034739454,0.424317617866,0.000000000000,1.000000000000,0.061944444444,0.048680555556,0.054652777778,-0.023938278018,-0.089685690653,-0.269965260546,0.398984284533,-0.039333333333,-1.595885201185,-2.242142266327,-5.399305210918,19.949214226650,-1.311111111100,436.416708884895,19.949214226650,0
0.700000000000,0.425000000000,0.725000000000,20,12,14400,0.108194444444,0.055486111111,0.512836970475,0.025138888889,0.028785982478,0.561952440551,0.408010012516,0.001251564456,1.000000000000,0.059930555556,0.048263888889,0.052708333333,-0.024424389129,-0.074547350855,-0.270047559449,0.382676679183,-0.038081768877,-1.628292608593,-1.863683771373,-5.400951188986,19.133833959132,-1.269392295914,403.009886541255,19.133833959132,0
0.700000000000,0.425000000000,0.750000000000,20,12,14400,0.110277777778,0.056875000000,0.515743073048,0.026041666667,0.078144078144,0.544566544567,0.369963369963,0.007326007326,1.000000000000,0.061458333333,0.048819444444,0.053402777778,-0.023035500240,-0.025189255189,-0.287433455433,0.344630036630,-0.032007326007,-1.535700016000,-0.629731379723,-5.748669108669,17.231501831519,-1.066910866900,333.865086838252,17.231501831519,0
0.700000000000,0.450000000000,0.350000000000,20,12,14400,0.112083333333,0.057222222222,0.510532837670,0.023402777778,0.000000000000,0.714805825243,0.285194174757,0.000000000000,1.000000000000,0.062986111111,0.049097222222,0.054861111111,-0.022688278018,-0.103333333333,-0.117194174757,0.259860841424,-0.039333333333,-1.512551867852,-2.583333333325,-2.343883495146,12.993042071214,-1.311111111100,184.993368712815,12.993042071214,0
0.700000000000,0.450000000000,0.375000000000,20,12,14400,0.110763888889,0.056666666667,0.511598746082,0.025555555556,0.000000000000,0.709558823529,0.290441176471,0.000000000000,1.000000000000,0.061666666667,0.049097222222,0.054097222222,-0.023243833573,-0.103333333333,-0.122441176471,0.265107843138,-0.039333333333,-1.549588904889,-2.583333333325,-2.448823529412,13.255392156879,-1.311111111100,192.496007141735,13.255392156879,0
0.700000000000,0.450000000000,0.400000000000,20,12,14400,0.110763888889,0.056319444444,0.508463949843,0.025138888889,0.000000000000,0.715166461159,0.284833538841,0.000000000000,1.000000000000,0.062152777778,0.048611111111,0.054444444444,-0.023591055796,-0.103333333333,-0.116833538841,0.259500205508,-0.039333333333,-1.572737053037,-2.583333333325,-2.336670776819,12.975010275397,-1.311111111100,184.677047260605,12.975010275397,0
0.700000000000,0.450000000000,0.425000000000,20,12,14400,0.108541666667,0.055625000000,0.512476007678,0.025347222222,0.000000000000,0.715355805243,0.284644194757,0.000000000000,1.000000000000,0.060625000000,0.047916666667,0.052916666667,-0.024285500240,-0.103333333333,-0.116644194757,0.259310861424,-0.039333333333,-1.619033349333,-2.583333333325,-2.332883895131,12.965543071178,-1.311111111100,184.561546841698,12.965543071178,0
0.700000000000,0.450000000000,0.450000000000,20,12,14400,0.110000000000,0.056944444444,0.517676767677,0.024930555556,0.000000000000,0.704878048780,0.295121951220,0.000000000000,1.000000000000,0.060625000000,0.049375000000,0.053055555556,-0.022966055796,-0.103333333333,-0.127121951220,0.269788617887,-0.039333333333,-1.531070386370,-2.583333333325,-2.542439024390,13.489430894326,-1.311111111100,199.165542030267,13.489430894326,0
0.700000000000,0.450000000000,0.475000000000,20,12,14400,0.107916666667,0.056180555556,0.520592020592,0.025138888889,0.000000000000,0.718170580964,0.281829419036,0.000000000000,1.000000000000,0.059236111111,0.048680555556,0.051736111111,-0.023729944684,-0.103333333333,-0.113829419036,0.256496085703,-0.039333333333,-1.581996312296,-2.583333333325,-2.276588380717,12.824804285142,-1.311111111100,180.553795396258,12.824804285142,0
0.700000000000,0.450000000000,0.500000000000,20,12,14400,0.110694444444,0.056458333333,0.510037641154,0.024930555556,0.000000000000,0.707257072571,0.292742927429,0.000000000000,1.000000000000,0.062222222222,0.048472222222,0.054236111111,-0.023452166907,-0.103333333333,-0.124742927429,0.267409594096,-0.039333333333,-1.563477793778,-2.583333333325,-2.494858548585,13.370479704814,-1.311111111100,195.831132982642,13.370479704814,0
0.700000000000,0.450000000000,0.525000000000,20,12,14400,0.110486111111,0.056736111111,0.513513513514,0.024166666667,0.000000000000,0.702570379437,0.297429620563,0.000000000000,1.000000000000,0.061736111111,0.048750000000,0.053750000000,-0.023174389129,-0.103333333333,-0.129429620563,0.272096287230,-0.039333333333,-1.544959275259,-2.583333333325,-2.588592411261,13.604814361502,-1.311111111100,202.571307101489,13.604814361502,0
0.700000000000,0.450000000000,0.550000000000,20,12,14400,0.108888888889,0.056527777778,0.519132653061,0.026041666667,0.000000000000,0.716216216216,0.283783783784,0.000000000000,1.000000000000,0.059861111111,0.049027777778,0.052361111111,-0.023382722462,-0.103333333333,-0.115783783784,0.258450450451,-0.039333333333,-1.558848164148,-2.583333333325,-2.315675675676,12.922522522539,-1.311111111100,183.176573236033,12.922522522539,0
0.700000000000,0.450000000000,0.575000000000,20,12,14400,0.110277777778,0.056111111111,0.508816120907,0.024305555556,0.000000000000,0.714108910891,0.285891089109,0.000000000000,1.000000000000,0.061597222222,0.048680555556,0.054166666667,-0.023799389129,-0.103333333333,-0.117891089109,0.260557755776,-0.039333333333,-1.586625941926,-2.583333333325,-2.357821782178,13.027887788796,-1.311111111100,186.195189130272,13.027887788796,0
0.700000000000,0.450000000000,0.600000000000,20,12,14400,0.110694444444,0.056111111111,0.506900878294,0.024236111111,0.000000000000,0.704207920792,0.295792079208,0.000000000000,1.000000000000,0.062430555556,0.048263888889,0.054583333333,-0.023799389129,-0.103333333333,-0.127792079208,0.270458745875,-0.039333333333,-1.586625941926,-2.583333333325,-2.555841584158,13.522937293746,-1.311111111100,200.312164590210,13.522937293746,0
0.700000000000,0.450000000000,0.625000000000,20,12,14400,0.108819444444,0.055694444444,0.511805998724,0.024652777778,0.000000000000,0.706982543641,0.293017456359,0.000000000000,1.000000000000,0.060902777778,0.047916666667,0.053125000000,-0.024216055796,-0.103333333333,-0.125017456359,0.267684123026,-0.039333333333,-1.614403719704,-2.583333333325,-2.500349127182,13.384206151305,-1.311111111100,196.387642885344,13.384206151305,0
0.700000000000,0.450000000000,0.650000000000,20,12,14400,0.110138888889,0.056250000000,0.510718789407,0.025694444444,0.003703703704,0.709876543210,0.286419753086,0.000000000000,1.000000000000,0.061805555556,0.048333333333,0.053888888889,-0.023660500240,-0.099629629629,-0.122123456790,0.261086419753,-0.039333333333,-1.577366682667,-2.490740740732,-2.442469135802,13.054320987671,-1.311111111100,186.791839363274,13.054320987671,0
0.700000000000,0.450000000000,0.675000000000,20,12,14400,0.109305555556,0.054930555556,0.502541296061,0.023888888889,0.003792667509,0.728192161820,0.268015170670,0.000000000000,1.000000000000,0.062013888889,0.047291666667,0.054375000000,-0.024979944684,-0.099540665824,-0.103807838180,0.242681837337,-0.039333333333,-1.665329645630,-2.488516645588,-2.076156763590,12.134091866852,-1.311111111100,162.231662609834,12.134091866852,0
0.700000000000,0.450000000000,0.700000000000,20,12,14400,0.111041666667,0.056527777778,0.509068167605,0.024722222222,0.015970515971,0.714987714988,0.269041769042,0.000000000000,1.000000000000,0.062569444444,0.048472222222,0.054513888889,-0.023382722462,-0.087362817362,-0.117012285012,0.243708435709,-0.039333333333,-1.558848164148,-2.184070434062,-2.340245700246,12.185421785438,-1.311111111100,162.880437632018,12.185421785438,0
0.700000000000,0.450000000000,0.725000000000,20,12,14400,0.108958333333,0.055694444444,0.511153601020,0.024444444444,0.031172069825,0.706982543641,0.258104738155,0.003740648379,1.000000000000,0.060902777778,0.048055555556,0.053263888889,-0.024216055796,-0.072161263508,-0.125017456359,0.232771404822,-0.035592684954,-1.614403719704,-1.804031587689,-2.500349127182,11.638570241081,-1.186422831798,148.976491489753,11.638570241081,0
0.700000000000,0.450000000000,0.750000000000,20,12,14400,0.111111111111,0.056736111111,0.510625000000,0.024513888889,0.075887392901,0.701346389229,0.208078335373,0.014687882497,1.000000000000,0.061875000000,0.049236111111,0.054375000000,-0.023174389129,-0.027445940432,-0.130653610771,0.182745002040,-0.024645450836,-1.544959275259,-0.686148510804,-2.613072215422,9.137250102016,-0.821515027869,93.850071711901,9.137250102016,0
0.700000000000,0.475000000000,0.350000000000,20,12,14400,0.110416666667,0.057569444444,0.521383647799,0.026041666667,0.000000000000,0.852834740651,0.147165259349,0.000000000000,1.000000000000,0.060694444444,0.049722222222,0.052847222222,-0.022341055796,-0.103333333333,0.020834740651,0.121831926016,-0.039333333333,-1.489403719704,-2.583333333325,0.416694813028,6.091596300781,-1.311111111100,47.892126955872,6.091596300781,0
0.700000000000,0.475000000000,0.375000000000,20,12,14400,0.109513888889,0.056250000000,0.513633481294,0.026041666667,0.000000000000,0.859259259259,0.140740740741,0.000000000000,1.000000000000,0.060833333333,0.048680555556,0.053263888889,-0.023660500240,-0.103333333333,0.027259259259,0.115407407408,-0.039333333333,-1.577366682667,-2.583333333325,0.545185185185,5.770370370387,-1.311111111100,44.475110205890,5.770370370387,0
0.700000000000,0.475000000000,0.400000000000,20,12,14400,0.105972222222,0.054236111111,0.511795543906,0.025347222222,0.000000000000,0.865556978233,0.134443021767,0.000000000000,1.000000000000,0.059097222222,0.046875000000,0.051736111111,-0.025674389129,-0.103333333333,0.033556978233,0.109109688434,-0.039333333333,-1.711625941926,-2.583333333325,0.671139564661,5.455484421698,-1.311111111100,41.535025412437,5.455484421698,0
0.700000000000,0.475000000000,0.425000000000,20,12,14400,0.108750000000,0.055555555556,0.510855683269,0.024513888889,0.000000000000,0.853750000000,0.146250000000,0.000000000000,1.000000000000,0.060763888889,0.047986111111,0.053194444444,-0.024354944684,-0.103333333333,0.021750000000,0.120916666667,-0.039333333333,-1.623662978963,-2.583333333325,0.435000000000,6.045833333350,-1.311111111100,47.770230620618,6.045833333350,0
0.700000000000,0.475000000000,0.450000000000,20,12,14400,0.110277777778,0.057013888889,0.517002518892,0.024444444444,0.000000000000,0.862362971985,0.137637028015,0.000000000000,1.000000000000,0.061319444444,0.048958333333,0.053263888889,-0.022896611351,-0.103333333333,0.030362971985,0.112303694682,-0.039333333333,-1.526440756741,-2.583333333325,0.607259439708,5.615184734081,-1.311111111100,42.621708465526,5.615184734081,0
0.700000000000,0.475000000000,0.475000000000,20,12,14400,0.109513888889,0.055972222222,0.511097019658,0.024236111111,0.000000000000,0.857320099256,0.142679900744,0.000000000000,1.000000000000,0.061250000000,0.048263888889,0.053541666667,-0.023938278018,-0.103333333333,0.025320099256,0.117346567411,-0.039333333333,-1.595885201185,-2.583333333325,0.506401985112,5.867328370571,-1.311111111100,45.621458210710,5.867328370571,0
0.700000000000,0.475000000000,0.500000000000,20,12,14400,0.105972222222,0.054027777778,0.509829619921,0.025486111111,0.000000000000,0.857326478149,0.142673521851,0.000000000000,1.000000000000,0.059305555556,0.046666666667,0.051944444444,-0.025882722462,-0.103333333333,0.025326478149,0.117340188518,-0.039333333333,-1.725514830815,-2.583333333325,0.506529562982,5.867009425895,-1.311111111100,46.048396689795,5.867009425895,0
0.700000000000,0.475000000000,0.525000000000,20,12,14400,0.111250000000,0.057222222222,0.514357053683,0.024652777778,0.000000000000,0.862864077670,0.137135922330,0.000000000000,1.000000000000,0.062083333333,0.049166666667,0.054027777778,-0.022688278018,-0.103333333333,0.030864077670,0.111802588997,-0.039333333333,-1.512551867852,-2.583333333325,0.617281553398,5.590129449855,-1.311111111100,42.311020391960,5.590129449855,0
0.700000000000,0.475000000000,0.550000000000,20,12,14400,0.110000000000,0.056111111111,0.510101010101,0.024097222222,0.000000000000,0.847772277228,0.152227722772,0.000000000000,1.000000000000,0.061805555556,0.048194444444,0.053888888889,-0.023799389129,-0.103333333333,0.015772277228,0.126894389439,-0.039333333333,-1.586625941926,-2.583333333325,0.315445544555,6.344719471964,-1.311111111100,51.264976405807,6.344719471964,0
0.700000000000,0.475000000000,0.575000000000,20,12,14400,0.111111111111,0.056250000000,0.506250000000,0.023888888889,0.000000000000,0.859259259259,0.140740740741,0.000000000000,1.000000000000,0.062638888889,0.048472222222,0.054861111111,-0.023660500240,-0.103333333333,0.027259259259,0.115407407408,-0.039333333333,-1.577366682667,-2.583333333325,0.545185185185,5.770370370387,-1.311111111100,44.475110205890,5.770370370387,0
0.700000000000,0.475000000000,0.600000000000,20,12,14400,0.110902777778,0.057500000000,0.518472135254,0.024097222222,0.000000000000,0.853864734300,0.146135265700,0.000000000000,1.000000000000,0.061041666667,0.049861111111,0.053402777778,-0.022410500240,-0.103333333333,0.021864734300,0.120801932367,-0.039333333333,-1.494033349333,-2.583333333325,0.437294685990,6.040096618374,-1.311111111100,47.298752907329,6.040096618374,0
0.700000000000,0.475000000000,0.625000000000,20,12,14400,0.109930555556,0.056875000000,0.517372078332,0.024097222222,0.000000000000,0.855921855922,0.144078144078,0.000000000000,1.000000000000,0.060833333333,0.049097222222,0.053055555556,-0.023035500240,-0.103333333333,0.023921855922,0.118744810745,-0.039333333333,-1.535700016000,-2.583333333325,0.478437118437,5.937240537257,-1.311111111100,46.230725269409,5.937240537257,0
0.700000000000,0.475000000000,0.650000000000,20,12,14400,0.108055555556,0.054722222222,0.506426735219,0.024166666667,0.001269035533,0.852791878173,0.145939086294,0.000000000000,1.000000000000,0.060555555556,0.047500000000,0.053333333333,-0.025188278018,-0.102064297800,0.020791878173,0.120605752961,-0.039333333333,-1.679218534519,-2.551607445000,0.415837563452,6.030287648071,-1.311111111100,47.586777783353,6.030287648071,0
0.700000000000,0.475000000000,0.675000000000,20,12,14400,0.113125000000,0.057847222222,0.511356660528,0.025625000000,0.002400960384,0.857142857143,0.139255702281,0.001200480192,1.000000000000,0.063402777778,0.049722222222,0.055277777778,-0.022063278018,-0.100932372949,0.025142857143,0.113922368948,-0.038132853141,-1.470885201185,-2.523309323721,0.502857142857,5.696118447396,-1.271095104697,42.844906656313,5.696118447396,0
0.700000000000,0.475000000000,0.700000000000,20,12,14400,0.111111111111,0.057152777778,0.514375000000,0.024513888889,0.012150668287,0.856622114216,0.128797083840,0.002430133657,1.000000000000,0.062083333333,0.049027777778,0.053958333333,-0.022757722462,-0.091182665046,0.024622114216,0.103463750507,-0.036903199676,-1.517181497481,-2.279566626156,0.492442284326,5.173187525330,-1.230106655855,36.015794659790,5.173187525330,0
0.700000000000,0.475000000000,0.725000000000,20,12,14400,0.109444444444,0.055625000000,0.508248730964,0.024027777778,0.027465667915,0.856429463171,0.109862671660,0.006242197253,1.000000000000,0.061458333333,0.047986111111,0.053819444444,-0.024285500240,-0.075867665418,0.024429463171,0.084529338327,-0.033091136080,-1.619033349333,-1.896691635447,0.488589263421,4.226466916371,-1.103037869319,25.537142750891,4.226466916371,0
0.700000000000,0.475000000000,0.750000000000,20,12,14400,0.109722222222,0.056041666667,0.510759493671,0.025416666667,0.065675340768,0.827757125155,0.075588599752,0.030978934325,1.000000000000,0.061111111111,0.048611111111,0.053680555556,-0.023868833573,-0.037657992565,-0.004242874845,0.050255266419,-0.008354399008,-1.591255571556,-0.941449814118,-0.084857496902,2.512763320958,-0.278479966945,9.817153440434,2.512763320958,0
0.700000000000,0.500000000000,0.350000000000,20,12,14400,0.109583333333,0.056875000000,0.519011406844,0.025277777778,0.000000000000,0.941391941392,0.058608058608,0.000000000000,1.000000000000,0.060416666667,0.049166666667,0.052708333333,-0.023035500240,-0.103333333333,0.109391941392,0.033274725275,-0.039333333333,-1.535700016000,-2.583333333325,2.187838827839,1.663736263753,-1.311111111100,18.305655087786,2.583333333325,0
0.700000000000,0.500000000000,0.375000000000,20,12,14400,0.110277777778,0.055972222222,0.507556675063,0.023402777778,0.000000000000,0.944168734491,0.055831265509,0.000000000000,1.000000000000,0.062013888889,0.048263888889,0.054305555556,-0.023938278018,-0.103333333333,0.112168734491,0.030497932176,-0.039333333333,-1.595885201185,-2.583333333325,2.243374689826,1.524896608784,-1.311111111100,18.297512698515,2.583333333325,0
0.700000000000,0.500000000000,0.400000000000,20,12,14400,0.110138888889,0.056875000000,0.516393442623,0.024444444444,0.000000000000,0.951159951160,0.048840048840,0.000000000000,1.000000000000,0.061180555556,0.048958333333,0.053263888889,-0.023035500240,-0.103333333333,0.119159951160,0.023506715507,-0.039333333333,-1.535700016000,-2.583333333325,2.383199023199,1.175335775353,-1.311111111100,17.812049764861,2.583333333325,0
0.700000000000,0.500000000000,0.425000000000,20,12,14400,0.110694444444,0.056875000000,0.513801756587,0.024236111111,0.000000000000,0.952380952381,0.047619047619,0.000000000000,1.000000000000,0.062083333333,0.048611111111,0.053819444444,-0.023035500240,-0.103333333333,0.120380952381,0.022285714286,-0.039333333333,-1.535700016000,-2.583333333325,2.407619047619,1.114285714303,-1.311111111100,17.789260127417,2.583333333325,0
0.700000000000,0.500000000000,0.450000000000,20,12,14400,0.111250000000,0.056319444444,0.506242197253,0.024305555556,0.000000000000,0.946979038224,0.053020961776,0.000000000000,1.000000000000,0.062361111111,0.048888888889,0.054930555556,-0.023591055796,-0.103333333333,0.114979038224,0.027687628443,-0.039333333333,-1.572737053037,-2.583333333325,2.299580764488,1.384381422129,-1.311111111100,18.070708909055,2.583333333325,0
0.700000000000,0.500000000000,0.475000000000,20,12,14400,0.110347222222,0.056458333333,0.511642542480,0.025069444444,0.000000000000,0.943419434194,0.056580565806,0.000000000000,1.000000000000,0.062013888889,0.048333333333,0.053888888889,-0.023452166907,-0.103333333333,0.111419434194,0.031247232473,-0.039333333333,-1.563477793778,-2.583333333325,2.228388683887,1.562361623633,-1.311111111100,18.243776237830,2.583333333325,0
0.700000000000,0.500000000000,0.500000000000,20,12,14400,0.109722222222,0.056111111111,0.511392405063,0.023333333333,0.000000000000,0.944306930693,0.055693069307,0.000000000000,1.000000000000,0.061041666667,0.048680555556,0.053611111111,-0.023799389129,-0.103333333333,0.112306930693,0.030359735974,-0.039333333333,-1.586625941926,-2.583333333325,2.246138613861,1.517986798697,-1.311111111100,18.259427930006,2.583333333325,0
0.700000000000,0.500000000000,0.525000000000,20,12,14400,0.109583333333,0.056041666667,0.511406844106,0.024583333333,0.000000000000,0.950433705081,0.049566294919,0.000000000000,1.000000000000,0.061041666667,0.048541666667,0.053541666667,-0.023868833573,-0.103333333333,0.118433705081,0.024232961586,-0.039333333333,-1.591255571556,-2.583333333325,2.368674101611,1.211648079323,-1.311111111100,18.003425818494,2.583333333325,0
0.700000000000,0.500000000000,0.550000000000,20,12,14400,0.109652777778,0.055486111111,0.506016466118,0.025138888889,0.000000000000,0.946182728411,0.053817271589,0.000000000000,1.000000000000,0.061805555556,0.047847222222,0.054166666667,-0.024424389129,-0.103333333333,0.114182728411,0.028483938256,-0.039333333333,-1.628292608593,-2.583333333325,2.283654568210,1.424196912824,-1.311111111100,18.287375309322,2.583333333325,0
0.700000000000,0.500000000000,0.575000000000,20,12,14400,0.110416666667,0.056250000000,0.509433962264,0.026180555556,0.000000000000,0.951851851852,0.048148148148,0.000000000000,1.000000000000,0.061597222222,0.048819444444,0.054166666667,-0.023660500240,-0.103333333333,0.119851851852,0.022814814815,-0.039333333333,-1.577366682667,-2.583333333325,2.397037037037,1.140740740758,-1.311111111100,17.927785102856,2.583333333325,0
0.700000000000,0.500000000000,0.600000000000,20,12,14400,0.111180555556,0.057847222222,0.520299812617,0.026180555556,0.000000000000,0.951980792317,0.048019207683,0.000000000000,1.000000000000,0.061319444444,0.049861111111,0.053333333333,-0.022063278018,-0.103333333333,0.119980792317,0.022685874350,-0.039333333333,-1.470885201185,-2.583333333325,2.399615846339,1.134293717504,-1.311111111100,17.600905179351,2.583333333325,0
0.700000000000,0.500000000000,0.625000000000,20,12,14400,0.111319444444,0.056666666667,0.509045539613,0.024583333333,0.000000000000,0.950980392157,0.049019607843,0.000000000000,1.000000000000,0.062361111111,0.048958333333,0.054652777778,-0.023243833573,-0.103333333333,0.118980392157,0.023686274510,-0.039333333333,-1.549588904889,-2.583333333325,2.379607843137,1.184313725507,-1.311111111100,17.858981718417,2.583333333325,0
0.700000000000,0.500000000000,0.650000000000,20,12,14400,0.111041666667,0.056388888889,0.507817385866,0.025625000000,0.002463054187,0.943349753695,0.052955665025,0.001231527094,1.000000000000,0.063263888889,0.047777777778,0.054652777778,-0.023521611351,-0.100870279146,0.111349753695,0.027622331692,-0.038101806239,-1.568107423407,-2.521756978645,2.226995073892,1.381116584582,-1.270060207980,17.298262161930,2.521756978645,0
0.700000000000,0.500000000000,0.675000000000,20,12,14400,0.109930555556,0.056111111111,0.510423246999,0.024375000000,0.002475247525,0.949257425743,0.047029702970,0.001237623762,1.000000000000,0.061527777778,0.048402777778,0.053819444444,-0.023799389129,-0.100858085808,0.117257425743,0.021696369637,-0.038095709571,-1.586625941926,-2.521452145206,2.345148514851,1.084818481865,-1.269856985687,17.164192259562,2.521452145206,0
0.700000000000,0.500000000000,0.700000000000,20,12,14400,0.114791666667,0.058888888889,0.513006654567,0.025000000000,0.005896226415,0.938679245283,0.047169811321,0.008254716981,1.000000000000,0.064236111111,0.050555555556,0.055902777778,-0.021021611351,-0.097437106918,0.106679245283,0.021836477988,-0.031078616352,-1.401440756741,-2.435927672948,2.133584905660,1.091823899388,-1.035953878396,14.715244237585,2.435927672948,0
0.700000000000,0.500000000000,0.725000000000,20,12,14400,0.110972222222,0.056736111111,0.511264080100,0.024722222222,0.012239902081,0.927784577723,0.037943696450,0.022031823745,1.000000000000,0.062013888889,0.048958333333,0.054236111111,-0.023174389129,-0.091093431252,0.095784577723,0.012610363117,-0.017301509588,-1.544959275259,-2.277335781305,1.915691554468,0.630518155872,-0.576716986253,11.973187181998,2.277335781305,0
0.700000000000,0.500000000000,0.750000000000,20,12,14400,0.111527777778,0.056805555556,0.509339975093,0.024375000000,0.034229828851,0.881418092910,0.020782396088,0.063569682152,1.000000000000,0.062916666667,0.048611111111,0.054722222222,-0.023104944684,-0.069103504482,0.049418092910,-0.004550937245,0.024236348819,-1.540329645630,-1.727587612054,0.988361858191,-0.227546862249,0.807878293953,7.038478449612,1.727587612054,0
0.700000000000,0.525000000000,0.350000000000,20,12,14400,0.109236111111,0.056111111111,0.513668150032,0.022152777778,0.000000000000,0.982673267327,0.017326732673,0.000000000000,1.000000000000,0.060833333333,0.048402777778,0.053125000000,-0.023799389129,-0.103333333333,0.150673267327,-0.008006600660,-0.039333333333,-1.586625941926,-2.583333333325,3.013465346535,-0.400330032987,-1.311111111100,20.151242866387,3.013465346535,0
0.700000000000,0.525000000000,0.375000000000,20,12,14400,0.109444444444,0.055555555556,0.507614213198,0.023888888889,0.000000000000,0.988750000000,0.011250000000,0.000000000000,1.000000000000,0.061250000000,0.048194444444,0.053888888889,-0.024354944684,-0.103333333333,0.156750000000,-0.014083333333,-0.039333333333,-1.623662978963,-2.583333333325,3.135000000000,-0.704166666650,-1.311111111100,21.352980620394,3.135000000000,0
0.700000000000,0.525000000000,0.400000000000,20,12,14400,0.109166666667,0.056527777778,0.517811704835,0.025763888889,0.000000000000,0.986486486486,0.013513513514,0.000000000000,1.000000000000,0.060625000000,0.048541666667,0.052638888889,-0.023382722462,-0.103333333333,0.154486486486,-0.011819819819,-0.039333333333,-1.558848164148,-2.583333333325,3.089729729730,-0.590990990974,-1.311111111100,20.718331209775,3.089729729730,0
0.700000000000,0.525000000000,0.425000000000,20,12,14400,0.108541666667,0.055833333333,0.514395393474,0.024930555556,0.000000000000,0.988805970149,0.011194029851,0.000000000000,1.000000000000,0.060208333333,0.048333333333,0.052708333333,-0.024077166907,-0.103333333333,0.156805970149,-0.014139303482,-0.039333333333,-1.605144460444,-2.583333333325,3.136119402985,-0.706965174113,-1.311111111100,21.304156862801,3.136119402985,0
0.700000000000,0.525000000000,0.450000000000,20,12,14400,0.108263888889,0.055277777778,0.510583707505,0.025000000000,0.000000000000,0.983668341709,0.016331658291,0.000000000000,1.000000000000,0.060625000000,0.047638888889,0.052986111111,-0.024632722462,-0.103333333333,0.151668341709,-0.009001675042,-0.039333333333,-1.642181497481,-2.583333333325,3.033366834171,-0.450083752077,-1.311111111100,20.493273261920,3.033366834171,0
0.700000000000,0.525000000000,0.475000000000,20,12,14400,0.109027777778,0.056319444444,0.516560509554,0.025208333333,0.000000000000,0.985203452528,0.014796547472,0.000000000000,1.000000000000,0.060208333333,0.048819444444,0.052708333333,-0.023591055796,-0.103333333333,0.153203452528,-0.010536785861,-0.039333333333,-1.572737053037,-2.583333333325,3.064069050555,-0.526839293037,-1.311111111100,20.532204081970,3.064069050555,0
0.700000000000,0.525000000000,0.500000000000,20,12,14400,0.111041666667,0.055902777778,0.503439649781,0.022013888889,0.000000000000,0.986335403727,0.013664596273,0.000000000000,1.000000000000,0.062777777778,0.048263888889,0.055138888889,-0.024007722462,-0.103333333333,0.154335403727,-0.011668737060,-0.039333333333,-1.600514830815,-2.583333333325,3.086708074534,-0.583436852985,-1.311111111100,20.822436479192,3.086708074534,0
0.700000000000,0.525000000000,0.525000000000,20,12,14400,0.108333333333,0.055555555556,0.512820512821,0.024305555556,0.000000000000,0.987500000000,0.012500000000,0.000000000000,1.000000000000,0.060416666667,0.047916666667,0.052777777778,-0.024354944684,-0.103333333333,0.155500000000,-0.012833333333,-0.039333333333,-1.623662978963,-2.583333333325,3.110000000000,-0.641666666650,-1.311111111100,21.112741037062,3.110000000000,0
0.700000000000,0.525000000000,0.550000000000,20,12,14400,0.111388888889,0.057222222222,0.513715710723,0.022847222222,0.000000000000,0.989077669903,0.010922330097,0.000000000000,1.000000000000,0.062361111111,0.049027777778,0.054166666667,-0.022688278018,-0.103333333333,0.157077669903,-0.014411003236,-0.039333333333,-1.512551867852,-2.583333333325,3.141553398058,-0.720550161796,-1.311111111100,21.068986898175,3.141553398058,0
0.700000000000,0.525000000000,0.575000000000,20,12,14400,0.108472222222,0.055625000000,0.512804097311,0.024930555556,0.000000000000,0.987515605493,0.012484394507,0.000000000000,1.000000000000,0.060416666667,0.048055555556,0.052847222222,-0.024285500240,-0.103333333333,0.155515605493,-0.012848938826,-0.039333333333,-1.619033349333,-2.583333333325,3.110312109863,-0.642446941307,-1.311111111100,21.100671936124,3.110312109863,0
0.700000000000,0.525000000000,0.600000000000,20,12,14400,0.108750000000,0.055416666667,0.509578544061,0.022291666667,0.000000000000,0.987468671679,0.012531328321,0.000000000000,1.000000000000,0.060833333333,0.047916666667,0.053333333333,-0.024493833573,-0.103333333333,0.155468671679,-0.012802005012,-0.039333333333,-1.632922238222,-2.583333333325,3.109373433584,-0.640100250610,-1.311111111100,21.136989973107,3.109373433584,0
0.700000000000,0.525000000000,0.625000000000,20,12,14400,0.110486111111,0.055902777778,0.505971087366,0.025972222222,0.000000000000,0.986335403727,0.013664596273,0.000000000000,1.000000000000,0.062222222222,0.048263888889,0.054583333333,-0.024007722462,-0.103333333333,0.154335403727,-0.011668737060,-0.039333333333,-1.600514830815,-2.583333333325,3.086708074534,-0.583436852985,-1.311111111100,20.822436479192,3.086708074534,0
0.700000000000,0.525000000000,0.650000000000,20,12,14400,0.110347222222,0.055763888889,0.505349276274,0.025972222222,0.001245330012,0.983810709838,0.012453300125,0.002490660025,1.000000000000,0.062222222222,0.048125000000,0.054583333333,-0.024146611351,-0.102088003321,0.151810709838,-0.012880033208,-0.036842673308,-1.609774090074,-2.552200083014,3.036214196762,-0.644001660423,-1.228089110270,20.246635534820,3.036214196762,0
0.700000000000,0.525000000000,0.675000000000,20,12,14400,0.110416666667,0.055972222222,0.506918238994,0.025833333333,0.002481389578,0.985111662531,0.009925558313,0.002481389578,1.000000000000,0.062222222222,0.048194444444,0.054444444444,-0.023938278018,-0.100851943755,0.153111662531,-0.015407775020,-0.036851943755,-1.595885201185,-2.521298593871,3.062233250620,-0.770388751017,-1.228398125161,20.383529437615,3.062233250620,0
0.700000000000,0.525000000000,0.700000000000,20,12,14400,0.112847222222,0.058402777778,0.517538461538,0.025416666667,0.004756242568,0.969084423306,0.010701545779,0.015457788347,1.000000000000,0.062847222222,0.050000000000,0.054444444444,-0.021507722462,-0.098577090765,0.137084423306,-0.014631787554,-0.023875544986,-1.433848164148,-2.464427269116,2.741688466112,-0.731589377708,-0.795851499526,16.814780594676,2.741688466112,0
0.700000000000,0.525000000000,0.725000000000,20,12,14400,0.110763888889,0.056944444444,0.514106583072,0.025625000000,0.007317073171,0.956097560976,0.006097560976,0.030487804878,1.000000000000,0.061458333333,0.049305555556,0.053819444444,-0.022966055796,-0.096016260162,0.124097560976,-0.019235772357,-0.008845528455,-1.531070386370,-2.400406504057,2.481951219512,-0.961788617869,-0.294850948498,15.278184196070,2.481951219512,0
0.700000000000,0.525000000000,0.750000000000,20,12,14400,0.111250000000,0.056805555556,0.510611735331,0.024305555556,0.012224938875,0.897310513447,0.001222493888,0.089242053790,1.000000000000,0.062638888889,0.048611111111,0.054444444444,-0.023104944684,-0.091108394458,0.065310513447,-0.024110839445,0.049908720457,-1.540329645630,-2.277709861442,1.306210268949,-1.205541972273,1.663624015224,13.487739207768,2.277709861442,0
0.700000000000,0.550000000000,0.350000000000,20,12,14400,0.107777777778,0.055763888889,0.517396907216,0.025277777778,0.000000000000,0.997509339975,0.002490660025,0.000000000000,1.000000000000,0.060000000000,0.047777777778,0.052013888889,-0.024146611351,-0.103333333333,0.165509339975,-0.022842673308,-0.039333333333,-1.609774090074,-2.583333333325,3.310186799502,-1.142133665405,-1.311111111100,23.245802035039,3.310186799502,0
0.700000000000,0.550000000000,0.375000000000,20,12,14400,0.110138888889,0.056875000000,0.516393442623,0.025277777778,0.000000000000,0.997557997558,0.002442002442,0.000000000000,1.000000000000,0.061250000000,0.048888888889,0.053263888889,-0.023035500240,-0.103333333333,0.165557997558,-0.022891330891,-0.039333333333,-1.535700016000,-2.583333333325,3.311159951160,-1.144566544550,-1.311111111100,23.024810792929,3.311159951160,0
0.700000000000,0.550000000000,0.400000000000,20,12,14400,0.109027777778,0.054722222222,0.501910828025,0.023888888889,0.000000000000,0.998730964467,0.001269035533,0.000000000000,1.000000000000,0.061944444444,0.047083333333,0.054305555556,-0.025188278018,-0.103333333333,0.166730964467,-0.024064297800,-0.039333333333,-1.679218534519,-2.583333333325,3.334619289340,-1.203214890000,-1.311111111100,23.779810219746,3.334619289340,0
0.700000000000,0.550000000000,0.425000000000,20,12,14400,0.108055555556,0.055277777778,0.511568123393,0.025277777778,0.000000000000,0.997487437186,0.002512562814,0.000000000000,1.000000000000,0.060416666667,0.047638888889,0.052777777778,-0.024632722462,-0.103333333333,0.165487437186,-0.022820770519,-0.039333333333,-1.642181497481,-2.583333333325,3.309748743719,-1.141038525946,-1.311111111100,23.345789191629,3.309748743719,0
0.700000000000,0.550000000000,0.450000000000,20,12,14400,0.111111111111,0.056250000000,0.506250000000,0.023680555556,0.000000000000,0.997530864198,0.002469135802,0.000000000000,1.000000000000,0.062222222222,0.048888888889,0.054861111111,-0.023660500240,-0.103333333333,0.165530864198,-0.022864197531,-0.039333333333,-1.577366682667,-2.583333333325,3.310617283951,-1.143209876527,-1.311111111100,23.147824730885,3.310617283951,0
0.700000000000,0.550000000000,0.475000000000,20,12,14400,0.110486111111,0.056597222222,0.512256442489,0.025277777778,0.000000000000,0.997546012270,0.002453987730,0.000000000000,1.000000000000,0.061180555556,0.049305555556,0.053888888889,-0.023313278018,-0.103333333333,0.165546012270,-0.022879345603,-0.039333333333,-1.554218534519,-2.583333333325,3.310920245399,-1.143967280147,-1.311111111100,23.079072719197,3.310920245399,0
0.700000000000,0.550000000000,0.500000000000,20,12,14400,0.110694444444,0.056597222222,0.511292346299,0.025277777778,0.000000000000,0.997546012270,0.002453987730,0.000000000000,1.000000000000,0.062430555556,0.048263888889,0.054097222222,-0.023313278018,-0.103333333333,0.165546012270,-0.022879345603,-0.039333333333,-1.554218534519,-2.583333333325,3.310920245399,-1.143967280147,-1.311111111100,23.079072719197,3.310920245399,0
0.700000000000,0.550000000000,0.525000000000,20,12,14400,0.108402777778,0.055833333333,0.515054452274,0.024513888889,0.000000000000,0.997512437811,0.002487562189,0.000000000000,1.000000000000,0.059791666667,0.048611111111,0.052569444444,-0.024077166907,-0.103333333333,0.165512437811,-0.022845771144,-0.039333333333,-1.605144460444,-2.583333333325,3.310248756219,-1.142288557197,-1.311111111100,23.231682171566,3.310248756219,0
0.700000000000,0.550000000000,0.550000000000,20,12,14400,0.110000000000,0.056388888889,0.512626262626,0.023958333333,0.000000000000,0.998768472906,0.001231527094,0.000000000000,1.000000000000,0.061111111111,0.048888888889,0.053611111111,-0.023521611351,-0.103333333333,0.166768472906,-0.024101806239,-0.039333333333,-1.568107423407,-2.583333333325,3.335369458128,-1.205090311970,-1.311111111100,23.428516430281,3.335369458128,0
0.700000000000,0.550000000000,0.575000000000,20,12,14400,0.108472222222,0.055833333333,0.514724711908,0.025833333333,0.000000000000,0.997512437811,0.002487562189,0.000000000000,1.000000000000,0.060416666667,0.048055555556,0.052638888889,-0.024077166907,-0.103333333333,0.165512437811,-0.022845771144,-0.039333333333,-1.605144460444,-2.583333333325,3.310248756219,-1.142288557197,-1.311111111100,23.231682171566,3.310248756219,0
0.700000000000,0.550000000000,0.600000000000,20,12,14400,0.110972222222,0.057013888889,0.513767209011,0.025000000000,0.000000000000,0.997563946407,0.002436053593,0.000000000000,1.000000000000,0.061597222222,0.049375000000,0.053958333333,-0.022896611351,-0.103333333333,0.165563946407,-0.022897279740,-0.039333333333,-1.526440756741,-2.583333333325,3.311278928136,-1.144863986991,-1.311111111100,22.997926529186,3.311278928136,0
0.700000000000,0.550000000000,0.625000000000,20,12,14400,0.110555555556,0.056458333333,0.510678391960,0.025069444444,0.000000000000,0.998769987700,0.001230012300,0.000000000000,1.000000000000,0.062013888889,0.048541666667,0.054097222222,-0.023452166907,-0.103333333333,0.166769987700,-0.024103321033,-0.039333333333,-1.563477793778,-2.583333333325,3.335399753998,-1.205166051644,-1.311111111100,23.414402999356,3.335399753998,0
0.700000000000,0.550000000000,0.650000000000,20,12,14400,0.110972222222,0.056597222222,0.510012515645,0.025000000000,0.000000000000,0.995092024540,0.001226993865,0.003680981595,1.000000000000,0.062083333333,0.048888888889,0.054375000000,-0.023313278018,-0.103333333333,0.163092024540,-0.024106339468,-0.035652351738,-1.554218534519,-2.583333333325,3.261840490798,-1.205316973398,-1.188411724597,22.593921185037,3.261840490798,0
0.700000000000,0.550000000000,0.675000000000,20,12,14400,0.106875000000,0.055069444444,0.515269655621,0.025416666667,0.000000000000,0.993694829760,0.001261034048,0.005044136192,1.000000000000,0.059375000000,0.047500000000,0.051805555556,-0.024841055796,-0.103333333333,0.161694829760,-0.024072299285,-0.034289197141,-1.656070386370,-2.583333333325,3.233896595208,-1.203614964254,-1.142973238044,22.629344229241,3.233896595208,0
0.700000000000,0.550000000000,0.700000000000,20,12,14400,0.111597222222,0.057222222222,0.512756689484,0.023750000000,0.000000000000,0.979368932039,0.002427184466,0.018203883495,1.000000000000,0.062430555556,0.049166666667,0.054375000000,-0.022688278018,-0.103333333333,0.147368932039,-0.022906148867,-0.021129449838,-1.512551867852,-2.583333333325,2.947378640777,-1.145307443349,-0.704314994595,19.456253867519,2.947378640777,0
0.700000000000,0.550000000000,0.725000000000,20,12,14400,0.110486111111,0.056666666667,0.512884978001,0.026319444444,0.001225490196,0.965686274510,0.000000000000,0.033088235294,1.000000000000,0.061527777778,0.048958333333,0.053819444444,-0.023243833573,-0.102107843137,0.133686274510,-0.025333333333,-0.006245098039,-1.549588904889,-2.552696078423,2.673725490196,-1.266666666650,-0.208169934629,17.714070205961,2.673725490196,0
0.700000000000,0.550000000000,0.750000000000,20,12,14400,0.109791666667,0.056041666667,0.510436432638,0.024861111111,0.001239157373,0.908302354399,0.000000000000,0.090458488228,1.000000000000,0.061597222222,0.048194444444,0.053750000000,-0.023868833573,-0.102094175960,0.076302354399,-0.025333333333,0.051125154895,-1.591255571556,-2.552354399000,1.526047087980,-1.266666666650,1.704171829834,15.884073056836,2.552354399000,0
0.700000000000,0.575000000000,0.350000000000,20,12,14400,0.109444444444,0.055972222222,0.511421319797,0.024583333333,0.000000000000,0.998759305211,0.001240694789,0.000000000000,1.000000000000,0.061319444444,0.048125000000,0.053472222222,-0.023938278018,-0.103333333333,0.166759305211,-0.024092638544,-0.039333333333,-1.595885201185,-2.583333333325,3.335186104218,-1.204631927196,-1.311111111100,23.514077461871,3.335186104218,0
0.700000000000,0.575000000000,0.375000000000,20,12,14400,0.109166666667,0.056319444444,0.515903307888,0.026180555556,0.000000000000,0.998766954377,0.001233045623,0.000000000000,1.000000000000,0.060486111111,0.048680555556,0.052847222222,-0.023591055796,-0.103333333333,0.166766954377,-0.024100287710,-0.039333333333,-1.572737053037,-2.583333333325,3.335339087546,-1.205014385516,-1.311111111100,23.442671792927,3.335339087546,0
0.700000000000,0.575000000000,0.400000000000,20,12,14400,0.110069444444,0.056041666667,0.509148264984,0.024444444444,0.000000000000,0.998760842627,0.001239157373,0.000000000000,1.000000000000,0.061805555556,0.048263888889,0.054027777778,-0.023868833573,-0.103333333333,0.166760842627,-0.024094175960,-0.039333333333,-1.591255571556,-2.583333333325,3.335216852540,-1.204708798001,-1.311111111100,23.499712492173,3.335216852540,0
0.700000000000,0.575000000000,0.425000000000,20,12,14400,0.107638888889,0.054236111111,0.503870967742,0.023680555556,0.000000000000,0.998719590269,0.001280409731,0.000000000000,1.000000000000,0.060694444444,0.046944444444,0.053402777778,-0.025674389129,-0.103333333333,0.166719590269,-0.024052923602,-0.039333333333,-1.711625941926,-2.583333333325,3.334391805378,-1.202646180094,-1.311111111100,23.886813368057,3.334391805378,0
0.700000000000,0.575000000000,0.450000000000,20,12,14400,0.109444444444,0.055277777778,0.505076142132,0.022777777778,0.000000000000,0.998743718593,0.001256281407,0.000000000000,1.000000000000,0.061875000000,0.047569444444,0.054166666667,-0.024632722462,-0.103333333333,0.166743718593,-0.024077051926,-0.039333333333,-1.642181497481,-2.583333333325,3.334874371859,-1.203852596298,-1.311111111100,23.660031677086,3.334874371859,0
0.700000000000,0.575000000000,0.475000000000,20,12,14400,0.109583333333,0.056250000000,0.513307984791,0.023958333333,0.000000000000,0.998765432099,0.001234567901,0.000000000000,1.000000000000,0.061041666667,0.048541666667,0.053333333333,-0.023660500240,-0.103333333333,0.166765432099,-0.024098765432,-0.039333333333,-1.577366682667,-2.583333333325,3.335308641975,-1.204938271588,-1.311111111100,23.456869083878,3.335308641975,0
0.700000000000,0.575000000000,0.500000000000,20,12,14400,0.110486111111,0.056944444444,0.515399120050,0.024930555556,0.000000000000,0.998780487805,0.001219512195,0.000000000000,1.000000000000,0.060763888889,0.049722222222,0.053541666667,-0.022966055796,-0.103333333333,0.166780487805,-0.024113821138,-0.039333333333,-1.531070386370,-2.583333333325,3.335609756098,-1.205691056894,-1.311111111100,23.316783354385,3.335609756098,0
0.700000000000,0.575000000000,0.525000000000,20,12,14400,0.109097222222,0.055208333333,0.506047103756,0.022986111111,0.000000000000,0.998742138365,0.001257861635,0.000000000000,1.000000000000,0.061666666667,0.047430555556,0.053888888889,-0.024702166907,-0.103333333333,0.166742138365,-0.024075471698,-0.039333333333,-1.646811127111,-2.583333333325,3.334842767296,-1.203773584889,-1.311111111100,23.674857471355,3.334842767296,0
0.700000000000,0.575000000000,0.550000000000,20,12,14400,0.109097222222,0.055833333333,0.511775938892,0.026527777778,0.000000000000,0.998756218905,0.001243781095,0.000000000000,1.000000000000,0.060972222222,0.048125000000,0.053263888889,-0.024077166907,-0.103333333333,0.166756218905,-0.024089552238,-0.039333333333,-1.605144460444,-2.583333333325,3.335124378109,-1.204477611924,-1.311111111100,23.542933130699,3.335124378109,0
0.700000000000,0.575000000000,0.575000000000,20,12,14400,0.108680555556,0.056736111111,0.522044728435,0.026666666667,0.000000000000,0.998776009792,0.001223990208,0.000000000000,1.000000000000,0.059722222222,0.048958333333,0.051944444444,-0.023174389129,-0.103333333333,0.166776009792,-0.024109343125,-0.039333333333,-1.544959275259,-2.583333333325,3.335520195838,-1.205467156246,-1.311111111100,23.358368660562,3.335520195838,0
0.700000000000,0.575000000000,0.600000000000,20,12,14400,0.109930555556,0.056041666667,0.509791535060,0.024305555556,0.000000000000,0.998760842627,0.001239157373,0.000000000000,1.000000000000,0.061180555556,0.048750000000,0.053888888889,-0.023868833573,-0.103333333333,0.166760842627,-0.024094175960,-0.039333333333,-1.591255571556,-2.583333333325,3.335216852540,-1.204708798001,-1.311111111100,23.499712492173,3.335216852540,0
0.700000000000,0.575000000000,0.625000000000,20,12,14400,0.110486111111,0.056875000000,0.514770584538,0.026319444444,0.000000000000,0.998778998779,0.001221001221,0.000000000000,1.000000000000,0.061666666667,0.048819444444,0.053611111111,-0.023035500240,-0.103333333333,0.166778998779,-0.024112332112,-0.039333333333,-1.535700016000,-2.583333333325,3.335579975580,-1.205616605600,-1.311111111100,23.330603169049,3.335579975580,0
0.700000000000,0.575000000000,0.650000000000,20,12,14400,0.111111111111,0.056597222222,0.509375000000,0.023958333333,0.000000000000,0.997546012270,0.001226993865,0.001226993865,1.000000000000,0.061875000000,0.049236111111,0.054513888889,-0.023313278018,-0.103333333333,0.165546012270,-0.024106339468,-0.038106339468,-1.554218534519,-2.583333333325,3.310920245399,-1.205316973398,-1.270211315599,23.117625028139,3.310920245399,0
0.700000000000,0.575000000000,0.675000000000,20,12,14400,0.110694444444,0.055902777778,0.505018820577,0.024097222222,0.000000000000,0.995031055901,0.001242236025,0.003726708075,1.000000000000,0.062638888889,0.048055555556,0.054791666667,-0.024007722462,-0.103333333333,0.163031055901,-0.024091097308,-0.035606625258,-1.600514830815,-2.583333333325,3.260621118012,-1.204554865408,-1.186887508616,22.726563291840,3.260621118012,0
0.700000000000,0.575000000000,0.700000000000,20,12,14400,0.111388888889,0.056111111111,0.503740648379,0.024652777778,0.000000000000,0.983910891089,0.001237623762,0.014851485149,1.000000000000,0.062916666667,0.048472222222,0.055277777778,-0.023799389129,-0.103333333333,0.151910891089,-0.024095709571,-0.024481848184,-1.586625941926,-2.583333333325,3.038217821782,-1.204785478531,-0.816061606149,20.539225117566,3.038217821782,0
0.700000000000,0.575000000000,0.725000000000,20,12,14400,0.110069444444,0.056527777778,0.513564668770,0.024583333333,0.001228501229,0.968058968059,0.000000000000,0.030712530713,1.000000000000,0.061180555556,0.048888888889,0.053541666667,-0.023382722462,-0.102104832104,0.136058968059,-0.025333333333,-0.008620802620,-1.558848164148,-2.552620802612,2.721179361179,-1.266666666650,-0.287360087349,18.037717940710,2.721179361179,0
0.700000000000,0.575000000000,0.750000000000,20,12,14400,0.112361111111,0.057986111111,0.516069221261,0.024861111111,0.001197604790,0.899401197605,0.000000000000,0.099401197605,1.000000000000,0.062500000000,0.049861111111,0.054375000000,-0.021924389129,-0.102135728543,0.067401197605,-0.025333333333,0.060067864272,-1.461625941926,-2.553393213565,1.348023952096,-1.266666666650,2.002262142393,16.086834003874,2.553393213565,0
0.700000000000,0.600000000000,0.350000000000,20,12,14400,0.110069444444,0.056250000000,0.511041009464,0.025277777778,0.000000000000,1.000000000000,0.000000000000,0.000000000000,0.000000000000,0.061388888889,0.048680555556,0.053819444444,-0.023660500240,-0.103333333333,0.168000000000,-0.025333333333,-0.039333333333,-1.577366682667,-2.583333333325,3.360000000000,-1.266666666650,-1.311111111100,23.774753552707,3.360000000000,0
0.700000000000,0.600000000000,0.375000000000,20,12,14400,0.109305555556,0.056111111111,0.513341804320,0.025555555556,0.000000000000,1.000000000000,0.000000000000,0.000000000000,0.000000000000,0.060694444444,0.048611111111,0.053194444444,-0.023799389129,-0.103333333333,0.168000000000,-0.025333333333,-0.039333333333,-1.586625941926,-2.583333333325,3.360000000000,-1.266666666650,-1.311111111100,23.804049780712,3.360000000000,0
0.700000000000,0.600000000000,0.400000000000,20,12,14400,0.110208333333,0.056111111111,0.509136735980,0.025555555556,0.000000000000,1.000000000000,0.000000000000,0.000000000000,0.000000000000,0.062222222222,0.047986111111,0.054097222222,-0.023799389129,-0.103333333333,0.168000000000,-0.025333333333,-0.039333333333,-1.586625941926,-2.583333333325,3.360000000000,-1.266666666650,-1.311111111100,23.804049780712,3.360000000000,0
0.700000000000,0.600000000000,0.425000000000,20,12,14400,0.111250000000,0.056180555556,0.504993757803,0.024444444444,0.000000000000,1.000000000000,0.000000000000,0.000000000000,0.000000000000,0.062916666667,0.048333333333,0.055069444444,-0.023729944684,-0.103333333333,0.168000000000,-0.025333333333,-0.039333333333,-1.581996312296,-2.583333333325,3.360000000000,-1.266666666650,-1.311111111100,23.789380233239,3.360000000000,0
0.700000000000,0.600000000000,0.450000000000,20,12,14400,0.109652777778,0.056111111111,0.511716276124,0.024930555556,0.000000000000,1.000000000000,0.000000000000,0.000000000000,0.000000000000,0.061111111111,0.048541666667,0.053541666667,-0.023799389129,-0.103333333333,0.168000000000,-0.025333333333,-0.039333333333,-1.586625941926,-2.583333333325,3.360000000000,-1.266666666650,-1.311111111100,23.804049780712,3.360000000000,0
0.700000000000,0.600000000000,0.475000000000,20,12,14400,0.110138888889,0.056180555556,0.510088272383,0.024236111111,0.000000000000,1.000000000000,0.000000000000,0.000000000000,0.000000000000,0.061597222222,0.048541666667,0.053958333333,-0.023729944684,-0.103333333333,0.168000000000,-0.025333333333,-0.039333333333,-1.581996312296,-2.583333333325,3.360000000000,-1.266666666650,-1.311111111100,23.789380233239,3.360000000000,0
0.700000000000,0.600000000000,0.500000000000,20,12,14400,0.109513888889,0.056111111111,0.512365250476,0.025000000000,0.000000000000,1.000000000000,0.000000000000,0.000000000000,0.000000000000,0.061111111111,0.048402777778,0.053402777778,-0.023799389129,-0.103333333333,0.168000000000,-0.025333333333,-0.039333333333,-1.586625941926,-2.583333333325,3.360000000000,-1.266666666650,-1.311111111100,23.804049780713,3.360000000000,0
0.700000000000,0.600000000000,0.525000000000,20,12,14400,0.110347222222,0.056458333333,0.511642542480,0.024652777778,0.000000000000,1.000000000000,0.000000000000,0.000000000000,0.000000000000,0.061666666667,0.048680555556,0.053888888889,-0.023452166907,-0.103333333333,0.168000000000,-0.025333333333,-0.039333333333,-1.563477793778,-2.583333333325,3.360000000000,-1.266666666650,-1.311111111100,23.731130712756,3.360000000000,0
0.700000000000,0.600000000000,0.550000000000,20,12,14400,0.111805555556,0.057152777778,0.511180124224,0.026041666667,0.000000000000,1.000000000000,0.000000000000,0.000000000000,0.000000000000,0.062430555556,0.049375000000,0.054652777778,-0.022757722462,-0.103333333333,0.168000000000,-0.025333333333,-0.039333333333,-1.517181497481,-2.583333333325,3.360000000000,-1.266666666650,-1.311111111100,23.588507597420,3.360000000000,0
0.700000000000,0.600000000000,0.575000000000,20,12,14400,0.109583333333,0.056388888889,0.514575411914,0.024861111111,0.000000000000,1.000000000000,0.000000000000,0.000000000000,0.000000000000,0.061180555556,0.048402777778,0.053194444444,-0.023521611351,-0.103333333333,0.168000000000,-0.025333333333,-0.039333333333,-1.568107423407,-2.583333333325,3.360000000000,-1.266666666650,-1.311111111100,23.745628792466,3.360000000000,0
0.700000000000,0.600000000000,0.600000000000,20,12,14400,0.109583333333,0.055972222222,0.510773130545,0.024583333333,0.000000000000,1.000000000000,0.000000000000,0.000000000000,0.000000000000,0.060833333333,0.048750000000,0.053611111111,-0.023938278018,-0.103333333333,0.168000000000,-0.025333333333,-0.039333333333,-1.595885201185,-2.583333333325,3.360000000000,-1.266666666650,-1.311111111100,23.833517476482,3.360000000000,0
0.700000000000,0.600000000000,0.625000000000,20,12,14400,0.110000000000,0.056458333333,0.513257575758,0.025555555556,0.000000000000,1.000000000000,0.000000000000,0.000000000000,0.000000000000,0.061319444444,0.048680555556,0.053541666667,-0.023452166907,-0.103333333333,0.168000000000,-0.025333333333,-0.039333333333,-1.563477793778,-2.583333333325,3.360000000000,-1.266666666650,-1.311111111100,23.731130712756,3.360000000000,0
0.700000000000,0.600000000000,0.650000000000,20,12,14400,0.109861111111,0.056597222222,0.515170670038,0.024791666667,0.000000000000,0.998773006135,0.000000000000,0.001226993865,0.000000000000,0.061250000000,0.048611111111,0.053263888889,-0.023313278018,-0.103333333333,0.166773006135,-0.025333333333,-0.038106339468,-1.554218534519,-2.583333333325,3.335460122699,-1.266666666650,-1.270211315599,23.432381824905,3.335460122699,0
0.700000000000,0.600000000000,0.675000000000,20,12,14400,0.109236111111,0.055833333333,0.511125238398,0.024513888889,0.000000000000,0.995024875622,0.000000000000,0.004975124378,0.000000000000,0.061111111111,0.048125000000,0.053402777778,-0.024077166907,-0.103333333333,0.163024875622,-0.025333333333,-0.034358208955,-1.605144460444,-2.583333333325,3.260497512438,-1.266666666650,-1.145273631830,22.797040014743,3.260497512438,0
0.700000000000,0.600000000000,0.700000000000,20,12,14400,0.110833333333,0.056805555556,0.512531328321,0.026319444444,0.000000000000,0.984107579462,0.000000000000,0.015892420538,0.000000000000,0.061805555556,0.049027777778,0.054027777778,-0.023104944684,-0.103333333333,0.152107579462,-0.025333333333,-0.023440912795,-1.540329645630,-2.583333333325,3.042151589242,-1.266666666650,-0.781363759837,20.515886589790,3.042151589242,0
0.700000000000,0.600000000000,0.725000000000,20,12,14400,0.110138888889,0.057569444444,0.522698612863,0.025208333333,0.000000000000,0.961399276236,0.000000000000,0.038600723764,0.000000000000,0.060416666667,0.049722222222,0.052569444444,-0.022341055796,-0.103333333333,0.129399276236,-0.025333333333,-0.000732609569,-1.489403719704,-2.583333333325,2.587985524729,-1.266666666650,-0.024420318981,17.194644423921,2.587985524729,0
0.700000000000,0.600000000000,0.750000000000,20,12,14400,0.108819444444,0.055763888889,0.512444160817,0.024097222222,0.000000000000,0.907845579078,0.000000000000,0.092154420922,0.000000000000,0.060902777778,0.047916666667,0.053055555556,-0.024146611351,-0.103333333333,0.075845579078,-0.025333333333,0.052821087589,-1.609774090074,-2.583333333325,1.516911581569,-1.266666666650,1.760702919618,16.270523693995,2.583333333325,0
0.700000000000,0.625000000000,0.350000000000,20,12,14400,0.110694444444,0.056180555556,0.507528230866,0.025000000000,0.000000000000,1.000000000000,0.000000000000,0.000000000000,0.000000000000,0.061875000000,0.048819444444,0.054513888889,-0.023729944684,-0.103333333333,0.168000000000,-0.025333333333,-0.039333333333,-1.581996312296,-2.583333333325,3.360000000000,-1.266666666650,-1.311111111100,23.789380233239,3.360000000000,0
0.700000000000,0.625000000000,0.375000000000,20,12,14400,0.108680555556,0.055763888889,0.513099041534,0.023958333333,0.000000000000,1.000000000000,0.000000000000,0.000000000000,0.000000000000,0.060694444444,0.047986111111,0.052916666667,-0.024146611351,-0.103333333333,0.168000000000,-0.025333333333,-0.039333333333,-1.609774090074,-2.583333333325,3.360000000000,-1.266666666650,-1.311111111100,23.878040522194,3.360000000000,0
0.700000000000,0.625000000000,0.400000000000,20,12,14400,0.109583333333,0.057500000000,0.524714828897,0.024791666667,0.000000000000,1.000000000000,0.000000000000,0.000000000000,0.000000000000,0.060069444444,0.049513888889,0.052083333333,-0.022410500240,-0.103333333333,0.168000000000,-0.025333333333,-0.039333333333,-1.494033349333,-2.583333333325,3.360000000000,-1.266666666650,-1.311111111100,23.518803550040,3.360000000000,0
0.700000000000,0.625000000000,0.425000000000,20,12,14400,0.110555555556,0.057013888889,0.515703517588,0.023888888889,0.000000000000,1.000000000000,0.000000000000,0.000000000000,0.000000000000,0.061458333333,0.049097222222,0.053541666667,-0.022896611351,-0.103333333333,0.168000000000,-0.025333333333,-0.039333333333,-1.526440756741,-2.583333333325,3.360000000000,-1.266666666650,-1.311111111100,23.616689284959,3.360000000000,0
0.700000000000,0.625000000000,0.450000000000,20,12,14400,0.109513888889,0.056041666667,0.511731135067,0.025277777778,0.000000000000,1.000000000000,0.000000000000,0.000000000000,0.000000000000,0.060694444444,0.048819444444,0.053472222222,-0.023868833573,-0.103333333333,0.168000000000,-0.025333333333,-0.039333333333,-1.591255571556,-2.583333333325,3.360000000000,-1.266666666650,-1.311111111100,23.818762195127,3.360000000000,0
0.700000000000,0.625000000000,0.475000000000,20,12,14400,0.109930555556,0.056875000000,0.517372078332,0.024513888889,0.000000000000,1.000000000000,0.000000000000,0.000000000000,0.000000000000,0.061111111111,0.048819444444,0.053055555556,-0.023035500240,-0.103333333333,0.168000000000,-0.025333333333,-0.039333333333,-1.535700016000,-2.583333333325,3.360000000000,-1.266666666650,-1.311111111100,23.645042440263,3.360000000000,0
0.700000000000,0.625000000000,0.500000000000,20,12,14400,0.110208333333,0.056527777778,0.512917454316,0.024097222222,0.000000000000,1.000000000000,0.000000000000,0.000000000000,0.000000000000,0.061597222222,0.048611111111,0.053680555556,-0.023382722462,-0.103333333333,0.168000000000,-0.025333333333,-0.039333333333,-1.558848164148,-2.583333333325,3.360000000000,-1.266666666650,-1.311111111100,23.716675499988,3.360000000000,0
0.700000000000,0.625000000000,0.525000000000,20,12,14400,0.110902777778,0.056597222222,0.510331872260,0.024236111111,0.000000000000,1.000000000000,0.000000000000,0.000000000000,0.000000000000,0.062569444444,0.048333333333,0.054305555556,-0.023313278018,-0.103333333333,0.168000000000,-0.025333333333,-0.039333333333,-1.554218534519,-2.583333333325,3.360000000000,-1.266666666650,-1.311111111100,23.702263154161,3.360000000000,0
0.700000000000,0.625000000000,0.550000000000,20,12,14400,0.110347222222,0.056805555556,0.514789175582,0.025972222222,0.000000000000,1.000000000000,0.000000000000,0.000000000000,0.000000000000,0.061388888889,0.048958333333,0.053541666667,-0.023104944684,-0.103333333333,0.168000000000,-0.025333333333,-0.039333333333,-1.540329645630,-2.583333333325,3.360000000000,-1.266666666650,-1.311111111100,23.659283318326,3.360000000000,0
0.700000000000,0.625000000000,0.575000000000,20,12,14400,0.109930555556,0.055972222222,0.509159823121,0.025138888889,0.000000000000,1.000000000000,0.000000000000,0.000000000000,0.000000000000,0.061180555556,0.048750000000,0.053958333333,-0.023938278018,-0.103333333333,0.168000000000,-0.025333333333,-0.039333333333,-1.595885201185,-2.583333333325,3.360000000000,-1.266666666650,-1.311111111100,23.833517476482,3.360000000000,0
0.700000000000,0.625000000000,0.600000000000,20,12,14400,0.111041666667,0.056527777778,0.509068167605,0.024930555556,0.000000000000,1.000000000000,0.000000000000,0.000000000000,0.000000000000,0.062430555556,0.048611111111,0.054513888889,-0.023382722462,-0.103333333333,0.168000000000,-0.025333333333,-0.039333333333,-1.558848164148,-2.583333333325,3.360000000000,-1.266666666650,-1.311111111100,23.716675499988,3.360000000000,0
0.700000000000,0.625000000000,0.625000000000,20,12,14400,0.109861111111,0.056180555556,0.511378002528,0.025555555556,0.000000000000,1.000000000000,0.000000000000,0.000000000000,0.000000000000,0.061319444444,0.048541666667,0.053680555556,-0.023729944684,-0.103333333333,0.168000000000,-0.025333333333,-0.039333333333,-1.581996312296,-2.583333333325,3.360000000000,-1.266666666650,-1.311111111100,23.789380233239,3.360000000000,0
0.700000000000,0.625000000000,0.650000000000,20,12,14400,0.110208333333,0.056666666667,0.514177693762,0.025277777778,0.000000000000,0.997549019608,0.000000000000,0.002450980392,0.000000000000,0.061527777778,0.048680555556,0.053541666667,-0.023243833573,-0.103333333333,0.165549019608,-0.025333333333,-0.036882352941,-1.549588904889,-2.583333333325,3.310980392157,-1.266666666650,-1.229411764695,23.153325774042,3.310980392157,0
0.700000000000,0.625000000000,0.675000000000,20,12,14400,0.109722222222,0.056111111111,0.511392405063,0.024375000000,0.000000000000,0.996287128713,0.000000000000,0.003712871287,0.000000000000,0.061597222222,0.048125000000,0.053611111111,-0.023799389129,-0.103333333333,0.164287128713,-0.025333333333,-0.035620462046,-1.586625941926,-2.583333333325,3.285742574257,-1.266666666650,-1.187348734862,23.001338717530,3.285742574257,0
0.700000000000,0.625000000000,0.700000000000,20,12,14400,0.112986111111,0.057083333333,0.505224339275,0.023888888889,0.000000000000,0.984184914842,0.000000000000,0.015815085158,0.000000000000,0.063750000000,0.049236111111,0.055902777778,-0.022827166907,-0.103333333333,0.152184914842,-0.025333333333,-0.023518248175,-1.521811127111,-2.583333333325,3.043698296837,-1.266666666650,-0.783941605828,20.472628425586,3.043698296837,0
0.700000000000,0.625000000000,0.725000000000,20,12,14400,0.107708333333,0.055555555556,0.515796260477,0.025416666667,0.000000000000,0.963750000000,0.000000000000,0.036250000000,0.000000000000,0.059791666667,0.047916666667,0.052152777778,-0.024354944684,-0.103333333333,0.131750000000,-0.025333333333,-0.003083333333,-1.623662978963,-2.583333333325,2.635000000000,-1.266666666650,-0.102777777767,17.868125296328,2.635000000000,0
0.700000000000,0.625000000000,0.750000000000,20,12,14400,0.111944444444,0.056875000000,0.508064516129,0.024166666667,0.000000000000,0.899877899878,0.000000000000,0.100122100122,0.000000000000,0.062916666667,0.049027777778,0.055069444444,-0.023035500240,-0.103333333333,0.067877899878,-0.025333333333,0.060788766789,-1.535700016000,-2.583333333325,1.357557997558,-1.266666666650,2.026292226303,16.585253997724,2.583333333325,0
0.700000000000,0.650000000000,0.350000000000,20,12,14400,0.109583333333,0.055416666667,0.505703422053,0.024097222222,0.000000000000,1.000000000000,0.000000000000,0.000000000000,0.000000000000,0.062222222222,0.047361111111,0.054166666667,-0.024493833573,-0.103333333333,0.168000000000,-0.025333333333,-0.039333333333,-1.632922238222,-2.583333333325,3.360000000000,-1.266666666650,-1.311111111100,23.953102937201,3.360000000000,0
0.700000000000,0.650000000000,0.375000000000,20,12,14400,0.110902777778,0.057291666667,0.516593613024,0.025416666667,0.000000000000,1.000000000000,0.000000000000,0.000000000000,0.000000000000,0.061597222222,0.049305555556,0.053611111111,-0.022618833573,-0.103333333333,0.168000000000,-0.025333333333,-0.039333333333,-1.507922238222,-2.583333333325,3.360000000000,-1.266666666650,-1.311111111100,23.560497377645,3.360000000000,0
0.700000000000,0.650000000000,0.400000000000,20,12,14400,0.109513888889,0.055833333333,0.509828788840,0.024236111111,0.000000000000,1.000000000000,0.000000000000,0.000000000000,0.000000000000,0.061111111111,0.048402777778,0.053680555556,-0.024077166907,-0.103333333333,0.168000000000,-0.025333333333,-0.039333333333,-1.605144460444,-2.583333333325,3.360000000000,-1.266666666650,-1.311111111100,23.863156640016,3.360000000000,0
0.700000000000,0.650000000000,0.425000000000,20,12,14400,0.110902777778,0.056111111111,0.505948653726,0.024583333333,0.000000000000,1.000000000000,0.000000000000,0.000000000000,0.000000000000,0.062500000000,0.048402777778,0.054791666667,-0.023799389129,-0.103333333333,0.168000000000,-0.025333333333,-0.039333333333,-1.586625941926,-2.583333333325,3.360000000000,-1.266666666650,-1.311111111100,23.804049780712,3.360000000000,0
0.700000000000,0.650000000000,0.450000000000,20,12,14400,0.111250000000,0.057430555556,0.516229712859,0.025625000000,0.000000000000,1.000000000000,0.000000000000,0.000000000000,0.000000000000,0.061388888889,0.049861111111,0.053819444444,-0.022479944684,-0.103333333333,0.168000000000,-0.025333333333,-0.039333333333,-1.498662978963,-2.583333333325,3.360000000000,-1.266666666650,-1.311111111100,23.532658625634,3.360000000000,0
0.700000000000,0.650000000000,0.475000000000,20,12,14400,0.110625000000,0.057083333333,0.516007532957,0.025416666667,0.000000000000,1.000000000000,0.000000000000,0.000000000000,0.000000000000,0.061736111111,0.048888888889,0.053541666667,-0.022827166907,-0.103333333333,0.168000000000,-0.025333333333,-0.039333333333,-1.521811127111,-2.583333333325,3.360000000000,-1.266666666650,-1.311111111100,23.602577007719,3.360000000000,0
0.700000000000,0.650000000000,0.500000000000,20,12,14400,0.110763888889,0.056527777778,0.510344827586,0.024722222222,0.000000000000,1.000000000000,0.000000000000,0.000000000000,0.000000000000,0.061388888889,0.049375000000,0.054236111111,-0.023382722462,-0.103333333333,0.168000000000,-0.025333333333,-0.039333333333,-1.558848164148,-2.583333333325,3.360000000000,-1.266666666650,-1.311111111100,23.716675499988,3.360000000000,0
0.700000000000,0.650000000000,0.525000000000,20,12,14400,0.110208333333,0.056597222222,0.513547574039,0.025625000000,0.000000000000,1.000000000000,0.000000000000,0.000000000000,0.000000000000,0.061527777778,0.048680555556,0.053611111111,-0.023313278018,-0.103333333333,0.168000000000,-0.025333333333,-0.039333333333,-1.554218534519,-2.583333333325,3.360000000000,-1.266666666650,-1.311111111100,23.702263154161,3.360000000000,0
0.700000000000,0.650000000000,0.550000000000,20,12,14400,0.111319444444,0.056527777778,0.507797878977,0.024375000000,0.000000000000,1.000000000000,0.000000000000,0.000000000000,0.000000000000,0.063055555556,0.048263888889,0.054791666667,-0.023382722462,-0.103333333333,0.168000000000,-0.025333333333,-0.039333333333,-1.558848164148,-2.583333333325,3.360000000000,-1.266666666650,-1.311111111100,23.716675499988,3.360000000000,0
0.700000000000,0.650000000000,0.575000000000,20,12,14400,0.110138888889,0.056180555556,0.510088272383,0.023888888889,0.000000000000,1.000000000000,0.000000000000,0.000000000000,0.000000000000,0.062361111111,0.047777777778,0.053958333333,-0.023729944684,-0.103333333333,0.168000000000,-0.025333333333,-0.039333333333,-1.581996312296,-2.583333333325,3.360000000000,-1.266666666650,-1.311111111100,23.789380233239,3.360000000000,0
0.700000000000,0.650000000000,0.600000000000,20,12,14400,0.110694444444,0.056041666667,0.506273525721,0.024236111111,0.000000000000,1.000000000000,0.000000000000,0.000000000000,0.000000000000,0.062777777778,0.047916666667,0.054652777778,-0.023868833573,-0.103333333333,0.168000000000,-0.025333333333,-0.039333333333,-1.591255571556,-2.583333333325,3.360000000000,-1.266666666650,-1.311111111100,23.818762195127,3.360000000000,0
0.700000000000,0.650000000000,0.625000000000,20,12,14400,0.109375000000,0.055625000000,0.508571428571,0.024027777778,0.000000000000,1.000000000000,0.000000000000,0.000000000000,0.000000000000,0.061458333333,0.047916666667,0.053750000000,-0.024285500240,-0.103333333333,0.168000000000,-0.025333333333,-0.039333333333,-1.619033349333,-2.583333333325,3.360000000000,-1.266666666650,-1.311111111100,23.907936887374,3.360000000000,0
0.700000000000,0.650000000000,0.650000000000,20,12,14400,0.111736111111,0.056736111111,0.507768800497,0.023888888889,0.000000000000,0.998776009792,0.000000000000,0.001223990208,0.000000000000,0.062777777778,0.048958333333,0.055000000000,-0.023174389129,-0.103333333333,0.166776009792,-0.025333333333,-0.038109343125,-1.544959275259,-2.583333333325,3.335520195838,-1.266666666650,-1.270311437497,23.404340842763,3.335520195838,0
0.700000000000,0.650000000000,0.675000000000,20,12,14400,0.110486111111,0.056875000000,0.514770584538,0.025555555556,0.000000000000,0.997557997558,0.000000000000,0.002442002442,0.000000000000,0.061597222222,0.048888888889,0.053611111111,-0.023035500240,-0.103333333333,0.165557997558,-0.025333333333,-0.036891330891,-1.535700016000,-2.583333333325,3.311159951160,-1.266666666650,-1.229711029700,23.112399533344,3.311159951160,0
0.700000000000,0.650000000000,0.700000000000,20,12,14400,0.111805555556,0.057430555556,0.513664596273,0.024583333333,0.000000000000,0.985489721886,0.000000000000,0.014510278114,0.000000000000,0.062569444444,0.049236111111,0.054375000000,-0.022479944684,-0.103333333333,0.153489721886,-0.025333333333,-0.024823055219,-1.498662978963,-2.583333333325,3.069794437727,-1.266666666650,-0.827435173978,20.632333137018,3.069794437727,0
0.700000000000,0.650000000000,0.725000000000,20,12,14400,0.109930555556,0.056041666667,0.509791535060,0.024652777778,0.000000000000,0.962825278810,0.000000000000,0.037174721190,0.000000000000,0.061736111111,0.048194444444,0.053888888889,-0.023868833573,-0.103333333333,0.130825278810,-0.025333333333,-0.002158612143,-1.591255571556,-2.583333333325,2.616505576208,-1.266666666650,-0.071953738114,17.661428620234,2.616505576208,0
0.700000000000,0.650000000000,0.750000000000,20,12,14400,0.109722222222,0.056388888889,0.513924050633,0.023472222222,0.000000000000,0.899014778325,0.000000000000,0.100985221675,0.000000000000,0.061111111111,0.048611111111,0.053333333333,-0.023521611351,-0.103333333333,0.067014778325,-0.025333333333,0.061651888342,-1.568107423407,-2.583333333325,1.340295566502,-1.266666666650,2.055062944729,16.756692359201,2.583333333325,0
0.700000000000,0.675000000000,0.350000000000,20,12,14400,0.110972222222,0.057222222222,0.515644555695,0.024513888889,0.000000000000,1.000000000000,0.000000000000,0.000000000000,0.000000000000,0.061805555556,0.049166666667,0.053750000000,-0.022688278018,-0.103333333333,0.168000000000,-0.025333333333,-0.039333333333,-1.512551867852,-2.583333333325,3.360000000000,-1.266666666650,-1.311111111100,23.574481054062,3.360000000000,0
0.700000000000,0.675000000000,0.375000000000,20,12,14400,0.111944444444,0.057222222222,0.511166253102,0.022916666667,0.000000000000,1.000000000000,0.000000000000,0.000000000000,0.000000000000,0.062500000000,0.049444444444,0.054722222222,-0.022688278018,-0.103333333333,0.168000000000,-0.025333333333,-0.039333333333,-1.512551867852,-2.583333333325,3.360000000000,-1.266666666650,-1.311111111100,23.574481054062,3.360000000000,0
0.700000000000,0.675000000000,0.400000000000,20,12,14400,0.108472222222,0.056111111111,0.517285531370,0.023888888889,0.000000000000,1.000000000000,0.000000000000,0.000000000000,0.000000000000,0.059652777778,0.048819444444,0.052361111111,-0.023799389129,-0.103333333333,0.168000000000,-0.025333333333,-0.039333333333,-1.586625941926,-2.583333333325,3.360000000000,-1.266666666650,-1.311111111100,23.804049780712,3.360000000000,0
0.700000000000,0.675000000000,0.425000000000,20,12,14400,0.108750000000,0.055763888889,0.512771392082,0.024236111111,0.000000000000,1.000000000000,0.000000000000,0.000000000000,0.000000000000,0.060694444444,0.048055555556,0.052986111111,-0.024146611351,-0.103333333333,0.168000000000,-0.025333333333,-0.039333333333,-1.609774090074,-2.583333333325,3.360000000000,-1.266666666650,-1.311111111100,23.878040522194,3.360000000000,0
0.700000000000,0.675000000000,0.450000000000,20,12,14400,0.112013888889,0.057638888889,0.514569125852,0.024791666667,0.000000000000,1.000000000000,0.000000000000,0.000000000000,0.000000000000,0.062361111111,0.049652777778,0.054375000000,-0.022271611351,-0.103333333333,0.168000000000,-0.025333333333,-0.039333333333,-1.484774090074,-2.583333333325,3.360000000000,-1.266666666650,-1.311111111100,23.491221999675,3.360000000000,0
0.700000000000,0.675000000000,0.475000000000,20,12,14400,0.111319444444,0.056111111111,0.504054897068,0.025138888889,0.000000000000,1.000000000000,0.000000000000,0.000000000000,0.000000000000,0.062916666667,0.048402777778,0.055208333333,-0.023799389129,-0.103333333333,0.168000000000,-0.025333333333,-0.039333333333,-1.586625941926,-2.583333333325,3.360000000000,-1.266666666650,-1.311111111100,23.804049780712,3.360000000000,0
0.700000000000,0.675000000000,0.500000000000,20,12,14400,0.110833333333,0.056875000000,0.513157894737,0.023472222222,0.000000000000,1.000000000000,0.000000000000,0.000000000000,0.000000000000,0.062083333333,0.048750000000,0.053958333333,-0.023035500240,-0.103333333333,0.168000000000,-0.025333333333,-0.039333333333,-1.535700016000,-2.583333333325,3.360000000000,-1.266666666650,-1.311111111100,23.645042440263,3.360000000000,0
0.700000000000,0.675000000000,0.525000000000,20,12,14400,0.110000000000,0.056458333333,0.513257575758,0.024166666667,0.000000000000,1.000000000000,0.000000000000,0.000000000000,0.000000000000,0.061319444444,0.048680555556,0.053541666667,-0.023452166907,-0.103333333333,0.168000000000,-0.025333333333,-0.039333333333,-1.563477793778,-2.583333333325,3.360000000000,-1.266666666650,-1.311111111100,23.731130712756,3.360000000000,0
0.700000000000,0.675000000000,0.550000000000,20,12,14400,0.111319444444,0.056875000000,0.510917030568,0.025000000000,0.000000000000,1.000000000000,0.000000000000,0.000000000000,0.000000000000,0.062430555556,0.048888888889,0.054444444444,-0.023035500240,-0.103333333333,0.168000000000,-0.025333333333,-0.039333333333,-1.535700016000,-2.583333333325,3.360000000000,-1.266666666650,-1.311111111100,23.645042440263,3.360000000000,0
0.700000000000,0.675000000000,0.575000000000,20,12,14400,0.110972222222,0.056388888889,0.508135168961,0.024583333333,0.000000000000,1.000000000000,0.000000000000,0.000000000000,0.000000000000,0.062291666667,0.048680555556,0.054583333333,-0.023521611351,-0.103333333333,0.168000000000,-0.025333333333,-0.039333333333,-1.568107423407,-2.583333333325,3.360000000000,-1.266666666650,-1.311111111100,23.745628792466,3.360000000000,0
0.700000000000,0.675000000000,0.600000000000,20,12,14400,0.108611111111,0.056180555556,0.517263427110,0.026250000000,0.000000000000,1.000000000000,0.000000000000,0.000000000000,0.000000000000,0.059861111111,0.048750000000,0.052430555556,-0.023729944684,-0.103333333333,0.168000000000,-0.025333333333,-0.039333333333,-1.581996312296,-2.583333333325,3.360000000000,-1.266666666650,-1.311111111100,23.789380233239,3.360000000000,0
0.700000000000,0.675000000000,0.625000000000,20,12,14400,0.108472222222,0.054791666667,0.505121638924,0.024583333333,0.000000000000,1.000000000000,0.000000000000,0.000000000000,0.000000000000,0.061388888889,0.047083333333,0.053680555556,-0.025118833573,-0.103333333333,0.168000000000,-0.025333333333,-0.039333333333,-1.674588904889,-2.583333333325,3.360000000000,-1.266666666650,-1.311111111100,24.090915901497,3.360000000000,0
0.700000000000,0.675000000000,0.650000000000,20,12,14400,0.109236111111,0.055763888889,0.510489510490,0.025902777778,0.000000000000,0.997509339975,0.000000000000,0.002490660025,0.000000000000,0.061111111111,0.048125000000,0.053472222222,-0.024146611351,-0.103333333333,0.165509339975,-0.025333333333,-0.036842673308,-1.609774090074,-2.583333333325,3.310186799502,-1.266666666650,-1.228089110270,23.334967686904,3.310186799502,0
0.700000000000,0.675000000000,0.675000000000,20,12,14400,0.110347222222,0.056180555556,0.509125235997,0.024444444444,0.000000000000,0.997527812114,0.000000000000,0.002472187886,0.000000000000,0.061875000000,0.048472222222,0.054166666667,-0.023729944684,-0.103333333333,0.165527812114,-0.025333333333,-0.036861145447,-1.581996312296,-2.583333333325,3.310556242274,-1.266666666650,-1.228704848224,23.250266124901,3.310556242274,0
0.700000000000,0.675000000000,0.700000000000,20,12,14400,0.110208333333,0.055902777778,0.507246376812,0.024444444444,0.000000000000,0.985093167702,0.000000000000,0.014906832298,0.000000000000,0.061944444444,0.048263888889,0.054305555556,-0.024007722462,-0.103333333333,0.153093167702,-0.025333333333,-0.024426501035,-1.600514830815,-2.583333333325,3.061863354037,-1.266666666650,-0.814216701162,20.877659314376,3.061863354037,0
0.700000000000,0.675000000000,0.725000000000,20,12,14400,0.108680555556,0.055277777778,0.508626198083,0.024861111111,0.000000000000,0.962311557789,0.000000000000,0.037688442211,0.000000000000,0.061319444444,0.047361111111,0.053402777778,-0.024632722462,-0.103333333333,0.130311557789,-0.025333333333,-0.001644891122,-1.642181497481,-2.583333333325,2.606231155779,-1.266666666650,-0.054829704065,17.770262759941,2.606231155779,0
0.700000000000,0.675000000000,0.750000000000,20,12,14400,0.108194444444,0.055763888889,0.515404364570,0.025000000000,0.000000000000,0.902864259029,0.000000000000,0.097135740971,0.000000000000,0.059513888889,0.048680555556,0.052430555556,-0.024146611351,-0.103333333333,0.070864259029,-0.025333333333,0.057802407638,-1.609774090074,-2.583333333325,1.417285180573,-1.266666666650,1.926746921279,16.590479158273,2.583333333325,0
0.700000000000,0.700000000000,0.350000000000,20,12,14400,0.112222222222,0.057013888889,0.508044554455,0.024236111111,0.000000000000,1.000000000000,0.000000000000,0.000000000000,0.000000000000,0.062916666667,0.049305555556,0.055208333333,-0.022896611351,-0.103333333333,0.168000000000,-0.025333333333,-0.039333333333,-1.526440756741,-2.583333333325,3.360000000000,-1.266666666650,-1.311111111100,23.616689284959,3.360000000000,0
0.700000000000,0.700000000000,0.375000000000,20,12,14400,0.109791666667,0.055972222222,0.509803921569,0.024166666667,0.000000000000,1.000000000000,0.000000000000,0.000000000000,0.000000000000,0.061527777778,0.048263888889,0.053819444444,-0.023938278018,-0.103333333333,0.168000000000,-0.025333333333,-0.039333333333,-1.595885201185,-2.583333333325,3.360000000000,-1.266666666650,-1.311111111100,23.833517476482,3.360000000000,0
0.700000000000,0.700000000000,0.400000000000,20,12,14400,0.109375000000,0.056180555556,0.513650793651,0.025277777778,0.000000000000,1.000000000000,0.000000000000,0.000000000000,0.000000000000,0.061041666667,0.048333333333,0.053194444444,-0.023729944684,-0.103333333333,0.168000000000,-0.025333333333,-0.039333333333,-1.581996312296,-2.583333333325,3.360000000000,-1.266666666650,-1.311111111100,23.789380233239,3.360000000000,0
0.700000000000,0.700000000000,0.425000000000,20,12,14400,0.109027777778,0.055694444444,0.510828025478,0.026527777778,0.000000000000,1.000000000000,0.000000000000,0.000000000000,0.000000000000,0.060833333333,0.048194444444,0.053333333333,-0.024216055796,-0.103333333333,0.168000000000,-0.025333333333,-0.039333333333,-1.614403719704,-2.583333333325,3.360000000000,-1.266666666650,-1.311111111100,23.892967271313,3.360000000000,0
0.700000000000,0.700000000000,0.450000000000,20,12,14400,0.108750000000,0.055486111111,0.510217113665,0.023888888889,0.000000000000,1.000000000000,0.000000000000,0.000000000000,0.000000000000,0.060555555556,0.048194444444,0.053263888889,-0.024424389129,-0.103333333333,0.168000000000,-0.025333333333,-0.039333333333,-1.628292608593,-2.583333333325,3.360000000000,-1.266666666650,-1.311111111100,23.938004720317,3.360000000000,0
0.700000000000,0.700000000000,0.475000000000,20,12,14400,0.110555555556,0.056041666667,0.506909547739,0.025486111111,0.000000000000,1.000000000000,0.000000000000,0.000000000000,0.000000000000,0.061944444444,0.048611111111,0.054513888889,-0.023868833573,-0.103333333333,0.168000000000,-0.025333333333,-0.039333333333,-1.591255571556,-2.583333333325,3.360000000000,-1.266666666650,-1.311111111100,23.818762195127,3.360000000000,0
0.700000000000,0.700000000000,0.500000000000,20,12,14400,0.108541666667,0.055625000000,0.512476007678,0.022986111111,0.000000000000,1.000000000000,0.000000000000,0.000000000000,0.000000000000,0.060347222222,0.048194444444,0.052916666667,-0.024285500240,-0.103333333333,0.168000000000,-0.025333333333,-0.039333333333,-1.619033349333,-2.583333333325,3.360000000000,-1.266666666650,-1.311111111100,23.907936887374,3.360000000000,0
0.700000000000,0.700000000000,0.525000000000,20,12,14400,0.109583333333,0.056736111111,0.517743979721,0.024305555556,0.000000000000,1.000000000000,0.000000000000,0.000000000000,0.000000000000,0.060763888889,0.048819444444,0.052847222222,-0.023174389129,-0.103333333333,0.168000000000,-0.025333333333,-0.039333333333,-1.544959275259,-2.583333333325,3.360000000000,-1.266666666650,-1.311111111100,23.673567063330,3.360000000000,0
0.700000000000,0.700000000000,0.550000000000,20,12,14400,0.112569444444,0.058125000000,0.516347933374,0.025763888889,0.000000000000,1.000000000000,0.000000000000,0.000000000000,0.000000000000,0.062152777778,0.050416666667,0.054444444444,-0.021785500240,-0.103333333333,0.168000000000,-0.025333333333,-0.039333333333,-1.452366682667,-2.583333333325,3.360000000000,-1.266666666650,-1.311111111100,23.396036882040,3.360000000000,0
0.700000000000,0.700000000000,0.575000000000,20,12,14400,0.111666666667,0.057430555556,0.514303482587,0.026041666667,0.000000000000,1.000000000000,0.000000000000,0.000000000000,0.000000000000,0.062291666667,0.049375000000,0.054236111111,-0.022479944684,-0.103333333333,0.168000000000,-0.025333333333,-0.039333333333,-1.498662978963,-2.583333333325,3.360000000000,-1.266666666650,-1.311111111100,23.532658625634,3.360000000000,0
0.700000000000,0.700000000000,0.600000000000,20,12,14400,0.111805555556,0.056944444444,0.509316770186,0.025277777778,0.000000000000,1.000000000000,0.000000000000,0.000000000000,0.000000000000,0.062708333333,0.049097222222,0.054861111111,-0.022966055796,-0.103333333333,0.168000000000,-0.025333333333,-0.039333333333,-1.531070386370,-2.583333333325,3.360000000000,-1.266666666650,-1.311111111100,23.630844429140,3.360000000000,0
0.700000000000,0.700000000000,0.625000000000,20,12,14400,0.110138888889,0.056180555556,0.510088272383,0.024791666667,0.000000000000,1.000000000000,0.000000000000,0.000000000000,0.000000000000,0.061527777778,0.048611111111,0.053958333333,-0.023729944684,-0.103333333333,0.168000000000,-0.025333333333,-0.039333333333,-1.581996312296,-2.583333333325,3.360000000000,-1.266666666650,-1.311111111100,23.789380233239,3.360000000000,0
0.700000000000,0.700000000000,0.650000000000,20,12,14400,0.111944444444,0.057222222222,0.511166253102,0.024236111111,0.000000000000,0.997572815534,0.000000000000,0.002427184466,0.000000000000,0.062569444444,0.049375000000,0.054722222222,-0.022688278018,-0.103333333333,0.165572815534,-0.025333333333,-0.036906148867,-1.512551867852,-2.583333333325,3.311456310680,-1.266666666650,-1.230204962233,23.045015855054,3.311456310680,0
0.700000000000,0.700000000000,0.675000000000,20,12,14400,0.110138888889,0.056041666667,0.508827238335,0.024166666667,0.000000000000,0.995043370508,0.000000000000,0.004956629492,0.000000000000,0.062152777778,0.047986111111,0.054097222222,-0.023868833573,-0.103333333333,0.163043370508,-0.025333333333,-0.034376703841,-1.591255571556,-2.583333333325,3.260867410161,-1.266666666650,-1.145890128035,22.756470301656,3.260867410161,0
0.700000000000,0.700000000000,0.700000000000,20,12,14400,0.110625000000,0.057222222222,0.517263025738,0.025555555556,0.000000000000,0.985436893204,0.000000000000,0.014563106796,0.000000000000,0.061041666667,0.049583333333,0.053402777778,-0.022688278018,-0.103333333333,0.153436893204,-0.025333333333,-0.024770226537,-1.512551867852,-2.583333333325,3.068737864078,-1.266666666650,-0.825674217896,20.664758700935,3.068737864078,0
0.700000000000,0.700000000000,0.725000000000,20,12,14400,0.106736111111,0.054236111111,0.508132726090,0.024444444444,0.000000000000,0.964148527529,0.000000000000,0.035851472471,0.000000000000,0.060138888889,0.046597222222,0.052500000000,-0.025674389129,-0.103333333333,0.132148527529,-0.025333333333,-0.003481860862,-1.711625941926,-2.583333333325,2.642970550576,-1.266666666650,-0.116062028727,18.206482646269,2.642970550576,0
0.700000000000,0.700000000000,0.750000000000,20,12,14400,0.110138888889,0.055902777778,0.507566204288,0.024583333333,0.000000000000,0.901863354037,0.000000000000,0.098136645963,0.000000000000,0.061944444444,0.048194444444,0.054236111111,-0.024007722462,-0.103333333333,0.069863354037,-0.025333333333,0.058803312630,-1.600514830815,-2.583333333325,1.397267080745,-1.266666666650,1.960110420991,16.634091436541,2.583333333325,0
0.700000000000,0.725000000000,0.350000000000,20,12,14400,0.110208333333,0.056736111111,0.514807813485,0.024305555556,0.000000000000,1.000000000000,0.000000000000,0.000000000000,0.000000000000,0.061736111111,0.048472222222,0.053472222222,-0.023174389129,-0.103333333333,0.168000000000,-0.025333333333,-0.039333333333,-1.544959275259,-2.583333333325,3.360000000000,-1.266666666650,-1.311111111100,23.673567063330,3.360000000000,0
0.700000000000,0.725000000000,0.375000000000,20,12,14400,0.109375000000,0.055972222222,0.511746031746,0.023819444444,0.000000000000,1.000000000000,0.000000000000,0.000000000000,0.000000000000,0.061597222222,0.047777777778,0.053402777778,-0.023938278018,-0.103333333333,0.168000000000,-0.025333333333,-0.039333333333,-1.595885201185,-2.583333333325,3.360000000000,-1.266666666650,-1.311111111100,23.833517476482,3.360000000000,0
0.700000000000,0.725000000000,0.400000000000,20,12,14400,0.111875000000,0.056666666667,0.506517690875,0.022916666667,0.000000000000,1.000000000000,0.000000000000,0.000000000000,0.000000000000,0.063055555556,0.048819444444,0.055208333333,-0.023243833573,-0.103333333333,0.168000000000,-0.025333333333,-0.039333333333,-1.549588904889,-2.583333333325,3.360000000000,-1.266666666650,-1.311111111100,23.687893675275,3.360000000000,0
0.700000000000,0.725000000000,0.425000000000,20,12,14400,0.109722222222,0.056597222222,0.515822784810,0.024861111111,0.000000000000,1.000000000000,0.000000000000,0.000000000000,0.000000000000,0.061041666667,0.048680555556,0.053125000000,-0.023313278018,-0.103333333333,0.168000000000,-0.025333333333,-0.039333333333,-1.554218534519,-2.583333333325,3.360000000000,-1.266666666650,-1.311111111100,23.702263154161,3.360000000000,0
0.700000000000,0.725000000000,0.450000000000,20,12,14400,0.110069444444,0.055833333333,0.507255520505,0.024513888889,0.000000000000,1.000000000000,0.000000000000,0.000000000000,0.000000000000,0.061597222222,0.048472222222,0.054236111111,-0.024077166907,-0.103333333333,0.168000000000,-0.025333333333,-0.039333333333,-1.605144460444,-2.583333333325,3.360000000000,-1.266666666650,-1.311111111100,23.863156640016,3.360000000000,0
0.700000000000,0.725000000000,0.475000000000,20,12,14400,0.111736111111,0.056944444444,0.509633312617,0.023888888889,0.000000000000,1.000000000000,0.000000000000,0.000000000000,0.000000000000,0.062638888889,0.049097222222,0.054791666667,-0.022966055796,-0.103333333333,0.168000000000,-0.025333333333,-0.039333333333,-1.531070386370,-2.583333333325,3.360000000000,-1.266666666650,-1.311111111100,23.630844429140,3.360000000000,0
0.700000000000,0.725000000000,0.500000000000,20,12,14400,0.110555555556,0.056944444444,0.515075376884,0.025069444444,0.000000000000,1.000000000000,0.000000000000,0.000000000000,0.000000000000,0.061250000000,0.049305555556,0.053611111111,-0.022966055796,-0.103333333333,0.168000000000,-0.025333333333,-0.039333333333,-1.531070386370,-2.583333333325,3.360000000000,-1.266666666650,-1.311111111100,23.630844429140,3.360000000000,0
0.700000000000,0.725000000000,0.525000000000,20,12,14400,0.111111111111,0.056527777778,0.508750000000,0.024791666667,0.000000000000,1.000000000000,0.000000000000,0.000000000000,0.000000000000,0.062569444444,0.048541666667,0.054583333333,-0.023382722462,-0.103333333333,0.168000000000,-0.025333333333,-0.039333333333,-1.558848164148,-2.583333333325,3.360000000000,-1.266666666650,-1.311111111100,23.716675499988,3.360000000000,0
0.700000000000,0.725000000000,0.550000000000,20,12,14400,0.108194444444,0.055486111111,0.512836970475,0.025208333333,0.000000000000,1.000000000000,0.000000000000,0.000000000000,0.000000000000,0.060555555556,0.047638888889,0.052708333333,-0.024424389129,-0.103333333333,0.168000000000,-0.025333333333,-0.039333333333,-1.628292608593,-2.583333333325,3.360000000000,-1.266666666650,-1.311111111100,23.938004720317,3.360000000000,0
0.700000000000,0.725000000000,0.575000000000,20,12,14400,0.109652777778,0.055902777778,0.509816339455,0.025277777778,0.000000000000,1.000000000000,0.000000000000,0.000000000000,0.000000000000,0.061388888889,0.048263888889,0.053750000000,-0.024007722462,-0.103333333333,0.168000000000,-0.025333333333,-0.039333333333,-1.600514830815,-2.583333333325,3.360000000000,-1.266666666650,-1.311111111100,23.848315624778,3.360000000000,0
0.700000000000,0.725000000000,0.600000000000,20,12,14400,0.107500000000,0.054166666667,0.503875968992,0.024791666667,0.000000000000,1.000000000000,0.000000000000,0.000000000000,0.000000000000,0.060625000000,0.046875000000,0.053333333333,-0.025743833573,-0.103333333333,0.168000000000,-0.025333333333,-0.039333333333,-1.716255571556,-2.583333333325,3.360000000000,-1.266666666650,-1.311111111100,24.232201088016,3.360000000000,0
0.700000000000,0.725000000000,0.625000000000,20,12,14400,0.109583333333,0.055555555556,0.506970849176,0.025000000000,0.000000000000,1.000000000000,0.000000000000,0.000000000000,0.000000000000,0.061736111111,0.047847222222,0.054027777778,-0.024354944684,-0.103333333333,0.168000000000,-0.025333333333,-0.039333333333,-1.623662978963,-2.583333333325,3.360000000000,-1.266666666650,-1.311111111100,23.922949370375,3.360000000000,0
0.700000000000,0.725000000000,0.650000000000,20,12,14400,0.109027777778,0.055833333333,0.512101910828,0.024236111111,0.000000000000,0.997512437811,0.000000000000,0.002487562189,0.000000000000,0.060625000000,0.048402777778,0.053194444444,-0.024077166907,-0.103333333333,0.165512437811,-0.025333333333,-0.036845771144,-1.605144460444,-2.583333333325,3.310248756219,-1.266666666650,-1.228192371465,23.320747623739,3.310248756219,0
0.700000000000,0.725000000000,0.675000000000,20,12,14400,0.107847222222,0.054375000000,0.504185447521,0.024722222222,0.000000000000,0.996168582375,0.000000000000,0.003831417625,0.000000000000,0.060902777778,0.046944444444,0.053472222222,-0.025535500240,-0.103333333333,0.164168582375,-0.025333333333,-0.035501915708,-1.702366682667,-2.583333333325,3.283371647510,-1.266666666650,-1.183397190283,23.357066163362,3.283371647510,0
0.700000000000,0.725000000000,0.700000000000,20,12,14400,0.110694444444,0.056180555556,0.507528230866,0.025972222222,0.000000000000,0.982694684796,0.000000000000,0.017305315204,0.000000000000,0.062430555556,0.048263888889,0.054513888889,-0.023729944684,-0.103333333333,0.150694684796,-0.025333333333,-0.022028018129,-1.581996312296,-2.583333333325,3.013893695921,-1.266666666650,-0.734267270968,20.403471523116,3.013893695921,0
0.700000000000,0.725000000000,0.725000000000,20,12,14400,0.107916666667,0.054722222222,0.507078507079,0.024097222222,0.000000000000,0.968274111675,0.000000000000,0.031725888325,0.000000000000,0.060694444444,0.047222222222,0.053194444444,-0.025188278018,-0.103333333333,0.136274111675,-0.025333333333,-0.007607445008,-1.679218534519,-2.583333333325,2.725482233503,-1.266666666650,-0.253581500271,18.590387424558,2.725482233503,0
0.700000000000,0.725000000000,0.750000000000,20,12,14400,0.110625000000,0.055694444444,0.503452605148,0.024375000000,0.000000000000,0.907730673317,0.000000000000,0.092269326683,0.000000000000,0.062986111111,0.047638888889,0.054930555556,-0.024216055796,-0.103333333333,0.075730673317,-0.025333333333,0.052935993350,-1.614403719704,-2.583333333325,1.514613466334,-1.266666666650,1.764533111676,16.291985980267,2.583333333325,0
0.700000000000,0.750000000000,0.350000000000,20,12,14400,0.111527777778,0.056111111111,0.503113325031,0.025069444444,0.000000000000,1.000000000000,0.000000000000,0.000000000000,0.000000000000,0.062777777778,0.048750000000,0.055416666667,-0.023799389129,-0.103333333333,0.168000000000,-0.025333333333,-0.039333333333,-1.586625941926,-2.583333333325,3.360000000000,-1.266666666650,-1.311111111100,23.804049780712,3.360000000000,0
0.700000000000,0.750000000000,0.375000000000,20,12,14400,0.112083333333,0.057638888889,0.514250309789,0.024444444444,0.000000000000,1.000000000000,0.000000000000,0.000000000000,0.000000000000,0.062152777778,0.049930555556,0.054444444444,-0.022271611351,-0.103333333333,0.168000000000,-0.025333333333,-0.039333333333,-1.484774090074,-2.583333333325,3.360000000000,-1.266666666650,-1.311111111100,23.491221999675,3.360000000000,0
0.700000000000,0.750000000000,0.400000000000,20,12,14400,0.109444444444,0.056111111111,0.512690355330,0.026250000000,0.000000000000,1.000000000000,0.000000000000,0.000000000000,0.000000000000,0.060694444444,0.048750000000,0.053333333333,-0.023799389129,-0.103333333333,0.168000000000,-0.025333333333,-0.039333333333,-1.586625941926,-2.583333333325,3.360000000000,-1.266666666650,-1.311111111100,23.804049780712,3.360000000000,0
0.700000000000,0.750000000000,0.425000000000,20,12,14400,0.109583333333,0.056041666667,0.511406844106,0.024444444444,0.000000000000,1.000000000000,0.000000000000,0.000000000000,0.000000000000,0.061388888889,0.048194444444,0.053541666667,-0.023868833573,-0.103333333333,0.168000000000,-0.025333333333,-0.039333333333,-1.591255571556,-2.583333333325,3.360000000000,-1.266666666650,-1.311111111100,23.818762195127,3.360000000000,0
0.700000000000,0.750000000000,0.450000000000,20,12,14400,0.110138888889,0.056597222222,0.513871374527,0.025694444444,0.000000000000,1.000000000000,0.000000000000,0.000000000000,0.000000000000,0.061527777778,0.048611111111,0.053541666667,-0.023313278018,-0.103333333333,0.168000000000,-0.025333333333,-0.039333333333,-1.554218534519,-2.583333333325,3.360000000000,-1.266666666650,-1.311111111100,23.702263154161,3.360000000000,0
0.700000000000,0.750000000000,0.475000000000,20,12,14400,0.109652777778,0.055763888889,0.508549715010,0.025972222222,0.000000000000,1.000000000000,0.000000000000,0.000000000000,0.000000000000,0.061666666667,0.047986111111,0.053888888889,-0.024146611351,-0.103333333333,0.168000000000,-0.025333333333,-0.039333333333,-1.609774090074,-2.583333333325,3.360000000000,-1.266666666650,-1.311111111100,23.878040522194,3.360000000000,0
0.700000000000,0.750000000000,0.500000000000,20,12,14400,0.111458333333,0.057083333333,0.512149532710,0.024027777778,0.000000000000,1.000000000000,0.000000000000,0.000000000000,0.000000000000,0.062152777778,0.049305555556,0.054375000000,-0.022827166907,-0.103333333333,0.168000000000,-0.025333333333,-0.039333333333,-1.521811127111,-2.583333333325,3.360000000000,-1.266666666650,-1.311111111100,23.602577007719,3.360000000000,0
0.700000000000,0.750000000000,0.525000000000,20,12,14400,0.108333333333,0.055416666667,0.511538461538,0.024930555556,0.000000000000,1.000000000000,0.000000000000,0.000000000000,0.000000000000,0.061041666667,0.047291666667,0.052916666667,-0.024493833573,-0.103333333333,0.168000000000,-0.025333333333,-0.039333333333,-1.632922238222,-2.583333333325,3.360000000000,-1.266666666650,-1.311111111100,23.953102937201,3.360000000000,0
0.700000000000,0.750000000000,0.550000000000,20,12,14400,0.108472222222,0.055486111111,0.511523687580,0.024444444444,0.000000000000,1.000000000000,0.000000000000,0.000000000000,0.000000000000,0.060625000000,0.047847222222,0.052986111111,-0.024424389129,-0.103333333333,0.168000000000,-0.025333333333,-0.039333333333,-1.628292608593,-2.583333333325,3.360000000000,-1.266666666650,-1.311111111100,23.938004720317,3.360000000000,0
0.700000000000,0.750000000000,0.575000000000,20,12,14400,0.110555555556,0.056805555556,0.513819095477,0.024097222222,0.000000000000,1.000000000000,0.000000000000,0.000000000000,0.000000000000,0.061736111111,0.048819444444,0.053750000000,-0.023104944684,-0.103333333333,0.168000000000,-0.025333333333,-0.039333333333,-1.540329645630,-2.583333333325,3.360000000000,-1.266666666650,-1.311111111100,23.659283318326,3.360000000000,0
0.700000000000,0.750000000000,0.600000000000,20,12,14400,0.111180555556,0.057083333333,0.513429106808,0.025763888889,0.000000000000,1.000000000000,0.000000000000,0.000000000000,0.000000000000,0.061666666667,0.049513888889,0.054097222222,-0.022827166907,-0.103333333333,0.168000000000,-0.025333333333,-0.039333333333,-1.521811127111,-2.583333333325,3.360000000000,-1.266666666650,-1.311111111100,23.602577007719,3.360000000000,0
0.700000000000,0.750000000000,0.625000000000,20,12,14400,0.110347222222,0.055763888889,0.505349276274,0.023888888889,0.000000000000,1.000000000000,0.000000000000,0.000000000000,0.000000000000,0.062083333333,0.048263888889,0.054583333333,-0.024146611351,-0.103333333333,0.168000000000,-0.025333333333,-0.039333333333,-1.609774090074,-2.583333333325,3.360000000000,-1.266666666650,-1.311111111100,23.878040522194,3.360000000000,0
0.700000000000,0.750000000000,0.650000000000,20,12,14400,0.110416666667,0.056319444444,0.510062893082,0.024236111111,0.000000000000,0.997533908755,0.000000000000,0.002466091245,0.000000000000,0.061736111111,0.048680555556,0.054097222222,-0.023591055796,-0.103333333333,0.165533908755,-0.025333333333,-0.036867242088,-1.572737053037,-2.583333333325,3.310678175092,-1.266666666650,-1.228908069587,23.222362415997,3.310678175092,0
0.700000000000,0.750000000000,0.675000000000,20,12,14400,0.110902777778,0.055972222222,0.504696305573,0.024027777778,0.000000000000,0.995037220844,0.000000000000,0.004962779156,0.000000000000,0.062986111111,0.047916666667,0.054930555556,-0.023938278018,-0.103333333333,0.163037220844,-0.025333333333,-0.034370554177,-1.595885201185,-2.583333333325,3.260744416873,-1.266666666650,-1.145685139222,22.769953721239,3.260744416873,0
0.700000000000,0.750000000000,0.700000000000,20,12,14400,0.107569444444,0.055069444444,0.511943189154,0.024791666667,0.000000000000,0.984867591425,0.000000000000,0.015132408575,0.000000000000,0.060486111111,0.047083333333,0.052500000000,-0.024841055796,-0.103333333333,0.152867591425,-0.025333333333,-0.024200924758,-1.656070386370,-2.583333333325,3.057351828499,-1.266666666650,-0.806697491932,21.018785726801,3.057351828499,0
0.700000000000,0.750000000000,0.725000000000,20,12,14400,0.109930555556,0.056111111111,0.510423246999,0.024166666667,0.000000000000,0.962871287129,0.000000000000,0.037128712871,0.000000000000,0.061805555556,0.048125000000,0.053819444444,-0.023799389129,-0.103333333333,0.130871287129,-0.025333333333,-0.002204620462,-1.586625941926,-2.583333333325,2.617425742574,-1.266666666650,-0.073487348724,17.651755343376,2.617425742574,0
0.700000000000,0.750000000000,0.750000000000,20,12,14400,0.111319444444,0.057500000000,0.516531503431,0.025625000000,0.000000000000,0.908212560386,0.000000000000,0.091787439614,0.000000000000,0.061875000000,0.049444444444,0.053819444444,-0.022410500240,-0.103333333333,0.076212560386,-0.025333333333,0.052454106281,-1.494033349333,-2.583333333325,1.524251207729,-1.266666666650,1.748470209351,15.890681021643,2.583333333325,0
