review_rank,source_row_fingerprint,review_priority,manual_review_needed,manual_review_reason,bill_id,public_law_number,policy_area,sponsor_bioguide_id,committee_reported,floor_considered,enacted,filing_uuid,filing_year,filing_period,client_name,registrant_name,activity_issue,matched_bill_refs,text_review_status,preliminary_text_disposition,support_text_signal,opposition_text_signal,position_or_activity_text_signal,government_entity_scope,possible_member_or_committee_reference,target_review_status,bill_reference_context,recommended_next_review,evidence_layers,missing_links,source_urls,claim_boundary
1,f6dc7138cd367328,high,yes,support_signal; possible_member_or_committee_reference,117-hr-7776,117-263,Armed Forces and National Security,D000191,1,1,1,5610e7f6-8603-4947-98f1-80413b187cf9,2022,2nd Quarter (Apr 1 - June 30),RAYMOND BASIN MANAGEMENT BOARD,HICKS-RICHARDSON ASSOCIATES,Environment/Superfund,HR 7776,exact_bill_text_with_explicit_support_signal,support_signal_needs_manual_confirmation,in_support_of,none_detected,none_detected,house_senate_and_agency_entities_disclosed,possible_committee_reference_in_activity_text,possible_member_or_committee_reference_needs_manual_target_review,Reauthorization of the Water Resources Development Act 2022 HR 7776 and working with Chairwoman Grace Napolitano in support of HR 7776.,Inspect filing text and linked Congress.gov bill/action metadata for manual disposition and target/outcome context.,official_lda_filing_text_bill_identifier; official_lda_activity_text_source_review; deterministic_activity_text_position_signal; disposition_target_review_queue; congressgov_bill_action_metadata_context,manual_disposition_confirmation; sponsor_or_member_target; committee_action_influence; roll_call_influence; legislative_outcome_causality; public_benefit_or_welfare_validation; causal_capture_validation; model_validation,https://lda.gov/filings/public/filing/5610e7f6-8603-4947-98f1-80413b187cf9/print/; https://lda.gov/api/v1/filings/5610e7f6-8603-4947-98f1-80413b187cf9/; https://www.congress.gov/bill/117th-congress/hr-bill/7776; https://api.congress.gov/v3/bill/117/hr/7776,"LDA disposition/target source-review queue only; deterministic text signals and possible target references are not manual disposition confirmation, sponsor/member targeting evidence, committee-action influence, roll-call influence, legislative-outcome causality, public benefit, welfare, causal capture, or model validation."
2,503e6d5d64a6ca40,high,yes,mixed_support_opposition_signal,117-s-3373,117-168,Armed Forces and National Security,K000384,1,1,1,04aba7a1-6385-4609-84be-43f81f3f99fe,2022,3rd Quarter (July 1 - Sep 30),AFGE NATIONAL VA COUNCIL,MS. MARILYN PARK,Veterans,S. 3373,exact_bill_text_with_mixed_support_opposition_signal,mixed_support_opposition_signal_needs_manual_confirmation,in_support_of,opposition_to,none_detected,house_senate_and_agency_entities_disclosed,not_detected_in_activity_text,chamber_entity_context_only_no_specific_target_detected,"..., and for other purposes. Lobbied in opposition to H.R. 7188, the Modernizing Department of Veterans Affairs Disability Benefit Questionnaires Act. Lobbied in support of S. 3373, the ""Honoring the PACT Act,"" Lobbied against SA 5185 (Blackburn) to S. 3373 Lobbied against SA 5186 (Toomey) to S. 373",Inspect filing text and linked Congress.gov bill/action metadata for manual disposition and target/outcome context.,official_lda_filing_text_bill_identifier; official_lda_activity_text_source_review; deterministic_activity_text_position_signal; disposition_target_review_queue; congressgov_bill_action_metadata_context,manual_disposition_confirmation; sponsor_or_member_target; committee_action_influence; roll_call_influence; legislative_outcome_causality; public_benefit_or_welfare_validation; causal_capture_validation; model_validation,https://lda.gov/filings/public/filing/04aba7a1-6385-4609-84be-43f81f3f99fe/print/; https://lda.gov/api/v1/filings/04aba7a1-6385-4609-84be-43f81f3f99fe/; https://www.congress.gov/bill/117th-congress/s-bill/3373; https://api.congress.gov/v3/bill/117/s/3373,"LDA disposition/target source-review queue only; deterministic text signals and possible target references are not manual disposition confirmation, sponsor/member targeting evidence, committee-action influence, roll-call influence, legislative-outcome causality, public benefit, welfare, causal capture, or model validation."
3,132b4b0fbfb37774,high,yes,mixed_support_opposition_signal,117-s-3373,117-168,Armed Forces and National Security,K000384,1,1,1,2b54c262-2b9d-4dac-8869-ad7e29a8ed46,2022,3rd Quarter (July 1 - Sep 30),AMERICAN FED OF GOVERNMENT EMPLOYEES AFL-CIO,"AMERICAN FED OF GOVERNMENT EMPLOYEES, AFL-CIO",Veterans,S. 3373,exact_bill_text_with_mixed_support_opposition_signal,mixed_support_opposition_signal_needs_manual_confirmation,in_support_of,opposition_to,none_detected,house_senate_and_agency_entities_disclosed,not_detected_in_activity_text,chamber_entity_context_only_no_specific_target_detected,"..., and for other purposes. Lobbied in opposition to H.R. 7188, the Modernizing Department of Veterans Affairs Disability Benefit Questionnaires Act. Lobbied in support of S. 3373, the ""Honoring the PACT Act."" Lobbied against SA 5185 (Blackburn) to S. 3373. Lobbied against SA 5186 (Toomey) to S. 373.",Inspect filing text and linked Congress.gov bill/action metadata for manual disposition and target/outcome context.,official_lda_filing_text_bill_identifier; official_lda_activity_text_source_review; deterministic_activity_text_position_signal; disposition_target_review_queue; congressgov_bill_action_metadata_context,manual_disposition_confirmation; sponsor_or_member_target; committee_action_influence; roll_call_influence; legislative_outcome_causality; public_benefit_or_welfare_validation; causal_capture_validation; model_validation,https://lda.gov/filings/public/filing/2b54c262-2b9d-4dac-8869-ad7e29a8ed46/print/; https://lda.gov/api/v1/filings/2b54c262-2b9d-4dac-8869-ad7e29a8ed46/; https://www.congress.gov/bill/117th-congress/s-bill/3373; https://api.congress.gov/v3/bill/117/s/3373,"LDA disposition/target source-review queue only; deterministic text signals and possible target references are not manual disposition confirmation, sponsor/member targeting evidence, committee-action influence, roll-call influence, legislative-outcome causality, public benefit, welfare, causal capture, or model validation."
4,3345f4eb68af976f,high,yes,possible_member_or_committee_reference,117-s-4900,117-183,Commerce,C000141,0,1,1,b8de17a4-f177-45a9-8772-ae2f78fddbee,2022,3rd Quarter (July 1 - Sep 30),THE INSTITUTE OF ELECTRICAL AND ELECTRONICS ENGINEERS,THE INSTITUTE OF ELECTRICAL AND ELECTRONICS ENGINEERS,Science/Technology,S. 4900,exact_bill_text_bill_list_or_title_only,bill_reference_without_disposition_signal,none_detected,none_detected,none_detected,house_senate_and_agency_entities_disclosed,possible_committee_reference_in_activity_text,possible_member_or_committee_reference_needs_manual_target_review,"House Science Space and Technology - NSF and NASA discussions, 2023 priorities NSF - TIPS House Small Business Committee, S. 4900, SBIR and STTR Extension Act of 2022 HR 4346, CHIPS Plus Science Act Artificial intelligence, digital forensics standards, digital privacy",Inspect filing text and linked Congress.gov bill/action metadata for manual disposition and target/outcome context.,official_lda_filing_text_bill_identifier; official_lda_activity_text_source_review; deterministic_activity_text_position_signal; disposition_target_review_queue; congressgov_bill_action_metadata_context,manual_disposition_confirmation; sponsor_or_member_target; committee_action_influence; roll_call_influence; legislative_outcome_causality; public_benefit_or_welfare_validation; causal_capture_validation; model_validation,https://lda.gov/filings/public/filing/b8de17a4-f177-45a9-8772-ae2f78fddbee/print/; https://lda.gov/api/v1/filings/b8de17a4-f177-45a9-8772-ae2f78fddbee/; https://www.congress.gov/bill/117th-congress/s-bill/4900; https://api.congress.gov/v3/bill/117/s/4900,"LDA disposition/target source-review queue only; deterministic text signals and possible target references are not manual disposition confirmation, sponsor/member targeting evidence, committee-action influence, roll-call influence, legislative-outcome causality, public benefit, welfare, causal capture, or model validation."
5,1aa7f0b7fe410985,medium,yes,support_signal,117-hr-1437,117-229,Economics and Public Finance,S001207,1,1,1,7de5a0c6-4b89-4372-b7d6-abd22cea06f9,2021,1st Quarter (Jan 1 - Mar 31),AMERICAN SOCIETY OF CIVIL ENGINEERS,AMERICAN SOCIETY OF CIVIL ENGINEERS,Science/Technology,H.R. 1437,exact_bill_text_with_explicit_support_signal,support_signal_needs_manual_confirmation,supporting,none_detected,none_detected,house_senate_and_agency_entities_disclosed,not_detected_in_activity_text,chamber_entity_context_only_no_specific_target_detected,"FLOODS Act (H.R. 1438) PRECIP Act (H.R. 1437) H.R.1319, American Rescue Plan Act of 2021 FY22 Appropriations National Science Foundation for the Future Act HR 2225 H.R.144 - Supporting Early-Career Researchers Act...","Manually confirm direction/position and check whether the filing names a target, member, or committee rather than only a chamber/entity.",official_lda_filing_text_bill_identifier; official_lda_activity_text_source_review; deterministic_activity_text_position_signal; disposition_target_review_queue; congressgov_bill_action_metadata_context,manual_disposition_confirmation; sponsor_or_member_target; committee_action_influence; roll_call_influence; legislative_outcome_causality; public_benefit_or_welfare_validation; causal_capture_validation; model_validation,https://lda.gov/filings/public/filing/7de5a0c6-4b89-4372-b7d6-abd22cea06f9/print/; https://lda.gov/api/v1/filings/7de5a0c6-4b89-4372-b7d6-abd22cea06f9/; https://www.congress.gov/bill/117th-congress/hr-bill/1437; https://api.congress.gov/v3/bill/117/hr/1437,"LDA disposition/target source-review queue only; deterministic text signals and possible target references are not manual disposition confirmation, sponsor/member targeting evidence, committee-action influence, roll-call influence, legislative-outcome causality, public benefit, welfare, causal capture, or model validation."
6,3be4321357e59559,medium,yes,support_signal,117-hr-1437,117-229,Economics and Public Finance,S001207,1,1,1,02fb4073-b3a0-4d4a-84c7-7be391f608d0,2021,2nd Quarter (Apr 1 - June 30),AMERICAN SOCIETY OF CIVIL ENGINEERS,AMERICAN SOCIETY OF CIVIL ENGINEERS,Science/Technology,H.R. 1437,exact_bill_text_with_explicit_support_signal,support_signal_needs_manual_confirmation,supporting,none_detected,none_detected,house_senate_and_agency_entities_disclosed,not_detected_in_activity_text,chamber_entity_context_only_no_specific_target_detected,"FLOODS Act (H.R. 1438) PRECIP Act (H.R. 1437) H.R.1319, American Rescue Plan Act of 2021 FY22 Appropriations National Science Foundation for the Future Act HR 2225 H.R.144 - Supporting Early-Career Researchers Act...","Manually confirm direction/position and check whether the filing names a target, member, or committee rather than only a chamber/entity.",official_lda_filing_text_bill_identifier; official_lda_activity_text_source_review; deterministic_activity_text_position_signal; disposition_target_review_queue; congressgov_bill_action_metadata_context,manual_disposition_confirmation; sponsor_or_member_target; committee_action_influence; roll_call_influence; legislative_outcome_causality; public_benefit_or_welfare_validation; causal_capture_validation; model_validation,https://lda.gov/filings/public/filing/02fb4073-b3a0-4d4a-84c7-7be391f608d0/print/; https://lda.gov/api/v1/filings/02fb4073-b3a0-4d4a-84c7-7be391f608d0/; https://www.congress.gov/bill/117th-congress/hr-bill/1437; https://api.congress.gov/v3/bill/117/hr/1437,"LDA disposition/target source-review queue only; deterministic text signals and possible target references are not manual disposition confirmation, sponsor/member targeting evidence, committee-action influence, roll-call influence, legislative-outcome causality, public benefit, welfare, causal capture, or model validation."
7,865aa18855e82109,medium,yes,position_or_activity_signal,117-hr-1437,117-229,Economics and Public Finance,S001207,1,1,1,d620d380-3727-41b1-ad49-1d185f3856ba,2021,2nd Quarter (Apr 1 - June 30),"JACOBS SOLUTIONS, INC.","JACOBS SOLUTIONS, INC.",Clean Air and Water (quality),H.R. 1437,exact_bill_text_with_position_or_activity_signal,position_or_activity_signal_needs_manual_confirmation,none_detected,none_detected,issues_related_to; related_to,house_senate_and_agency_entities_disclosed,not_detected_in_activity_text,chamber_entity_context_only_no_specific_target_detected,...to public-private partnerships and the U.S. Army Corps of Engineers Issues related to the Environmental Protection Agency Superfund Program Issues related to PRECIP Act (H.R. 1437) Issues related to FLOODS Act (H.R. 1438) Issues related to PFAS and water Issues related to low-income water assistance (HR 3293),"Manually confirm direction/position and check whether the filing names a target, member, or committee rather than only a chamber/entity.",official_lda_filing_text_bill_identifier; official_lda_activity_text_source_review; deterministic_activity_text_position_signal; disposition_target_review_queue; congressgov_bill_action_metadata_context,manual_disposition_confirmation; sponsor_or_member_target; committee_action_influence; roll_call_influence; legislative_outcome_causality; public_benefit_or_welfare_validation; causal_capture_validation; model_validation,https://lda.gov/filings/public/filing/d620d380-3727-41b1-ad49-1d185f3856ba/print/; https://lda.gov/api/v1/filings/d620d380-3727-41b1-ad49-1d185f3856ba/; https://www.congress.gov/bill/117th-congress/hr-bill/1437; https://api.congress.gov/v3/bill/117/hr/1437,"LDA disposition/target source-review queue only; deterministic text signals and possible target references are not manual disposition confirmation, sponsor/member targeting evidence, committee-action influence, roll-call influence, legislative-outcome causality, public benefit, welfare, causal capture, or model validation."
8,05f8eef393ebed45,medium,yes,support_signal,117-hr-1437,117-229,Economics and Public Finance,S001207,1,1,1,cd08a0da-dd69-4c02-8046-8f6be49753f4,2021,3rd Quarter (July 1 - Sep 30),AMERICAN SOCIETY OF CIVIL ENGINEERS,AMERICAN SOCIETY OF CIVIL ENGINEERS,Science/Technology,H.R. 1437,exact_bill_text_with_explicit_support_signal,support_signal_needs_manual_confirmation,supporting,none_detected,none_detected,house_senate_and_agency_entities_disclosed,not_detected_in_activity_text,chamber_entity_context_only_no_specific_target_detected,"FLOODS Act (H.R. 1438) PRECIP Act (H.R. 1437) H.R.1319, American Rescue Plan Act of 2021 FY22 Appropriations National Science Foundation for the Future Act HR 2225 H.R.144 - Supporting Early-Career Researchers Act...","Manually confirm direction/position and check whether the filing names a target, member, or committee rather than only a chamber/entity.",official_lda_filing_text_bill_identifier; official_lda_activity_text_source_review; deterministic_activity_text_position_signal; disposition_target_review_queue; congressgov_bill_action_metadata_context,manual_disposition_confirmation; sponsor_or_member_target; committee_action_influence; roll_call_influence; legislative_outcome_causality; public_benefit_or_welfare_validation; causal_capture_validation; model_validation,https://lda.gov/filings/public/filing/cd08a0da-dd69-4c02-8046-8f6be49753f4/print/; https://lda.gov/api/v1/filings/cd08a0da-dd69-4c02-8046-8f6be49753f4/; https://www.congress.gov/bill/117th-congress/hr-bill/1437; https://api.congress.gov/v3/bill/117/hr/1437,"LDA disposition/target source-review queue only; deterministic text signals and possible target references are not manual disposition confirmation, sponsor/member targeting evidence, committee-action influence, roll-call influence, legislative-outcome causality, public benefit, welfare, causal capture, or model validation."
9,01a3f1d7f5bc67be,medium,yes,position_or_activity_signal,117-hr-1437,117-229,Economics and Public Finance,S001207,1,1,1,c693cff3-4eeb-4d40-a300-1ff45f7f6b2d,2021,3rd Quarter (July 1 - Sep 30),"JACOBS SOLUTIONS, INC.","JACOBS SOLUTIONS, INC.",Clean Air and Water (quality),H.R. 1437,exact_bill_text_with_position_or_activity_signal,position_or_activity_signal_needs_manual_confirmation,none_detected,none_detected,issues_related_to; related_to,house_senate_and_agency_entities_disclosed,not_detected_in_activity_text,chamber_entity_context_only_no_specific_target_detected,...to public-private partnerships and the U.S. Army Corps of Engineers Issues related to the Environmental Protection Agency Superfund Program Issues related to PRECIP Act (H.R. 1437) Issues related to FLOODS Act (H.R. 1438) Issues related to PFAS and water Issues related to low-income water assistance (HR 3293),"Manually confirm direction/position and check whether the filing names a target, member, or committee rather than only a chamber/entity.",official_lda_filing_text_bill_identifier; official_lda_activity_text_source_review; deterministic_activity_text_position_signal; disposition_target_review_queue; congressgov_bill_action_metadata_context,manual_disposition_confirmation; sponsor_or_member_target; committee_action_influence; roll_call_influence; legislative_outcome_causality; public_benefit_or_welfare_validation; causal_capture_validation; model_validation,https://lda.gov/filings/public/filing/c693cff3-4eeb-4d40-a300-1ff45f7f6b2d/print/; https://lda.gov/api/v1/filings/c693cff3-4eeb-4d40-a300-1ff45f7f6b2d/; https://www.congress.gov/bill/117th-congress/hr-bill/1437; https://api.congress.gov/v3/bill/117/hr/1437,"LDA disposition/target source-review queue only; deterministic text signals and possible target references are not manual disposition confirmation, sponsor/member targeting evidence, committee-action influence, roll-call influence, legislative-outcome causality, public benefit, welfare, causal capture, or model validation."
10,6733c294d455ffc3,medium,yes,support_signal,117-hr-1437,117-229,Economics and Public Finance,S001207,1,1,1,344f5055-f04e-45c8-9a5b-600ccc20cb6b,2021,4th Quarter (Oct 1 - Dec 31),AMERICAN SOCIETY OF CIVIL ENGINEERS,AMERICAN SOCIETY OF CIVIL ENGINEERS,Science/Technology,H.R. 1437,exact_bill_text_with_explicit_support_signal,support_signal_needs_manual_confirmation,supporting,none_detected,none_detected,house_senate_and_agency_entities_disclosed,not_detected_in_activity_text,chamber_entity_context_only_no_specific_target_detected,"FLOODS Act (H.R. 1438) PRECIP Act (H.R. 1437) H.R.1319, American Rescue Plan Act of 2021 FY22 Appropriations National Science Foundation for the Future Act HR 2225 H.R.144 - Supporting Early-Career Researchers Act...","Manually confirm direction/position and check whether the filing names a target, member, or committee rather than only a chamber/entity.",official_lda_filing_text_bill_identifier; official_lda_activity_text_source_review; deterministic_activity_text_position_signal; disposition_target_review_queue; congressgov_bill_action_metadata_context,manual_disposition_confirmation; sponsor_or_member_target; committee_action_influence; roll_call_influence; legislative_outcome_causality; public_benefit_or_welfare_validation; causal_capture_validation; model_validation,https://lda.gov/filings/public/filing/344f5055-f04e-45c8-9a5b-600ccc20cb6b/print/; https://lda.gov/api/v1/filings/344f5055-f04e-45c8-9a5b-600ccc20cb6b/; https://www.congress.gov/bill/117th-congress/hr-bill/1437; https://api.congress.gov/v3/bill/117/hr/1437,"LDA disposition/target source-review queue only; deterministic text signals and possible target references are not manual disposition confirmation, sponsor/member targeting evidence, committee-action influence, roll-call influence, legislative-outcome causality, public benefit, welfare, causal capture, or model validation."
11,173208da55392675,medium,yes,position_or_activity_signal,117-hr-1437,117-229,Economics and Public Finance,S001207,1,1,1,5b04d1b9-1efd-4ad0-b656-c44f25da6c68,2021,4th Quarter (Oct 1 - Dec 31),"JACOBS SOLUTIONS, INC.","JACOBS SOLUTIONS, INC.",Clean Air and Water (quality),H.R. 1437,exact_bill_text_with_position_or_activity_signal,position_or_activity_signal_needs_manual_confirmation,none_detected,none_detected,issues_related_to; related_to,house_senate_and_agency_entities_disclosed,not_detected_in_activity_text,chamber_entity_context_only_no_specific_target_detected,...to public-private partnerships and the U.S. Army Corps of Engineers Issues related to the Environmental Protection Agency Superfund Program Issues related to PRECIP Act (H.R. 1437) Issues related to FLOODS Act (H.R. 1438) Issues related to PFAS and water Issues related to low-income water assistance (HR 3293),"Manually confirm direction/position and check whether the filing names a target, member, or committee rather than only a chamber/entity.",official_lda_filing_text_bill_identifier; official_lda_activity_text_source_review; deterministic_activity_text_position_signal; disposition_target_review_queue; congressgov_bill_action_metadata_context,manual_disposition_confirmation; sponsor_or_member_target; committee_action_influence; roll_call_influence; legislative_outcome_causality; public_benefit_or_welfare_validation; causal_capture_validation; model_validation,https://lda.gov/filings/public/filing/5b04d1b9-1efd-4ad0-b656-c44f25da6c68/print/; https://lda.gov/api/v1/filings/5b04d1b9-1efd-4ad0-b656-c44f25da6c68/; https://www.congress.gov/bill/117th-congress/hr-bill/1437; https://api.congress.gov/v3/bill/117/hr/1437,"LDA disposition/target source-review queue only; deterministic text signals and possible target references are not manual disposition confirmation, sponsor/member targeting evidence, committee-action influence, roll-call influence, legislative-outcome causality, public benefit, welfare, causal capture, or model validation."
12,6ddfb0b11d54dc9c,medium,yes,support_signal,117-hr-1437,117-229,Economics and Public Finance,S001207,1,1,1,960cf49d-be39-4162-ad2a-0b1b1b3eaf96,2022,1st Quarter (Jan 1 - Mar 31),AMERICAN SOCIETY OF CIVIL ENGINEERS,AMERICAN SOCIETY OF CIVIL ENGINEERS,Science/Technology,H.R. 1437,exact_bill_text_with_explicit_support_signal,support_signal_needs_manual_confirmation,supporting,none_detected,none_detected,house_senate_and_agency_entities_disclosed,not_detected_in_activity_text,chamber_entity_context_only_no_specific_target_detected,"FLOODS Act (H.R. 1438) PRECIP Act (H.R. 1437) H.R.1319, American Rescue Plan Act of 2021 FY22 Appropriations (H.R. 2471) National Science Foundation for the Future Act HR 2225 H.R.144 - Supporting Early-Career Rese...","Manually confirm direction/position and check whether the filing names a target, member, or committee rather than only a chamber/entity.",official_lda_filing_text_bill_identifier; official_lda_activity_text_source_review; deterministic_activity_text_position_signal; disposition_target_review_queue; congressgov_bill_action_metadata_context,manual_disposition_confirmation; sponsor_or_member_target; committee_action_influence; roll_call_influence; legislative_outcome_causality; public_benefit_or_welfare_validation; causal_capture_validation; model_validation,https://lda.gov/filings/public/filing/960cf49d-be39-4162-ad2a-0b1b1b3eaf96/print/; https://lda.gov/api/v1/filings/960cf49d-be39-4162-ad2a-0b1b1b3eaf96/; https://www.congress.gov/bill/117th-congress/hr-bill/1437; https://api.congress.gov/v3/bill/117/hr/1437,"LDA disposition/target source-review queue only; deterministic text signals and possible target references are not manual disposition confirmation, sponsor/member targeting evidence, committee-action influence, roll-call influence, legislative-outcome causality, public benefit, welfare, causal capture, or model validation."
13,dc5af4f4098fe4a6,medium,yes,position_or_activity_signal,117-hr-1437,117-229,Economics and Public Finance,S001207,1,1,1,e0f7384d-1b04-40d4-a4f5-1c423a73814d,2022,1st Quarter (Jan 1 - Mar 31),"JACOBS SOLUTIONS, INC.","JACOBS SOLUTIONS, INC.",Clean Air and Water (quality),H.R. 1437,exact_bill_text_with_position_or_activity_signal,position_or_activity_signal_needs_manual_confirmation,none_detected,none_detected,issues_related_to; related_to,house_and_senate_entities_disclosed,not_detected_in_activity_text,chamber_entity_context_only_no_specific_target_detected,...to public-private partnerships and the U.S. Army Corps of Engineers Issues related to the Environmental Protection Agency Superfund Program Issues related to PRECIP Act (H.R. 1437) Issues related to FLOODS Act (H.R. 1438) Issues related to PFAS and water Issues related to low-income water assistance (HR 3293),"Manually confirm direction/position and check whether the filing names a target, member, or committee rather than only a chamber/entity.",official_lda_filing_text_bill_identifier; official_lda_activity_text_source_review; deterministic_activity_text_position_signal; disposition_target_review_queue; congressgov_bill_action_metadata_context,manual_disposition_confirmation; sponsor_or_member_target; committee_action_influence; roll_call_influence; legislative_outcome_causality; public_benefit_or_welfare_validation; causal_capture_validation; model_validation,https://lda.gov/filings/public/filing/e0f7384d-1b04-40d4-a4f5-1c423a73814d/print/; https://lda.gov/api/v1/filings/e0f7384d-1b04-40d4-a4f5-1c423a73814d/; https://www.congress.gov/bill/117th-congress/hr-bill/1437; https://api.congress.gov/v3/bill/117/hr/1437,"LDA disposition/target source-review queue only; deterministic text signals and possible target references are not manual disposition confirmation, sponsor/member targeting evidence, committee-action influence, roll-call influence, legislative-outcome causality, public benefit, welfare, causal capture, or model validation."
14,e7495bc33725ca0e,medium,yes,support_signal,117-hr-1437,117-229,Economics and Public Finance,S001207,1,1,1,63e9618e-31c8-4568-b223-4a1b74687b54,2022,2nd Quarter (Apr 1 - June 30),AMERICAN SOCIETY OF CIVIL ENGINEERS,AMERICAN SOCIETY OF CIVIL ENGINEERS,Science/Technology,H.R. 1437,exact_bill_text_with_explicit_support_signal,support_signal_needs_manual_confirmation,supporting,none_detected,none_detected,house_senate_and_agency_entities_disclosed,not_detected_in_activity_text,chamber_entity_context_only_no_specific_target_detected,"FLOODS Act (H.R. 1438) PRECIP Act (H.R. 1437) H.R.1319, American Rescue Plan Act of 2021 FY22 Appropriations (H.R. 2471) National Science Foundation for the Future Act HR 2225 H.R.144 - Supporting Early-Career Rese...","Manually confirm direction/position and check whether the filing names a target, member, or committee rather than only a chamber/entity.",official_lda_filing_text_bill_identifier; official_lda_activity_text_source_review; deterministic_activity_text_position_signal; disposition_target_review_queue; congressgov_bill_action_metadata_context,manual_disposition_confirmation; sponsor_or_member_target; committee_action_influence; roll_call_influence; legislative_outcome_causality; public_benefit_or_welfare_validation; causal_capture_validation; model_validation,https://lda.gov/filings/public/filing/63e9618e-31c8-4568-b223-4a1b74687b54/print/; https://lda.gov/api/v1/filings/63e9618e-31c8-4568-b223-4a1b74687b54/; https://www.congress.gov/bill/117th-congress/hr-bill/1437; https://api.congress.gov/v3/bill/117/hr/1437,"LDA disposition/target source-review queue only; deterministic text signals and possible target references are not manual disposition confirmation, sponsor/member targeting evidence, committee-action influence, roll-call influence, legislative-outcome causality, public benefit, welfare, causal capture, or model validation."
15,49898e796cc21344,medium,yes,position_or_activity_signal,117-hr-1437,117-229,Economics and Public Finance,S001207,1,1,1,303d30c6-11b5-4571-be41-d1271b3c06f8,2022,2nd Quarter (Apr 1 - June 30),"JACOBS SOLUTIONS, INC.","JACOBS SOLUTIONS, INC.",Clean Air and Water (quality),H.R. 1437,exact_bill_text_with_position_or_activity_signal,position_or_activity_signal_needs_manual_confirmation,none_detected,none_detected,issues_related_to; related_to,house_and_senate_entities_disclosed,not_detected_in_activity_text,chamber_entity_context_only_no_specific_target_detected,...to public-private partnerships and the U.S. Army Corps of Engineers Issues related to the Environmental Protection Agency Superfund Program Issues related to PRECIP Act (H.R. 1437) Issues related to FLOODS Act (H.R. 1438) Issues related to PFAS and water Issues related to low-income water assistance (HR 3293),"Manually confirm direction/position and check whether the filing names a target, member, or committee rather than only a chamber/entity.",official_lda_filing_text_bill_identifier; official_lda_activity_text_source_review; deterministic_activity_text_position_signal; disposition_target_review_queue; congressgov_bill_action_metadata_context,manual_disposition_confirmation; sponsor_or_member_target; committee_action_influence; roll_call_influence; legislative_outcome_causality; public_benefit_or_welfare_validation; causal_capture_validation; model_validation,https://lda.gov/filings/public/filing/303d30c6-11b5-4571-be41-d1271b3c06f8/print/; https://lda.gov/api/v1/filings/303d30c6-11b5-4571-be41-d1271b3c06f8/; https://www.congress.gov/bill/117th-congress/hr-bill/1437; https://api.congress.gov/v3/bill/117/hr/1437,"LDA disposition/target source-review queue only; deterministic text signals and possible target references are not manual disposition confirmation, sponsor/member targeting evidence, committee-action influence, roll-call influence, legislative-outcome causality, public benefit, welfare, causal capture, or model validation."
16,31566125dda0323b,medium,yes,support_signal,117-hr-1437,117-229,Economics and Public Finance,S001207,1,1,1,45fc5a4f-6d6e-4198-9877-2ce97a1d4462,2022,3rd Quarter (July 1 - Sep 30),AMERICAN SOCIETY OF CIVIL ENGINEERS,AMERICAN SOCIETY OF CIVIL ENGINEERS,Science/Technology,H.R. 1437,exact_bill_text_with_explicit_support_signal,support_signal_needs_manual_confirmation,supporting,none_detected,none_detected,house_senate_and_agency_entities_disclosed,not_detected_in_activity_text,chamber_entity_context_only_no_specific_target_detected,"FLOODS Act (H.R. 1438) PRECIP Act (H.R. 1437) H.R.1319, American Rescue Plan Act of 2021 FY22 Appropriations (H.R. 2471) National Science Foundation for the Future Act HR 2225 H.R.144 - Supporting Early-Career Rese...","Manually confirm direction/position and check whether the filing names a target, member, or committee rather than only a chamber/entity.",official_lda_filing_text_bill_identifier; official_lda_activity_text_source_review; deterministic_activity_text_position_signal; disposition_target_review_queue; congressgov_bill_action_metadata_context,manual_disposition_confirmation; sponsor_or_member_target; committee_action_influence; roll_call_influence; legislative_outcome_causality; public_benefit_or_welfare_validation; causal_capture_validation; model_validation,https://lda.gov/filings/public/filing/45fc5a4f-6d6e-4198-9877-2ce97a1d4462/print/; https://lda.gov/api/v1/filings/45fc5a4f-6d6e-4198-9877-2ce97a1d4462/; https://www.congress.gov/bill/117th-congress/hr-bill/1437; https://api.congress.gov/v3/bill/117/hr/1437,"LDA disposition/target source-review queue only; deterministic text signals and possible target references are not manual disposition confirmation, sponsor/member targeting evidence, committee-action influence, roll-call influence, legislative-outcome causality, public benefit, welfare, causal capture, or model validation."
17,fba7a2a0024743db,medium,yes,position_or_activity_signal,117-hr-1437,117-229,Economics and Public Finance,S001207,1,1,1,ad6a3565-6a47-4521-b3a6-8af40c780a9b,2022,3rd Quarter (July 1 - Sep 30),"JACOBS SOLUTIONS, INC.","JACOBS SOLUTIONS, INC.",Clean Air and Water (quality),H.R. 1437,exact_bill_text_with_position_or_activity_signal,position_or_activity_signal_needs_manual_confirmation,none_detected,none_detected,issues_related_to; related_to,house_and_senate_entities_disclosed,not_detected_in_activity_text,chamber_entity_context_only_no_specific_target_detected,...to public-private partnerships and the U.S. Army Corps of Engineers Issues related to the Environmental Protection Agency Superfund Program Issues related to PRECIP Act (H.R. 1437) Issues related to FLOODS Act (H.R. 1438) Issues related to PFAS and water Issues related to low-income water assistance (HR 3293),"Manually confirm direction/position and check whether the filing names a target, member, or committee rather than only a chamber/entity.",official_lda_filing_text_bill_identifier; official_lda_activity_text_source_review; deterministic_activity_text_position_signal; disposition_target_review_queue; congressgov_bill_action_metadata_context,manual_disposition_confirmation; sponsor_or_member_target; committee_action_influence; roll_call_influence; legislative_outcome_causality; public_benefit_or_welfare_validation; causal_capture_validation; model_validation,https://lda.gov/filings/public/filing/ad6a3565-6a47-4521-b3a6-8af40c780a9b/print/; https://lda.gov/api/v1/filings/ad6a3565-6a47-4521-b3a6-8af40c780a9b/; https://www.congress.gov/bill/117th-congress/hr-bill/1437; https://api.congress.gov/v3/bill/117/hr/1437,"LDA disposition/target source-review queue only; deterministic text signals and possible target references are not manual disposition confirmation, sponsor/member targeting evidence, committee-action influence, roll-call influence, legislative-outcome causality, public benefit, welfare, causal capture, or model validation."
18,d45f534f4b741642,medium,yes,support_signal,117-hr-1437,117-229,Economics and Public Finance,S001207,1,1,1,ea132832-a96b-4284-8be6-8eaaaca1ec3b,2022,4th Quarter (Oct 1 - Dec 31),AMERICAN SOCIETY OF CIVIL ENGINEERS,AMERICAN SOCIETY OF CIVIL ENGINEERS,Science/Technology,H.R. 1437,exact_bill_text_with_explicit_support_signal,support_signal_needs_manual_confirmation,supporting,none_detected,none_detected,house_senate_and_agency_entities_disclosed,not_detected_in_activity_text,chamber_entity_context_only_no_specific_target_detected,"FLOODS Act (H.R. 1438) PRECIP Act (H.R. 1437) H.R.1319, American Rescue Plan Act of 2021 FY22 Appropriations (H.R. 2471) National Science Foundation for the Future Act HR 2225 H.R.144 - Supporting Early-Career Rese...","Manually confirm direction/position and check whether the filing names a target, member, or committee rather than only a chamber/entity.",official_lda_filing_text_bill_identifier; official_lda_activity_text_source_review; deterministic_activity_text_position_signal; disposition_target_review_queue; congressgov_bill_action_metadata_context,manual_disposition_confirmation; sponsor_or_member_target; committee_action_influence; roll_call_influence; legislative_outcome_causality; public_benefit_or_welfare_validation; causal_capture_validation; model_validation,https://lda.gov/filings/public/filing/ea132832-a96b-4284-8be6-8eaaaca1ec3b/print/; https://lda.gov/api/v1/filings/ea132832-a96b-4284-8be6-8eaaaca1ec3b/; https://www.congress.gov/bill/117th-congress/hr-bill/1437; https://api.congress.gov/v3/bill/117/hr/1437,"LDA disposition/target source-review queue only; deterministic text signals and possible target references are not manual disposition confirmation, sponsor/member targeting evidence, committee-action influence, roll-call influence, legislative-outcome causality, public benefit, welfare, causal capture, or model validation."
19,a301fd7d7fea1113,medium,yes,position_or_activity_signal,117-hr-1437,117-229,Economics and Public Finance,S001207,1,1,1,1a10843f-1fac-4f5a-a479-ed5ff0544a37,2022,4th Quarter (Oct 1 - Dec 31),ASSURANT INC,"ASSURANT, INC.",Insurance,H.R. 1437,exact_bill_text_with_position_or_activity_signal,position_or_activity_signal_needs_manual_confirmation,none_detected,none_detected,issues_related_to; related_to,house_senate_and_agency_entities_disclosed,not_detected_in_activity_text,chamber_entity_context_only_no_specific_target_detected,Issues related to the reauthorization of the National Flood Insurance Program are H.R. 8036; H.R.4373; H.R. 1437; HR 2617,"Manually confirm direction/position and check whether the filing names a target, member, or committee rather than only a chamber/entity.",official_lda_filing_text_bill_identifier; official_lda_activity_text_source_review; deterministic_activity_text_position_signal; disposition_target_review_queue; congressgov_bill_action_metadata_context,manual_disposition_confirmation; sponsor_or_member_target; committee_action_influence; roll_call_influence; legislative_outcome_causality; public_benefit_or_welfare_validation; causal_capture_validation; model_validation,https://lda.gov/filings/public/filing/1a10843f-1fac-4f5a-a479-ed5ff0544a37/print/; https://lda.gov/api/v1/filings/1a10843f-1fac-4f5a-a479-ed5ff0544a37/; https://www.congress.gov/bill/117th-congress/hr-bill/1437; https://api.congress.gov/v3/bill/117/hr/1437,"LDA disposition/target source-review queue only; deterministic text signals and possible target references are not manual disposition confirmation, sponsor/member targeting evidence, committee-action influence, roll-call influence, legislative-outcome causality, public benefit, welfare, causal capture, or model validation."
20,0f37a2b410805f4d,medium,yes,position_or_activity_signal,117-hr-1437,117-229,Economics and Public Finance,S001207,1,1,1,a5a7b87b-c5bc-44e3-a13c-79de99af732c,2022,4th Quarter (Oct 1 - Dec 31),EMERGENT BIOSOLUTIONS INC.,"NAVIGATORS GLOBAL LLC (FORMERLY DC NAVIGATORS, LLC)",Budget/Appropriations,HR 1437,exact_bill_text_with_position_or_activity_signal,position_or_activity_signal_needs_manual_confirmation,none_detected,none_detected,related_to,house_and_senate_entities_disclosed,not_detected_in_activity_text,chamber_entity_context_only_no_specific_target_detected,"NDAA for Fiscal Year 2023 - provisions related to biological and chemical defense and access to naloxone HR 2617 - Consolidated Appropriations Act, 2023 (Omnibus) HR 1437 - Further Continuing Appropriations and Extensions Act State Opioid Response (SOR) Grants funding H.R. 2379 - The State Opioid Response Grant Authorization Act of 2021 S...","Manually confirm direction/position and check whether the filing names a target, member, or committee rather than only a chamber/entity.",official_lda_filing_text_bill_identifier; official_lda_activity_text_source_review; deterministic_activity_text_position_signal; disposition_target_review_queue; congressgov_bill_action_metadata_context,manual_disposition_confirmation; sponsor_or_member_target; committee_action_influence; roll_call_influence; legislative_outcome_causality; public_benefit_or_welfare_validation; causal_capture_validation; model_validation,https://lda.gov/filings/public/filing/a5a7b87b-c5bc-44e3-a13c-79de99af732c/print/; https://lda.gov/api/v1/filings/a5a7b87b-c5bc-44e3-a13c-79de99af732c/; https://www.congress.gov/bill/117th-congress/hr-bill/1437; https://api.congress.gov/v3/bill/117/hr/1437,"LDA disposition/target source-review queue only; deterministic text signals and possible target references are not manual disposition confirmation, sponsor/member targeting evidence, committee-action influence, roll-call influence, legislative-outcome causality, public benefit, welfare, causal capture, or model validation."
21,4cf9ec04bc05dcdd,medium,yes,position_or_activity_signal,117-hr-1437,117-229,Economics and Public Finance,S001207,1,1,1,a5a7b87b-c5bc-44e3-a13c-79de99af732c,2022,4th Quarter (Oct 1 - Dec 31),EMERGENT BIOSOLUTIONS INC.,"NAVIGATORS GLOBAL LLC (FORMERLY DC NAVIGATORS, LLC)",Homeland Security,HR 1437,exact_bill_text_with_position_or_activity_signal,position_or_activity_signal_needs_manual_confirmation,none_detected,none_detected,related_to,house_and_senate_entities_disclosed,not_detected_in_activity_text,chamber_entity_context_only_no_specific_target_detected,"NDAA for Fiscal Year 2023 - provisions related to biological and chemical defense and access to naloxone HR 2617 - Consolidated Appropriations Act, 2023 (Omnibus) HR 1437 - Further Continuing Appropriations and Extensions Act State Opioid Response (SOR) Grants funding H.R. 2379 - The State Opioid Response Grant Authorization Act of 2021 S...","Manually confirm direction/position and check whether the filing names a target, member, or committee rather than only a chamber/entity.",official_lda_filing_text_bill_identifier; official_lda_activity_text_source_review; deterministic_activity_text_position_signal; disposition_target_review_queue; congressgov_bill_action_metadata_context,manual_disposition_confirmation; sponsor_or_member_target; committee_action_influence; roll_call_influence; legislative_outcome_causality; public_benefit_or_welfare_validation; causal_capture_validation; model_validation,https://lda.gov/filings/public/filing/a5a7b87b-c5bc-44e3-a13c-79de99af732c/print/; https://lda.gov/api/v1/filings/a5a7b87b-c5bc-44e3-a13c-79de99af732c/; https://www.congress.gov/bill/117th-congress/hr-bill/1437; https://api.congress.gov/v3/bill/117/hr/1437,"LDA disposition/target source-review queue only; deterministic text signals and possible target references are not manual disposition confirmation, sponsor/member targeting evidence, committee-action influence, roll-call influence, legislative-outcome causality, public benefit, welfare, causal capture, or model validation."
22,baad12bb46559bbb,medium,yes,position_or_activity_signal,117-hr-1437,117-229,Economics and Public Finance,S001207,1,1,1,a5a7b87b-c5bc-44e3-a13c-79de99af732c,2022,4th Quarter (Oct 1 - Dec 31),EMERGENT BIOSOLUTIONS INC.,"NAVIGATORS GLOBAL LLC (FORMERLY DC NAVIGATORS, LLC)",Disaster Planning/Emergencies,HR 1437,exact_bill_text_with_position_or_activity_signal,position_or_activity_signal_needs_manual_confirmation,none_detected,none_detected,related_to,house_and_senate_entities_disclosed,not_detected_in_activity_text,chamber_entity_context_only_no_specific_target_detected,"NDAA for Fiscal Year 2023 - provisions related to biological and chemical defense and access to naloxone HR 2617 - Consolidated Appropriations Act, 2023 (Omnibus) HR 1437 - Further Continuing Appropriations and Extensions Act State Opioid Response (SOR) Grants funding H.R. 2379 - The State Opioid Response Grant Authorization Act of 2021 S...","Manually confirm direction/position and check whether the filing names a target, member, or committee rather than only a chamber/entity.",official_lda_filing_text_bill_identifier; official_lda_activity_text_source_review; deterministic_activity_text_position_signal; disposition_target_review_queue; congressgov_bill_action_metadata_context,manual_disposition_confirmation; sponsor_or_member_target; committee_action_influence; roll_call_influence; legislative_outcome_causality; public_benefit_or_welfare_validation; causal_capture_validation; model_validation,https://lda.gov/filings/public/filing/a5a7b87b-c5bc-44e3-a13c-79de99af732c/print/; https://lda.gov/api/v1/filings/a5a7b87b-c5bc-44e3-a13c-79de99af732c/; https://www.congress.gov/bill/117th-congress/hr-bill/1437; https://api.congress.gov/v3/bill/117/hr/1437,"LDA disposition/target source-review queue only; deterministic text signals and possible target references are not manual disposition confirmation, sponsor/member targeting evidence, committee-action influence, roll-call influence, legislative-outcome causality, public benefit, welfare, causal capture, or model validation."
23,e4a72f8667ecf9d0,medium,yes,position_or_activity_signal,117-hr-1437,117-229,Economics and Public Finance,S001207,1,1,1,820e47b3-ed38-4149-a341-b3f7a01a904b,2022,4th Quarter (Oct 1 - Dec 31),EMERGENT BIOSOLUTIONS INC.,"ERVIN GRAVES STRATEGY GROUP, LLC",Disaster Planning/Emergencies,HR 1437,exact_bill_text_with_position_or_activity_signal,position_or_activity_signal_needs_manual_confirmation,none_detected,none_detected,related_to,house_senate_and_agency_entities_disclosed,not_detected_in_activity_text,chamber_entity_context_only_no_specific_target_detected,"NDAA for Fiscal Year 2023 - provisions related to biological and chemical defense and access to naloxone; HR 2617 - Consolidated Appropriations Act, 2023 (Omnibus); HR 1437 - Further Continuing Appropriations and Extensions Act; Opioid and heroin addiction legislation, naloxone access and awareness and opioid prescribing guidelines; Issues...","Manually confirm direction/position and check whether the filing names a target, member, or committee rather than only a chamber/entity.",official_lda_filing_text_bill_identifier; official_lda_activity_text_source_review; deterministic_activity_text_position_signal; disposition_target_review_queue; congressgov_bill_action_metadata_context,manual_disposition_confirmation; sponsor_or_member_target; committee_action_influence; roll_call_influence; legislative_outcome_causality; public_benefit_or_welfare_validation; causal_capture_validation; model_validation,https://lda.gov/filings/public/filing/820e47b3-ed38-4149-a341-b3f7a01a904b/print/; https://lda.gov/api/v1/filings/820e47b3-ed38-4149-a341-b3f7a01a904b/; https://www.congress.gov/bill/117th-congress/hr-bill/1437; https://api.congress.gov/v3/bill/117/hr/1437,"LDA disposition/target source-review queue only; deterministic text signals and possible target references are not manual disposition confirmation, sponsor/member targeting evidence, committee-action influence, roll-call influence, legislative-outcome causality, public benefit, welfare, causal capture, or model validation."
24,6fc0d7b62d1333b9,medium,yes,position_or_activity_signal,117-hr-1437,117-229,Economics and Public Finance,S001207,1,1,1,2018bc02-5d2e-4969-8d83-8fa146ecce2d,2022,4th Quarter (Oct 1 - Dec 31),"JACOBS SOLUTIONS, INC.","JACOBS SOLUTIONS, INC.",Clean Air and Water (quality),H.R. 1437,exact_bill_text_with_position_or_activity_signal,position_or_activity_signal_needs_manual_confirmation,none_detected,none_detected,issues_related_to; related_to,house_and_senate_entities_disclosed,not_detected_in_activity_text,chamber_entity_context_only_no_specific_target_detected,...to public-private partnerships and the U.S. Army Corps of Engineers Issues related to the Environmental Protection Agency Superfund Program Issues related to PRECIP Act (H.R. 1437) Issues related to FLOODS Act (H.R. 1438) Issues related to PFAS and water Issues related to low-income water assistance (HR 3293),"Manually confirm direction/position and check whether the filing names a target, member, or committee rather than only a chamber/entity.",official_lda_filing_text_bill_identifier; official_lda_activity_text_source_review; deterministic_activity_text_position_signal; disposition_target_review_queue; congressgov_bill_action_metadata_context,manual_disposition_confirmation; sponsor_or_member_target; committee_action_influence; roll_call_influence; legislative_outcome_causality; public_benefit_or_welfare_validation; causal_capture_validation; model_validation,https://lda.gov/filings/public/filing/2018bc02-5d2e-4969-8d83-8fa146ecce2d/print/; https://lda.gov/api/v1/filings/2018bc02-5d2e-4969-8d83-8fa146ecce2d/; https://www.congress.gov/bill/117th-congress/hr-bill/1437; https://api.congress.gov/v3/bill/117/hr/1437,"LDA disposition/target source-review queue only; deterministic text signals and possible target references are not manual disposition confirmation, sponsor/member targeting evidence, committee-action influence, roll-call influence, legislative-outcome causality, public benefit, welfare, causal capture, or model validation."
25,7defa48ef90eb116,medium,yes,position_or_activity_signal,117-hr-1652,117-27,Crime and Law Enforcement,N000002,0,1,1,fbf81348-1d2f-4382-b40c-53353f4d4a60,2021,3rd Quarter (July 1 - Sep 30),HERITAGE ACTION FOR AMERICA,HERITAGE ACTION FOR AMERICA,Budget/Appropriations,HR 1652,exact_bill_text_with_position_or_activity_signal,position_or_activity_signal_needs_manual_confirmation,none_detected,none_detected,all_provisions,house_and_senate_entities_disclosed,not_detected_in_activity_text,chamber_entity_context_only_no_specific_target_detected,"...t,"" all provisions. HR 5376 ""Build Back Better Act,"" all provisions. S 2868 ""A bill to temporarily extend the public debt limit until December 16, 2022,"" all provisions. HR 1652 ""VOCA Fix to Sustain the Crime Victims Fund Act of 2021,"" all provisions in SAmdt 2121.","Manually confirm direction/position and check whether the filing names a target, member, or committee rather than only a chamber/entity.",official_lda_filing_text_bill_identifier; official_lda_activity_text_source_review; deterministic_activity_text_position_signal; disposition_target_review_queue; congressgov_bill_action_metadata_context,manual_disposition_confirmation; sponsor_or_member_target; committee_action_influence; roll_call_influence; legislative_outcome_causality; public_benefit_or_welfare_validation; causal_capture_validation; model_validation,https://lda.gov/filings/public/filing/fbf81348-1d2f-4382-b40c-53353f4d4a60/print/; https://lda.gov/api/v1/filings/fbf81348-1d2f-4382-b40c-53353f4d4a60/; https://www.congress.gov/bill/117th-congress/hr-bill/1652; https://api.congress.gov/v3/bill/117/hr/1652,"LDA disposition/target source-review queue only; deterministic text signals and possible target references are not manual disposition confirmation, sponsor/member targeting evidence, committee-action influence, roll-call influence, legislative-outcome causality, public benefit, welfare, causal capture, or model validation."
26,1360e875c9794c58,medium,yes,position_or_activity_signal,117-hr-2472,117-269,Government Operations and Politics,J000292,1,1,1,195ea81a-55cd-499d-828a-651ce18c6b6b,2022,1st Quarter (Jan 1 - Mar 31),AMERICAN VAPOR MANUFACTURERS,"ERVIN GRAVES STRATEGY GROUP, LLC",Budget/Appropriations,HR 2472,exact_bill_text_with_position_or_activity_signal,position_or_activity_signal_needs_manual_confirmation,none_detected,none_detected,position_on,no_government_entity_disclosed,not_detected_in_activity_text,no_government_entity_context_or_specific_target_detected,"Strategic Planning, represent to congress position on appropriations, HR 2472, Consolidated Appropriations Act, Produce background documents on industry.","Manually confirm direction/position and check whether the filing names a target, member, or committee rather than only a chamber/entity.",official_lda_filing_text_bill_identifier; official_lda_activity_text_source_review; deterministic_activity_text_position_signal; disposition_target_review_queue; congressgov_bill_action_metadata_context,manual_disposition_confirmation; sponsor_or_member_target; committee_action_influence; roll_call_influence; legislative_outcome_causality; public_benefit_or_welfare_validation; causal_capture_validation; model_validation,https://lda.gov/filings/public/filing/195ea81a-55cd-499d-828a-651ce18c6b6b/print/; https://lda.gov/api/v1/filings/195ea81a-55cd-499d-828a-651ce18c6b6b/; https://www.congress.gov/bill/117th-congress/hr-bill/2472; https://api.congress.gov/v3/bill/117/hr/2472,"LDA disposition/target source-review queue only; deterministic text signals and possible target references are not manual disposition confirmation, sponsor/member targeting evidence, committee-action influence, roll-call influence, legislative-outcome causality, public benefit, welfare, causal capture, or model validation."
27,2d11138cfd8add19,medium,yes,position_or_activity_signal,117-hr-2472,117-269,Government Operations and Politics,J000292,1,1,1,5306a1b3-7b34-4feb-a539-7dc5e8c6e494,2022,1st Quarter (Jan 1 - Mar 31),AMERICAN VAPOR MANUFACTURERS,"ERVIN GRAVES STRATEGY GROUP, LLC",Budget/Appropriations,HR 2472,exact_bill_text_with_position_or_activity_signal,position_or_activity_signal_needs_manual_confirmation,none_detected,none_detected,position_on,house_and_senate_entities_disclosed,not_detected_in_activity_text,chamber_entity_context_only_no_specific_target_detected,"Strategic Planning, represent to congress position on appropriations, HR 2472, Consolidated Appropriations Act, Produce background documents on industry.","Manually confirm direction/position and check whether the filing names a target, member, or committee rather than only a chamber/entity.",official_lda_filing_text_bill_identifier; official_lda_activity_text_source_review; deterministic_activity_text_position_signal; disposition_target_review_queue; congressgov_bill_action_metadata_context,manual_disposition_confirmation; sponsor_or_member_target; committee_action_influence; roll_call_influence; legislative_outcome_causality; public_benefit_or_welfare_validation; causal_capture_validation; model_validation,https://lda.gov/filings/public/filing/5306a1b3-7b34-4feb-a539-7dc5e8c6e494/print/; https://lda.gov/api/v1/filings/5306a1b3-7b34-4feb-a539-7dc5e8c6e494/; https://www.congress.gov/bill/117th-congress/hr-bill/2472; https://api.congress.gov/v3/bill/117/hr/2472,"LDA disposition/target source-review queue only; deterministic text signals and possible target references are not manual disposition confirmation, sponsor/member targeting evidence, committee-action influence, roll-call influence, legislative-outcome causality, public benefit, welfare, causal capture, or model validation."
28,3a92c15c2f652e57,medium,yes,position_or_activity_signal,117-hr-2472,117-269,Government Operations and Politics,J000292,1,1,1,e34480ef-a959-47bc-819d-9d826f3848b4,2022,2nd Quarter (Apr 1 - June 30),AMERICAN VAPOR MANUFACTURERS,"ERVIN GRAVES STRATEGY GROUP, LLC",Budget/Appropriations,HR 2472,exact_bill_text_with_position_or_activity_signal,position_or_activity_signal_needs_manual_confirmation,none_detected,none_detected,position_on,house_senate_and_agency_entities_disclosed,not_detected_in_activity_text,chamber_entity_context_only_no_specific_target_detected,"Strategic Planning, represent to congress position on appropriations, HR 2472, Consolidated Appropriations Act, Produce background documents on industry.","Manually confirm direction/position and check whether the filing names a target, member, or committee rather than only a chamber/entity.",official_lda_filing_text_bill_identifier; official_lda_activity_text_source_review; deterministic_activity_text_position_signal; disposition_target_review_queue; congressgov_bill_action_metadata_context,manual_disposition_confirmation; sponsor_or_member_target; committee_action_influence; roll_call_influence; legislative_outcome_causality; public_benefit_or_welfare_validation; causal_capture_validation; model_validation,https://lda.gov/filings/public/filing/e34480ef-a959-47bc-819d-9d826f3848b4/print/; https://lda.gov/api/v1/filings/e34480ef-a959-47bc-819d-9d826f3848b4/; https://www.congress.gov/bill/117th-congress/hr-bill/2472; https://api.congress.gov/v3/bill/117/hr/2472,"LDA disposition/target source-review queue only; deterministic text signals and possible target references are not manual disposition confirmation, sponsor/member targeting evidence, committee-action influence, roll-call influence, legislative-outcome causality, public benefit, welfare, causal capture, or model validation."
29,831886f2ff8ed647,medium,yes,position_or_activity_signal,117-hr-2472,117-269,Government Operations and Politics,J000292,1,1,1,f8a74892-f68a-42d1-8769-866dcab3e7cd,2022,3rd Quarter (July 1 - Sep 30),AMERICAN VAPOR MANUFACTURERS,"ERVIN GRAVES STRATEGY GROUP, LLC",Budget/Appropriations,HR 2472,exact_bill_text_with_position_or_activity_signal,position_or_activity_signal_needs_manual_confirmation,none_detected,none_detected,position_on,house_senate_and_agency_entities_disclosed,not_detected_in_activity_text,chamber_entity_context_only_no_specific_target_detected,"Strategic Planning, represent to congress position on appropriations, HR 2472, Consolidated Appropriations Act, Produce background documents on industry.","Manually confirm direction/position and check whether the filing names a target, member, or committee rather than only a chamber/entity.",official_lda_filing_text_bill_identifier; official_lda_activity_text_source_review; deterministic_activity_text_position_signal; disposition_target_review_queue; congressgov_bill_action_metadata_context,manual_disposition_confirmation; sponsor_or_member_target; committee_action_influence; roll_call_influence; legislative_outcome_causality; public_benefit_or_welfare_validation; causal_capture_validation; model_validation,https://lda.gov/filings/public/filing/f8a74892-f68a-42d1-8769-866dcab3e7cd/print/; https://lda.gov/api/v1/filings/f8a74892-f68a-42d1-8769-866dcab3e7cd/; https://www.congress.gov/bill/117th-congress/hr-bill/2472; https://api.congress.gov/v3/bill/117/hr/2472,"LDA disposition/target source-review queue only; deterministic text signals and possible target references are not manual disposition confirmation, sponsor/member targeting evidence, committee-action influence, roll-call influence, legislative-outcome causality, public benefit, welfare, causal capture, or model validation."
30,29485a35998040a5,medium,yes,position_or_activity_signal,117-hr-2472,117-269,Government Operations and Politics,J000292,1,1,1,ca11ae06-ac26-4cdf-bf62-2095b0562718,2022,4th Quarter (Oct 1 - Dec 31),AMERICAN VAPOR MANUFACTURERS,"ERVIN GRAVES STRATEGY GROUP, LLC",Budget/Appropriations,HR 2472,exact_bill_text_with_position_or_activity_signal,position_or_activity_signal_needs_manual_confirmation,none_detected,none_detected,position_on,house_senate_and_agency_entities_disclosed,not_detected_in_activity_text,chamber_entity_context_only_no_specific_target_detected,"Strategic Planning, represent to congress position on appropriations, HR 2472, Consolidated Appropriations Act, Produce background documents on industry.","Manually confirm direction/position and check whether the filing names a target, member, or committee rather than only a chamber/entity.",official_lda_filing_text_bill_identifier; official_lda_activity_text_source_review; deterministic_activity_text_position_signal; disposition_target_review_queue; congressgov_bill_action_metadata_context,manual_disposition_confirmation; sponsor_or_member_target; committee_action_influence; roll_call_influence; legislative_outcome_causality; public_benefit_or_welfare_validation; causal_capture_validation; model_validation,https://lda.gov/filings/public/filing/ca11ae06-ac26-4cdf-bf62-2095b0562718/print/; https://lda.gov/api/v1/filings/ca11ae06-ac26-4cdf-bf62-2095b0562718/; https://www.congress.gov/bill/117th-congress/hr-bill/2472; https://api.congress.gov/v3/bill/117/hr/2472,"LDA disposition/target source-review queue only; deterministic text signals and possible target references are not manual disposition confirmation, sponsor/member targeting evidence, committee-action influence, roll-call influence, legislative-outcome causality, public benefit, welfare, causal capture, or model validation."
31,53ba7c18c0da91eb,medium,yes,position_or_activity_signal,117-hr-2472,117-269,Government Operations and Politics,J000292,1,1,1,25e4a05b-cdff-4e7f-9940-f37fe63b41a2,2022,4th Quarter (Oct 1 - Dec 31),AMERICAN VAPOR MANUFACTURERS,"ERVIN GRAVES STRATEGY GROUP, LLC",Budget/Appropriations,HR 2472,exact_bill_text_with_position_or_activity_signal,position_or_activity_signal_needs_manual_confirmation,none_detected,none_detected,position_on,house_senate_and_agency_entities_disclosed,not_detected_in_activity_text,chamber_entity_context_only_no_specific_target_detected,"Strategic Planning, represent to congress position on appropriations, HR 2472, Consolidated Appropriations Act, Produce background documents on industry.","Manually confirm direction/position and check whether the filing names a target, member, or committee rather than only a chamber/entity.",official_lda_filing_text_bill_identifier; official_lda_activity_text_source_review; deterministic_activity_text_position_signal; disposition_target_review_queue; congressgov_bill_action_metadata_context,manual_disposition_confirmation; sponsor_or_member_target; committee_action_influence; roll_call_influence; legislative_outcome_causality; public_benefit_or_welfare_validation; causal_capture_validation; model_validation,https://lda.gov/filings/public/filing/25e4a05b-cdff-4e7f-9940-f37fe63b41a2/print/; https://lda.gov/api/v1/filings/25e4a05b-cdff-4e7f-9940-f37fe63b41a2/; https://www.congress.gov/bill/117th-congress/hr-bill/2472; https://api.congress.gov/v3/bill/117/hr/2472,"LDA disposition/target source-review queue only; deterministic text signals and possible target references are not manual disposition confirmation, sponsor/member targeting evidence, committee-action influence, roll-call influence, legislative-outcome causality, public benefit, welfare, causal capture, or model validation."
32,0341436cbfda2897,medium,yes,support_signal,117-hr-4346,117-167,"Science, Technology, Communications",R000577,1,1,1,1ad6b10c-8088-48c3-bef5-0a3c8f488309,2021,2nd Quarter (Apr 1 - June 30),COLORADO STATE UNIVERSITY FOUNDATION,WOODBERRY ASSOCIATES,Budget/Appropriations,HR 4346,exact_bill_text_with_explicit_support_signal,support_signal_needs_manual_confirmation,support_for,none_detected,none_detected,house_senate_and_agency_entities_disclosed,not_detected_in_activity_text,chamber_entity_context_only_no_specific_target_detected,...tive institutes HR 4432 Defense Appropriations - support for university research partnerships Energy and Water Appropriations - support for LaserNetUS and flood research HR 4346 Interior/Environment Appropriations - support for university funding Labor/HHS/Education appropriations - support for an engineering research partnership FY 22 appropria...,"Manually confirm direction/position and check whether the filing names a target, member, or committee rather than only a chamber/entity.",official_lda_filing_text_bill_identifier; official_lda_activity_text_source_review; deterministic_activity_text_position_signal; disposition_target_review_queue; congressgov_bill_action_metadata_context,manual_disposition_confirmation; sponsor_or_member_target; committee_action_influence; roll_call_influence; legislative_outcome_causality; public_benefit_or_welfare_validation; causal_capture_validation; model_validation,https://lda.gov/filings/public/filing/1ad6b10c-8088-48c3-bef5-0a3c8f488309/print/; https://lda.gov/api/v1/filings/1ad6b10c-8088-48c3-bef5-0a3c8f488309/; https://www.congress.gov/bill/117th-congress/hr-bill/4346; https://api.congress.gov/v3/bill/117/hr/4346,"LDA disposition/target source-review queue only; deterministic text signals and possible target references are not manual disposition confirmation, sponsor/member targeting evidence, committee-action influence, roll-call influence, legislative-outcome causality, public benefit, welfare, causal capture, or model validation."
33,7903f2a3137a5fae,medium,yes,support_signal,117-hr-4346,117-167,"Science, Technology, Communications",R000577,1,1,1,d4705d95-af56-4c7f-9f3c-474b3feae9f6,2021,3rd Quarter (July 1 - Sep 30),COLORADO STATE UNIVERSITY FOUNDATION,WOODBERRY ASSOCIATES,Budget/Appropriations,HR 4346,exact_bill_text_with_explicit_support_signal,support_signal_needs_manual_confirmation,support_for,none_detected,none_detected,house_senate_and_agency_entities_disclosed,not_detected_in_activity_text,chamber_entity_context_only_no_specific_target_detected,...tive institutes HR 4432 Defense Appropriations - support for university research partnerships Energy and Water Appropriations - support for LaserNetUS and flood research HR 4346 Interior/Environment Appropriations - support for university funding Labor/HHS/Education appropriations - support for engineering research partnership FY 22 appropriatio...,"Manually confirm direction/position and check whether the filing names a target, member, or committee rather than only a chamber/entity.",official_lda_filing_text_bill_identifier; official_lda_activity_text_source_review; deterministic_activity_text_position_signal; disposition_target_review_queue; congressgov_bill_action_metadata_context,manual_disposition_confirmation; sponsor_or_member_target; committee_action_influence; roll_call_influence; legislative_outcome_causality; public_benefit_or_welfare_validation; causal_capture_validation; model_validation,https://lda.gov/filings/public/filing/d4705d95-af56-4c7f-9f3c-474b3feae9f6/print/; https://lda.gov/api/v1/filings/d4705d95-af56-4c7f-9f3c-474b3feae9f6/; https://www.congress.gov/bill/117th-congress/hr-bill/4346; https://api.congress.gov/v3/bill/117/hr/4346,"LDA disposition/target source-review queue only; deterministic text signals and possible target references are not manual disposition confirmation, sponsor/member targeting evidence, committee-action influence, roll-call influence, legislative-outcome causality, public benefit, welfare, causal capture, or model validation."
34,070876384143be76,medium,yes,position_or_activity_signal,117-hr-4346,117-167,"Science, Technology, Communications",R000577,1,1,1,9bdf7e6f-90d3-4ec6-b273-85f3b7af7cc7,2022,3rd Quarter (July 1 - Sep 30),"DPWN HOLDINGS (USA) INC. (FORMERLY KNOWN AS DEUTSCHE POST WORLD NET-USA, INC.)","DPWN HOLDINGS (USA) INC. (FORMERLY KNOWN AS DEUTSCHE POST WORLD NET USA, INC.)",Homeland Security,H.R. 4346,exact_bill_text_with_position_or_activity_signal,position_or_activity_signal_needs_manual_confirmation,none_detected,none_detected,related_to,house_and_senate_entities_disclosed,not_detected_in_activity_text,chamber_entity_context_only_no_specific_target_detected,"...the current de minimis level. S. 3600 Cyber Incident Reporting for Critical Infrastructure Act-clarifications related to reporting timing and recordkeeping requirements. H.R. 4346 - The CHIPS and Science Act (P.L. 117-167, H.R. 6413 - Import and Security Fairness Act Discussions related to the draft The Customs Modernization Act of 2021 to update...","Manually confirm direction/position and check whether the filing names a target, member, or committee rather than only a chamber/entity.",official_lda_filing_text_bill_identifier; official_lda_activity_text_source_review; deterministic_activity_text_position_signal; disposition_target_review_queue; congressgov_bill_action_metadata_context,manual_disposition_confirmation; sponsor_or_member_target; committee_action_influence; roll_call_influence; legislative_outcome_causality; public_benefit_or_welfare_validation; causal_capture_validation; model_validation,https://lda.gov/filings/public/filing/9bdf7e6f-90d3-4ec6-b273-85f3b7af7cc7/print/; https://lda.gov/api/v1/filings/9bdf7e6f-90d3-4ec6-b273-85f3b7af7cc7/; https://www.congress.gov/bill/117th-congress/hr-bill/4346; https://api.congress.gov/v3/bill/117/hr/4346,"LDA disposition/target source-review queue only; deterministic text signals and possible target references are not manual disposition confirmation, sponsor/member targeting evidence, committee-action influence, roll-call influence, legislative-outcome causality, public benefit, welfare, causal capture, or model validation."
35,165eefd2ee878ec4,medium,yes,position_or_activity_signal,117-hr-4346,117-167,"Science, Technology, Communications",R000577,1,1,1,ea429bd1-cc39-471a-9421-cf62e8709ebb,2022,3rd Quarter (July 1 - Sep 30),REDWIRE SPACE INC F/K/A MADE IN SPACE,"K&L GATES, LLP",Aerospace,HR 4346,exact_bill_text_with_position_or_activity_signal,position_or_activity_signal_needs_manual_confirmation,none_detected,none_detected,issues_related_to; related_to,house_and_senate_entities_disclosed,not_detected_in_activity_text,chamber_entity_context_only_no_specific_target_detected,"...n-space servicing, assembly, and manufacturing. H.R. 7900/S. 4543 National Defense Authorization Act - issues related to in-space servicing, assembly, and manufacturing. HR 4346 - CHIPS and Science Act - issues related to NASA.","Manually confirm direction/position and check whether the filing names a target, member, or committee rather than only a chamber/entity.",official_lda_filing_text_bill_identifier; official_lda_activity_text_source_review; deterministic_activity_text_position_signal; disposition_target_review_queue; congressgov_bill_action_metadata_context,manual_disposition_confirmation; sponsor_or_member_target; committee_action_influence; roll_call_influence; legislative_outcome_causality; public_benefit_or_welfare_validation; causal_capture_validation; model_validation,https://lda.gov/filings/public/filing/ea429bd1-cc39-471a-9421-cf62e8709ebb/print/; https://lda.gov/api/v1/filings/ea429bd1-cc39-471a-9421-cf62e8709ebb/; https://www.congress.gov/bill/117th-congress/hr-bill/4346; https://api.congress.gov/v3/bill/117/hr/4346,"LDA disposition/target source-review queue only; deterministic text signals and possible target references are not manual disposition confirmation, sponsor/member targeting evidence, committee-action influence, roll-call influence, legislative-outcome causality, public benefit, welfare, causal capture, or model validation."
36,69f27411d3f1099d,medium,yes,position_or_activity_signal,117-hr-4346,117-167,"Science, Technology, Communications",R000577,1,1,1,8225a597-08b2-4920-a7a2-1b1df0713efd,2022,3rd Quarter (July 1 - Sep 30),THE BUSINESS ROUNDTABLE,TIBER CREEK GROUP,Trade (domestic/foreign),HR 4346,exact_bill_text_with_position_or_activity_signal,position_or_activity_signal_needs_manual_confirmation,none_detected,none_detected,issues_related_to; related_to; monitoring; regarding,house_and_senate_entities_disclosed,not_detected_in_activity_text,chamber_entity_context_only_no_specific_target_detected,"...issues regarding the United States-Mexico-Canada Agreement (USMCA) (PL 116-113); Monitor issues related to Section 232 and 301 tariffs; Monitor issues related to China; HR 4346, the CHIPS and Science Act (PL 117-167).","Manually confirm direction/position and check whether the filing names a target, member, or committee rather than only a chamber/entity.",official_lda_filing_text_bill_identifier; official_lda_activity_text_source_review; deterministic_activity_text_position_signal; disposition_target_review_queue; congressgov_bill_action_metadata_context,manual_disposition_confirmation; sponsor_or_member_target; committee_action_influence; roll_call_influence; legislative_outcome_causality; public_benefit_or_welfare_validation; causal_capture_validation; model_validation,https://lda.gov/filings/public/filing/8225a597-08b2-4920-a7a2-1b1df0713efd/print/; https://lda.gov/api/v1/filings/8225a597-08b2-4920-a7a2-1b1df0713efd/; https://www.congress.gov/bill/117th-congress/hr-bill/4346; https://api.congress.gov/v3/bill/117/hr/4346,"LDA disposition/target source-review queue only; deterministic text signals and possible target references are not manual disposition confirmation, sponsor/member targeting evidence, committee-action influence, roll-call influence, legislative-outcome causality, public benefit, welfare, causal capture, or model validation."
37,16dd70d69599a68f,medium,yes,position_or_activity_signal,117-hr-4346,117-167,"Science, Technology, Communications",R000577,1,1,1,7bf5f462-852e-4962-9312-d359fa0d61e2,2022,3rd Quarter (July 1 - Sep 30),TOYOTA MOTOR NORTH AMERICA INC (TMA),"TOYOTA MOTOR NORTH AMERICA, INC. (TMA)",Science/Technology,HR 4346,exact_bill_text_with_position_or_activity_signal,position_or_activity_signal_needs_manual_confirmation,none_detected,none_detected,issues_related_to; related_to,house_and_senate_entities_disclosed,not_detected_in_activity_text,chamber_entity_context_only_no_specific_target_detected,...ed to vehicle data access Issues related to cybersecurity Issues related to artificial intelligence USICA: S.1280 H.R.6570 - REPAIR Act CHIPS and Science Act PL 117-167 (HR 4346),"Manually confirm direction/position and check whether the filing names a target, member, or committee rather than only a chamber/entity.",official_lda_filing_text_bill_identifier; official_lda_activity_text_source_review; deterministic_activity_text_position_signal; disposition_target_review_queue; congressgov_bill_action_metadata_context,manual_disposition_confirmation; sponsor_or_member_target; committee_action_influence; roll_call_influence; legislative_outcome_causality; public_benefit_or_welfare_validation; causal_capture_validation; model_validation,https://lda.gov/filings/public/filing/7bf5f462-852e-4962-9312-d359fa0d61e2/print/; https://lda.gov/api/v1/filings/7bf5f462-852e-4962-9312-d359fa0d61e2/; https://www.congress.gov/bill/117th-congress/hr-bill/4346; https://api.congress.gov/v3/bill/117/hr/4346,"LDA disposition/target source-review queue only; deterministic text signals and possible target references are not manual disposition confirmation, sponsor/member targeting evidence, committee-action influence, roll-call influence, legislative-outcome causality, public benefit, welfare, causal capture, or model validation."
38,bd8984d7e8b22d21,medium,yes,support_signal,117-hr-5376,117-169,Economics and Public Finance,Y000062,1,1,1,a8222b62-a1c5-442c-bded-2ae60e7621b9,2021,3rd Quarter (July 1 - Sep 30),AMERICAN SMALL MANUFACTURERS COALITION,AMERICAN SMALL MANUFACTURERS COALITION,Budget/Appropriations,HR 5376,exact_bill_text_with_explicit_support_signal,support_signal_needs_manual_confirmation,in_support_of,none_detected,none_detected,house_and_senate_entities_disclosed,not_detected_in_activity_text,chamber_entity_context_only_no_specific_target_detected,...to Manufacturing Extension Partnership funding. HR 5305 - Extending Government Funding and Delivering Emergency Assistance Act - in support of continued funding for MEP. HR 5376 - Build Back Better Act in support of MEP program funding.,"Manually confirm direction/position and check whether the filing names a target, member, or committee rather than only a chamber/entity.",official_lda_filing_text_bill_identifier; official_lda_activity_text_source_review; deterministic_activity_text_position_signal; disposition_target_review_queue; congressgov_bill_action_metadata_context,manual_disposition_confirmation; sponsor_or_member_target; committee_action_influence; roll_call_influence; legislative_outcome_causality; public_benefit_or_welfare_validation; causal_capture_validation; model_validation,https://lda.gov/filings/public/filing/a8222b62-a1c5-442c-bded-2ae60e7621b9/print/; https://lda.gov/api/v1/filings/a8222b62-a1c5-442c-bded-2ae60e7621b9/; https://www.congress.gov/bill/117th-congress/hr-bill/5376; https://api.congress.gov/v3/bill/117/hr/5376,"LDA disposition/target source-review queue only; deterministic text signals and possible target references are not manual disposition confirmation, sponsor/member targeting evidence, committee-action influence, roll-call influence, legislative-outcome causality, public benefit, welfare, causal capture, or model validation."
39,505390e415279046,medium,yes,position_or_activity_signal,117-hr-5376,117-169,Economics and Public Finance,Y000062,1,1,1,0dd9af3a-357f-462c-aa87-1532e8994603,2021,3rd Quarter (July 1 - Sep 30),AMERICAN SUGAR ALLIANCE,"COMBEST, SELL & ASSOCIATES, LLC",Budget/Appropriations,HR 5376,exact_bill_text_with_position_or_activity_signal,position_or_activity_signal_needs_manual_confirmation,none_detected,none_detected,regarding,house_senate_and_agency_entities_disclosed,not_detected_in_activity_text,chamber_entity_context_only_no_specific_target_detected,"SConRes 14, FY 2022 Budget Resolution regarding agricultural functions generally. HR 5376, FY 2022 Budget Reconciliation package regarding agricultural policy and tax policy affecting agriculture. HR 5305 (CR), HR 4502 (Consolidated Approps), HR 4356 and S 25...","Manually confirm direction/position and check whether the filing names a target, member, or committee rather than only a chamber/entity.",official_lda_filing_text_bill_identifier; official_lda_activity_text_source_review; deterministic_activity_text_position_signal; disposition_target_review_queue; congressgov_bill_action_metadata_context,manual_disposition_confirmation; sponsor_or_member_target; committee_action_influence; roll_call_influence; legislative_outcome_causality; public_benefit_or_welfare_validation; causal_capture_validation; model_validation,https://lda.gov/filings/public/filing/0dd9af3a-357f-462c-aa87-1532e8994603/print/; https://lda.gov/api/v1/filings/0dd9af3a-357f-462c-aa87-1532e8994603/; https://www.congress.gov/bill/117th-congress/hr-bill/5376; https://api.congress.gov/v3/bill/117/hr/5376,"LDA disposition/target source-review queue only; deterministic text signals and possible target references are not manual disposition confirmation, sponsor/member targeting evidence, committee-action influence, roll-call influence, legislative-outcome causality, public benefit, welfare, causal capture, or model validation."
40,f16398fd27ec3532,medium,yes,position_or_activity_signal,117-hr-5376,117-169,Economics and Public Finance,Y000062,1,1,1,1eaee5b9-2aec-460b-91ae-b0c2e25f105b,2021,3rd Quarter (July 1 - Sep 30),BLOOM ENERGY,BLOOM ENERGY,Taxation/Internal Revenue Code,H.R. 5376,exact_bill_text_with_position_or_activity_signal,position_or_activity_signal_needs_manual_confirmation,none_detected,none_detected,issues_related_to; related_to,house_and_senate_entities_disclosed,not_detected_in_activity_text,chamber_entity_context_only_no_specific_target_detected,"...H.R. 848 - GREEN Act of 2021 - issues related to the treatment of fuel cells under the Section 48 investment tax credit. S. 1807 - Clean H2 Production Act - entire bill. H.R. 5376 - Build Back Better Act - Issues related to the treatment of fuel cells, electrolyzers, hydrogen, and carbon capture. S. 2118 - Clean Energy for America Act - Issues rel...","Manually confirm direction/position and check whether the filing names a target, member, or committee rather than only a chamber/entity.",official_lda_filing_text_bill_identifier; official_lda_activity_text_source_review; deterministic_activity_text_position_signal; disposition_target_review_queue; congressgov_bill_action_metadata_context,manual_disposition_confirmation; sponsor_or_member_target; committee_action_influence; roll_call_influence; legislative_outcome_causality; public_benefit_or_welfare_validation; causal_capture_validation; model_validation,https://lda.gov/filings/public/filing/1eaee5b9-2aec-460b-91ae-b0c2e25f105b/print/; https://lda.gov/api/v1/filings/1eaee5b9-2aec-460b-91ae-b0c2e25f105b/; https://www.congress.gov/bill/117th-congress/hr-bill/5376; https://api.congress.gov/v3/bill/117/hr/5376,"LDA disposition/target source-review queue only; deterministic text signals and possible target references are not manual disposition confirmation, sponsor/member targeting evidence, committee-action influence, roll-call influence, legislative-outcome causality, public benefit, welfare, causal capture, or model validation."
41,631ce16f77a8fe5e,medium,yes,support_signal,117-hr-5376,117-169,Economics and Public Finance,Y000062,1,1,1,ba29888d-2b4b-46ce-89bf-bfc25d145d19,2021,3rd Quarter (July 1 - Sep 30),BUILDING AND CONSTRUCTION TRADES DEPT AFL-CIO,"BUILDING AND CONSTRUCTION TRADES DEPT., AFL-CIO",Budget/Appropriations,HR 5376,exact_bill_text_with_explicit_support_signal,support_signal_needs_manual_confirmation,advocacy_for,none_detected,lobbied_for_or_on,house_senate_and_agency_entities_disclosed,not_detected_in_activity_text,chamber_entity_context_only_no_specific_target_detected,"...- House Fiscal Year 2022 Energy and Water Appropriations - Lobbied for the full funding of advanced nuclear programs, energy related projects, and nuclear cleanup sites. HR 5376 - The Build Back Better Act - Advocated for the inclusion of energy provisions and labor policies. No bill number. Lobbied on inclusion of school construction funding fo...","Manually confirm direction/position and check whether the filing names a target, member, or committee rather than only a chamber/entity.",official_lda_filing_text_bill_identifier; official_lda_activity_text_source_review; deterministic_activity_text_position_signal; disposition_target_review_queue; congressgov_bill_action_metadata_context,manual_disposition_confirmation; sponsor_or_member_target; committee_action_influence; roll_call_influence; legislative_outcome_causality; public_benefit_or_welfare_validation; causal_capture_validation; model_validation,https://lda.gov/filings/public/filing/ba29888d-2b4b-46ce-89bf-bfc25d145d19/print/; https://lda.gov/api/v1/filings/ba29888d-2b4b-46ce-89bf-bfc25d145d19/; https://www.congress.gov/bill/117th-congress/hr-bill/5376; https://api.congress.gov/v3/bill/117/hr/5376,"LDA disposition/target source-review queue only; deterministic text signals and possible target references are not manual disposition confirmation, sponsor/member targeting evidence, committee-action influence, roll-call influence, legislative-outcome causality, public benefit, welfare, causal capture, or model validation."
42,b2767c09c1602b94,medium,yes,position_or_activity_signal,117-hr-5376,117-169,Economics and Public Finance,Y000062,1,1,1,9fe0e958-1343-4170-a6b4-ffa3c0f4e80c,2021,3rd Quarter (July 1 - Sep 30),COTTON WAREHOUSE ASSOCIATION OF AMERICA,"COMBEST, SELL & ASSOCIATES, LLC",Budget/Appropriations,HR 5376,exact_bill_text_with_position_or_activity_signal,position_or_activity_signal_needs_manual_confirmation,none_detected,none_detected,regarding,house_senate_and_agency_entities_disclosed,not_detected_in_activity_text,chamber_entity_context_only_no_specific_target_detected,"SConRes 14, FY 2022 Budget Resolution regarding agricultural functions generally. HR 5376, FY 2022 Budget Reconciliation package regarding agricultural policy and tax policy affecting agriculture and small business. HR 5305 (CR), HR 4502 (Consolidated Approps...","Manually confirm direction/position and check whether the filing names a target, member, or committee rather than only a chamber/entity.",official_lda_filing_text_bill_identifier; official_lda_activity_text_source_review; deterministic_activity_text_position_signal; disposition_target_review_queue; congressgov_bill_action_metadata_context,manual_disposition_confirmation; sponsor_or_member_target; committee_action_influence; roll_call_influence; legislative_outcome_causality; public_benefit_or_welfare_validation; causal_capture_validation; model_validation,https://lda.gov/filings/public/filing/9fe0e958-1343-4170-a6b4-ffa3c0f4e80c/print/; https://lda.gov/api/v1/filings/9fe0e958-1343-4170-a6b4-ffa3c0f4e80c/; https://www.congress.gov/bill/117th-congress/hr-bill/5376; https://api.congress.gov/v3/bill/117/hr/5376,"LDA disposition/target source-review queue only; deterministic text signals and possible target references are not manual disposition confirmation, sponsor/member targeting evidence, committee-action influence, roll-call influence, legislative-outcome causality, public benefit, welfare, causal capture, or model validation."
43,b6c88675df845397,medium,yes,position_or_activity_signal,117-hr-5376,117-169,Economics and Public Finance,Y000062,1,1,1,44dd9d4b-5c99-4ddf-949a-92216a04417d,2021,3rd Quarter (July 1 - Sep 30),CROP INSURANCE PROFESSIONAL ASSOCIATION LLC (NEW NAME),"COMBEST, SELL & ASSOCIATES, LLC",Budget/Appropriations,HR 5376,exact_bill_text_with_position_or_activity_signal,position_or_activity_signal_needs_manual_confirmation,none_detected,none_detected,regarding,house_senate_and_agency_entities_disclosed,not_detected_in_activity_text,chamber_entity_context_only_no_specific_target_detected,"SConRes 14, FY 2022 Budget Resolution regarding agricultural functions generally. HR 5376, FY 2022 Budget Reconciliation package regarding agricultural policy and tax policy affecting agriculture. HR 5305 (CR), HR 4502 (Consolidated Approps), HR 4356 and S 25...","Manually confirm direction/position and check whether the filing names a target, member, or committee rather than only a chamber/entity.",official_lda_filing_text_bill_identifier; official_lda_activity_text_source_review; deterministic_activity_text_position_signal; disposition_target_review_queue; congressgov_bill_action_metadata_context,manual_disposition_confirmation; sponsor_or_member_target; committee_action_influence; roll_call_influence; legislative_outcome_causality; public_benefit_or_welfare_validation; causal_capture_validation; model_validation,https://lda.gov/filings/public/filing/44dd9d4b-5c99-4ddf-949a-92216a04417d/print/; https://lda.gov/api/v1/filings/44dd9d4b-5c99-4ddf-949a-92216a04417d/; https://www.congress.gov/bill/117th-congress/hr-bill/5376; https://api.congress.gov/v3/bill/117/hr/5376,"LDA disposition/target source-review queue only; deterministic text signals and possible target references are not manual disposition confirmation, sponsor/member targeting evidence, committee-action influence, roll-call influence, legislative-outcome causality, public benefit, welfare, causal capture, or model validation."
44,dd692e72cfc4e41c,medium,yes,position_or_activity_signal,117-hr-5376,117-169,Economics and Public Finance,Y000062,1,1,1,85f5141f-5f75-4cb2-9e52-be520ad48733,2021,3rd Quarter (July 1 - Sep 30),CROP INSURANCE PROFESSIONAL ASSOCIATION LLC (NEW NAME),"COMBEST, SELL & ASSOCIATES, LLC",Budget/Appropriations,HR 5376,exact_bill_text_with_position_or_activity_signal,position_or_activity_signal_needs_manual_confirmation,none_detected,none_detected,regarding,house_senate_and_agency_entities_disclosed,not_detected_in_activity_text,chamber_entity_context_only_no_specific_target_detected,"SConRes 14, FY 2022 Budget Resolution regarding agricultural functions generally. HR 5376, FY 2022 Budget Reconciliation package regarding agricultural policy and tax policy affecting agriculture. HR 5305 (CR), HR 4502 (Consolidated Approps), HR 4356 and S 25...","Manually confirm direction/position and check whether the filing names a target, member, or committee rather than only a chamber/entity.",official_lda_filing_text_bill_identifier; official_lda_activity_text_source_review; deterministic_activity_text_position_signal; disposition_target_review_queue; congressgov_bill_action_metadata_context,manual_disposition_confirmation; sponsor_or_member_target; committee_action_influence; roll_call_influence; legislative_outcome_causality; public_benefit_or_welfare_validation; causal_capture_validation; model_validation,https://lda.gov/filings/public/filing/85f5141f-5f75-4cb2-9e52-be520ad48733/print/; https://lda.gov/api/v1/filings/85f5141f-5f75-4cb2-9e52-be520ad48733/; https://www.congress.gov/bill/117th-congress/hr-bill/5376; https://api.congress.gov/v3/bill/117/hr/5376,"LDA disposition/target source-review queue only; deterministic text signals and possible target references are not manual disposition confirmation, sponsor/member targeting evidence, committee-action influence, roll-call influence, legislative-outcome causality, public benefit, welfare, causal capture, or model validation."
45,64f64754e9c80ec4,medium,yes,position_or_activity_signal,117-hr-5376,117-169,Economics and Public Finance,Y000062,1,1,1,b2f0f557-3d8a-4286-94ad-b6f432fb2473,2021,3rd Quarter (July 1 - Sep 30),MINNESOTA CORN GROWERS,"COMBEST, SELL & ASSOCIATES, LLC",Budget/Appropriations,HR 5376,exact_bill_text_with_position_or_activity_signal,position_or_activity_signal_needs_manual_confirmation,none_detected,none_detected,regarding,house_senate_and_agency_entities_disclosed,not_detected_in_activity_text,chamber_entity_context_only_no_specific_target_detected,"SConRes 14, FY 2022 Budget Resolution regarding agricultural functions generally. HR 5376, FY 2022 Budget Reconciliation package regarding agricultural policy and tax policy affecting agriculture. HR 5305 (CR), HR 4502 (Consolidated Approps), HR 4356 and S 25...","Manually confirm direction/position and check whether the filing names a target, member, or committee rather than only a chamber/entity.",official_lda_filing_text_bill_identifier; official_lda_activity_text_source_review; deterministic_activity_text_position_signal; disposition_target_review_queue; congressgov_bill_action_metadata_context,manual_disposition_confirmation; sponsor_or_member_target; committee_action_influence; roll_call_influence; legislative_outcome_causality; public_benefit_or_welfare_validation; causal_capture_validation; model_validation,https://lda.gov/filings/public/filing/b2f0f557-3d8a-4286-94ad-b6f432fb2473/print/; https://lda.gov/api/v1/filings/b2f0f557-3d8a-4286-94ad-b6f432fb2473/; https://www.congress.gov/bill/117th-congress/hr-bill/5376; https://api.congress.gov/v3/bill/117/hr/5376,"LDA disposition/target source-review queue only; deterministic text signals and possible target references are not manual disposition confirmation, sponsor/member targeting evidence, committee-action influence, roll-call influence, legislative-outcome causality, public benefit, welfare, causal capture, or model validation."
46,68145dc339995b05,medium,yes,position_or_activity_signal,117-hr-5376,117-169,Economics and Public Finance,Y000062,1,1,1,4ebca367-160c-4e16-8d94-7561176a4bf0,2021,3rd Quarter (July 1 - Sep 30),MINNESOTA CORN GROWERS,"COMBEST, SELL & ASSOCIATES, LLC",Budget/Appropriations,HR 5376,exact_bill_text_with_position_or_activity_signal,position_or_activity_signal_needs_manual_confirmation,none_detected,none_detected,regarding,house_senate_and_agency_entities_disclosed,not_detected_in_activity_text,chamber_entity_context_only_no_specific_target_detected,"SConRes 14, FY 2022 Budget Resolution regarding agricultural functions generally. HR 5376, FY 2022 Budget Reconciliation package regarding agricultural policy and tax policy affecting agriculture. HR 5305 (CR), HR 4502 (Consolidated Approps), HR 4356 and S 25...","Manually confirm direction/position and check whether the filing names a target, member, or committee rather than only a chamber/entity.",official_lda_filing_text_bill_identifier; official_lda_activity_text_source_review; deterministic_activity_text_position_signal; disposition_target_review_queue; congressgov_bill_action_metadata_context,manual_disposition_confirmation; sponsor_or_member_target; committee_action_influence; roll_call_influence; legislative_outcome_causality; public_benefit_or_welfare_validation; causal_capture_validation; model_validation,https://lda.gov/filings/public/filing/4ebca367-160c-4e16-8d94-7561176a4bf0/print/; https://lda.gov/api/v1/filings/4ebca367-160c-4e16-8d94-7561176a4bf0/; https://www.congress.gov/bill/117th-congress/hr-bill/5376; https://api.congress.gov/v3/bill/117/hr/5376,"LDA disposition/target source-review queue only; deterministic text signals and possible target references are not manual disposition confirmation, sponsor/member targeting evidence, committee-action influence, roll-call influence, legislative-outcome causality, public benefit, welfare, causal capture, or model validation."
47,e3251d1d37e1d08e,medium,yes,position_or_activity_signal,117-hr-5376,117-169,Economics and Public Finance,Y000062,1,1,1,58ff26ab-7a31-4a1f-81f7-361f5bc4702e,2021,3rd Quarter (July 1 - Sep 30),NATIONAL RURAL ELECTRIC COOPERATIVE ASSOCIATION,"COMBEST, SELL & ASSOCIATES, LLC",Budget/Appropriations,HR 5376,exact_bill_text_with_position_or_activity_signal,position_or_activity_signal_needs_manual_confirmation,none_detected,none_detected,regarding,house_and_senate_entities_disclosed,not_detected_in_activity_text,chamber_entity_context_only_no_specific_target_detected,"SConRes 14, FY 2022 Budget Resolution regarding RUS provisions. HR 5376, FY 2022 Budget Reconciliation package regarding RUS provisions. HR 5305 (CR), HR 4502 (Consolidated Approps), HR 4356 and S 2599 Agriculture Appropriations bills regard...","Manually confirm direction/position and check whether the filing names a target, member, or committee rather than only a chamber/entity.",official_lda_filing_text_bill_identifier; official_lda_activity_text_source_review; deterministic_activity_text_position_signal; disposition_target_review_queue; congressgov_bill_action_metadata_context,manual_disposition_confirmation; sponsor_or_member_target; committee_action_influence; roll_call_influence; legislative_outcome_causality; public_benefit_or_welfare_validation; causal_capture_validation; model_validation,https://lda.gov/filings/public/filing/58ff26ab-7a31-4a1f-81f7-361f5bc4702e/print/; https://lda.gov/api/v1/filings/58ff26ab-7a31-4a1f-81f7-361f5bc4702e/; https://www.congress.gov/bill/117th-congress/hr-bill/5376; https://api.congress.gov/v3/bill/117/hr/5376,"LDA disposition/target source-review queue only; deterministic text signals and possible target references are not manual disposition confirmation, sponsor/member targeting evidence, committee-action influence, roll-call influence, legislative-outcome causality, public benefit, welfare, causal capture, or model validation."
48,4cd026f767c1c056,medium,yes,position_or_activity_signal,117-hr-5376,117-169,Economics and Public Finance,Y000062,1,1,1,5dbc8a2d-f59f-4f79-94b6-fb5d0b1abee1,2021,3rd Quarter (July 1 - Sep 30),NATIONAL SORGHUM PRODUCERS,"COMBEST, SELL & ASSOCIATES, LLC",Budget/Appropriations,HR 5376,exact_bill_text_with_position_or_activity_signal,position_or_activity_signal_needs_manual_confirmation,none_detected,none_detected,regarding,house_senate_and_agency_entities_disclosed,not_detected_in_activity_text,chamber_entity_context_only_no_specific_target_detected,"SConRes 14, FY 2022 Budget Resolution regarding agricultural functions generally. HR 5376, FY 2022 Budget Reconciliation package regarding agricultural policy and tax policy affecting agriculture. HR 5305 (CR), HR 4502 (Consolidated Approps), HR 4356 and S 25...","Manually confirm direction/position and check whether the filing names a target, member, or committee rather than only a chamber/entity.",official_lda_filing_text_bill_identifier; official_lda_activity_text_source_review; deterministic_activity_text_position_signal; disposition_target_review_queue; congressgov_bill_action_metadata_context,manual_disposition_confirmation; sponsor_or_member_target; committee_action_influence; roll_call_influence; legislative_outcome_causality; public_benefit_or_welfare_validation; causal_capture_validation; model_validation,https://lda.gov/filings/public/filing/5dbc8a2d-f59f-4f79-94b6-fb5d0b1abee1/print/; https://lda.gov/api/v1/filings/5dbc8a2d-f59f-4f79-94b6-fb5d0b1abee1/; https://www.congress.gov/bill/117th-congress/hr-bill/5376; https://api.congress.gov/v3/bill/117/hr/5376,"LDA disposition/target source-review queue only; deterministic text signals and possible target references are not manual disposition confirmation, sponsor/member targeting evidence, committee-action influence, roll-call influence, legislative-outcome causality, public benefit, welfare, causal capture, or model validation."
49,6951cfbfa45427db,medium,yes,support_signal,117-hr-5376,117-169,Economics and Public Finance,Y000062,1,1,1,d71683c9-433e-4eeb-bb04-431870a5ff16,2021,3rd Quarter (July 1 - Sep 30),OREGON STATE UNIVERSITY,OREGON STATE UNIVERSITY,Science/Technology,HR 5376,exact_bill_text_with_explicit_support_signal,support_signal_needs_manual_confirmation,support_for,none_detected,none_detected,house_and_senate_entities_disclosed,not_detected_in_activity_text,chamber_entity_context_only_no_specific_target_detected,"...cy Assistance Act) Support for agriculture, oceans, wildfire related climate research investment to NSF, NOAA, Agriculture (HR 3684 Infrastructure Investment & Jobs Act; HR 5376 Build Back Better Act)","Manually confirm direction/position and check whether the filing names a target, member, or committee rather than only a chamber/entity.",official_lda_filing_text_bill_identifier; official_lda_activity_text_source_review; deterministic_activity_text_position_signal; disposition_target_review_queue; congressgov_bill_action_metadata_context,manual_disposition_confirmation; sponsor_or_member_target; committee_action_influence; roll_call_influence; legislative_outcome_causality; public_benefit_or_welfare_validation; causal_capture_validation; model_validation,https://lda.gov/filings/public/filing/d71683c9-433e-4eeb-bb04-431870a5ff16/print/; https://lda.gov/api/v1/filings/d71683c9-433e-4eeb-bb04-431870a5ff16/; https://www.congress.gov/bill/117th-congress/hr-bill/5376; https://api.congress.gov/v3/bill/117/hr/5376,"LDA disposition/target source-review queue only; deterministic text signals and possible target references are not manual disposition confirmation, sponsor/member targeting evidence, committee-action influence, roll-call influence, legislative-outcome causality, public benefit, welfare, causal capture, or model validation."
50,9ad4ef89180e60a9,medium,yes,support_signal,117-hr-5376,117-169,Economics and Public Finance,Y000062,1,1,1,d71683c9-433e-4eeb-bb04-431870a5ff16,2021,3rd Quarter (July 1 - Sep 30),OREGON STATE UNIVERSITY,OREGON STATE UNIVERSITY,Immigration,HR 5376,exact_bill_text_with_explicit_support_signal,support_signal_needs_manual_confirmation,support_for,none_detected,none_detected,house_and_senate_entities_disclosed,not_detected_in_activity_text,chamber_entity_context_only_no_specific_target_detected,Support for statutory solution for DACA (HR 5376 Build Back Better Act),"Manually confirm direction/position and check whether the filing names a target, member, or committee rather than only a chamber/entity.",official_lda_filing_text_bill_identifier; official_lda_activity_text_source_review; deterministic_activity_text_position_signal; disposition_target_review_queue; congressgov_bill_action_metadata_context,manual_disposition_confirmation; sponsor_or_member_target; committee_action_influence; roll_call_influence; legislative_outcome_causality; public_benefit_or_welfare_validation; causal_capture_validation; model_validation,https://lda.gov/filings/public/filing/d71683c9-433e-4eeb-bb04-431870a5ff16/print/; https://lda.gov/api/v1/filings/d71683c9-433e-4eeb-bb04-431870a5ff16/; https://www.congress.gov/bill/117th-congress/hr-bill/5376; https://api.congress.gov/v3/bill/117/hr/5376,"LDA disposition/target source-review queue only; deterministic text signals and possible target references are not manual disposition confirmation, sponsor/member targeting evidence, committee-action influence, roll-call influence, legislative-outcome causality, public benefit, welfare, causal capture, or model validation."
51,3f5b41af43125a83,medium,yes,position_or_activity_signal,117-hr-5376,117-169,Economics and Public Finance,Y000062,1,1,1,d87af326-ccf5-49f6-b1cc-b5580c9282d6,2021,3rd Quarter (July 1 - Sep 30),"SELECT MILK PRODUCERS, INC./CONTINENTAL DAIRY PRODUCTS, INC.","COMBEST, SELL & ASSOCIATES, LLC",Budget/Appropriations,HR 5376,exact_bill_text_with_position_or_activity_signal,position_or_activity_signal_needs_manual_confirmation,none_detected,none_detected,regarding,house_senate_and_agency_entities_disclosed,not_detected_in_activity_text,chamber_entity_context_only_no_specific_target_detected,"SConRes 14, FY 2022 Budget Resolution regarding agricultural functions generally. HR 5376, FY 2022 Budget Reconciliation package regarding agricultural policy and tax policy affecting agriculture. HR 5305 (CR), HR 4502 (Consolidated Approps), HR 4356 and S 25...","Manually confirm direction/position and check whether the filing names a target, member, or committee rather than only a chamber/entity.",official_lda_filing_text_bill_identifier; official_lda_activity_text_source_review; deterministic_activity_text_position_signal; disposition_target_review_queue; congressgov_bill_action_metadata_context,manual_disposition_confirmation; sponsor_or_member_target; committee_action_influence; roll_call_influence; legislative_outcome_causality; public_benefit_or_welfare_validation; causal_capture_validation; model_validation,https://lda.gov/filings/public/filing/d87af326-ccf5-49f6-b1cc-b5580c9282d6/print/; https://lda.gov/api/v1/filings/d87af326-ccf5-49f6-b1cc-b5580c9282d6/; https://www.congress.gov/bill/117th-congress/hr-bill/5376; https://api.congress.gov/v3/bill/117/hr/5376,"LDA disposition/target source-review queue only; deterministic text signals and possible target references are not manual disposition confirmation, sponsor/member targeting evidence, committee-action influence, roll-call influence, legislative-outcome causality, public benefit, welfare, causal capture, or model validation."
52,d06b1a91a2094bb4,medium,yes,position_or_activity_signal,117-hr-5376,117-169,Economics and Public Finance,Y000062,1,1,1,e97b976e-471b-4041-984b-e7a24be843ab,2021,3rd Quarter (July 1 - Sep 30),SOUTH CAROLINA PEACH COUNCIL,"COMBEST, SELL & ASSOCIATES, LLC",Budget/Appropriations,HR 5376,exact_bill_text_with_position_or_activity_signal,position_or_activity_signal_needs_manual_confirmation,none_detected,none_detected,regarding,house_senate_and_agency_entities_disclosed,not_detected_in_activity_text,chamber_entity_context_only_no_specific_target_detected,"SConRes 14, FY 2022 Budget Resolution regarding agricultural functions generally. HR 5376, FY 2022 Budget Reconciliation package regarding agricultural policy and tax policy affecting agriculture. HR 5305 (CR), HR 4502 (Consolidated Approps), HR 4356 and S 25...","Manually confirm direction/position and check whether the filing names a target, member, or committee rather than only a chamber/entity.",official_lda_filing_text_bill_identifier; official_lda_activity_text_source_review; deterministic_activity_text_position_signal; disposition_target_review_queue; congressgov_bill_action_metadata_context,manual_disposition_confirmation; sponsor_or_member_target; committee_action_influence; roll_call_influence; legislative_outcome_causality; public_benefit_or_welfare_validation; causal_capture_validation; model_validation,https://lda.gov/filings/public/filing/e97b976e-471b-4041-984b-e7a24be843ab/print/; https://lda.gov/api/v1/filings/e97b976e-471b-4041-984b-e7a24be843ab/; https://www.congress.gov/bill/117th-congress/hr-bill/5376; https://api.congress.gov/v3/bill/117/hr/5376,"LDA disposition/target source-review queue only; deterministic text signals and possible target references are not manual disposition confirmation, sponsor/member targeting evidence, committee-action influence, roll-call influence, legislative-outcome causality, public benefit, welfare, causal capture, or model validation."
53,68c1675373e8bdfe,medium,yes,position_or_activity_signal,117-hr-5376,117-169,Economics and Public Finance,Y000062,1,1,1,37ed1cfc-374c-452f-b3c9-fe383b4bb407,2021,3rd Quarter (July 1 - Sep 30),SOUTHWEST COUNCIL OF AGRIBUSINESS,"COMBEST, SELL & ASSOCIATES, LLC",Budget/Appropriations,HR 5376,exact_bill_text_with_position_or_activity_signal,position_or_activity_signal_needs_manual_confirmation,none_detected,none_detected,regarding,house_senate_and_agency_entities_disclosed,not_detected_in_activity_text,chamber_entity_context_only_no_specific_target_detected,"SConRes 14, FY 2022 Budget Resolution regarding agricultural functions generally. HR 5376, FY 2022 Budget Reconciliation package regarding agricultural policy and tax policy affecting agriculture. HR 5305 (CR), HR 4502 (Consolidated Approps), HR 4356 and S 25...","Manually confirm direction/position and check whether the filing names a target, member, or committee rather than only a chamber/entity.",official_lda_filing_text_bill_identifier; official_lda_activity_text_source_review; deterministic_activity_text_position_signal; disposition_target_review_queue; congressgov_bill_action_metadata_context,manual_disposition_confirmation; sponsor_or_member_target; committee_action_influence; roll_call_influence; legislative_outcome_causality; public_benefit_or_welfare_validation; causal_capture_validation; model_validation,https://lda.gov/filings/public/filing/37ed1cfc-374c-452f-b3c9-fe383b4bb407/print/; https://lda.gov/api/v1/filings/37ed1cfc-374c-452f-b3c9-fe383b4bb407/; https://www.congress.gov/bill/117th-congress/hr-bill/5376; https://api.congress.gov/v3/bill/117/hr/5376,"LDA disposition/target source-review queue only; deterministic text signals and possible target references are not manual disposition confirmation, sponsor/member targeting evidence, committee-action influence, roll-call influence, legislative-outcome causality, public benefit, welfare, causal capture, or model validation."
54,6fef36dd635de532,medium,yes,position_or_activity_signal,117-hr-5376,117-169,Economics and Public Finance,Y000062,1,1,1,46321926-ceff-430d-84af-bccd8b276372,2021,3rd Quarter (July 1 - Sep 30),SOUTHWEST COUNCIL OF AGRIBUSINESS,"COMBEST, SELL & ASSOCIATES, LLC",Budget/Appropriations,HR 5376,exact_bill_text_with_position_or_activity_signal,position_or_activity_signal_needs_manual_confirmation,none_detected,none_detected,regarding,house_senate_and_agency_entities_disclosed,not_detected_in_activity_text,chamber_entity_context_only_no_specific_target_detected,"SConRes 14, FY 2022 Budget Resolution regarding agricultural functions generally. HR 5376, FY 2022 Budget Reconciliation package regarding agricultural policy and tax policy affecting agriculture. HR 5305 (CR), HR 4502 (Consolidated Approps), HR 4356 and S 25...","Manually confirm direction/position and check whether the filing names a target, member, or committee rather than only a chamber/entity.",official_lda_filing_text_bill_identifier; official_lda_activity_text_source_review; deterministic_activity_text_position_signal; disposition_target_review_queue; congressgov_bill_action_metadata_context,manual_disposition_confirmation; sponsor_or_member_target; committee_action_influence; roll_call_influence; legislative_outcome_causality; public_benefit_or_welfare_validation; causal_capture_validation; model_validation,https://lda.gov/filings/public/filing/46321926-ceff-430d-84af-bccd8b276372/print/; https://lda.gov/api/v1/filings/46321926-ceff-430d-84af-bccd8b276372/; https://www.congress.gov/bill/117th-congress/hr-bill/5376; https://api.congress.gov/v3/bill/117/hr/5376,"LDA disposition/target source-review queue only; deterministic text signals and possible target references are not manual disposition confirmation, sponsor/member targeting evidence, committee-action influence, roll-call influence, legislative-outcome causality, public benefit, welfare, causal capture, or model validation."
55,b7df943fd4fec1f8,medium,yes,position_or_activity_signal,117-hr-5376,117-169,Economics and Public Finance,Y000062,1,1,1,25c9d45c-3013-4d8e-a0f4-0c5ac895b1ec,2021,3rd Quarter (July 1 - Sep 30),USA RICE FEDERATION,"COMBEST, SELL & ASSOCIATES, LLC",Budget/Appropriations,HR 5376,exact_bill_text_with_position_or_activity_signal,position_or_activity_signal_needs_manual_confirmation,none_detected,none_detected,regarding,house_senate_and_agency_entities_disclosed,not_detected_in_activity_text,chamber_entity_context_only_no_specific_target_detected,"SConRes 14, FY 2022 Budget Resolution regarding agricultural functions generally. HR 5376, FY 2022 Budget Reconciliation package regarding agricultural policy and tax policy affecting agriculture. HR 5305 (CR), HR 4502 (Consolidated Approps), HR 4356 and S 25...","Manually confirm direction/position and check whether the filing names a target, member, or committee rather than only a chamber/entity.",official_lda_filing_text_bill_identifier; official_lda_activity_text_source_review; deterministic_activity_text_position_signal; disposition_target_review_queue; congressgov_bill_action_metadata_context,manual_disposition_confirmation; sponsor_or_member_target; committee_action_influence; roll_call_influence; legislative_outcome_causality; public_benefit_or_welfare_validation; causal_capture_validation; model_validation,https://lda.gov/filings/public/filing/25c9d45c-3013-4d8e-a0f4-0c5ac895b1ec/print/; https://lda.gov/api/v1/filings/25c9d45c-3013-4d8e-a0f4-0c5ac895b1ec/; https://www.congress.gov/bill/117th-congress/hr-bill/5376; https://api.congress.gov/v3/bill/117/hr/5376,"LDA disposition/target source-review queue only; deterministic text signals and possible target references are not manual disposition confirmation, sponsor/member targeting evidence, committee-action influence, roll-call influence, legislative-outcome causality, public benefit, welfare, causal capture, or model validation."
56,539f4b0cf1709ac3,medium,yes,position_or_activity_signal,117-hr-5376,117-169,Economics and Public Finance,Y000062,1,1,1,d822233b-5bac-43cd-a3d6-a930dfd437c5,2021,3rd Quarter (July 1 - Sep 30),WESTERN PEANUT GROWERS ASSOCIATION,"COMBEST, SELL & ASSOCIATES, LLC",Budget/Appropriations,HR 5376,exact_bill_text_with_position_or_activity_signal,position_or_activity_signal_needs_manual_confirmation,none_detected,none_detected,regarding,house_senate_and_agency_entities_disclosed,not_detected_in_activity_text,chamber_entity_context_only_no_specific_target_detected,"SConRes 14, FY 2022 Budget Resolution regarding agricultural functions generally. HR 5376, FY 2022 Budget Reconciliation package regarding agricultural policy and tax policy affecting agriculture. HR 5305 (CR), HR 4502 (Consolidated Approps), HR 4356 and S 25...","Manually confirm direction/position and check whether the filing names a target, member, or committee rather than only a chamber/entity.",official_lda_filing_text_bill_identifier; official_lda_activity_text_source_review; deterministic_activity_text_position_signal; disposition_target_review_queue; congressgov_bill_action_metadata_context,manual_disposition_confirmation; sponsor_or_member_target; committee_action_influence; roll_call_influence; legislative_outcome_causality; public_benefit_or_welfare_validation; causal_capture_validation; model_validation,https://lda.gov/filings/public/filing/d822233b-5bac-43cd-a3d6-a930dfd437c5/print/; https://lda.gov/api/v1/filings/d822233b-5bac-43cd-a3d6-a930dfd437c5/; https://www.congress.gov/bill/117th-congress/hr-bill/5376; https://api.congress.gov/v3/bill/117/hr/5376,"LDA disposition/target source-review queue only; deterministic text signals and possible target references are not manual disposition confirmation, sponsor/member targeting evidence, committee-action influence, roll-call influence, legislative-outcome causality, public benefit, welfare, causal capture, or model validation."
57,52f90c49489b8705,medium,yes,position_or_activity_signal,117-hr-5376,117-169,Economics and Public Finance,Y000062,1,1,1,9810f98f-39e1-4877-81d1-ea7598f8a4b0,2022,1st Quarter (Jan 1 - Mar 31),"ALTRIA CLIENT SERVICES, LLC","RESOLUTION PUBLIC AFFAIRS, LLC",Taxation/Internal Revenue Code,HR 5376,exact_bill_text_with_position_or_activity_signal,position_or_activity_signal_needs_manual_confirmation,none_detected,none_detected,regarding,house_and_senate_entities_disclosed,not_detected_in_activity_text,chamber_entity_context_only_no_specific_target_detected,"Issues regarding corporate taxation, generally HR 5376, Build Back Better Act, regarding Federal Excise Tax on Tobacco","Manually confirm direction/position and check whether the filing names a target, member, or committee rather than only a chamber/entity.",official_lda_filing_text_bill_identifier; official_lda_activity_text_source_review; deterministic_activity_text_position_signal; disposition_target_review_queue; congressgov_bill_action_metadata_context,manual_disposition_confirmation; sponsor_or_member_target; committee_action_influence; roll_call_influence; legislative_outcome_causality; public_benefit_or_welfare_validation; causal_capture_validation; model_validation,https://lda.gov/filings/public/filing/9810f98f-39e1-4877-81d1-ea7598f8a4b0/print/; https://lda.gov/api/v1/filings/9810f98f-39e1-4877-81d1-ea7598f8a4b0/; https://www.congress.gov/bill/117th-congress/hr-bill/5376; https://api.congress.gov/v3/bill/117/hr/5376,"LDA disposition/target source-review queue only; deterministic text signals and possible target references are not manual disposition confirmation, sponsor/member targeting evidence, committee-action influence, roll-call influence, legislative-outcome causality, public benefit, welfare, causal capture, or model validation."
58,e3888dae69ac4424,medium,yes,support_signal,117-hr-5376,117-169,Economics and Public Finance,Y000062,1,1,1,f2e1ea8d-bbe6-4063-96bf-b9407ac73c5e,2022,1st Quarter (Jan 1 - Mar 31),BUILDING AND CONSTRUCTION TRADES DEPT AFL-CIO,"BUILDING AND CONSTRUCTION TRADES DEPT., AFL-CIO",Budget/Appropriations,HR 5376,exact_bill_text_with_explicit_support_signal,support_signal_needs_manual_confirmation,advocacy_for,none_detected,lobbied_for_or_on,house_senate_and_agency_entities_disclosed,not_detected_in_activity_text,chamber_entity_context_only_no_specific_target_detected,...It increases the permissible stock ownership and constructive stock ownership percentage in a REIT to 50% and modifies rules for taxable REIT subsidiaries. Bill in full. HR 5376 - The Build Back Better Act - Advocated for the inclusion of energy provisions and labor protections. Bill in full. No bill number - Justice 40 Initiative - Lobbied for...,"Manually confirm direction/position and check whether the filing names a target, member, or committee rather than only a chamber/entity.",official_lda_filing_text_bill_identifier; official_lda_activity_text_source_review; deterministic_activity_text_position_signal; disposition_target_review_queue; congressgov_bill_action_metadata_context,manual_disposition_confirmation; sponsor_or_member_target; committee_action_influence; roll_call_influence; legislative_outcome_causality; public_benefit_or_welfare_validation; causal_capture_validation; model_validation,https://lda.gov/filings/public/filing/f2e1ea8d-bbe6-4063-96bf-b9407ac73c5e/print/; https://lda.gov/api/v1/filings/f2e1ea8d-bbe6-4063-96bf-b9407ac73c5e/; https://www.congress.gov/bill/117th-congress/hr-bill/5376; https://api.congress.gov/v3/bill/117/hr/5376,"LDA disposition/target source-review queue only; deterministic text signals and possible target references are not manual disposition confirmation, sponsor/member targeting evidence, committee-action influence, roll-call influence, legislative-outcome causality, public benefit, welfare, causal capture, or model validation."
59,55e86bc10f288c5f,medium,yes,opposition_signal,117-hr-5376,117-169,Economics and Public Finance,Y000062,1,1,1,56e755d5-45d7-4703-bd33-2eb4903361c9,2022,1st Quarter (Jan 1 - Mar 31),CSX CORPORATION,"THE SMITH-FREE GROUP, LLC",Railroads,HR 5376,exact_bill_text_with_explicit_opposition_signal,opposition_signal_needs_manual_confirmation,none_detected,oppose,related_to; monitoring,house_and_senate_entities_disclosed,not_detected_in_activity_text,chamber_entity_context_only_no_specific_target_detected,...etition in the American Economy Discussions involving Gulf Coast passenger service S 2016 Rail Shipper Fairness Act of 2021 (all sections of full text)(oppose) Monitored HR 5376 Build Back Better Act Monitored discussions related to truck size and weight Monitored implementation of P.L. 117-2 American Rescue Plan Act of 2021,"Manually confirm direction/position and check whether the filing names a target, member, or committee rather than only a chamber/entity.",official_lda_filing_text_bill_identifier; official_lda_activity_text_source_review; deterministic_activity_text_position_signal; disposition_target_review_queue; congressgov_bill_action_metadata_context,manual_disposition_confirmation; sponsor_or_member_target; committee_action_influence; roll_call_influence; legislative_outcome_causality; public_benefit_or_welfare_validation; causal_capture_validation; model_validation,https://lda.gov/filings/public/filing/56e755d5-45d7-4703-bd33-2eb4903361c9/print/; https://lda.gov/api/v1/filings/56e755d5-45d7-4703-bd33-2eb4903361c9/; https://www.congress.gov/bill/117th-congress/hr-bill/5376; https://api.congress.gov/v3/bill/117/hr/5376,"LDA disposition/target source-review queue only; deterministic text signals and possible target references are not manual disposition confirmation, sponsor/member targeting evidence, committee-action influence, roll-call influence, legislative-outcome causality, public benefit, welfare, causal capture, or model validation."
60,0184c7bcdf8d7f16,medium,yes,position_or_activity_signal,117-hr-5376,117-169,Economics and Public Finance,Y000062,1,1,1,6aa81f96-8483-4f3d-89d5-18411937f550,2022,1st Quarter (Jan 1 - Mar 31),HCA,"THE SMITH-FREE GROUP, LLC",Education,HR 5376,exact_bill_text_with_position_or_activity_signal,position_or_activity_signal_needs_manual_confirmation,none_detected,none_detected,related_to; monitoring,no_government_entity_disclosed,not_detected_in_activity_text,no_government_entity_context_or_specific_target_detected,"Monitored HR 5376 Build Back Better Act, provisions related to health care and pell grants","Manually confirm direction/position and check whether the filing names a target, member, or committee rather than only a chamber/entity.",official_lda_filing_text_bill_identifier; official_lda_activity_text_source_review; deterministic_activity_text_position_signal; disposition_target_review_queue; congressgov_bill_action_metadata_context,manual_disposition_confirmation; sponsor_or_member_target; committee_action_influence; roll_call_influence; legislative_outcome_causality; public_benefit_or_welfare_validation; causal_capture_validation; model_validation,https://lda.gov/filings/public/filing/6aa81f96-8483-4f3d-89d5-18411937f550/print/; https://lda.gov/api/v1/filings/6aa81f96-8483-4f3d-89d5-18411937f550/; https://www.congress.gov/bill/117th-congress/hr-bill/5376; https://api.congress.gov/v3/bill/117/hr/5376,"LDA disposition/target source-review queue only; deterministic text signals and possible target references are not manual disposition confirmation, sponsor/member targeting evidence, committee-action influence, roll-call influence, legislative-outcome causality, public benefit, welfare, causal capture, or model validation."
61,480ab719eb2cdb73,medium,yes,position_or_activity_signal,117-hr-5376,117-169,Economics and Public Finance,Y000062,1,1,1,9939d6d3-84b0-4d5a-ba9f-af8df33f48a2,2022,1st Quarter (Jan 1 - Mar 31),"KOCH GOVERNMENT AFFAIRS, LLC","THE NICKLES GROUP, LLC",Taxation/Internal Revenue Code,HR 5376,exact_bill_text_with_position_or_activity_signal,position_or_activity_signal_needs_manual_confirmation,none_detected,none_detected,issues_related_to; related_to,single_chamber_entity_disclosed,not_detected_in_activity_text,chamber_entity_context_only_no_specific_target_detected,"...t, S. 3208 / H.R. 7061, Big Oil Windfall Profits Tax Act, and H.R. 7099, the Stop Gas Price Gouging Tax and Rebate Act, and issues related to taxation of energy sources. HR 5376, the Build Back Better Act, as it relates to business taxes. Issues related to IRS/free speech activities.","Manually confirm direction/position and check whether the filing names a target, member, or committee rather than only a chamber/entity.",official_lda_filing_text_bill_identifier; official_lda_activity_text_source_review; deterministic_activity_text_position_signal; disposition_target_review_queue; congressgov_bill_action_metadata_context,manual_disposition_confirmation; sponsor_or_member_target; committee_action_influence; roll_call_influence; legislative_outcome_causality; public_benefit_or_welfare_validation; causal_capture_validation; model_validation,https://lda.gov/filings/public/filing/9939d6d3-84b0-4d5a-ba9f-af8df33f48a2/print/; https://lda.gov/api/v1/filings/9939d6d3-84b0-4d5a-ba9f-af8df33f48a2/; https://www.congress.gov/bill/117th-congress/hr-bill/5376; https://api.congress.gov/v3/bill/117/hr/5376,"LDA disposition/target source-review queue only; deterministic text signals and possible target references are not manual disposition confirmation, sponsor/member targeting evidence, committee-action influence, roll-call influence, legislative-outcome causality, public benefit, welfare, causal capture, or model validation."
62,22a0e64381eda2e1,medium,yes,position_or_activity_signal,117-hr-5376,117-169,Economics and Public Finance,Y000062,1,1,1,dc2225f6-036b-479d-88a0-449bbbed2b97,2022,1st Quarter (Jan 1 - Mar 31),LEADING BUILDERS OF AMERICA,KENNETH GEAR,Immigration,HR 5376,exact_bill_text_with_position_or_activity_signal,position_or_activity_signal_needs_manual_confirmation,none_detected,none_detected,related_to,house_and_senate_entities_disclosed,not_detected_in_activity_text,chamber_entity_context_only_no_specific_target_detected,No bill number: DACA program and low skilled guest worker visa program HR 5376 - provisions related to DACA and low skilled visa programs,"Manually confirm direction/position and check whether the filing names a target, member, or committee rather than only a chamber/entity.",official_lda_filing_text_bill_identifier; official_lda_activity_text_source_review; deterministic_activity_text_position_signal; disposition_target_review_queue; congressgov_bill_action_metadata_context,manual_disposition_confirmation; sponsor_or_member_target; committee_action_influence; roll_call_influence; legislative_outcome_causality; public_benefit_or_welfare_validation; causal_capture_validation; model_validation,https://lda.gov/filings/public/filing/dc2225f6-036b-479d-88a0-449bbbed2b97/print/; https://lda.gov/api/v1/filings/dc2225f6-036b-479d-88a0-449bbbed2b97/; https://www.congress.gov/bill/117th-congress/hr-bill/5376; https://api.congress.gov/v3/bill/117/hr/5376,"LDA disposition/target source-review queue only; deterministic text signals and possible target references are not manual disposition confirmation, sponsor/member targeting evidence, committee-action influence, roll-call influence, legislative-outcome causality, public benefit, welfare, causal capture, or model validation."
63,643b4bd26c9d3480,medium,yes,position_or_activity_signal,117-hr-5376,117-169,Economics and Public Finance,Y000062,1,1,1,dc2225f6-036b-479d-88a0-449bbbed2b97,2022,1st Quarter (Jan 1 - Mar 31),LEADING BUILDERS OF AMERICA,KENNETH GEAR,Taxation/Internal Revenue Code,HR 5376,exact_bill_text_with_position_or_activity_signal,position_or_activity_signal_needs_manual_confirmation,none_detected,none_detected,related_to,house_and_senate_entities_disclosed,not_detected_in_activity_text,chamber_entity_context_only_no_specific_target_detected,"HR3684 President's Build Back Better Infrastructure plan - 45L energy tax provisions HR 5376 45L New Home energy tax credit, tax provisions related to pass through entities","Manually confirm direction/position and check whether the filing names a target, member, or committee rather than only a chamber/entity.",official_lda_filing_text_bill_identifier; official_lda_activity_text_source_review; deterministic_activity_text_position_signal; disposition_target_review_queue; congressgov_bill_action_metadata_context,manual_disposition_confirmation; sponsor_or_member_target; committee_action_influence; roll_call_influence; legislative_outcome_causality; public_benefit_or_welfare_validation; causal_capture_validation; model_validation,https://lda.gov/filings/public/filing/dc2225f6-036b-479d-88a0-449bbbed2b97/print/; https://lda.gov/api/v1/filings/dc2225f6-036b-479d-88a0-449bbbed2b97/; https://www.congress.gov/bill/117th-congress/hr-bill/5376; https://api.congress.gov/v3/bill/117/hr/5376,"LDA disposition/target source-review queue only; deterministic text signals and possible target references are not manual disposition confirmation, sponsor/member targeting evidence, committee-action influence, roll-call influence, legislative-outcome causality, public benefit, welfare, causal capture, or model validation."
64,85fc7e499cb3f9d4,medium,yes,position_or_activity_signal,117-hr-5376,117-169,Economics and Public Finance,Y000062,1,1,1,dc2225f6-036b-479d-88a0-449bbbed2b97,2022,1st Quarter (Jan 1 - Mar 31),LEADING BUILDERS OF AMERICA,KENNETH GEAR,Energy/Nuclear,HR 5376,exact_bill_text_with_position_or_activity_signal,position_or_activity_signal_needs_manual_confirmation,none_detected,none_detected,related_to,house_senate_and_agency_entities_disclosed,not_detected_in_activity_text,chamber_entity_context_only_no_specific_target_detected,No bill number: SAVE Act - energy efficient home appraisals HR 5376 45L tax credit for energy efficient homes No bill number: Energy Star Program Updates as they related to mandatory building envelope requirements,"Manually confirm direction/position and check whether the filing names a target, member, or committee rather than only a chamber/entity.",official_lda_filing_text_bill_identifier; official_lda_activity_text_source_review; deterministic_activity_text_position_signal; disposition_target_review_queue; congressgov_bill_action_metadata_context,manual_disposition_confirmation; sponsor_or_member_target; committee_action_influence; roll_call_influence; legislative_outcome_causality; public_benefit_or_welfare_validation; causal_capture_validation; model_validation,https://lda.gov/filings/public/filing/dc2225f6-036b-479d-88a0-449bbbed2b97/print/; https://lda.gov/api/v1/filings/dc2225f6-036b-479d-88a0-449bbbed2b97/; https://www.congress.gov/bill/117th-congress/hr-bill/5376; https://api.congress.gov/v3/bill/117/hr/5376,"LDA disposition/target source-review queue only; deterministic text signals and possible target references are not manual disposition confirmation, sponsor/member targeting evidence, committee-action influence, roll-call influence, legislative-outcome causality, public benefit, welfare, causal capture, or model validation."
65,194349d1b7170bc4,medium,yes,position_or_activity_signal,117-hr-5376,117-169,Economics and Public Finance,Y000062,1,1,1,f39ffaee-908a-4971-b773-f46a185971ed,2022,1st Quarter (Jan 1 - Mar 31),MAINSPRING ENERGY,"RESOLUTION PUBLIC AFFAIRS, LLC",Taxation/Internal Revenue Code,HR 5376,exact_bill_text_with_position_or_activity_signal,position_or_activity_signal_needs_manual_confirmation,none_detected,none_detected,issues_related_to; related_to,house_and_senate_entities_disclosed,not_detected_in_activity_text,chamber_entity_context_only_no_specific_target_detected,"...Act. Issues related to linear generator parity S 1485 Linear Generator Parity Act of 2021 S 2118, Clean Energy for America Act. Issues related to linear generator parity HR 5376, Build Back Better Act. Issues related to linear generator parity","Manually confirm direction/position and check whether the filing names a target, member, or committee rather than only a chamber/entity.",official_lda_filing_text_bill_identifier; official_lda_activity_text_source_review; deterministic_activity_text_position_signal; disposition_target_review_queue; congressgov_bill_action_metadata_context,manual_disposition_confirmation; sponsor_or_member_target; committee_action_influence; roll_call_influence; legislative_outcome_causality; public_benefit_or_welfare_validation; causal_capture_validation; model_validation,https://lda.gov/filings/public/filing/f39ffaee-908a-4971-b773-f46a185971ed/print/; https://lda.gov/api/v1/filings/f39ffaee-908a-4971-b773-f46a185971ed/; https://www.congress.gov/bill/117th-congress/hr-bill/5376; https://api.congress.gov/v3/bill/117/hr/5376,"LDA disposition/target source-review queue only; deterministic text signals and possible target references are not manual disposition confirmation, sponsor/member targeting evidence, committee-action influence, roll-call influence, legislative-outcome causality, public benefit, welfare, causal capture, or model validation."
66,467b5c268793f398,medium,yes,position_or_activity_signal,117-hr-5376,117-169,Economics and Public Finance,Y000062,1,1,1,47090792-9ce7-476b-b30b-53f917fd8689,2022,1st Quarter (Jan 1 - Mar 31),"RENEWABLE ENERGY GROUP, INC.","ALPINE GROUP PARTNERS, LLC.",Taxation/Internal Revenue Code,HR 5376,exact_bill_text_with_position_or_activity_signal,position_or_activity_signal_needs_manual_confirmation,none_detected,none_detected,issues_related_to; related_to,house_and_senate_entities_disclosed,not_detected_in_activity_text,chamber_entity_context_only_no_specific_target_detected,"Issues related to the tax treatment of biodiesel and renewable diesel. GREEN Act of 2021 (H.R. 848). Clean Energy for American Act S. 2118 HR 5376, the Build Back Better Act","Manually confirm direction/position and check whether the filing names a target, member, or committee rather than only a chamber/entity.",official_lda_filing_text_bill_identifier; official_lda_activity_text_source_review; deterministic_activity_text_position_signal; disposition_target_review_queue; congressgov_bill_action_metadata_context,manual_disposition_confirmation; sponsor_or_member_target; committee_action_influence; roll_call_influence; legislative_outcome_causality; public_benefit_or_welfare_validation; causal_capture_validation; model_validation,https://lda.gov/filings/public/filing/47090792-9ce7-476b-b30b-53f917fd8689/print/; https://lda.gov/api/v1/filings/47090792-9ce7-476b-b30b-53f917fd8689/; https://www.congress.gov/bill/117th-congress/hr-bill/5376; https://api.congress.gov/v3/bill/117/hr/5376,"LDA disposition/target source-review queue only; deterministic text signals and possible target references are not manual disposition confirmation, sponsor/member targeting evidence, committee-action influence, roll-call influence, legislative-outcome causality, public benefit, welfare, causal capture, or model validation."
67,937362c049198a18,medium,yes,position_or_activity_signal,117-hr-6833,117-180,Economics and Public Finance,C001119,1,1,1,5005c4a0-867e-4892-a6db-12bbd01fc428,2022,1st Quarter (Jan 1 - Mar 31),HERITAGE ACTION FOR AMERICA,HERITAGE ACTION FOR AMERICA,Health Issues,HR 6833,exact_bill_text_with_position_or_activity_signal,position_or_activity_signal_needs_manual_confirmation,none_detected,none_detected,all_provisions,single_chamber_entity_disclosed,not_detected_in_activity_text,chamber_entity_context_only_no_specific_target_detected,"...itted by Centers for Disease Control and Prevention relating to ""Requirement for Persons To Wear Masks While on Conveyances and at Transportation Hubs,"""" all provisions. HR 6833 ""Affordable Insulin Now Act,"" all provisions.","Manually confirm direction/position and check whether the filing names a target, member, or committee rather than only a chamber/entity.",official_lda_filing_text_bill_identifier; official_lda_activity_text_source_review; deterministic_activity_text_position_signal; disposition_target_review_queue; congressgov_bill_action_metadata_context,manual_disposition_confirmation; sponsor_or_member_target; committee_action_influence; roll_call_influence; legislative_outcome_causality; public_benefit_or_welfare_validation; causal_capture_validation; model_validation,https://lda.gov/filings/public/filing/5005c4a0-867e-4892-a6db-12bbd01fc428/print/; https://lda.gov/api/v1/filings/5005c4a0-867e-4892-a6db-12bbd01fc428/; https://www.congress.gov/bill/117th-congress/hr-bill/6833; https://api.congress.gov/v3/bill/117/hr/6833,"LDA disposition/target source-review queue only; deterministic text signals and possible target references are not manual disposition confirmation, sponsor/member targeting evidence, committee-action influence, roll-call influence, legislative-outcome causality, public benefit, welfare, causal capture, or model validation."
68,c620a037147f7424,medium,yes,position_or_activity_signal,117-hr-6833,117-180,Economics and Public Finance,C001119,1,1,1,5be2948c-b666-48da-aaac-cd01d52a80ed,2022,1st Quarter (Jan 1 - Mar 31),SANOFI US SERVICES INC,SANOFI US SERVICES INC.,Health Issues,HR 6833,exact_bill_text_with_position_or_activity_signal,position_or_activity_signal_needs_manual_confirmation,none_detected,none_detected,issues_related_to; related_to,house_and_senate_entities_disclosed,not_detected_in_activity_text,chamber_entity_context_only_no_specific_target_detected,"...lated to ""Give Kids a Chance Act"" in RACE 2.0; general issues related to HR 5376 ""Build Back Better Act""; issues related to Cosmetic Reform; issues related to S.3700 and HR 6833 ""Affordable Insulin Now Act""; issues related to s.2199 ""Insulin Price Reduction Act""; issues related to NSURE Rule; issues related to Prescription Drug User Fee Act Reau...","Manually confirm direction/position and check whether the filing names a target, member, or committee rather than only a chamber/entity.",official_lda_filing_text_bill_identifier; official_lda_activity_text_source_review; deterministic_activity_text_position_signal; disposition_target_review_queue; congressgov_bill_action_metadata_context,manual_disposition_confirmation; sponsor_or_member_target; committee_action_influence; roll_call_influence; legislative_outcome_causality; public_benefit_or_welfare_validation; causal_capture_validation; model_validation,https://lda.gov/filings/public/filing/5be2948c-b666-48da-aaac-cd01d52a80ed/print/; https://lda.gov/api/v1/filings/5be2948c-b666-48da-aaac-cd01d52a80ed/; https://www.congress.gov/bill/117th-congress/hr-bill/6833; https://api.congress.gov/v3/bill/117/hr/6833,"LDA disposition/target source-review queue only; deterministic text signals and possible target references are not manual disposition confirmation, sponsor/member targeting evidence, committee-action influence, roll-call influence, legislative-outcome causality, public benefit, welfare, causal capture, or model validation."
69,c3d98e464c1024fb,medium,yes,position_or_activity_signal,117-hr-6833,117-180,Economics and Public Finance,C001119,1,1,1,bef2d238-2fe5-410a-849b-52b1e1f9a470,2022,1st Quarter (Jan 1 - Mar 31),WALGREEN CO.,WEST FRONT STRATEGIES LLC,Pharmacy,HR 6833,exact_bill_text_with_position_or_activity_signal,position_or_activity_signal_needs_manual_confirmation,none_detected,none_detected,issues_related_to; related_to,house_and_senate_entities_disclosed,not_detected_in_activity_text,chamber_entity_context_only_no_specific_target_detected,"...ams; issues related to pharmacy, pharmacist provider status, and Medicare reimbursement; issues related to insulin, including the Affordable Insulin Now Act (S. 3700 and HR 6833).","Manually confirm direction/position and check whether the filing names a target, member, or committee rather than only a chamber/entity.",official_lda_filing_text_bill_identifier; official_lda_activity_text_source_review; deterministic_activity_text_position_signal; disposition_target_review_queue; congressgov_bill_action_metadata_context,manual_disposition_confirmation; sponsor_or_member_target; committee_action_influence; roll_call_influence; legislative_outcome_causality; public_benefit_or_welfare_validation; causal_capture_validation; model_validation,https://lda.gov/filings/public/filing/bef2d238-2fe5-410a-849b-52b1e1f9a470/print/; https://lda.gov/api/v1/filings/bef2d238-2fe5-410a-849b-52b1e1f9a470/; https://www.congress.gov/bill/117th-congress/hr-bill/6833; https://api.congress.gov/v3/bill/117/hr/6833,"LDA disposition/target source-review queue only; deterministic text signals and possible target references are not manual disposition confirmation, sponsor/member targeting evidence, committee-action influence, roll-call influence, legislative-outcome causality, public benefit, welfare, causal capture, or model validation."
70,8e554ae5bc886d19,medium,yes,position_or_activity_signal,117-hr-6833,117-180,Economics and Public Finance,C001119,1,1,1,f336e8a2-fb9d-4835-a0cf-eb99303fd47d,2022,2nd Quarter (Apr 1 - June 30),AMERICAN MEDICAL ASSOCIATION,LOPER CONSULTING LLC,Medicare/Medicaid,H.R. 6833,exact_bill_text_with_position_or_activity_signal,position_or_activity_signal_needs_manual_confirmation,none_detected,none_detected,issues_related_to; related_to,house_and_senate_entities_disclosed,not_detected_in_activity_text,chamber_entity_context_only_no_specific_target_detected,"Telehealth issues related to COVID-19; S. 368/H.R. 1332, Telehealth Modernization Act S.3799, PREVENT Pandemics Act; S. 3700/H.R. 6833, Affordable Insulin Now Act; Mental health legislative workstream. Issues related to reauthorization of the FDA user fee bills; HR 5376 Inflation Reduction Act","Manually confirm direction/position and check whether the filing names a target, member, or committee rather than only a chamber/entity.",official_lda_filing_text_bill_identifier; official_lda_activity_text_source_review; deterministic_activity_text_position_signal; disposition_target_review_queue; congressgov_bill_action_metadata_context,manual_disposition_confirmation; sponsor_or_member_target; committee_action_influence; roll_call_influence; legislative_outcome_causality; public_benefit_or_welfare_validation; causal_capture_validation; model_validation,https://lda.gov/filings/public/filing/f336e8a2-fb9d-4835-a0cf-eb99303fd47d/print/; https://lda.gov/api/v1/filings/f336e8a2-fb9d-4835-a0cf-eb99303fd47d/; https://www.congress.gov/bill/117th-congress/hr-bill/6833; https://api.congress.gov/v3/bill/117/hr/6833,"LDA disposition/target source-review queue only; deterministic text signals and possible target references are not manual disposition confirmation, sponsor/member targeting evidence, committee-action influence, roll-call influence, legislative-outcome causality, public benefit, welfare, causal capture, or model validation."
71,98c5dfc8076e36df,medium,yes,position_or_activity_signal,117-hr-6833,117-180,Economics and Public Finance,C001119,1,1,1,ce521263-b03d-4e47-b079-474ea6ef21e1,2022,2nd Quarter (Apr 1 - June 30),PRIME THERAPEUTICS,PRIME THERAPEUTICS,Health Issues,H.R. 6833,exact_bill_text_with_position_or_activity_signal,position_or_activity_signal_needs_manual_confirmation,none_detected,none_detected,related_to,house_and_senate_entities_disclosed,not_detected_in_activity_text,chamber_entity_context_only_no_specific_target_detected,"...rmaceuticals; H.R. 5376, Build Back Better Act, provisions relating to insulin cost-sharing; repeal of the rebate rule and audit/transparency provisions on PBMs; S. 3700/H.R. 6833, Affordable Insulin Now Act, provisions related to cost-sharing for insulin in Medicare and private plans and 116th Congress H.R. 2069; draft versions of the INSULIN Act...","Manually confirm direction/position and check whether the filing names a target, member, or committee rather than only a chamber/entity.",official_lda_filing_text_bill_identifier; official_lda_activity_text_source_review; deterministic_activity_text_position_signal; disposition_target_review_queue; congressgov_bill_action_metadata_context,manual_disposition_confirmation; sponsor_or_member_target; committee_action_influence; roll_call_influence; legislative_outcome_causality; public_benefit_or_welfare_validation; causal_capture_validation; model_validation,https://lda.gov/filings/public/filing/ce521263-b03d-4e47-b079-474ea6ef21e1/print/; https://lda.gov/api/v1/filings/ce521263-b03d-4e47-b079-474ea6ef21e1/; https://www.congress.gov/bill/117th-congress/hr-bill/6833; https://api.congress.gov/v3/bill/117/hr/6833,"LDA disposition/target source-review queue only; deterministic text signals and possible target references are not manual disposition confirmation, sponsor/member targeting evidence, committee-action influence, roll-call influence, legislative-outcome causality, public benefit, welfare, causal capture, or model validation."
72,b8c16c023a414d16,medium,yes,position_or_activity_signal,117-hr-6833,117-180,Economics and Public Finance,C001119,1,1,1,ce521263-b03d-4e47-b079-474ea6ef21e1,2022,2nd Quarter (Apr 1 - June 30),PRIME THERAPEUTICS,PRIME THERAPEUTICS,Medicare/Medicaid,H.R. 6833,exact_bill_text_with_position_or_activity_signal,position_or_activity_signal_needs_manual_confirmation,none_detected,none_detected,related_to,house_senate_and_agency_entities_disclosed,not_detected_in_activity_text,chamber_entity_context_only_no_specific_target_detected,"...elating to insulin cost-sharing; Medicaid and Medicare drug pricing; Medicare Part D reform, repeal of the rebate rule and audit/transparency provisions on PBMs; S. 3700/H.R. 6833, Affordable Insulin Now Act, provisions related to cost-sharing for insulin in Medicare and private plans and mental health issues as they relate to prescription drug pl...","Manually confirm direction/position and check whether the filing names a target, member, or committee rather than only a chamber/entity.",official_lda_filing_text_bill_identifier; official_lda_activity_text_source_review; deterministic_activity_text_position_signal; disposition_target_review_queue; congressgov_bill_action_metadata_context,manual_disposition_confirmation; sponsor_or_member_target; committee_action_influence; roll_call_influence; legislative_outcome_causality; public_benefit_or_welfare_validation; causal_capture_validation; model_validation,https://lda.gov/filings/public/filing/ce521263-b03d-4e47-b079-474ea6ef21e1/print/; https://lda.gov/api/v1/filings/ce521263-b03d-4e47-b079-474ea6ef21e1/; https://www.congress.gov/bill/117th-congress/hr-bill/6833; https://api.congress.gov/v3/bill/117/hr/6833,"LDA disposition/target source-review queue only; deterministic text signals and possible target references are not manual disposition confirmation, sponsor/member targeting evidence, committee-action influence, roll-call influence, legislative-outcome causality, public benefit, welfare, causal capture, or model validation."
73,de894a2ffcfd3b3f,medium,yes,position_or_activity_signal,117-hr-6833,117-180,Economics and Public Finance,C001119,1,1,1,8e3f4f33-4527-408f-8b9f-b8fd0ddafe04,2022,2nd Quarter (Apr 1 - June 30),SANOFI US SERVICES INC,SANOFI US SERVICES INC.,Health Issues,HR 6833,exact_bill_text_with_position_or_activity_signal,position_or_activity_signal_needs_manual_confirmation,none_detected,none_detected,issues_related_to; related_to,house_and_senate_entities_disclosed,not_detected_in_activity_text,chamber_entity_context_only_no_specific_target_detected,"...lated to ""Give Kids a Chance Act"" in RACE 2.0; general issues related to HR 5376 ""Build Back Better Act""; issues related to Cosmetic Reform; issues related to S.3700 and HR 6833 ""Affordable Insulin Now Act""; issues related to s.2199 ""Insulin Price Reduction Act""; issues related to NSURE Rule; issues related to Prescription Drug User Fee Act Reau...","Manually confirm direction/position and check whether the filing names a target, member, or committee rather than only a chamber/entity.",official_lda_filing_text_bill_identifier; official_lda_activity_text_source_review; deterministic_activity_text_position_signal; disposition_target_review_queue; congressgov_bill_action_metadata_context,manual_disposition_confirmation; sponsor_or_member_target; committee_action_influence; roll_call_influence; legislative_outcome_causality; public_benefit_or_welfare_validation; causal_capture_validation; model_validation,https://lda.gov/filings/public/filing/8e3f4f33-4527-408f-8b9f-b8fd0ddafe04/print/; https://lda.gov/api/v1/filings/8e3f4f33-4527-408f-8b9f-b8fd0ddafe04/; https://www.congress.gov/bill/117th-congress/hr-bill/6833; https://api.congress.gov/v3/bill/117/hr/6833,"LDA disposition/target source-review queue only; deterministic text signals and possible target references are not manual disposition confirmation, sponsor/member targeting evidence, committee-action influence, roll-call influence, legislative-outcome causality, public benefit, welfare, causal capture, or model validation."
74,b0d085cd54a13871,medium,yes,position_or_activity_signal,117-hr-6833,117-180,Economics and Public Finance,C001119,1,1,1,dcd1dbc1-3c4a-41bf-b766-11543866a5d1,2022,2nd Quarter (Apr 1 - June 30),WALGREEN CO.,WEST FRONT STRATEGIES LLC,Pharmacy,HR 6833,exact_bill_text_with_position_or_activity_signal,position_or_activity_signal_needs_manual_confirmation,none_detected,none_detected,issues_related_to; related_to,house_and_senate_entities_disclosed,not_detected_in_activity_text,chamber_entity_context_only_no_specific_target_detected,"...ams; issues related to pharmacy, pharmacist provider status, and Medicare reimbursement; issues related to insulin, including the Affordable Insulin Now Act (S. 3700 and HR 6833).","Manually confirm direction/position and check whether the filing names a target, member, or committee rather than only a chamber/entity.",official_lda_filing_text_bill_identifier; official_lda_activity_text_source_review; deterministic_activity_text_position_signal; disposition_target_review_queue; congressgov_bill_action_metadata_context,manual_disposition_confirmation; sponsor_or_member_target; committee_action_influence; roll_call_influence; legislative_outcome_causality; public_benefit_or_welfare_validation; causal_capture_validation; model_validation,https://lda.gov/filings/public/filing/dcd1dbc1-3c4a-41bf-b766-11543866a5d1/print/; https://lda.gov/api/v1/filings/dcd1dbc1-3c4a-41bf-b766-11543866a5d1/; https://www.congress.gov/bill/117th-congress/hr-bill/6833; https://api.congress.gov/v3/bill/117/hr/6833,"LDA disposition/target source-review queue only; deterministic text signals and possible target references are not manual disposition confirmation, sponsor/member targeting evidence, committee-action influence, roll-call influence, legislative-outcome causality, public benefit, welfare, causal capture, or model validation."
75,69ac635c0838fb53,medium,yes,position_or_activity_signal,117-hr-6833,117-180,Economics and Public Finance,C001119,1,1,1,ca0365fe-6697-427a-8232-ffac7f015761,2022,3rd Quarter (July 1 - Sep 30),COUNTY OF LOS ANGELES,"BECKY SHIPP CONSULTING, LLC",Government Issues,HR 6833,exact_bill_text_with_position_or_activity_signal,position_or_activity_signal_needs_manual_confirmation,none_detected,none_detected,monitoring,house_senate_and_agency_entities_disclosed,not_detected_in_activity_text,chamber_entity_context_only_no_specific_target_detected,"Monitored and provide analysis on the appropriations process, the WH anomies list and the legislative text of PL 117-180 (HR 6833 - Continuing Resolution)","Manually confirm direction/position and check whether the filing names a target, member, or committee rather than only a chamber/entity.",official_lda_filing_text_bill_identifier; official_lda_activity_text_source_review; deterministic_activity_text_position_signal; disposition_target_review_queue; congressgov_bill_action_metadata_context,manual_disposition_confirmation; sponsor_or_member_target; committee_action_influence; roll_call_influence; legislative_outcome_causality; public_benefit_or_welfare_validation; causal_capture_validation; model_validation,https://lda.gov/filings/public/filing/ca0365fe-6697-427a-8232-ffac7f015761/print/; https://lda.gov/api/v1/filings/ca0365fe-6697-427a-8232-ffac7f015761/; https://www.congress.gov/bill/117th-congress/hr-bill/6833; https://api.congress.gov/v3/bill/117/hr/6833,"LDA disposition/target source-review queue only; deterministic text signals and possible target references are not manual disposition confirmation, sponsor/member targeting evidence, committee-action influence, roll-call influence, legislative-outcome causality, public benefit, welfare, causal capture, or model validation."
76,f1f3592ae0f1052d,medium,yes,position_or_activity_signal,117-hr-6833,117-180,Economics and Public Finance,C001119,1,1,1,baf14b24-c641-4886-adc7-938857669cbc,2022,3rd Quarter (July 1 - Sep 30),"EMD SERONO, INC.",THE D MAJOR GROUP,Pharmacy,HR 6833,exact_bill_text_with_position_or_activity_signal,position_or_activity_signal_needs_manual_confirmation,none_detected,none_detected,monitoring,house_and_senate_entities_disclosed,not_detected_in_activity_text,chamber_entity_context_only_no_specific_target_detected,"Monitor FDA User Fee Reauthorization measures as included in HR 6833, the ""Continuing Appropriations & Ukraine Supplemental Appropriations Act.""","Manually confirm direction/position and check whether the filing names a target, member, or committee rather than only a chamber/entity.",official_lda_filing_text_bill_identifier; official_lda_activity_text_source_review; deterministic_activity_text_position_signal; disposition_target_review_queue; congressgov_bill_action_metadata_context,manual_disposition_confirmation; sponsor_or_member_target; committee_action_influence; roll_call_influence; legislative_outcome_causality; public_benefit_or_welfare_validation; causal_capture_validation; model_validation,https://lda.gov/filings/public/filing/baf14b24-c641-4886-adc7-938857669cbc/print/; https://lda.gov/api/v1/filings/baf14b24-c641-4886-adc7-938857669cbc/; https://www.congress.gov/bill/117th-congress/hr-bill/6833; https://api.congress.gov/v3/bill/117/hr/6833,"LDA disposition/target source-review queue only; deterministic text signals and possible target references are not manual disposition confirmation, sponsor/member targeting evidence, committee-action influence, roll-call influence, legislative-outcome causality, public benefit, welfare, causal capture, or model validation."
77,0d1a04d564911b31,medium,yes,position_or_activity_signal,117-hr-6833,117-180,Economics and Public Finance,C001119,1,1,1,a10ce758-7d9d-4a5b-bc3e-7c134d0f8075,2022,3rd Quarter (July 1 - Sep 30),HEALTH CARE SUPPLY CHAIN ASSOCIATION,THE D MAJOR GROUP,Health Issues,HR 6833,exact_bill_text_with_position_or_activity_signal,position_or_activity_signal_needs_manual_confirmation,none_detected,none_detected,related_to; monitoring,house_and_senate_entities_disclosed,not_detected_in_activity_text,chamber_entity_context_only_no_specific_target_detected,"Work on drug shortage issues, including provisions related to the FDA User Fee Reauthorization measure as passed in HR 6833, the ""Continuing Appropriations & Ukraine Supplemental Appropriations Act."" Monitor drug pricing legislation included in HR 5376, the ""Inflation Reduction Act.""","Manually confirm direction/position and check whether the filing names a target, member, or committee rather than only a chamber/entity.",official_lda_filing_text_bill_identifier; official_lda_activity_text_source_review; deterministic_activity_text_position_signal; disposition_target_review_queue; congressgov_bill_action_metadata_context,manual_disposition_confirmation; sponsor_or_member_target; committee_action_influence; roll_call_influence; legislative_outcome_causality; public_benefit_or_welfare_validation; causal_capture_validation; model_validation,https://lda.gov/filings/public/filing/a10ce758-7d9d-4a5b-bc3e-7c134d0f8075/print/; https://lda.gov/api/v1/filings/a10ce758-7d9d-4a5b-bc3e-7c134d0f8075/; https://www.congress.gov/bill/117th-congress/hr-bill/6833; https://api.congress.gov/v3/bill/117/hr/6833,"LDA disposition/target source-review queue only; deterministic text signals and possible target references are not manual disposition confirmation, sponsor/member targeting evidence, committee-action influence, roll-call influence, legislative-outcome causality, public benefit, welfare, causal capture, or model validation."
78,b9df1637c3ddeb30,medium,yes,position_or_activity_signal,117-hr-6833,117-180,Economics and Public Finance,C001119,1,1,1,989911cb-3070-429c-9fb0-032bb334bf0b,2022,3rd Quarter (July 1 - Sep 30),T-MOBILE,OWEN EVANS INGOLS,Telecommunications,HR 6833,exact_bill_text_with_position_or_activity_signal,position_or_activity_signal_needs_manual_confirmation,none_detected,none_detected,issues_related_to; related_to,house_and_senate_entities_disclosed,not_detected_in_activity_text,chamber_entity_context_only_no_specific_target_detected,...frastructure Investment and Jobs Law; HR 7783 - Extending America's Spectrum Auction Leadership Act; telecommunications issues related to the FY23 Continuing Resolution (HR 6833),"Manually confirm direction/position and check whether the filing names a target, member, or committee rather than only a chamber/entity.",official_lda_filing_text_bill_identifier; official_lda_activity_text_source_review; deterministic_activity_text_position_signal; disposition_target_review_queue; congressgov_bill_action_metadata_context,manual_disposition_confirmation; sponsor_or_member_target; committee_action_influence; roll_call_influence; legislative_outcome_causality; public_benefit_or_welfare_validation; causal_capture_validation; model_validation,https://lda.gov/filings/public/filing/989911cb-3070-429c-9fb0-032bb334bf0b/print/; https://lda.gov/api/v1/filings/989911cb-3070-429c-9fb0-032bb334bf0b/; https://www.congress.gov/bill/117th-congress/hr-bill/6833; https://api.congress.gov/v3/bill/117/hr/6833,"LDA disposition/target source-review queue only; deterministic text signals and possible target references are not manual disposition confirmation, sponsor/member targeting evidence, committee-action influence, roll-call influence, legislative-outcome causality, public benefit, welfare, causal capture, or model validation."
79,f87141b355192217,medium,yes,position_or_activity_signal,117-hr-6833,117-180,Economics and Public Finance,C001119,1,1,1,75caa813-99e6-41a1-b8de-e2de71a6bc50,2022,3rd Quarter (July 1 - Sep 30),VERTEX PHARMACEUTICALS INCORPORATED,VERTEX PHARMACEUTICALS INCORPORATED,Medical/Disease Research/Clinical Labs,H.R. 6833,exact_bill_text_with_position_or_activity_signal,position_or_activity_signal_needs_manual_confirmation,none_detected,none_detected,issues_related_to; related_to,house_and_senate_entities_disclosed,not_detected_in_activity_text,chamber_entity_context_only_no_specific_target_detected,"Issues related to FDA regulatory drug review and approval in H.R. 6833, HR 7667 Food and Drug Amendments of 2022, S. 4348 - Food and Drug Administration Safety and Landmark Advancements Act of 2022; Issues related to platform technologies a...","Manually confirm direction/position and check whether the filing names a target, member, or committee rather than only a chamber/entity.",official_lda_filing_text_bill_identifier; official_lda_activity_text_source_review; deterministic_activity_text_position_signal; disposition_target_review_queue; congressgov_bill_action_metadata_context,manual_disposition_confirmation; sponsor_or_member_target; committee_action_influence; roll_call_influence; legislative_outcome_causality; public_benefit_or_welfare_validation; causal_capture_validation; model_validation,https://lda.gov/filings/public/filing/75caa813-99e6-41a1-b8de-e2de71a6bc50/print/; https://lda.gov/api/v1/filings/75caa813-99e6-41a1-b8de-e2de71a6bc50/; https://www.congress.gov/bill/117th-congress/hr-bill/6833; https://api.congress.gov/v3/bill/117/hr/6833,"LDA disposition/target source-review queue only; deterministic text signals and possible target references are not manual disposition confirmation, sponsor/member targeting evidence, committee-action influence, roll-call influence, legislative-outcome causality, public benefit, welfare, causal capture, or model validation."
80,ef403313901ff3ec,medium,yes,position_or_activity_signal,117-hr-6833,117-180,Economics and Public Finance,C001119,1,1,1,3695a881-bed3-4958-b45a-03574108d98a,2022,3rd Quarter (July 1 - Sep 30),WALGREEN CO.,WEST FRONT STRATEGIES LLC,Pharmacy,HR 6833,exact_bill_text_with_position_or_activity_signal,position_or_activity_signal_needs_manual_confirmation,none_detected,none_detected,issues_related_to; related_to,house_and_senate_entities_disclosed,not_detected_in_activity_text,chamber_entity_context_only_no_specific_target_detected,"...ams; issues related to pharmacy, pharmacist provider status, and Medicare reimbursement; issues related to insulin, including the Affordable Insulin Now Act (S. 3700 and HR 6833).","Manually confirm direction/position and check whether the filing names a target, member, or committee rather than only a chamber/entity.",official_lda_filing_text_bill_identifier; official_lda_activity_text_source_review; deterministic_activity_text_position_signal; disposition_target_review_queue; congressgov_bill_action_metadata_context,manual_disposition_confirmation; sponsor_or_member_target; committee_action_influence; roll_call_influence; legislative_outcome_causality; public_benefit_or_welfare_validation; causal_capture_validation; model_validation,https://lda.gov/filings/public/filing/3695a881-bed3-4958-b45a-03574108d98a/print/; https://lda.gov/api/v1/filings/3695a881-bed3-4958-b45a-03574108d98a/; https://www.congress.gov/bill/117th-congress/hr-bill/6833; https://api.congress.gov/v3/bill/117/hr/6833,"LDA disposition/target source-review queue only; deterministic text signals and possible target references are not manual disposition confirmation, sponsor/member targeting evidence, committee-action influence, roll-call influence, legislative-outcome causality, public benefit, welfare, causal capture, or model validation."
81,d68d953c2bdd9c89,medium,yes,position_or_activity_signal,117-hr-7132,117-223,"Science, Technology, Communications",K000382,1,1,1,38e2b629-2b79-404f-8767-29731b1f8e1e,2022,2nd Quarter (Apr 1 - June 30),CTIA,EMPIRE CONSULTING GROUP,Telecommunications,HR 7132,exact_bill_text_with_position_or_activity_signal,position_or_activity_signal_needs_manual_confirmation,none_detected,none_detected,issues_related_to; related_to,house_and_senate_entities_disclosed,not_detected_in_activity_text,chamber_entity_context_only_no_specific_target_detected,"Issues related to infrastructure, spectrum policy, and combatting illegal robocall; HR 8152-the American Data & Privacy Act; the National Defense Authorization Act; HR 7132-the Safe Connections Act of 2022; and the United States Innovation & Competition Act; and issues","Manually confirm direction/position and check whether the filing names a target, member, or committee rather than only a chamber/entity.",official_lda_filing_text_bill_identifier; official_lda_activity_text_source_review; deterministic_activity_text_position_signal; disposition_target_review_queue; congressgov_bill_action_metadata_context,manual_disposition_confirmation; sponsor_or_member_target; committee_action_influence; roll_call_influence; legislative_outcome_causality; public_benefit_or_welfare_validation; causal_capture_validation; model_validation,https://lda.gov/filings/public/filing/38e2b629-2b79-404f-8767-29731b1f8e1e/print/; https://lda.gov/api/v1/filings/38e2b629-2b79-404f-8767-29731b1f8e1e/; https://www.congress.gov/bill/117th-congress/hr-bill/7132; https://api.congress.gov/v3/bill/117/hr/7132,"LDA disposition/target source-review queue only; deterministic text signals and possible target references are not manual disposition confirmation, sponsor/member targeting evidence, committee-action influence, roll-call influence, legislative-outcome causality, public benefit, welfare, causal capture, or model validation."
82,85ad641ad336423e,medium,yes,position_or_activity_signal,117-hr-7776,117-263,Armed Forces and National Security,D000191,1,1,1,e50c94cb-e062-4cf4-b333-074e2452a40c,2022,2nd Quarter (Apr 1 - June 30),AECOM,AECOM,Clean Air and Water (quality),H.R. 7776,exact_bill_text_with_position_or_activity_signal,position_or_activity_signal_needs_manual_confirmation,none_detected,none_detected,issues_related_to; related_to,house_senate_and_agency_entities_disclosed,not_detected_in_activity_text,chamber_entity_context_only_no_specific_target_detected,"...nfrastructure legislation of bipartisan Infrastructure legislation (Infrastructure Investment and Jobs Act - HR 3684). Funding and policy for water resource investments. H.R. 7776, the Water Resources Development Act of 2022 - issues related to the development of permitting documents. S. ___, the Water Resources Development Act of 2022 - issues re...","Manually confirm direction/position and check whether the filing names a target, member, or committee rather than only a chamber/entity.",official_lda_filing_text_bill_identifier; official_lda_activity_text_source_review; deterministic_activity_text_position_signal; disposition_target_review_queue; congressgov_bill_action_metadata_context,manual_disposition_confirmation; sponsor_or_member_target; committee_action_influence; roll_call_influence; legislative_outcome_causality; public_benefit_or_welfare_validation; causal_capture_validation; model_validation,https://lda.gov/filings/public/filing/e50c94cb-e062-4cf4-b333-074e2452a40c/print/; https://lda.gov/api/v1/filings/e50c94cb-e062-4cf4-b333-074e2452a40c/; https://www.congress.gov/bill/117th-congress/hr-bill/7776; https://api.congress.gov/v3/bill/117/hr/7776,"LDA disposition/target source-review queue only; deterministic text signals and possible target references are not manual disposition confirmation, sponsor/member targeting evidence, committee-action influence, roll-call influence, legislative-outcome causality, public benefit, welfare, causal capture, or model validation."
83,75b3f45ed5401b27,medium,yes,position_or_activity_signal,117-hr-7776,117-263,Armed Forces and National Security,D000191,1,1,1,be59006b-f47f-41e7-9f3e-d38c23f18c06,2022,2nd Quarter (Apr 1 - June 30),CITY OF SAN FRANCISCO (WATER AND POWER DIVISION),OWEN EVANS INGOLS,Utilities,HR 7776,exact_bill_text_with_position_or_activity_signal,position_or_activity_signal_needs_manual_confirmation,none_detected,none_detected,issues_related_to; related_to,house_and_senate_entities_disclosed,not_detected_in_activity_text,chamber_entity_context_only_no_specific_target_detected,...ergy and Water Development appropriations bills (HR 8255 and the Senate companion); issues related to implementation of the Infrastructure Investment and Jobs Act (Law); HR 7776 and S. 4136 - Water Resources Development Act of 2022,"Manually confirm direction/position and check whether the filing names a target, member, or committee rather than only a chamber/entity.",official_lda_filing_text_bill_identifier; official_lda_activity_text_source_review; deterministic_activity_text_position_signal; disposition_target_review_queue; congressgov_bill_action_metadata_context,manual_disposition_confirmation; sponsor_or_member_target; committee_action_influence; roll_call_influence; legislative_outcome_causality; public_benefit_or_welfare_validation; causal_capture_validation; model_validation,https://lda.gov/filings/public/filing/be59006b-f47f-41e7-9f3e-d38c23f18c06/print/; https://lda.gov/api/v1/filings/be59006b-f47f-41e7-9f3e-d38c23f18c06/; https://www.congress.gov/bill/117th-congress/hr-bill/7776; https://api.congress.gov/v3/bill/117/hr/7776,"LDA disposition/target source-review queue only; deterministic text signals and possible target references are not manual disposition confirmation, sponsor/member targeting evidence, committee-action influence, roll-call influence, legislative-outcome causality, public benefit, welfare, causal capture, or model validation."
84,a4cd120cef67dae1,medium,yes,support_signal,117-hr-7776,117-263,Armed Forces and National Security,D000191,1,1,1,cdcf177f-ed4d-4b99-98ff-853800a4470f,2022,2nd Quarter (Apr 1 - June 30),CITY OF WACO,HICKS-RAY ASSOCIATES,Transportation,HR 7776,exact_bill_text_with_explicit_support_signal,support_signal_needs_manual_confirmation,in_support_of,none_detected,none_detected,house_senate_and_agency_entities_disclosed,not_detected_in_activity_text,chamber_entity_context_only_no_specific_target_detected,"...ter Appropriations Bill and for consideration in the Interior and Environment Appropriations bill. Advocate in support of passage of the Water Resources Development Act, HR 7776.","Manually confirm direction/position and check whether the filing names a target, member, or committee rather than only a chamber/entity.",official_lda_filing_text_bill_identifier; official_lda_activity_text_source_review; deterministic_activity_text_position_signal; disposition_target_review_queue; congressgov_bill_action_metadata_context,manual_disposition_confirmation; sponsor_or_member_target; committee_action_influence; roll_call_influence; legislative_outcome_causality; public_benefit_or_welfare_validation; causal_capture_validation; model_validation,https://lda.gov/filings/public/filing/cdcf177f-ed4d-4b99-98ff-853800a4470f/print/; https://lda.gov/api/v1/filings/cdcf177f-ed4d-4b99-98ff-853800a4470f/; https://www.congress.gov/bill/117th-congress/hr-bill/7776; https://api.congress.gov/v3/bill/117/hr/7776,"LDA disposition/target source-review queue only; deterministic text signals and possible target references are not manual disposition confirmation, sponsor/member targeting evidence, committee-action influence, roll-call influence, legislative-outcome causality, public benefit, welfare, causal capture, or model validation."
85,0f3522ac37f29592,medium,yes,position_or_activity_signal,117-hr-7776,117-263,Armed Forces and National Security,D000191,1,1,1,453459f6-ad3d-42ec-9f84-6dcc1c5dd0cd,2022,2nd Quarter (Apr 1 - June 30),CONSORTIUM MANAGEMENT GROUP,OWEN EVANS INGOLS,Government Issues,HR 7776,exact_bill_text_with_position_or_activity_signal,position_or_activity_signal_needs_manual_confirmation,none_detected,none_detected,issues_related_to; related_to,house_senate_and_agency_entities_disclosed,not_detected_in_activity_text,chamber_entity_context_only_no_specific_target_detected,Issues associated with Other Transaction Authority (OTA) and government contracting; issues related to the Water Resources Development Act of FY 22 (HR 7776 and S. 4136) contracting issues related to the National Defense Authorization Act (HR 7900 and the Senate companion),"Manually confirm direction/position and check whether the filing names a target, member, or committee rather than only a chamber/entity.",official_lda_filing_text_bill_identifier; official_lda_activity_text_source_review; deterministic_activity_text_position_signal; disposition_target_review_queue; congressgov_bill_action_metadata_context,manual_disposition_confirmation; sponsor_or_member_target; committee_action_influence; roll_call_influence; legislative_outcome_causality; public_benefit_or_welfare_validation; causal_capture_validation; model_validation,https://lda.gov/filings/public/filing/453459f6-ad3d-42ec-9f84-6dcc1c5dd0cd/print/; https://lda.gov/api/v1/filings/453459f6-ad3d-42ec-9f84-6dcc1c5dd0cd/; https://www.congress.gov/bill/117th-congress/hr-bill/7776; https://api.congress.gov/v3/bill/117/hr/7776,"LDA disposition/target source-review queue only; deterministic text signals and possible target references are not manual disposition confirmation, sponsor/member targeting evidence, committee-action influence, roll-call influence, legislative-outcome causality, public benefit, welfare, causal capture, or model validation."
86,265e2ebc2d6eb127,medium,yes,position_or_activity_signal,117-hr-7776,117-263,Armed Forces and National Security,D000191,1,1,1,0072f0eb-ae20-4145-8820-3e57c956cbf6,2022,2nd Quarter (Apr 1 - June 30),OREGON STATE UNIVERSITY,OREGON STATE UNIVERSITY,Science/Technology,HR 7776,exact_bill_text_with_position_or_activity_signal,position_or_activity_signal_needs_manual_confirmation,none_detected,none_detected,related_to,house_and_senate_entities_disclosed,not_detected_in_activity_text,chamber_entity_context_only_no_specific_target_detected,"...STEM; gradate student and early career support; and research security. Fully funding the CHIPS Act, including funds for R&D. Water Resources and Development Act of 2022 (HR 7776): water resources research related to wildfire.","Manually confirm direction/position and check whether the filing names a target, member, or committee rather than only a chamber/entity.",official_lda_filing_text_bill_identifier; official_lda_activity_text_source_review; deterministic_activity_text_position_signal; disposition_target_review_queue; congressgov_bill_action_metadata_context,manual_disposition_confirmation; sponsor_or_member_target; committee_action_influence; roll_call_influence; legislative_outcome_causality; public_benefit_or_welfare_validation; causal_capture_validation; model_validation,https://lda.gov/filings/public/filing/0072f0eb-ae20-4145-8820-3e57c956cbf6/print/; https://lda.gov/api/v1/filings/0072f0eb-ae20-4145-8820-3e57c956cbf6/; https://www.congress.gov/bill/117th-congress/hr-bill/7776; https://api.congress.gov/v3/bill/117/hr/7776,"LDA disposition/target source-review queue only; deterministic text signals and possible target references are not manual disposition confirmation, sponsor/member targeting evidence, committee-action influence, roll-call influence, legislative-outcome causality, public benefit, welfare, causal capture, or model validation."
87,c9d2ed108b64c409,medium,yes,support_signal,117-hr-7776,117-263,Armed Forces and National Security,D000191,1,1,1,c3270bbe-1303-40a5-b2ae-9f79d815ec4a,2022,2nd Quarter (Apr 1 - June 30),SAN GABRIEL VALLEY WATER ASSOCIATION,HICKS-RICHARDSON ASSOCIATES,Environment/Superfund,HR 7776,exact_bill_text_with_explicit_support_signal,support_signal_needs_manual_confirmation,supporting,none_detected,none_detected,house_senate_and_agency_entities_disclosed,not_detected_in_activity_text,chamber_entity_context_only_no_specific_target_detected,The House version of the Water Resources Development Act which is going through a reauthorization process. The legislation is HR 7776. Supporting continuing rehabilitation of the Whittier Narrows Dam. Worked with Congresswoman Napolitano.,"Manually confirm direction/position and check whether the filing names a target, member, or committee rather than only a chamber/entity.",official_lda_filing_text_bill_identifier; official_lda_activity_text_source_review; deterministic_activity_text_position_signal; disposition_target_review_queue; congressgov_bill_action_metadata_context,manual_disposition_confirmation; sponsor_or_member_target; committee_action_influence; roll_call_influence; legislative_outcome_causality; public_benefit_or_welfare_validation; causal_capture_validation; model_validation,https://lda.gov/filings/public/filing/c3270bbe-1303-40a5-b2ae-9f79d815ec4a/print/; https://lda.gov/api/v1/filings/c3270bbe-1303-40a5-b2ae-9f79d815ec4a/; https://www.congress.gov/bill/117th-congress/hr-bill/7776; https://api.congress.gov/v3/bill/117/hr/7776,"LDA disposition/target source-review queue only; deterministic text signals and possible target references are not manual disposition confirmation, sponsor/member targeting evidence, committee-action influence, roll-call influence, legislative-outcome causality, public benefit, welfare, causal capture, or model validation."
88,a499f8500db12967,medium,yes,opposition_signal,117-hr-7776,117-263,Armed Forces and National Security,D000191,1,1,1,1cf8c654-2c85-4aa7-9358-54f842dbed1d,2022,2nd Quarter (Apr 1 - June 30),SOUTHERN ENVIRONMENTAL LAW CENTER,SOUTHERN ENVIRONMENTAL LAW CENTER,Government Issues,HR 7776,exact_bill_text_with_explicit_opposition_signal,opposition_signal_needs_manual_confirmation,none_detected,oppose,none_detected,house_senate_and_agency_entities_disclosed,not_detected_in_activity_text,chamber_entity_context_only_no_specific_target_detected,"HR 7776, Water Resources Development Act of 2022, opposing provisions that would weaken NEPA.","Manually confirm direction/position and check whether the filing names a target, member, or committee rather than only a chamber/entity.",official_lda_filing_text_bill_identifier; official_lda_activity_text_source_review; deterministic_activity_text_position_signal; disposition_target_review_queue; congressgov_bill_action_metadata_context,manual_disposition_confirmation; sponsor_or_member_target; committee_action_influence; roll_call_influence; legislative_outcome_causality; public_benefit_or_welfare_validation; causal_capture_validation; model_validation,https://lda.gov/filings/public/filing/1cf8c654-2c85-4aa7-9358-54f842dbed1d/print/; https://lda.gov/api/v1/filings/1cf8c654-2c85-4aa7-9358-54f842dbed1d/; https://www.congress.gov/bill/117th-congress/hr-bill/7776; https://api.congress.gov/v3/bill/117/hr/7776,"LDA disposition/target source-review queue only; deterministic text signals and possible target references are not manual disposition confirmation, sponsor/member targeting evidence, committee-action influence, roll-call influence, legislative-outcome causality, public benefit, welfare, causal capture, or model validation."
89,b2153cbf9e428bb0,medium,yes,position_or_activity_signal,117-hr-8404,117-228,"Civil Rights and Liberties, Minority Issues",N000002,1,1,1,2d40bf5a-3337-41b2-bba2-d6776c389d00,2022,3rd Quarter (July 1 - Sep 30),HERITAGE ACTION FOR AMERICA,HERITAGE ACTION FOR AMERICA,Family issues/Abortion/Adoption,HR 8404,exact_bill_text_with_position_or_activity_signal,position_or_activity_signal_needs_manual_confirmation,none_detected,none_detected,all_provisions,house_and_senate_entities_disclosed,not_detected_in_activity_text,chamber_entity_context_only_no_specific_target_detected,"...Health Protection Act of 2022,"" all provisions. HR 8297 ""Ensuring Access to Abortion Act of 2022,"" all provisions. HR 8373 ""Right to Contraception Act,"" all provisions. HR 8404 ""Respect for Marriage Act,"" all provisions.","Manually confirm direction/position and check whether the filing names a target, member, or committee rather than only a chamber/entity.",official_lda_filing_text_bill_identifier; official_lda_activity_text_source_review; deterministic_activity_text_position_signal; disposition_target_review_queue; congressgov_bill_action_metadata_context,manual_disposition_confirmation; sponsor_or_member_target; committee_action_influence; roll_call_influence; legislative_outcome_causality; public_benefit_or_welfare_validation; causal_capture_validation; model_validation,https://lda.gov/filings/public/filing/2d40bf5a-3337-41b2-bba2-d6776c389d00/print/; https://lda.gov/api/v1/filings/2d40bf5a-3337-41b2-bba2-d6776c389d00/; https://www.congress.gov/bill/117th-congress/hr-bill/8404; https://api.congress.gov/v3/bill/117/hr/8404,"LDA disposition/target source-review queue only; deterministic text signals and possible target references are not manual disposition confirmation, sponsor/member targeting evidence, committee-action influence, roll-call influence, legislative-outcome causality, public benefit, welfare, causal capture, or model validation."
90,e9713b98995cbf7c,medium,yes,support_signal,117-hr-8404,117-228,"Civil Rights and Liberties, Minority Issues",N000002,1,1,1,1e73cfa0-a826-49dc-a72a-934a2b6b6ca8,2022,3rd Quarter (July 1 - Sep 30),LOG CABIN REPUBLICANS,LOG CABIN REPUBLICANS,Civil Rights/Civil Liberties,HR 8404,exact_bill_text_with_explicit_support_signal,support_signal_needs_manual_confirmation,in_support_of,none_detected,none_detected,house_and_senate_entities_disclosed,not_detected_in_activity_text,chamber_entity_context_only_no_specific_target_detected,"HR 8404 - The Respect for Marriage Act ; in support of the bill to codify marriage equality and interracial marriage in to law, repealing the Defense of Marriage Act.","Manually confirm direction/position and check whether the filing names a target, member, or committee rather than only a chamber/entity.",official_lda_filing_text_bill_identifier; official_lda_activity_text_source_review; deterministic_activity_text_position_signal; disposition_target_review_queue; congressgov_bill_action_metadata_context,manual_disposition_confirmation; sponsor_or_member_target; committee_action_influence; roll_call_influence; legislative_outcome_causality; public_benefit_or_welfare_validation; causal_capture_validation; model_validation,https://lda.gov/filings/public/filing/1e73cfa0-a826-49dc-a72a-934a2b6b6ca8/print/; https://lda.gov/api/v1/filings/1e73cfa0-a826-49dc-a72a-934a2b6b6ca8/; https://www.congress.gov/bill/117th-congress/hr-bill/8404; https://api.congress.gov/v3/bill/117/hr/8404,"LDA disposition/target source-review queue only; deterministic text signals and possible target references are not manual disposition confirmation, sponsor/member targeting evidence, committee-action influence, roll-call influence, legislative-outcome causality, public benefit, welfare, causal capture, or model validation."
91,a297b3e846e29a66,medium,yes,position_or_activity_signal,117-hr-8404,117-228,"Civil Rights and Liberties, Minority Issues",N000002,1,1,1,a884c46d-14fa-49bd-8e04-b02ce8ddf80d,2022,4th Quarter (Oct 1 - Dec 31),HERITAGE ACTION FOR AMERICA,HERITAGE ACTION FOR AMERICA,Family issues/Abortion/Adoption,HR 8404,exact_bill_text_with_position_or_activity_signal,position_or_activity_signal_needs_manual_confirmation,none_detected,none_detected,all_provisions,house_and_senate_entities_disclosed,not_detected_in_activity_text,chamber_entity_context_only_no_specific_target_detected,"HR 8404 ""Respect for Marriage Act,"" all provisions.","Manually confirm direction/position and check whether the filing names a target, member, or committee rather than only a chamber/entity.",official_lda_filing_text_bill_identifier; official_lda_activity_text_source_review; deterministic_activity_text_position_signal; disposition_target_review_queue; congressgov_bill_action_metadata_context,manual_disposition_confirmation; sponsor_or_member_target; committee_action_influence; roll_call_influence; legislative_outcome_causality; public_benefit_or_welfare_validation; causal_capture_validation; model_validation,https://lda.gov/filings/public/filing/a884c46d-14fa-49bd-8e04-b02ce8ddf80d/print/; https://lda.gov/api/v1/filings/a884c46d-14fa-49bd-8e04-b02ce8ddf80d/; https://www.congress.gov/bill/117th-congress/hr-bill/8404; https://api.congress.gov/v3/bill/117/hr/8404,"LDA disposition/target source-review queue only; deterministic text signals and possible target references are not manual disposition confirmation, sponsor/member targeting evidence, committee-action influence, roll-call influence, legislative-outcome causality, public benefit, welfare, causal capture, or model validation."
92,93f4e59b37163766,medium,yes,support_signal,117-hr-8404,117-228,"Civil Rights and Liberties, Minority Issues",N000002,1,1,1,553bce7b-654b-4fda-ad0e-d519c0232286,2022,4th Quarter (Oct 1 - Dec 31),LOG CABIN REPUBLICANS,LOG CABIN REPUBLICANS,Civil Rights/Civil Liberties,HR 8404,exact_bill_text_with_explicit_support_signal,support_signal_needs_manual_confirmation,in_support_of,none_detected,none_detected,house_and_senate_entities_disclosed,not_detected_in_activity_text,chamber_entity_context_only_no_specific_target_detected,"HR 8404 - The Respect for Marriage Act ; in support of the bill to codify marriage equality and interracial marriage in to law, repealing the Defense of Marriage Act.","Manually confirm direction/position and check whether the filing names a target, member, or committee rather than only a chamber/entity.",official_lda_filing_text_bill_identifier; official_lda_activity_text_source_review; deterministic_activity_text_position_signal; disposition_target_review_queue; congressgov_bill_action_metadata_context,manual_disposition_confirmation; sponsor_or_member_target; committee_action_influence; roll_call_influence; legislative_outcome_causality; public_benefit_or_welfare_validation; causal_capture_validation; model_validation,https://lda.gov/filings/public/filing/553bce7b-654b-4fda-ad0e-d519c0232286/print/; https://lda.gov/api/v1/filings/553bce7b-654b-4fda-ad0e-d519c0232286/; https://www.congress.gov/bill/117th-congress/hr-bill/8404; https://api.congress.gov/v3/bill/117/hr/8404,"LDA disposition/target source-review queue only; deterministic text signals and possible target references are not manual disposition confirmation, sponsor/member targeting evidence, committee-action influence, roll-call influence, legislative-outcome causality, public benefit, welfare, causal capture, or model validation."
93,adc5578c7836f6b8,medium,yes,position_or_activity_signal,117-hr-8454,117-215,Crime and Law Enforcement,B000574,0,1,1,f424088e-f609-4b08-b542-7655273c92a7,2022,3rd Quarter (July 1 - Sep 30),AMERICAN BUS ASSOCIATION,AMERICAN BUS ASSOCIATION,Transportation,HR 8454,exact_bill_text_with_position_or_activity_signal,position_or_activity_signal_needs_manual_confirmation,none_detected,none_detected,related_to,house_senate_and_agency_entities_disclosed,not_detected_in_activity_text,chamber_entity_context_only_no_specific_target_detected,...ng HR 2187 - Truck Parking; HR 5706 - Sexual Assault in Tranpsportation; HR 3110/S 1658 - PUMPING Act; HR 7348 - Drivers Incentive Act; HR 7517/S 4823 - OT for Truckers; HR 8454 - Cannibis Research; S. 4861 - ELDT exemptions); Federal motor carrier regulations and Department of Transportation regulations/laws; legislation/actions related to impl...,"Manually confirm direction/position and check whether the filing names a target, member, or committee rather than only a chamber/entity.",official_lda_filing_text_bill_identifier; official_lda_activity_text_source_review; deterministic_activity_text_position_signal; disposition_target_review_queue; congressgov_bill_action_metadata_context,manual_disposition_confirmation; sponsor_or_member_target; committee_action_influence; roll_call_influence; legislative_outcome_causality; public_benefit_or_welfare_validation; causal_capture_validation; model_validation,https://lda.gov/filings/public/filing/f424088e-f609-4b08-b542-7655273c92a7/print/; https://lda.gov/api/v1/filings/f424088e-f609-4b08-b542-7655273c92a7/; https://www.congress.gov/bill/117th-congress/hr-bill/8454; https://api.congress.gov/v3/bill/117/hr/8454,"LDA disposition/target source-review queue only; deterministic text signals and possible target references are not manual disposition confirmation, sponsor/member targeting evidence, committee-action influence, roll-call influence, legislative-outcome causality, public benefit, welfare, causal capture, or model validation."
94,dd3f4305fd6b3b89,medium,yes,support_signal,117-hr-8454,117-215,Crime and Law Enforcement,B000574,0,1,1,b321cbfc-d50e-45af-8c51-1559d61539be,2022,3rd Quarter (July 1 - Sep 30),EPILEPSY FOUNDATION,EPILEPSY FOUNDATION,Health Issues,HR 8454,exact_bill_text_with_explicit_support_signal,support_signal_needs_manual_confirmation,support_passage; support_bill_or_legislation,none_detected,none_detected,house_senate_and_agency_entities_disclosed,not_detected_in_activity_text,chamber_entity_context_only_no_specific_target_detected,"...mechanism; and barring the use of discriminatory quality-adjusted life year (QALY) in prescription drug legislation. -S. 464/H.R. 2163, Safe Step Act, support passage. -HR 8454 Medical Marijuana and Cannabidiol Research Expansion Act, support passage. -Identify and make recommendations on improvements to federal law for access to medical cannab...","Manually confirm direction/position and check whether the filing names a target, member, or committee rather than only a chamber/entity.",official_lda_filing_text_bill_identifier; official_lda_activity_text_source_review; deterministic_activity_text_position_signal; disposition_target_review_queue; congressgov_bill_action_metadata_context,manual_disposition_confirmation; sponsor_or_member_target; committee_action_influence; roll_call_influence; legislative_outcome_causality; public_benefit_or_welfare_validation; causal_capture_validation; model_validation,https://lda.gov/filings/public/filing/b321cbfc-d50e-45af-8c51-1559d61539be/print/; https://lda.gov/api/v1/filings/b321cbfc-d50e-45af-8c51-1559d61539be/; https://www.congress.gov/bill/117th-congress/hr-bill/8454; https://api.congress.gov/v3/bill/117/hr/8454,"LDA disposition/target source-review queue only; deterministic text signals and possible target references are not manual disposition confirmation, sponsor/member targeting evidence, committee-action influence, roll-call influence, legislative-outcome causality, public benefit, welfare, causal capture, or model validation."
95,9135041c0d1c9eca,medium,yes,position_or_activity_signal,117-hr-8454,117-215,Crime and Law Enforcement,B000574,0,1,1,5dd7f899-9eda-4ce6-9773-43627e767bcd,2022,4th Quarter (Oct 1 - Dec 31),AMERICAN BUS ASSOCIATION,AMERICAN BUS ASSOCIATION,Transportation,HR 8454,exact_bill_text_with_position_or_activity_signal,position_or_activity_signal_needs_manual_confirmation,none_detected,none_detected,related_to,house_senate_and_agency_entities_disclosed,not_detected_in_activity_text,chamber_entity_context_only_no_specific_target_detected,...k Parking; HR 5706 - Sexual Assault in Tranpsportation; HR 3110/S 1658 - PUMP for Nursing Mothers Act; HR 7348 - Drivers Incentive Act; HR 7517/S 4823 - OT for Truckers; HR 8454 - Cannibis Research; S. 4861 - ELDT exemptions); Federal motor carrier regulations and Department of Transportation regulations/laws; legislation/actions related to impl...,"Manually confirm direction/position and check whether the filing names a target, member, or committee rather than only a chamber/entity.",official_lda_filing_text_bill_identifier; official_lda_activity_text_source_review; deterministic_activity_text_position_signal; disposition_target_review_queue; congressgov_bill_action_metadata_context,manual_disposition_confirmation; sponsor_or_member_target; committee_action_influence; roll_call_influence; legislative_outcome_causality; public_benefit_or_welfare_validation; causal_capture_validation; model_validation,https://lda.gov/filings/public/filing/5dd7f899-9eda-4ce6-9773-43627e767bcd/print/; https://lda.gov/api/v1/filings/5dd7f899-9eda-4ce6-9773-43627e767bcd/; https://www.congress.gov/bill/117th-congress/hr-bill/8454; https://api.congress.gov/v3/bill/117/hr/8454,"LDA disposition/target source-review queue only; deterministic text signals and possible target references are not manual disposition confirmation, sponsor/member targeting evidence, committee-action influence, roll-call influence, legislative-outcome causality, public benefit, welfare, causal capture, or model validation."
96,181fc921e58a2b80,medium,yes,support_signal,117-s-2089,117-158,Agriculture and Food,S001181,1,1,1,b684bb8c-3d77-47ed-871f-eef19a77975e,2022,2nd Quarter (Apr 1 - June 30),AMERICAN FEDERATION OF STATE COUNTY AND MUNICIPAL EMPLOYEES,"AMERICAN FEDERATION OF STATE, COUNTY AND MUNICIPAL EMPLOYEES",Agriculture,S 2089,exact_bill_text_with_explicit_support_signal,support_signal_needs_manual_confirmation,support_for,none_detected,none_detected,house_senate_and_agency_entities_disclosed,not_detected_in_activity_text,chamber_entity_context_only_no_specific_target_detected,"HR 8150, S 2089- Keep Kids Fed Act of 2022 HR 5919- Early Childhood Nutrition Improvement Act H Res 980- Expressing support for ... National CACFP Week S 1270- Access to Healthy Food fo...","Manually confirm direction/position and check whether the filing names a target, member, or committee rather than only a chamber/entity.",official_lda_filing_text_bill_identifier; official_lda_activity_text_source_review; deterministic_activity_text_position_signal; disposition_target_review_queue; congressgov_bill_action_metadata_context,manual_disposition_confirmation; sponsor_or_member_target; committee_action_influence; roll_call_influence; legislative_outcome_causality; public_benefit_or_welfare_validation; causal_capture_validation; model_validation,https://lda.gov/filings/public/filing/b684bb8c-3d77-47ed-871f-eef19a77975e/print/; https://lda.gov/api/v1/filings/b684bb8c-3d77-47ed-871f-eef19a77975e/; https://www.congress.gov/bill/117th-congress/s-bill/2089; https://api.congress.gov/v3/bill/117/s/2089,"LDA disposition/target source-review queue only; deterministic text signals and possible target references are not manual disposition confirmation, sponsor/member targeting evidence, committee-action influence, roll-call influence, legislative-outcome causality, public benefit, welfare, causal capture, or model validation."
97,a618958b59ebfa0d,medium,yes,support_signal,117-s-2089,117-158,Agriculture and Food,S001181,1,1,1,a8d3217c-3601-4c35-89da-d3028367e54b,2022,2nd Quarter (Apr 1 - June 30),THE HEALTH FEDERATION OF PHILADELPHIA,"LINCHPIN STRATEGIES, LLC",Family issues/Abortion/Adoption,S. 2089,exact_bill_text_with_explicit_support_signal,support_signal_needs_manual_confirmation,support_for,none_detected,none_detected,house_senate_and_agency_entities_disclosed,not_detected_in_activity_text,chamber_entity_context_only_no_specific_target_detected,"Funding and support for at-home child care providers (no bill number); Advocacy for child care meal funding in the Keep Kids Fed Act, S. 2089 and HR 8150.","Manually confirm direction/position and check whether the filing names a target, member, or committee rather than only a chamber/entity.",official_lda_filing_text_bill_identifier; official_lda_activity_text_source_review; deterministic_activity_text_position_signal; disposition_target_review_queue; congressgov_bill_action_metadata_context,manual_disposition_confirmation; sponsor_or_member_target; committee_action_influence; roll_call_influence; legislative_outcome_causality; public_benefit_or_welfare_validation; causal_capture_validation; model_validation,https://lda.gov/filings/public/filing/a8d3217c-3601-4c35-89da-d3028367e54b/print/; https://lda.gov/api/v1/filings/a8d3217c-3601-4c35-89da-d3028367e54b/; https://www.congress.gov/bill/117th-congress/s-bill/2089; https://api.congress.gov/v3/bill/117/s/2089,"LDA disposition/target source-review queue only; deterministic text signals and possible target references are not manual disposition confirmation, sponsor/member targeting evidence, committee-action influence, roll-call influence, legislative-outcome causality, public benefit, welfare, causal capture, or model validation."
98,31940bca1b46df95,medium,yes,support_signal,117-s-2089,117-158,Agriculture and Food,S001181,1,1,1,d3c40e07-b58e-48b2-a339-1476560aa3f4,2022,3rd Quarter (July 1 - Sep 30),THE HEALTH FEDERATION OF PHILADELPHIA,"LINCHPIN STRATEGIES, LLC",Family issues/Abortion/Adoption,S. 2089,exact_bill_text_with_explicit_support_signal,support_signal_needs_manual_confirmation,support_for,none_detected,none_detected,house_senate_and_agency_entities_disclosed,not_detected_in_activity_text,chamber_entity_context_only_no_specific_target_detected,"Funding and support for at-home child care providers (no bill number); Advocacy for child care meal funding in the Keep Kids Fed Act, S. 2089 and HR 8150.","Manually confirm direction/position and check whether the filing names a target, member, or committee rather than only a chamber/entity.",official_lda_filing_text_bill_identifier; official_lda_activity_text_source_review; deterministic_activity_text_position_signal; disposition_target_review_queue; congressgov_bill_action_metadata_context,manual_disposition_confirmation; sponsor_or_member_target; committee_action_influence; roll_call_influence; legislative_outcome_causality; public_benefit_or_welfare_validation; causal_capture_validation; model_validation,https://lda.gov/filings/public/filing/d3c40e07-b58e-48b2-a339-1476560aa3f4/print/; https://lda.gov/api/v1/filings/d3c40e07-b58e-48b2-a339-1476560aa3f4/; https://www.congress.gov/bill/117th-congress/s-bill/2089; https://api.congress.gov/v3/bill/117/s/2089,"LDA disposition/target source-review queue only; deterministic text signals and possible target references are not manual disposition confirmation, sponsor/member targeting evidence, committee-action influence, roll-call influence, legislative-outcome causality, public benefit, welfare, causal capture, or model validation."
99,a0f5b88d2e6cff07,medium,yes,position_or_activity_signal,117-s-233,117-115,Government Operations and Politics,C001056,1,1,1,df260f1b-21ca-412a-9108-28fd18eb8e62,2021,3rd Quarter (July 1 - Sep 30),NCTA - THE INTERNET & TELEVISION ASSOCIATION,NCTA - THE INTERNET & TELEVISION ASSOCIATION,Telecommunications,S 233,exact_bill_text_with_position_or_activity_signal,position_or_activity_signal_needs_manual_confirmation,none_detected,none_detected,all_provisions; related_to,house_senate_and_agency_entities_disclosed,not_detected_in_activity_text,chamber_entity_context_only_no_specific_target_detected,...Antitrust Law Enforcement Reform Act of 2021 - all provisions related to cable. -S 228 - Merger Filing Fee Modernization Act of 2021 - all provisions related to cable. -S 233 - Assisting Broadband Connectivity Act of 2021 - all provisions related to cable. -S 279 - National Broadband Plan for the Future Act of 2021 - all provisions related to...,"Manually confirm direction/position and check whether the filing names a target, member, or committee rather than only a chamber/entity.",official_lda_filing_text_bill_identifier; official_lda_activity_text_source_review; deterministic_activity_text_position_signal; disposition_target_review_queue; congressgov_bill_action_metadata_context,manual_disposition_confirmation; sponsor_or_member_target; committee_action_influence; roll_call_influence; legislative_outcome_causality; public_benefit_or_welfare_validation; causal_capture_validation; model_validation,https://lda.gov/filings/public/filing/df260f1b-21ca-412a-9108-28fd18eb8e62/print/; https://lda.gov/api/v1/filings/df260f1b-21ca-412a-9108-28fd18eb8e62/; https://www.congress.gov/bill/117th-congress/s-bill/233; https://api.congress.gov/v3/bill/117/s/233,"LDA disposition/target source-review queue only; deterministic text signals and possible target references are not manual disposition confirmation, sponsor/member targeting evidence, committee-action influence, roll-call influence, legislative-outcome causality, public benefit, welfare, causal capture, or model validation."
100,ceb6cc173d1459ba,medium,yes,position_or_activity_signal,117-s-233,117-115,Government Operations and Politics,C001056,1,1,1,160dca08-437f-481a-b76e-504bc1dc4c8e,2021,4th Quarter (Oct 1 - Dec 31),NCTA - THE INTERNET & TELEVISION ASSOCIATION,NCTA - THE INTERNET & TELEVISION ASSOCIATION,Telecommunications,S 233,exact_bill_text_with_position_or_activity_signal,position_or_activity_signal_needs_manual_confirmation,none_detected,none_detected,all_provisions; related_to,house_senate_and_agency_entities_disclosed,not_detected_in_activity_text,chamber_entity_context_only_no_specific_target_detected,...Antitrust Law Enforcement Reform Act of 2021 - all provisions related to cable. -S 228 - Merger Filing Fee Modernization Act of 2021 - all provisions related to cable. -S 233 - Assisting Broadband Connectivity Act of 2021 - all provisions related to cable. -S 279 - National Broadband Plan for the Future Act of 2021 - all provisions related to...,"Manually confirm direction/position and check whether the filing names a target, member, or committee rather than only a chamber/entity.",official_lda_filing_text_bill_identifier; official_lda_activity_text_source_review; deterministic_activity_text_position_signal; disposition_target_review_queue; congressgov_bill_action_metadata_context,manual_disposition_confirmation; sponsor_or_member_target; committee_action_influence; roll_call_influence; legislative_outcome_causality; public_benefit_or_welfare_validation; causal_capture_validation; model_validation,https://lda.gov/filings/public/filing/160dca08-437f-481a-b76e-504bc1dc4c8e/print/; https://lda.gov/api/v1/filings/160dca08-437f-481a-b76e-504bc1dc4c8e/; https://www.congress.gov/bill/117th-congress/s-bill/233; https://api.congress.gov/v3/bill/117/s/233,"LDA disposition/target source-review queue only; deterministic text signals and possible target references are not manual disposition confirmation, sponsor/member targeting evidence, committee-action influence, roll-call influence, legislative-outcome causality, public benefit, welfare, causal capture, or model validation."
101,d5db67612eebe0b9,medium,yes,position_or_activity_signal,117-s-233,117-115,Government Operations and Politics,C001056,1,1,1,55db1a73-d56e-4a92-acf0-23c5c1035723,2022,1st Quarter (Jan 1 - Mar 31),NCTA - THE INTERNET & TELEVISION ASSOCIATION,NCTA - THE INTERNET & TELEVISION ASSOCIATION,Telecommunications,S 233,exact_bill_text_with_position_or_activity_signal,position_or_activity_signal_needs_manual_confirmation,none_detected,none_detected,all_provisions; related_to,house_senate_and_agency_entities_disclosed,not_detected_in_activity_text,chamber_entity_context_only_no_specific_target_detected,...Antitrust Law Enforcement Reform Act of 2021 - all provisions related to cable. -S 228 - Merger Filing Fee Modernization Act of 2021 - all provisions related to cable. -S 233 - Assisting Broadband Connectivity Act of 2021 - all provisions related to cable. -S 279 - National Broadband Plan for the Future Act of 2021 - all provisions related to...,"Manually confirm direction/position and check whether the filing names a target, member, or committee rather than only a chamber/entity.",official_lda_filing_text_bill_identifier; official_lda_activity_text_source_review; deterministic_activity_text_position_signal; disposition_target_review_queue; congressgov_bill_action_metadata_context,manual_disposition_confirmation; sponsor_or_member_target; committee_action_influence; roll_call_influence; legislative_outcome_causality; public_benefit_or_welfare_validation; causal_capture_validation; model_validation,https://lda.gov/filings/public/filing/55db1a73-d56e-4a92-acf0-23c5c1035723/print/; https://lda.gov/api/v1/filings/55db1a73-d56e-4a92-acf0-23c5c1035723/; https://www.congress.gov/bill/117th-congress/s-bill/233; https://api.congress.gov/v3/bill/117/s/233,"LDA disposition/target source-review queue only; deterministic text signals and possible target references are not manual disposition confirmation, sponsor/member targeting evidence, committee-action influence, roll-call influence, legislative-outcome causality, public benefit, welfare, causal capture, or model validation."
102,ffd9c9513a9afe61,medium,yes,position_or_activity_signal,117-s-233,117-115,Government Operations and Politics,C001056,1,1,1,6238b838-16d3-462a-ac9a-709c24f42a44,2022,2nd Quarter (Apr 1 - June 30),NCTA - THE INTERNET & TELEVISION ASSOCIATION,NCTA - THE INTERNET & TELEVISION ASSOCIATION,Telecommunications,S 233,exact_bill_text_with_position_or_activity_signal,position_or_activity_signal_needs_manual_confirmation,none_detected,none_detected,all_provisions; related_to,house_senate_and_agency_entities_disclosed,not_detected_in_activity_text,chamber_entity_context_only_no_specific_target_detected,...Antitrust Law Enforcement Reform Act of 2021 - all provisions related to cable. -S 228 - Merger Filing Fee Modernization Act of 2021 - all provisions related to cable. -S 233 - Assisting Broadband Connectivity Act of 2021 - all provisions related to cable. -S 279 - National Broadband Plan for the Future Act of 2021 - all provisions related to...,"Manually confirm direction/position and check whether the filing names a target, member, or committee rather than only a chamber/entity.",official_lda_filing_text_bill_identifier; official_lda_activity_text_source_review; deterministic_activity_text_position_signal; disposition_target_review_queue; congressgov_bill_action_metadata_context,manual_disposition_confirmation; sponsor_or_member_target; committee_action_influence; roll_call_influence; legislative_outcome_causality; public_benefit_or_welfare_validation; causal_capture_validation; model_validation,https://lda.gov/filings/public/filing/6238b838-16d3-462a-ac9a-709c24f42a44/print/; https://lda.gov/api/v1/filings/6238b838-16d3-462a-ac9a-709c24f42a44/; https://www.congress.gov/bill/117th-congress/s-bill/233; https://api.congress.gov/v3/bill/117/s/233,"LDA disposition/target source-review queue only; deterministic text signals and possible target references are not manual disposition confirmation, sponsor/member targeting evidence, committee-action influence, roll-call influence, legislative-outcome causality, public benefit, welfare, causal capture, or model validation."
103,45b6761b7704b641,medium,yes,position_or_activity_signal,117-s-233,117-115,Government Operations and Politics,C001056,1,1,1,7063e151-5f84-45bb-8a44-554adda8a10a,2022,3rd Quarter (July 1 - Sep 30),NCTA - THE INTERNET & TELEVISION ASSOCIATION,NCTA - THE INTERNET & TELEVISION ASSOCIATION,Telecommunications,S 233,exact_bill_text_with_position_or_activity_signal,position_or_activity_signal_needs_manual_confirmation,none_detected,none_detected,all_provisions; related_to,house_senate_and_agency_entities_disclosed,not_detected_in_activity_text,chamber_entity_context_only_no_specific_target_detected,...Antitrust Law Enforcement Reform Act of 2021 - all provisions related to cable. -S 228 - Merger Filing Fee Modernization Act of 2021 - all provisions related to cable. -S 233 - Assisting Broadband Connectivity Act of 2021 - all provisions related to cable. -S 279 - National Broadband Plan for the Future Act of 2021 - all provisions related to...,"Manually confirm direction/position and check whether the filing names a target, member, or committee rather than only a chamber/entity.",official_lda_filing_text_bill_identifier; official_lda_activity_text_source_review; deterministic_activity_text_position_signal; disposition_target_review_queue; congressgov_bill_action_metadata_context,manual_disposition_confirmation; sponsor_or_member_target; committee_action_influence; roll_call_influence; legislative_outcome_causality; public_benefit_or_welfare_validation; causal_capture_validation; model_validation,https://lda.gov/filings/public/filing/7063e151-5f84-45bb-8a44-554adda8a10a/print/; https://lda.gov/api/v1/filings/7063e151-5f84-45bb-8a44-554adda8a10a/; https://www.congress.gov/bill/117th-congress/s-bill/233; https://api.congress.gov/v3/bill/117/s/233,"LDA disposition/target source-review queue only; deterministic text signals and possible target references are not manual disposition confirmation, sponsor/member targeting evidence, committee-action influence, roll-call influence, legislative-outcome causality, public benefit, welfare, causal capture, or model validation."
104,185d6087798ba6d9,medium,yes,position_or_activity_signal,117-s-233,117-115,Government Operations and Politics,C001056,1,1,1,145a51c5-d94b-41a2-900c-e6246374ed5c,2022,4th Quarter (Oct 1 - Dec 31),NCTA - THE INTERNET & TELEVISION ASSOCIATION,NCTA - THE INTERNET & TELEVISION ASSOCIATION,Telecommunications,S 233,exact_bill_text_with_position_or_activity_signal,position_or_activity_signal_needs_manual_confirmation,none_detected,none_detected,all_provisions; related_to,house_senate_and_agency_entities_disclosed,not_detected_in_activity_text,chamber_entity_context_only_no_specific_target_detected,...Antitrust Law Enforcement Reform Act of 2021 - all provisions related to cable. -S 228 - Merger Filing Fee Modernization Act of 2021 - all provisions related to cable. -S 233 - Assisting Broadband Connectivity Act of 2021 - all provisions related to cable. -S 279 - National Broadband Plan for the Future Act of 2021 - all provisions related to...,"Manually confirm direction/position and check whether the filing names a target, member, or committee rather than only a chamber/entity.",official_lda_filing_text_bill_identifier; official_lda_activity_text_source_review; deterministic_activity_text_position_signal; disposition_target_review_queue; congressgov_bill_action_metadata_context,manual_disposition_confirmation; sponsor_or_member_target; committee_action_influence; roll_call_influence; legislative_outcome_causality; public_benefit_or_welfare_validation; causal_capture_validation; model_validation,https://lda.gov/filings/public/filing/145a51c5-d94b-41a2-900c-e6246374ed5c/print/; https://lda.gov/api/v1/filings/145a51c5-d94b-41a2-900c-e6246374ed5c/; https://www.congress.gov/bill/117th-congress/s-bill/233; https://api.congress.gov/v3/bill/117/s/233,"LDA disposition/target source-review queue only; deterministic text signals and possible target references are not manual disposition confirmation, sponsor/member targeting evidence, committee-action influence, roll-call influence, legislative-outcome causality, public benefit, welfare, causal capture, or model validation."
105,4013469a9f972910,medium,yes,support_signal,117-s-2520,117-150,Emergency Management,P000595,1,1,1,c1e732ba-5079-417e-b123-c2560da45539,2021,1st Quarter (Jan 1 - Mar 31),SALTCHUK RESOURCES INC,"ADAMS AND REESE, LLP",Budget/Appropriations,S. 2520,exact_bill_text_with_explicit_support_signal,support_signal_needs_manual_confirmation,supporting,none_detected,none_detected,house_and_senate_entities_disclosed,not_detected_in_activity_text,chamber_entity_context_only_no_specific_target_detected,"Supporting authorized appropriations for the National Security Mult-Mission Vessel in Transportation-HUD legislation, including H.R. 3163, H.R. 3055, and S. 2520","Manually confirm direction/position and check whether the filing names a target, member, or committee rather than only a chamber/entity.",official_lda_filing_text_bill_identifier; official_lda_activity_text_source_review; deterministic_activity_text_position_signal; disposition_target_review_queue; congressgov_bill_action_metadata_context,manual_disposition_confirmation; sponsor_or_member_target; committee_action_influence; roll_call_influence; legislative_outcome_causality; public_benefit_or_welfare_validation; causal_capture_validation; model_validation,https://lda.gov/filings/public/filing/c1e732ba-5079-417e-b123-c2560da45539/print/; https://lda.gov/api/v1/filings/c1e732ba-5079-417e-b123-c2560da45539/; https://www.congress.gov/bill/117th-congress/s-bill/2520; https://api.congress.gov/v3/bill/117/s/2520,"LDA disposition/target source-review queue only; deterministic text signals and possible target references are not manual disposition confirmation, sponsor/member targeting evidence, committee-action influence, roll-call influence, legislative-outcome causality, public benefit, welfare, causal capture, or model validation."
106,474b7f8341a7b968,medium,yes,support_signal,117-s-2520,117-150,Emergency Management,P000595,1,1,1,e85cd1fe-5281-4b41-9c1d-d2d42d7bb8cd,2021,2nd Quarter (Apr 1 - June 30),SALTCHUK RESOURCES INC,"ADAMS AND REESE, LLP",Budget/Appropriations,S. 2520,exact_bill_text_with_explicit_support_signal,support_signal_needs_manual_confirmation,supporting,none_detected,none_detected,house_and_senate_entities_disclosed,not_detected_in_activity_text,chamber_entity_context_only_no_specific_target_detected,"Supporting authorized appropriations for the National Security Mult-Mission Vessel in Transportation-HUD legislation, including H.R. 3163, H.R. 3055, and S. 2520","Manually confirm direction/position and check whether the filing names a target, member, or committee rather than only a chamber/entity.",official_lda_filing_text_bill_identifier; official_lda_activity_text_source_review; deterministic_activity_text_position_signal; disposition_target_review_queue; congressgov_bill_action_metadata_context,manual_disposition_confirmation; sponsor_or_member_target; committee_action_influence; roll_call_influence; legislative_outcome_causality; public_benefit_or_welfare_validation; causal_capture_validation; model_validation,https://lda.gov/filings/public/filing/e85cd1fe-5281-4b41-9c1d-d2d42d7bb8cd/print/; https://lda.gov/api/v1/filings/e85cd1fe-5281-4b41-9c1d-d2d42d7bb8cd/; https://www.congress.gov/bill/117th-congress/s-bill/2520; https://api.congress.gov/v3/bill/117/s/2520,"LDA disposition/target source-review queue only; deterministic text signals and possible target references are not manual disposition confirmation, sponsor/member targeting evidence, committee-action influence, roll-call influence, legislative-outcome causality, public benefit, welfare, causal capture, or model validation."
107,9f64c498dd5e726c,medium,yes,support_signal,117-s-2520,117-150,Emergency Management,P000595,1,1,1,69d46803-d043-498d-83ac-60ec64a8390a,2021,3rd Quarter (July 1 - Sep 30),SALTCHUK RESOURCES INC,"ADAMS AND REESE, LLP",Budget/Appropriations,S. 2520,exact_bill_text_with_explicit_support_signal,support_signal_needs_manual_confirmation,supporting,none_detected,none_detected,house_and_senate_entities_disclosed,not_detected_in_activity_text,chamber_entity_context_only_no_specific_target_detected,"Supporting authorized appropriations for the National Security Mult-Mission Vessel in Transportation-HUD legislation, including H.R. 3163, H.R. 3055, and S. 2520","Manually confirm direction/position and check whether the filing names a target, member, or committee rather than only a chamber/entity.",official_lda_filing_text_bill_identifier; official_lda_activity_text_source_review; deterministic_activity_text_position_signal; disposition_target_review_queue; congressgov_bill_action_metadata_context,manual_disposition_confirmation; sponsor_or_member_target; committee_action_influence; roll_call_influence; legislative_outcome_causality; public_benefit_or_welfare_validation; causal_capture_validation; model_validation,https://lda.gov/filings/public/filing/69d46803-d043-498d-83ac-60ec64a8390a/print/; https://lda.gov/api/v1/filings/69d46803-d043-498d-83ac-60ec64a8390a/; https://www.congress.gov/bill/117th-congress/s-bill/2520; https://api.congress.gov/v3/bill/117/s/2520,"LDA disposition/target source-review queue only; deterministic text signals and possible target references are not manual disposition confirmation, sponsor/member targeting evidence, committee-action influence, roll-call influence, legislative-outcome causality, public benefit, welfare, causal capture, or model validation."
108,e74fa590e35ac3ca,medium,yes,support_signal,117-s-2520,117-150,Emergency Management,P000595,1,1,1,98f7c1a8-66cb-4b2b-90d7-873dff31f9d4,2021,4th Quarter (Oct 1 - Dec 31),SALTCHUK RESOURCES INC,"ADAMS AND REESE, LLP",Budget/Appropriations,S. 2520,exact_bill_text_with_explicit_support_signal,support_signal_needs_manual_confirmation,supporting,none_detected,none_detected,house_and_senate_entities_disclosed,not_detected_in_activity_text,chamber_entity_context_only_no_specific_target_detected,"Supporting authorized appropriations for the National Security Mult-Mission Vessel in Transportation-HUD legislation, including H.R. 3163, H.R. 3055, and S. 2520","Manually confirm direction/position and check whether the filing names a target, member, or committee rather than only a chamber/entity.",official_lda_filing_text_bill_identifier; official_lda_activity_text_source_review; deterministic_activity_text_position_signal; disposition_target_review_queue; congressgov_bill_action_metadata_context,manual_disposition_confirmation; sponsor_or_member_target; committee_action_influence; roll_call_influence; legislative_outcome_causality; public_benefit_or_welfare_validation; causal_capture_validation; model_validation,https://lda.gov/filings/public/filing/98f7c1a8-66cb-4b2b-90d7-873dff31f9d4/print/; https://lda.gov/api/v1/filings/98f7c1a8-66cb-4b2b-90d7-873dff31f9d4/; https://www.congress.gov/bill/117th-congress/s-bill/2520; https://api.congress.gov/v3/bill/117/s/2520,"LDA disposition/target source-review queue only; deterministic text signals and possible target references are not manual disposition confirmation, sponsor/member targeting evidence, committee-action influence, roll-call influence, legislative-outcome causality, public benefit, welfare, causal capture, or model validation."
109,195723ee110fde1c,medium,yes,support_signal,117-s-2520,117-150,Emergency Management,P000595,1,1,1,25872b71-bf4e-488a-b0dd-dc86e904a466,2022,1st Quarter (Jan 1 - Mar 31),SALTCHUK RESOURCES INC,"ADAMS AND REESE, LLP",Budget/Appropriations,S. 2520,exact_bill_text_with_explicit_support_signal,support_signal_needs_manual_confirmation,supporting,none_detected,none_detected,house_and_senate_entities_disclosed,not_detected_in_activity_text,chamber_entity_context_only_no_specific_target_detected,"Supporting authorized appropriations for the National Security Mult-Mission Vessel in Transportation-HUD legislation, including H.R. 3163, H.R. 3055, and S. 2520","Manually confirm direction/position and check whether the filing names a target, member, or committee rather than only a chamber/entity.",official_lda_filing_text_bill_identifier; official_lda_activity_text_source_review; deterministic_activity_text_position_signal; disposition_target_review_queue; congressgov_bill_action_metadata_context,manual_disposition_confirmation; sponsor_or_member_target; committee_action_influence; roll_call_influence; legislative_outcome_causality; public_benefit_or_welfare_validation; causal_capture_validation; model_validation,https://lda.gov/filings/public/filing/25872b71-bf4e-488a-b0dd-dc86e904a466/print/; https://lda.gov/api/v1/filings/25872b71-bf4e-488a-b0dd-dc86e904a466/; https://www.congress.gov/bill/117th-congress/s-bill/2520; https://api.congress.gov/v3/bill/117/s/2520,"LDA disposition/target source-review queue only; deterministic text signals and possible target references are not manual disposition confirmation, sponsor/member targeting evidence, committee-action influence, roll-call influence, legislative-outcome causality, public benefit, welfare, causal capture, or model validation."
110,6424c5999d524d20,medium,yes,support_signal,117-s-2520,117-150,Emergency Management,P000595,1,1,1,8ff188ab-0443-4a1c-b24e-ef4fc97b1a12,2022,2nd Quarter (Apr 1 - June 30),SALTCHUK RESOURCES INC,"ADAMS AND REESE, LLP",Budget/Appropriations,S. 2520,exact_bill_text_with_explicit_support_signal,support_signal_needs_manual_confirmation,supporting,none_detected,none_detected,house_and_senate_entities_disclosed,not_detected_in_activity_text,chamber_entity_context_only_no_specific_target_detected,"Supporting authorized appropriations for the National Security Mult-Mission Vessel in Transportation-HUD legislation, including H.R. 3163, H.R. 3055, and S. 2520","Manually confirm direction/position and check whether the filing names a target, member, or committee rather than only a chamber/entity.",official_lda_filing_text_bill_identifier; official_lda_activity_text_source_review; deterministic_activity_text_position_signal; disposition_target_review_queue; congressgov_bill_action_metadata_context,manual_disposition_confirmation; sponsor_or_member_target; committee_action_influence; roll_call_influence; legislative_outcome_causality; public_benefit_or_welfare_validation; causal_capture_validation; model_validation,https://lda.gov/filings/public/filing/8ff188ab-0443-4a1c-b24e-ef4fc97b1a12/print/; https://lda.gov/api/v1/filings/8ff188ab-0443-4a1c-b24e-ef4fc97b1a12/; https://www.congress.gov/bill/117th-congress/s-bill/2520; https://api.congress.gov/v3/bill/117/s/2520,"LDA disposition/target source-review queue only; deterministic text signals and possible target references are not manual disposition confirmation, sponsor/member targeting evidence, committee-action influence, roll-call influence, legislative-outcome causality, public benefit, welfare, causal capture, or model validation."
111,1cae050fd6677406,medium,yes,support_signal,117-s-2520,117-150,Emergency Management,P000595,1,1,1,623ea684-a8c0-4ed6-a7ed-c23a52980d31,2022,3rd Quarter (July 1 - Sep 30),SALTCHUK RESOURCES INC,"ADAMS AND REESE, LLP",Budget/Appropriations,S. 2520,exact_bill_text_with_explicit_support_signal,support_signal_needs_manual_confirmation,supporting,none_detected,none_detected,house_and_senate_entities_disclosed,not_detected_in_activity_text,chamber_entity_context_only_no_specific_target_detected,"Supporting authorized appropriations for the National Security Mult-Mission Vessel in Transportation-HUD legislation, including H.R. 3163, H.R. 3055, and S. 2520","Manually confirm direction/position and check whether the filing names a target, member, or committee rather than only a chamber/entity.",official_lda_filing_text_bill_identifier; official_lda_activity_text_source_review; deterministic_activity_text_position_signal; disposition_target_review_queue; congressgov_bill_action_metadata_context,manual_disposition_confirmation; sponsor_or_member_target; committee_action_influence; roll_call_influence; legislative_outcome_causality; public_benefit_or_welfare_validation; causal_capture_validation; model_validation,https://lda.gov/filings/public/filing/623ea684-a8c0-4ed6-a7ed-c23a52980d31/print/; https://lda.gov/api/v1/filings/623ea684-a8c0-4ed6-a7ed-c23a52980d31/; https://www.congress.gov/bill/117th-congress/s-bill/2520; https://api.congress.gov/v3/bill/117/s/2520,"LDA disposition/target source-review queue only; deterministic text signals and possible target references are not manual disposition confirmation, sponsor/member targeting evidence, committee-action influence, roll-call influence, legislative-outcome causality, public benefit, welfare, causal capture, or model validation."
112,2c62a80e5459b49d,medium,yes,support_signal,117-s-2520,117-150,Emergency Management,P000595,1,1,1,0e26658a-0b14-4a8e-ace3-9e2622dddee3,2022,4th Quarter (Oct 1 - Dec 31),SALTCHUK RESOURCES INC,"ADAMS AND REESE, LLP",Budget/Appropriations,S. 2520,exact_bill_text_with_explicit_support_signal,support_signal_needs_manual_confirmation,supporting,none_detected,none_detected,house_and_senate_entities_disclosed,not_detected_in_activity_text,chamber_entity_context_only_no_specific_target_detected,"Supporting authorized appropriations for the National Security Mult-Mission Vessel in Transportation-HUD legislation, including H.R. 3163, H.R. 3055, and S. 2520","Manually confirm direction/position and check whether the filing names a target, member, or committee rather than only a chamber/entity.",official_lda_filing_text_bill_identifier; official_lda_activity_text_source_review; deterministic_activity_text_position_signal; disposition_target_review_queue; congressgov_bill_action_metadata_context,manual_disposition_confirmation; sponsor_or_member_target; committee_action_influence; roll_call_influence; legislative_outcome_causality; public_benefit_or_welfare_validation; causal_capture_validation; model_validation,https://lda.gov/filings/public/filing/0e26658a-0b14-4a8e-ace3-9e2622dddee3/print/; https://lda.gov/api/v1/filings/0e26658a-0b14-4a8e-ace3-9e2622dddee3/; https://www.congress.gov/bill/117th-congress/s-bill/2520; https://api.congress.gov/v3/bill/117/s/2520,"LDA disposition/target source-review queue only; deterministic text signals and possible target references are not manual disposition confirmation, sponsor/member targeting evidence, committee-action influence, roll-call influence, legislative-outcome causality, public benefit, welfare, causal capture, or model validation."
113,6e9d8eb13fa7ed3e,medium,yes,position_or_activity_signal,117-s-2687,117-136,Armed Forces and National Security,T000464,1,1,1,b56b3a23-af82-4a5f-bd8a-00d0d9e3f3e4,2022,2nd Quarter (Apr 1 - June 30),AMERICAN FED OF GOVERNMENT EMPLOYEES AFL-CIO,"AMERICAN FED OF GOVERNMENT EMPLOYEES, AFL-CIO",Veterans,S. 2687,exact_bill_text_with_position_or_activity_signal,position_or_activity_signal_needs_manual_confirmation,none_detected,none_detected,lobbied_for_or_on,house_senate_and_agency_entities_disclosed,not_detected_in_activity_text,chamber_entity_context_only_no_specific_target_detected,"...king at the Board of Veterans' Appeals. Lobbied for the creation of a Journeyman GS-15 Attorney position at the Board of Veterans' Appeals. Lobbied against provisions of S. 2687, the Strengthening Oversight for Veterans Act that would improperly authorize an agency IG to issue testimonial subpoenas to former employees and others without the safe...","Manually confirm direction/position and check whether the filing names a target, member, or committee rather than only a chamber/entity.",official_lda_filing_text_bill_identifier; official_lda_activity_text_source_review; deterministic_activity_text_position_signal; disposition_target_review_queue; congressgov_bill_action_metadata_context,manual_disposition_confirmation; sponsor_or_member_target; committee_action_influence; roll_call_influence; legislative_outcome_causality; public_benefit_or_welfare_validation; causal_capture_validation; model_validation,https://lda.gov/filings/public/filing/b56b3a23-af82-4a5f-bd8a-00d0d9e3f3e4/print/; https://lda.gov/api/v1/filings/b56b3a23-af82-4a5f-bd8a-00d0d9e3f3e4/; https://www.congress.gov/bill/117th-congress/s-bill/2687; https://api.congress.gov/v3/bill/117/s/2687,"LDA disposition/target source-review queue only; deterministic text signals and possible target references are not manual disposition confirmation, sponsor/member targeting evidence, committee-action influence, roll-call influence, legislative-outcome causality, public benefit, welfare, causal capture, or model validation."
114,9f21cfddd61d709b,medium,yes,position_or_activity_signal,117-s-2687,117-136,Armed Forces and National Security,T000464,1,1,1,024b8adf-5543-4566-b025-a5321f5cdaa7,2022,2nd Quarter (Apr 1 - June 30),AMERICAN FED OF GOVERNMENT EMPLOYEES AFL-CIO,"AMERICAN FED OF GOVERNMENT EMPLOYEES, AFL-CIO",Veterans,S. 2687,exact_bill_text_with_position_or_activity_signal,position_or_activity_signal_needs_manual_confirmation,none_detected,none_detected,lobbied_for_or_on,house_senate_and_agency_entities_disclosed,not_detected_in_activity_text,chamber_entity_context_only_no_specific_target_detected,"...king at the Board of Veterans' Appeals. Lobbied for the creation of a Journeyman GS-15 Attorney position at the Board of Veterans' Appeals. Lobbied against provisions of S. 2687, the Strengthening Oversight for Veterans Act that would improperly authorize an agency IG to issue testimonial subpoenas to former employees and others without the safe...","Manually confirm direction/position and check whether the filing names a target, member, or committee rather than only a chamber/entity.",official_lda_filing_text_bill_identifier; official_lda_activity_text_source_review; deterministic_activity_text_position_signal; disposition_target_review_queue; congressgov_bill_action_metadata_context,manual_disposition_confirmation; sponsor_or_member_target; committee_action_influence; roll_call_influence; legislative_outcome_causality; public_benefit_or_welfare_validation; causal_capture_validation; model_validation,https://lda.gov/filings/public/filing/024b8adf-5543-4566-b025-a5321f5cdaa7/print/; https://lda.gov/api/v1/filings/024b8adf-5543-4566-b025-a5321f5cdaa7/; https://www.congress.gov/bill/117th-congress/s-bill/2687; https://api.congress.gov/v3/bill/117/s/2687,"LDA disposition/target source-review queue only; deterministic text signals and possible target references are not manual disposition confirmation, sponsor/member targeting evidence, committee-action influence, roll-call influence, legislative-outcome causality, public benefit, welfare, causal capture, or model validation."
115,f0c5e698b5cea334,medium,yes,position_or_activity_signal,117-s-3373,117-168,Armed Forces and National Security,K000384,1,1,1,e8f0fa77-18ca-4e0e-bb06-cf7dbc10e81f,2022,3rd Quarter (July 1 - Sep 30),AMERICAN FEDERATION OF STATE COUNTY AND MUNICIPAL EMPLOYEES,"AMERICAN FEDERATION OF STATE, COUNTY AND MUNICIPAL EMPLOYEES",Labor Issues/Antitrust/Workplace,S 3373,exact_bill_text_with_position_or_activity_signal,position_or_activity_signal_needs_manual_confirmation,none_detected,none_detected,issues_related_to; related_to,house_senate_and_agency_entities_disclosed,not_detected_in_activity_text,chamber_entity_context_only_no_specific_target_detected,"...51, S 1175, HR 4350- 911 SAVES Act/NDAA HR 564- Comprehensive Paid Leave for Federal Employees Act HR 7309- Workforce Innovation Opportunities Act (WIOA) Reauthorization S 3373- PACT Act of 2022 HR 2193- Asuncion Valdivia Heat Illness and Fatality Prevention Act of 2021 Promoting apprenticeship for behavior health workers Issues related to the...","Manually confirm direction/position and check whether the filing names a target, member, or committee rather than only a chamber/entity.",official_lda_filing_text_bill_identifier; official_lda_activity_text_source_review; deterministic_activity_text_position_signal; disposition_target_review_queue; congressgov_bill_action_metadata_context,manual_disposition_confirmation; sponsor_or_member_target; committee_action_influence; roll_call_influence; legislative_outcome_causality; public_benefit_or_welfare_validation; causal_capture_validation; model_validation,https://lda.gov/filings/public/filing/e8f0fa77-18ca-4e0e-bb06-cf7dbc10e81f/print/; https://lda.gov/api/v1/filings/e8f0fa77-18ca-4e0e-bb06-cf7dbc10e81f/; https://www.congress.gov/bill/117th-congress/s-bill/3373; https://api.congress.gov/v3/bill/117/s/3373,"LDA disposition/target source-review queue only; deterministic text signals and possible target references are not manual disposition confirmation, sponsor/member targeting evidence, committee-action influence, roll-call influence, legislative-outcome causality, public benefit, welfare, causal capture, or model validation."
116,699f220042bf9ad4,medium,yes,support_signal,117-s-3373,117-168,Armed Forces and National Security,K000384,1,1,1,ec2754ad-4789-4415-92e9-4d1bf8d9f2cf,2022,3rd Quarter (July 1 - Sep 30),AMERICAN LEGION,THE AMERICAN LEGION,Veterans,S. 3373,exact_bill_text_with_explicit_support_signal,support_signal_needs_manual_confirmation,supporting,none_detected,none_detected,house_and_senate_entities_disclosed,not_detected_in_activity_text,chamber_entity_context_only_no_specific_target_detected,H.R. 3967 / S. 3373 -- the Honoring Our PACT Act of 2022 S. 437 -- the Veterans Burn Pits Exposure Recognition Act of 2021 S. 2102 -- the Supporting Expanded Review for Veterans in Combat E...,"Manually confirm direction/position and check whether the filing names a target, member, or committee rather than only a chamber/entity.",official_lda_filing_text_bill_identifier; official_lda_activity_text_source_review; deterministic_activity_text_position_signal; disposition_target_review_queue; congressgov_bill_action_metadata_context,manual_disposition_confirmation; sponsor_or_member_target; committee_action_influence; roll_call_influence; legislative_outcome_causality; public_benefit_or_welfare_validation; causal_capture_validation; model_validation,https://lda.gov/filings/public/filing/ec2754ad-4789-4415-92e9-4d1bf8d9f2cf/print/; https://lda.gov/api/v1/filings/ec2754ad-4789-4415-92e9-4d1bf8d9f2cf/; https://www.congress.gov/bill/117th-congress/s-bill/3373; https://api.congress.gov/v3/bill/117/s/3373,"LDA disposition/target source-review queue only; deterministic text signals and possible target references are not manual disposition confirmation, sponsor/member targeting evidence, committee-action influence, roll-call influence, legislative-outcome causality, public benefit, welfare, causal capture, or model validation."
117,d422685c3071cc47,medium,yes,support_signal,117-s-3373,117-168,Armed Forces and National Security,K000384,1,1,1,2fa03f17-7b2f-4640-a099-22381ae33155,2022,3rd Quarter (July 1 - Sep 30),MILITARY OFFICERS ASSOCIATION OF AMERICA,MILITARY OFFICERS ASSOCIATION OF AMERICA,Veterans,S. 3373,exact_bill_text_with_explicit_support_signal,support_signal_needs_manual_confirmation,supporting,none_detected,none_detected,house_senate_and_agency_entities_disclosed,not_detected_in_activity_text,chamber_entity_context_only_no_specific_target_detected,"...ts Act; S. 1198: Solid Start Act of 2022; S. 2172: Building Solutions for Veterans Experiencing Homelessness Act of 2021; S. 2794: Supporting Families of the Fallen Act; S. 3373: Honoring our PACT Act of 2022; S. 4580: Lactation Spaces for Veteran Moms Act; S. 4766: A bill to amend title 38, United States Code, to revise the rules for approval b...","Manually confirm direction/position and check whether the filing names a target, member, or committee rather than only a chamber/entity.",official_lda_filing_text_bill_identifier; official_lda_activity_text_source_review; deterministic_activity_text_position_signal; disposition_target_review_queue; congressgov_bill_action_metadata_context,manual_disposition_confirmation; sponsor_or_member_target; committee_action_influence; roll_call_influence; legislative_outcome_causality; public_benefit_or_welfare_validation; causal_capture_validation; model_validation,https://lda.gov/filings/public/filing/2fa03f17-7b2f-4640-a099-22381ae33155/print/; https://lda.gov/api/v1/filings/2fa03f17-7b2f-4640-a099-22381ae33155/; https://www.congress.gov/bill/117th-congress/s-bill/3373; https://api.congress.gov/v3/bill/117/s/3373,"LDA disposition/target source-review queue only; deterministic text signals and possible target references are not manual disposition confirmation, sponsor/member targeting evidence, committee-action influence, roll-call influence, legislative-outcome causality, public benefit, welfare, causal capture, or model validation."
118,1ad6da5fd22080e8,medium,yes,support_signal,117-s-3373,117-168,Armed Forces and National Security,K000384,1,1,1,31bb220a-be81-4839-a104-b94587e46fb9,2022,3rd Quarter (July 1 - Sep 30),NATIONAL NURSES UNITED,NATIONAL NURSES UNITED,Veterans,S. 3373,exact_bill_text_with_explicit_support_signal,support_signal_needs_manual_confirmation,support_for,none_detected,none_detected,house_senate_and_agency_entities_disclosed,not_detected_in_activity_text,chamber_entity_context_only_no_specific_target_detected,"...nd NLRB reform S. 1567 Support for Nurse Staffing Standards for Hospital Patient Safety and Quality Care Act S. 420 Support for Union Organizing, PRO Act and NLRB reform S. 3373 Support for PACT Act S. 4182 Support for Workplace Violence Prevention for Health Care and Social Service Workers Act S. 771 Support for VA Employee Fairness Act Support...","Manually confirm direction/position and check whether the filing names a target, member, or committee rather than only a chamber/entity.",official_lda_filing_text_bill_identifier; official_lda_activity_text_source_review; deterministic_activity_text_position_signal; disposition_target_review_queue; congressgov_bill_action_metadata_context,manual_disposition_confirmation; sponsor_or_member_target; committee_action_influence; roll_call_influence; legislative_outcome_causality; public_benefit_or_welfare_validation; causal_capture_validation; model_validation,https://lda.gov/filings/public/filing/31bb220a-be81-4839-a104-b94587e46fb9/print/; https://lda.gov/api/v1/filings/31bb220a-be81-4839-a104-b94587e46fb9/; https://www.congress.gov/bill/117th-congress/s-bill/3373; https://api.congress.gov/v3/bill/117/s/3373,"LDA disposition/target source-review queue only; deterministic text signals and possible target references are not manual disposition confirmation, sponsor/member targeting evidence, committee-action influence, roll-call influence, legislative-outcome causality, public benefit, welfare, causal capture, or model validation."
119,32263ef81797e6e5,medium,yes,support_signal,117-s-3373,117-168,Armed Forces and National Security,K000384,1,1,1,31bb220a-be81-4839-a104-b94587e46fb9,2022,3rd Quarter (July 1 - Sep 30),NATIONAL NURSES UNITED,NATIONAL NURSES UNITED,Health Issues,S. 3373,exact_bill_text_with_explicit_support_signal,support_signal_needs_manual_confirmation,support_for,none_detected,none_detected,house_senate_and_agency_entities_disclosed,not_detected_in_activity_text,chamber_entity_context_only_no_specific_target_detected,...are Employees (SAVE) Act H.R. 8296 Support for Womens Health Protection Act S. 1567 Support for Nurse Staffing Standards for Hospital Patient Safety and Quality Care Act S. 3373 Support for PACT Act S. 4132 Support for Womens Health Protection Act S. 4182 Support for Workplace Violence Prevention for Health Care and Social Service Workers Act S....,"Manually confirm direction/position and check whether the filing names a target, member, or committee rather than only a chamber/entity.",official_lda_filing_text_bill_identifier; official_lda_activity_text_source_review; deterministic_activity_text_position_signal; disposition_target_review_queue; congressgov_bill_action_metadata_context,manual_disposition_confirmation; sponsor_or_member_target; committee_action_influence; roll_call_influence; legislative_outcome_causality; public_benefit_or_welfare_validation; causal_capture_validation; model_validation,https://lda.gov/filings/public/filing/31bb220a-be81-4839-a104-b94587e46fb9/print/; https://lda.gov/api/v1/filings/31bb220a-be81-4839-a104-b94587e46fb9/; https://www.congress.gov/bill/117th-congress/s-bill/3373; https://api.congress.gov/v3/bill/117/s/3373,"LDA disposition/target source-review queue only; deterministic text signals and possible target references are not manual disposition confirmation, sponsor/member targeting evidence, committee-action influence, roll-call influence, legislative-outcome causality, public benefit, welfare, causal capture, or model validation."
120,87b6bc82aed4a985,medium,yes,support_signal,117-s-3373,117-168,Armed Forces and National Security,K000384,1,1,1,31bb220a-be81-4839-a104-b94587e46fb9,2022,3rd Quarter (July 1 - Sep 30),NATIONAL NURSES UNITED,NATIONAL NURSES UNITED,Budget/Appropriations,S. 3373,exact_bill_text_with_explicit_support_signal,support_signal_needs_manual_confirmation,support_for,none_detected,none_detected,house_and_senate_entities_disclosed,not_detected_in_activity_text,chamber_entity_context_only_no_specific_target_detected,...are Employees (SAVE) Act H.R. 8296 Support for Womens Health Protection Act S. 1567 Support for Nurse Staffing Standards for Hospital Patient Safety and Quality Care Act S. 3373 Support for PACT Act S. 4132 Support for Womens Health Protection Act S. 4182 Support for Workplace Violence Prevention for Health Care and Social Service Workers Act S....,"Manually confirm direction/position and check whether the filing names a target, member, or committee rather than only a chamber/entity.",official_lda_filing_text_bill_identifier; official_lda_activity_text_source_review; deterministic_activity_text_position_signal; disposition_target_review_queue; congressgov_bill_action_metadata_context,manual_disposition_confirmation; sponsor_or_member_target; committee_action_influence; roll_call_influence; legislative_outcome_causality; public_benefit_or_welfare_validation; causal_capture_validation; model_validation,https://lda.gov/filings/public/filing/31bb220a-be81-4839-a104-b94587e46fb9/print/; https://lda.gov/api/v1/filings/31bb220a-be81-4839-a104-b94587e46fb9/; https://www.congress.gov/bill/117th-congress/s-bill/3373; https://api.congress.gov/v3/bill/117/s/3373,"LDA disposition/target source-review queue only; deterministic text signals and possible target references are not manual disposition confirmation, sponsor/member targeting evidence, committee-action influence, roll-call influence, legislative-outcome causality, public benefit, welfare, causal capture, or model validation."
121,a9633313a811399a,medium,yes,support_signal,117-s-3373,117-168,Armed Forces and National Security,K000384,1,1,1,31bb220a-be81-4839-a104-b94587e46fb9,2022,3rd Quarter (July 1 - Sep 30),NATIONAL NURSES UNITED,NATIONAL NURSES UNITED,Government Issues,S. 3373,exact_bill_text_with_explicit_support_signal,support_signal_needs_manual_confirmation,support_for,none_detected,none_detected,house_senate_and_agency_entities_disclosed,not_detected_in_activity_text,chamber_entity_context_only_no_specific_target_detected,"...nd NLRB reform S. 1567 Support for Nurse Staffing Standards for Hospital Patient Safety and Quality Care Act S. 420 Support for Union Organizing, PRO Act and NLRB reform S. 3373 Support for PACT Act S. 4132 Support for Womens Health Protection Act S. 4182 Support for Workplace Violence Prevention for Health Care and Social Service Workers Act S....","Manually confirm direction/position and check whether the filing names a target, member, or committee rather than only a chamber/entity.",official_lda_filing_text_bill_identifier; official_lda_activity_text_source_review; deterministic_activity_text_position_signal; disposition_target_review_queue; congressgov_bill_action_metadata_context,manual_disposition_confirmation; sponsor_or_member_target; committee_action_influence; roll_call_influence; legislative_outcome_causality; public_benefit_or_welfare_validation; causal_capture_validation; model_validation,https://lda.gov/filings/public/filing/31bb220a-be81-4839-a104-b94587e46fb9/print/; https://lda.gov/api/v1/filings/31bb220a-be81-4839-a104-b94587e46fb9/; https://www.congress.gov/bill/117th-congress/s-bill/3373; https://api.congress.gov/v3/bill/117/s/3373,"LDA disposition/target source-review queue only; deterministic text signals and possible target references are not manual disposition confirmation, sponsor/member targeting evidence, committee-action influence, roll-call influence, legislative-outcome causality, public benefit, welfare, causal capture, or model validation."
122,560d7af3f5a76a01,medium,yes,position_or_activity_signal,117-s-3373,117-168,Armed Forces and National Security,K000384,1,1,1,9785264d-95a4-4931-ba8d-10fad0d5392b,2022,3rd Quarter (July 1 - Sep 30),UNIVERSITY OF CENTRAL FLORIDA,"WHITMER & WORRALL, LLC",Veterans,S. 3373,exact_bill_text_with_position_or_activity_signal,position_or_activity_signal_needs_manual_confirmation,none_detected,none_detected,issues_related_to; related_to,house_and_senate_entities_disclosed,not_detected_in_activity_text,chamber_entity_context_only_no_specific_target_detected,"Issues related to the implementation of S. 3373, the Honoring our PACT Act of 2022.","Manually confirm direction/position and check whether the filing names a target, member, or committee rather than only a chamber/entity.",official_lda_filing_text_bill_identifier; official_lda_activity_text_source_review; deterministic_activity_text_position_signal; disposition_target_review_queue; congressgov_bill_action_metadata_context,manual_disposition_confirmation; sponsor_or_member_target; committee_action_influence; roll_call_influence; legislative_outcome_causality; public_benefit_or_welfare_validation; causal_capture_validation; model_validation,https://lda.gov/filings/public/filing/9785264d-95a4-4931-ba8d-10fad0d5392b/print/; https://lda.gov/api/v1/filings/9785264d-95a4-4931-ba8d-10fad0d5392b/; https://www.congress.gov/bill/117th-congress/s-bill/3373; https://api.congress.gov/v3/bill/117/s/3373,"LDA disposition/target source-review queue only; deterministic text signals and possible target references are not manual disposition confirmation, sponsor/member targeting evidence, committee-action influence, roll-call influence, legislative-outcome causality, public benefit, welfare, causal capture, or model validation."
123,e053fc160cb5a35a,medium,yes,position_or_activity_signal,117-s-3373,117-168,Armed Forces and National Security,K000384,1,1,1,f3f09596-ca17-4c30-9544-241a5a70ba55,2022,3rd Quarter (July 1 - Sep 30),VETERANS EVALUATION SERVICES,CAPITOL VENTURE LLC,Veterans,S. 3373,exact_bill_text_with_position_or_activity_signal,position_or_activity_signal_needs_manual_confirmation,none_detected,none_detected,all_provisions; related_to,house_and_senate_entities_disclosed,not_detected_in_activity_text,chamber_entity_context_only_no_specific_target_detected,"S. 3373 Honoring our PACT Act of 2022, all provisions related to ensuring access to medical services for veterans.","Manually confirm direction/position and check whether the filing names a target, member, or committee rather than only a chamber/entity.",official_lda_filing_text_bill_identifier; official_lda_activity_text_source_review; deterministic_activity_text_position_signal; disposition_target_review_queue; congressgov_bill_action_metadata_context,manual_disposition_confirmation; sponsor_or_member_target; committee_action_influence; roll_call_influence; legislative_outcome_causality; public_benefit_or_welfare_validation; causal_capture_validation; model_validation,https://lda.gov/filings/public/filing/f3f09596-ca17-4c30-9544-241a5a70ba55/print/; https://lda.gov/api/v1/filings/f3f09596-ca17-4c30-9544-241a5a70ba55/; https://www.congress.gov/bill/117th-congress/s-bill/3373; https://api.congress.gov/v3/bill/117/s/3373,"LDA disposition/target source-review queue only; deterministic text signals and possible target references are not manual disposition confirmation, sponsor/member targeting evidence, committee-action influence, roll-call influence, legislative-outcome causality, public benefit, welfare, causal capture, or model validation."
124,506eedee462cb0ed,medium,yes,support_signal,117-s-3373,117-168,Armed Forces and National Security,K000384,1,1,1,eecc1617-71dd-43b8-a93e-4fe7ff56d432,2022,4th Quarter (Oct 1 - Dec 31),MILITARY OFFICERS ASSOCIATION OF AMERICA,MILITARY OFFICERS ASSOCIATION OF AMERICA,Veterans,S. 3373,exact_bill_text_with_explicit_support_signal,support_signal_needs_manual_confirmation,supporting,none_detected,none_detected,house_senate_and_agency_entities_disclosed,not_detected_in_activity_text,chamber_entity_context_only_no_specific_target_detected,"...Veterans Affairs in San Angelo, Texas, as the ""Colonel Charles and JoAnne Powell Department of Veterans Affairs Clinic"".; S. 2794: Supporting Families of the Fallen Act; S. 3373: Sergeant First Class Heath Robinson Honoring our Promise to Address Comprehensive Toxics Act of 2022; S. 3388: Veterans Benefits Improvement Act of 2021; S. 4276: Helpi...","Manually confirm direction/position and check whether the filing names a target, member, or committee rather than only a chamber/entity.",official_lda_filing_text_bill_identifier; official_lda_activity_text_source_review; deterministic_activity_text_position_signal; disposition_target_review_queue; congressgov_bill_action_metadata_context,manual_disposition_confirmation; sponsor_or_member_target; committee_action_influence; roll_call_influence; legislative_outcome_causality; public_benefit_or_welfare_validation; causal_capture_validation; model_validation,https://lda.gov/filings/public/filing/eecc1617-71dd-43b8-a93e-4fe7ff56d432/print/; https://lda.gov/api/v1/filings/eecc1617-71dd-43b8-a93e-4fe7ff56d432/; https://www.congress.gov/bill/117th-congress/s-bill/3373; https://api.congress.gov/v3/bill/117/s/3373,"LDA disposition/target source-review queue only; deterministic text signals and possible target references are not manual disposition confirmation, sponsor/member targeting evidence, committee-action influence, roll-call influence, legislative-outcome causality, public benefit, welfare, causal capture, or model validation."
125,93d971808cd85114,medium,yes,opposition_signal,117-s-3580,117-146,Transportation and Public Works,K000367,1,1,1,6f967ba7-fbbe-47da-b146-badac27bcec4,2022,1st Quarter (Jan 1 - Mar 31),AUTO CARE ASSOCIATION,AUTO CARE ASSOCIATION,Trade (domestic/foreign),S 3580,exact_bill_text_with_explicit_opposition_signal,opposition_signal_needs_manual_confirmation,none_detected,oppose,none_detected,house_senate_and_agency_entities_disclosed,not_detected_in_activity_text,chamber_entity_context_only_no_specific_target_detected,...f tariffs on steel and aluminum as well as Section 301 investigation proposed tariffs; opposed 232 auto parts. Supported passage of Ocean Shipping Reform Act HR 4996 and S 3580.,"Manually confirm direction/position and check whether the filing names a target, member, or committee rather than only a chamber/entity.",official_lda_filing_text_bill_identifier; official_lda_activity_text_source_review; deterministic_activity_text_position_signal; disposition_target_review_queue; congressgov_bill_action_metadata_context,manual_disposition_confirmation; sponsor_or_member_target; committee_action_influence; roll_call_influence; legislative_outcome_causality; public_benefit_or_welfare_validation; causal_capture_validation; model_validation,https://lda.gov/filings/public/filing/6f967ba7-fbbe-47da-b146-badac27bcec4/print/; https://lda.gov/api/v1/filings/6f967ba7-fbbe-47da-b146-badac27bcec4/; https://www.congress.gov/bill/117th-congress/s-bill/3580; https://api.congress.gov/v3/bill/117/s/3580,"LDA disposition/target source-review queue only; deterministic text signals and possible target references are not manual disposition confirmation, sponsor/member targeting evidence, committee-action influence, roll-call influence, legislative-outcome causality, public benefit, welfare, causal capture, or model validation."
126,0caa8e172804611e,medium,yes,position_or_activity_signal,117-s-3580,117-146,Transportation and Public Works,K000367,1,1,1,853f5326-de60-4ad5-a64a-bab7bab10dfc,2022,1st Quarter (Jan 1 - Mar 31),BEST BUY CO. INC.,"KOUNTOUPES DENHAM CARR & REID, LLC",Trade (domestic/foreign),S. 3580,exact_bill_text_with_position_or_activity_signal,position_or_activity_signal_needs_manual_confirmation,none_detected,none_detected,issues_related_to; related_to,single_chamber_entity_disclosed,not_detected_in_activity_text,chamber_entity_context_only_no_specific_target_detected,"Issues related to global supply chain. Issues related to H.R. 4996/S. 3580, Ocean Shipping Reform Act. Issues related to S. 1260, the United States Innovation Competition Act of 2021 and H.R. 4521, America COMPETES Act of 2022.","Manually confirm direction/position and check whether the filing names a target, member, or committee rather than only a chamber/entity.",official_lda_filing_text_bill_identifier; official_lda_activity_text_source_review; deterministic_activity_text_position_signal; disposition_target_review_queue; congressgov_bill_action_metadata_context,manual_disposition_confirmation; sponsor_or_member_target; committee_action_influence; roll_call_influence; legislative_outcome_causality; public_benefit_or_welfare_validation; causal_capture_validation; model_validation,https://lda.gov/filings/public/filing/853f5326-de60-4ad5-a64a-bab7bab10dfc/print/; https://lda.gov/api/v1/filings/853f5326-de60-4ad5-a64a-bab7bab10dfc/; https://www.congress.gov/bill/117th-congress/s-bill/3580; https://api.congress.gov/v3/bill/117/s/3580,"LDA disposition/target source-review queue only; deterministic text signals and possible target references are not manual disposition confirmation, sponsor/member targeting evidence, committee-action influence, roll-call influence, legislative-outcome causality, public benefit, welfare, causal capture, or model validation."
127,7d0a017ccdd9f3f4,medium,yes,position_or_activity_signal,117-s-3580,117-146,Transportation and Public Works,K000367,1,1,1,06d509b8-6a83-4d8d-95cf-bab40ba0b615,2022,1st Quarter (Jan 1 - Mar 31),COTTON WAREHOUSE ASSOCIATION OF AMERICA,"COMBEST, SELL & ASSOCIATES, LLC",Transportation,S 3580,exact_bill_text_with_position_or_activity_signal,position_or_activity_signal_needs_manual_confirmation,none_detected,none_detected,related_to; regarding,house_and_senate_entities_disclosed,not_detected_in_activity_text,chamber_entity_context_only_no_specific_target_detected,"S 3580, HR 4996, Ocean Shipping Reform Act, regarding provisions related to agriculture.","Manually confirm direction/position and check whether the filing names a target, member, or committee rather than only a chamber/entity.",official_lda_filing_text_bill_identifier; official_lda_activity_text_source_review; deterministic_activity_text_position_signal; disposition_target_review_queue; congressgov_bill_action_metadata_context,manual_disposition_confirmation; sponsor_or_member_target; committee_action_influence; roll_call_influence; legislative_outcome_causality; public_benefit_or_welfare_validation; causal_capture_validation; model_validation,https://lda.gov/filings/public/filing/06d509b8-6a83-4d8d-95cf-bab40ba0b615/print/; https://lda.gov/api/v1/filings/06d509b8-6a83-4d8d-95cf-bab40ba0b615/; https://www.congress.gov/bill/117th-congress/s-bill/3580; https://api.congress.gov/v3/bill/117/s/3580,"LDA disposition/target source-review queue only; deterministic text signals and possible target references are not manual disposition confirmation, sponsor/member targeting evidence, committee-action influence, roll-call influence, legislative-outcome causality, public benefit, welfare, causal capture, or model validation."
128,9d4a1ff782b4a838,medium,yes,position_or_activity_signal,117-s-3580,117-146,Transportation and Public Works,K000367,1,1,1,f0b7803a-7fa7-4b03-86c6-07cc68f02e4d,2022,1st Quarter (Jan 1 - Mar 31),INTERNATIONAL ASSOCIATION OF REFRIGERATED WAREHOUSES,INTERNATIONAL ASSOCIATION OF REFRIGERATED WAREHOUSES,Transportation,S. 3580,exact_bill_text_with_position_or_activity_signal,position_or_activity_signal_needs_manual_confirmation,none_detected,none_detected,all_provisions,house_and_senate_entities_disclosed,not_detected_in_activity_text,chamber_entity_context_only_no_specific_target_detected,"H.R. 4996, Ocean Shipping Reform Act: all provisions S. 3580, Ocean Shipping Reform Act: all provisions","Manually confirm direction/position and check whether the filing names a target, member, or committee rather than only a chamber/entity.",official_lda_filing_text_bill_identifier; official_lda_activity_text_source_review; deterministic_activity_text_position_signal; disposition_target_review_queue; congressgov_bill_action_metadata_context,manual_disposition_confirmation; sponsor_or_member_target; committee_action_influence; roll_call_influence; legislative_outcome_causality; public_benefit_or_welfare_validation; causal_capture_validation; model_validation,https://lda.gov/filings/public/filing/f0b7803a-7fa7-4b03-86c6-07cc68f02e4d/print/; https://lda.gov/api/v1/filings/f0b7803a-7fa7-4b03-86c6-07cc68f02e4d/; https://www.congress.gov/bill/117th-congress/s-bill/3580; https://api.congress.gov/v3/bill/117/s/3580,"LDA disposition/target source-review queue only; deterministic text signals and possible target references are not manual disposition confirmation, sponsor/member targeting evidence, committee-action influence, roll-call influence, legislative-outcome causality, public benefit, welfare, causal capture, or model validation."
129,96eb80007757026e,medium,yes,position_or_activity_signal,117-s-3580,117-146,Transportation and Public Works,K000367,1,1,1,b6d9978a-b7f0-4e39-9ec7-e9fb8487b210,2022,1st Quarter (Jan 1 - Mar 31),MATSON NAVIGATION,"K&L GATES, LLP",Marine/Maritime/Boating/Fisheries,S. 3580,exact_bill_text_with_position_or_activity_signal,position_or_activity_signal_needs_manual_confirmation,none_detected,none_detected,issues_related_to; related_to,house_senate_and_agency_entities_disclosed,not_detected_in_activity_text,chamber_entity_context_only_no_specific_target_detected,...nse Authorization Act for Fiscal Year 2022/Unnumbered National Defense Authorization Act for FY 2023: Issues related to military sealift and the maritime security fleet. S. 3580 - Ocean Shipping Reform Act of 2022 - entire bill.,"Manually confirm direction/position and check whether the filing names a target, member, or committee rather than only a chamber/entity.",official_lda_filing_text_bill_identifier; official_lda_activity_text_source_review; deterministic_activity_text_position_signal; disposition_target_review_queue; congressgov_bill_action_metadata_context,manual_disposition_confirmation; sponsor_or_member_target; committee_action_influence; roll_call_influence; legislative_outcome_causality; public_benefit_or_welfare_validation; causal_capture_validation; model_validation,https://lda.gov/filings/public/filing/b6d9978a-b7f0-4e39-9ec7-e9fb8487b210/print/; https://lda.gov/api/v1/filings/b6d9978a-b7f0-4e39-9ec7-e9fb8487b210/; https://www.congress.gov/bill/117th-congress/s-bill/3580; https://api.congress.gov/v3/bill/117/s/3580,"LDA disposition/target source-review queue only; deterministic text signals and possible target references are not manual disposition confirmation, sponsor/member targeting evidence, committee-action influence, roll-call influence, legislative-outcome causality, public benefit, welfare, causal capture, or model validation."
130,f680c0c52dcb0c68,medium,yes,position_or_activity_signal,117-s-3580,117-146,Transportation and Public Works,K000367,1,1,1,cc5991d9-45ba-49e4-ba5c-965ab0ace283,2022,1st Quarter (Jan 1 - Mar 31),MINNESOTA CORN GROWERS,"COMBEST, SELL & ASSOCIATES, LLC",Transportation,S 3580,exact_bill_text_with_position_or_activity_signal,position_or_activity_signal_needs_manual_confirmation,none_detected,none_detected,related_to; regarding,house_and_senate_entities_disclosed,not_detected_in_activity_text,chamber_entity_context_only_no_specific_target_detected,"S 3580, HR 4996, Ocean Shipping Reform Act, regarding provisions related to agriculture.","Manually confirm direction/position and check whether the filing names a target, member, or committee rather than only a chamber/entity.",official_lda_filing_text_bill_identifier; official_lda_activity_text_source_review; deterministic_activity_text_position_signal; disposition_target_review_queue; congressgov_bill_action_metadata_context,manual_disposition_confirmation; sponsor_or_member_target; committee_action_influence; roll_call_influence; legislative_outcome_causality; public_benefit_or_welfare_validation; causal_capture_validation; model_validation,https://lda.gov/filings/public/filing/cc5991d9-45ba-49e4-ba5c-965ab0ace283/print/; https://lda.gov/api/v1/filings/cc5991d9-45ba-49e4-ba5c-965ab0ace283/; https://www.congress.gov/bill/117th-congress/s-bill/3580; https://api.congress.gov/v3/bill/117/s/3580,"LDA disposition/target source-review queue only; deterministic text signals and possible target references are not manual disposition confirmation, sponsor/member targeting evidence, committee-action influence, roll-call influence, legislative-outcome causality, public benefit, welfare, causal capture, or model validation."
131,ba38dfcdce47ce9a,medium,yes,position_or_activity_signal,117-s-3580,117-146,Transportation and Public Works,K000367,1,1,1,2a06e8cd-19c1-4891-ae7e-fd5c94b9d4b7,2022,1st Quarter (Jan 1 - Mar 31),NATIONAL SORGHUM PRODUCERS,"COMBEST, SELL & ASSOCIATES, LLC",Transportation,S 3580,exact_bill_text_with_position_or_activity_signal,position_or_activity_signal_needs_manual_confirmation,none_detected,none_detected,related_to; regarding,house_and_senate_entities_disclosed,not_detected_in_activity_text,chamber_entity_context_only_no_specific_target_detected,"S 3580, HR 4996, Ocean Shipping Reform Act, regarding provisions related to agriculture.","Manually confirm direction/position and check whether the filing names a target, member, or committee rather than only a chamber/entity.",official_lda_filing_text_bill_identifier; official_lda_activity_text_source_review; deterministic_activity_text_position_signal; disposition_target_review_queue; congressgov_bill_action_metadata_context,manual_disposition_confirmation; sponsor_or_member_target; committee_action_influence; roll_call_influence; legislative_outcome_causality; public_benefit_or_welfare_validation; causal_capture_validation; model_validation,https://lda.gov/filings/public/filing/2a06e8cd-19c1-4891-ae7e-fd5c94b9d4b7/print/; https://lda.gov/api/v1/filings/2a06e8cd-19c1-4891-ae7e-fd5c94b9d4b7/; https://www.congress.gov/bill/117th-congress/s-bill/3580; https://api.congress.gov/v3/bill/117/s/3580,"LDA disposition/target source-review queue only; deterministic text signals and possible target references are not manual disposition confirmation, sponsor/member targeting evidence, committee-action influence, roll-call influence, legislative-outcome causality, public benefit, welfare, causal capture, or model validation."
132,ff50884c99997dd4,medium,yes,position_or_activity_signal,117-s-3580,117-146,Transportation and Public Works,K000367,1,1,1,8237775c-8389-44a7-947a-f11997fcfd17,2022,1st Quarter (Jan 1 - Mar 31),"NORTH AMERICAN SUBARU, INC.","NORTH AMERICAN SUBARU, INC.",Automotive Industry,S. 3580,exact_bill_text_with_position_or_activity_signal,position_or_activity_signal_needs_manual_confirmation,none_detected,none_detected,issues_related_to; related_to,house_senate_and_agency_entities_disclosed,not_detected_in_activity_text,chamber_entity_context_only_no_specific_target_detected,"...y chains, including semiconductors, and addressing supply chain disruptions in S. 1260, the U.S. Innovation and Competition Act, H.R. 4521, the America Competes Act, and S. 3580, the Ocean Shipping Reform Act. Issues related to catalytic converter theft in H.R. 6394, the Preventing Auto Recycling Theft Act. Issues related to electric vehicle cha...","Manually confirm direction/position and check whether the filing names a target, member, or committee rather than only a chamber/entity.",official_lda_filing_text_bill_identifier; official_lda_activity_text_source_review; deterministic_activity_text_position_signal; disposition_target_review_queue; congressgov_bill_action_metadata_context,manual_disposition_confirmation; sponsor_or_member_target; committee_action_influence; roll_call_influence; legislative_outcome_causality; public_benefit_or_welfare_validation; causal_capture_validation; model_validation,https://lda.gov/filings/public/filing/8237775c-8389-44a7-947a-f11997fcfd17/print/; https://lda.gov/api/v1/filings/8237775c-8389-44a7-947a-f11997fcfd17/; https://www.congress.gov/bill/117th-congress/s-bill/3580; https://api.congress.gov/v3/bill/117/s/3580,"LDA disposition/target source-review queue only; deterministic text signals and possible target references are not manual disposition confirmation, sponsor/member targeting evidence, committee-action influence, roll-call influence, legislative-outcome causality, public benefit, welfare, causal capture, or model validation."
133,123fb03c88ea179c,medium,yes,support_signal,117-s-3580,117-146,Transportation and Public Works,K000367,1,1,1,3137389a-9fe6-49ec-a2ee-cf19a2b2f6f4,2022,1st Quarter (Jan 1 - Mar 31),PENNSYLVANIA FARM BUREAU,PENNSYLVANIA FARM BUREAU,Trade (domestic/foreign),S. 3580,exact_bill_text_with_explicit_support_signal,support_signal_needs_manual_confirmation,support_for,none_detected,none_detected,house_and_senate_entities_disclosed,not_detected_in_activity_text,chamber_entity_context_only_no_specific_target_detected,"Support for the following: S. 3580 / H.R. 4996, the Ocean Shipping Reform Act of 2021, which would help address port congestion, refusal of carriers to load U.S. ag exports, and other unfair practices. Su...","Manually confirm direction/position and check whether the filing names a target, member, or committee rather than only a chamber/entity.",official_lda_filing_text_bill_identifier; official_lda_activity_text_source_review; deterministic_activity_text_position_signal; disposition_target_review_queue; congressgov_bill_action_metadata_context,manual_disposition_confirmation; sponsor_or_member_target; committee_action_influence; roll_call_influence; legislative_outcome_causality; public_benefit_or_welfare_validation; causal_capture_validation; model_validation,https://lda.gov/filings/public/filing/3137389a-9fe6-49ec-a2ee-cf19a2b2f6f4/print/; https://lda.gov/api/v1/filings/3137389a-9fe6-49ec-a2ee-cf19a2b2f6f4/; https://www.congress.gov/bill/117th-congress/s-bill/3580; https://api.congress.gov/v3/bill/117/s/3580,"LDA disposition/target source-review queue only; deterministic text signals and possible target references are not manual disposition confirmation, sponsor/member targeting evidence, committee-action influence, roll-call influence, legislative-outcome causality, public benefit, welfare, causal capture, or model validation."
134,89646eab7b6cc2c6,medium,yes,support_signal,117-s-3580,117-146,Transportation and Public Works,K000367,1,1,1,3137389a-9fe6-49ec-a2ee-cf19a2b2f6f4,2022,1st Quarter (Jan 1 - Mar 31),PENNSYLVANIA FARM BUREAU,PENNSYLVANIA FARM BUREAU,Transportation,S. 3580,exact_bill_text_with_explicit_support_signal,support_signal_needs_manual_confirmation,support_for,none_detected,none_detected,house_and_senate_entities_disclosed,not_detected_in_activity_text,chamber_entity_context_only_no_specific_target_detected,"Support for the following: S. 3580 / H.R. 4996, the Ocean Shipping Reform Act of 2021, which would help address port congestion, refusal of carriers to load U.S. ag exports, and other unfair practices. Ge...","Manually confirm direction/position and check whether the filing names a target, member, or committee rather than only a chamber/entity.",official_lda_filing_text_bill_identifier; official_lda_activity_text_source_review; deterministic_activity_text_position_signal; disposition_target_review_queue; congressgov_bill_action_metadata_context,manual_disposition_confirmation; sponsor_or_member_target; committee_action_influence; roll_call_influence; legislative_outcome_causality; public_benefit_or_welfare_validation; causal_capture_validation; model_validation,https://lda.gov/filings/public/filing/3137389a-9fe6-49ec-a2ee-cf19a2b2f6f4/print/; https://lda.gov/api/v1/filings/3137389a-9fe6-49ec-a2ee-cf19a2b2f6f4/; https://www.congress.gov/bill/117th-congress/s-bill/3580; https://api.congress.gov/v3/bill/117/s/3580,"LDA disposition/target source-review queue only; deterministic text signals and possible target references are not manual disposition confirmation, sponsor/member targeting evidence, committee-action influence, roll-call influence, legislative-outcome causality, public benefit, welfare, causal capture, or model validation."
135,a843e4744746d53e,medium,yes,position_or_activity_signal,117-s-3580,117-146,Transportation and Public Works,K000367,1,1,1,2ba0a4b7-ca75-4b41-897f-b00592d6e2ea,2022,1st Quarter (Jan 1 - Mar 31),SOUTHWEST COUNCIL OF AGRIBUSINESS,"COMBEST, SELL & ASSOCIATES, LLC",Transportation,S 3580,exact_bill_text_with_position_or_activity_signal,position_or_activity_signal_needs_manual_confirmation,none_detected,none_detected,related_to; regarding,house_senate_and_agency_entities_disclosed,not_detected_in_activity_text,chamber_entity_context_only_no_specific_target_detected,"S 3580, HR 4996, Ocean Shipping Reform Act, regarding provisions related to agriculture.","Manually confirm direction/position and check whether the filing names a target, member, or committee rather than only a chamber/entity.",official_lda_filing_text_bill_identifier; official_lda_activity_text_source_review; deterministic_activity_text_position_signal; disposition_target_review_queue; congressgov_bill_action_metadata_context,manual_disposition_confirmation; sponsor_or_member_target; committee_action_influence; roll_call_influence; legislative_outcome_causality; public_benefit_or_welfare_validation; causal_capture_validation; model_validation,https://lda.gov/filings/public/filing/2ba0a4b7-ca75-4b41-897f-b00592d6e2ea/print/; https://lda.gov/api/v1/filings/2ba0a4b7-ca75-4b41-897f-b00592d6e2ea/; https://www.congress.gov/bill/117th-congress/s-bill/3580; https://api.congress.gov/v3/bill/117/s/3580,"LDA disposition/target source-review queue only; deterministic text signals and possible target references are not manual disposition confirmation, sponsor/member targeting evidence, committee-action influence, roll-call influence, legislative-outcome causality, public benefit, welfare, causal capture, or model validation."
136,344f85617afa372a,medium,yes,position_or_activity_signal,117-s-3580,117-146,Transportation and Public Works,K000367,1,1,1,a0b702bc-0e26-4a1a-b31f-cf095c2d959b,2022,1st Quarter (Jan 1 - Mar 31),SYENSQO USA LLC,SYENSQO USA LLC,Transportation,S. 3580,exact_bill_text_with_position_or_activity_signal,position_or_activity_signal_needs_manual_confirmation,none_detected,none_detected,related_to,house_and_senate_entities_disclosed,not_detected_in_activity_text,chamber_entity_context_only_no_specific_target_detected,"...451, Composite Standards Act of 2021, including provisions related to removing barriers to incorporating more composite materials into U.S. infrastructure. H.R. 4996 and S. 3580, Ocean Shipping Reform Act of 2021, including provisions related to establishing uniform rules for common carriers and marine terminal operators related to demurrage and...","Manually confirm direction/position and check whether the filing names a target, member, or committee rather than only a chamber/entity.",official_lda_filing_text_bill_identifier; official_lda_activity_text_source_review; deterministic_activity_text_position_signal; disposition_target_review_queue; congressgov_bill_action_metadata_context,manual_disposition_confirmation; sponsor_or_member_target; committee_action_influence; roll_call_influence; legislative_outcome_causality; public_benefit_or_welfare_validation; causal_capture_validation; model_validation,https://lda.gov/filings/public/filing/a0b702bc-0e26-4a1a-b31f-cf095c2d959b/print/; https://lda.gov/api/v1/filings/a0b702bc-0e26-4a1a-b31f-cf095c2d959b/; https://www.congress.gov/bill/117th-congress/s-bill/3580; https://api.congress.gov/v3/bill/117/s/3580,"LDA disposition/target source-review queue only; deterministic text signals and possible target references are not manual disposition confirmation, sponsor/member targeting evidence, committee-action influence, roll-call influence, legislative-outcome causality, public benefit, welfare, causal capture, or model validation."
137,bd916503d1e89a2d,medium,yes,position_or_activity_signal,117-s-3580,117-146,Transportation and Public Works,K000367,1,1,1,a0b702bc-0e26-4a1a-b31f-cf095c2d959b,2022,1st Quarter (Jan 1 - Mar 31),SYENSQO USA LLC,SYENSQO USA LLC,Marine/Maritime/Boating/Fisheries,S. 3580,exact_bill_text_with_position_or_activity_signal,position_or_activity_signal_needs_manual_confirmation,none_detected,none_detected,related_to,house_and_senate_entities_disclosed,not_detected_in_activity_text,chamber_entity_context_only_no_specific_target_detected,"...October 13, 2021, including provisions related to increasing the operational hours of the port and removing impediments to moving goods through the ports. H.R. 4996 and S. 3580, Ocean Shipping Reform Act of 2021, including provisions related to establishing uniform rules for common carriers and marine terminal operators related to demurrage and...","Manually confirm direction/position and check whether the filing names a target, member, or committee rather than only a chamber/entity.",official_lda_filing_text_bill_identifier; official_lda_activity_text_source_review; deterministic_activity_text_position_signal; disposition_target_review_queue; congressgov_bill_action_metadata_context,manual_disposition_confirmation; sponsor_or_member_target; committee_action_influence; roll_call_influence; legislative_outcome_causality; public_benefit_or_welfare_validation; causal_capture_validation; model_validation,https://lda.gov/filings/public/filing/a0b702bc-0e26-4a1a-b31f-cf095c2d959b/print/; https://lda.gov/api/v1/filings/a0b702bc-0e26-4a1a-b31f-cf095c2d959b/; https://www.congress.gov/bill/117th-congress/s-bill/3580; https://api.congress.gov/v3/bill/117/s/3580,"LDA disposition/target source-review queue only; deterministic text signals and possible target references are not manual disposition confirmation, sponsor/member targeting evidence, committee-action influence, roll-call influence, legislative-outcome causality, public benefit, welfare, causal capture, or model validation."
138,b236c9b3c704f450,medium,yes,position_or_activity_signal,117-s-3580,117-146,Transportation and Public Works,K000367,1,1,1,80490b91-805b-48a3-a7c1-9025be8f688d,2022,1st Quarter (Jan 1 - Mar 31),USA RICE FEDERATION,"COMBEST, SELL & ASSOCIATES, LLC",Transportation,S 3580,exact_bill_text_with_position_or_activity_signal,position_or_activity_signal_needs_manual_confirmation,none_detected,none_detected,related_to; regarding,house_and_senate_entities_disclosed,not_detected_in_activity_text,chamber_entity_context_only_no_specific_target_detected,"S 3580, HR 4996, Ocean Shipping Reform Act, regarding provisions related to agriculture.","Manually confirm direction/position and check whether the filing names a target, member, or committee rather than only a chamber/entity.",official_lda_filing_text_bill_identifier; official_lda_activity_text_source_review; deterministic_activity_text_position_signal; disposition_target_review_queue; congressgov_bill_action_metadata_context,manual_disposition_confirmation; sponsor_or_member_target; committee_action_influence; roll_call_influence; legislative_outcome_causality; public_benefit_or_welfare_validation; causal_capture_validation; model_validation,https://lda.gov/filings/public/filing/80490b91-805b-48a3-a7c1-9025be8f688d/print/; https://lda.gov/api/v1/filings/80490b91-805b-48a3-a7c1-9025be8f688d/; https://www.congress.gov/bill/117th-congress/s-bill/3580; https://api.congress.gov/v3/bill/117/s/3580,"LDA disposition/target source-review queue only; deterministic text signals and possible target references are not manual disposition confirmation, sponsor/member targeting evidence, committee-action influence, roll-call influence, legislative-outcome causality, public benefit, welfare, causal capture, or model validation."
139,553e2d5c0c238b01,medium,yes,position_or_activity_signal,117-s-4458,117-174,Armed Forces and National Security,T000464,0,1,1,603e73a7-8d0b-40f2-99f9-3549698e4e20,2022,2nd Quarter (Apr 1 - June 30),UNIVERSITY OF VIRGINIA,UNIVERSITY OF VIRGINIA,Education,S. 4458,exact_bill_text_with_position_or_activity_signal,position_or_activity_signal_needs_manual_confirmation,none_detected,none_detected,regarding,house_and_senate_entities_disclosed,not_detected_in_activity_text,chamber_entity_context_only_no_specific_target_detected,Student Veterans (H.R. 8198 and S. 4458) - Legislation regarding fixes to the 85/15 rule affecting student veterans on GI Bill.,"Manually confirm direction/position and check whether the filing names a target, member, or committee rather than only a chamber/entity.",official_lda_filing_text_bill_identifier; official_lda_activity_text_source_review; deterministic_activity_text_position_signal; disposition_target_review_queue; congressgov_bill_action_metadata_context,manual_disposition_confirmation; sponsor_or_member_target; committee_action_influence; roll_call_influence; legislative_outcome_causality; public_benefit_or_welfare_validation; causal_capture_validation; model_validation,https://lda.gov/filings/public/filing/603e73a7-8d0b-40f2-99f9-3549698e4e20/print/; https://lda.gov/api/v1/filings/603e73a7-8d0b-40f2-99f9-3549698e4e20/; https://www.congress.gov/bill/117th-congress/s-bill/4458; https://api.congress.gov/v3/bill/117/s/4458,"LDA disposition/target source-review queue only; deterministic text signals and possible target references are not manual disposition confirmation, sponsor/member targeting evidence, committee-action influence, roll-call influence, legislative-outcome causality, public benefit, welfare, causal capture, or model validation."
140,edb687c761aac88d,medium,yes,position_or_activity_signal,117-s-4458,117-174,Armed Forces and National Security,T000464,0,1,1,896b3834-c232-4604-b157-6ead605ca104,2022,3rd Quarter (July 1 - Sep 30),ASSOCIATION OF AMERICAN UNIVERSITIES,ASSOCIATION OF AMERICAN UNIVERSITIES,Education,S. 4458,exact_bill_text_with_position_or_activity_signal,position_or_activity_signal_needs_manual_confirmation,none_detected,none_detected,regarding,house_and_senate_entities_disclosed,not_detected_in_activity_text,chamber_entity_context_only_no_specific_target_detected,...Higher Education Endowment Tax Reform Act H.R. 6843 - Building Civic Bridges Act S. 839 - College Transparency Act S. 2081 - The Pell Grant Preservation & Expansion Act S. 4458 - Ensuring the Best Schools for Veterans Act S. 4897 - Student Loan Reform Act -- regarding policy issues affecting higher education institutions and their students,"Manually confirm direction/position and check whether the filing names a target, member, or committee rather than only a chamber/entity.",official_lda_filing_text_bill_identifier; official_lda_activity_text_source_review; deterministic_activity_text_position_signal; disposition_target_review_queue; congressgov_bill_action_metadata_context,manual_disposition_confirmation; sponsor_or_member_target; committee_action_influence; roll_call_influence; legislative_outcome_causality; public_benefit_or_welfare_validation; causal_capture_validation; model_validation,https://lda.gov/filings/public/filing/896b3834-c232-4604-b157-6ead605ca104/print/; https://lda.gov/api/v1/filings/896b3834-c232-4604-b157-6ead605ca104/; https://www.congress.gov/bill/117th-congress/s-bill/4458; https://api.congress.gov/v3/bill/117/s/4458,"LDA disposition/target source-review queue only; deterministic text signals and possible target references are not manual disposition confirmation, sponsor/member targeting evidence, committee-action influence, roll-call influence, legislative-outcome causality, public benefit, welfare, causal capture, or model validation."
141,dcfdd5bdfc608091,medium,yes,position_or_activity_signal,117-s-4458,117-174,Armed Forces and National Security,T000464,0,1,1,abf924f7-68d0-4d3c-a577-0eb6bbcbf1c0,2022,4th Quarter (Oct 1 - Dec 31),ASSOCIATION OF AMERICAN UNIVERSITIES,ASSOCIATION OF AMERICAN UNIVERSITIES,Education,S. 4458,exact_bill_text_with_position_or_activity_signal,position_or_activity_signal_needs_manual_confirmation,none_detected,none_detected,regarding,house_and_senate_entities_disclosed,not_detected_in_activity_text,chamber_entity_context_only_no_specific_target_detected,...vement Act of 2022 (passed House as Student Veteran Emergency Relief Act of 2022) S. 839 - College Transparency Act S. 2081 - The Pell Grant Preservation & Expansion Act S. 4458 - Ensuring the Best Schools for Veterans Act S. 4772 - COLLEGE Act S. 4897 - Student Loan Reform Act -- regarding policy issues affecting higher education institutions a...,"Manually confirm direction/position and check whether the filing names a target, member, or committee rather than only a chamber/entity.",official_lda_filing_text_bill_identifier; official_lda_activity_text_source_review; deterministic_activity_text_position_signal; disposition_target_review_queue; congressgov_bill_action_metadata_context,manual_disposition_confirmation; sponsor_or_member_target; committee_action_influence; roll_call_influence; legislative_outcome_causality; public_benefit_or_welfare_validation; causal_capture_validation; model_validation,https://lda.gov/filings/public/filing/abf924f7-68d0-4d3c-a577-0eb6bbcbf1c0/print/; https://lda.gov/api/v1/filings/abf924f7-68d0-4d3c-a577-0eb6bbcbf1c0/; https://www.congress.gov/bill/117th-congress/s-bill/4458; https://api.congress.gov/v3/bill/117/s/4458,"LDA disposition/target source-review queue only; deterministic text signals and possible target references are not manual disposition confirmation, sponsor/member targeting evidence, committee-action influence, roll-call influence, legislative-outcome causality, public benefit, welfare, causal capture, or model validation."
142,b51f097820df626e,medium,yes,support_signal,117-s-4900,117-183,Commerce,C000141,0,1,1,0ef1feb2-7397-4884-92d3-90f0ea3f6c91,2022,3rd Quarter (July 1 - Sep 30),AMERICAN SMALL MANUFACTURING COALITION,"K&L GATES, LLP",Manufacturing,S. 4900,exact_bill_text_with_explicit_support_signal,support_signal_needs_manual_confirmation,in_support_of,none_detected,all_provisions; issues_related_to; related_to,house_and_senate_entities_disclosed,not_detected_in_activity_text,chamber_entity_context_only_no_specific_target_detected,H.R. 4346 - CHIPS and Science Act - in support of MEP provisions. H.R. 7900/S. 4543 National Defense Authorization Act - issues related to manufacturing. S. 4900 SBIR and STTR Extension Act - all provisions.,"Manually confirm direction/position and check whether the filing names a target, member, or committee rather than only a chamber/entity.",official_lda_filing_text_bill_identifier; official_lda_activity_text_source_review; deterministic_activity_text_position_signal; disposition_target_review_queue; congressgov_bill_action_metadata_context,manual_disposition_confirmation; sponsor_or_member_target; committee_action_influence; roll_call_influence; legislative_outcome_causality; public_benefit_or_welfare_validation; causal_capture_validation; model_validation,https://lda.gov/filings/public/filing/0ef1feb2-7397-4884-92d3-90f0ea3f6c91/print/; https://lda.gov/api/v1/filings/0ef1feb2-7397-4884-92d3-90f0ea3f6c91/; https://www.congress.gov/bill/117th-congress/s-bill/4900; https://api.congress.gov/v3/bill/117/s/4900,"LDA disposition/target source-review queue only; deterministic text signals and possible target references are not manual disposition confirmation, sponsor/member targeting evidence, committee-action influence, roll-call influence, legislative-outcome causality, public benefit, welfare, causal capture, or model validation."
143,3a24d201fefeb1b9,medium,yes,position_or_activity_signal,117-s-4900,117-183,Commerce,C000141,0,1,1,65dc77a1-ebcd-454d-ac89-f172c4a7776a,2022,3rd Quarter (July 1 - Sep 30),"CONTIEM (FORMERLY ORBIS TECHNOLOGIES, INC.)",PRASAM,Defense,S. 4900,exact_bill_text_with_position_or_activity_signal,position_or_activity_signal_needs_manual_confirmation,none_detected,none_detected,issues_related_to; related_to,house_and_senate_entities_disclosed,not_detected_in_activity_text,chamber_entity_context_only_no_specific_target_detected,"...lation Reduction Act of 2022, House (H.R. 4346) CHIPS Act of 2022, House (H.R. 6833) Continuing Appropriations and Ukraine Supplemental Appropriations Act, 2023, Senate (S. 4900) SBIR-STTR Extension Act of 2022. Issues related to Content Management Systems","Manually confirm direction/position and check whether the filing names a target, member, or committee rather than only a chamber/entity.",official_lda_filing_text_bill_identifier; official_lda_activity_text_source_review; deterministic_activity_text_position_signal; disposition_target_review_queue; congressgov_bill_action_metadata_context,manual_disposition_confirmation; sponsor_or_member_target; committee_action_influence; roll_call_influence; legislative_outcome_causality; public_benefit_or_welfare_validation; causal_capture_validation; model_validation,https://lda.gov/filings/public/filing/65dc77a1-ebcd-454d-ac89-f172c4a7776a/print/; https://lda.gov/api/v1/filings/65dc77a1-ebcd-454d-ac89-f172c4a7776a/; https://www.congress.gov/bill/117th-congress/s-bill/4900; https://api.congress.gov/v3/bill/117/s/4900,"LDA disposition/target source-review queue only; deterministic text signals and possible target references are not manual disposition confirmation, sponsor/member targeting evidence, committee-action influence, roll-call influence, legislative-outcome causality, public benefit, welfare, causal capture, or model validation."
144,1b3d019ca24cca28,medium,yes,position_or_activity_signal,117-s-4900,117-183,Commerce,C000141,0,1,1,14f205b9-66fb-4ce3-ab1a-2c02610dc303,2022,3rd Quarter (July 1 - Sep 30),REDWIRE SPACE,PRASAM,Defense,S. 4900,exact_bill_text_with_position_or_activity_signal,position_or_activity_signal_needs_manual_confirmation,none_detected,none_detected,issues_related_to; related_to,house_senate_and_agency_entities_disclosed,not_detected_in_activity_text,chamber_entity_context_only_no_specific_target_detected,"...lation Reduction Act of 2022, House (H.R. 4346) CHIPS Act of 2022, House (H.R. 6833) Continuing Appropriations and Ukraine Supplemental Appropriations Act, 2023, Senate (S. 4900) SBIR-STTR Extension Act of 2022. Issues related to: Spacecraft Technology Programs","Manually confirm direction/position and check whether the filing names a target, member, or committee rather than only a chamber/entity.",official_lda_filing_text_bill_identifier; official_lda_activity_text_source_review; deterministic_activity_text_position_signal; disposition_target_review_queue; congressgov_bill_action_metadata_context,manual_disposition_confirmation; sponsor_or_member_target; committee_action_influence; roll_call_influence; legislative_outcome_causality; public_benefit_or_welfare_validation; causal_capture_validation; model_validation,https://lda.gov/filings/public/filing/14f205b9-66fb-4ce3-ab1a-2c02610dc303/print/; https://lda.gov/api/v1/filings/14f205b9-66fb-4ce3-ab1a-2c02610dc303/; https://www.congress.gov/bill/117th-congress/s-bill/4900; https://api.congress.gov/v3/bill/117/s/4900,"LDA disposition/target source-review queue only; deterministic text signals and possible target references are not manual disposition confirmation, sponsor/member targeting evidence, committee-action influence, roll-call influence, legislative-outcome causality, public benefit, welfare, causal capture, or model validation."
145,726d00f7fcc55adf,medium,yes,support_signal,117-s-4900,117-183,Commerce,C000141,0,1,1,6154bf70-46cf-43cd-bad1-dec8f38d3418,2022,3rd Quarter (July 1 - Sep 30),UNIVERSITY OF ALASKA,UNIVERSITY OF ALASKA,Small Business,S. 4900,exact_bill_text_with_explicit_support_signal,support_signal_needs_manual_confirmation,support_for,none_detected,none_detected,house_and_senate_entities_disclosed,not_detected_in_activity_text,chamber_entity_context_only_no_specific_target_detected,"S. 4900, SBIR and STTR Extension Act Support for SBA FAST Act program grant application.","Manually confirm direction/position and check whether the filing names a target, member, or committee rather than only a chamber/entity.",official_lda_filing_text_bill_identifier; official_lda_activity_text_source_review; deterministic_activity_text_position_signal; disposition_target_review_queue; congressgov_bill_action_metadata_context,manual_disposition_confirmation; sponsor_or_member_target; committee_action_influence; roll_call_influence; legislative_outcome_causality; public_benefit_or_welfare_validation; causal_capture_validation; model_validation,https://lda.gov/filings/public/filing/6154bf70-46cf-43cd-bad1-dec8f38d3418/print/; https://lda.gov/api/v1/filings/6154bf70-46cf-43cd-bad1-dec8f38d3418/; https://www.congress.gov/bill/117th-congress/s-bill/4900; https://api.congress.gov/v3/bill/117/s/4900,"LDA disposition/target source-review queue only; deterministic text signals and possible target references are not manual disposition confirmation, sponsor/member targeting evidence, committee-action influence, roll-call influence, legislative-outcome causality, public benefit, welfare, causal capture, or model validation."
146,fd066b3fa778b1f8,medium,yes,position_or_activity_signal,117-s-4900,117-183,Commerce,C000141,0,1,1,da0cd0bb-9a2e-4d60-be26-bb5fd37818fc,2022,3rd Quarter (July 1 - Sep 30),UNIVERSITY OF LOUISVILLE,AKIN GUMP STRAUSS HAUER & FELD,Education,S. 4900,exact_bill_text_with_position_or_activity_signal,position_or_activity_signal_needs_manual_confirmation,none_detected,none_detected,issues_related_to; related_to,house_and_senate_entities_disclosed,not_detected_in_activity_text,chamber_entity_context_only_no_specific_target_detected,"...ries (RBLs).; Issues related to research funding for EPSCoR, cybersecurity, toxic exposure in veterans, additive manufacturing.; The SBIR and STTR Extension Act of 2022 (S. 4900); Vieques Recovery and Redevelopment Act (S. 405/H.R. 1317); Patent Trial and Appeal Board Reform Act of 2022 (S. 4417); Endless Frontier Act/U.S. Innovation And Competi...","Manually confirm direction/position and check whether the filing names a target, member, or committee rather than only a chamber/entity.",official_lda_filing_text_bill_identifier; official_lda_activity_text_source_review; deterministic_activity_text_position_signal; disposition_target_review_queue; congressgov_bill_action_metadata_context,manual_disposition_confirmation; sponsor_or_member_target; committee_action_influence; roll_call_influence; legislative_outcome_causality; public_benefit_or_welfare_validation; causal_capture_validation; model_validation,https://lda.gov/filings/public/filing/da0cd0bb-9a2e-4d60-be26-bb5fd37818fc/print/; https://lda.gov/api/v1/filings/da0cd0bb-9a2e-4d60-be26-bb5fd37818fc/; https://www.congress.gov/bill/117th-congress/s-bill/4900; https://api.congress.gov/v3/bill/117/s/4900,"LDA disposition/target source-review queue only; deterministic text signals and possible target references are not manual disposition confirmation, sponsor/member targeting evidence, committee-action influence, roll-call influence, legislative-outcome causality, public benefit, welfare, causal capture, or model validation."
147,ad71e26ab347c0ca,medium,yes,support_signal,117-s-516,117-203,Transportation and Public Works,M000934,1,1,1,8169fe19-7254-4a12-9fef-eddb9ababc9c,2021,1st Quarter (Jan 1 - Mar 31),AERONAUTICAL REPAIR STATION ASSOCIATION,"OBADAL, FILLER, MACLEOD & KLEIN, P.L.C.",Aviation/Airlines/Airports,S 516,exact_bill_text_with_explicit_support_signal,support_signal_needs_manual_confirmation,supporting,none_detected,none_detected,house_senate_and_agency_entities_disclosed,not_detected_in_activity_text,chamber_entity_context_only_no_specific_target_detected,...umber). Encouraging parity in enforcement of FAA maintenance manual rules (no bill number). Supporting Advanced Air Mobility Coordination and Leadership Act (HR 1339 and S 516) and related planning grants.,"Manually confirm direction/position and check whether the filing names a target, member, or committee rather than only a chamber/entity.",official_lda_filing_text_bill_identifier; official_lda_activity_text_source_review; deterministic_activity_text_position_signal; disposition_target_review_queue; congressgov_bill_action_metadata_context,manual_disposition_confirmation; sponsor_or_member_target; committee_action_influence; roll_call_influence; legislative_outcome_causality; public_benefit_or_welfare_validation; causal_capture_validation; model_validation,https://lda.gov/filings/public/filing/8169fe19-7254-4a12-9fef-eddb9ababc9c/print/; https://lda.gov/api/v1/filings/8169fe19-7254-4a12-9fef-eddb9ababc9c/; https://www.congress.gov/bill/117th-congress/s-bill/516; https://api.congress.gov/v3/bill/117/s/516,"LDA disposition/target source-review queue only; deterministic text signals and possible target references are not manual disposition confirmation, sponsor/member targeting evidence, committee-action influence, roll-call influence, legislative-outcome causality, public benefit, welfare, causal capture, or model validation."
148,9546b1b8bc33b424,medium,yes,position_or_activity_signal,117-s-516,117-203,Transportation and Public Works,M000934,1,1,1,671201f1-64f5-4674-9fb8-cd75dca19cad,2022,1st Quarter (Jan 1 - Mar 31),HONEYWELL INTERNATIONAL,HONEYWELL INTERNATIONAL,Aerospace,S. 516,exact_bill_text_with_position_or_activity_signal,position_or_activity_signal_needs_manual_confirmation,none_detected,none_detected,issues_related_to; related_to,house_senate_and_agency_entities_disclosed,not_detected_in_activity_text,chamber_entity_context_only_no_specific_target_detected,...Cyber Sprint and Presidential National Security Memorandum Aviation safety related to Radar Altimeters and cockpit avionics and C-band spectrum interference H.R. 1339 / S. 516 Advanced Air Mobility Coordination and Leadership Act H.R. 5766 Helicopter Data and Voice Recorder Requirement Act FY23 FAA Reauthorization Act Issues related to commerc...,"Manually confirm direction/position and check whether the filing names a target, member, or committee rather than only a chamber/entity.",official_lda_filing_text_bill_identifier; official_lda_activity_text_source_review; deterministic_activity_text_position_signal; disposition_target_review_queue; congressgov_bill_action_metadata_context,manual_disposition_confirmation; sponsor_or_member_target; committee_action_influence; roll_call_influence; legislative_outcome_causality; public_benefit_or_welfare_validation; causal_capture_validation; model_validation,https://lda.gov/filings/public/filing/671201f1-64f5-4674-9fb8-cd75dca19cad/print/; https://lda.gov/api/v1/filings/671201f1-64f5-4674-9fb8-cd75dca19cad/; https://www.congress.gov/bill/117th-congress/s-bill/516; https://api.congress.gov/v3/bill/117/s/516,"LDA disposition/target source-review queue only; deterministic text signals and possible target references are not manual disposition confirmation, sponsor/member targeting evidence, committee-action influence, roll-call influence, legislative-outcome causality, public benefit, welfare, causal capture, or model validation."
149,58d015c7e61d5cd8,medium,yes,support_signal,117-s-558,117-316,Public Lands and Natural Resources,W000437,1,1,1,6a5bed25-7edc-4377-b284-bc2514dda0d9,2021,1st Quarter (Jan 1 - Mar 31),UNIVERSITY OF IOWA,UNIVERSITY OF IOWA,Environment/Superfund,S. 558,exact_bill_text_with_explicit_support_signal,support_signal_needs_manual_confirmation,support_for,none_detected,none_detected,house_senate_and_agency_entities_disclosed,not_detected_in_activity_text,chamber_entity_context_only_no_specific_target_detected,"...for the National Weather Service Support for increased funding for NOAA research Support for national flood mapping and mitigation legislation, including the FLOODS Act (S. 558 & H.R.1438) and PRECIP Act (H.R.1437) Support for funding at the Army Corps of Engineers for a consortium to study U.S. navigation infrastructure, especially during floo...","Manually confirm direction/position and check whether the filing names a target, member, or committee rather than only a chamber/entity.",official_lda_filing_text_bill_identifier; official_lda_activity_text_source_review; deterministic_activity_text_position_signal; disposition_target_review_queue; congressgov_bill_action_metadata_context,manual_disposition_confirmation; sponsor_or_member_target; committee_action_influence; roll_call_influence; legislative_outcome_causality; public_benefit_or_welfare_validation; causal_capture_validation; model_validation,https://lda.gov/filings/public/filing/6a5bed25-7edc-4377-b284-bc2514dda0d9/print/; https://lda.gov/api/v1/filings/6a5bed25-7edc-4377-b284-bc2514dda0d9/; https://www.congress.gov/bill/117th-congress/s-bill/558; https://api.congress.gov/v3/bill/117/s/558,"LDA disposition/target source-review queue only; deterministic text signals and possible target references are not manual disposition confirmation, sponsor/member targeting evidence, committee-action influence, roll-call influence, legislative-outcome causality, public benefit, welfare, causal capture, or model validation."
150,03f5c0ce47fe048a,medium,yes,support_signal,117-s-558,117-316,Public Lands and Natural Resources,W000437,1,1,1,7c4866bc-2381-4837-a8af-087ae1646283,2021,2nd Quarter (Apr 1 - June 30),UNIVERSITY OF IOWA,UNIVERSITY OF IOWA,Environment/Superfund,S. 558,exact_bill_text_with_explicit_support_signal,support_signal_needs_manual_confirmation,support_for,none_detected,none_detected,house_senate_and_agency_entities_disclosed,not_detected_in_activity_text,chamber_entity_context_only_no_specific_target_detected,"...ice Support for increased funding for NOAA research, including for flood mapping Support for national flood mapping and mitigation legislation, including the FLOODS Act (S. 558 & H.R.1438) and PRECIP Act (H.R.1437) Support for funding at the Army Corps of Engineers for a consortium to study U.S. navigation infrastructure, especially during floo...","Manually confirm direction/position and check whether the filing names a target, member, or committee rather than only a chamber/entity.",official_lda_filing_text_bill_identifier; official_lda_activity_text_source_review; deterministic_activity_text_position_signal; disposition_target_review_queue; congressgov_bill_action_metadata_context,manual_disposition_confirmation; sponsor_or_member_target; committee_action_influence; roll_call_influence; legislative_outcome_causality; public_benefit_or_welfare_validation; causal_capture_validation; model_validation,https://lda.gov/filings/public/filing/7c4866bc-2381-4837-a8af-087ae1646283/print/; https://lda.gov/api/v1/filings/7c4866bc-2381-4837-a8af-087ae1646283/; https://www.congress.gov/bill/117th-congress/s-bill/558; https://api.congress.gov/v3/bill/117/s/558,"LDA disposition/target source-review queue only; deterministic text signals and possible target references are not manual disposition confirmation, sponsor/member targeting evidence, committee-action influence, roll-call influence, legislative-outcome causality, public benefit, welfare, causal capture, or model validation."
151,79fd4c4f3cc40ae1,medium,yes,position_or_activity_signal,117-s-558,117-316,Public Lands and Natural Resources,W000437,1,1,1,0106a1f9-c773-4b94-adeb-7cd52e675d32,2021,3rd Quarter (July 1 - Sep 30),NATIONAL SOCIETY OF PROFESSIONAL SURVEYORS,MILLER & WENHOLD CAPITOL STRATEGIES,Transportation,S. 558,exact_bill_text_with_position_or_activity_signal,position_or_activity_signal_needs_manual_confirmation,none_detected,none_detected,all_provisions,house_and_senate_entities_disclosed,not_detected_in_activity_text,chamber_entity_context_only_no_specific_target_detected,"...provisions affecting professional surveyors. H.R. 1438, ""Flood Level Observation, Operations, and Decision Support Act;"" All provisions affecting professional surveyors. S. 558, ""Flood Level Observation, Operations, and Decision Support Act;"" All provisions affecting professional surveyors. H.R. 1512, ""Climate Leadership and Environmental Actio...","Manually confirm direction/position and check whether the filing names a target, member, or committee rather than only a chamber/entity.",official_lda_filing_text_bill_identifier; official_lda_activity_text_source_review; deterministic_activity_text_position_signal; disposition_target_review_queue; congressgov_bill_action_metadata_context,manual_disposition_confirmation; sponsor_or_member_target; committee_action_influence; roll_call_influence; legislative_outcome_causality; public_benefit_or_welfare_validation; causal_capture_validation; model_validation,https://lda.gov/filings/public/filing/0106a1f9-c773-4b94-adeb-7cd52e675d32/print/; https://lda.gov/api/v1/filings/0106a1f9-c773-4b94-adeb-7cd52e675d32/; https://www.congress.gov/bill/117th-congress/s-bill/558; https://api.congress.gov/v3/bill/117/s/558,"LDA disposition/target source-review queue only; deterministic text signals and possible target references are not manual disposition confirmation, sponsor/member targeting evidence, committee-action influence, roll-call influence, legislative-outcome causality, public benefit, welfare, causal capture, or model validation."
152,2b8b90f094c1175a,medium,yes,position_or_activity_signal,117-s-558,117-316,Public Lands and Natural Resources,W000437,1,1,1,fab748a4-26e1-4441-b217-6f6771ccea22,2021,4th Quarter (Oct 1 - Dec 31),NATIONAL SOCIETY OF PROFESSIONAL SURVEYORS,MILLER & WENHOLD CAPITOL STRATEGIES,Transportation,S. 558,exact_bill_text_with_position_or_activity_signal,position_or_activity_signal_needs_manual_confirmation,none_detected,none_detected,all_provisions,house_and_senate_entities_disclosed,not_detected_in_activity_text,chamber_entity_context_only_no_specific_target_detected,"...provisions affecting professional surveyors. H.R. 1438, ""Flood Level Observation, Operations, and Decision Support Act;"" All provisions affecting professional surveyors. S. 558, ""Flood Level Observation, Operations, and Decision Support Act;"" All provisions affecting professional surveyors. H.R. 1512, ""Climate Leadership and Environmental Actio...","Manually confirm direction/position and check whether the filing names a target, member, or committee rather than only a chamber/entity.",official_lda_filing_text_bill_identifier; official_lda_activity_text_source_review; deterministic_activity_text_position_signal; disposition_target_review_queue; congressgov_bill_action_metadata_context,manual_disposition_confirmation; sponsor_or_member_target; committee_action_influence; roll_call_influence; legislative_outcome_causality; public_benefit_or_welfare_validation; causal_capture_validation; model_validation,https://lda.gov/filings/public/filing/fab748a4-26e1-4441-b217-6f6771ccea22/print/; https://lda.gov/api/v1/filings/fab748a4-26e1-4441-b217-6f6771ccea22/; https://www.congress.gov/bill/117th-congress/s-bill/558; https://api.congress.gov/v3/bill/117/s/558,"LDA disposition/target source-review queue only; deterministic text signals and possible target references are not manual disposition confirmation, sponsor/member targeting evidence, committee-action influence, roll-call influence, legislative-outcome causality, public benefit, welfare, causal capture, or model validation."
153,ed3ae5d3104b5e17,medium,yes,position_or_activity_signal,117-s-558,117-316,Public Lands and Natural Resources,W000437,1,1,1,81e1f716-53e4-4931-83c2-505f12f06032,2022,1st Quarter (Jan 1 - Mar 31),NATIONAL SOCIETY OF PROFESSIONAL SURVEYORS,MILLER & WENHOLD CAPITOL STRATEGIES,Transportation,S. 558,exact_bill_text_with_position_or_activity_signal,position_or_activity_signal_needs_manual_confirmation,none_detected,none_detected,all_provisions,house_and_senate_entities_disclosed,not_detected_in_activity_text,chamber_entity_context_only_no_specific_target_detected,"...provisions affecting professional surveyors. H.R. 1438, ""Flood Level Observation, Operations, and Decision Support Act;"" All provisions affecting professional surveyors. S. 558, ""Flood Level Observation, Operations, and Decision Support Act;"" All provisions affecting professional surveyors. H.R. 1512, ""Climate Leadership and Environmental Actio...","Manually confirm direction/position and check whether the filing names a target, member, or committee rather than only a chamber/entity.",official_lda_filing_text_bill_identifier; official_lda_activity_text_source_review; deterministic_activity_text_position_signal; disposition_target_review_queue; congressgov_bill_action_metadata_context,manual_disposition_confirmation; sponsor_or_member_target; committee_action_influence; roll_call_influence; legislative_outcome_causality; public_benefit_or_welfare_validation; causal_capture_validation; model_validation,https://lda.gov/filings/public/filing/81e1f716-53e4-4931-83c2-505f12f06032/print/; https://lda.gov/api/v1/filings/81e1f716-53e4-4931-83c2-505f12f06032/; https://www.congress.gov/bill/117th-congress/s-bill/558; https://api.congress.gov/v3/bill/117/s/558,"LDA disposition/target source-review queue only; deterministic text signals and possible target references are not manual disposition confirmation, sponsor/member targeting evidence, committee-action influence, roll-call influence, legislative-outcome causality, public benefit, welfare, causal capture, or model validation."
154,3fec59c3353135d1,medium,yes,position_or_activity_signal,117-s-558,117-316,Public Lands and Natural Resources,W000437,1,1,1,b79c1f8c-2231-47c4-aea7-5f081675c2d4,2022,2nd Quarter (Apr 1 - June 30),NATIONAL SOCIETY OF PROFESSIONAL SURVEYORS,MILLER & WENHOLD CAPITOL STRATEGIES,Transportation,S. 558,exact_bill_text_with_position_or_activity_signal,position_or_activity_signal_needs_manual_confirmation,none_detected,none_detected,all_provisions,house_and_senate_entities_disclosed,not_detected_in_activity_text,chamber_entity_context_only_no_specific_target_detected,"...provisions affecting professional surveyors. H.R. 1438, ""Flood Level Observation, Operations, and Decision Support Act;"" All provisions affecting professional surveyors. S. 558, ""Flood Level Observation, Operations, and Decision Support Act;"" All provisions affecting professional surveyors. H.R. 1512, ""Climate Leadership and Environmental Actio...","Manually confirm direction/position and check whether the filing names a target, member, or committee rather than only a chamber/entity.",official_lda_filing_text_bill_identifier; official_lda_activity_text_source_review; deterministic_activity_text_position_signal; disposition_target_review_queue; congressgov_bill_action_metadata_context,manual_disposition_confirmation; sponsor_or_member_target; committee_action_influence; roll_call_influence; legislative_outcome_causality; public_benefit_or_welfare_validation; causal_capture_validation; model_validation,https://lda.gov/filings/public/filing/b79c1f8c-2231-47c4-aea7-5f081675c2d4/print/; https://lda.gov/api/v1/filings/b79c1f8c-2231-47c4-aea7-5f081675c2d4/; https://www.congress.gov/bill/117th-congress/s-bill/558; https://api.congress.gov/v3/bill/117/s/558,"LDA disposition/target source-review queue only; deterministic text signals and possible target references are not manual disposition confirmation, sponsor/member targeting evidence, committee-action influence, roll-call influence, legislative-outcome causality, public benefit, welfare, causal capture, or model validation."
155,7e1364230984ca44,medium,yes,position_or_activity_signal,117-s-558,117-316,Public Lands and Natural Resources,W000437,1,1,1,98637b7e-1d39-430c-9df4-ee18ae8b6ace,2022,3rd Quarter (July 1 - Sep 30),NATIONAL SOCIETY OF PROFESSIONAL SURVEYORS,MILLER & WENHOLD CAPITOL STRATEGIES,Transportation,S. 558,exact_bill_text_with_position_or_activity_signal,position_or_activity_signal_needs_manual_confirmation,none_detected,none_detected,all_provisions,house_and_senate_entities_disclosed,not_detected_in_activity_text,chamber_entity_context_only_no_specific_target_detected,"...provisions affecting professional surveyors. H.R. 1438, ""Flood Level Observation, Operations, and Decision Support Act;"" All provisions affecting professional surveyors. S. 558, ""Flood Level Observation, Operations, and Decision Support Act;"" All provisions affecting professional surveyors. H.R. 1512, ""Climate Leadership and Environmental Actio...","Manually confirm direction/position and check whether the filing names a target, member, or committee rather than only a chamber/entity.",official_lda_filing_text_bill_identifier; official_lda_activity_text_source_review; deterministic_activity_text_position_signal; disposition_target_review_queue; congressgov_bill_action_metadata_context,manual_disposition_confirmation; sponsor_or_member_target; committee_action_influence; roll_call_influence; legislative_outcome_causality; public_benefit_or_welfare_validation; causal_capture_validation; model_validation,https://lda.gov/filings/public/filing/98637b7e-1d39-430c-9df4-ee18ae8b6ace/print/; https://lda.gov/api/v1/filings/98637b7e-1d39-430c-9df4-ee18ae8b6ace/; https://www.congress.gov/bill/117th-congress/s-bill/558; https://api.congress.gov/v3/bill/117/s/558,"LDA disposition/target source-review queue only; deterministic text signals and possible target references are not manual disposition confirmation, sponsor/member targeting evidence, committee-action influence, roll-call influence, legislative-outcome causality, public benefit, welfare, causal capture, or model validation."
156,76d7533dd981a3ea,medium,yes,position_or_activity_signal,117-s-558,117-316,Public Lands and Natural Resources,W000437,1,1,1,b4191294-83dc-426e-b721-81b7c12c3b56,2022,4th Quarter (Oct 1 - Dec 31),NATIONAL SOCIETY OF PROFESSIONAL SURVEYORS,MILLER & WENHOLD CAPITOL STRATEGIES,Transportation,S. 558,exact_bill_text_with_position_or_activity_signal,position_or_activity_signal_needs_manual_confirmation,none_detected,none_detected,all_provisions,house_and_senate_entities_disclosed,not_detected_in_activity_text,chamber_entity_context_only_no_specific_target_detected,"...provisions affecting professional surveyors. H.R. 1438, ""Flood Level Observation, Operations, and Decision Support Act;"" All provisions affecting professional surveyors. S. 558, ""Flood Level Observation, Operations, and Decision Support Act;"" All provisions affecting professional surveyors. H.R. 1512, ""Climate Leadership and Environmental Actio...","Manually confirm direction/position and check whether the filing names a target, member, or committee rather than only a chamber/entity.",official_lda_filing_text_bill_identifier; official_lda_activity_text_source_review; deterministic_activity_text_position_signal; disposition_target_review_queue; congressgov_bill_action_metadata_context,manual_disposition_confirmation; sponsor_or_member_target; committee_action_influence; roll_call_influence; legislative_outcome_causality; public_benefit_or_welfare_validation; causal_capture_validation; model_validation,https://lda.gov/filings/public/filing/b4191294-83dc-426e-b721-81b7c12c3b56/print/; https://lda.gov/api/v1/filings/b4191294-83dc-426e-b721-81b7c12c3b56/; https://www.congress.gov/bill/117th-congress/s-bill/558; https://api.congress.gov/v3/bill/117/s/558,"LDA disposition/target source-review queue only; deterministic text signals and possible target references are not manual disposition confirmation, sponsor/member targeting evidence, committee-action influence, roll-call influence, legislative-outcome causality, public benefit, welfare, causal capture, or model validation."
157,35d4afce4f131f1b,low,no,bill_reference_only_no_disposition_or_target_signal,117-hr-1437,117-229,Economics and Public Finance,S001207,1,1,1,3a0e58ee-e8cd-4807-9c13-ace98ec4ccfe,2021,3rd Quarter (July 1 - Sep 30),TOMORROW.IO,GREEN CAPITOL LLC,Science/Technology,HR 1437,exact_bill_text_bill_list_or_title_only,bill_reference_without_disposition_signal,none_detected,none_detected,none_detected,house_senate_and_agency_entities_disclosed,not_detected_in_activity_text,chamber_entity_context_only_no_specific_target_detected,"General education about what's known as ""weather intelligence,"" particularly as it relates to climate security and resilience. Work on PRECIP Act, S. 3053, and HR 1437, to better support future public-private sector partnering and data sharing, as well as consideration of expedited timelines.",Keep as bill-reference context unless later target/outcome review needs it.,official_lda_filing_text_bill_identifier; official_lda_activity_text_source_review; deterministic_activity_text_position_signal; disposition_target_review_queue; congressgov_bill_action_metadata_context,manual_disposition_confirmation; sponsor_or_member_target; committee_action_influence; roll_call_influence; legislative_outcome_causality; public_benefit_or_welfare_validation; causal_capture_validation; model_validation,https://lda.gov/filings/public/filing/3a0e58ee-e8cd-4807-9c13-ace98ec4ccfe/print/; https://lda.gov/api/v1/filings/3a0e58ee-e8cd-4807-9c13-ace98ec4ccfe/; https://www.congress.gov/bill/117th-congress/hr-bill/1437; https://api.congress.gov/v3/bill/117/hr/1437,"LDA disposition/target source-review queue only; deterministic text signals and possible target references are not manual disposition confirmation, sponsor/member targeting evidence, committee-action influence, roll-call influence, legislative-outcome causality, public benefit, welfare, causal capture, or model validation."
158,0fd20cae3ecda70b,low,no,bill_reference_only_no_disposition_or_target_signal,117-hr-1437,117-229,Economics and Public Finance,S001207,1,1,1,252ef03f-bb8d-49c6-9e29-0b50871ec168,2021,4th Quarter (Oct 1 - Dec 31),TOMORROW.IO,GREEN CAPITOL LLC,Science/Technology,HR 1437,exact_bill_text_bill_list_or_title_only,bill_reference_without_disposition_signal,none_detected,none_detected,none_detected,house_senate_and_agency_entities_disclosed,not_detected_in_activity_text,chamber_entity_context_only_no_specific_target_detected,"General education about what's known as ""weather intelligence,"" particularly as it relates to climate security and resilience. Work on PRECIP Act, S. 3053, and HR 1437, to better support future public-private sector partnering and data sharing, as well as consideration of expedited timelines for implementation.",Keep as bill-reference context unless later target/outcome review needs it.,official_lda_filing_text_bill_identifier; official_lda_activity_text_source_review; deterministic_activity_text_position_signal; disposition_target_review_queue; congressgov_bill_action_metadata_context,manual_disposition_confirmation; sponsor_or_member_target; committee_action_influence; roll_call_influence; legislative_outcome_causality; public_benefit_or_welfare_validation; causal_capture_validation; model_validation,https://lda.gov/filings/public/filing/252ef03f-bb8d-49c6-9e29-0b50871ec168/print/; https://lda.gov/api/v1/filings/252ef03f-bb8d-49c6-9e29-0b50871ec168/; https://www.congress.gov/bill/117th-congress/hr-bill/1437; https://api.congress.gov/v3/bill/117/hr/1437,"LDA disposition/target source-review queue only; deterministic text signals and possible target references are not manual disposition confirmation, sponsor/member targeting evidence, committee-action influence, roll-call influence, legislative-outcome causality, public benefit, welfare, causal capture, or model validation."
159,e471ab5ed7fa3bf7,low,no,bill_reference_only_no_disposition_or_target_signal,117-hr-1437,117-229,Economics and Public Finance,S001207,1,1,1,dd530264-b696-48c7-a114-c987603daac5,2022,1st Quarter (Jan 1 - Mar 31),TOMORROW.IO,GREEN CAPITOL LLC,Science/Technology,HR 1437,exact_bill_text_bill_list_or_title_only,bill_reference_without_disposition_signal,none_detected,none_detected,none_detected,house_senate_and_agency_entities_disclosed,not_detected_in_activity_text,chamber_entity_context_only_no_specific_target_detected,"...weather intelligence,"" particularly as it relates to climate security and resilience utilizing new technology software and capabilities. Work on PRECIP Act, S. 3053, and HR 1437, to better support future public-private sector partnering and data sharing, as well as consideration of expedited timelines for implementation. Also work on other new a...",Keep as bill-reference context unless later target/outcome review needs it.,official_lda_filing_text_bill_identifier; official_lda_activity_text_source_review; deterministic_activity_text_position_signal; disposition_target_review_queue; congressgov_bill_action_metadata_context,manual_disposition_confirmation; sponsor_or_member_target; committee_action_influence; roll_call_influence; legislative_outcome_causality; public_benefit_or_welfare_validation; causal_capture_validation; model_validation,https://lda.gov/filings/public/filing/dd530264-b696-48c7-a114-c987603daac5/print/; https://lda.gov/api/v1/filings/dd530264-b696-48c7-a114-c987603daac5/; https://www.congress.gov/bill/117th-congress/hr-bill/1437; https://api.congress.gov/v3/bill/117/hr/1437,"LDA disposition/target source-review queue only; deterministic text signals and possible target references are not manual disposition confirmation, sponsor/member targeting evidence, committee-action influence, roll-call influence, legislative-outcome causality, public benefit, welfare, causal capture, or model validation."
160,b52f66c2b6c3a5e3,low,no,bill_reference_only_no_disposition_or_target_signal,117-hr-1437,117-229,Economics and Public Finance,S001207,1,1,1,a6ed4aea-ac45-4d6f-bf96-5828b71baece,2022,2nd Quarter (Apr 1 - June 30),TOMORROW.IO,GREEN CAPITOL LLC,Science/Technology,HR 1437,exact_bill_text_bill_list_or_title_only,bill_reference_without_disposition_signal,none_detected,none_detected,none_detected,house_senate_and_agency_entities_disclosed,not_detected_in_activity_text,chamber_entity_context_only_no_specific_target_detected,"...weather intelligence,"" particularly as it relates to climate security and resilience utilizing new technology software and capabilities. Work on PRECIP Act, S. 3053, and HR 1437, to better support future public-private sector partnering and data sharing, as well as consideration of expedited timelines for implementation. Also work on other new a...",Keep as bill-reference context unless later target/outcome review needs it.,official_lda_filing_text_bill_identifier; official_lda_activity_text_source_review; deterministic_activity_text_position_signal; disposition_target_review_queue; congressgov_bill_action_metadata_context,manual_disposition_confirmation; sponsor_or_member_target; committee_action_influence; roll_call_influence; legislative_outcome_causality; public_benefit_or_welfare_validation; causal_capture_validation; model_validation,https://lda.gov/filings/public/filing/a6ed4aea-ac45-4d6f-bf96-5828b71baece/print/; https://lda.gov/api/v1/filings/a6ed4aea-ac45-4d6f-bf96-5828b71baece/; https://www.congress.gov/bill/117th-congress/hr-bill/1437; https://api.congress.gov/v3/bill/117/hr/1437,"LDA disposition/target source-review queue only; deterministic text signals and possible target references are not manual disposition confirmation, sponsor/member targeting evidence, committee-action influence, roll-call influence, legislative-outcome causality, public benefit, welfare, causal capture, or model validation."
161,7f2d8890f7d6d7e7,low,no,bill_reference_only_no_disposition_or_target_signal,117-hr-1437,117-229,Economics and Public Finance,S001207,1,1,1,0703e7e5-8983-4c7a-9369-db72bf26efd7,2022,3rd Quarter (July 1 - Sep 30),TOMORROW.IO,GREEN CAPITOL LLC,Science/Technology,HR 1437,exact_bill_text_bill_list_or_title_only,bill_reference_without_disposition_signal,none_detected,none_detected,none_detected,house_senate_and_agency_entities_disclosed,not_detected_in_activity_text,chamber_entity_context_only_no_specific_target_detected,"...weather intelligence,"" particularly as it relates to climate security and resilience utilizing new technology software and capabilities. Work on PRECIP Act, S. 3053, and HR 1437, to better support future public-private sector partnering and data sharing, as well as consideration of expedited timelines for implementation. Also work on other new a...",Keep as bill-reference context unless later target/outcome review needs it.,official_lda_filing_text_bill_identifier; official_lda_activity_text_source_review; deterministic_activity_text_position_signal; disposition_target_review_queue; congressgov_bill_action_metadata_context,manual_disposition_confirmation; sponsor_or_member_target; committee_action_influence; roll_call_influence; legislative_outcome_causality; public_benefit_or_welfare_validation; causal_capture_validation; model_validation,https://lda.gov/filings/public/filing/0703e7e5-8983-4c7a-9369-db72bf26efd7/print/; https://lda.gov/api/v1/filings/0703e7e5-8983-4c7a-9369-db72bf26efd7/; https://www.congress.gov/bill/117th-congress/hr-bill/1437; https://api.congress.gov/v3/bill/117/hr/1437,"LDA disposition/target source-review queue only; deterministic text signals and possible target references are not manual disposition confirmation, sponsor/member targeting evidence, committee-action influence, roll-call influence, legislative-outcome causality, public benefit, welfare, causal capture, or model validation."
162,a8add67244be4b4a,low,no,bill_reference_only_no_disposition_or_target_signal,117-hr-1437,117-229,Economics and Public Finance,S001207,1,1,1,82cced60-0938-4976-b52c-9038698b32f7,2022,4th Quarter (Oct 1 - Dec 31),NATIONAL TREASURY EMPLOYEES UNION,NATIONAL TREASURY EMPLOYEES UNION,Budget/Appropriations,H.R. 1437,exact_bill_text_bill_list_or_title_only,bill_reference_without_disposition_signal,none_detected,none_detected,none_detected,house_senate_and_agency_entities_disclosed,not_detected_in_activity_text,chamber_entity_context_only_no_specific_target_detected,"...ct H.R. 790, TABS Act of 2021 H.R. 974, Sustainable Budget Act of 2021 H.R. 1041, To repeal the debt ceiling H.R. 1116, IRS Enhancement and Tax Gap Reduction Act of 2021 H.R. 1437, Further Continuing Appropriations and Extensions Act, 2023 H.R. 1868, To prevent across-the-board direct spending cuts H.R. 2087, PELOSI Rescissions Act of 2021 H.R. 26...",Keep as bill-reference context unless later target/outcome review needs it.,official_lda_filing_text_bill_identifier; official_lda_activity_text_source_review; deterministic_activity_text_position_signal; disposition_target_review_queue; congressgov_bill_action_metadata_context,manual_disposition_confirmation; sponsor_or_member_target; committee_action_influence; roll_call_influence; legislative_outcome_causality; public_benefit_or_welfare_validation; causal_capture_validation; model_validation,https://lda.gov/filings/public/filing/82cced60-0938-4976-b52c-9038698b32f7/print/; https://lda.gov/api/v1/filings/82cced60-0938-4976-b52c-9038698b32f7/; https://www.congress.gov/bill/117th-congress/hr-bill/1437; https://api.congress.gov/v3/bill/117/hr/1437,"LDA disposition/target source-review queue only; deterministic text signals and possible target references are not manual disposition confirmation, sponsor/member targeting evidence, committee-action influence, roll-call influence, legislative-outcome causality, public benefit, welfare, causal capture, or model validation."
163,1dbdc0645eb0c8a9,low,no,bill_reference_only_no_disposition_or_target_signal,117-hr-1437,117-229,Economics and Public Finance,S001207,1,1,1,d55930d1-f5c0-4086-ae06-a70da0d9209a,2022,4th Quarter (Oct 1 - Dec 31),TOMORROW.IO,GREEN CAPITOL LLC,Science/Technology,HR 1437,exact_bill_text_bill_list_or_title_only,bill_reference_without_disposition_signal,none_detected,none_detected,none_detected,house_senate_and_agency_entities_disclosed,not_detected_in_activity_text,chamber_entity_context_only_no_specific_target_detected,"...weather intelligence,"" particularly as it relates to climate security and resilience utilizing new technology software and capabilities. Work on PRECIP Act, S. 3053, and HR 1437, to better support future public-private sector partnering and data sharing, as well as consideration of expedited timelines for implementation. Also work on other new a...",Keep as bill-reference context unless later target/outcome review needs it.,official_lda_filing_text_bill_identifier; official_lda_activity_text_source_review; deterministic_activity_text_position_signal; disposition_target_review_queue; congressgov_bill_action_metadata_context,manual_disposition_confirmation; sponsor_or_member_target; committee_action_influence; roll_call_influence; legislative_outcome_causality; public_benefit_or_welfare_validation; causal_capture_validation; model_validation,https://lda.gov/filings/public/filing/d55930d1-f5c0-4086-ae06-a70da0d9209a/print/; https://lda.gov/api/v1/filings/d55930d1-f5c0-4086-ae06-a70da0d9209a/; https://www.congress.gov/bill/117th-congress/hr-bill/1437; https://api.congress.gov/v3/bill/117/hr/1437,"LDA disposition/target source-review queue only; deterministic text signals and possible target references are not manual disposition confirmation, sponsor/member targeting evidence, committee-action influence, roll-call influence, legislative-outcome causality, public benefit, welfare, causal capture, or model validation."
164,9c6f936792a1e9e4,low,no,bill_reference_only_no_disposition_or_target_signal,117-hr-1652,117-27,Crime and Law Enforcement,N000002,0,1,1,7347963e-e5e7-4339-8bcb-3b81d93fd9ca,2021,1st Quarter (Jan 1 - Mar 31),ALLIANCE FOR SAFETY AND JUSTICE,WEST FRONT STRATEGIES LLC,Law Enforcement/Crime/Criminal Justice,HR 1652,exact_bill_text_bill_list_or_title_only,bill_reference_without_disposition_signal,none_detected,none_detected,none_detected,house_and_senate_entities_disclosed,not_detected_in_activity_text,chamber_entity_context_only_no_specific_target_detected,"VOCA Fix to Sustain the Crime Victims Fund Act of 2021, S. 611 and HR 1652.",Keep as bill-reference context unless later target/outcome review needs it.,official_lda_filing_text_bill_identifier; official_lda_activity_text_source_review; deterministic_activity_text_position_signal; disposition_target_review_queue; congressgov_bill_action_metadata_context,manual_disposition_confirmation; sponsor_or_member_target; committee_action_influence; roll_call_influence; legislative_outcome_causality; public_benefit_or_welfare_validation; causal_capture_validation; model_validation,https://lda.gov/filings/public/filing/7347963e-e5e7-4339-8bcb-3b81d93fd9ca/print/; https://lda.gov/api/v1/filings/7347963e-e5e7-4339-8bcb-3b81d93fd9ca/; https://www.congress.gov/bill/117th-congress/hr-bill/1652; https://api.congress.gov/v3/bill/117/hr/1652,"LDA disposition/target source-review queue only; deterministic text signals and possible target references are not manual disposition confirmation, sponsor/member targeting evidence, committee-action influence, roll-call influence, legislative-outcome causality, public benefit, welfare, causal capture, or model validation."
165,03216c6e12c30b78,low,no,bill_reference_only_no_disposition_or_target_signal,117-hr-1652,117-27,Crime and Law Enforcement,N000002,0,1,1,51f547b5-3af5-4b44-9b93-2a7b99419810,2021,1st Quarter (Jan 1 - Mar 31),GENERAL FEDERATION OF WOMEN'S CLUBS,"UNIFIED SOLUTIONS, LLC",Law Enforcement/Crime/Criminal Justice,HR 1652,exact_bill_text_bill_list_or_title_only,bill_reference_without_disposition_signal,none_detected,none_detected,none_detected,house_and_senate_entities_disclosed,not_detected_in_activity_text,chamber_entity_context_only_no_specific_target_detected,"Violence Against Women Act, HR 1620; VOCA Fix, HR 1652; Equal rights Amendment, H J Res. 17; Child Abuse Prevention and Treatment Act, HR 485",Keep as bill-reference context unless later target/outcome review needs it.,official_lda_filing_text_bill_identifier; official_lda_activity_text_source_review; deterministic_activity_text_position_signal; disposition_target_review_queue; congressgov_bill_action_metadata_context,manual_disposition_confirmation; sponsor_or_member_target; committee_action_influence; roll_call_influence; legislative_outcome_causality; public_benefit_or_welfare_validation; causal_capture_validation; model_validation,https://lda.gov/filings/public/filing/51f547b5-3af5-4b44-9b93-2a7b99419810/print/; https://lda.gov/api/v1/filings/51f547b5-3af5-4b44-9b93-2a7b99419810/; https://www.congress.gov/bill/117th-congress/hr-bill/1652; https://api.congress.gov/v3/bill/117/hr/1652,"LDA disposition/target source-review queue only; deterministic text signals and possible target references are not manual disposition confirmation, sponsor/member targeting evidence, committee-action influence, roll-call influence, legislative-outcome causality, public benefit, welfare, causal capture, or model validation."
166,ac07f3f281aa4fa9,low,no,bill_reference_only_no_disposition_or_target_signal,117-hr-1652,117-27,Crime and Law Enforcement,N000002,0,1,1,567b59fe-19c5-486f-985f-7c11e207a65c,2021,1st Quarter (Jan 1 - Mar 31),YWCA USA,WEST FRONT STRATEGIES LLC,Family issues/Abortion/Adoption,HR 1652,exact_bill_text_bill_list_or_title_only,bill_reference_without_disposition_signal,none_detected,none_detected,none_detected,house_and_senate_entities_disclosed,not_detected_in_activity_text,chamber_entity_context_only_no_specific_target_detected,"Violence Against Women Act reauthorization; VOCA Fix to Sustain the Crime Victims Fund Act of 2021, S. 611 and HR 1652.",Keep as bill-reference context unless later target/outcome review needs it.,official_lda_filing_text_bill_identifier; official_lda_activity_text_source_review; deterministic_activity_text_position_signal; disposition_target_review_queue; congressgov_bill_action_metadata_context,manual_disposition_confirmation; sponsor_or_member_target; committee_action_influence; roll_call_influence; legislative_outcome_causality; public_benefit_or_welfare_validation; causal_capture_validation; model_validation,https://lda.gov/filings/public/filing/567b59fe-19c5-486f-985f-7c11e207a65c/print/; https://lda.gov/api/v1/filings/567b59fe-19c5-486f-985f-7c11e207a65c/; https://www.congress.gov/bill/117th-congress/hr-bill/1652; https://api.congress.gov/v3/bill/117/hr/1652,"LDA disposition/target source-review queue only; deterministic text signals and possible target references are not manual disposition confirmation, sponsor/member targeting evidence, committee-action influence, roll-call influence, legislative-outcome causality, public benefit, welfare, causal capture, or model validation."
167,f0fd6f88588fdb23,low,no,bill_reference_only_no_disposition_or_target_signal,117-hr-1652,117-27,Crime and Law Enforcement,N000002,0,1,1,c256246b-932a-413c-b718-e4ed2d323578,2021,2nd Quarter (Apr 1 - June 30),ALLIANCE FOR SAFETY AND JUSTICE,WEST FRONT STRATEGIES LLC,Law Enforcement/Crime/Criminal Justice,HR 1652,exact_bill_text_bill_list_or_title_only,bill_reference_without_disposition_signal,none_detected,none_detected,none_detected,house_and_senate_entities_disclosed,not_detected_in_activity_text,chamber_entity_context_only_no_specific_target_detected,"VOCA Fix to Sustain the Crime Victims Fund Act of 2021, S. 611 and HR 1652; Prohibiting Punishment of Acquitted Conduct Act of 2021, S. 601.",Keep as bill-reference context unless later target/outcome review needs it.,official_lda_filing_text_bill_identifier; official_lda_activity_text_source_review; deterministic_activity_text_position_signal; disposition_target_review_queue; congressgov_bill_action_metadata_context,manual_disposition_confirmation; sponsor_or_member_target; committee_action_influence; roll_call_influence; legislative_outcome_causality; public_benefit_or_welfare_validation; causal_capture_validation; model_validation,https://lda.gov/filings/public/filing/c256246b-932a-413c-b718-e4ed2d323578/print/; https://lda.gov/api/v1/filings/c256246b-932a-413c-b718-e4ed2d323578/; https://www.congress.gov/bill/117th-congress/hr-bill/1652; https://api.congress.gov/v3/bill/117/hr/1652,"LDA disposition/target source-review queue only; deterministic text signals and possible target references are not manual disposition confirmation, sponsor/member targeting evidence, committee-action influence, roll-call influence, legislative-outcome causality, public benefit, welfare, causal capture, or model validation."
168,ee890120a5208f61,low,no,bill_reference_only_no_disposition_or_target_signal,117-hr-1652,117-27,Crime and Law Enforcement,N000002,0,1,1,2491a608-15fe-4a4c-ab51-696e65a9a974,2021,2nd Quarter (Apr 1 - June 30),GENERAL FEDERATION OF WOMEN'S CLUBS,"UNIFIED SOLUTIONS, LLC",Law Enforcement/Crime/Criminal Justice,HR 1652,exact_bill_text_bill_list_or_title_only,bill_reference_without_disposition_signal,none_detected,none_detected,none_detected,house_and_senate_entities_disclosed,not_detected_in_activity_text,chamber_entity_context_only_no_specific_target_detected,"Violence Against Women Act, HR 1620; VOCA Fix, HR 1652; Equal Rights Amendment, H J Res. 17; Child Abuse Prevention and Treatment Act, HR 485",Keep as bill-reference context unless later target/outcome review needs it.,official_lda_filing_text_bill_identifier; official_lda_activity_text_source_review; deterministic_activity_text_position_signal; disposition_target_review_queue; congressgov_bill_action_metadata_context,manual_disposition_confirmation; sponsor_or_member_target; committee_action_influence; roll_call_influence; legislative_outcome_causality; public_benefit_or_welfare_validation; causal_capture_validation; model_validation,https://lda.gov/filings/public/filing/2491a608-15fe-4a4c-ab51-696e65a9a974/print/; https://lda.gov/api/v1/filings/2491a608-15fe-4a4c-ab51-696e65a9a974/; https://www.congress.gov/bill/117th-congress/hr-bill/1652; https://api.congress.gov/v3/bill/117/hr/1652,"LDA disposition/target source-review queue only; deterministic text signals and possible target references are not manual disposition confirmation, sponsor/member targeting evidence, committee-action influence, roll-call influence, legislative-outcome causality, public benefit, welfare, causal capture, or model validation."
169,de5787a1dc36e042,low,no,bill_reference_only_no_disposition_or_target_signal,117-hr-1652,117-27,Crime and Law Enforcement,N000002,0,1,1,5ad13bdb-60d0-4530-914d-a94cc4a65000,2021,2nd Quarter (Apr 1 - June 30),YWCA USA,WEST FRONT STRATEGIES LLC,Family issues/Abortion/Adoption,HR 1652,exact_bill_text_bill_list_or_title_only,bill_reference_without_disposition_signal,none_detected,none_detected,none_detected,house_and_senate_entities_disclosed,not_detected_in_activity_text,chamber_entity_context_only_no_specific_target_detected,"Violence Against Women Act reauthorization; VOCA Fix to Sustain the Crime Victims Fund Act of 2021, S. 611 and HR 1652; Family Violence and Prevention Services Improvement Act, S. 1275 and HR 2119.",Keep as bill-reference context unless later target/outcome review needs it.,official_lda_filing_text_bill_identifier; official_lda_activity_text_source_review; deterministic_activity_text_position_signal; disposition_target_review_queue; congressgov_bill_action_metadata_context,manual_disposition_confirmation; sponsor_or_member_target; committee_action_influence; roll_call_influence; legislative_outcome_causality; public_benefit_or_welfare_validation; causal_capture_validation; model_validation,https://lda.gov/filings/public/filing/5ad13bdb-60d0-4530-914d-a94cc4a65000/print/; https://lda.gov/api/v1/filings/5ad13bdb-60d0-4530-914d-a94cc4a65000/; https://www.congress.gov/bill/117th-congress/hr-bill/1652; https://api.congress.gov/v3/bill/117/hr/1652,"LDA disposition/target source-review queue only; deterministic text signals and possible target references are not manual disposition confirmation, sponsor/member targeting evidence, committee-action influence, roll-call influence, legislative-outcome causality, public benefit, welfare, causal capture, or model validation."
170,101751ffbb70be76,low,no,bill_reference_only_no_disposition_or_target_signal,117-hr-1652,117-27,Crime and Law Enforcement,N000002,0,1,1,4fe72bef-fb70-4005-a2a2-8d98202d722e,2021,3rd Quarter (July 1 - Sep 30),ALLIANCE FOR SAFETY AND JUSTICE,WEST FRONT STRATEGIES LLC,Law Enforcement/Crime/Criminal Justice,HR 1652,exact_bill_text_bill_list_or_title_only,bill_reference_without_disposition_signal,none_detected,none_detected,none_detected,house_and_senate_entities_disclosed,not_detected_in_activity_text,chamber_entity_context_only_no_specific_target_detected,"VOCA Fix to Sustain the Crime Victims Fund Act of 2021, S. 611 and HR 1652.",Keep as bill-reference context unless later target/outcome review needs it.,official_lda_filing_text_bill_identifier; official_lda_activity_text_source_review; deterministic_activity_text_position_signal; disposition_target_review_queue; congressgov_bill_action_metadata_context,manual_disposition_confirmation; sponsor_or_member_target; committee_action_influence; roll_call_influence; legislative_outcome_causality; public_benefit_or_welfare_validation; causal_capture_validation; model_validation,https://lda.gov/filings/public/filing/4fe72bef-fb70-4005-a2a2-8d98202d722e/print/; https://lda.gov/api/v1/filings/4fe72bef-fb70-4005-a2a2-8d98202d722e/; https://www.congress.gov/bill/117th-congress/hr-bill/1652; https://api.congress.gov/v3/bill/117/hr/1652,"LDA disposition/target source-review queue only; deterministic text signals and possible target references are not manual disposition confirmation, sponsor/member targeting evidence, committee-action influence, roll-call influence, legislative-outcome causality, public benefit, welfare, causal capture, or model validation."
171,7aab1149977fc230,low,no,bill_reference_only_no_disposition_or_target_signal,117-hr-1652,117-27,Crime and Law Enforcement,N000002,0,1,1,1d4861b8-73ef-42ba-ae82-5967a5fc2d44,2021,3rd Quarter (July 1 - Sep 30),GENERAL FEDERATION OF WOMEN'S CLUBS,"UNIFIED SOLUTIONS, LLC",Law Enforcement/Crime/Criminal Justice,HR 1652,exact_bill_text_bill_list_or_title_only,bill_reference_without_disposition_signal,none_detected,none_detected,none_detected,house_and_senate_entities_disclosed,not_detected_in_activity_text,chamber_entity_context_only_no_specific_target_detected,"Violence Against Women Act, HR 1620; VOCA Fix, HR 1652; Equal Rights Amendment, H J Res. 17; Child Abuse Prevention and Treatment Act, HR 485",Keep as bill-reference context unless later target/outcome review needs it.,official_lda_filing_text_bill_identifier; official_lda_activity_text_source_review; deterministic_activity_text_position_signal; disposition_target_review_queue; congressgov_bill_action_metadata_context,manual_disposition_confirmation; sponsor_or_member_target; committee_action_influence; roll_call_influence; legislative_outcome_causality; public_benefit_or_welfare_validation; causal_capture_validation; model_validation,https://lda.gov/filings/public/filing/1d4861b8-73ef-42ba-ae82-5967a5fc2d44/print/; https://lda.gov/api/v1/filings/1d4861b8-73ef-42ba-ae82-5967a5fc2d44/; https://www.congress.gov/bill/117th-congress/hr-bill/1652; https://api.congress.gov/v3/bill/117/hr/1652,"LDA disposition/target source-review queue only; deterministic text signals and possible target references are not manual disposition confirmation, sponsor/member targeting evidence, committee-action influence, roll-call influence, legislative-outcome causality, public benefit, welfare, causal capture, or model validation."
172,06958f84ca086280,low,no,bill_reference_only_no_disposition_or_target_signal,117-hr-1652,117-27,Crime and Law Enforcement,N000002,0,1,1,14bdf609-d28f-469e-9b89-51ed38daa230,2021,3rd Quarter (July 1 - Sep 30),YWCA USA,WEST FRONT STRATEGIES LLC,Family issues/Abortion/Adoption,HR 1652,exact_bill_text_bill_list_or_title_only,bill_reference_without_disposition_signal,none_detected,none_detected,none_detected,house_and_senate_entities_disclosed,not_detected_in_activity_text,chamber_entity_context_only_no_specific_target_detected,"Violence Against Women Act reauthorization; VOCA Fix to Sustain the Crime Victims Fund Act of 2021, S. 611 and HR 1652; Family Violence and Prevention Services Improvement Act, S. 1275 and HR 2119.",Keep as bill-reference context unless later target/outcome review needs it.,official_lda_filing_text_bill_identifier; official_lda_activity_text_source_review; deterministic_activity_text_position_signal; disposition_target_review_queue; congressgov_bill_action_metadata_context,manual_disposition_confirmation; sponsor_or_member_target; committee_action_influence; roll_call_influence; legislative_outcome_causality; public_benefit_or_welfare_validation; causal_capture_validation; model_validation,https://lda.gov/filings/public/filing/14bdf609-d28f-469e-9b89-51ed38daa230/print/; https://lda.gov/api/v1/filings/14bdf609-d28f-469e-9b89-51ed38daa230/; https://www.congress.gov/bill/117th-congress/hr-bill/1652; https://api.congress.gov/v3/bill/117/hr/1652,"LDA disposition/target source-review queue only; deterministic text signals and possible target references are not manual disposition confirmation, sponsor/member targeting evidence, committee-action influence, roll-call influence, legislative-outcome causality, public benefit, welfare, causal capture, or model validation."
173,75598ef712e355e0,low,no,bill_reference_only_no_disposition_or_target_signal,117-hr-1652,117-27,Crime and Law Enforcement,N000002,0,1,1,e74834e6-c11d-4c83-b515-99897c0ff2e0,2021,4th Quarter (Oct 1 - Dec 31),ALLIANCE FOR SAFETY AND JUSTICE,WEST FRONT STRATEGIES LLC,Law Enforcement/Crime/Criminal Justice,HR 1652,exact_bill_text_bill_list_or_title_only,bill_reference_without_disposition_signal,none_detected,none_detected,none_detected,house_and_senate_entities_disclosed,not_detected_in_activity_text,chamber_entity_context_only_no_specific_target_detected,"VOCA Fix to Sustain the Crime Victims Fund Act of 2021, S. 611 and HR 1652.",Keep as bill-reference context unless later target/outcome review needs it.,official_lda_filing_text_bill_identifier; official_lda_activity_text_source_review; deterministic_activity_text_position_signal; disposition_target_review_queue; congressgov_bill_action_metadata_context,manual_disposition_confirmation; sponsor_or_member_target; committee_action_influence; roll_call_influence; legislative_outcome_causality; public_benefit_or_welfare_validation; causal_capture_validation; model_validation,https://lda.gov/filings/public/filing/e74834e6-c11d-4c83-b515-99897c0ff2e0/print/; https://lda.gov/api/v1/filings/e74834e6-c11d-4c83-b515-99897c0ff2e0/; https://www.congress.gov/bill/117th-congress/hr-bill/1652; https://api.congress.gov/v3/bill/117/hr/1652,"LDA disposition/target source-review queue only; deterministic text signals and possible target references are not manual disposition confirmation, sponsor/member targeting evidence, committee-action influence, roll-call influence, legislative-outcome causality, public benefit, welfare, causal capture, or model validation."
174,978b5602b61d34ee,low,no,bill_reference_only_no_disposition_or_target_signal,117-hr-1652,117-27,Crime and Law Enforcement,N000002,0,1,1,004137d8-e80d-46d1-9d6d-a4b1d952c709,2021,4th Quarter (Oct 1 - Dec 31),GENERAL FEDERATION OF WOMEN'S CLUBS,"UNIFIED SOLUTIONS, LLC",Law Enforcement/Crime/Criminal Justice,HR 1652,exact_bill_text_bill_list_or_title_only,bill_reference_without_disposition_signal,none_detected,none_detected,none_detected,house_and_senate_entities_disclosed,not_detected_in_activity_text,chamber_entity_context_only_no_specific_target_detected,"Violence Against Women Act, HR 1620; VOCA Fix, HR 1652; Equal Rights Amendment, H J Res. 17; Child Abuse Prevention and Treatment Act, HR 485",Keep as bill-reference context unless later target/outcome review needs it.,official_lda_filing_text_bill_identifier; official_lda_activity_text_source_review; deterministic_activity_text_position_signal; disposition_target_review_queue; congressgov_bill_action_metadata_context,manual_disposition_confirmation; sponsor_or_member_target; committee_action_influence; roll_call_influence; legislative_outcome_causality; public_benefit_or_welfare_validation; causal_capture_validation; model_validation,https://lda.gov/filings/public/filing/004137d8-e80d-46d1-9d6d-a4b1d952c709/print/; https://lda.gov/api/v1/filings/004137d8-e80d-46d1-9d6d-a4b1d952c709/; https://www.congress.gov/bill/117th-congress/hr-bill/1652; https://api.congress.gov/v3/bill/117/hr/1652,"LDA disposition/target source-review queue only; deterministic text signals and possible target references are not manual disposition confirmation, sponsor/member targeting evidence, committee-action influence, roll-call influence, legislative-outcome causality, public benefit, welfare, causal capture, or model validation."
175,37828af90469c474,low,no,bill_reference_only_no_disposition_or_target_signal,117-hr-1652,117-27,Crime and Law Enforcement,N000002,0,1,1,58521dde-1f50-4aee-8e52-2cdb33bf2521,2021,4th Quarter (Oct 1 - Dec 31),YWCA USA,WEST FRONT STRATEGIES LLC,Family issues/Abortion/Adoption,HR 1652,exact_bill_text_bill_list_or_title_only,bill_reference_without_disposition_signal,none_detected,none_detected,none_detected,house_and_senate_entities_disclosed,not_detected_in_activity_text,chamber_entity_context_only_no_specific_target_detected,"Violence Against Women Act reauthorization; VOCA Fix to Sustain the Crime Victims Fund Act of 2021, S. 611 and HR 1652; Family Violence and Prevention Services Improvement Act, S. 1275 and HR 2119.",Keep as bill-reference context unless later target/outcome review needs it.,official_lda_filing_text_bill_identifier; official_lda_activity_text_source_review; deterministic_activity_text_position_signal; disposition_target_review_queue; congressgov_bill_action_metadata_context,manual_disposition_confirmation; sponsor_or_member_target; committee_action_influence; roll_call_influence; legislative_outcome_causality; public_benefit_or_welfare_validation; causal_capture_validation; model_validation,https://lda.gov/filings/public/filing/58521dde-1f50-4aee-8e52-2cdb33bf2521/print/; https://lda.gov/api/v1/filings/58521dde-1f50-4aee-8e52-2cdb33bf2521/; https://www.congress.gov/bill/117th-congress/hr-bill/1652; https://api.congress.gov/v3/bill/117/hr/1652,"LDA disposition/target source-review queue only; deterministic text signals and possible target references are not manual disposition confirmation, sponsor/member targeting evidence, committee-action influence, roll-call influence, legislative-outcome causality, public benefit, welfare, causal capture, or model validation."
176,a27e988272113fe8,low,no,bill_reference_only_no_disposition_or_target_signal,117-hr-3113,117-114,Public Lands and Natural Resources,M001213,1,1,1,7ed25f04-e971-4d72-8963-c18ad3982e6c,2021,2nd Quarter (Apr 1 - June 30),AMERICAN FLY FISHING TRADE ASSOCIATION,HIGH STREET STRATEGIES LLC,Real Estate/Land Use/Conservation,HR 3113,exact_bill_text_bill_list_or_title_only,bill_reference_without_disposition_signal,none_detected,none_detected,none_detected,house_and_senate_entities_disclosed,not_detected_in_activity_text,chamber_entity_context_only_no_specific_target_detected,HR 3113 - MAPLand Act HR 3670 - SOAR Act HR 3527 - Recreation Not Red Tape Act S. 1248 - Outdoor Restoration Partnership Act,Keep as bill-reference context unless later target/outcome review needs it.,official_lda_filing_text_bill_identifier; official_lda_activity_text_source_review; deterministic_activity_text_position_signal; disposition_target_review_queue; congressgov_bill_action_metadata_context,manual_disposition_confirmation; sponsor_or_member_target; committee_action_influence; roll_call_influence; legislative_outcome_causality; public_benefit_or_welfare_validation; causal_capture_validation; model_validation,https://lda.gov/filings/public/filing/7ed25f04-e971-4d72-8963-c18ad3982e6c/print/; https://lda.gov/api/v1/filings/7ed25f04-e971-4d72-8963-c18ad3982e6c/; https://www.congress.gov/bill/117th-congress/hr-bill/3113; https://api.congress.gov/v3/bill/117/hr/3113,"LDA disposition/target source-review queue only; deterministic text signals and possible target references are not manual disposition confirmation, sponsor/member targeting evidence, committee-action influence, roll-call influence, legislative-outcome causality, public benefit, welfare, causal capture, or model validation."
177,bf43a122fb493b09,low,no,bill_reference_only_no_disposition_or_target_signal,117-hr-3113,117-114,Public Lands and Natural Resources,M001213,1,1,1,201e7b37-1233-4baa-b831-7948278b0564,2021,3rd Quarter (July 1 - Sep 30),AMERICAN FLY FISHING TRADE ASSOCIATION,HIGH STREET STRATEGIES LLC,Real Estate/Land Use/Conservation,HR 3113,exact_bill_text_bill_list_or_title_only,bill_reference_without_disposition_signal,none_detected,none_detected,none_detected,house_and_senate_entities_disclosed,not_detected_in_activity_text,chamber_entity_context_only_no_specific_target_detected,HR 3113 - MAPLand Act HR 3670 - SOAR Act HR 3527 - Recreation Not Red Tape Act S. 1248 - Outdoor Restoration Partnership Act,Keep as bill-reference context unless later target/outcome review needs it.,official_lda_filing_text_bill_identifier; official_lda_activity_text_source_review; deterministic_activity_text_position_signal; disposition_target_review_queue; congressgov_bill_action_metadata_context,manual_disposition_confirmation; sponsor_or_member_target; committee_action_influence; roll_call_influence; legislative_outcome_causality; public_benefit_or_welfare_validation; causal_capture_validation; model_validation,https://lda.gov/filings/public/filing/201e7b37-1233-4baa-b831-7948278b0564/print/; https://lda.gov/api/v1/filings/201e7b37-1233-4baa-b831-7948278b0564/; https://www.congress.gov/bill/117th-congress/hr-bill/3113; https://api.congress.gov/v3/bill/117/hr/3113,"LDA disposition/target source-review queue only; deterministic text signals and possible target references are not manual disposition confirmation, sponsor/member targeting evidence, committee-action influence, roll-call influence, legislative-outcome causality, public benefit, welfare, causal capture, or model validation."
178,03cf0a6ba587585f,low,no,bill_reference_only_no_disposition_or_target_signal,117-hr-3113,117-114,Public Lands and Natural Resources,M001213,1,1,1,38b38179-94d3-4428-9cf8-db031c7bc384,2021,4th Quarter (Oct 1 - Dec 31),AMERICAN FLY FISHING TRADE ASSOCIATION,HIGH STREET STRATEGIES LLC,Real Estate/Land Use/Conservation,HR 3113,exact_bill_text_bill_list_or_title_only,bill_reference_without_disposition_signal,none_detected,none_detected,none_detected,house_senate_and_agency_entities_disclosed,not_detected_in_activity_text,chamber_entity_context_only_no_specific_target_detected,HR 3113 - MAPLand Act HR 3670 - SOAR Act S. 1248 - Outdoor Restoration Partnership Act,Keep as bill-reference context unless later target/outcome review needs it.,official_lda_filing_text_bill_identifier; official_lda_activity_text_source_review; deterministic_activity_text_position_signal; disposition_target_review_queue; congressgov_bill_action_metadata_context,manual_disposition_confirmation; sponsor_or_member_target; committee_action_influence; roll_call_influence; legislative_outcome_causality; public_benefit_or_welfare_validation; causal_capture_validation; model_validation,https://lda.gov/filings/public/filing/38b38179-94d3-4428-9cf8-db031c7bc384/print/; https://lda.gov/api/v1/filings/38b38179-94d3-4428-9cf8-db031c7bc384/; https://www.congress.gov/bill/117th-congress/hr-bill/3113; https://api.congress.gov/v3/bill/117/hr/3113,"LDA disposition/target source-review queue only; deterministic text signals and possible target references are not manual disposition confirmation, sponsor/member targeting evidence, committee-action influence, roll-call influence, legislative-outcome causality, public benefit, welfare, causal capture, or model validation."
179,26c09a3fc6f79620,low,no,bill_reference_only_no_disposition_or_target_signal,117-hr-3113,117-114,Public Lands and Natural Resources,M001213,1,1,1,c5ec64e2-d327-42d5-b4c2-6198a5f8e2c6,2021,4th Quarter (Oct 1 - Dec 31),KALKOMEY ENTERPRISES,POLSINELLI PC,Environment/Superfund,HR 3113,exact_bill_text_bill_list_or_title_only,bill_reference_without_disposition_signal,none_detected,none_detected,none_detected,house_senate_and_agency_entities_disclosed,not_detected_in_activity_text,chamber_entity_context_only_no_specific_target_detected,"- Issues pertaining to federal conservation programs - HR 3113, S 904:MAPLand Act",Keep as bill-reference context unless later target/outcome review needs it.,official_lda_filing_text_bill_identifier; official_lda_activity_text_source_review; deterministic_activity_text_position_signal; disposition_target_review_queue; congressgov_bill_action_metadata_context,manual_disposition_confirmation; sponsor_or_member_target; committee_action_influence; roll_call_influence; legislative_outcome_causality; public_benefit_or_welfare_validation; causal_capture_validation; model_validation,https://lda.gov/filings/public/filing/c5ec64e2-d327-42d5-b4c2-6198a5f8e2c6/print/; https://lda.gov/api/v1/filings/c5ec64e2-d327-42d5-b4c2-6198a5f8e2c6/; https://www.congress.gov/bill/117th-congress/hr-bill/3113; https://api.congress.gov/v3/bill/117/hr/3113,"LDA disposition/target source-review queue only; deterministic text signals and possible target references are not manual disposition confirmation, sponsor/member targeting evidence, committee-action influence, roll-call influence, legislative-outcome causality, public benefit, welfare, causal capture, or model validation."
180,4d75339a8226b5cf,low,no,bill_reference_only_no_disposition_or_target_signal,117-hr-3113,117-114,Public Lands and Natural Resources,M001213,1,1,1,7d7d97ba-0928-43c1-b9c1-312f7b4c71d5,2022,1st Quarter (Jan 1 - Mar 31),KALKOMEY ENTERPRISES,POLSINELLI PC,Environment/Superfund,HR 3113,exact_bill_text_bill_list_or_title_only,bill_reference_without_disposition_signal,none_detected,none_detected,none_detected,house_senate_and_agency_entities_disclosed,not_detected_in_activity_text,chamber_entity_context_only_no_specific_target_detected,"- Issues pertaining to federal conservation programs - HR 3113, S 904:MAPLand Act",Keep as bill-reference context unless later target/outcome review needs it.,official_lda_filing_text_bill_identifier; official_lda_activity_text_source_review; deterministic_activity_text_position_signal; disposition_target_review_queue; congressgov_bill_action_metadata_context,manual_disposition_confirmation; sponsor_or_member_target; committee_action_influence; roll_call_influence; legislative_outcome_causality; public_benefit_or_welfare_validation; causal_capture_validation; model_validation,https://lda.gov/filings/public/filing/7d7d97ba-0928-43c1-b9c1-312f7b4c71d5/print/; https://lda.gov/api/v1/filings/7d7d97ba-0928-43c1-b9c1-312f7b4c71d5/; https://www.congress.gov/bill/117th-congress/hr-bill/3113; https://api.congress.gov/v3/bill/117/hr/3113,"LDA disposition/target source-review queue only; deterministic text signals and possible target references are not manual disposition confirmation, sponsor/member targeting evidence, committee-action influence, roll-call influence, legislative-outcome causality, public benefit, welfare, causal capture, or model validation."
181,41971f7121fb9966,low,no,bill_reference_only_no_disposition_or_target_signal,117-hr-3113,117-114,Public Lands and Natural Resources,M001213,1,1,1,e33c2e9c-954e-4127-b905-70b9badcdaf1,2022,1st Quarter (Jan 1 - Mar 31),PRIME POLICY GROUP ON BEHALF OF MANAGEMENT ASSOCIATION FOR PRIVATE PHOTOGRAMMETR,PROFECTUS INVESTMENTS LLC,Natural Resources,HR 3113,exact_bill_text_bill_list_or_title_only,bill_reference_without_disposition_signal,none_detected,none_detected,none_detected,house_and_senate_entities_disclosed,not_detected_in_activity_text,chamber_entity_context_only_no_specific_target_detected,"3D Elevation Program, Appropriations, FLOODS Act (S. 558), FLAIR Act (S. 2433), NFIP Reauthorization (S. 3128), MAPLANDS Act (S. 904, HR 3113)",Keep as bill-reference context unless later target/outcome review needs it.,official_lda_filing_text_bill_identifier; official_lda_activity_text_source_review; deterministic_activity_text_position_signal; disposition_target_review_queue; congressgov_bill_action_metadata_context,manual_disposition_confirmation; sponsor_or_member_target; committee_action_influence; roll_call_influence; legislative_outcome_causality; public_benefit_or_welfare_validation; causal_capture_validation; model_validation,https://lda.gov/filings/public/filing/e33c2e9c-954e-4127-b905-70b9badcdaf1/print/; https://lda.gov/api/v1/filings/e33c2e9c-954e-4127-b905-70b9badcdaf1/; https://www.congress.gov/bill/117th-congress/hr-bill/3113; https://api.congress.gov/v3/bill/117/hr/3113,"LDA disposition/target source-review queue only; deterministic text signals and possible target references are not manual disposition confirmation, sponsor/member targeting evidence, committee-action influence, roll-call influence, legislative-outcome causality, public benefit, welfare, causal capture, or model validation."
182,dfc502c325814286,low,no,bill_reference_only_no_disposition_or_target_signal,117-hr-3113,117-114,Public Lands and Natural Resources,M001213,1,1,1,a8d13b46-bf84-4d9a-b025-b44d93c6d51b,2022,2nd Quarter (Apr 1 - June 30),BACKCOUNTRY HUNTERS & ANGLERS,BACKCOUNTRY HUNTERS & ANGLERS,Natural Resources,HR 3113,exact_bill_text_bill_list_or_title_only,bill_reference_without_disposition_signal,none_detected,none_detected,none_detected,house_senate_and_agency_entities_disclosed,not_detected_in_activity_text,chamber_entity_context_only_no_specific_target_detected,"...n Act, HR 1052, S 387; HOUSES Act, S 4062; Landowner Easement Rights Act, HR 7021, S 3989; M.H. Dutch Salmon Greater Gila Wild and Scenic River Act, S 3129; MAPLand Act, HR 3113, S 904; Montana Headwaters Legacy Act, S 2254; Northwest California Wilderness, Recreation, and Working Forests Act, HR 878; Oregon Recreation Enhancement Act, S 1589; P...",Keep as bill-reference context unless later target/outcome review needs it.,official_lda_filing_text_bill_identifier; official_lda_activity_text_source_review; deterministic_activity_text_position_signal; disposition_target_review_queue; congressgov_bill_action_metadata_context,manual_disposition_confirmation; sponsor_or_member_target; committee_action_influence; roll_call_influence; legislative_outcome_causality; public_benefit_or_welfare_validation; causal_capture_validation; model_validation,https://lda.gov/filings/public/filing/a8d13b46-bf84-4d9a-b025-b44d93c6d51b/print/; https://lda.gov/api/v1/filings/a8d13b46-bf84-4d9a-b025-b44d93c6d51b/; https://www.congress.gov/bill/117th-congress/hr-bill/3113; https://api.congress.gov/v3/bill/117/hr/3113,"LDA disposition/target source-review queue only; deterministic text signals and possible target references are not manual disposition confirmation, sponsor/member targeting evidence, committee-action influence, roll-call influence, legislative-outcome causality, public benefit, welfare, causal capture, or model validation."
183,27dcebc4255eef64,low,no,bill_reference_only_no_disposition_or_target_signal,117-hr-3113,117-114,Public Lands and Natural Resources,M001213,1,1,1,da5465c4-d535-4a79-b01e-2305d00ca960,2022,2nd Quarter (Apr 1 - June 30),PRIME POLICY GROUP ON BEHALF OF MANAGEMENT ASSOCIATION FOR PRIVATE PHOTOGRAMMETR,PROFECTUS INVESTMENTS LLC,Natural Resources,HR 3113,exact_bill_text_bill_list_or_title_only,bill_reference_without_disposition_signal,none_detected,none_detected,none_detected,house_and_senate_entities_disclosed,not_detected_in_activity_text,chamber_entity_context_only_no_specific_target_detected,"3D Elevation Program, Appropriations, FLOODS Act (S. 558), FLAIR Act (S. 2433), NFIP Reauthorization (S. 3128), MAPLANDS Act (S. 904, HR 3113)",Keep as bill-reference context unless later target/outcome review needs it.,official_lda_filing_text_bill_identifier; official_lda_activity_text_source_review; deterministic_activity_text_position_signal; disposition_target_review_queue; congressgov_bill_action_metadata_context,manual_disposition_confirmation; sponsor_or_member_target; committee_action_influence; roll_call_influence; legislative_outcome_causality; public_benefit_or_welfare_validation; causal_capture_validation; model_validation,https://lda.gov/filings/public/filing/da5465c4-d535-4a79-b01e-2305d00ca960/print/; https://lda.gov/api/v1/filings/da5465c4-d535-4a79-b01e-2305d00ca960/; https://www.congress.gov/bill/117th-congress/hr-bill/3113; https://api.congress.gov/v3/bill/117/hr/3113,"LDA disposition/target source-review queue only; deterministic text signals and possible target references are not manual disposition confirmation, sponsor/member targeting evidence, committee-action influence, roll-call influence, legislative-outcome causality, public benefit, welfare, causal capture, or model validation."
184,f939f1c103735275,low,no,bill_reference_only_no_disposition_or_target_signal,117-hr-3113,117-114,Public Lands and Natural Resources,M001213,1,1,1,ff8e23b7-bcfd-403d-b469-02ed6d7b8313,2022,3rd Quarter (July 1 - Sep 30),BACKCOUNTRY HUNTERS & ANGLERS,BACKCOUNTRY HUNTERS & ANGLERS,Natural Resources,HR 3113,exact_bill_text_bill_list_or_title_only,bill_reference_without_disposition_signal,none_detected,none_detected,none_detected,house_senate_and_agency_entities_disclosed,not_detected_in_activity_text,chamber_entity_context_only_no_specific_target_detected,"...n Act, HR 1052, S 387; HOUSES Act, S 4062; Landowner Easement Rights Act, HR 7021, S 3989; M.H. Dutch Salmon Greater Gila Wild and Scenic River Act, S 3129; MAPLand Act, HR 3113, S 904; Montana Headwaters Legacy Act, S 2254; Northwest California Wilderness, Recreation, and Working Forests Act, HR 878; Oregon Recreation Enhancement Act, S 1589; P...",Keep as bill-reference context unless later target/outcome review needs it.,official_lda_filing_text_bill_identifier; official_lda_activity_text_source_review; deterministic_activity_text_position_signal; disposition_target_review_queue; congressgov_bill_action_metadata_context,manual_disposition_confirmation; sponsor_or_member_target; committee_action_influence; roll_call_influence; legislative_outcome_causality; public_benefit_or_welfare_validation; causal_capture_validation; model_validation,https://lda.gov/filings/public/filing/ff8e23b7-bcfd-403d-b469-02ed6d7b8313/print/; https://lda.gov/api/v1/filings/ff8e23b7-bcfd-403d-b469-02ed6d7b8313/; https://www.congress.gov/bill/117th-congress/hr-bill/3113; https://api.congress.gov/v3/bill/117/hr/3113,"LDA disposition/target source-review queue only; deterministic text signals and possible target references are not manual disposition confirmation, sponsor/member targeting evidence, committee-action influence, roll-call influence, legislative-outcome causality, public benefit, welfare, causal capture, or model validation."
185,1e8fa67458c8c37b,low,no,bill_reference_only_no_disposition_or_target_signal,117-hr-3113,117-114,Public Lands and Natural Resources,M001213,1,1,1,4ca4969e-a6bd-425f-974e-552f49189d97,2022,3rd Quarter (July 1 - Sep 30),PRIME POLICY GROUP ON BEHALF OF MANAGEMENT ASSOCIATION FOR PRIVATE PHOTOGRAMMETR,PROFECTUS INVESTMENTS LLC,Natural Resources,HR 3113,exact_bill_text_bill_list_or_title_only,bill_reference_without_disposition_signal,none_detected,none_detected,none_detected,house_and_senate_entities_disclosed,not_detected_in_activity_text,chamber_entity_context_only_no_specific_target_detected,"3D Elevation Program, Appropriations, FLOODS Act (S. 558), FLAIR Act (S. 2433), NFIP Reauthorization (S. 3128), MAPLANDS Act (S. 904, HR 3113)",Keep as bill-reference context unless later target/outcome review needs it.,official_lda_filing_text_bill_identifier; official_lda_activity_text_source_review; deterministic_activity_text_position_signal; disposition_target_review_queue; congressgov_bill_action_metadata_context,manual_disposition_confirmation; sponsor_or_member_target; committee_action_influence; roll_call_influence; legislative_outcome_causality; public_benefit_or_welfare_validation; causal_capture_validation; model_validation,https://lda.gov/filings/public/filing/4ca4969e-a6bd-425f-974e-552f49189d97/print/; https://lda.gov/api/v1/filings/4ca4969e-a6bd-425f-974e-552f49189d97/; https://www.congress.gov/bill/117th-congress/hr-bill/3113; https://api.congress.gov/v3/bill/117/hr/3113,"LDA disposition/target source-review queue only; deterministic text signals and possible target references are not manual disposition confirmation, sponsor/member targeting evidence, committee-action influence, roll-call influence, legislative-outcome causality, public benefit, welfare, causal capture, or model validation."
186,3249309820dc2c6b,low,no,bill_reference_only_no_disposition_or_target_signal,117-hr-3113,117-114,Public Lands and Natural Resources,M001213,1,1,1,be55a03d-4c25-458d-8e71-122903b78702,2022,4th Quarter (Oct 1 - Dec 31),BACKCOUNTRY HUNTERS & ANGLERS,BACKCOUNTRY HUNTERS & ANGLERS,Natural Resources,HR 3113,exact_bill_text_bill_list_or_title_only,bill_reference_without_disposition_signal,none_detected,none_detected,none_detected,house_senate_and_agency_entities_disclosed,not_detected_in_activity_text,chamber_entity_context_only_no_specific_target_detected,"...n Act, HR 1052, S 387; HOUSES Act, S 4062; Landowner Easement Rights Act, HR 7021, S 3989; M.H. Dutch Salmon Greater Gila Wild and Scenic River Act, S 3129; MAPLand Act, HR 3113, S 904; Montana Headwaters Legacy Act, S 2254; Northwest California Wilderness, Recreation, and Working Forests Act, HR 878; Oregon Recreation Enhancement Act, S 1589; P...",Keep as bill-reference context unless later target/outcome review needs it.,official_lda_filing_text_bill_identifier; official_lda_activity_text_source_review; deterministic_activity_text_position_signal; disposition_target_review_queue; congressgov_bill_action_metadata_context,manual_disposition_confirmation; sponsor_or_member_target; committee_action_influence; roll_call_influence; legislative_outcome_causality; public_benefit_or_welfare_validation; causal_capture_validation; model_validation,https://lda.gov/filings/public/filing/be55a03d-4c25-458d-8e71-122903b78702/print/; https://lda.gov/api/v1/filings/be55a03d-4c25-458d-8e71-122903b78702/; https://www.congress.gov/bill/117th-congress/hr-bill/3113; https://api.congress.gov/v3/bill/117/hr/3113,"LDA disposition/target source-review queue only; deterministic text signals and possible target references are not manual disposition confirmation, sponsor/member targeting evidence, committee-action influence, roll-call influence, legislative-outcome causality, public benefit, welfare, causal capture, or model validation."
187,8b4ab2ae3eb903d5,low,no,bill_reference_only_no_disposition_or_target_signal,117-hr-3113,117-114,Public Lands and Natural Resources,M001213,1,1,1,c8d341fd-61ae-4a2a-ab22-4d8ee44c7b85,2022,4th Quarter (Oct 1 - Dec 31),PRIME POLICY GROUP ON BEHALF OF MANAGEMENT ASSOCIATION FOR PRIVATE PHOTOGRAMMETR,PROFECTUS INVESTMENTS LLC,Natural Resources,HR 3113,exact_bill_text_bill_list_or_title_only,bill_reference_without_disposition_signal,none_detected,none_detected,none_detected,house_and_senate_entities_disclosed,not_detected_in_activity_text,chamber_entity_context_only_no_specific_target_detected,"3D Elevation Program, Appropriations, FLOODS Act (S. 558), FLAIR Act (S. 2433), NFIP Reauthorization (S. 3128), MAPLANDS Act (S. 904, HR 3113)",Keep as bill-reference context unless later target/outcome review needs it.,official_lda_filing_text_bill_identifier; official_lda_activity_text_source_review; deterministic_activity_text_position_signal; disposition_target_review_queue; congressgov_bill_action_metadata_context,manual_disposition_confirmation; sponsor_or_member_target; committee_action_influence; roll_call_influence; legislative_outcome_causality; public_benefit_or_welfare_validation; causal_capture_validation; model_validation,https://lda.gov/filings/public/filing/c8d341fd-61ae-4a2a-ab22-4d8ee44c7b85/print/; https://lda.gov/api/v1/filings/c8d341fd-61ae-4a2a-ab22-4d8ee44c7b85/; https://www.congress.gov/bill/117th-congress/hr-bill/3113; https://api.congress.gov/v3/bill/117/hr/3113,"LDA disposition/target source-review queue only; deterministic text signals and possible target references are not manual disposition confirmation, sponsor/member targeting evidence, committee-action influence, roll-call influence, legislative-outcome causality, public benefit, welfare, causal capture, or model validation."
188,0fde7548d0e987f9,low,no,bill_reference_only_no_disposition_or_target_signal,117-hr-4346,117-167,"Science, Technology, Communications",R000577,1,1,1,fecde5e0-ca1c-4b30-985c-852de9245ffd,2021,2nd Quarter (Apr 1 - June 30),SIXTEEN THIRTY FUND,SIXTEEN THIRTY FUND,Budget/Appropriations,HR 4346,exact_bill_text_bill_list_or_title_only,bill_reference_without_disposition_signal,none_detected,none_detected,none_detected,house_and_senate_entities_disclosed,not_detected_in_activity_text,chamber_entity_context_only_no_specific_target_detected,"- House and Senate Legislative Branch Appropriations Bill, FY 2022 (HR 4346), Pro-transparency provisions & strengthening congress - House and Senate CJS Appropriations Bill, FY 2022 (unnamed), Public access to OLC opinions, FARA Reform - House...",Keep as bill-reference context unless later target/outcome review needs it.,official_lda_filing_text_bill_identifier; official_lda_activity_text_source_review; deterministic_activity_text_position_signal; disposition_target_review_queue; congressgov_bill_action_metadata_context,manual_disposition_confirmation; sponsor_or_member_target; committee_action_influence; roll_call_influence; legislative_outcome_causality; public_benefit_or_welfare_validation; causal_capture_validation; model_validation,https://lda.gov/filings/public/filing/fecde5e0-ca1c-4b30-985c-852de9245ffd/print/; https://lda.gov/api/v1/filings/fecde5e0-ca1c-4b30-985c-852de9245ffd/; https://www.congress.gov/bill/117th-congress/hr-bill/4346; https://api.congress.gov/v3/bill/117/hr/4346,"LDA disposition/target source-review queue only; deterministic text signals and possible target references are not manual disposition confirmation, sponsor/member targeting evidence, committee-action influence, roll-call influence, legislative-outcome causality, public benefit, welfare, causal capture, or model validation."
189,b4b5507372d1dbe1,low,no,bill_reference_only_no_disposition_or_target_signal,117-hr-4346,117-167,"Science, Technology, Communications",R000577,1,1,1,696a7a8a-69a3-4a38-b541-04c44293acf0,2021,3rd Quarter (July 1 - Sep 30),DP FACILITIES INC.,TEAM HALLAHAN LLC,Budget/Appropriations,H.R. 4346,exact_bill_text_bill_list_or_title_only,bill_reference_without_disposition_signal,none_detected,none_detected,none_detected,house_and_senate_entities_disclosed,not_detected_in_activity_text,chamber_entity_context_only_no_specific_target_detected,"Government Appropriations and Procurement of enterprise data security and critical facility solutions; H.R. 4346, FY 22 Legislative Branch Appropriations; FY2021 Emergency Security Supplemental Appropriations Act (HR 3237).",Keep as bill-reference context unless later target/outcome review needs it.,official_lda_filing_text_bill_identifier; official_lda_activity_text_source_review; deterministic_activity_text_position_signal; disposition_target_review_queue; congressgov_bill_action_metadata_context,manual_disposition_confirmation; sponsor_or_member_target; committee_action_influence; roll_call_influence; legislative_outcome_causality; public_benefit_or_welfare_validation; causal_capture_validation; model_validation,https://lda.gov/filings/public/filing/696a7a8a-69a3-4a38-b541-04c44293acf0/print/; https://lda.gov/api/v1/filings/696a7a8a-69a3-4a38-b541-04c44293acf0/; https://www.congress.gov/bill/117th-congress/hr-bill/4346; https://api.congress.gov/v3/bill/117/hr/4346,"LDA disposition/target source-review queue only; deterministic text signals and possible target references are not manual disposition confirmation, sponsor/member targeting evidence, committee-action influence, roll-call influence, legislative-outcome causality, public benefit, welfare, causal capture, or model validation."
190,6608895995d58d87,low,no,bill_reference_only_no_disposition_or_target_signal,117-hr-4346,117-167,"Science, Technology, Communications",R000577,1,1,1,163747ac-af27-4876-86c8-4d7c189dd177,2021,3rd Quarter (July 1 - Sep 30),NEW VENTURE FUND,NEW VENTURE FUND,Budget/Appropriations,HR 4346,exact_bill_text_bill_list_or_title_only,bill_reference_without_disposition_signal,none_detected,none_detected,none_detected,house_and_senate_entities_disclosed,not_detected_in_activity_text,chamber_entity_context_only_no_specific_target_detected,"-House and Senate Legislative Branch Appropriations Bill, FY 2022 (HR 4346), Pro-transparency provisions & strengthening Congress -House and Senate CJS Appropriations Bill, FY 2022 (4505), Public access to OLC opinions, FARA Reform -House and S...",Keep as bill-reference context unless later target/outcome review needs it.,official_lda_filing_text_bill_identifier; official_lda_activity_text_source_review; deterministic_activity_text_position_signal; disposition_target_review_queue; congressgov_bill_action_metadata_context,manual_disposition_confirmation; sponsor_or_member_target; committee_action_influence; roll_call_influence; legislative_outcome_causality; public_benefit_or_welfare_validation; causal_capture_validation; model_validation,https://lda.gov/filings/public/filing/163747ac-af27-4876-86c8-4d7c189dd177/print/; https://lda.gov/api/v1/filings/163747ac-af27-4876-86c8-4d7c189dd177/; https://www.congress.gov/bill/117th-congress/hr-bill/4346; https://api.congress.gov/v3/bill/117/hr/4346,"LDA disposition/target source-review queue only; deterministic text signals and possible target references are not manual disposition confirmation, sponsor/member targeting evidence, committee-action influence, roll-call influence, legislative-outcome causality, public benefit, welfare, causal capture, or model validation."
191,2b636d61688e8a9a,low,no,bill_reference_only_no_disposition_or_target_signal,117-hr-4346,117-167,"Science, Technology, Communications",R000577,1,1,1,aed720f3-10f6-426b-bc32-de3e04790ccd,2021,3rd Quarter (July 1 - Sep 30),ROOSEVELT GROUP LLC (ON BEHALF OF R2P INNOVATIONS),TEAM HALLAHAN LLC,Budget/Appropriations,H.R. 4346,exact_bill_text_bill_list_or_title_only,bill_reference_without_disposition_signal,none_detected,none_detected,none_detected,house_and_senate_entities_disclosed,not_detected_in_activity_text,chamber_entity_context_only_no_specific_target_detected,"H.R. 4346, Legislative Branch Appropriations Funding for Armored Door Procurement; FY2021 Emergency Security Supplemental Appropriations Act (HR 3237)",Keep as bill-reference context unless later target/outcome review needs it.,official_lda_filing_text_bill_identifier; official_lda_activity_text_source_review; deterministic_activity_text_position_signal; disposition_target_review_queue; congressgov_bill_action_metadata_context,manual_disposition_confirmation; sponsor_or_member_target; committee_action_influence; roll_call_influence; legislative_outcome_causality; public_benefit_or_welfare_validation; causal_capture_validation; model_validation,https://lda.gov/filings/public/filing/aed720f3-10f6-426b-bc32-de3e04790ccd/print/; https://lda.gov/api/v1/filings/aed720f3-10f6-426b-bc32-de3e04790ccd/; https://www.congress.gov/bill/117th-congress/hr-bill/4346; https://api.congress.gov/v3/bill/117/hr/4346,"LDA disposition/target source-review queue only; deterministic text signals and possible target references are not manual disposition confirmation, sponsor/member targeting evidence, committee-action influence, roll-call influence, legislative-outcome causality, public benefit, welfare, causal capture, or model validation."
192,9749a8719264805b,low,no,bill_reference_only_no_disposition_or_target_signal,117-hr-4346,117-167,"Science, Technology, Communications",R000577,1,1,1,39d56be1-6554-4a94-bbf3-4006312f7fc7,2021,3rd Quarter (July 1 - Sep 30),SIXTEEN THIRTY FUND,SIXTEEN THIRTY FUND,Budget/Appropriations,HR 4346,exact_bill_text_bill_list_or_title_only,bill_reference_without_disposition_signal,none_detected,none_detected,none_detected,house_and_senate_entities_disclosed,not_detected_in_activity_text,chamber_entity_context_only_no_specific_target_detected,"- House and Senate Legislative Branch Appropriations Bill, FY 2022 (HR 4346), Pro-transparency provisions & strengthening congress - House and Senate CJS Appropriations Bill, FY 2022 (HR 4505), Public access to OLC opinions, FARA Reform - House...",Keep as bill-reference context unless later target/outcome review needs it.,official_lda_filing_text_bill_identifier; official_lda_activity_text_source_review; deterministic_activity_text_position_signal; disposition_target_review_queue; congressgov_bill_action_metadata_context,manual_disposition_confirmation; sponsor_or_member_target; committee_action_influence; roll_call_influence; legislative_outcome_causality; public_benefit_or_welfare_validation; causal_capture_validation; model_validation,https://lda.gov/filings/public/filing/39d56be1-6554-4a94-bbf3-4006312f7fc7/print/; https://lda.gov/api/v1/filings/39d56be1-6554-4a94-bbf3-4006312f7fc7/; https://www.congress.gov/bill/117th-congress/hr-bill/4346; https://api.congress.gov/v3/bill/117/hr/4346,"LDA disposition/target source-review queue only; deterministic text signals and possible target references are not manual disposition confirmation, sponsor/member targeting evidence, committee-action influence, roll-call influence, legislative-outcome causality, public benefit, welfare, causal capture, or model validation."
193,1f869556c94e985b,low,no,bill_reference_only_no_disposition_or_target_signal,117-hr-4346,117-167,"Science, Technology, Communications",R000577,1,1,1,b8bb5abb-6c77-4620-a742-b52903b16257,2021,3rd Quarter (July 1 - Sep 30),"TEAM HALLAHAN LLC ON BEHALF OF AMAZON WEB SERVICES, INC.",THE DOERRER GROUP LLC,Budget/Appropriations,HR 4346,exact_bill_text_bill_list_or_title_only,bill_reference_without_disposition_signal,none_detected,none_detected,none_detected,house_and_senate_entities_disclosed,not_detected_in_activity_text,chamber_entity_context_only_no_specific_target_detected,"...ent, and Related Agencies Appropriations Act, 2022 HR 4502, Departments of Labor, Health and Human Services, and Education, and Related Agencies Appropriations Act, 2022 HR 4346, Legislative Branch Appropriations Act, 2022 HR 4355/S 2604, Military Construction, Veterans Affairs, and Related Agencies Appropriations Act, 2022 HR 4550, Transportati...",Keep as bill-reference context unless later target/outcome review needs it.,official_lda_filing_text_bill_identifier; official_lda_activity_text_source_review; deterministic_activity_text_position_signal; disposition_target_review_queue; congressgov_bill_action_metadata_context,manual_disposition_confirmation; sponsor_or_member_target; committee_action_influence; roll_call_influence; legislative_outcome_causality; public_benefit_or_welfare_validation; causal_capture_validation; model_validation,https://lda.gov/filings/public/filing/b8bb5abb-6c77-4620-a742-b52903b16257/print/; https://lda.gov/api/v1/filings/b8bb5abb-6c77-4620-a742-b52903b16257/; https://www.congress.gov/bill/117th-congress/hr-bill/4346; https://api.congress.gov/v3/bill/117/hr/4346,"LDA disposition/target source-review queue only; deterministic text signals and possible target references are not manual disposition confirmation, sponsor/member targeting evidence, committee-action influence, roll-call influence, legislative-outcome causality, public benefit, welfare, causal capture, or model validation."
194,3ce36d4577529890,low,no,bill_reference_only_no_disposition_or_target_signal,117-hr-4346,117-167,"Science, Technology, Communications",R000577,1,1,1,8d62a263-57a2-4eff-806f-aa3b8d910d5a,2021,4th Quarter (Oct 1 - Dec 31),DP FACILITIES INC.,TEAM HALLAHAN LLC,Budget/Appropriations,H.R. 4346,exact_bill_text_bill_list_or_title_only,bill_reference_without_disposition_signal,none_detected,none_detected,none_detected,house_and_senate_entities_disclosed,not_detected_in_activity_text,chamber_entity_context_only_no_specific_target_detected,"Government Appropriations and Procurement of enterprise data security and critical facility solutions; H.R. 4346, FY 22 Legislative Branch Appropriations; FY2021 Emergency Security Supplemental Appropriations Act (HR 3237).",Keep as bill-reference context unless later target/outcome review needs it.,official_lda_filing_text_bill_identifier; official_lda_activity_text_source_review; deterministic_activity_text_position_signal; disposition_target_review_queue; congressgov_bill_action_metadata_context,manual_disposition_confirmation; sponsor_or_member_target; committee_action_influence; roll_call_influence; legislative_outcome_causality; public_benefit_or_welfare_validation; causal_capture_validation; model_validation,https://lda.gov/filings/public/filing/8d62a263-57a2-4eff-806f-aa3b8d910d5a/print/; https://lda.gov/api/v1/filings/8d62a263-57a2-4eff-806f-aa3b8d910d5a/; https://www.congress.gov/bill/117th-congress/hr-bill/4346; https://api.congress.gov/v3/bill/117/hr/4346,"LDA disposition/target source-review queue only; deterministic text signals and possible target references are not manual disposition confirmation, sponsor/member targeting evidence, committee-action influence, roll-call influence, legislative-outcome causality, public benefit, welfare, causal capture, or model validation."
195,51eafe53214abe09,low,no,bill_reference_only_no_disposition_or_target_signal,117-hr-4346,117-167,"Science, Technology, Communications",R000577,1,1,1,b87bf7a7-df9c-4ab2-a405-e8fd37a56453,2021,4th Quarter (Oct 1 - Dec 31),NEW VENTURE FUND,NEW VENTURE FUND,Budget/Appropriations,HR 4346,exact_bill_text_bill_list_or_title_only,bill_reference_without_disposition_signal,none_detected,none_detected,none_detected,house_and_senate_entities_disclosed,not_detected_in_activity_text,chamber_entity_context_only_no_specific_target_detected,"- House and Senate Legislative Branch Appropriations Bill, FY 2022 (HR 4346), Pro-transparency provisions & strengthening congress - House and Senate CJS Appropriations Bill, FY 2022 (HR 4505), Public access to OLC opinions, FARA Reform - House...",Keep as bill-reference context unless later target/outcome review needs it.,official_lda_filing_text_bill_identifier; official_lda_activity_text_source_review; deterministic_activity_text_position_signal; disposition_target_review_queue; congressgov_bill_action_metadata_context,manual_disposition_confirmation; sponsor_or_member_target; committee_action_influence; roll_call_influence; legislative_outcome_causality; public_benefit_or_welfare_validation; causal_capture_validation; model_validation,https://lda.gov/filings/public/filing/b87bf7a7-df9c-4ab2-a405-e8fd37a56453/print/; https://lda.gov/api/v1/filings/b87bf7a7-df9c-4ab2-a405-e8fd37a56453/; https://www.congress.gov/bill/117th-congress/hr-bill/4346; https://api.congress.gov/v3/bill/117/hr/4346,"LDA disposition/target source-review queue only; deterministic text signals and possible target references are not manual disposition confirmation, sponsor/member targeting evidence, committee-action influence, roll-call influence, legislative-outcome causality, public benefit, welfare, causal capture, or model validation."
196,ee4fd9c736cc0453,low,no,bill_reference_only_no_disposition_or_target_signal,117-hr-4346,117-167,"Science, Technology, Communications",R000577,1,1,1,19cbb3fc-b019-480d-bec6-40ed256110da,2021,4th Quarter (Oct 1 - Dec 31),ROOSEVELT GROUP LLC (ON BEHALF OF R2P INNOVATIONS),TEAM HALLAHAN LLC,Budget/Appropriations,H.R. 4346,exact_bill_text_bill_list_or_title_only,bill_reference_without_disposition_signal,none_detected,none_detected,none_detected,house_and_senate_entities_disclosed,not_detected_in_activity_text,chamber_entity_context_only_no_specific_target_detected,"H.R. 4346, Legislative Branch Appropriations Funding for Armored Door Procurement; FY2021 Emergency Security Supplemental Appropriations Act (HR 3237)",Keep as bill-reference context unless later target/outcome review needs it.,official_lda_filing_text_bill_identifier; official_lda_activity_text_source_review; deterministic_activity_text_position_signal; disposition_target_review_queue; congressgov_bill_action_metadata_context,manual_disposition_confirmation; sponsor_or_member_target; committee_action_influence; roll_call_influence; legislative_outcome_causality; public_benefit_or_welfare_validation; causal_capture_validation; model_validation,https://lda.gov/filings/public/filing/19cbb3fc-b019-480d-bec6-40ed256110da/print/; https://lda.gov/api/v1/filings/19cbb3fc-b019-480d-bec6-40ed256110da/; https://www.congress.gov/bill/117th-congress/hr-bill/4346; https://api.congress.gov/v3/bill/117/hr/4346,"LDA disposition/target source-review queue only; deterministic text signals and possible target references are not manual disposition confirmation, sponsor/member targeting evidence, committee-action influence, roll-call influence, legislative-outcome causality, public benefit, welfare, causal capture, or model validation."
197,43b3f8bfb5843d77,low,no,bill_reference_only_no_disposition_or_target_signal,117-hr-4346,117-167,"Science, Technology, Communications",R000577,1,1,1,009f6c86-25be-4823-bace-695013bad790,2021,4th Quarter (Oct 1 - Dec 31),SIXTEEN THIRTY FUND,SIXTEEN THIRTY FUND,Budget/Appropriations,HR 4346,exact_bill_text_bill_list_or_title_only,bill_reference_without_disposition_signal,none_detected,none_detected,none_detected,house_and_senate_entities_disclosed,not_detected_in_activity_text,chamber_entity_context_only_no_specific_target_detected,"- House and Senate Legislative Branch Appropriations Bill, FY 2022 (HR 4346), Pro-transparency provisions & strengthening congress - House and Senate CJS Appropriations Bill, FY 2022 (HR 4505), Public access to OLC opinions, FARA Reform - House...",Keep as bill-reference context unless later target/outcome review needs it.,official_lda_filing_text_bill_identifier; official_lda_activity_text_source_review; deterministic_activity_text_position_signal; disposition_target_review_queue; congressgov_bill_action_metadata_context,manual_disposition_confirmation; sponsor_or_member_target; committee_action_influence; roll_call_influence; legislative_outcome_causality; public_benefit_or_welfare_validation; causal_capture_validation; model_validation,https://lda.gov/filings/public/filing/009f6c86-25be-4823-bace-695013bad790/print/; https://lda.gov/api/v1/filings/009f6c86-25be-4823-bace-695013bad790/; https://www.congress.gov/bill/117th-congress/hr-bill/4346; https://api.congress.gov/v3/bill/117/hr/4346,"LDA disposition/target source-review queue only; deterministic text signals and possible target references are not manual disposition confirmation, sponsor/member targeting evidence, committee-action influence, roll-call influence, legislative-outcome causality, public benefit, welfare, causal capture, or model validation."
198,cc21fac6c5a48e47,low,no,bill_reference_only_no_disposition_or_target_signal,117-hr-4346,117-167,"Science, Technology, Communications",R000577,1,1,1,1b52df7b-b68f-4f5c-af0d-ddd95f2a350e,2021,4th Quarter (Oct 1 - Dec 31),"TEAM HALLAHAN LLC ON BEHALF OF AMAZON WEB SERVICES, INC.",THE DOERRER GROUP LLC,Budget/Appropriations,HR 4346,exact_bill_text_bill_list_or_title_only,bill_reference_without_disposition_signal,none_detected,none_detected,none_detected,house_and_senate_entities_disclosed,not_detected_in_activity_text,chamber_entity_context_only_no_specific_target_detected,"...ent, and Related Agencies Appropriations Act, 2022 HR 4502, Departments of Labor, Health and Human Services, and Education, and Related Agencies Appropriations Act, 2022 HR 4346, Legislative Branch Appropriations Act, 2022 HR 4355/S 2604, Military Construction, Veterans Affairs, and Related Agencies Appropriations Act, 2022 HR 4550, Transportati...",Keep as bill-reference context unless later target/outcome review needs it.,official_lda_filing_text_bill_identifier; official_lda_activity_text_source_review; deterministic_activity_text_position_signal; disposition_target_review_queue; congressgov_bill_action_metadata_context,manual_disposition_confirmation; sponsor_or_member_target; committee_action_influence; roll_call_influence; legislative_outcome_causality; public_benefit_or_welfare_validation; causal_capture_validation; model_validation,https://lda.gov/filings/public/filing/1b52df7b-b68f-4f5c-af0d-ddd95f2a350e/print/; https://lda.gov/api/v1/filings/1b52df7b-b68f-4f5c-af0d-ddd95f2a350e/; https://www.congress.gov/bill/117th-congress/hr-bill/4346; https://api.congress.gov/v3/bill/117/hr/4346,"LDA disposition/target source-review queue only; deterministic text signals and possible target references are not manual disposition confirmation, sponsor/member targeting evidence, committee-action influence, roll-call influence, legislative-outcome causality, public benefit, welfare, causal capture, or model validation."
199,190fd0cf347a0bd6,low,no,bill_reference_only_no_disposition_or_target_signal,117-hr-4346,117-167,"Science, Technology, Communications",R000577,1,1,1,20e5a826-c008-4acc-9671-68581135068e,2022,1st Quarter (Jan 1 - Mar 31),CMS ENERGY CORP,CMS ENERGY CORP,Budget/Appropriations,H.R. 4346,exact_bill_text_bill_list_or_title_only,bill_reference_without_disposition_signal,none_detected,none_detected,none_detected,house_and_senate_entities_disclosed,not_detected_in_activity_text,chamber_entity_context_only_no_specific_target_detected,"...riations Act, 2022; H.R. 4345, FY2022 Commerce, Justice & Science Bill; H.R. 4373, Department of State, Foreign Operations, and Related Programs Appropriation Act, 2022; H.R. 4346, Legislative Branch Appropriations Act, 2022; H.R. 4355, Military Construction, Veterans Affairs, and Related Agencies Appropriations Act, 2022; H.R. 4373, Department of...",Keep as bill-reference context unless later target/outcome review needs it.,official_lda_filing_text_bill_identifier; official_lda_activity_text_source_review; deterministic_activity_text_position_signal; disposition_target_review_queue; congressgov_bill_action_metadata_context,manual_disposition_confirmation; sponsor_or_member_target; committee_action_influence; roll_call_influence; legislative_outcome_causality; public_benefit_or_welfare_validation; causal_capture_validation; model_validation,https://lda.gov/filings/public/filing/20e5a826-c008-4acc-9671-68581135068e/print/; https://lda.gov/api/v1/filings/20e5a826-c008-4acc-9671-68581135068e/; https://www.congress.gov/bill/117th-congress/hr-bill/4346; https://api.congress.gov/v3/bill/117/hr/4346,"LDA disposition/target source-review queue only; deterministic text signals and possible target references are not manual disposition confirmation, sponsor/member targeting evidence, committee-action influence, roll-call influence, legislative-outcome causality, public benefit, welfare, causal capture, or model validation."
200,1e4ba375735f2ef6,low,no,bill_reference_only_no_disposition_or_target_signal,117-hr-4346,117-167,"Science, Technology, Communications",R000577,1,1,1,5a635e91-b03b-40d4-8a03-638dda8c9d9b,2022,1st Quarter (Jan 1 - Mar 31),DP FACILITIES INC.,TEAM HALLAHAN LLC,Budget/Appropriations,H.R. 4346,exact_bill_text_bill_list_or_title_only,bill_reference_without_disposition_signal,none_detected,none_detected,none_detected,house_and_senate_entities_disclosed,not_detected_in_activity_text,chamber_entity_context_only_no_specific_target_detected,"Government Appropriations and Procurement of enterprise data security and critical facility solutions; H.R. 4346, FY 22 Legislative Branch Appropriations; FY2021 Emergency Security Supplemental Appropriations Act (HR 3237).",Keep as bill-reference context unless later target/outcome review needs it.,official_lda_filing_text_bill_identifier; official_lda_activity_text_source_review; deterministic_activity_text_position_signal; disposition_target_review_queue; congressgov_bill_action_metadata_context,manual_disposition_confirmation; sponsor_or_member_target; committee_action_influence; roll_call_influence; legislative_outcome_causality; public_benefit_or_welfare_validation; causal_capture_validation; model_validation,https://lda.gov/filings/public/filing/5a635e91-b03b-40d4-8a03-638dda8c9d9b/print/; https://lda.gov/api/v1/filings/5a635e91-b03b-40d4-8a03-638dda8c9d9b/; https://www.congress.gov/bill/117th-congress/hr-bill/4346; https://api.congress.gov/v3/bill/117/hr/4346,"LDA disposition/target source-review queue only; deterministic text signals and possible target references are not manual disposition confirmation, sponsor/member targeting evidence, committee-action influence, roll-call influence, legislative-outcome causality, public benefit, welfare, causal capture, or model validation."
201,5417a8590bea2e81,low,no,bill_reference_only_no_disposition_or_target_signal,117-hr-4346,117-167,"Science, Technology, Communications",R000577,1,1,1,af6dfa2b-9236-48d0-84a6-df6e45acc69f,2022,1st Quarter (Jan 1 - Mar 31),NEW VENTURE FUND,NEW VENTURE FUND,Budget/Appropriations,HR 4346,exact_bill_text_bill_list_or_title_only,bill_reference_without_disposition_signal,none_detected,none_detected,none_detected,house_and_senate_entities_disclosed,not_detected_in_activity_text,chamber_entity_context_only_no_specific_target_detected,"- House and Senate Legislative Branch Appropriations Bill, FY 2022 (HR 4346), Pro-transparency provisions & strengthening congress - House and Senate CJS Appropriations Bill, FY 2022 (HR 4505), Public access to OLC opinions, FARA Reform - House...",Keep as bill-reference context unless later target/outcome review needs it.,official_lda_filing_text_bill_identifier; official_lda_activity_text_source_review; deterministic_activity_text_position_signal; disposition_target_review_queue; congressgov_bill_action_metadata_context,manual_disposition_confirmation; sponsor_or_member_target; committee_action_influence; roll_call_influence; legislative_outcome_causality; public_benefit_or_welfare_validation; causal_capture_validation; model_validation,https://lda.gov/filings/public/filing/af6dfa2b-9236-48d0-84a6-df6e45acc69f/print/; https://lda.gov/api/v1/filings/af6dfa2b-9236-48d0-84a6-df6e45acc69f/; https://www.congress.gov/bill/117th-congress/hr-bill/4346; https://api.congress.gov/v3/bill/117/hr/4346,"LDA disposition/target source-review queue only; deterministic text signals and possible target references are not manual disposition confirmation, sponsor/member targeting evidence, committee-action influence, roll-call influence, legislative-outcome causality, public benefit, welfare, causal capture, or model validation."
202,09a9061cddec7d9d,low,no,bill_reference_only_no_disposition_or_target_signal,117-hr-4346,117-167,"Science, Technology, Communications",R000577,1,1,1,19e911ec-fc95-448f-b9a0-55df2a7d52c0,2022,1st Quarter (Jan 1 - Mar 31),ROOSEVELT GROUP LLC (ON BEHALF OF R2P INNOVATIONS),TEAM HALLAHAN LLC,Budget/Appropriations,H.R. 4346,exact_bill_text_bill_list_or_title_only,bill_reference_without_disposition_signal,none_detected,none_detected,none_detected,house_and_senate_entities_disclosed,not_detected_in_activity_text,chamber_entity_context_only_no_specific_target_detected,"H.R. 4346, Legislative Branch Appropriations Funding for Armored Door Procurement; FY 22 Emergency Security Supplemental Appropriations Act (HR 3237) FY 22 Legislative Branch appr...",Keep as bill-reference context unless later target/outcome review needs it.,official_lda_filing_text_bill_identifier; official_lda_activity_text_source_review; deterministic_activity_text_position_signal; disposition_target_review_queue; congressgov_bill_action_metadata_context,manual_disposition_confirmation; sponsor_or_member_target; committee_action_influence; roll_call_influence; legislative_outcome_causality; public_benefit_or_welfare_validation; causal_capture_validation; model_validation,https://lda.gov/filings/public/filing/19e911ec-fc95-448f-b9a0-55df2a7d52c0/print/; https://lda.gov/api/v1/filings/19e911ec-fc95-448f-b9a0-55df2a7d52c0/; https://www.congress.gov/bill/117th-congress/hr-bill/4346; https://api.congress.gov/v3/bill/117/hr/4346,"LDA disposition/target source-review queue only; deterministic text signals and possible target references are not manual disposition confirmation, sponsor/member targeting evidence, committee-action influence, roll-call influence, legislative-outcome causality, public benefit, welfare, causal capture, or model validation."
203,7306db78631998b3,low,no,bill_reference_only_no_disposition_or_target_signal,117-hr-4346,117-167,"Science, Technology, Communications",R000577,1,1,1,7d74a176-b498-4d89-a24b-d7bf83e91534,2022,1st Quarter (Jan 1 - Mar 31),SIXTEEN THIRTY FUND,SIXTEEN THIRTY FUND,Budget/Appropriations,HR 4346,exact_bill_text_bill_list_or_title_only,bill_reference_without_disposition_signal,none_detected,none_detected,none_detected,house_and_senate_entities_disclosed,not_detected_in_activity_text,chamber_entity_context_only_no_specific_target_detected,"-House and Senate Legislative Branch Appropriations Bill, FY 2022 (HR 4346); Pro-transparency provisions & strengthening congress -House and Senate CJS Appropriations Bill, FY 2022 (HR 4505); Public access to OLC opinions, FARA Reform -House an...",Keep as bill-reference context unless later target/outcome review needs it.,official_lda_filing_text_bill_identifier; official_lda_activity_text_source_review; deterministic_activity_text_position_signal; disposition_target_review_queue; congressgov_bill_action_metadata_context,manual_disposition_confirmation; sponsor_or_member_target; committee_action_influence; roll_call_influence; legislative_outcome_causality; public_benefit_or_welfare_validation; causal_capture_validation; model_validation,https://lda.gov/filings/public/filing/7d74a176-b498-4d89-a24b-d7bf83e91534/print/; https://lda.gov/api/v1/filings/7d74a176-b498-4d89-a24b-d7bf83e91534/; https://www.congress.gov/bill/117th-congress/hr-bill/4346; https://api.congress.gov/v3/bill/117/hr/4346,"LDA disposition/target source-review queue only; deterministic text signals and possible target references are not manual disposition confirmation, sponsor/member targeting evidence, committee-action influence, roll-call influence, legislative-outcome causality, public benefit, welfare, causal capture, or model validation."
204,043c8b9a5cc10516,low,no,bill_reference_only_no_disposition_or_target_signal,117-hr-4346,117-167,"Science, Technology, Communications",R000577,1,1,1,cca37f47-c8de-4eec-866d-2ef372d767c3,2022,2nd Quarter (Apr 1 - June 30),NEW VENTURE FUND,NEW VENTURE FUND,Budget/Appropriations,HR 4346,exact_bill_text_bill_list_or_title_only,bill_reference_without_disposition_signal,none_detected,none_detected,none_detected,house_and_senate_entities_disclosed,not_detected_in_activity_text,chamber_entity_context_only_no_specific_target_detected,"- House and Senate Legislative Branch Appropriations Bill, FY 2022 (HR 4346, HR 2471),Pro-transparency provisions & strengthening congress - House and Senate Legislative Branch Appropriations Bill, FY 2023 (HR 8237), Pro-transparency provisions...",Keep as bill-reference context unless later target/outcome review needs it.,official_lda_filing_text_bill_identifier; official_lda_activity_text_source_review; deterministic_activity_text_position_signal; disposition_target_review_queue; congressgov_bill_action_metadata_context,manual_disposition_confirmation; sponsor_or_member_target; committee_action_influence; roll_call_influence; legislative_outcome_causality; public_benefit_or_welfare_validation; causal_capture_validation; model_validation,https://lda.gov/filings/public/filing/cca37f47-c8de-4eec-866d-2ef372d767c3/print/; https://lda.gov/api/v1/filings/cca37f47-c8de-4eec-866d-2ef372d767c3/; https://www.congress.gov/bill/117th-congress/hr-bill/4346; https://api.congress.gov/v3/bill/117/hr/4346,"LDA disposition/target source-review queue only; deterministic text signals and possible target references are not manual disposition confirmation, sponsor/member targeting evidence, committee-action influence, roll-call influence, legislative-outcome causality, public benefit, welfare, causal capture, or model validation."
205,018fe103e716e274,low,no,bill_reference_only_no_disposition_or_target_signal,117-hr-4346,117-167,"Science, Technology, Communications",R000577,1,1,1,376a6a0e-9cac-49ca-92e1-4778f7ea74b0,2022,2nd Quarter (Apr 1 - June 30),ROOSEVELT GROUP LLC (ON BEHALF OF R2P INNOVATIONS),TEAM HALLAHAN LLC,Budget/Appropriations,H.R. 4346,exact_bill_text_bill_list_or_title_only,bill_reference_without_disposition_signal,none_detected,none_detected,none_detected,house_and_senate_entities_disclosed,not_detected_in_activity_text,chamber_entity_context_only_no_specific_target_detected,"H.R. 4346, Legislative Branch Appropriations Funding for Armored Door Procurement; FY 22 Emergency Security Supplemental Appropriations Act (HR 3237) FY 22 Legislative Branch appr...",Keep as bill-reference context unless later target/outcome review needs it.,official_lda_filing_text_bill_identifier; official_lda_activity_text_source_review; deterministic_activity_text_position_signal; disposition_target_review_queue; congressgov_bill_action_metadata_context,manual_disposition_confirmation; sponsor_or_member_target; committee_action_influence; roll_call_influence; legislative_outcome_causality; public_benefit_or_welfare_validation; causal_capture_validation; model_validation,https://lda.gov/filings/public/filing/376a6a0e-9cac-49ca-92e1-4778f7ea74b0/print/; https://lda.gov/api/v1/filings/376a6a0e-9cac-49ca-92e1-4778f7ea74b0/; https://www.congress.gov/bill/117th-congress/hr-bill/4346; https://api.congress.gov/v3/bill/117/hr/4346,"LDA disposition/target source-review queue only; deterministic text signals and possible target references are not manual disposition confirmation, sponsor/member targeting evidence, committee-action influence, roll-call influence, legislative-outcome causality, public benefit, welfare, causal capture, or model validation."
206,5d669ba63f005b29,low,no,bill_reference_only_no_disposition_or_target_signal,117-hr-4346,117-167,"Science, Technology, Communications",R000577,1,1,1,986fb8a9-c469-4451-90f5-15572381b906,2022,2nd Quarter (Apr 1 - June 30),SIXTEEN THIRTY FUND,SIXTEEN THIRTY FUND,Budget/Appropriations,HR 4346,exact_bill_text_bill_list_or_title_only,bill_reference_without_disposition_signal,none_detected,none_detected,none_detected,house_and_senate_entities_disclosed,not_detected_in_activity_text,chamber_entity_context_only_no_specific_target_detected,"- House and Senate Legislative Branch Appropriations Bill, FY 2022 (HR 4346, HR 2471), Pro-transparency provisions & strengthening congress - House and Senate Legislative Branch Appropriations Bill, FY 2023 (HR 8237), Pro-transparency provisions...",Keep as bill-reference context unless later target/outcome review needs it.,official_lda_filing_text_bill_identifier; official_lda_activity_text_source_review; deterministic_activity_text_position_signal; disposition_target_review_queue; congressgov_bill_action_metadata_context,manual_disposition_confirmation; sponsor_or_member_target; committee_action_influence; roll_call_influence; legislative_outcome_causality; public_benefit_or_welfare_validation; causal_capture_validation; model_validation,https://lda.gov/filings/public/filing/986fb8a9-c469-4451-90f5-15572381b906/print/; https://lda.gov/api/v1/filings/986fb8a9-c469-4451-90f5-15572381b906/; https://www.congress.gov/bill/117th-congress/hr-bill/4346; https://api.congress.gov/v3/bill/117/hr/4346,"LDA disposition/target source-review queue only; deterministic text signals and possible target references are not manual disposition confirmation, sponsor/member targeting evidence, committee-action influence, roll-call influence, legislative-outcome causality, public benefit, welfare, causal capture, or model validation."
207,12aadaa6d9184d94,low,no,bill_reference_only_no_disposition_or_target_signal,117-hr-4346,117-167,"Science, Technology, Communications",R000577,1,1,1,45fc5a4f-6d6e-4198-9877-2ce97a1d4462,2022,3rd Quarter (July 1 - Sep 30),AMERICAN SOCIETY OF CIVIL ENGINEERS,AMERICAN SOCIETY OF CIVIL ENGINEERS,Science/Technology,H.R. 4346,exact_bill_text_bill_list_or_title_only,bill_reference_without_disposition_signal,none_detected,none_detected,none_detected,house_senate_and_agency_entities_disclosed,not_detected_in_activity_text,chamber_entity_context_only_no_specific_target_detected,...Future Act H.R. 5477 - Federal Agency Climate PREP Act H.R. 5641 - Small Project Efficient and Effective Disaster (SPEED) Recovery Act H.R. 5689 - Resilient AMERICA Act H.R. 4346 - CHIPS and Science Act,Keep as bill-reference context unless later target/outcome review needs it.,official_lda_filing_text_bill_identifier; official_lda_activity_text_source_review; deterministic_activity_text_position_signal; disposition_target_review_queue; congressgov_bill_action_metadata_context,manual_disposition_confirmation; sponsor_or_member_target; committee_action_influence; roll_call_influence; legislative_outcome_causality; public_benefit_or_welfare_validation; causal_capture_validation; model_validation,https://lda.gov/filings/public/filing/45fc5a4f-6d6e-4198-9877-2ce97a1d4462/print/; https://lda.gov/api/v1/filings/45fc5a4f-6d6e-4198-9877-2ce97a1d4462/; https://www.congress.gov/bill/117th-congress/hr-bill/4346; https://api.congress.gov/v3/bill/117/hr/4346,"LDA disposition/target source-review queue only; deterministic text signals and possible target references are not manual disposition confirmation, sponsor/member targeting evidence, committee-action influence, roll-call influence, legislative-outcome causality, public benefit, welfare, causal capture, or model validation."
208,5529c7090c24ab50,low,no,bill_reference_only_no_disposition_or_target_signal,117-hr-4346,117-167,"Science, Technology, Communications",R000577,1,1,1,493f925e-adb4-42b0-91b1-939d67dcbdde,2022,3rd Quarter (July 1 - Sep 30),BLUE ORIGIN,"MAYNOR & STIERS, LLC",Aerospace,HR 4346,exact_bill_text_bill_list_or_title_only,bill_reference_without_disposition_signal,none_detected,none_detected,none_detected,house_senate_and_agency_entities_disclosed,not_detected_in_activity_text,chamber_entity_context_only_no_specific_target_detected,"Human landing system, sustained lunar development, flight operations, suborbital vehicle access - FY23 NASA Authorization Act (HR 4346), United States Innovation and Competition Act of 2021 (HR 4521), and FY23 CJS Appropriations (HR 8256, S 4664).",Keep as bill-reference context unless later target/outcome review needs it.,official_lda_filing_text_bill_identifier; official_lda_activity_text_source_review; deterministic_activity_text_position_signal; disposition_target_review_queue; congressgov_bill_action_metadata_context,manual_disposition_confirmation; sponsor_or_member_target; committee_action_influence; roll_call_influence; legislative_outcome_causality; public_benefit_or_welfare_validation; causal_capture_validation; model_validation,https://lda.gov/filings/public/filing/493f925e-adb4-42b0-91b1-939d67dcbdde/print/; https://lda.gov/api/v1/filings/493f925e-adb4-42b0-91b1-939d67dcbdde/; https://www.congress.gov/bill/117th-congress/hr-bill/4346; https://api.congress.gov/v3/bill/117/hr/4346,"LDA disposition/target source-review queue only; deterministic text signals and possible target references are not manual disposition confirmation, sponsor/member targeting evidence, committee-action influence, roll-call influence, legislative-outcome causality, public benefit, welfare, causal capture, or model validation."
209,0389fd96b7e49686,low,no,bill_reference_only_no_disposition_or_target_signal,117-hr-4346,117-167,"Science, Technology, Communications",R000577,1,1,1,7353e5a4-67d8-48a5-b481-e9cffebec426,2022,3rd Quarter (July 1 - Sep 30),"DEMAND PROGRESS ACTION, INC","DEMAND PROGRESS ACTION, INC",Budget/Appropriations,HR 4346,exact_bill_text_bill_list_or_title_only,bill_reference_without_disposition_signal,none_detected,none_detected,none_detected,house_and_senate_entities_disclosed,not_detected_in_activity_text,chamber_entity_context_only_no_specific_target_detected,"House and Senate Legislative Branch Appropriations Bill, FY 2022 (HR 4346, HR 2471)Pro-transparency provisions & strengthening congress House and Senate Legislative Branch Appropriations Bill, FY 2023 (HR 8237)Pro-transparency provisions & str...",Keep as bill-reference context unless later target/outcome review needs it.,official_lda_filing_text_bill_identifier; official_lda_activity_text_source_review; deterministic_activity_text_position_signal; disposition_target_review_queue; congressgov_bill_action_metadata_context,manual_disposition_confirmation; sponsor_or_member_target; committee_action_influence; roll_call_influence; legislative_outcome_causality; public_benefit_or_welfare_validation; causal_capture_validation; model_validation,https://lda.gov/filings/public/filing/7353e5a4-67d8-48a5-b481-e9cffebec426/print/; https://lda.gov/api/v1/filings/7353e5a4-67d8-48a5-b481-e9cffebec426/; https://www.congress.gov/bill/117th-congress/hr-bill/4346; https://api.congress.gov/v3/bill/117/hr/4346,"LDA disposition/target source-review queue only; deterministic text signals and possible target references are not manual disposition confirmation, sponsor/member targeting evidence, committee-action influence, roll-call influence, legislative-outcome causality, public benefit, welfare, causal capture, or model validation."
210,f52d17423dd7bf0e,low,no,bill_reference_only_no_disposition_or_target_signal,117-hr-4346,117-167,"Science, Technology, Communications",R000577,1,1,1,5dfbfb13-09e0-4962-b438-2843549fd78f,2022,3rd Quarter (July 1 - Sep 30),GENERAL MOTORS,"RESOLUTION PUBLIC AFFAIRS, LLC",Consumer Issues/Safety/Products,HR 4346,exact_bill_text_bill_list_or_title_only,bill_reference_without_disposition_signal,none_detected,none_detected,none_detected,house_and_senate_entities_disclosed,not_detected_in_activity_text,chamber_entity_context_only_no_specific_target_detected,HR 4346 CHIPS and Science Act,Keep as bill-reference context unless later target/outcome review needs it.,official_lda_filing_text_bill_identifier; official_lda_activity_text_source_review; deterministic_activity_text_position_signal; disposition_target_review_queue; congressgov_bill_action_metadata_context,manual_disposition_confirmation; sponsor_or_member_target; committee_action_influence; roll_call_influence; legislative_outcome_causality; public_benefit_or_welfare_validation; causal_capture_validation; model_validation,https://lda.gov/filings/public/filing/5dfbfb13-09e0-4962-b438-2843549fd78f/print/; https://lda.gov/api/v1/filings/5dfbfb13-09e0-4962-b438-2843549fd78f/; https://www.congress.gov/bill/117th-congress/hr-bill/4346; https://api.congress.gov/v3/bill/117/hr/4346,"LDA disposition/target source-review queue only; deterministic text signals and possible target references are not manual disposition confirmation, sponsor/member targeting evidence, committee-action influence, roll-call influence, legislative-outcome causality, public benefit, welfare, causal capture, or model validation."
211,58d92f7020d0a035,low,no,bill_reference_only_no_disposition_or_target_signal,117-hr-4346,117-167,"Science, Technology, Communications",R000577,1,1,1,aead472c-72e1-4f4b-a847-6959387d0c7b,2022,3rd Quarter (July 1 - Sep 30),INFORMATION TECHNOLOGY INDUSTRY COUNCIL,TIBER CREEK GROUP,Taxation/Internal Revenue Code,HR 4346,exact_bill_text_bill_list_or_title_only,bill_reference_without_disposition_signal,none_detected,none_detected,none_detected,house_senate_and_agency_entities_disclosed,not_detected_in_activity_text,chamber_entity_context_only_no_specific_target_detected,...Act (PL 117-58); H.R.5376 - Inflation Reduction Act of 2022 - Public Law No: 117-169; H.R. 7104/S. 2107 - The Facilitating American-Built Semiconductors Act (FABS Act); HR 4346 Chips & Science Act (Public Law 117-167); American Innovation and Jobs Act (S. 749) and American Innovation and R&D Competitiveness Act of 2021 (H.R. 1304).,Keep as bill-reference context unless later target/outcome review needs it.,official_lda_filing_text_bill_identifier; official_lda_activity_text_source_review; deterministic_activity_text_position_signal; disposition_target_review_queue; congressgov_bill_action_metadata_context,manual_disposition_confirmation; sponsor_or_member_target; committee_action_influence; roll_call_influence; legislative_outcome_causality; public_benefit_or_welfare_validation; causal_capture_validation; model_validation,https://lda.gov/filings/public/filing/aead472c-72e1-4f4b-a847-6959387d0c7b/print/; https://lda.gov/api/v1/filings/aead472c-72e1-4f4b-a847-6959387d0c7b/; https://www.congress.gov/bill/117th-congress/hr-bill/4346; https://api.congress.gov/v3/bill/117/hr/4346,"LDA disposition/target source-review queue only; deterministic text signals and possible target references are not manual disposition confirmation, sponsor/member targeting evidence, committee-action influence, roll-call influence, legislative-outcome causality, public benefit, welfare, causal capture, or model validation."
212,169a267d42874c30,low,no,bill_reference_only_no_disposition_or_target_signal,117-hr-4346,117-167,"Science, Technology, Communications",R000577,1,1,1,e7108c91-6b1e-4369-b965-21371db8cb84,2022,3rd Quarter (July 1 - Sep 30),INTERNATIONAL ASSOCIATION OF SHEET METAL AIR RAIL & TRANSPORTATION WORKERS,"INTERNATIONAL ASSOCIATION OF SHEET METAL, AIR, RAIL & TRANSPORTATION WORKERS",Manufacturing,HR 4346,exact_bill_text_bill_list_or_title_only,bill_reference_without_disposition_signal,none_detected,none_detected,none_detected,single_chamber_entity_disclosed,not_detected_in_activity_text,chamber_entity_context_only_no_specific_target_detected,HR.3684 - Infrastructure Investment and Jobs Act HR 4346 - The Chips and Science Act of 2022,Keep as bill-reference context unless later target/outcome review needs it.,official_lda_filing_text_bill_identifier; official_lda_activity_text_source_review; deterministic_activity_text_position_signal; disposition_target_review_queue; congressgov_bill_action_metadata_context,manual_disposition_confirmation; sponsor_or_member_target; committee_action_influence; roll_call_influence; legislative_outcome_causality; public_benefit_or_welfare_validation; causal_capture_validation; model_validation,https://lda.gov/filings/public/filing/e7108c91-6b1e-4369-b965-21371db8cb84/print/; https://lda.gov/api/v1/filings/e7108c91-6b1e-4369-b965-21371db8cb84/; https://www.congress.gov/bill/117th-congress/hr-bill/4346; https://api.congress.gov/v3/bill/117/hr/4346,"LDA disposition/target source-review queue only; deterministic text signals and possible target references are not manual disposition confirmation, sponsor/member targeting evidence, committee-action influence, roll-call influence, legislative-outcome causality, public benefit, welfare, causal capture, or model validation."
213,1bdc30e2dad9cab6,low,no,bill_reference_only_no_disposition_or_target_signal,117-hr-4346,117-167,"Science, Technology, Communications",R000577,1,1,1,e7108c91-6b1e-4369-b965-21371db8cb84,2022,3rd Quarter (July 1 - Sep 30),INTERNATIONAL ASSOCIATION OF SHEET METAL AIR RAIL & TRANSPORTATION WORKERS,"INTERNATIONAL ASSOCIATION OF SHEET METAL, AIR, RAIL & TRANSPORTATION WORKERS",Government Issues,HR 4346,exact_bill_text_bill_list_or_title_only,bill_reference_without_disposition_signal,none_detected,none_detected,none_detected,single_chamber_entity_disclosed,not_detected_in_activity_text,chamber_entity_context_only_no_specific_target_detected,HR 4346 - Supreme Court Security Funding Acat of 2022,Keep as bill-reference context unless later target/outcome review needs it.,official_lda_filing_text_bill_identifier; official_lda_activity_text_source_review; deterministic_activity_text_position_signal; disposition_target_review_queue; congressgov_bill_action_metadata_context,manual_disposition_confirmation; sponsor_or_member_target; committee_action_influence; roll_call_influence; legislative_outcome_causality; public_benefit_or_welfare_validation; causal_capture_validation; model_validation,https://lda.gov/filings/public/filing/e7108c91-6b1e-4369-b965-21371db8cb84/print/; https://lda.gov/api/v1/filings/e7108c91-6b1e-4369-b965-21371db8cb84/; https://www.congress.gov/bill/117th-congress/hr-bill/4346; https://api.congress.gov/v3/bill/117/hr/4346,"LDA disposition/target source-review queue only; deterministic text signals and possible target references are not manual disposition confirmation, sponsor/member targeting evidence, committee-action influence, roll-call influence, legislative-outcome causality, public benefit, welfare, causal capture, or model validation."
214,b8f8b3df862298a4,low,no,bill_reference_only_no_disposition_or_target_signal,117-hr-4346,117-167,"Science, Technology, Communications",R000577,1,1,1,6b136f5e-c733-43c9-89ac-3b947b8e3dcd,2022,3rd Quarter (July 1 - Sep 30),KEYCORP,KEYCORP,Manufacturing,HR 4346,exact_bill_text_bill_list_or_title_only,bill_reference_without_disposition_signal,none_detected,none_detected,none_detected,single_chamber_entity_disclosed,not_detected_in_activity_text,chamber_entity_context_only_no_specific_target_detected,"HR 4346, the CHIPS and Science Act",Keep as bill-reference context unless later target/outcome review needs it.,official_lda_filing_text_bill_identifier; official_lda_activity_text_source_review; deterministic_activity_text_position_signal; disposition_target_review_queue; congressgov_bill_action_metadata_context,manual_disposition_confirmation; sponsor_or_member_target; committee_action_influence; roll_call_influence; legislative_outcome_causality; public_benefit_or_welfare_validation; causal_capture_validation; model_validation,https://lda.gov/filings/public/filing/6b136f5e-c733-43c9-89ac-3b947b8e3dcd/print/; https://lda.gov/api/v1/filings/6b136f5e-c733-43c9-89ac-3b947b8e3dcd/; https://www.congress.gov/bill/117th-congress/hr-bill/4346; https://api.congress.gov/v3/bill/117/hr/4346,"LDA disposition/target source-review queue only; deterministic text signals and possible target references are not manual disposition confirmation, sponsor/member targeting evidence, committee-action influence, roll-call influence, legislative-outcome causality, public benefit, welfare, causal capture, or model validation."
215,dd9287574baa416c,low,no,bill_reference_only_no_disposition_or_target_signal,117-hr-4346,117-167,"Science, Technology, Communications",R000577,1,1,1,bf5c9733-b9d2-4d82-8769-7ab183858a05,2022,3rd Quarter (July 1 - Sep 30),NATIONWIDE MUTUAL INSURANCE COMPANY,NATIONWIDE MUTUAL INSURANCE COMPANY,Insurance,HR 4346,exact_bill_text_bill_list_or_title_only,bill_reference_without_disposition_signal,none_detected,none_detected,none_detected,house_senate_and_agency_entities_disclosed,not_detected_in_activity_text,chamber_entity_context_only_no_specific_target_detected,...r several federal departments and agencies HR 7900 National Defense Authorization Act for Fiscal Year 2023 - authorizes Department of Defense (DOD) activities for FY2023 HR 4346 CHIPS and Science Act of 2022 - funds to support the domestic production of semiconductors and authorizes various programs and activities of the federal science agencies...,Keep as bill-reference context unless later target/outcome review needs it.,official_lda_filing_text_bill_identifier; official_lda_activity_text_source_review; deterministic_activity_text_position_signal; disposition_target_review_queue; congressgov_bill_action_metadata_context,manual_disposition_confirmation; sponsor_or_member_target; committee_action_influence; roll_call_influence; legislative_outcome_causality; public_benefit_or_welfare_validation; causal_capture_validation; model_validation,https://lda.gov/filings/public/filing/bf5c9733-b9d2-4d82-8769-7ab183858a05/print/; https://lda.gov/api/v1/filings/bf5c9733-b9d2-4d82-8769-7ab183858a05/; https://www.congress.gov/bill/117th-congress/hr-bill/4346; https://api.congress.gov/v3/bill/117/hr/4346,"LDA disposition/target source-review queue only; deterministic text signals and possible target references are not manual disposition confirmation, sponsor/member targeting evidence, committee-action influence, roll-call influence, legislative-outcome causality, public benefit, welfare, causal capture, or model validation."
216,eb952c445bfe7cec,low,no,bill_reference_only_no_disposition_or_target_signal,117-hr-4346,117-167,"Science, Technology, Communications",R000577,1,1,1,1e1f23b7-2072-4df8-8cdd-df572eb1f404,2022,3rd Quarter (July 1 - Sep 30),OREGON STATE UNIVERSITY,OREGON STATE UNIVERSITY,Science/Technology,HR 4346,exact_bill_text_bill_list_or_title_only,bill_reference_without_disposition_signal,none_detected,none_detected,none_detected,house_and_senate_entities_disclosed,not_detected_in_activity_text,chamber_entity_context_only_no_specific_target_detected,"(HR 5376) Inflation Reduction Act of 2022 - emphasis on climate action investment in NOAA, USDA research (HR 4346) Chips and Science Act of 2022 - emphasis on reauthorization of the science agencies (NSF, DOE Office of Science); regional innovation; technology transfer; STEM; gradat...",Keep as bill-reference context unless later target/outcome review needs it.,official_lda_filing_text_bill_identifier; official_lda_activity_text_source_review; deterministic_activity_text_position_signal; disposition_target_review_queue; congressgov_bill_action_metadata_context,manual_disposition_confirmation; sponsor_or_member_target; committee_action_influence; roll_call_influence; legislative_outcome_causality; public_benefit_or_welfare_validation; causal_capture_validation; model_validation,https://lda.gov/filings/public/filing/1e1f23b7-2072-4df8-8cdd-df572eb1f404/print/; https://lda.gov/api/v1/filings/1e1f23b7-2072-4df8-8cdd-df572eb1f404/; https://www.congress.gov/bill/117th-congress/hr-bill/4346; https://api.congress.gov/v3/bill/117/hr/4346,"LDA disposition/target source-review queue only; deterministic text signals and possible target references are not manual disposition confirmation, sponsor/member targeting evidence, committee-action influence, roll-call influence, legislative-outcome causality, public benefit, welfare, causal capture, or model validation."
217,68088829a43d614f,low,no,bill_reference_only_no_disposition_or_target_signal,117-hr-4346,117-167,"Science, Technology, Communications",R000577,1,1,1,427f6d3f-1e51-4732-ba64-f4e699b091b5,2022,3rd Quarter (July 1 - Sep 30),TAIWAN SEMICONDUCTOR MANUFACTURING COMPANY (TSMC),TAIWAN SEMICONDUCTOR MANUFACTURING COMPANY (TSMC),Taxation/Internal Revenue Code,HR 4346,exact_bill_text_bill_list_or_title_only,bill_reference_without_disposition_signal,none_detected,none_detected,none_detected,house_senate_and_agency_entities_disclosed,not_detected_in_activity_text,chamber_entity_context_only_no_specific_target_detected,HR 4346 - CHIPS & Science Act Discussions with congressional staff on global tax issues and a US-Taiwan tax treaty.,Keep as bill-reference context unless later target/outcome review needs it.,official_lda_filing_text_bill_identifier; official_lda_activity_text_source_review; deterministic_activity_text_position_signal; disposition_target_review_queue; congressgov_bill_action_metadata_context,manual_disposition_confirmation; sponsor_or_member_target; committee_action_influence; roll_call_influence; legislative_outcome_causality; public_benefit_or_welfare_validation; causal_capture_validation; model_validation,https://lda.gov/filings/public/filing/427f6d3f-1e51-4732-ba64-f4e699b091b5/print/; https://lda.gov/api/v1/filings/427f6d3f-1e51-4732-ba64-f4e699b091b5/; https://www.congress.gov/bill/117th-congress/hr-bill/4346; https://api.congress.gov/v3/bill/117/hr/4346,"LDA disposition/target source-review queue only; deterministic text signals and possible target references are not manual disposition confirmation, sponsor/member targeting evidence, committee-action influence, roll-call influence, legislative-outcome causality, public benefit, welfare, causal capture, or model validation."
218,f162bb1402b53965,low,no,bill_reference_only_no_disposition_or_target_signal,117-hr-4346,117-167,"Science, Technology, Communications",R000577,1,1,1,427f6d3f-1e51-4732-ba64-f4e699b091b5,2022,3rd Quarter (July 1 - Sep 30),TAIWAN SEMICONDUCTOR MANUFACTURING COMPANY (TSMC),TAIWAN SEMICONDUCTOR MANUFACTURING COMPANY (TSMC),Economics/Economic Development,HR4346,exact_bill_text_bill_list_or_title_only,bill_reference_without_disposition_signal,none_detected,none_detected,none_detected,house_senate_and_agency_entities_disclosed,not_detected_in_activity_text,chamber_entity_context_only_no_specific_target_detected,HR4346 - CHIPS & Science Act Department of Commerce - Export Administration Regulations - changes to Entity List and other amendments Department of Commerce and USTR - Indo-Pac...,Keep as bill-reference context unless later target/outcome review needs it.,official_lda_filing_text_bill_identifier; official_lda_activity_text_source_review; deterministic_activity_text_position_signal; disposition_target_review_queue; congressgov_bill_action_metadata_context,manual_disposition_confirmation; sponsor_or_member_target; committee_action_influence; roll_call_influence; legislative_outcome_causality; public_benefit_or_welfare_validation; causal_capture_validation; model_validation,https://lda.gov/filings/public/filing/427f6d3f-1e51-4732-ba64-f4e699b091b5/print/; https://lda.gov/api/v1/filings/427f6d3f-1e51-4732-ba64-f4e699b091b5/; https://www.congress.gov/bill/117th-congress/hr-bill/4346; https://api.congress.gov/v3/bill/117/hr/4346,"LDA disposition/target source-review queue only; deterministic text signals and possible target references are not manual disposition confirmation, sponsor/member targeting evidence, committee-action influence, roll-call influence, legislative-outcome causality, public benefit, welfare, causal capture, or model validation."
219,1317d6998f6a67bc,low,no,bill_reference_only_no_disposition_or_target_signal,117-hr-4346,117-167,"Science, Technology, Communications",R000577,1,1,1,68ae6272-8efc-486f-a079-b38888a7405e,2022,3rd Quarter (July 1 - Sep 30),TSMC ARIZONA,"RESOLUTION PUBLIC AFFAIRS, LLC",Computer Industry,HR 4346,exact_bill_text_bill_list_or_title_only,bill_reference_without_disposition_signal,none_detected,none_detected,none_detected,house_and_senate_entities_disclosed,not_detected_in_activity_text,chamber_entity_context_only_no_specific_target_detected,"HR 4346, the CHIPS Act Issues impacting development of semiconductors generally",Keep as bill-reference context unless later target/outcome review needs it.,official_lda_filing_text_bill_identifier; official_lda_activity_text_source_review; deterministic_activity_text_position_signal; disposition_target_review_queue; congressgov_bill_action_metadata_context,manual_disposition_confirmation; sponsor_or_member_target; committee_action_influence; roll_call_influence; legislative_outcome_causality; public_benefit_or_welfare_validation; causal_capture_validation; model_validation,https://lda.gov/filings/public/filing/68ae6272-8efc-486f-a079-b38888a7405e/print/; https://lda.gov/api/v1/filings/68ae6272-8efc-486f-a079-b38888a7405e/; https://www.congress.gov/bill/117th-congress/hr-bill/4346; https://api.congress.gov/v3/bill/117/hr/4346,"LDA disposition/target source-review queue only; deterministic text signals and possible target references are not manual disposition confirmation, sponsor/member targeting evidence, committee-action influence, roll-call influence, legislative-outcome causality, public benefit, welfare, causal capture, or model validation."
220,f76ffeb3ac4f87ff,low,no,bill_reference_only_no_disposition_or_target_signal,117-hr-4346,117-167,"Science, Technology, Communications",R000577,1,1,1,68ae6272-8efc-486f-a079-b38888a7405e,2022,3rd Quarter (July 1 - Sep 30),TSMC ARIZONA,"RESOLUTION PUBLIC AFFAIRS, LLC",Taxation/Internal Revenue Code,HR 4346,exact_bill_text_bill_list_or_title_only,bill_reference_without_disposition_signal,none_detected,none_detected,none_detected,house_and_senate_entities_disclosed,not_detected_in_activity_text,chamber_entity_context_only_no_specific_target_detected,"HR 4346, the CHIPS Act, inclusion of Facilitating American-Built Semiconductors Act or the FABS Act",Keep as bill-reference context unless later target/outcome review needs it.,official_lda_filing_text_bill_identifier; official_lda_activity_text_source_review; deterministic_activity_text_position_signal; disposition_target_review_queue; congressgov_bill_action_metadata_context,manual_disposition_confirmation; sponsor_or_member_target; committee_action_influence; roll_call_influence; legislative_outcome_causality; public_benefit_or_welfare_validation; causal_capture_validation; model_validation,https://lda.gov/filings/public/filing/68ae6272-8efc-486f-a079-b38888a7405e/print/; https://lda.gov/api/v1/filings/68ae6272-8efc-486f-a079-b38888a7405e/; https://www.congress.gov/bill/117th-congress/hr-bill/4346; https://api.congress.gov/v3/bill/117/hr/4346,"LDA disposition/target source-review queue only; deterministic text signals and possible target references are not manual disposition confirmation, sponsor/member targeting evidence, committee-action influence, roll-call influence, legislative-outcome causality, public benefit, welfare, causal capture, or model validation."
221,ea9318a71bbd1eab,low,no,bill_reference_only_no_disposition_or_target_signal,117-hr-5376,117-169,Economics and Public Finance,Y000062,1,1,1,1cccc072-eaec-4c62-9df0-5252265f9c9a,2021,3rd Quarter (July 1 - Sep 30),AMERICAN CHIROPRACTIC ASSOCIATION,AMERICAN CHIROPRACTIC ASSOCIATION,Medicare/Medicaid,HR 5376,exact_bill_text_bill_list_or_title_only,bill_reference_without_disposition_signal,none_detected,none_detected,none_detected,house_senate_and_agency_entities_disclosed,not_detected_in_activity_text,chamber_entity_context_only_no_specific_target_detected,"...edicare Coverage Modernization Act, to allow Medicare beneficiaries access to full range of Medicare-covered benefits allowed under a chiropractor's state licensure. 3.) HR 5376, Build Back Better Act, to to allow Medicare beneficiaries access to full range of Medicare-covered benefits allowed under a chiropractor's state licensure. 4.) HHS, cor...",Keep as bill-reference context unless later target/outcome review needs it.,official_lda_filing_text_bill_identifier; official_lda_activity_text_source_review; deterministic_activity_text_position_signal; disposition_target_review_queue; congressgov_bill_action_metadata_context,manual_disposition_confirmation; sponsor_or_member_target; committee_action_influence; roll_call_influence; legislative_outcome_causality; public_benefit_or_welfare_validation; causal_capture_validation; model_validation,https://lda.gov/filings/public/filing/1cccc072-eaec-4c62-9df0-5252265f9c9a/print/; https://lda.gov/api/v1/filings/1cccc072-eaec-4c62-9df0-5252265f9c9a/; https://www.congress.gov/bill/117th-congress/hr-bill/5376; https://api.congress.gov/v3/bill/117/hr/5376,"LDA disposition/target source-review queue only; deterministic text signals and possible target references are not manual disposition confirmation, sponsor/member targeting evidence, committee-action influence, roll-call influence, legislative-outcome causality, public benefit, welfare, causal capture, or model validation."
222,7c571a8912fe2f85,low,no,bill_reference_only_no_disposition_or_target_signal,117-hr-5376,117-169,Economics and Public Finance,Y000062,1,1,1,60660239-3c41-43cd-9ac1-da1e439fd092,2021,3rd Quarter (July 1 - Sep 30),BLACKROCK FUNDS SERVICES GROUP LLC,"BLACKROCK FUNDS SERVICES GROUP, LLC",Taxation/Internal Revenue Code,HR 5376,exact_bill_text_bill_list_or_title_only,bill_reference_without_disposition_signal,none_detected,none_detected,none_detected,house_senate_and_agency_entities_disclosed,not_detected_in_activity_text,chamber_entity_context_only_no_specific_target_detected,"Financial Transactions Tax HR 5376 ""Build Back Better Act"" Repeal of 852b6 Accredited Investor Status for IRA investments",Keep as bill-reference context unless later target/outcome review needs it.,official_lda_filing_text_bill_identifier; official_lda_activity_text_source_review; deterministic_activity_text_position_signal; disposition_target_review_queue; congressgov_bill_action_metadata_context,manual_disposition_confirmation; sponsor_or_member_target; committee_action_influence; roll_call_influence; legislative_outcome_causality; public_benefit_or_welfare_validation; causal_capture_validation; model_validation,https://lda.gov/filings/public/filing/60660239-3c41-43cd-9ac1-da1e439fd092/print/; https://lda.gov/api/v1/filings/60660239-3c41-43cd-9ac1-da1e439fd092/; https://www.congress.gov/bill/117th-congress/hr-bill/5376; https://api.congress.gov/v3/bill/117/hr/5376,"LDA disposition/target source-review queue only; deterministic text signals and possible target references are not manual disposition confirmation, sponsor/member targeting evidence, committee-action influence, roll-call influence, legislative-outcome causality, public benefit, welfare, causal capture, or model validation."
223,b2f107520b2ae163,low,no,bill_reference_only_no_disposition_or_target_signal,117-hr-5376,117-169,Economics and Public Finance,Y000062,1,1,1,60660239-3c41-43cd-9ac1-da1e439fd092,2021,3rd Quarter (July 1 - Sep 30),BLACKROCK FUNDS SERVICES GROUP LLC,"BLACKROCK FUNDS SERVICES GROUP, LLC",Retirement,HR 5376,exact_bill_text_bill_list_or_title_only,bill_reference_without_disposition_signal,none_detected,none_detected,none_detected,house_senate_and_agency_entities_disclosed,not_detected_in_activity_text,chamber_entity_context_only_no_specific_target_detected,"ESG Rule/DOL Proxy Rule/DOL HR 2954, ""Securing a Strong Retirement Act of 2021"" S 5064, ""Improving Access to Retirement Savings Act"" HR 5376, ""Build Back Better Act""",Keep as bill-reference context unless later target/outcome review needs it.,official_lda_filing_text_bill_identifier; official_lda_activity_text_source_review; deterministic_activity_text_position_signal; disposition_target_review_queue; congressgov_bill_action_metadata_context,manual_disposition_confirmation; sponsor_or_member_target; committee_action_influence; roll_call_influence; legislative_outcome_causality; public_benefit_or_welfare_validation; causal_capture_validation; model_validation,https://lda.gov/filings/public/filing/60660239-3c41-43cd-9ac1-da1e439fd092/print/; https://lda.gov/api/v1/filings/60660239-3c41-43cd-9ac1-da1e439fd092/; https://www.congress.gov/bill/117th-congress/hr-bill/5376; https://api.congress.gov/v3/bill/117/hr/5376,"LDA disposition/target source-review queue only; deterministic text signals and possible target references are not manual disposition confirmation, sponsor/member targeting evidence, committee-action influence, roll-call influence, legislative-outcome causality, public benefit, welfare, causal capture, or model validation."
224,2d34c937ac202e50,low,no,bill_reference_only_no_disposition_or_target_signal,117-hr-5376,117-169,Economics and Public Finance,Y000062,1,1,1,fca5d2f4-ebd0-4d89-a880-371aef78fe58,2021,3rd Quarter (July 1 - Sep 30),GENERAL DYNAMICS CORPORATION,"MELTSNER STRATEGIES, LLC",Taxation/Internal Revenue Code,HR 5376,exact_bill_text_bill_list_or_title_only,bill_reference_without_disposition_signal,none_detected,none_detected,none_detected,house_and_senate_entities_disclosed,not_detected_in_activity_text,chamber_entity_context_only_no_specific_target_detected,"HR 1304, S 749: American Innovation and R&D Competitiveness Act; the continuation of Section 174, R&D Research and Development deductions in HR 5376, Build Back Better Reconciliation bill.",Keep as bill-reference context unless later target/outcome review needs it.,official_lda_filing_text_bill_identifier; official_lda_activity_text_source_review; deterministic_activity_text_position_signal; disposition_target_review_queue; congressgov_bill_action_metadata_context,manual_disposition_confirmation; sponsor_or_member_target; committee_action_influence; roll_call_influence; legislative_outcome_causality; public_benefit_or_welfare_validation; causal_capture_validation; model_validation,https://lda.gov/filings/public/filing/fca5d2f4-ebd0-4d89-a880-371aef78fe58/print/; https://lda.gov/api/v1/filings/fca5d2f4-ebd0-4d89-a880-371aef78fe58/; https://www.congress.gov/bill/117th-congress/hr-bill/5376; https://api.congress.gov/v3/bill/117/hr/5376,"LDA disposition/target source-review queue only; deterministic text signals and possible target references are not manual disposition confirmation, sponsor/member targeting evidence, committee-action influence, roll-call influence, legislative-outcome causality, public benefit, welfare, causal capture, or model validation."
225,cbc6e8ebcb5a0a97,low,no,bill_reference_only_no_disposition_or_target_signal,117-hr-5376,117-169,Economics and Public Finance,Y000062,1,1,1,2cd4f212-8d57-42da-bfc7-941a18c99954,2021,3rd Quarter (July 1 - Sep 30),NATIONWIDE MUTUAL INSURANCE COMPANY,NATIONWIDE MUTUAL INSURANCE COMPANY,Taxation/Internal Revenue Code,HR 5376,exact_bill_text_bill_list_or_title_only,bill_reference_without_disposition_signal,none_detected,none_detected,none_detected,house_senate_and_agency_entities_disclosed,not_detected_in_activity_text,chamber_entity_context_only_no_specific_target_detected,"...t of derivatives. HR 4940/S 2680 Real Corporate Profits Tax Act - imposes an additional 7% tax on the adjusted net book income of a corporation that exceeds $100 million HR 5376 Build Back Better Act - provides funding, establishes programs, and otherwise modifies provisions relating to a broad array of areas, including education, labor, childca...",Keep as bill-reference context unless later target/outcome review needs it.,official_lda_filing_text_bill_identifier; official_lda_activity_text_source_review; deterministic_activity_text_position_signal; disposition_target_review_queue; congressgov_bill_action_metadata_context,manual_disposition_confirmation; sponsor_or_member_target; committee_action_influence; roll_call_influence; legislative_outcome_causality; public_benefit_or_welfare_validation; causal_capture_validation; model_validation,https://lda.gov/filings/public/filing/2cd4f212-8d57-42da-bfc7-941a18c99954/print/; https://lda.gov/api/v1/filings/2cd4f212-8d57-42da-bfc7-941a18c99954/; https://www.congress.gov/bill/117th-congress/hr-bill/5376; https://api.congress.gov/v3/bill/117/hr/5376,"LDA disposition/target source-review queue only; deterministic text signals and possible target references are not manual disposition confirmation, sponsor/member targeting evidence, committee-action influence, roll-call influence, legislative-outcome causality, public benefit, welfare, causal capture, or model validation."
226,06507f12af099f0d,low,no,bill_reference_only_no_disposition_or_target_signal,117-hr-5376,117-169,Economics and Public Finance,Y000062,1,1,1,d71683c9-433e-4eeb-bb04-431870a5ff16,2021,3rd Quarter (July 1 - Sep 30),OREGON STATE UNIVERSITY,OREGON STATE UNIVERSITY,Education,HR.5376,exact_bill_text_bill_list_or_title_only,bill_reference_without_disposition_signal,none_detected,none_detected,none_detected,house_and_senate_entities_disclosed,not_detected_in_activity_text,chamber_entity_context_only_no_specific_target_detected,"Increase to Maximum Pell Grant Award, a College Completion Fund, access to education infrastructure capital grants (HR.5376 Build Back Better Act) College Athletics Name Image Likeness (Legislation in development)",Keep as bill-reference context unless later target/outcome review needs it.,official_lda_filing_text_bill_identifier; official_lda_activity_text_source_review; deterministic_activity_text_position_signal; disposition_target_review_queue; congressgov_bill_action_metadata_context,manual_disposition_confirmation; sponsor_or_member_target; committee_action_influence; roll_call_influence; legislative_outcome_causality; public_benefit_or_welfare_validation; causal_capture_validation; model_validation,https://lda.gov/filings/public/filing/d71683c9-433e-4eeb-bb04-431870a5ff16/print/; https://lda.gov/api/v1/filings/d71683c9-433e-4eeb-bb04-431870a5ff16/; https://www.congress.gov/bill/117th-congress/hr-bill/5376; https://api.congress.gov/v3/bill/117/hr/5376,"LDA disposition/target source-review queue only; deterministic text signals and possible target references are not manual disposition confirmation, sponsor/member targeting evidence, committee-action influence, roll-call influence, legislative-outcome causality, public benefit, welfare, causal capture, or model validation."
227,d13c7ce408aedb2d,low,no,bill_reference_only_no_disposition_or_target_signal,117-hr-5376,117-169,Economics and Public Finance,Y000062,1,1,1,d71683c9-433e-4eeb-bb04-431870a5ff16,2021,3rd Quarter (July 1 - Sep 30),OREGON STATE UNIVERSITY,OREGON STATE UNIVERSITY,Agriculture,HR 5376,exact_bill_text_bill_list_or_title_only,bill_reference_without_disposition_signal,none_detected,none_detected,none_detected,house_and_senate_entities_disclosed,not_detected_in_activity_text,chamber_entity_context_only_no_specific_target_detected,"Food, agriculture, and wildfire research; agriculture research infrastructure grants (HR 5376 Build Back Better Act)",Keep as bill-reference context unless later target/outcome review needs it.,official_lda_filing_text_bill_identifier; official_lda_activity_text_source_review; deterministic_activity_text_position_signal; disposition_target_review_queue; congressgov_bill_action_metadata_context,manual_disposition_confirmation; sponsor_or_member_target; committee_action_influence; roll_call_influence; legislative_outcome_causality; public_benefit_or_welfare_validation; causal_capture_validation; model_validation,https://lda.gov/filings/public/filing/d71683c9-433e-4eeb-bb04-431870a5ff16/print/; https://lda.gov/api/v1/filings/d71683c9-433e-4eeb-bb04-431870a5ff16/; https://www.congress.gov/bill/117th-congress/hr-bill/5376; https://api.congress.gov/v3/bill/117/hr/5376,"LDA disposition/target source-review queue only; deterministic text signals and possible target references are not manual disposition confirmation, sponsor/member targeting evidence, committee-action influence, roll-call influence, legislative-outcome causality, public benefit, welfare, causal capture, or model validation."
228,0dcd0c937e76d831,low,no,bill_reference_only_no_disposition_or_target_signal,117-hr-5376,117-169,Economics and Public Finance,Y000062,1,1,1,ca256faa-d123-4e19-94da-0c89129564cd,2021,3rd Quarter (July 1 - Sep 30),"SELF-INSURANCE INSTITUTE OF AMERICA, INC.",CALMETTO MANAGEMENT GROUP,Taxation/Internal Revenue Code,H.R. 5376,exact_bill_text_bill_list_or_title_only,bill_reference_without_disposition_signal,none_detected,none_detected,none_detected,house_senate_and_agency_entities_disclosed,not_detected_in_activity_text,chamber_entity_context_only_no_specific_target_detected,"Issues pertaining to captive insurance, IRC Section 831(b) and health care related taxes. Tax issues contained in H.R. 5376",Keep as bill-reference context unless later target/outcome review needs it.,official_lda_filing_text_bill_identifier; official_lda_activity_text_source_review; deterministic_activity_text_position_signal; disposition_target_review_queue; congressgov_bill_action_metadata_context,manual_disposition_confirmation; sponsor_or_member_target; committee_action_influence; roll_call_influence; legislative_outcome_causality; public_benefit_or_welfare_validation; causal_capture_validation; model_validation,https://lda.gov/filings/public/filing/ca256faa-d123-4e19-94da-0c89129564cd/print/; https://lda.gov/api/v1/filings/ca256faa-d123-4e19-94da-0c89129564cd/; https://www.congress.gov/bill/117th-congress/hr-bill/5376; https://api.congress.gov/v3/bill/117/hr/5376,"LDA disposition/target source-review queue only; deterministic text signals and possible target references are not manual disposition confirmation, sponsor/member targeting evidence, committee-action influence, roll-call influence, legislative-outcome causality, public benefit, welfare, causal capture, or model validation."
229,66390390b7a1f9b4,low,no,bill_reference_only_no_disposition_or_target_signal,117-hr-5376,117-169,Economics and Public Finance,Y000062,1,1,1,ca256faa-d123-4e19-94da-0c89129564cd,2021,3rd Quarter (July 1 - Sep 30),"SELF-INSURANCE INSTITUTE OF AMERICA, INC.",CALMETTO MANAGEMENT GROUP,Health Issues,H.R. 5376,exact_bill_text_bill_list_or_title_only,bill_reference_without_disposition_signal,none_detected,none_detected,none_detected,house_senate_and_agency_entities_disclosed,not_detected_in_activity_text,chamber_entity_context_only_no_specific_target_detected,...sparency Implementation of surprise billing and health transparency provisions in Consolidated Appropriations Act of 2021 (HR 133 - 116th) Healthcare issues contained in H.R. 5376,Keep as bill-reference context unless later target/outcome review needs it.,official_lda_filing_text_bill_identifier; official_lda_activity_text_source_review; deterministic_activity_text_position_signal; disposition_target_review_queue; congressgov_bill_action_metadata_context,manual_disposition_confirmation; sponsor_or_member_target; committee_action_influence; roll_call_influence; legislative_outcome_causality; public_benefit_or_welfare_validation; causal_capture_validation; model_validation,https://lda.gov/filings/public/filing/ca256faa-d123-4e19-94da-0c89129564cd/print/; https://lda.gov/api/v1/filings/ca256faa-d123-4e19-94da-0c89129564cd/; https://www.congress.gov/bill/117th-congress/hr-bill/5376; https://api.congress.gov/v3/bill/117/hr/5376,"LDA disposition/target source-review queue only; deterministic text signals and possible target references are not manual disposition confirmation, sponsor/member targeting evidence, committee-action influence, roll-call influence, legislative-outcome causality, public benefit, welfare, causal capture, or model validation."
230,a5aecfd04726f016,low,no,bill_reference_only_no_disposition_or_target_signal,117-hr-5376,117-169,Economics and Public Finance,Y000062,1,1,1,c5997d63-a977-4cfb-b168-cd644b9f0f45,2021,3rd Quarter (July 1 - Sep 30),SIGNIFY LIGHTING NORTH AMERICA CORPORATION,POLSINELLI PC,Energy/Nuclear,HR 5376,exact_bill_text_bill_list_or_title_only,bill_reference_without_disposition_signal,none_detected,none_detected,none_detected,house_senate_and_agency_entities_disclosed,not_detected_in_activity_text,chamber_entity_context_only_no_specific_target_detected,HR 1512-CLEAN Future Act HR 1848-LIFT America Act HR 5376-Build Back Better Act,Keep as bill-reference context unless later target/outcome review needs it.,official_lda_filing_text_bill_identifier; official_lda_activity_text_source_review; deterministic_activity_text_position_signal; disposition_target_review_queue; congressgov_bill_action_metadata_context,manual_disposition_confirmation; sponsor_or_member_target; committee_action_influence; roll_call_influence; legislative_outcome_causality; public_benefit_or_welfare_validation; causal_capture_validation; model_validation,https://lda.gov/filings/public/filing/c5997d63-a977-4cfb-b168-cd644b9f0f45/print/; https://lda.gov/api/v1/filings/c5997d63-a977-4cfb-b168-cd644b9f0f45/; https://www.congress.gov/bill/117th-congress/hr-bill/5376; https://api.congress.gov/v3/bill/117/hr/5376,"LDA disposition/target source-review queue only; deterministic text signals and possible target references are not manual disposition confirmation, sponsor/member targeting evidence, committee-action influence, roll-call influence, legislative-outcome causality, public benefit, welfare, causal capture, or model validation."
231,2c2bee443e39e8f5,low,no,bill_reference_only_no_disposition_or_target_signal,117-hr-5376,117-169,Economics and Public Finance,Y000062,1,1,1,1999713c-809b-4609-ab2f-6bc42de4e722,2022,1st Quarter (Jan 1 - Mar 31),AMERICAN CHIROPRACTIC ASSOCIATION,AMERICAN CHIROPRACTIC ASSOCIATION,Medicare/Medicaid,HR 5376,exact_bill_text_bill_list_or_title_only,bill_reference_without_disposition_signal,none_detected,none_detected,none_detected,house_and_senate_entities_disclosed,not_detected_in_activity_text,chamber_entity_context_only_no_specific_target_detected,"...edicare Coverage Modernization Act, to allow Medicare beneficiaries access to full range of Medicare-covered benefits allowed under a chiropractor's state licensure. 3.) HR 5376, Build Back Better Act, to to allow Medicare beneficiaries access to full range of Medicare-covered benefits allowed under a chiropractor's state licensure. 4.) House/Se...",Keep as bill-reference context unless later target/outcome review needs it.,official_lda_filing_text_bill_identifier; official_lda_activity_text_source_review; deterministic_activity_text_position_signal; disposition_target_review_queue; congressgov_bill_action_metadata_context,manual_disposition_confirmation; sponsor_or_member_target; committee_action_influence; roll_call_influence; legislative_outcome_causality; public_benefit_or_welfare_validation; causal_capture_validation; model_validation,https://lda.gov/filings/public/filing/1999713c-809b-4609-ab2f-6bc42de4e722/print/; https://lda.gov/api/v1/filings/1999713c-809b-4609-ab2f-6bc42de4e722/; https://www.congress.gov/bill/117th-congress/hr-bill/5376; https://api.congress.gov/v3/bill/117/hr/5376,"LDA disposition/target source-review queue only; deterministic text signals and possible target references are not manual disposition confirmation, sponsor/member targeting evidence, committee-action influence, roll-call influence, legislative-outcome causality, public benefit, welfare, causal capture, or model validation."
232,10cc0ebe5f1aec33,low,no,bill_reference_only_no_disposition_or_target_signal,117-hr-5376,117-169,Economics and Public Finance,Y000062,1,1,1,88a12d3e-1913-4036-bbb2-f54431321669,2022,1st Quarter (Jan 1 - Mar 31),"AT&T SERVICES, INC (FORMERLY SBC COMMUNICATIONS, INC.)",LAW OFFICES OF BERNARD WUNDER (FKA WUNDER & LILLEY),Telecommunications,HR 5376,exact_bill_text_bill_list_or_title_only,bill_reference_without_disposition_signal,none_detected,none_detected,none_detected,house_and_senate_entities_disclosed,not_detected_in_activity_text,chamber_entity_context_only_no_specific_target_detected,"HR 5376(Build Back Better), hr 4445(arbitration)",Keep as bill-reference context unless later target/outcome review needs it.,official_lda_filing_text_bill_identifier; official_lda_activity_text_source_review; deterministic_activity_text_position_signal; disposition_target_review_queue; congressgov_bill_action_metadata_context,manual_disposition_confirmation; sponsor_or_member_target; committee_action_influence; roll_call_influence; legislative_outcome_causality; public_benefit_or_welfare_validation; causal_capture_validation; model_validation,https://lda.gov/filings/public/filing/88a12d3e-1913-4036-bbb2-f54431321669/print/; https://lda.gov/api/v1/filings/88a12d3e-1913-4036-bbb2-f54431321669/; https://www.congress.gov/bill/117th-congress/hr-bill/5376; https://api.congress.gov/v3/bill/117/hr/5376,"LDA disposition/target source-review queue only; deterministic text signals and possible target references are not manual disposition confirmation, sponsor/member targeting evidence, committee-action influence, roll-call influence, legislative-outcome causality, public benefit, welfare, causal capture, or model validation."
233,ae4427e43c61029e,low,no,bill_reference_only_no_disposition_or_target_signal,117-hr-5376,117-169,Economics and Public Finance,Y000062,1,1,1,2867480a-52ef-4283-be78-64e958c67fba,2022,1st Quarter (Jan 1 - Mar 31),BLUE BIRD BODY COMPANY,"NATIONAL STRATEGIES, LLC",Automotive Industry,HR 5376,exact_bill_text_bill_list_or_title_only,bill_reference_without_disposition_signal,none_detected,none_detected,none_detected,single_chamber_entity_disclosed,not_detected_in_activity_text,chamber_entity_context_only_no_specific_target_detected,"HR 3684, Infrastructure Investment and Jobs Act, including implementation and HR 5376, Build Back Better Act - all pertaining to programs to advance the deployment of school buses in the United States",Keep as bill-reference context unless later target/outcome review needs it.,official_lda_filing_text_bill_identifier; official_lda_activity_text_source_review; deterministic_activity_text_position_signal; disposition_target_review_queue; congressgov_bill_action_metadata_context,manual_disposition_confirmation; sponsor_or_member_target; committee_action_influence; roll_call_influence; legislative_outcome_causality; public_benefit_or_welfare_validation; causal_capture_validation; model_validation,https://lda.gov/filings/public/filing/2867480a-52ef-4283-be78-64e958c67fba/print/; https://lda.gov/api/v1/filings/2867480a-52ef-4283-be78-64e958c67fba/; https://www.congress.gov/bill/117th-congress/hr-bill/5376; https://api.congress.gov/v3/bill/117/hr/5376,"LDA disposition/target source-review queue only; deterministic text signals and possible target references are not manual disposition confirmation, sponsor/member targeting evidence, committee-action influence, roll-call influence, legislative-outcome causality, public benefit, welfare, causal capture, or model validation."
234,59f8c58bbf5b0886,low,no,bill_reference_only_no_disposition_or_target_signal,117-hr-5376,117-169,Economics and Public Finance,Y000062,1,1,1,d57ce59a-850f-4fb4-bbe3-8037b6fdf8f2,2022,1st Quarter (Jan 1 - Mar 31),COLLEGE OF AMERICAN PATHOLOGISTS,COLLEGE OF AMERICAN PATHOLOGISTS,Health Issues,HR 5376,exact_bill_text_bill_list_or_title_only,bill_reference_without_disposition_signal,none_detected,none_detected,none_detected,house_and_senate_entities_disclosed,not_detected_in_activity_text,chamber_entity_context_only_no_specific_target_detected,...of 2021 HR2503 Social Determinants Accelerator Act HR. 379 - Improving Social Determinants of Health Act of 2021 S 3506 The Strengthening the Public Health Workforce Act HR 5376 Build Back Better Act HR 6578 Public Health Workforce Loan Repayment Act HR 6000 Cures 2.0 HR 1868 - to prevent across-the-board direct spending cuts and other purposes...,Keep as bill-reference context unless later target/outcome review needs it.,official_lda_filing_text_bill_identifier; official_lda_activity_text_source_review; deterministic_activity_text_position_signal; disposition_target_review_queue; congressgov_bill_action_metadata_context,manual_disposition_confirmation; sponsor_or_member_target; committee_action_influence; roll_call_influence; legislative_outcome_causality; public_benefit_or_welfare_validation; causal_capture_validation; model_validation,https://lda.gov/filings/public/filing/d57ce59a-850f-4fb4-bbe3-8037b6fdf8f2/print/; https://lda.gov/api/v1/filings/d57ce59a-850f-4fb4-bbe3-8037b6fdf8f2/; https://www.congress.gov/bill/117th-congress/hr-bill/5376; https://api.congress.gov/v3/bill/117/hr/5376,"LDA disposition/target source-review queue only; deterministic text signals and possible target references are not manual disposition confirmation, sponsor/member targeting evidence, committee-action influence, roll-call influence, legislative-outcome causality, public benefit, welfare, causal capture, or model validation."
235,7555257c0aacf395,low,no,bill_reference_only_no_disposition_or_target_signal,117-hr-5376,117-169,Economics and Public Finance,Y000062,1,1,1,d57ce59a-850f-4fb4-bbe3-8037b6fdf8f2,2022,1st Quarter (Jan 1 - Mar 31),COLLEGE OF AMERICAN PATHOLOGISTS,COLLEGE OF AMERICAN PATHOLOGISTS,Medicare/Medicaid,HR 5376,exact_bill_text_bill_list_or_title_only,bill_reference_without_disposition_signal,none_detected,none_detected,none_detected,house_and_senate_entities_disclosed,not_detected_in_activity_text,chamber_entity_context_only_no_specific_target_detected,S.510 - Protecting Medicare and American Farmers from Sequester Cuts Act of 2021 HR 5376 Build Back Better Act HR 8702 & S 5007 - the Holding Providers Harmless From Medicare Cuts During COVID-19 Act of 2020 HR 8505 - to amend Title XVIII of the SS Act to pr...,Keep as bill-reference context unless later target/outcome review needs it.,official_lda_filing_text_bill_identifier; official_lda_activity_text_source_review; deterministic_activity_text_position_signal; disposition_target_review_queue; congressgov_bill_action_metadata_context,manual_disposition_confirmation; sponsor_or_member_target; committee_action_influence; roll_call_influence; legislative_outcome_causality; public_benefit_or_welfare_validation; causal_capture_validation; model_validation,https://lda.gov/filings/public/filing/d57ce59a-850f-4fb4-bbe3-8037b6fdf8f2/print/; https://lda.gov/api/v1/filings/d57ce59a-850f-4fb4-bbe3-8037b6fdf8f2/; https://www.congress.gov/bill/117th-congress/hr-bill/5376; https://api.congress.gov/v3/bill/117/hr/5376,"LDA disposition/target source-review queue only; deterministic text signals and possible target references are not manual disposition confirmation, sponsor/member targeting evidence, committee-action influence, roll-call influence, legislative-outcome causality, public benefit, welfare, causal capture, or model validation."
236,23f393995fef6cb7,low,no,bill_reference_only_no_disposition_or_target_signal,117-hr-5376,117-169,Economics and Public Finance,Y000062,1,1,1,a73b0301-1024-40e0-84d2-cb5660d47bc5,2022,1st Quarter (Jan 1 - Mar 31),ENERGY INFRASTRUCTURE COUNCIL FKA MASTER LIMITED PARTNERSHIP ASSOCIATION,"ZIEBART CONSULTING, LLC",Taxation/Internal Revenue Code,HR 5376,exact_bill_text_bill_list_or_title_only,bill_reference_without_disposition_signal,none_detected,none_detected,none_detected,house_senate_and_agency_entities_disclosed,not_detected_in_activity_text,chamber_entity_context_only_no_specific_target_detected,"...ure companies, including S 1034 and HR 2291, the ""Financing Our Energy Future Act,"" S 627 and HR 1684, the ""Energy Storage Tax Incentive and Deployment Act of 2021,"" and HR 5376, the ""Build Back Better Act.""",Keep as bill-reference context unless later target/outcome review needs it.,official_lda_filing_text_bill_identifier; official_lda_activity_text_source_review; deterministic_activity_text_position_signal; disposition_target_review_queue; congressgov_bill_action_metadata_context,manual_disposition_confirmation; sponsor_or_member_target; committee_action_influence; roll_call_influence; legislative_outcome_causality; public_benefit_or_welfare_validation; causal_capture_validation; model_validation,https://lda.gov/filings/public/filing/a73b0301-1024-40e0-84d2-cb5660d47bc5/print/; https://lda.gov/api/v1/filings/a73b0301-1024-40e0-84d2-cb5660d47bc5/; https://www.congress.gov/bill/117th-congress/hr-bill/5376; https://api.congress.gov/v3/bill/117/hr/5376,"LDA disposition/target source-review queue only; deterministic text signals and possible target references are not manual disposition confirmation, sponsor/member targeting evidence, committee-action influence, roll-call influence, legislative-outcome causality, public benefit, welfare, causal capture, or model validation."
237,49f5c19e6d716e81,low,no,bill_reference_only_no_disposition_or_target_signal,117-hr-5376,117-169,Economics and Public Finance,Y000062,1,1,1,37f38fc8-7eb9-4663-9ddb-95dce769c96c,2022,1st Quarter (Jan 1 - Mar 31),GENERAL CIGAR CO INC,"ALPINE GROUP PARTNERS, LLC.",Taxation/Internal Revenue Code,HR 5376,exact_bill_text_bill_list_or_title_only,bill_reference_without_disposition_signal,none_detected,none_detected,none_detected,house_and_senate_entities_disclosed,not_detected_in_activity_text,chamber_entity_context_only_no_specific_target_detected,"...elated to economic impact payments enacted as part of the The Coronavirus Aid, Relief, and Economic Security Act of 2020 and American Rescue Plan Act of 2021 (H.R. 1319) HR 5376, the Build Back Better Act.",Keep as bill-reference context unless later target/outcome review needs it.,official_lda_filing_text_bill_identifier; official_lda_activity_text_source_review; deterministic_activity_text_position_signal; disposition_target_review_queue; congressgov_bill_action_metadata_context,manual_disposition_confirmation; sponsor_or_member_target; committee_action_influence; roll_call_influence; legislative_outcome_causality; public_benefit_or_welfare_validation; causal_capture_validation; model_validation,https://lda.gov/filings/public/filing/37f38fc8-7eb9-4663-9ddb-95dce769c96c/print/; https://lda.gov/api/v1/filings/37f38fc8-7eb9-4663-9ddb-95dce769c96c/; https://www.congress.gov/bill/117th-congress/hr-bill/5376; https://api.congress.gov/v3/bill/117/hr/5376,"LDA disposition/target source-review queue only; deterministic text signals and possible target references are not manual disposition confirmation, sponsor/member targeting evidence, committee-action influence, roll-call influence, legislative-outcome causality, public benefit, welfare, causal capture, or model validation."
238,56c3f53ba63cbc2a,low,no,bill_reference_only_no_disposition_or_target_signal,117-hr-5376,117-169,Economics and Public Finance,Y000062,1,1,1,37f38fc8-7eb9-4663-9ddb-95dce769c96c,2022,1st Quarter (Jan 1 - Mar 31),GENERAL CIGAR CO INC,"ALPINE GROUP PARTNERS, LLC.",Tobacco,HR 5376,exact_bill_text_bill_list_or_title_only,bill_reference_without_disposition_signal,none_detected,none_detected,none_detected,house_and_senate_entities_disclosed,not_detected_in_activity_text,chamber_entity_context_only_no_specific_target_detected,"S. 411, the Mothers and Offspring Mortality and Morbidity Awareness Act. HR 5376, the Build Back Better Act.",Keep as bill-reference context unless later target/outcome review needs it.,official_lda_filing_text_bill_identifier; official_lda_activity_text_source_review; deterministic_activity_text_position_signal; disposition_target_review_queue; congressgov_bill_action_metadata_context,manual_disposition_confirmation; sponsor_or_member_target; committee_action_influence; roll_call_influence; legislative_outcome_causality; public_benefit_or_welfare_validation; causal_capture_validation; model_validation,https://lda.gov/filings/public/filing/37f38fc8-7eb9-4663-9ddb-95dce769c96c/print/; https://lda.gov/api/v1/filings/37f38fc8-7eb9-4663-9ddb-95dce769c96c/; https://www.congress.gov/bill/117th-congress/hr-bill/5376; https://api.congress.gov/v3/bill/117/hr/5376,"LDA disposition/target source-review queue only; deterministic text signals and possible target references are not manual disposition confirmation, sponsor/member targeting evidence, committee-action influence, roll-call influence, legislative-outcome causality, public benefit, welfare, causal capture, or model validation."
239,f69d28a51908f6ca,low,no,bill_reference_only_no_disposition_or_target_signal,117-hr-5376,117-169,Economics and Public Finance,Y000062,1,1,1,5717ac64-f36b-4164-9a5b-3fe69dbd15fd,2022,1st Quarter (Jan 1 - Mar 31),GENERAL DYNAMICS CORPORATION,"MELTSNER STRATEGIES, LLC",Taxation/Internal Revenue Code,HR 5376,exact_bill_text_bill_list_or_title_only,bill_reference_without_disposition_signal,none_detected,none_detected,none_detected,house_and_senate_entities_disclosed,not_detected_in_activity_text,chamber_entity_context_only_no_specific_target_detected,"HR 1304, S 749: American Innovation and R&D Competitiveness Act; the continuation of Section 174, R&D Research and Development deductions in HR 5376, Build Back Better Reconciliation bill.",Keep as bill-reference context unless later target/outcome review needs it.,official_lda_filing_text_bill_identifier; official_lda_activity_text_source_review; deterministic_activity_text_position_signal; disposition_target_review_queue; congressgov_bill_action_metadata_context,manual_disposition_confirmation; sponsor_or_member_target; committee_action_influence; roll_call_influence; legislative_outcome_causality; public_benefit_or_welfare_validation; causal_capture_validation; model_validation,https://lda.gov/filings/public/filing/5717ac64-f36b-4164-9a5b-3fe69dbd15fd/print/; https://lda.gov/api/v1/filings/5717ac64-f36b-4164-9a5b-3fe69dbd15fd/; https://www.congress.gov/bill/117th-congress/hr-bill/5376; https://api.congress.gov/v3/bill/117/hr/5376,"LDA disposition/target source-review queue only; deterministic text signals and possible target references are not manual disposition confirmation, sponsor/member targeting evidence, committee-action influence, roll-call influence, legislative-outcome causality, public benefit, welfare, causal capture, or model validation."
240,50c9d76981d49d56,low,no,bill_reference_only_no_disposition_or_target_signal,117-hr-5376,117-169,Economics and Public Finance,Y000062,1,1,1,dc2225f6-036b-479d-88a0-449bbbed2b97,2022,1st Quarter (Jan 1 - Mar 31),LEADING BUILDERS OF AMERICA,KENNETH GEAR,Banking,HR 5376,exact_bill_text_bill_list_or_title_only,bill_reference_without_disposition_signal,none_detected,none_detected,none_detected,house_and_senate_entities_disclosed,not_detected_in_activity_text,chamber_entity_context_only_no_specific_target_detected,...Act of 2020 HR 3684 - Investing in a New Vision for the Environment and Surface Transportation in America Act or the INVEST in America Act - Section on Extending G-Fees HR 5376 Provisions imposing G-fees on mortgages,Keep as bill-reference context unless later target/outcome review needs it.,official_lda_filing_text_bill_identifier; official_lda_activity_text_source_review; deterministic_activity_text_position_signal; disposition_target_review_queue; congressgov_bill_action_metadata_context,manual_disposition_confirmation; sponsor_or_member_target; committee_action_influence; roll_call_influence; legislative_outcome_causality; public_benefit_or_welfare_validation; causal_capture_validation; model_validation,https://lda.gov/filings/public/filing/dc2225f6-036b-479d-88a0-449bbbed2b97/print/; https://lda.gov/api/v1/filings/dc2225f6-036b-479d-88a0-449bbbed2b97/; https://www.congress.gov/bill/117th-congress/hr-bill/5376; https://api.congress.gov/v3/bill/117/hr/5376,"LDA disposition/target source-review queue only; deterministic text signals and possible target references are not manual disposition confirmation, sponsor/member targeting evidence, committee-action influence, roll-call influence, legislative-outcome causality, public benefit, welfare, causal capture, or model validation."
241,7451092e207603a5,low,no,bill_reference_only_no_disposition_or_target_signal,117-hr-5376,117-169,Economics and Public Finance,Y000062,1,1,1,087fc963-4163-4796-b79d-cf907636cf9b,2022,1st Quarter (Jan 1 - Mar 31),MOTORCYCLE INDUSTRY COUNCIL,MOTORCYCLE INDUSTRY COUNCIL,Taxation/Internal Revenue Code,HR 5376,exact_bill_text_bill_list_or_title_only,bill_reference_without_disposition_signal,none_detected,none_detected,none_detected,house_and_senate_entities_disclosed,not_detected_in_activity_text,chamber_entity_context_only_no_specific_target_detected,2- and 3-wheel Electric Vehicle Tax Credits Expansion of Electric Vehicle Tax Credits to off-highway vehicles HR 5376 Build Back Better bill,Keep as bill-reference context unless later target/outcome review needs it.,official_lda_filing_text_bill_identifier; official_lda_activity_text_source_review; deterministic_activity_text_position_signal; disposition_target_review_queue; congressgov_bill_action_metadata_context,manual_disposition_confirmation; sponsor_or_member_target; committee_action_influence; roll_call_influence; legislative_outcome_causality; public_benefit_or_welfare_validation; causal_capture_validation; model_validation,https://lda.gov/filings/public/filing/087fc963-4163-4796-b79d-cf907636cf9b/print/; https://lda.gov/api/v1/filings/087fc963-4163-4796-b79d-cf907636cf9b/; https://www.congress.gov/bill/117th-congress/hr-bill/5376; https://api.congress.gov/v3/bill/117/hr/5376,"LDA disposition/target source-review queue only; deterministic text signals and possible target references are not manual disposition confirmation, sponsor/member targeting evidence, committee-action influence, roll-call influence, legislative-outcome causality, public benefit, welfare, causal capture, or model validation."
242,d13ba8c7bcba99b0,low,no,bill_reference_only_no_disposition_or_target_signal,117-hr-5376,117-169,Economics and Public Finance,Y000062,1,1,1,59ec6ed3-cb33-4faa-aa7c-bcd208e3e58d,2022,1st Quarter (Jan 1 - Mar 31),NATIONAL ONSITE WASTEWATER RECYCLING ASSOCIATION,POLSINELLI PC,Clean Air and Water (quality),HR 5376,exact_bill_text_bill_list_or_title_only,bill_reference_without_disposition_signal,none_detected,none_detected,none_detected,house_senate_and_agency_entities_disclosed,not_detected_in_activity_text,chamber_entity_context_only_no_specific_target_detected,HR 6591 Protecting Infrastructure and Promoting Environmental Stewardship Act (PIPES) - HR 5376 Build Back Better Act,Keep as bill-reference context unless later target/outcome review needs it.,official_lda_filing_text_bill_identifier; official_lda_activity_text_source_review; deterministic_activity_text_position_signal; disposition_target_review_queue; congressgov_bill_action_metadata_context,manual_disposition_confirmation; sponsor_or_member_target; committee_action_influence; roll_call_influence; legislative_outcome_causality; public_benefit_or_welfare_validation; causal_capture_validation; model_validation,https://lda.gov/filings/public/filing/59ec6ed3-cb33-4faa-aa7c-bcd208e3e58d/print/; https://lda.gov/api/v1/filings/59ec6ed3-cb33-4faa-aa7c-bcd208e3e58d/; https://www.congress.gov/bill/117th-congress/hr-bill/5376; https://api.congress.gov/v3/bill/117/hr/5376,"LDA disposition/target source-review queue only; deterministic text signals and possible target references are not manual disposition confirmation, sponsor/member targeting evidence, committee-action influence, roll-call influence, legislative-outcome causality, public benefit, welfare, causal capture, or model validation."
243,ea124464f2476f7f,low,no,bill_reference_only_no_disposition_or_target_signal,117-hr-5376,117-169,Economics and Public Finance,Y000062,1,1,1,ff9af9af-b94d-4724-b3bd-dd9224963597,2022,1st Quarter (Jan 1 - Mar 31),PUBLIC CITIZEN,PUBLIC CITIZEN,Pharmacy,HR 5376,exact_bill_text_bill_list_or_title_only,bill_reference_without_disposition_signal,none_detected,none_detected,none_detected,house_and_senate_entities_disclosed,not_detected_in_activity_text,chamber_entity_context_only_no_specific_target_detected,"HR 5376-Build Back Better Act-drug pricing measures, pandemic preparedness and vaccine manufacturing, HR 6000 (CURES 2.0) antimicrobial development provisions, HR 4502-FY22 Cons...",Keep as bill-reference context unless later target/outcome review needs it.,official_lda_filing_text_bill_identifier; official_lda_activity_text_source_review; deterministic_activity_text_position_signal; disposition_target_review_queue; congressgov_bill_action_metadata_context,manual_disposition_confirmation; sponsor_or_member_target; committee_action_influence; roll_call_influence; legislative_outcome_causality; public_benefit_or_welfare_validation; causal_capture_validation; model_validation,https://lda.gov/filings/public/filing/ff9af9af-b94d-4724-b3bd-dd9224963597/print/; https://lda.gov/api/v1/filings/ff9af9af-b94d-4724-b3bd-dd9224963597/; https://www.congress.gov/bill/117th-congress/hr-bill/5376; https://api.congress.gov/v3/bill/117/hr/5376,"LDA disposition/target source-review queue only; deterministic text signals and possible target references are not manual disposition confirmation, sponsor/member targeting evidence, committee-action influence, roll-call influence, legislative-outcome causality, public benefit, welfare, causal capture, or model validation."
244,28863b692e0c3894,low,no,bill_reference_only_no_disposition_or_target_signal,117-hr-5376,117-169,Economics and Public Finance,Y000062,1,1,1,bc3c649e-d69c-4c6a-a82d-084eb64fcad5,2022,1st Quarter (Jan 1 - Mar 31),SIGNIFY LIGHTING NORTH AMERICA CORPORATION,POLSINELLI PC,Energy/Nuclear,HR 5376,exact_bill_text_bill_list_or_title_only,bill_reference_without_disposition_signal,none_detected,none_detected,none_detected,house_senate_and_agency_entities_disclosed,not_detected_in_activity_text,chamber_entity_context_only_no_specific_target_detected,HR 1512-CLEAN Future Act HR 1398/S 122 FRESH Air for Business Act HR 5376-Build Back Better Act HR 1485/S 531 Open Back Better Act,Keep as bill-reference context unless later target/outcome review needs it.,official_lda_filing_text_bill_identifier; official_lda_activity_text_source_review; deterministic_activity_text_position_signal; disposition_target_review_queue; congressgov_bill_action_metadata_context,manual_disposition_confirmation; sponsor_or_member_target; committee_action_influence; roll_call_influence; legislative_outcome_causality; public_benefit_or_welfare_validation; causal_capture_validation; model_validation,https://lda.gov/filings/public/filing/bc3c649e-d69c-4c6a-a82d-084eb64fcad5/print/; https://lda.gov/api/v1/filings/bc3c649e-d69c-4c6a-a82d-084eb64fcad5/; https://www.congress.gov/bill/117th-congress/hr-bill/5376; https://api.congress.gov/v3/bill/117/hr/5376,"LDA disposition/target source-review queue only; deterministic text signals and possible target references are not manual disposition confirmation, sponsor/member targeting evidence, committee-action influence, roll-call influence, legislative-outcome causality, public benefit, welfare, causal capture, or model validation."
245,01c90cf5095d2417,low,no,bill_reference_only_no_disposition_or_target_signal,117-hr-5376,117-169,Economics and Public Finance,Y000062,1,1,1,4e4f31e4-4bfe-4306-bc00-b5a8fee71707,2022,1st Quarter (Jan 1 - Mar 31),"VOLTA INDUSTRIES, INC.",HOLLAND & KNIGHT LLP,Energy/Nuclear,HR 5376,exact_bill_text_bill_list_or_title_only,bill_reference_without_disposition_signal,none_detected,none_detected,none_detected,house_and_senate_entities_disclosed,not_detected_in_activity_text,chamber_entity_context_only_no_specific_target_detected,"HR 5376, Build Back Better Act.",Keep as bill-reference context unless later target/outcome review needs it.,official_lda_filing_text_bill_identifier; official_lda_activity_text_source_review; deterministic_activity_text_position_signal; disposition_target_review_queue; congressgov_bill_action_metadata_context,manual_disposition_confirmation; sponsor_or_member_target; committee_action_influence; roll_call_influence; legislative_outcome_causality; public_benefit_or_welfare_validation; causal_capture_validation; model_validation,https://lda.gov/filings/public/filing/4e4f31e4-4bfe-4306-bc00-b5a8fee71707/print/; https://lda.gov/api/v1/filings/4e4f31e4-4bfe-4306-bc00-b5a8fee71707/; https://www.congress.gov/bill/117th-congress/hr-bill/5376; https://api.congress.gov/v3/bill/117/hr/5376,"LDA disposition/target source-review queue only; deterministic text signals and possible target references are not manual disposition confirmation, sponsor/member targeting evidence, committee-action influence, roll-call influence, legislative-outcome causality, public benefit, welfare, causal capture, or model validation."
246,9aa7a28333369ed3,low,no,bill_reference_only_no_disposition_or_target_signal,117-hr-5376,117-169,Economics and Public Finance,Y000062,1,1,1,4e4f31e4-4bfe-4306-bc00-b5a8fee71707,2022,1st Quarter (Jan 1 - Mar 31),"VOLTA INDUSTRIES, INC.",HOLLAND & KNIGHT LLP,Taxation/Internal Revenue Code,HR 5376,exact_bill_text_bill_list_or_title_only,bill_reference_without_disposition_signal,none_detected,none_detected,none_detected,house_and_senate_entities_disclosed,not_detected_in_activity_text,chamber_entity_context_only_no_specific_target_detected,"Section 30C tax credit for electric vehicle infrastructure; HR 5376, Build Back Better Act.",Keep as bill-reference context unless later target/outcome review needs it.,official_lda_filing_text_bill_identifier; official_lda_activity_text_source_review; deterministic_activity_text_position_signal; disposition_target_review_queue; congressgov_bill_action_metadata_context,manual_disposition_confirmation; sponsor_or_member_target; committee_action_influence; roll_call_influence; legislative_outcome_causality; public_benefit_or_welfare_validation; causal_capture_validation; model_validation,https://lda.gov/filings/public/filing/4e4f31e4-4bfe-4306-bc00-b5a8fee71707/print/; https://lda.gov/api/v1/filings/4e4f31e4-4bfe-4306-bc00-b5a8fee71707/; https://www.congress.gov/bill/117th-congress/hr-bill/5376; https://api.congress.gov/v3/bill/117/hr/5376,"LDA disposition/target source-review queue only; deterministic text signals and possible target references are not manual disposition confirmation, sponsor/member targeting evidence, committee-action influence, roll-call influence, legislative-outcome causality, public benefit, welfare, causal capture, or model validation."
247,a47ea389dc866b44,low,no,bill_reference_only_no_disposition_or_target_signal,117-hr-6604,117-297,Armed Forces and National Security,B001260,1,1,1,5ba8e5e8-5f8b-4743-a526-c0c8d829a572,2022,1st Quarter (Jan 1 - Mar 31),DISABLED AMERICAN VETERANS,DISABLED AMERICAN VETERANS,Veterans,HR 6604,exact_bill_text_bill_list_or_title_only,bill_reference_without_disposition_signal,none_detected,none_detected,none_detected,house_senate_and_agency_entities_disclosed,not_detected_in_activity_text,chamber_entity_context_only_no_specific_target_detected,"...R 5918, HR 5927, HR 5928, HR 5941, HR 5986, HR 6098, HR 6124, HR 6307, HR 6322, HR 6332, HR 6347, HR 6376, HR 6411, HR 6421, HR 6425, HR 6441, HR 6445, HR 6464, HR 6543, HR 6604, HR 6647, S 1151, S 1307, S 1468, S 2059, S 2195, S 2627, S 2692, S 3304, S 3541, S 3548, S 3820, S 3851, S 3854",Keep as bill-reference context unless later target/outcome review needs it.,official_lda_filing_text_bill_identifier; official_lda_activity_text_source_review; deterministic_activity_text_position_signal; disposition_target_review_queue; congressgov_bill_action_metadata_context,manual_disposition_confirmation; sponsor_or_member_target; committee_action_influence; roll_call_influence; legislative_outcome_causality; public_benefit_or_welfare_validation; causal_capture_validation; model_validation,https://lda.gov/filings/public/filing/5ba8e5e8-5f8b-4743-a526-c0c8d829a572/print/; https://lda.gov/api/v1/filings/5ba8e5e8-5f8b-4743-a526-c0c8d829a572/; https://www.congress.gov/bill/117th-congress/hr-bill/6604; https://api.congress.gov/v3/bill/117/hr/6604,"LDA disposition/target source-review queue only; deterministic text signals and possible target references are not manual disposition confirmation, sponsor/member targeting evidence, committee-action influence, roll-call influence, legislative-outcome causality, public benefit, welfare, causal capture, or model validation."
248,a5c15e52b5c55818,low,no,bill_reference_only_no_disposition_or_target_signal,117-hr-6604,117-297,Armed Forces and National Security,B001260,1,1,1,3e10ba92-42eb-4395-9e62-f05df1fca27e,2022,2nd Quarter (Apr 1 - June 30),DISABLED AMERICAN VETERANS,DISABLED AMERICAN VETERANS,Veterans,HR 6604,exact_bill_text_bill_list_or_title_only,bill_reference_without_disposition_signal,none_detected,none_detected,none_detected,house_senate_and_agency_entities_disclosed,not_detected_in_activity_text,chamber_entity_context_only_no_specific_target_detected,"...R 5918, HR 5927, HR 5928, HR 5941, HR 5986, HR 6098, HR 6124, HR 6307, HR 6322, HR 6332, HR 6347, HR 6376, HR 6411, HR 6421, HR 6425, HR 6441, HR 6445, HR 6464, HR 6543, HR 6604, HR 6647, S 1151, S 1307, S 1468, S 2059, S 2195, S 2627, S 2692, S 3304, S 3541, S 3548, S 3820, S 3851, S 3854, HR 2789, HR 6527, HR 6659, HR 6677, HR 6682, HR 6684, H...",Keep as bill-reference context unless later target/outcome review needs it.,official_lda_filing_text_bill_identifier; official_lda_activity_text_source_review; deterministic_activity_text_position_signal; disposition_target_review_queue; congressgov_bill_action_metadata_context,manual_disposition_confirmation; sponsor_or_member_target; committee_action_influence; roll_call_influence; legislative_outcome_causality; public_benefit_or_welfare_validation; causal_capture_validation; model_validation,https://lda.gov/filings/public/filing/3e10ba92-42eb-4395-9e62-f05df1fca27e/print/; https://lda.gov/api/v1/filings/3e10ba92-42eb-4395-9e62-f05df1fca27e/; https://www.congress.gov/bill/117th-congress/hr-bill/6604; https://api.congress.gov/v3/bill/117/hr/6604,"LDA disposition/target source-review queue only; deterministic text signals and possible target references are not manual disposition confirmation, sponsor/member targeting evidence, committee-action influence, roll-call influence, legislative-outcome causality, public benefit, welfare, causal capture, or model validation."
249,ccdbb93a4da7f81e,low,no,bill_reference_only_no_disposition_or_target_signal,117-hr-6604,117-297,Armed Forces and National Security,B001260,1,1,1,f523aa78-9945-47d3-8032-420f5ea96a74,2022,3rd Quarter (July 1 - Sep 30),DISABLED AMERICAN VETERANS,DISABLED AMERICAN VETERANS,Veterans,HR 6604,exact_bill_text_bill_list_or_title_only,bill_reference_without_disposition_signal,none_detected,none_detected,none_detected,house_senate_and_agency_entities_disclosed,not_detected_in_activity_text,chamber_entity_context_only_no_specific_target_detected,"...R 4506, HR 4591, HR 4993, HR 5293, HR 5295, HR 5321, HR 5603, HR 5754, HR 5755, HR 5787, HR 5789, HR 5918, HR 5928, HR 6307, HR 6332, HR 6376, HR 6411, HR 6464, HR 6543, HR 6604, HR 6647, S 1151, S 1307, S 1468, S 2059, S 2195, S 2627, S 2692, S 3304, S 3541, S 3548, S 3820, S 3851, S 3854, HR 2789, HR 6527, HR 6659, HR 6677, HR 6682, HR 6684, H...",Keep as bill-reference context unless later target/outcome review needs it.,official_lda_filing_text_bill_identifier; official_lda_activity_text_source_review; deterministic_activity_text_position_signal; disposition_target_review_queue; congressgov_bill_action_metadata_context,manual_disposition_confirmation; sponsor_or_member_target; committee_action_influence; roll_call_influence; legislative_outcome_causality; public_benefit_or_welfare_validation; causal_capture_validation; model_validation,https://lda.gov/filings/public/filing/f523aa78-9945-47d3-8032-420f5ea96a74/print/; https://lda.gov/api/v1/filings/f523aa78-9945-47d3-8032-420f5ea96a74/; https://www.congress.gov/bill/117th-congress/hr-bill/6604; https://api.congress.gov/v3/bill/117/hr/6604,"LDA disposition/target source-review queue only; deterministic text signals and possible target references are not manual disposition confirmation, sponsor/member targeting evidence, committee-action influence, roll-call influence, legislative-outcome causality, public benefit, welfare, causal capture, or model validation."
250,58f00aa4cf102f29,low,no,bill_reference_only_no_disposition_or_target_signal,117-hr-6604,117-297,Armed Forces and National Security,B001260,1,1,1,8af79715-a33b-45bd-b4f4-d07321bc973c,2022,4th Quarter (Oct 1 - Dec 31),DISABLED AMERICAN VETERANS,DISABLED AMERICAN VETERANS,Veterans,HR 6604,exact_bill_text_bill_list_or_title_only,bill_reference_without_disposition_signal,none_detected,none_detected,none_detected,house_senate_and_agency_entities_disclosed,not_detected_in_activity_text,chamber_entity_context_only_no_specific_target_detected,"...R 4506, HR 4591, HR 4993, HR 5293, HR 5295, HR 5321, HR 5603, HR 5754, HR 5755, HR 5787, HR 5789, HR 5918, HR 5928, HR 6307, HR 6332, HR 6376, HR 6411, HR 6464, HR 6543, HR 6604, HR 6647, S 1151, S 1307, S 1468, S 2059, S 2195, S 2627, S 2692, S 3304, S 3541, S 3548, S 3820, S 3851, S 3854, HR 2789, HR 6527, HR 6659, HR 6677, HR 6682, HR 6684, H...",Keep as bill-reference context unless later target/outcome review needs it.,official_lda_filing_text_bill_identifier; official_lda_activity_text_source_review; deterministic_activity_text_position_signal; disposition_target_review_queue; congressgov_bill_action_metadata_context,manual_disposition_confirmation; sponsor_or_member_target; committee_action_influence; roll_call_influence; legislative_outcome_causality; public_benefit_or_welfare_validation; causal_capture_validation; model_validation,https://lda.gov/filings/public/filing/8af79715-a33b-45bd-b4f4-d07321bc973c/print/; https://lda.gov/api/v1/filings/8af79715-a33b-45bd-b4f4-d07321bc973c/; https://www.congress.gov/bill/117th-congress/hr-bill/6604; https://api.congress.gov/v3/bill/117/hr/6604,"LDA disposition/target source-review queue only; deterministic text signals and possible target references are not manual disposition confirmation, sponsor/member targeting evidence, committee-action influence, roll-call influence, legislative-outcome causality, public benefit, welfare, causal capture, or model validation."
251,aa032dd119ebfa59,low,no,bill_reference_only_no_disposition_or_target_signal,117-hr-6833,117-180,Economics and Public Finance,C001119,1,1,1,fddaeaa7-5065-4148-871f-64db9fdb839a,2022,1st Quarter (Jan 1 - Mar 31),AMERICAN FEDERATION OF STATE COUNTY AND MUNICIPAL EMPLOYEES,"AMERICAN FEDERATION OF STATE, COUNTY AND MUNICIPAL EMPLOYEES",Health Issues,HR 6833,exact_bill_text_bill_list_or_title_only,bill_reference_without_disposition_signal,none_detected,none_detected,none_detected,house_and_senate_entities_disclosed,not_detected_in_activity_text,chamber_entity_context_only_no_specific_target_detected,"S 3700, HR 6833- Affordable Insulin Now Act Federal income tax exclusion- employer-sponsored health care benefits Medicaid Federal Medical Assistance Percentage (FMAP)",Keep as bill-reference context unless later target/outcome review needs it.,official_lda_filing_text_bill_identifier; official_lda_activity_text_source_review; deterministic_activity_text_position_signal; disposition_target_review_queue; congressgov_bill_action_metadata_context,manual_disposition_confirmation; sponsor_or_member_target; committee_action_influence; roll_call_influence; legislative_outcome_causality; public_benefit_or_welfare_validation; causal_capture_validation; model_validation,https://lda.gov/filings/public/filing/fddaeaa7-5065-4148-871f-64db9fdb839a/print/; https://lda.gov/api/v1/filings/fddaeaa7-5065-4148-871f-64db9fdb839a/; https://www.congress.gov/bill/117th-congress/hr-bill/6833; https://api.congress.gov/v3/bill/117/hr/6833,"LDA disposition/target source-review queue only; deterministic text signals and possible target references are not manual disposition confirmation, sponsor/member targeting evidence, committee-action influence, roll-call influence, legislative-outcome causality, public benefit, welfare, causal capture, or model validation."
252,bb7523aebfc5e7e1,low,no,bill_reference_only_no_disposition_or_target_signal,117-hr-6833,117-180,Economics and Public Finance,C001119,1,1,1,dffb90cb-0bc3-4dc2-aa68-b3060af1723c,2022,1st Quarter (Jan 1 - Mar 31),CAMBIA HEALTH SOLUTIONS,CAMBIA HEALTH SOLUTIONS,Medicare/Medicaid,H.R. 6833,exact_bill_text_bill_list_or_title_only,bill_reference_without_disposition_signal,none_detected,none_detected,none_detected,house_senate_and_agency_entities_disclosed,not_detected_in_activity_text,chamber_entity_context_only_no_specific_target_detected,"...fits), Medicare Prior Authorization (HR 3173), Prescription Drug Rebates, Medicare Part D and Part D restructuring (HR 3, HR 19, S 2164), Insulin Affordability (S. 3700, H.R. 6833), Telehealth, Build Back Better Act (H. Res. 601 & S. Con. Res. 14), Federal Coronavirus Response (American Rescue Plan, H.R. 1319), Parity for Audio-Only Risk Adjustmen...",Keep as bill-reference context unless later target/outcome review needs it.,official_lda_filing_text_bill_identifier; official_lda_activity_text_source_review; deterministic_activity_text_position_signal; disposition_target_review_queue; congressgov_bill_action_metadata_context,manual_disposition_confirmation; sponsor_or_member_target; committee_action_influence; roll_call_influence; legislative_outcome_causality; public_benefit_or_welfare_validation; causal_capture_validation; model_validation,https://lda.gov/filings/public/filing/dffb90cb-0bc3-4dc2-aa68-b3060af1723c/print/; https://lda.gov/api/v1/filings/dffb90cb-0bc3-4dc2-aa68-b3060af1723c/; https://www.congress.gov/bill/117th-congress/hr-bill/6833; https://api.congress.gov/v3/bill/117/hr/6833,"LDA disposition/target source-review queue only; deterministic text signals and possible target references are not manual disposition confirmation, sponsor/member targeting evidence, committee-action influence, roll-call influence, legislative-outcome causality, public benefit, welfare, causal capture, or model validation."
253,0ba6f406ecad0e05,low,no,bill_reference_only_no_disposition_or_target_signal,117-hr-6833,117-180,Economics and Public Finance,C001119,1,1,1,6bd81376-28bf-4b42-8204-d640d3c820c0,2022,3rd Quarter (July 1 - Sep 30),AFL-CIO,AFL-CIO,Government Issues,H.R. 6833,exact_bill_text_bill_list_or_title_only,bill_reference_without_disposition_signal,none_detected,none_detected,none_detected,single_chamber_entity_disclosed,not_detected_in_activity_text,chamber_entity_context_only_no_specific_target_detected,"-H.R. 8873 - Presidential Elections Reform Act -H.R. 6833 - Continuing Appropriations bill -H.R. 6448/S. 3860 - Public Safety HR 4118 Break the Cycle of Violence Act, HR 8542 Mental Health Justice Act, VICTIM Act HR 5768, COPS...",Keep as bill-reference context unless later target/outcome review needs it.,official_lda_filing_text_bill_identifier; official_lda_activity_text_source_review; deterministic_activity_text_position_signal; disposition_target_review_queue; congressgov_bill_action_metadata_context,manual_disposition_confirmation; sponsor_or_member_target; committee_action_influence; roll_call_influence; legislative_outcome_causality; public_benefit_or_welfare_validation; causal_capture_validation; model_validation,https://lda.gov/filings/public/filing/6bd81376-28bf-4b42-8204-d640d3c820c0/print/; https://lda.gov/api/v1/filings/6bd81376-28bf-4b42-8204-d640d3c820c0/; https://www.congress.gov/bill/117th-congress/hr-bill/6833; https://api.congress.gov/v3/bill/117/hr/6833,"LDA disposition/target source-review queue only; deterministic text signals and possible target references are not manual disposition confirmation, sponsor/member targeting evidence, committee-action influence, roll-call influence, legislative-outcome causality, public benefit, welfare, causal capture, or model validation."
254,4205d0d51fe3cf99,low,no,bill_reference_only_no_disposition_or_target_signal,117-hr-6833,117-180,Economics and Public Finance,C001119,1,1,1,eac364ae-9165-426e-98a9-986c8c287f6b,2022,3rd Quarter (July 1 - Sep 30),AMGEN INC,TIBER CREEK GROUP,Health Issues,H.R. 6833,exact_bill_text_bill_list_or_title_only,bill_reference_without_disposition_signal,none_detected,none_detected,none_detected,house_and_senate_entities_disclosed,not_detected_in_activity_text,chamber_entity_context_only_no_specific_target_detected,"S. 4348 - Food and Drug Administration Safety and Landmark Advancements Act of 2022; HR 7667 - Food and Drug Amendments of 2022; H.R. 6833 - The Continuing resolution and Ukraine Supplemental Appropriations Act 2023, Division F - FDA User Fee Reauthorization Act of 2022.",Keep as bill-reference context unless later target/outcome review needs it.,official_lda_filing_text_bill_identifier; official_lda_activity_text_source_review; deterministic_activity_text_position_signal; disposition_target_review_queue; congressgov_bill_action_metadata_context,manual_disposition_confirmation; sponsor_or_member_target; committee_action_influence; roll_call_influence; legislative_outcome_causality; public_benefit_or_welfare_validation; causal_capture_validation; model_validation,https://lda.gov/filings/public/filing/eac364ae-9165-426e-98a9-986c8c287f6b/print/; https://lda.gov/api/v1/filings/eac364ae-9165-426e-98a9-986c8c287f6b/; https://www.congress.gov/bill/117th-congress/hr-bill/6833; https://api.congress.gov/v3/bill/117/hr/6833,"LDA disposition/target source-review queue only; deterministic text signals and possible target references are not manual disposition confirmation, sponsor/member targeting evidence, committee-action influence, roll-call influence, legislative-outcome causality, public benefit, welfare, causal capture, or model validation."
255,5c65206764f731c0,low,no,bill_reference_only_no_disposition_or_target_signal,117-hr-6833,117-180,Economics and Public Finance,C001119,1,1,1,3cc45db3-ab18-43e5-bc0d-cb1ee9b2dc19,2022,3rd Quarter (July 1 - Sep 30),BUILDING AND CONSTRUCTION TRADES DEPT AFL-CIO,"BUILDING AND CONSTRUCTION TRADES DEPT., AFL-CIO",Budget/Appropriations,HR 6833,exact_bill_text_bill_list_or_title_only,bill_reference_without_disposition_signal,none_detected,none_detected,none_detected,house_senate_and_agency_entities_disclosed,not_detected_in_activity_text,chamber_entity_context_only_no_specific_target_detected,...rces. Entire bill. HR 5376 - Inflation Reduction Act - To provide for reconciliation pursuant to title II of S. Con. Res. 14. Lobbied to include High Speed Rail funding. HR 6833 - The Continuing Appropriations and Ukraine Supplemental Appropriations Act of 2022 - Making continuing appropriations for fiscal year 2023. Entire bill. Don Young Coast...,Keep as bill-reference context unless later target/outcome review needs it.,official_lda_filing_text_bill_identifier; official_lda_activity_text_source_review; deterministic_activity_text_position_signal; disposition_target_review_queue; congressgov_bill_action_metadata_context,manual_disposition_confirmation; sponsor_or_member_target; committee_action_influence; roll_call_influence; legislative_outcome_causality; public_benefit_or_welfare_validation; causal_capture_validation; model_validation,https://lda.gov/filings/public/filing/3cc45db3-ab18-43e5-bc0d-cb1ee9b2dc19/print/; https://lda.gov/api/v1/filings/3cc45db3-ab18-43e5-bc0d-cb1ee9b2dc19/; https://www.congress.gov/bill/117th-congress/hr-bill/6833; https://api.congress.gov/v3/bill/117/hr/6833,"LDA disposition/target source-review queue only; deterministic text signals and possible target references are not manual disposition confirmation, sponsor/member targeting evidence, committee-action influence, roll-call influence, legislative-outcome causality, public benefit, welfare, causal capture, or model validation."
256,e036b5817f796efb,low,no,bill_reference_only_no_disposition_or_target_signal,117-hr-6833,117-180,Economics and Public Finance,C001119,1,1,1,d6900e57-d267-4753-bd48-ced68524fa1d,2022,3rd Quarter (July 1 - Sep 30),"CARPI & CLAY, INC ON BEHALF OF LOS ANGELES COUNTY",O'HARE INFRASTRUCTURE STRATEGIES LLC,Transportation,HR 6833,exact_bill_text_bill_list_or_title_only,bill_reference_without_disposition_signal,none_detected,none_detected,none_detected,house_senate_and_agency_entities_disclosed,not_detected_in_activity_text,chamber_entity_context_only_no_specific_target_detected,"FY23 THUD Appropriations, HR 8294; Continuing Resolution, HR 6833.",Keep as bill-reference context unless later target/outcome review needs it.,official_lda_filing_text_bill_identifier; official_lda_activity_text_source_review; deterministic_activity_text_position_signal; disposition_target_review_queue; congressgov_bill_action_metadata_context,manual_disposition_confirmation; sponsor_or_member_target; committee_action_influence; roll_call_influence; legislative_outcome_causality; public_benefit_or_welfare_validation; causal_capture_validation; model_validation,https://lda.gov/filings/public/filing/d6900e57-d267-4753-bd48-ced68524fa1d/print/; https://lda.gov/api/v1/filings/d6900e57-d267-4753-bd48-ced68524fa1d/; https://www.congress.gov/bill/117th-congress/hr-bill/6833; https://api.congress.gov/v3/bill/117/hr/6833,"LDA disposition/target source-review queue only; deterministic text signals and possible target references are not manual disposition confirmation, sponsor/member targeting evidence, committee-action influence, roll-call influence, legislative-outcome causality, public benefit, welfare, causal capture, or model validation."
257,d50c4fbe4ba184fb,low,no,bill_reference_only_no_disposition_or_target_signal,117-hr-6833,117-180,Economics and Public Finance,C001119,1,1,1,966f0b12-cbe6-4425-8df0-5dda79174688,2022,3rd Quarter (July 1 - Sep 30),"EMD SERONO, INC.",TIBER CREEK GROUP,Health Issues,H.R. 6833,exact_bill_text_bill_list_or_title_only,bill_reference_without_disposition_signal,none_detected,none_detected,none_detected,house_and_senate_entities_disclosed,not_detected_in_activity_text,chamber_entity_context_only_no_specific_target_detected,"...elating to In Vitro Fertilization (IVF); S. 4348 - Food and Drug Administration Safety and Landmark Advancements Act of 2022; HR 7667 - Food and Drug Amendments of 2022; H.R. 6833 - The Continuing resolution and Ukraine Supplemental Appropriations Act 2023, Division F - FDA User Fee Reauthorization Act of 2022.",Keep as bill-reference context unless later target/outcome review needs it.,official_lda_filing_text_bill_identifier; official_lda_activity_text_source_review; deterministic_activity_text_position_signal; disposition_target_review_queue; congressgov_bill_action_metadata_context,manual_disposition_confirmation; sponsor_or_member_target; committee_action_influence; roll_call_influence; legislative_outcome_causality; public_benefit_or_welfare_validation; causal_capture_validation; model_validation,https://lda.gov/filings/public/filing/966f0b12-cbe6-4425-8df0-5dda79174688/print/; https://lda.gov/api/v1/filings/966f0b12-cbe6-4425-8df0-5dda79174688/; https://www.congress.gov/bill/117th-congress/hr-bill/6833; https://api.congress.gov/v3/bill/117/hr/6833,"LDA disposition/target source-review queue only; deterministic text signals and possible target references are not manual disposition confirmation, sponsor/member targeting evidence, committee-action influence, roll-call influence, legislative-outcome causality, public benefit, welfare, causal capture, or model validation."
258,851dd957271ca37a,low,no,bill_reference_only_no_disposition_or_target_signal,117-hr-6833,117-180,Economics and Public Finance,C001119,1,1,1,2e1b652e-c5a5-4030-9d20-5873af8c063d,2022,3rd Quarter (July 1 - Sep 30),EMERGENT BIOSOLUTIONS INC,"MERCURY PUBLIC AFFAIRS, LLC",Health Issues,HR 6833,exact_bill_text_bill_list_or_title_only,bill_reference_without_disposition_signal,none_detected,none_detected,none_detected,agency_entities_only_disclosed,not_detected_in_activity_text,agency_entity_context_only_no_specific_target_detected,HR 6833 - House and Senate appropriations for FY 2023,Keep as bill-reference context unless later target/outcome review needs it.,official_lda_filing_text_bill_identifier; official_lda_activity_text_source_review; deterministic_activity_text_position_signal; disposition_target_review_queue; congressgov_bill_action_metadata_context,manual_disposition_confirmation; sponsor_or_member_target; committee_action_influence; roll_call_influence; legislative_outcome_causality; public_benefit_or_welfare_validation; causal_capture_validation; model_validation,https://lda.gov/filings/public/filing/2e1b652e-c5a5-4030-9d20-5873af8c063d/print/; https://lda.gov/api/v1/filings/2e1b652e-c5a5-4030-9d20-5873af8c063d/; https://www.congress.gov/bill/117th-congress/hr-bill/6833; https://api.congress.gov/v3/bill/117/hr/6833,"LDA disposition/target source-review queue only; deterministic text signals and possible target references are not manual disposition confirmation, sponsor/member targeting evidence, committee-action influence, roll-call influence, legislative-outcome causality, public benefit, welfare, causal capture, or model validation."
259,4e277b29c25528d1,low,no,bill_reference_only_no_disposition_or_target_signal,117-hr-6833,117-180,Economics and Public Finance,C001119,1,1,1,0d1215b5-e15c-4091-a5cc-4f1af040828b,2022,3rd Quarter (July 1 - Sep 30),INDEPENDENT INSURANCE AGENTS & BROKERS OF AMERICA,INDEPENDENT INSURANCE AGENTS & BROKERS OF AMERICA,Budget/Appropriations,HR 6833,exact_bill_text_bill_list_or_title_only,bill_reference_without_disposition_signal,none_detected,none_detected,none_detected,house_and_senate_entities_disclosed,not_detected_in_activity_text,chamber_entity_context_only_no_specific_target_detected,"...ing Act (insurance provisions) H.R.2471 - Consolidated Appropriations Act, 2022 (insurance and cyber security provisions) H.R. 5375 - The Inflation Reduction Act of 2022 HR 6833 - Continuing Appropriations and Ukraine Supplemental Appropriations Act 2023 (insurance Provisions)",Keep as bill-reference context unless later target/outcome review needs it.,official_lda_filing_text_bill_identifier; official_lda_activity_text_source_review; deterministic_activity_text_position_signal; disposition_target_review_queue; congressgov_bill_action_metadata_context,manual_disposition_confirmation; sponsor_or_member_target; committee_action_influence; roll_call_influence; legislative_outcome_causality; public_benefit_or_welfare_validation; causal_capture_validation; model_validation,https://lda.gov/filings/public/filing/0d1215b5-e15c-4091-a5cc-4f1af040828b/print/; https://lda.gov/api/v1/filings/0d1215b5-e15c-4091-a5cc-4f1af040828b/; https://www.congress.gov/bill/117th-congress/hr-bill/6833; https://api.congress.gov/v3/bill/117/hr/6833,"LDA disposition/target source-review queue only; deterministic text signals and possible target references are not manual disposition confirmation, sponsor/member targeting evidence, committee-action influence, roll-call influence, legislative-outcome causality, public benefit, welfare, causal capture, or model validation."
260,56daf89ff52e2abd,low,no,bill_reference_only_no_disposition_or_target_signal,117-hr-6833,117-180,Economics and Public Finance,C001119,1,1,1,cbc79fbf-1266-4768-9865-f85754c471ee,2022,3rd Quarter (July 1 - Sep 30),"LOUISIANA ENERGY SERVICES, LLC","STEPHEN WARD CONSULTING, LLC",Energy/Nuclear,HR 6833,exact_bill_text_bill_list_or_title_only,bill_reference_without_disposition_signal,none_detected,none_detected,none_detected,house_senate_and_agency_entities_disclosed,not_detected_in_activity_text,chamber_entity_context_only_no_specific_target_detected,"...rogram; HR 5376, Inflation Reduction Act of 2022, provisions relating to HALEU; S. 4066/HR 8723, Fueling Our Nuclear Future Act, provisions relating to HALEU production; HR 6833 (Continuing Resolution), potential supplemental appropriations relating to supply of LEU and HALEU; S. 4064, The International Nuclear Energy Act of 2022, provisions rel...",Keep as bill-reference context unless later target/outcome review needs it.,official_lda_filing_text_bill_identifier; official_lda_activity_text_source_review; deterministic_activity_text_position_signal; disposition_target_review_queue; congressgov_bill_action_metadata_context,manual_disposition_confirmation; sponsor_or_member_target; committee_action_influence; roll_call_influence; legislative_outcome_causality; public_benefit_or_welfare_validation; causal_capture_validation; model_validation,https://lda.gov/filings/public/filing/cbc79fbf-1266-4768-9865-f85754c471ee/print/; https://lda.gov/api/v1/filings/cbc79fbf-1266-4768-9865-f85754c471ee/; https://www.congress.gov/bill/117th-congress/hr-bill/6833; https://api.congress.gov/v3/bill/117/hr/6833,"LDA disposition/target source-review queue only; deterministic text signals and possible target references are not manual disposition confirmation, sponsor/member targeting evidence, committee-action influence, roll-call influence, legislative-outcome causality, public benefit, welfare, causal capture, or model validation."
261,522a10d6e8b1604b,low,no,bill_reference_only_no_disposition_or_target_signal,117-hr-6833,117-180,Economics and Public Finance,C001119,1,1,1,e498c189-1e97-40c1-a1f8-c2301fff1094,2022,3rd Quarter (July 1 - Sep 30),NATIONAL TREASURY EMPLOYEES UNION,NATIONAL TREASURY EMPLOYEES UNION,Budget/Appropriations,H.R. 6833,exact_bill_text_bill_list_or_title_only,bill_reference_without_disposition_signal,none_detected,none_detected,none_detected,house_senate_and_agency_entities_disclosed,not_detected_in_activity_text,chamber_entity_context_only_no_specific_target_detected,"...iations are not otherwise provided for such courts and agencies H.R. 6301, Spending Safeguard Act H.R. 6393, Responsible Budgeting Act H.R. 6724, Debt Ceiling Reform Act H.R. 6833, Making continuing appropriations for fiscal year 2023, and for other purposes H.R. 7262, Budget Process Enhancement Act H.R. 8236, Department of Defense Appropriations...",Keep as bill-reference context unless later target/outcome review needs it.,official_lda_filing_text_bill_identifier; official_lda_activity_text_source_review; deterministic_activity_text_position_signal; disposition_target_review_queue; congressgov_bill_action_metadata_context,manual_disposition_confirmation; sponsor_or_member_target; committee_action_influence; roll_call_influence; legislative_outcome_causality; public_benefit_or_welfare_validation; causal_capture_validation; model_validation,https://lda.gov/filings/public/filing/e498c189-1e97-40c1-a1f8-c2301fff1094/print/; https://lda.gov/api/v1/filings/e498c189-1e97-40c1-a1f8-c2301fff1094/; https://www.congress.gov/bill/117th-congress/hr-bill/6833; https://api.congress.gov/v3/bill/117/hr/6833,"LDA disposition/target source-review queue only; deterministic text signals and possible target references are not manual disposition confirmation, sponsor/member targeting evidence, committee-action influence, roll-call influence, legislative-outcome causality, public benefit, welfare, causal capture, or model validation."
262,3cefe5b7ba12e974,low,no,bill_reference_only_no_disposition_or_target_signal,117-hr-6943,117-172,Crime and Law Enforcement,T000483,1,1,1,f534d055-7656-422f-be65-b5d8e365fd81,2022,2nd Quarter (Apr 1 - June 30),INTERNATIONAL UNION OF POLICE ASSOCIATIONS AFL-CIO,"INTERNATIONAL UNION OF POLICE ASSOCIATIONS, AFL-CIO",Law Enforcement/Crime/Criminal Justice,HR 6943,exact_bill_text_bill_list_or_title_only,bill_reference_without_disposition_signal,none_detected,none_detected,none_detected,house_and_senate_entities_disclosed,not_detected_in_activity_text,chamber_entity_context_only_no_specific_target_detected,"S33, HR 72, H. Res 39, HR 4117, HR 4500, HR 4828, HR 4893, Hr 3172, S 3458, S 3462, HR 7826, HR 6943",Keep as bill-reference context unless later target/outcome review needs it.,official_lda_filing_text_bill_identifier; official_lda_activity_text_source_review; deterministic_activity_text_position_signal; disposition_target_review_queue; congressgov_bill_action_metadata_context,manual_disposition_confirmation; sponsor_or_member_target; committee_action_influence; roll_call_influence; legislative_outcome_causality; public_benefit_or_welfare_validation; causal_capture_validation; model_validation,https://lda.gov/filings/public/filing/f534d055-7656-422f-be65-b5d8e365fd81/print/; https://lda.gov/api/v1/filings/f534d055-7656-422f-be65-b5d8e365fd81/; https://www.congress.gov/bill/117th-congress/hr-bill/6943; https://api.congress.gov/v3/bill/117/hr/6943,"LDA disposition/target source-review queue only; deterministic text signals and possible target references are not manual disposition confirmation, sponsor/member targeting evidence, committee-action influence, roll-call influence, legislative-outcome causality, public benefit, welfare, causal capture, or model validation."
263,8a5abd1e77a9a4b4,low,no,bill_reference_only_no_disposition_or_target_signal,117-hr-6943,117-172,Crime and Law Enforcement,T000483,1,1,1,e8f0fa77-18ca-4e0e-bb06-cf7dbc10e81f,2022,3rd Quarter (July 1 - Sep 30),AMERICAN FEDERATION OF STATE COUNTY AND MUNICIPAL EMPLOYEES,"AMERICAN FEDERATION OF STATE, COUNTY AND MUNICIPAL EMPLOYEES",Law Enforcement/Crime/Criminal Justice,HR 6943,exact_bill_text_bill_list_or_title_only,bill_reference_without_disposition_signal,none_detected,none_detected,none_detected,house_and_senate_entities_disclosed,not_detected_in_activity_text,chamber_entity_context_only_no_specific_target_detected,"HR 6943, S 3635- Public Safety Officer Support Act of 2022 HR 2992, S 4286- TBI and PTSD Law Enforcement Training Act PSOB benefits for correctional staff",Keep as bill-reference context unless later target/outcome review needs it.,official_lda_filing_text_bill_identifier; official_lda_activity_text_source_review; deterministic_activity_text_position_signal; disposition_target_review_queue; congressgov_bill_action_metadata_context,manual_disposition_confirmation; sponsor_or_member_target; committee_action_influence; roll_call_influence; legislative_outcome_causality; public_benefit_or_welfare_validation; causal_capture_validation; model_validation,https://lda.gov/filings/public/filing/e8f0fa77-18ca-4e0e-bb06-cf7dbc10e81f/print/; https://lda.gov/api/v1/filings/e8f0fa77-18ca-4e0e-bb06-cf7dbc10e81f/; https://www.congress.gov/bill/117th-congress/hr-bill/6943; https://api.congress.gov/v3/bill/117/hr/6943,"LDA disposition/target source-review queue only; deterministic text signals and possible target references are not manual disposition confirmation, sponsor/member targeting evidence, committee-action influence, roll-call influence, legislative-outcome causality, public benefit, welfare, causal capture, or model validation."
264,8cb329c3b0f1e4bc,low,no,bill_reference_only_no_disposition_or_target_signal,117-hr-6943,117-172,Crime and Law Enforcement,T000483,1,1,1,5e145bac-3781-49db-a9a8-7dbe6fccb282,2022,3rd Quarter (July 1 - Sep 30),INTERNATIONAL UNION OF POLICE ASSOCIATIONS AFL-CIO,"INTERNATIONAL UNION OF POLICE ASSOCIATIONS, AFL-CIO",Law Enforcement/Crime/Criminal Justice,HR 6943,exact_bill_text_bill_list_or_title_only,bill_reference_without_disposition_signal,none_detected,none_detected,none_detected,house_and_senate_entities_disclosed,not_detected_in_activity_text,chamber_entity_context_only_no_specific_target_detected,"S33, HR 72, H. Res 39, HR 4117, HR 4500, HR 4828, HR 4893, Hr 3172, S 3458, S 3462, HR 7826, HR 6943, HR 6132, HR 6375, HR 6448, HR 8645, HR 8830, S 3860, S 4847, SR 732",Keep as bill-reference context unless later target/outcome review needs it.,official_lda_filing_text_bill_identifier; official_lda_activity_text_source_review; deterministic_activity_text_position_signal; disposition_target_review_queue; congressgov_bill_action_metadata_context,manual_disposition_confirmation; sponsor_or_member_target; committee_action_influence; roll_call_influence; legislative_outcome_causality; public_benefit_or_welfare_validation; causal_capture_validation; model_validation,https://lda.gov/filings/public/filing/5e145bac-3781-49db-a9a8-7dbe6fccb282/print/; https://lda.gov/api/v1/filings/5e145bac-3781-49db-a9a8-7dbe6fccb282/; https://www.congress.gov/bill/117th-congress/hr-bill/6943; https://api.congress.gov/v3/bill/117/hr/6943,"LDA disposition/target source-review queue only; deterministic text signals and possible target references are not manual disposition confirmation, sponsor/member targeting evidence, committee-action influence, roll-call influence, legislative-outcome causality, public benefit, welfare, causal capture, or model validation."
265,6f57dab87bb1af73,low,no,bill_reference_only_no_disposition_or_target_signal,117-hr-6943,117-172,Crime and Law Enforcement,T000483,1,1,1,2dc6339a-2f80-4dcc-a418-71fd09dfec49,2022,4th Quarter (Oct 1 - Dec 31),AMERICAN FEDERATION OF STATE COUNTY AND MUNICIPAL EMPLOYEES,"AMERICAN FEDERATION OF STATE, COUNTY AND MUNICIPAL EMPLOYEES",Law Enforcement/Crime/Criminal Justice,HR 6943,exact_bill_text_bill_list_or_title_only,bill_reference_without_disposition_signal,none_detected,none_detected,none_detected,house_and_senate_entities_disclosed,not_detected_in_activity_text,chamber_entity_context_only_no_specific_target_detected,"HR 6943- Public Safety Officer Support Act of 2022 HR 2922- TBI and PTSD Law Enforcement Training Act HR 6448, HR 4118, HR 5768- Public Safety Bills- Invest to Protect Act of 20...",Keep as bill-reference context unless later target/outcome review needs it.,official_lda_filing_text_bill_identifier; official_lda_activity_text_source_review; deterministic_activity_text_position_signal; disposition_target_review_queue; congressgov_bill_action_metadata_context,manual_disposition_confirmation; sponsor_or_member_target; committee_action_influence; roll_call_influence; legislative_outcome_causality; public_benefit_or_welfare_validation; causal_capture_validation; model_validation,https://lda.gov/filings/public/filing/2dc6339a-2f80-4dcc-a418-71fd09dfec49/print/; https://lda.gov/api/v1/filings/2dc6339a-2f80-4dcc-a418-71fd09dfec49/; https://www.congress.gov/bill/117th-congress/hr-bill/6943; https://api.congress.gov/v3/bill/117/hr/6943,"LDA disposition/target source-review queue only; deterministic text signals and possible target references are not manual disposition confirmation, sponsor/member targeting evidence, committee-action influence, roll-call influence, legislative-outcome causality, public benefit, welfare, causal capture, or model validation."
266,15ce4fd65abf21f4,low,no,bill_reference_only_no_disposition_or_target_signal,117-hr-6943,117-172,Crime and Law Enforcement,T000483,1,1,1,705ad58a-d490-4205-af36-af3ac122c672,2022,4th Quarter (Oct 1 - Dec 31),INTERNATIONAL UNION OF POLICE ASSOCIATIONS AFL-CIO,"INTERNATIONAL UNION OF POLICE ASSOCIATIONS, AFL-CIO",Law Enforcement/Crime/Criminal Justice,HR 6943,exact_bill_text_bill_list_or_title_only,bill_reference_without_disposition_signal,none_detected,none_detected,none_detected,house_and_senate_entities_disclosed,not_detected_in_activity_text,chamber_entity_context_only_no_specific_target_detected,"S33, HR 72, H. Res 39, HR 4117, HR 4500, HR 4828, HR 4893, Hr 3172, S 3458, S 3462, HR 7826, HR 6943, HR 6132, HR 6375, HR 6448, HR 8645, HR 8830, S 3860, S 4847, SR 732,HR 9240, S1157",Keep as bill-reference context unless later target/outcome review needs it.,official_lda_filing_text_bill_identifier; official_lda_activity_text_source_review; deterministic_activity_text_position_signal; disposition_target_review_queue; congressgov_bill_action_metadata_context,manual_disposition_confirmation; sponsor_or_member_target; committee_action_influence; roll_call_influence; legislative_outcome_causality; public_benefit_or_welfare_validation; causal_capture_validation; model_validation,https://lda.gov/filings/public/filing/705ad58a-d490-4205-af36-af3ac122c672/print/; https://lda.gov/api/v1/filings/705ad58a-d490-4205-af36-af3ac122c672/; https://www.congress.gov/bill/117th-congress/hr-bill/6943; https://api.congress.gov/v3/bill/117/hr/6943,"LDA disposition/target source-review queue only; deterministic text signals and possible target references are not manual disposition confirmation, sponsor/member targeting evidence, committee-action influence, roll-call influence, legislative-outcome causality, public benefit, welfare, causal capture, or model validation."
267,85a6c367bd84693c,low,no,bill_reference_only_no_disposition_or_target_signal,117-hr-6943,117-172,Crime and Law Enforcement,T000483,1,1,1,580c70e6-337e-4998-bc2f-c69a191c48c9,2022,4th Quarter (Oct 1 - Dec 31),INTERNATIONAL UNION OF POLICE ASSOCIATIONS AFL-CIO,"INTERNATIONAL UNION OF POLICE ASSOCIATIONS, AFL-CIO",Law Enforcement/Crime/Criminal Justice,HR 6943,exact_bill_text_bill_list_or_title_only,bill_reference_without_disposition_signal,none_detected,none_detected,none_detected,house_and_senate_entities_disclosed,not_detected_in_activity_text,chamber_entity_context_only_no_specific_target_detected,"S33, HR 72, H. Res 39, HR 4117, HR 4500, HR 4828, HR 4893, Hr 3172, S 3458, S 3462, HR 7826, HR 6943, HR 6132, HR 6375, HR 6448, HR 8645, HR 8830, S 3860, S 4847, SR 732,HR 9240, S1157",Keep as bill-reference context unless later target/outcome review needs it.,official_lda_filing_text_bill_identifier; official_lda_activity_text_source_review; deterministic_activity_text_position_signal; disposition_target_review_queue; congressgov_bill_action_metadata_context,manual_disposition_confirmation; sponsor_or_member_target; committee_action_influence; roll_call_influence; legislative_outcome_causality; public_benefit_or_welfare_validation; causal_capture_validation; model_validation,https://lda.gov/filings/public/filing/580c70e6-337e-4998-bc2f-c69a191c48c9/print/; https://lda.gov/api/v1/filings/580c70e6-337e-4998-bc2f-c69a191c48c9/; https://www.congress.gov/bill/117th-congress/hr-bill/6943; https://api.congress.gov/v3/bill/117/hr/6943,"LDA disposition/target source-review queue only; deterministic text signals and possible target references are not manual disposition confirmation, sponsor/member targeting evidence, committee-action influence, roll-call influence, legislative-outcome causality, public benefit, welfare, causal capture, or model validation."
268,0a3c0964fb3462c8,low,no,bill_reference_only_no_disposition_or_target_signal,117-hr-7132,117-223,"Science, Technology, Communications",K000382,1,1,1,934c914e-e745-47e0-8d42-98264cbe6d6e,2022,2nd Quarter (Apr 1 - June 30),VERIZON COMMUNICATIONS INC AND VARIOUS SUBSIDIARIES,VERIZON COMMUNICATIONS INC. AND VARIOUS SUBSIDIARIES,Telecommunications,HR 7132,exact_bill_text_bill_list_or_title_only,bill_reference_without_disposition_signal,none_detected,none_detected,none_detected,house_and_senate_entities_disclosed,not_detected_in_activity_text,chamber_entity_context_only_no_specific_target_detected,"-S. 120, HR 7132 SAFE Connections Act of 2022 -S. 3014 Next Generation Telecommunications Act (6th Generation of Wireless ""6G"") -HR 4045 ""FUTURE Networks Act"" (6th Generation of Wireless...",Keep as bill-reference context unless later target/outcome review needs it.,official_lda_filing_text_bill_identifier; official_lda_activity_text_source_review; deterministic_activity_text_position_signal; disposition_target_review_queue; congressgov_bill_action_metadata_context,manual_disposition_confirmation; sponsor_or_member_target; committee_action_influence; roll_call_influence; legislative_outcome_causality; public_benefit_or_welfare_validation; causal_capture_validation; model_validation,https://lda.gov/filings/public/filing/934c914e-e745-47e0-8d42-98264cbe6d6e/print/; https://lda.gov/api/v1/filings/934c914e-e745-47e0-8d42-98264cbe6d6e/; https://www.congress.gov/bill/117th-congress/hr-bill/7132; https://api.congress.gov/v3/bill/117/hr/7132,"LDA disposition/target source-review queue only; deterministic text signals and possible target references are not manual disposition confirmation, sponsor/member targeting evidence, committee-action influence, roll-call influence, legislative-outcome causality, public benefit, welfare, causal capture, or model validation."
269,7f1ada57fecbb071,low,no,bill_reference_only_no_disposition_or_target_signal,117-hr-7132,117-223,"Science, Technology, Communications",K000382,1,1,1,b2e136e0-18c5-4e4b-8996-4d366198b329,2022,3rd Quarter (July 1 - Sep 30),VERIZON COMMUNICATIONS INC AND VARIOUS SUBSIDIARIES,VERIZON COMMUNICATIONS INC. AND VARIOUS SUBSIDIARIES,Telecommunications,HR 7132,exact_bill_text_bill_list_or_title_only,bill_reference_without_disposition_signal,none_detected,none_detected,none_detected,house_and_senate_entities_disclosed,not_detected_in_activity_text,chamber_entity_context_only_no_specific_target_detected,"-S. 120, HR 7132 SAFE Connections Act of 2022 -S. 3014 Next Generation Telecommunications Act (6th Generation of Wireless ""6G"") -HR 4045 ""FUTURE Networks Act"" (6th Generation of Wireless...",Keep as bill-reference context unless later target/outcome review needs it.,official_lda_filing_text_bill_identifier; official_lda_activity_text_source_review; deterministic_activity_text_position_signal; disposition_target_review_queue; congressgov_bill_action_metadata_context,manual_disposition_confirmation; sponsor_or_member_target; committee_action_influence; roll_call_influence; legislative_outcome_causality; public_benefit_or_welfare_validation; causal_capture_validation; model_validation,https://lda.gov/filings/public/filing/b2e136e0-18c5-4e4b-8996-4d366198b329/print/; https://lda.gov/api/v1/filings/b2e136e0-18c5-4e4b-8996-4d366198b329/; https://www.congress.gov/bill/117th-congress/hr-bill/7132; https://api.congress.gov/v3/bill/117/hr/7132,"LDA disposition/target source-review queue only; deterministic text signals and possible target references are not manual disposition confirmation, sponsor/member targeting evidence, committee-action influence, roll-call influence, legislative-outcome causality, public benefit, welfare, causal capture, or model validation."
270,0b86e083b5d9b4a9,low,no,bill_reference_only_no_disposition_or_target_signal,117-hr-7132,117-223,"Science, Technology, Communications",K000382,1,1,1,dd501ef0-a361-485b-b2ec-e713922e1a03,2022,4th Quarter (Oct 1 - Dec 31),VERIZON COMMUNICATIONS INC AND VARIOUS SUBSIDIARIES,VERIZON COMMUNICATIONS INC. AND VARIOUS SUBSIDIARIES,Telecommunications,HR 7132,exact_bill_text_bill_list_or_title_only,bill_reference_without_disposition_signal,none_detected,none_detected,none_detected,house_and_senate_entities_disclosed,not_detected_in_activity_text,chamber_entity_context_only_no_specific_target_detected,"-S. 120, HR 7132 SAFE Connections Act of 2022 -S. 3014 Next Generation Telecommunications Act (6th Generation of Wireless ""6G"") -HR 4045 ""FUTURE Networks Act"" (6th Generation of Wireless...",Keep as bill-reference context unless later target/outcome review needs it.,official_lda_filing_text_bill_identifier; official_lda_activity_text_source_review; deterministic_activity_text_position_signal; disposition_target_review_queue; congressgov_bill_action_metadata_context,manual_disposition_confirmation; sponsor_or_member_target; committee_action_influence; roll_call_influence; legislative_outcome_causality; public_benefit_or_welfare_validation; causal_capture_validation; model_validation,https://lda.gov/filings/public/filing/dd501ef0-a361-485b-b2ec-e713922e1a03/print/; https://lda.gov/api/v1/filings/dd501ef0-a361-485b-b2ec-e713922e1a03/; https://www.congress.gov/bill/117th-congress/hr-bill/7132; https://api.congress.gov/v3/bill/117/hr/7132,"LDA disposition/target source-review queue only; deterministic text signals and possible target references are not manual disposition confirmation, sponsor/member targeting evidence, committee-action influence, roll-call influence, legislative-outcome causality, public benefit, welfare, causal capture, or model validation."
271,89718ff7eb882294,low,no,bill_reference_only_no_disposition_or_target_signal,117-hr-7776,117-263,Armed Forces and National Security,D000191,1,1,1,a7df829e-2829-449b-9d53-7c4c06e7da81,2022,2nd Quarter (Apr 1 - June 30),AMERICAN IRON AND STEEL INSTITUTE,AMERICAN IRON AND STEEL INSTITUTE,Transportation,HR 7776,exact_bill_text_bill_list_or_title_only,bill_reference_without_disposition_signal,none_detected,none_detected,none_detected,house_senate_and_agency_entities_disclosed,not_detected_in_activity_text,chamber_entity_context_only_no_specific_target_detected,"...entation Highway Trust Fund Buy America Act / Buy America procurement policy Build America, Buy America Act American Jobs Plan Soo Locks modernization and appropriations HR 7776, the Water Resources Development Act (WRDA) of 2022 Gas tax holiday legislation",Keep as bill-reference context unless later target/outcome review needs it.,official_lda_filing_text_bill_identifier; official_lda_activity_text_source_review; deterministic_activity_text_position_signal; disposition_target_review_queue; congressgov_bill_action_metadata_context,manual_disposition_confirmation; sponsor_or_member_target; committee_action_influence; roll_call_influence; legislative_outcome_causality; public_benefit_or_welfare_validation; causal_capture_validation; model_validation,https://lda.gov/filings/public/filing/a7df829e-2829-449b-9d53-7c4c06e7da81/print/; https://lda.gov/api/v1/filings/a7df829e-2829-449b-9d53-7c4c06e7da81/; https://www.congress.gov/bill/117th-congress/hr-bill/7776; https://api.congress.gov/v3/bill/117/hr/7776,"LDA disposition/target source-review queue only; deterministic text signals and possible target references are not manual disposition confirmation, sponsor/member targeting evidence, committee-action influence, roll-call influence, legislative-outcome causality, public benefit, welfare, causal capture, or model validation."
272,0c7323fb68674522,low,no,bill_reference_only_no_disposition_or_target_signal,117-hr-7776,117-263,Armed Forces and National Security,D000191,1,1,1,1f0ce09c-e819-4e11-aa58-6cb928256dba,2022,2nd Quarter (Apr 1 - June 30),AMERICAN PETROLEUM INSTITUTE,AMERICAN PETROLEUM INSTITUTE,Energy/Nuclear,HR 7776,exact_bill_text_bill_list_or_title_only,bill_reference_without_disposition_signal,none_detected,none_detected,none_detected,house_and_senate_entities_disclosed,not_detected_in_activity_text,chamber_entity_context_only_no_specific_target_detected,...extraction and manning and crewing requirements for offshore oil and gas construction); HR 5376 Build Back Better Act (provisions relating to the oil and gas industry); HR 7776 Water Resources Development Act of 2022; draft legislation on permitting reforms for natural gas gathering lines; S 1605 National Defense Authorization Act for Fiscal Ye...,Keep as bill-reference context unless later target/outcome review needs it.,official_lda_filing_text_bill_identifier; official_lda_activity_text_source_review; deterministic_activity_text_position_signal; disposition_target_review_queue; congressgov_bill_action_metadata_context,manual_disposition_confirmation; sponsor_or_member_target; committee_action_influence; roll_call_influence; legislative_outcome_causality; public_benefit_or_welfare_validation; causal_capture_validation; model_validation,https://lda.gov/filings/public/filing/1f0ce09c-e819-4e11-aa58-6cb928256dba/print/; https://lda.gov/api/v1/filings/1f0ce09c-e819-4e11-aa58-6cb928256dba/; https://www.congress.gov/bill/117th-congress/hr-bill/7776; https://api.congress.gov/v3/bill/117/hr/7776,"LDA disposition/target source-review queue only; deterministic text signals and possible target references are not manual disposition confirmation, sponsor/member targeting evidence, committee-action influence, roll-call influence, legislative-outcome causality, public benefit, welfare, causal capture, or model validation."
273,7627761eda6fac73,low,no,bill_reference_only_no_disposition_or_target_signal,117-hr-7776,117-263,Armed Forces and National Security,D000191,1,1,1,1c69c6fb-ee1c-45e9-b407-88131c9e8e52,2022,2nd Quarter (Apr 1 - June 30),BUSINESS ROUNDTABLE,OWEN EVANS INGOLS,Manufacturing,HR 7776,exact_bill_text_bill_list_or_title_only,bill_reference_without_disposition_signal,none_detected,none_detected,none_detected,house_and_senate_entities_disclosed,not_detected_in_activity_text,chamber_entity_context_only_no_specific_target_detected,...deration of reconciliation legislation/instructions (H.R. 5376 - Build Back Better Act); general infrastructure issues in the Water Resources Development Act of FY 2022 (HR 7776 and S. 4136),Keep as bill-reference context unless later target/outcome review needs it.,official_lda_filing_text_bill_identifier; official_lda_activity_text_source_review; deterministic_activity_text_position_signal; disposition_target_review_queue; congressgov_bill_action_metadata_context,manual_disposition_confirmation; sponsor_or_member_target; committee_action_influence; roll_call_influence; legislative_outcome_causality; public_benefit_or_welfare_validation; causal_capture_validation; model_validation,https://lda.gov/filings/public/filing/1c69c6fb-ee1c-45e9-b407-88131c9e8e52/print/; https://lda.gov/api/v1/filings/1c69c6fb-ee1c-45e9-b407-88131c9e8e52/; https://www.congress.gov/bill/117th-congress/hr-bill/7776; https://api.congress.gov/v3/bill/117/hr/7776,"LDA disposition/target source-review queue only; deterministic text signals and possible target references are not manual disposition confirmation, sponsor/member targeting evidence, committee-action influence, roll-call influence, legislative-outcome causality, public benefit, welfare, causal capture, or model validation."
274,a25d050530a6a7a2,low,no,bill_reference_only_no_disposition_or_target_signal,117-hr-7776,117-263,Armed Forces and National Security,D000191,1,1,1,12c3af12-c4e0-4837-867e-21dbf52073a9,2022,2nd Quarter (Apr 1 - June 30),CITY OF CHARLESTON SC,"TCH GROUP, LLC",Urban Development/Municipalities,HR 7776,exact_bill_text_bill_list_or_title_only,bill_reference_without_disposition_signal,none_detected,none_detected,none_detected,house_and_senate_entities_disclosed,not_detected_in_activity_text,chamber_entity_context_only_no_specific_target_detected,"2022 Water Resources Development Act (S 4136 and HR 7776) Specifically, advocacy for authorization of the Corps of Engineers' Charleston Peninsula Coastal Flood Management Project Advocacy for a DOT RAISE planning grant (Lowco...",Keep as bill-reference context unless later target/outcome review needs it.,official_lda_filing_text_bill_identifier; official_lda_activity_text_source_review; deterministic_activity_text_position_signal; disposition_target_review_queue; congressgov_bill_action_metadata_context,manual_disposition_confirmation; sponsor_or_member_target; committee_action_influence; roll_call_influence; legislative_outcome_causality; public_benefit_or_welfare_validation; causal_capture_validation; model_validation,https://lda.gov/filings/public/filing/12c3af12-c4e0-4837-867e-21dbf52073a9/print/; https://lda.gov/api/v1/filings/12c3af12-c4e0-4837-867e-21dbf52073a9/; https://www.congress.gov/bill/117th-congress/hr-bill/7776; https://api.congress.gov/v3/bill/117/hr/7776,"LDA disposition/target source-review queue only; deterministic text signals and possible target references are not manual disposition confirmation, sponsor/member targeting evidence, committee-action influence, roll-call influence, legislative-outcome causality, public benefit, welfare, causal capture, or model validation."
275,96078d4c41707203,low,no,bill_reference_only_no_disposition_or_target_signal,117-hr-7776,117-263,Armed Forces and National Security,D000191,1,1,1,c97dcaa0-d008-4022-aec7-5c50e4e309a0,2022,2nd Quarter (Apr 1 - June 30),DOUGLAS COUNTY NEVADA,"MARCUS G. FAUST, PC",Natural Resources,H.R. 7776,exact_bill_text_bill_list_or_title_only,bill_reference_without_disposition_signal,none_detected,none_detected,none_detected,house_and_senate_entities_disclosed,not_detected_in_activity_text,chamber_entity_context_only_no_specific_target_detected,...las County Lands Bill included) Federal Land issues and management: wildfire and land-use management H.R. 3132/S 1583 Lake Tahoe Restoration Reauthorization Act S. 4193/ H.R. 7776 - Water Resources Development Act of 2022 - Section 595,Keep as bill-reference context unless later target/outcome review needs it.,official_lda_filing_text_bill_identifier; official_lda_activity_text_source_review; deterministic_activity_text_position_signal; disposition_target_review_queue; congressgov_bill_action_metadata_context,manual_disposition_confirmation; sponsor_or_member_target; committee_action_influence; roll_call_influence; legislative_outcome_causality; public_benefit_or_welfare_validation; causal_capture_validation; model_validation,https://lda.gov/filings/public/filing/c97dcaa0-d008-4022-aec7-5c50e4e309a0/print/; https://lda.gov/api/v1/filings/c97dcaa0-d008-4022-aec7-5c50e4e309a0/; https://www.congress.gov/bill/117th-congress/hr-bill/7776; https://api.congress.gov/v3/bill/117/hr/7776,"LDA disposition/target source-review queue only; deterministic text signals and possible target references are not manual disposition confirmation, sponsor/member targeting evidence, committee-action influence, roll-call influence, legislative-outcome causality, public benefit, welfare, causal capture, or model validation."
276,05b012d9e1a2821e,low,no,bill_reference_only_no_disposition_or_target_signal,117-hr-7776,117-263,Armed Forces and National Security,D000191,1,1,1,5009ca16-2cc0-42e7-bd55-144b869049ae,2022,2nd Quarter (Apr 1 - June 30),GULF COAST WATER AUTHORITY,HICKS-RAY ASSOCIATES,Clean Air and Water (quality),HR 7776,exact_bill_text_bill_list_or_title_only,bill_reference_without_disposition_signal,none_detected,none_detected,none_detected,house_senate_and_agency_entities_disclosed,not_detected_in_activity_text,chamber_entity_context_only_no_specific_target_detected,...for Congressional infrastructure legislation. Followed progress on a Water Resources Development 2022 water infrastructure bill in the House and the Senate introduced as HR 7776.,Keep as bill-reference context unless later target/outcome review needs it.,official_lda_filing_text_bill_identifier; official_lda_activity_text_source_review; deterministic_activity_text_position_signal; disposition_target_review_queue; congressgov_bill_action_metadata_context,manual_disposition_confirmation; sponsor_or_member_target; committee_action_influence; roll_call_influence; legislative_outcome_causality; public_benefit_or_welfare_validation; causal_capture_validation; model_validation,https://lda.gov/filings/public/filing/5009ca16-2cc0-42e7-bd55-144b869049ae/print/; https://lda.gov/api/v1/filings/5009ca16-2cc0-42e7-bd55-144b869049ae/; https://www.congress.gov/bill/117th-congress/hr-bill/7776; https://api.congress.gov/v3/bill/117/hr/7776,"LDA disposition/target source-review queue only; deterministic text signals and possible target references are not manual disposition confirmation, sponsor/member targeting evidence, committee-action influence, roll-call influence, legislative-outcome causality, public benefit, welfare, causal capture, or model validation."
277,de0a7b895995278b,low,no,bill_reference_only_no_disposition_or_target_signal,117-hr-7776,117-263,Armed Forces and National Security,D000191,1,1,1,ddf060f4-84cd-4b48-ba0a-d5a0ebaa865c,2022,2nd Quarter (Apr 1 - June 30),INCLINE VILLAGE GENERAL IMPROVEMENT DISTRICT,"MARCUS G. FAUST, PC",Natural Resources,H.R. 7776,exact_bill_text_bill_list_or_title_only,bill_reference_without_disposition_signal,none_detected,none_detected,none_detected,house_and_senate_entities_disclosed,not_detected_in_activity_text,chamber_entity_context_only_no_specific_target_detected,"...omic Development, Conservation, and Military Modernization Act (Incline Village Fire Protection Act) H.R. 3132/S 1583 Lake Tahoe Restoration Reauthorization Act S. 4193/ H.R. 7776 - Water Resources Development Act of 2022 - Section 595 Implementation of the Infrastructure Investment and Jobs Act - Lake Tahoe programs, wastewater infrastructure",Keep as bill-reference context unless later target/outcome review needs it.,official_lda_filing_text_bill_identifier; official_lda_activity_text_source_review; deterministic_activity_text_position_signal; disposition_target_review_queue; congressgov_bill_action_metadata_context,manual_disposition_confirmation; sponsor_or_member_target; committee_action_influence; roll_call_influence; legislative_outcome_causality; public_benefit_or_welfare_validation; causal_capture_validation; model_validation,https://lda.gov/filings/public/filing/ddf060f4-84cd-4b48-ba0a-d5a0ebaa865c/print/; https://lda.gov/api/v1/filings/ddf060f4-84cd-4b48-ba0a-d5a0ebaa865c/; https://www.congress.gov/bill/117th-congress/hr-bill/7776; https://api.congress.gov/v3/bill/117/hr/7776,"LDA disposition/target source-review queue only; deterministic text signals and possible target references are not manual disposition confirmation, sponsor/member targeting evidence, committee-action influence, roll-call influence, legislative-outcome causality, public benefit, welfare, causal capture, or model validation."
278,d9c293a7e7ed0287,low,no,bill_reference_only_no_disposition_or_target_signal,117-hr-7776,117-263,Armed Forces and National Security,D000191,1,1,1,a8963bae-aa82-466d-83a4-2aeb88c5d2d4,2022,2nd Quarter (Apr 1 - June 30),INDIAN WELLS VALLEY GROUNDWATER AUTHORITY,"CAPITOL CORE GROUP, INC.",Clean Air and Water (quality),HR 7776,exact_bill_text_bill_list_or_title_only,bill_reference_without_disposition_signal,none_detected,none_detected,none_detected,house_senate_and_agency_entities_disclosed,not_detected_in_activity_text,chamber_entity_context_only_no_specific_target_detected,"Western Waters Program (Bureau of Reclamation) Water Programs General (multiple agencies; USEPA, BOR, USDA) HR 7776 -- Water Resources Development Act of 2022 S. 4136 -- Water Resources Development Act of 2022",Keep as bill-reference context unless later target/outcome review needs it.,official_lda_filing_text_bill_identifier; official_lda_activity_text_source_review; deterministic_activity_text_position_signal; disposition_target_review_queue; congressgov_bill_action_metadata_context,manual_disposition_confirmation; sponsor_or_member_target; committee_action_influence; roll_call_influence; legislative_outcome_causality; public_benefit_or_welfare_validation; causal_capture_validation; model_validation,https://lda.gov/filings/public/filing/a8963bae-aa82-466d-83a4-2aeb88c5d2d4/print/; https://lda.gov/api/v1/filings/a8963bae-aa82-466d-83a4-2aeb88c5d2d4/; https://www.congress.gov/bill/117th-congress/hr-bill/7776; https://api.congress.gov/v3/bill/117/hr/7776,"LDA disposition/target source-review queue only; deterministic text signals and possible target references are not manual disposition confirmation, sponsor/member targeting evidence, committee-action influence, roll-call influence, legislative-outcome causality, public benefit, welfare, causal capture, or model validation."
279,830ff40aab9db97e,low,no,bill_reference_only_no_disposition_or_target_signal,117-hr-7776,117-263,Armed Forces and National Security,D000191,1,1,1,a59361b1-cb6e-43af-bbf1-5df5705ba8b3,2022,2nd Quarter (Apr 1 - June 30),IOWA CONFLUENCE WATER TRAILS (FORMERLY CENTRAL IOWA WATER TRAILS),"WILLIAMS AND JENSEN, PLLC",Transportation,HR 7776,exact_bill_text_bill_list_or_title_only,bill_reference_without_disposition_signal,none_detected,none_detected,none_detected,house_senate_and_agency_entities_disclosed,not_detected_in_activity_text,chamber_entity_context_only_no_specific_target_detected,"...ear 2023 appropriations, including community project funding. The America the Beautiful conservation initiative. Low head dam inventory provision in WRDA (Section 117 of HR 7776 and Section 127 of S 4136). Implementation of BUILD Grant.",Keep as bill-reference context unless later target/outcome review needs it.,official_lda_filing_text_bill_identifier; official_lda_activity_text_source_review; deterministic_activity_text_position_signal; disposition_target_review_queue; congressgov_bill_action_metadata_context,manual_disposition_confirmation; sponsor_or_member_target; committee_action_influence; roll_call_influence; legislative_outcome_causality; public_benefit_or_welfare_validation; causal_capture_validation; model_validation,https://lda.gov/filings/public/filing/a59361b1-cb6e-43af-bbf1-5df5705ba8b3/print/; https://lda.gov/api/v1/filings/a59361b1-cb6e-43af-bbf1-5df5705ba8b3/; https://www.congress.gov/bill/117th-congress/hr-bill/7776; https://api.congress.gov/v3/bill/117/hr/7776,"LDA disposition/target source-review queue only; deterministic text signals and possible target references are not manual disposition confirmation, sponsor/member targeting evidence, committee-action influence, roll-call influence, legislative-outcome causality, public benefit, welfare, causal capture, or model validation."
280,f82770383c83b0b1,low,no,bill_reference_only_no_disposition_or_target_signal,117-hr-7776,117-263,Armed Forces and National Security,D000191,1,1,1,a59361b1-cb6e-43af-bbf1-5df5705ba8b3,2022,2nd Quarter (Apr 1 - June 30),IOWA CONFLUENCE WATER TRAILS (FORMERLY CENTRAL IOWA WATER TRAILS),"WILLIAMS AND JENSEN, PLLC",Budget/Appropriations,HR 7776,exact_bill_text_bill_list_or_title_only,bill_reference_without_disposition_signal,none_detected,none_detected,none_detected,house_senate_and_agency_entities_disclosed,not_detected_in_activity_text,chamber_entity_context_only_no_specific_target_detected,"...ear 2023 appropriations, including community project funding. The America the Beautiful conservation initiative. Low head dam inventory provision in WRDA (Section 117 of HR 7776 and Section 127 of S 4136).",Keep as bill-reference context unless later target/outcome review needs it.,official_lda_filing_text_bill_identifier; official_lda_activity_text_source_review; deterministic_activity_text_position_signal; disposition_target_review_queue; congressgov_bill_action_metadata_context,manual_disposition_confirmation; sponsor_or_member_target; committee_action_influence; roll_call_influence; legislative_outcome_causality; public_benefit_or_welfare_validation; causal_capture_validation; model_validation,https://lda.gov/filings/public/filing/a59361b1-cb6e-43af-bbf1-5df5705ba8b3/print/; https://lda.gov/api/v1/filings/a59361b1-cb6e-43af-bbf1-5df5705ba8b3/; https://www.congress.gov/bill/117th-congress/hr-bill/7776; https://api.congress.gov/v3/bill/117/hr/7776,"LDA disposition/target source-review queue only; deterministic text signals and possible target references are not manual disposition confirmation, sponsor/member targeting evidence, committee-action influence, roll-call influence, legislative-outcome causality, public benefit, welfare, causal capture, or model validation."
281,ee710f1223f5b57f,low,no,bill_reference_only_no_disposition_or_target_signal,117-hr-7776,117-263,Armed Forces and National Security,D000191,1,1,1,1f5cbf0b-7da3-49d9-ac21-c2f27f65d2e3,2022,2nd Quarter (Apr 1 - June 30),LAS VEGAS VALLEY WATER DISTRICT,"MARCUS G. FAUST, PC",Natural Resources,H.R. 7776,exact_bill_text_bill_list_or_title_only,bill_reference_without_disposition_signal,none_detected,none_detected,none_detected,house_and_senate_entities_disclosed,not_detected_in_activity_text,chamber_entity_context_only_no_specific_target_detected,...espect to certain Reclamation facilities in the Colorado River Basin and for other purposes S 2334/ HR 4990 - Large Scale Water Recycling Project Investment Act S. 4193/ H.R. 7776 - Water Resources Development Act of 2022 - Section 595,Keep as bill-reference context unless later target/outcome review needs it.,official_lda_filing_text_bill_identifier; official_lda_activity_text_source_review; deterministic_activity_text_position_signal; disposition_target_review_queue; congressgov_bill_action_metadata_context,manual_disposition_confirmation; sponsor_or_member_target; committee_action_influence; roll_call_influence; legislative_outcome_causality; public_benefit_or_welfare_validation; causal_capture_validation; model_validation,https://lda.gov/filings/public/filing/1f5cbf0b-7da3-49d9-ac21-c2f27f65d2e3/print/; https://lda.gov/api/v1/filings/1f5cbf0b-7da3-49d9-ac21-c2f27f65d2e3/; https://www.congress.gov/bill/117th-congress/hr-bill/7776; https://api.congress.gov/v3/bill/117/hr/7776,"LDA disposition/target source-review queue only; deterministic text signals and possible target references are not manual disposition confirmation, sponsor/member targeting evidence, committee-action influence, roll-call influence, legislative-outcome causality, public benefit, welfare, causal capture, or model validation."
282,57fdd1262bffd954,low,no,bill_reference_only_no_disposition_or_target_signal,117-hr-7776,117-263,Armed Forces and National Security,D000191,1,1,1,480925b6-1709-49e9-9812-6b8d0f667921,2022,2nd Quarter (Apr 1 - June 30),METROPOLITAN WATER DISTRICT OF SOUTHERN CALIFORNIA,"KADESH & ASSOCIATES, LLC",Budget/Appropriations,HR 7776,exact_bill_text_bill_list_or_title_only,bill_reference_without_disposition_signal,none_detected,none_detected,none_detected,house_and_senate_entities_disclosed,not_detected_in_activity_text,chamber_entity_context_only_no_specific_target_detected,...authorization and enactment HR 3684 - Infrastructure Investment and Jobs Act - water recycling; lead and leaking pipes HR 5376 - Build Back Better Act - water recycling HR 7776 - Water Resources Development Act of 2022 Community Projects - Water Development,Keep as bill-reference context unless later target/outcome review needs it.,official_lda_filing_text_bill_identifier; official_lda_activity_text_source_review; deterministic_activity_text_position_signal; disposition_target_review_queue; congressgov_bill_action_metadata_context,manual_disposition_confirmation; sponsor_or_member_target; committee_action_influence; roll_call_influence; legislative_outcome_causality; public_benefit_or_welfare_validation; causal_capture_validation; model_validation,https://lda.gov/filings/public/filing/480925b6-1709-49e9-9812-6b8d0f667921/print/; https://lda.gov/api/v1/filings/480925b6-1709-49e9-9812-6b8d0f667921/; https://www.congress.gov/bill/117th-congress/hr-bill/7776; https://api.congress.gov/v3/bill/117/hr/7776,"LDA disposition/target source-review queue only; deterministic text signals and possible target references are not manual disposition confirmation, sponsor/member targeting evidence, committee-action influence, roll-call influence, legislative-outcome causality, public benefit, welfare, causal capture, or model validation."
283,4e74dca26e82db76,low,no,bill_reference_only_no_disposition_or_target_signal,117-hr-7776,117-263,Armed Forces and National Security,D000191,1,1,1,741655c5-189f-4581-bf28-ac4ae6a2485c,2022,2nd Quarter (Apr 1 - June 30),SOUTHERN NEVADA WATER AUTHORITY,"MARCUS G. FAUST, PC",Natural Resources,H.R. 7776,exact_bill_text_bill_list_or_title_only,bill_reference_without_disposition_signal,none_detected,none_detected,none_detected,house_and_senate_entities_disclosed,not_detected_in_activity_text,chamber_entity_context_only_no_specific_target_detected,"...espect to certain Reclamation facilities in the Colorado River Basin and for other purposes S 2334/ HR 4990 - Large Scale Water Recycling Project Investment Act S. 4193/ H.R. 7776 - Water Resources Development Act of 2022 - Section 595 Implementation of the Infrastructure Investment and Jobs Act - water recycling and infrastructure, Colorado River...",Keep as bill-reference context unless later target/outcome review needs it.,official_lda_filing_text_bill_identifier; official_lda_activity_text_source_review; deterministic_activity_text_position_signal; disposition_target_review_queue; congressgov_bill_action_metadata_context,manual_disposition_confirmation; sponsor_or_member_target; committee_action_influence; roll_call_influence; legislative_outcome_causality; public_benefit_or_welfare_validation; causal_capture_validation; model_validation,https://lda.gov/filings/public/filing/741655c5-189f-4581-bf28-ac4ae6a2485c/print/; https://lda.gov/api/v1/filings/741655c5-189f-4581-bf28-ac4ae6a2485c/; https://www.congress.gov/bill/117th-congress/hr-bill/7776; https://api.congress.gov/v3/bill/117/hr/7776,"LDA disposition/target source-review queue only; deterministic text signals and possible target references are not manual disposition confirmation, sponsor/member targeting evidence, committee-action influence, roll-call influence, legislative-outcome causality, public benefit, welfare, causal capture, or model validation."
284,afe10583c4d3c79c,low,no,bill_reference_only_no_disposition_or_target_signal,117-hr-7776,117-263,Armed Forces and National Security,D000191,1,1,1,e1030133-e999-406b-8869-4edbe8b91b09,2022,2nd Quarter (Apr 1 - June 30),TARRANT REGIONAL WATER DISTRICT,HICKS-RICHARDSON ASSOCIATES,Environment/Superfund,HR 7776,exact_bill_text_bill_list_or_title_only,bill_reference_without_disposition_signal,none_detected,none_detected,none_detected,no_government_entity_disclosed,not_detected_in_activity_text,no_government_entity_context_or_specific_target_detected,"Federal FY22 Appropriations cycle and Water Resources Development Act 2022 reauthorization, HR 7776.",Keep as bill-reference context unless later target/outcome review needs it.,official_lda_filing_text_bill_identifier; official_lda_activity_text_source_review; deterministic_activity_text_position_signal; disposition_target_review_queue; congressgov_bill_action_metadata_context,manual_disposition_confirmation; sponsor_or_member_target; committee_action_influence; roll_call_influence; legislative_outcome_causality; public_benefit_or_welfare_validation; causal_capture_validation; model_validation,https://lda.gov/filings/public/filing/e1030133-e999-406b-8869-4edbe8b91b09/print/; https://lda.gov/api/v1/filings/e1030133-e999-406b-8869-4edbe8b91b09/; https://www.congress.gov/bill/117th-congress/hr-bill/7776; https://api.congress.gov/v3/bill/117/hr/7776,"LDA disposition/target source-review queue only; deterministic text signals and possible target references are not manual disposition confirmation, sponsor/member targeting evidence, committee-action influence, roll-call influence, legislative-outcome causality, public benefit, welfare, causal capture, or model validation."
285,c0df983154108329,low,no,bill_reference_only_no_disposition_or_target_signal,117-hr-7776,117-263,Armed Forces and National Security,D000191,1,1,1,b8ac4140-e535-467b-9c2e-81c6e040b9ed,2022,2nd Quarter (Apr 1 - June 30),TRUCKEE RIVER FLOOD PROJECT,"MARCUS G. FAUST, PC",Natural Resources,H.R. 7776,exact_bill_text_bill_list_or_title_only,bill_reference_without_disposition_signal,none_detected,none_detected,none_detected,house_and_senate_entities_disclosed,not_detected_in_activity_text,chamber_entity_context_only_no_specific_target_detected,"HR 5243 - Northern Nevada Economic Development, Conservation, and Military Modernization Act (River Restoration parcels) S. 4193/ H.R. 7776 - Water Resources Development Act of 2022",Keep as bill-reference context unless later target/outcome review needs it.,official_lda_filing_text_bill_identifier; official_lda_activity_text_source_review; deterministic_activity_text_position_signal; disposition_target_review_queue; congressgov_bill_action_metadata_context,manual_disposition_confirmation; sponsor_or_member_target; committee_action_influence; roll_call_influence; legislative_outcome_causality; public_benefit_or_welfare_validation; causal_capture_validation; model_validation,https://lda.gov/filings/public/filing/b8ac4140-e535-467b-9c2e-81c6e040b9ed/print/; https://lda.gov/api/v1/filings/b8ac4140-e535-467b-9c2e-81c6e040b9ed/; https://www.congress.gov/bill/117th-congress/hr-bill/7776; https://api.congress.gov/v3/bill/117/hr/7776,"LDA disposition/target source-review queue only; deterministic text signals and possible target references are not manual disposition confirmation, sponsor/member targeting evidence, committee-action influence, roll-call influence, legislative-outcome causality, public benefit, welfare, causal capture, or model validation."
286,a25bcd722ce5c7dd,low,no,bill_reference_only_no_disposition_or_target_signal,117-hr-7776,117-263,Armed Forces and National Security,D000191,1,1,1,87fe2b4d-4604-48d6-8e6c-136a61bbaab5,2022,2nd Quarter (Apr 1 - June 30),VALLEY WATER,"KADESH & ASSOCIATES, LLC",Environment/Superfund,HR 7776,exact_bill_text_bill_list_or_title_only,bill_reference_without_disposition_signal,none_detected,none_detected,none_detected,house_and_senate_entities_disclosed,not_detected_in_activity_text,chamber_entity_context_only_no_specific_target_detected,"Flood control and federal water related issues WIFIA, WIIN and Title XVI funding HR 7776 - Water Resources Development Act of 2022",Keep as bill-reference context unless later target/outcome review needs it.,official_lda_filing_text_bill_identifier; official_lda_activity_text_source_review; deterministic_activity_text_position_signal; disposition_target_review_queue; congressgov_bill_action_metadata_context,manual_disposition_confirmation; sponsor_or_member_target; committee_action_influence; roll_call_influence; legislative_outcome_causality; public_benefit_or_welfare_validation; causal_capture_validation; model_validation,https://lda.gov/filings/public/filing/87fe2b4d-4604-48d6-8e6c-136a61bbaab5/print/; https://lda.gov/api/v1/filings/87fe2b4d-4604-48d6-8e6c-136a61bbaab5/; https://www.congress.gov/bill/117th-congress/hr-bill/7776; https://api.congress.gov/v3/bill/117/hr/7776,"LDA disposition/target source-review queue only; deterministic text signals and possible target references are not manual disposition confirmation, sponsor/member targeting evidence, committee-action influence, roll-call influence, legislative-outcome causality, public benefit, welfare, causal capture, or model validation."
287,00bd2a8a38b6fce4,low,no,bill_reference_only_no_disposition_or_target_signal,117-hr-7776,117-263,Armed Forces and National Security,D000191,1,1,1,0983ee1f-1cec-4a12-b754-8ce979ce0944,2022,2nd Quarter (Apr 1 - June 30),WASHINGTON ASSOCIATION OF WHEAT GROWERS,"TORREY ADVISORY GROUP (FORMERLY MICHAEL TORREY ASSOCIATES, LLC)",Transportation,HR 7776,exact_bill_text_bill_list_or_title_only,bill_reference_without_disposition_signal,none_detected,none_detected,none_detected,house_and_senate_entities_disclosed,not_detected_in_activity_text,chamber_entity_context_only_no_specific_target_detected,Water Resources Development Act (HR 7776 and S 4136).,Keep as bill-reference context unless later target/outcome review needs it.,official_lda_filing_text_bill_identifier; official_lda_activity_text_source_review; deterministic_activity_text_position_signal; disposition_target_review_queue; congressgov_bill_action_metadata_context,manual_disposition_confirmation; sponsor_or_member_target; committee_action_influence; roll_call_influence; legislative_outcome_causality; public_benefit_or_welfare_validation; causal_capture_validation; model_validation,https://lda.gov/filings/public/filing/0983ee1f-1cec-4a12-b754-8ce979ce0944/print/; https://lda.gov/api/v1/filings/0983ee1f-1cec-4a12-b754-8ce979ce0944/; https://www.congress.gov/bill/117th-congress/hr-bill/7776; https://api.congress.gov/v3/bill/117/hr/7776,"LDA disposition/target source-review queue only; deterministic text signals and possible target references are not manual disposition confirmation, sponsor/member targeting evidence, committee-action influence, roll-call influence, legislative-outcome causality, public benefit, welfare, causal capture, or model validation."
288,88af701f1107bb18,low,no,bill_reference_only_no_disposition_or_target_signal,117-hr-8404,117-228,"Civil Rights and Liberties, Minority Issues",N000002,1,1,1,f53e09c4-7e27-4d06-b7d9-9e02d00398ff,2022,3rd Quarter (July 1 - Sep 30),NATIONAL EDUCATION ASSOCIATION,NATIONAL EDUCATION ASSOCIATION,Civil Rights/Civil Liberties,HR 8404,exact_bill_text_bill_list_or_title_only,bill_reference_without_disposition_signal,none_detected,none_detected,none_detected,house_senate_and_agency_entities_disclosed,not_detected_in_activity_text,chamber_entity_context_only_no_specific_target_detected,HR 7900 - NDAA HR 8404 / S 4556 - Marriage Equality Act HR 8873 - Presidential Election Reform Act S 391 - EAGLES Act of 2021 HR 1808 - Assault Weapons Ban of 2022 HR 5376 - Inflation Reductio...,Keep as bill-reference context unless later target/outcome review needs it.,official_lda_filing_text_bill_identifier; official_lda_activity_text_source_review; deterministic_activity_text_position_signal; disposition_target_review_queue; congressgov_bill_action_metadata_context,manual_disposition_confirmation; sponsor_or_member_target; committee_action_influence; roll_call_influence; legislative_outcome_causality; public_benefit_or_welfare_validation; causal_capture_validation; model_validation,https://lda.gov/filings/public/filing/f53e09c4-7e27-4d06-b7d9-9e02d00398ff/print/; https://lda.gov/api/v1/filings/f53e09c4-7e27-4d06-b7d9-9e02d00398ff/; https://www.congress.gov/bill/117th-congress/hr-bill/8404; https://api.congress.gov/v3/bill/117/hr/8404,"LDA disposition/target source-review queue only; deterministic text signals and possible target references are not manual disposition confirmation, sponsor/member targeting evidence, committee-action influence, roll-call influence, legislative-outcome causality, public benefit, welfare, causal capture, or model validation."
289,cbc3671ee1da4e07,low,no,bill_reference_only_no_disposition_or_target_signal,117-hr-8404,117-228,"Civil Rights and Liberties, Minority Issues",N000002,1,1,1,8e436459-df07-48a6-8e84-18e6021a2c32,2022,3rd Quarter (July 1 - Sep 30),NATIONAL EDUCATION ASSOCIATION,NATIONAL EDUCATION ASSOCIATION,Civil Rights/Civil Liberties,HR 8404,exact_bill_text_bill_list_or_title_only,bill_reference_without_disposition_signal,none_detected,none_detected,none_detected,house_senate_and_agency_entities_disclosed,not_detected_in_activity_text,chamber_entity_context_only_no_specific_target_detected,HR 7900 - NDAA HR 8404 / S 4556 - Marriage Equality Act HR 8873 - Presidential Election Reform Act S 391 - EAGLES Act of 2021 HR 1808 - Assault Weapons Ban of 2022 HR 5376 - Inflation Reductio...,Keep as bill-reference context unless later target/outcome review needs it.,official_lda_filing_text_bill_identifier; official_lda_activity_text_source_review; deterministic_activity_text_position_signal; disposition_target_review_queue; congressgov_bill_action_metadata_context,manual_disposition_confirmation; sponsor_or_member_target; committee_action_influence; roll_call_influence; legislative_outcome_causality; public_benefit_or_welfare_validation; causal_capture_validation; model_validation,https://lda.gov/filings/public/filing/8e436459-df07-48a6-8e84-18e6021a2c32/print/; https://lda.gov/api/v1/filings/8e436459-df07-48a6-8e84-18e6021a2c32/; https://www.congress.gov/bill/117th-congress/hr-bill/8404; https://api.congress.gov/v3/bill/117/hr/8404,"LDA disposition/target source-review queue only; deterministic text signals and possible target references are not manual disposition confirmation, sponsor/member targeting evidence, committee-action influence, roll-call influence, legislative-outcome causality, public benefit, welfare, causal capture, or model validation."
290,ce808f7b0184dfc0,low,no,bill_reference_only_no_disposition_or_target_signal,117-hr-8404,117-228,"Civil Rights and Liberties, Minority Issues",N000002,1,1,1,c0507bd6-95c3-4396-af60-9baab24748cc,2022,3rd Quarter (July 1 - Sep 30),TECHNOLOGY NETWORK AKA TECHNET,TECHNOLOGY NETWORK AKA TECHNET,Civil Rights/Civil Liberties,HR 8404,exact_bill_text_bill_list_or_title_only,bill_reference_without_disposition_signal,none_detected,none_detected,none_detected,house_and_senate_entities_disclosed,not_detected_in_activity_text,chamber_entity_context_only_no_specific_target_detected,"H.R.5 Equality Act; Systemic Inequality; H.R.4 John R. Lewis Voting Rights Advancement Act of 2021; Voting Rights Reform including Electoral Count Act; HR 8404, Respect for Marriage Act.",Keep as bill-reference context unless later target/outcome review needs it.,official_lda_filing_text_bill_identifier; official_lda_activity_text_source_review; deterministic_activity_text_position_signal; disposition_target_review_queue; congressgov_bill_action_metadata_context,manual_disposition_confirmation; sponsor_or_member_target; committee_action_influence; roll_call_influence; legislative_outcome_causality; public_benefit_or_welfare_validation; causal_capture_validation; model_validation,https://lda.gov/filings/public/filing/c0507bd6-95c3-4396-af60-9baab24748cc/print/; https://lda.gov/api/v1/filings/c0507bd6-95c3-4396-af60-9baab24748cc/; https://www.congress.gov/bill/117th-congress/hr-bill/8404; https://api.congress.gov/v3/bill/117/hr/8404,"LDA disposition/target source-review queue only; deterministic text signals and possible target references are not manual disposition confirmation, sponsor/member targeting evidence, committee-action influence, roll-call influence, legislative-outcome causality, public benefit, welfare, causal capture, or model validation."
291,79187e0d8c45fb6d,low,no,bill_reference_only_no_disposition_or_target_signal,117-hr-8404,117-228,"Civil Rights and Liberties, Minority Issues",N000002,1,1,1,c8798ce4-572a-4223-b4b5-38ee933337a6,2022,3rd Quarter (July 1 - Sep 30),UPS (UNITED PARCEL SERVICE),UPS (UNITED PARCEL SERVICE),Civil Rights/Civil Liberties,HR 8404,exact_bill_text_bill_list_or_title_only,bill_reference_without_disposition_signal,none_detected,none_detected,none_detected,house_senate_and_agency_entities_disclosed,not_detected_in_activity_text,chamber_entity_context_only_no_specific_target_detected,HR 5 / S 393 - Equality Act of 2022 HR 8404 / S 4556 - Respect for Marriage Act,Keep as bill-reference context unless later target/outcome review needs it.,official_lda_filing_text_bill_identifier; official_lda_activity_text_source_review; deterministic_activity_text_position_signal; disposition_target_review_queue; congressgov_bill_action_metadata_context,manual_disposition_confirmation; sponsor_or_member_target; committee_action_influence; roll_call_influence; legislative_outcome_causality; public_benefit_or_welfare_validation; causal_capture_validation; model_validation,https://lda.gov/filings/public/filing/c8798ce4-572a-4223-b4b5-38ee933337a6/print/; https://lda.gov/api/v1/filings/c8798ce4-572a-4223-b4b5-38ee933337a6/; https://www.congress.gov/bill/117th-congress/hr-bill/8404; https://api.congress.gov/v3/bill/117/hr/8404,"LDA disposition/target source-review queue only; deterministic text signals and possible target references are not manual disposition confirmation, sponsor/member targeting evidence, committee-action influence, roll-call influence, legislative-outcome causality, public benefit, welfare, causal capture, or model validation."
292,eed5c20b72d4ed67,low,no,bill_reference_only_no_disposition_or_target_signal,117-hr-8404,117-228,"Civil Rights and Liberties, Minority Issues",N000002,1,1,1,f2cd9a00-649a-4e35-80bc-28be8aac8130,2022,4th Quarter (Oct 1 - Dec 31),TECHNOLOGY NETWORK AKA TECHNET,TECHNOLOGY NETWORK AKA TECHNET,Civil Rights/Civil Liberties,HR 8404,exact_bill_text_bill_list_or_title_only,bill_reference_without_disposition_signal,none_detected,none_detected,none_detected,house_and_senate_entities_disclosed,not_detected_in_activity_text,chamber_entity_context_only_no_specific_target_detected,"H.R.5 Equality Act; Systemic Inequality; Voting Rights Reform; HR 8404, Respect for Marriage Act.",Keep as bill-reference context unless later target/outcome review needs it.,official_lda_filing_text_bill_identifier; official_lda_activity_text_source_review; deterministic_activity_text_position_signal; disposition_target_review_queue; congressgov_bill_action_metadata_context,manual_disposition_confirmation; sponsor_or_member_target; committee_action_influence; roll_call_influence; legislative_outcome_causality; public_benefit_or_welfare_validation; causal_capture_validation; model_validation,https://lda.gov/filings/public/filing/f2cd9a00-649a-4e35-80bc-28be8aac8130/print/; https://lda.gov/api/v1/filings/f2cd9a00-649a-4e35-80bc-28be8aac8130/; https://www.congress.gov/bill/117th-congress/hr-bill/8404; https://api.congress.gov/v3/bill/117/hr/8404,"LDA disposition/target source-review queue only; deterministic text signals and possible target references are not manual disposition confirmation, sponsor/member targeting evidence, committee-action influence, roll-call influence, legislative-outcome causality, public benefit, welfare, causal capture, or model validation."
293,7331a673e0ac7cde,low,no,bill_reference_only_no_disposition_or_target_signal,117-hr-8454,117-215,Crime and Law Enforcement,B000574,0,1,1,d6001dea-63a2-42a0-b4ab-4b7c8101779d,2022,3rd Quarter (July 1 - Sep 30),AMERICAN ACADEMY OF PEDIATRICS,AMERICAN ACADEMY OF PEDIATRICS,Health Issues,H.R. 8454,exact_bill_text_bill_list_or_title_only,bill_reference_without_disposition_signal,none_detected,none_detected,none_detected,house_senate_and_agency_entities_disclosed,not_detected_in_activity_text,chamber_entity_context_only_no_specific_target_detected,...t (H.R. 8152) Department of Health and Human Services Office of Adolescent Health Fiscal Year (FY) 2023 Funding Medical Marijuana and Cannabidiol Research Expansion Act (H.R. 8454) Mainstreaming Addiction Treatment Act (H.R. 1384/S. 445) E-Cigarette and Tobacco Product Regulation (FDA) FY 2024 Funding for Adolescent Sexual and Reproductive Health...,Keep as bill-reference context unless later target/outcome review needs it.,official_lda_filing_text_bill_identifier; official_lda_activity_text_source_review; deterministic_activity_text_position_signal; disposition_target_review_queue; congressgov_bill_action_metadata_context,manual_disposition_confirmation; sponsor_or_member_target; committee_action_influence; roll_call_influence; legislative_outcome_causality; public_benefit_or_welfare_validation; causal_capture_validation; model_validation,https://lda.gov/filings/public/filing/d6001dea-63a2-42a0-b4ab-4b7c8101779d/print/; https://lda.gov/api/v1/filings/d6001dea-63a2-42a0-b4ab-4b7c8101779d/; https://www.congress.gov/bill/117th-congress/hr-bill/8454; https://api.congress.gov/v3/bill/117/hr/8454,"LDA disposition/target source-review queue only; deterministic text signals and possible target references are not manual disposition confirmation, sponsor/member targeting evidence, committee-action influence, roll-call influence, legislative-outcome causality, public benefit, welfare, causal capture, or model validation."
294,b32785a2dda4f1fd,low,no,bill_reference_only_no_disposition_or_target_signal,117-hr-8454,117-215,Crime and Law Enforcement,B000574,0,1,1,dd3fd7cd-a487-4a78-9b22-6f8c101b8c68,2022,3rd Quarter (July 1 - Sep 30),RAPE ABUSE & INCEST NATIONAL NETWORK,"RAPE, ABUSE & INCEST NATIONAL NETWORK",Law Enforcement/Crime/Criminal Justice,H.R. 8454,exact_bill_text_bill_list_or_title_only,bill_reference_without_disposition_signal,none_detected,none_detected,none_detected,house_senate_and_agency_entities_disclosed,not_detected_in_activity_text,chamber_entity_context_only_no_specific_target_detected,...89 (Sen. Graham and Blumenthal); H.R. 6544; Rep. Ann Wagner; Rep. Sylvia Garcia Eliminating Abusive and Rampant Neglect of Interactive Technologies (EARN IT) Act of 2020 H.R. 8454 (Rep. Garcia and Wagner); S.3538; Sen. Richard Blumenthal; Sen. Lindsey Graham Kids Online Safety Act; S. 3663; Sen. Richard Blumenthal Kids Online Safety Act; H.R. 5439...,Keep as bill-reference context unless later target/outcome review needs it.,official_lda_filing_text_bill_identifier; official_lda_activity_text_source_review; deterministic_activity_text_position_signal; disposition_target_review_queue; congressgov_bill_action_metadata_context,manual_disposition_confirmation; sponsor_or_member_target; committee_action_influence; roll_call_influence; legislative_outcome_causality; public_benefit_or_welfare_validation; causal_capture_validation; model_validation,https://lda.gov/filings/public/filing/dd3fd7cd-a487-4a78-9b22-6f8c101b8c68/print/; https://lda.gov/api/v1/filings/dd3fd7cd-a487-4a78-9b22-6f8c101b8c68/; https://www.congress.gov/bill/117th-congress/hr-bill/8454; https://api.congress.gov/v3/bill/117/hr/8454,"LDA disposition/target source-review queue only; deterministic text signals and possible target references are not manual disposition confirmation, sponsor/member targeting evidence, committee-action influence, roll-call influence, legislative-outcome causality, public benefit, welfare, causal capture, or model validation."
295,1e4223d03acd3e2f,low,no,bill_reference_only_no_disposition_or_target_signal,117-hr-8454,117-215,Crime and Law Enforcement,B000574,0,1,1,3850f7d6-42e3-42c2-a1e6-9513b19a132a,2022,4th Quarter (Oct 1 - Dec 31),NATIONAL CANNABIS ROUNDTABLE,"THE LIAISON GROUP, LLC",Government Issues,HR 8454,exact_bill_text_bill_list_or_title_only,bill_reference_without_disposition_signal,none_detected,none_detected,none_detected,house_and_senate_entities_disclosed,not_detected_in_activity_text,chamber_entity_context_only_no_specific_target_detected,"...E's inclusion in year end omni. NCR also supported the PREPARE Act (H.R. 7513) Finally, NCR supported the Medical Marijuana and Cannabidiol Research Act(signed into law)(HR 8454) and the Medical Marijuana Research Act (HR 5657).",Keep as bill-reference context unless later target/outcome review needs it.,official_lda_filing_text_bill_identifier; official_lda_activity_text_source_review; deterministic_activity_text_position_signal; disposition_target_review_queue; congressgov_bill_action_metadata_context,manual_disposition_confirmation; sponsor_or_member_target; committee_action_influence; roll_call_influence; legislative_outcome_causality; public_benefit_or_welfare_validation; causal_capture_validation; model_validation,https://lda.gov/filings/public/filing/3850f7d6-42e3-42c2-a1e6-9513b19a132a/print/; https://lda.gov/api/v1/filings/3850f7d6-42e3-42c2-a1e6-9513b19a132a/; https://www.congress.gov/bill/117th-congress/hr-bill/8454; https://api.congress.gov/v3/bill/117/hr/8454,"LDA disposition/target source-review queue only; deterministic text signals and possible target references are not manual disposition confirmation, sponsor/member targeting evidence, committee-action influence, roll-call influence, legislative-outcome causality, public benefit, welfare, causal capture, or model validation."
296,b83bd02accd2b956,low,no,bill_reference_only_no_disposition_or_target_signal,117-hr-8454,117-215,Crime and Law Enforcement,B000574,0,1,1,34f21c24-2891-4115-a798-0731aa2b848d,2022,4th Quarter (Oct 1 - Dec 31),NATIONAL CANNABIS ROUNDTABLE,"THE LIAISON GROUP, LLC",Government Issues,HR 8454,exact_bill_text_bill_list_or_title_only,bill_reference_without_disposition_signal,none_detected,none_detected,none_detected,house_and_senate_entities_disclosed,not_detected_in_activity_text,chamber_entity_context_only_no_specific_target_detected,"...E's inclusion in year end omni. NCR also supported the PREPARE Act (H.R. 7513) Finally, NCR supported the Medical Marijuana and Cannabidiol Research Act(signed into law)(HR 8454) and the Medical Marijuana Research Act (HR 5657).",Keep as bill-reference context unless later target/outcome review needs it.,official_lda_filing_text_bill_identifier; official_lda_activity_text_source_review; deterministic_activity_text_position_signal; disposition_target_review_queue; congressgov_bill_action_metadata_context,manual_disposition_confirmation; sponsor_or_member_target; committee_action_influence; roll_call_influence; legislative_outcome_causality; public_benefit_or_welfare_validation; causal_capture_validation; model_validation,https://lda.gov/filings/public/filing/34f21c24-2891-4115-a798-0731aa2b848d/print/; https://lda.gov/api/v1/filings/34f21c24-2891-4115-a798-0731aa2b848d/; https://www.congress.gov/bill/117th-congress/hr-bill/8454; https://api.congress.gov/v3/bill/117/hr/8454,"LDA disposition/target source-review queue only; deterministic text signals and possible target references are not manual disposition confirmation, sponsor/member targeting evidence, committee-action influence, roll-call influence, legislative-outcome causality, public benefit, welfare, causal capture, or model validation."
297,8a890dd217f461ba,low,no,bill_reference_only_no_disposition_or_target_signal,117-hr-8454,117-215,Crime and Law Enforcement,B000574,0,1,1,109c843c-e47a-499b-92f1-9e938b1f5533,2022,4th Quarter (Oct 1 - Dec 31),THE LIAISON GROUP ON BEHALF OF THE NATIONAL CANNABIS ROUNDTABLE,ERIN MOFFET,Government Issues,HR 8454,exact_bill_text_bill_list_or_title_only,bill_reference_without_disposition_signal,none_detected,none_detected,none_detected,house_and_senate_entities_disclosed,not_detected_in_activity_text,chamber_entity_context_only_no_specific_target_detected,...ately happen. NCR also noted the introduction of the PREPARE Act in the Senate (S.5166) and supported the Medical Marijuana and Cannabidiol Research Act(signed into law)(HR 8454) and the Medical Marijuana Research Act (HR 5657).,Keep as bill-reference context unless later target/outcome review needs it.,official_lda_filing_text_bill_identifier; official_lda_activity_text_source_review; deterministic_activity_text_position_signal; disposition_target_review_queue; congressgov_bill_action_metadata_context,manual_disposition_confirmation; sponsor_or_member_target; committee_action_influence; roll_call_influence; legislative_outcome_causality; public_benefit_or_welfare_validation; causal_capture_validation; model_validation,https://lda.gov/filings/public/filing/109c843c-e47a-499b-92f1-9e938b1f5533/print/; https://lda.gov/api/v1/filings/109c843c-e47a-499b-92f1-9e938b1f5533/; https://www.congress.gov/bill/117th-congress/hr-bill/8454; https://api.congress.gov/v3/bill/117/hr/8454,"LDA disposition/target source-review queue only; deterministic text signals and possible target references are not manual disposition confirmation, sponsor/member targeting evidence, committee-action influence, roll-call influence, legislative-outcome causality, public benefit, welfare, causal capture, or model validation."
298,6a11003739567407,low,no,bill_reference_only_no_disposition_or_target_signal,117-s-2089,117-158,Agriculture and Food,S001181,1,1,1,9ca1a7a7-4c2b-4c37-89c3-86f4df771957,2021,4th Quarter (Oct 1 - Dec 31),PARALYZED VETERANS OF AMERICA,PARALYZED VETERANS OF AMERICA,Veterans,S. 2089,exact_bill_text_bill_list_or_title_only,bill_reference_without_disposition_signal,none_detected,none_detected,none_detected,house_senate_and_agency_entities_disclosed,not_detected_in_activity_text,chamber_entity_context_only_no_specific_target_detected,"...5, the Planning for Aging Veterans Act of 2021 S. 1970, the Clean Water for Military Families Act S. 2041, the Department of Veterans Affairs Provider Accountability Act S. 2089, the Burial Equity for Guards and Reserves Act of 2021 S. 2102, to amend title 38, United States Code, to direct the Under Secretary for Health of the Department of Vete...",Keep as bill-reference context unless later target/outcome review needs it.,official_lda_filing_text_bill_identifier; official_lda_activity_text_source_review; deterministic_activity_text_position_signal; disposition_target_review_queue; congressgov_bill_action_metadata_context,manual_disposition_confirmation; sponsor_or_member_target; committee_action_influence; roll_call_influence; legislative_outcome_causality; public_benefit_or_welfare_validation; causal_capture_validation; model_validation,https://lda.gov/filings/public/filing/9ca1a7a7-4c2b-4c37-89c3-86f4df771957/print/; https://lda.gov/api/v1/filings/9ca1a7a7-4c2b-4c37-89c3-86f4df771957/; https://www.congress.gov/bill/117th-congress/s-bill/2089; https://api.congress.gov/v3/bill/117/s/2089,"LDA disposition/target source-review queue only; deterministic text signals and possible target references are not manual disposition confirmation, sponsor/member targeting evidence, committee-action influence, roll-call influence, legislative-outcome causality, public benefit, welfare, causal capture, or model validation."
299,ce43953ac3b80f3a,low,no,bill_reference_only_no_disposition_or_target_signal,117-s-2089,117-158,Agriculture and Food,S001181,1,1,1,936b4d08-3018-4c61-a36d-c49a82e5cf77,2022,1st Quarter (Jan 1 - Mar 31),AMERICAN LEGION,THE AMERICAN LEGION,Veterans,S. 2089,exact_bill_text_bill_list_or_title_only,bill_reference_without_disposition_signal,none_detected,none_detected,none_detected,house_and_senate_entities_disclosed,not_detected_in_activity_text,chamber_entity_context_only_no_specific_target_detected,...ires Act H.R. 7153 - Department of Veterans Affairs Principles of Benefits Automation Act H.R. 1282 - Major Richard Star Act S. 3548 - Veterans Hearing Benefits Act 2022 S. 2089 - the Burial Equity for Guards and Reserves Act of 2021 / House companion: H.R. 3944 H.R. 4218 - the Women Veteran Report Act H.R. 5212 - the Improving Oversight of Wome...,Keep as bill-reference context unless later target/outcome review needs it.,official_lda_filing_text_bill_identifier; official_lda_activity_text_source_review; deterministic_activity_text_position_signal; disposition_target_review_queue; congressgov_bill_action_metadata_context,manual_disposition_confirmation; sponsor_or_member_target; committee_action_influence; roll_call_influence; legislative_outcome_causality; public_benefit_or_welfare_validation; causal_capture_validation; model_validation,https://lda.gov/filings/public/filing/936b4d08-3018-4c61-a36d-c49a82e5cf77/print/; https://lda.gov/api/v1/filings/936b4d08-3018-4c61-a36d-c49a82e5cf77/; https://www.congress.gov/bill/117th-congress/s-bill/2089; https://api.congress.gov/v3/bill/117/s/2089,"LDA disposition/target source-review queue only; deterministic text signals and possible target references are not manual disposition confirmation, sponsor/member targeting evidence, committee-action influence, roll-call influence, legislative-outcome causality, public benefit, welfare, causal capture, or model validation."
300,688458efbfd55e53,low,no,bill_reference_only_no_disposition_or_target_signal,117-s-2089,117-158,Agriculture and Food,S001181,1,1,1,6091aa69-7146-4723-a812-6794a369abb1,2022,1st Quarter (Jan 1 - Mar 31),CSPI ACTION FUND,CSPI ACTION FUND,"Food Industry (safety, labeling, etc.)",S. 2089,exact_bill_text_bill_list_or_title_only,bill_reference_without_disposition_signal,none_detected,none_detected,none_detected,no_government_entity_disclosed,not_detected_in_activity_text,no_government_entity_context_or_specific_target_detected,Food and Drug Amendments of 2022 (H.R. 7667); Keep Kids Fed Act (S. 2089); Food Labeling Modernization Act of 2021 (H.R. 4917/S.2594); LIFT the BAR Act (H.R. 5227); Food Labeling Modernization Act of 2021 (H.R. 4917); Fiscal Year 2023 Financi...,Keep as bill-reference context unless later target/outcome review needs it.,official_lda_filing_text_bill_identifier; official_lda_activity_text_source_review; deterministic_activity_text_position_signal; disposition_target_review_queue; congressgov_bill_action_metadata_context,manual_disposition_confirmation; sponsor_or_member_target; committee_action_influence; roll_call_influence; legislative_outcome_causality; public_benefit_or_welfare_validation; causal_capture_validation; model_validation,https://lda.gov/filings/public/filing/6091aa69-7146-4723-a812-6794a369abb1/print/; https://lda.gov/api/v1/filings/6091aa69-7146-4723-a812-6794a369abb1/; https://www.congress.gov/bill/117th-congress/s-bill/2089; https://api.congress.gov/v3/bill/117/s/2089,"LDA disposition/target source-review queue only; deterministic text signals and possible target references are not manual disposition confirmation, sponsor/member targeting evidence, committee-action influence, roll-call influence, legislative-outcome causality, public benefit, welfare, causal capture, or model validation."
301,722f131c29f8955a,low,no,bill_reference_only_no_disposition_or_target_signal,117-s-2089,117-158,Agriculture and Food,S001181,1,1,1,6091aa69-7146-4723-a812-6794a369abb1,2022,1st Quarter (Jan 1 - Mar 31),CSPI ACTION FUND,CSPI ACTION FUND,Budget/Appropriations,S. 2089,exact_bill_text_bill_list_or_title_only,bill_reference_without_disposition_signal,none_detected,none_detected,none_detected,no_government_entity_disclosed,not_detected_in_activity_text,no_government_entity_context_or_specific_target_detected,Food and Drug Amendments of 2022 (H.R. 7667); Keep Kids Fed Act (S. 2089); Food Labeling Modernization Act of 2021 (H.R. 4917/S.2594); LIFT the BAR Act (H.R. 5227); Food Labeling Modernization Act of 2021 (H.R. 4917); Fiscal Year 2023 Financi...,Keep as bill-reference context unless later target/outcome review needs it.,official_lda_filing_text_bill_identifier; official_lda_activity_text_source_review; deterministic_activity_text_position_signal; disposition_target_review_queue; congressgov_bill_action_metadata_context,manual_disposition_confirmation; sponsor_or_member_target; committee_action_influence; roll_call_influence; legislative_outcome_causality; public_benefit_or_welfare_validation; causal_capture_validation; model_validation,https://lda.gov/filings/public/filing/6091aa69-7146-4723-a812-6794a369abb1/print/; https://lda.gov/api/v1/filings/6091aa69-7146-4723-a812-6794a369abb1/; https://www.congress.gov/bill/117th-congress/s-bill/2089; https://api.congress.gov/v3/bill/117/s/2089,"LDA disposition/target source-review queue only; deterministic text signals and possible target references are not manual disposition confirmation, sponsor/member targeting evidence, committee-action influence, roll-call influence, legislative-outcome causality, public benefit, welfare, causal capture, or model validation."
302,08217a2f384c47e6,low,no,bill_reference_only_no_disposition_or_target_signal,117-s-2089,117-158,Agriculture and Food,S001181,1,1,1,a214fc3b-1054-4e9b-bf0d-ba2781fbc121,2022,1st Quarter (Jan 1 - Mar 31),PARALYZED VETERANS OF AMERICA,PARALYZED VETERANS OF AMERICA,Veterans,S. 2089,exact_bill_text_bill_list_or_title_only,bill_reference_without_disposition_signal,none_detected,none_detected,none_detected,house_senate_and_agency_entities_disclosed,not_detected_in_activity_text,chamber_entity_context_only_no_specific_target_detected,"...5, the Planning for Aging Veterans Act of 2021 S. 1970, the Clean Water for Military Families Act S. 2041, the Department of Veterans Affairs Provider Accountability Act S. 2089, the Burial Equity for Guards and Reserves Act of 2021 S. 2102 S. 2172, the Building Solutions for Veterans Experiencing Homelessness Act of 2021 S. 2283, the Revising a...",Keep as bill-reference context unless later target/outcome review needs it.,official_lda_filing_text_bill_identifier; official_lda_activity_text_source_review; deterministic_activity_text_position_signal; disposition_target_review_queue; congressgov_bill_action_metadata_context,manual_disposition_confirmation; sponsor_or_member_target; committee_action_influence; roll_call_influence; legislative_outcome_causality; public_benefit_or_welfare_validation; causal_capture_validation; model_validation,https://lda.gov/filings/public/filing/a214fc3b-1054-4e9b-bf0d-ba2781fbc121/print/; https://lda.gov/api/v1/filings/a214fc3b-1054-4e9b-bf0d-ba2781fbc121/; https://www.congress.gov/bill/117th-congress/s-bill/2089; https://api.congress.gov/v3/bill/117/s/2089,"LDA disposition/target source-review queue only; deterministic text signals and possible target references are not manual disposition confirmation, sponsor/member targeting evidence, committee-action influence, roll-call influence, legislative-outcome causality, public benefit, welfare, causal capture, or model validation."
303,0bcf43d239d870a0,low,no,bill_reference_only_no_disposition_or_target_signal,117-s-2089,117-158,Agriculture and Food,S001181,1,1,1,b684bb8c-3d77-47ed-871f-eef19a77975e,2022,2nd Quarter (Apr 1 - June 30),AMERICAN FEDERATION OF STATE COUNTY AND MUNICIPAL EMPLOYEES,"AMERICAN FEDERATION OF STATE, COUNTY AND MUNICIPAL EMPLOYEES",Education,S 2089,exact_bill_text_bill_list_or_title_only,bill_reference_without_disposition_signal,none_detected,none_detected,none_detected,house_senate_and_agency_entities_disclosed,not_detected_in_activity_text,chamber_entity_context_only_no_specific_target_detected,"Student Loan Reforms HR 8150, S 2089- Keep Kids Fed Act Loan Forgiveness for Educators Act of 2022 S 4345- Simplifying and Strengthening Public Service Loan Forgiveness Act Second Chance at Forgiveness Act...",Keep as bill-reference context unless later target/outcome review needs it.,official_lda_filing_text_bill_identifier; official_lda_activity_text_source_review; deterministic_activity_text_position_signal; disposition_target_review_queue; congressgov_bill_action_metadata_context,manual_disposition_confirmation; sponsor_or_member_target; committee_action_influence; roll_call_influence; legislative_outcome_causality; public_benefit_or_welfare_validation; causal_capture_validation; model_validation,https://lda.gov/filings/public/filing/b684bb8c-3d77-47ed-871f-eef19a77975e/print/; https://lda.gov/api/v1/filings/b684bb8c-3d77-47ed-871f-eef19a77975e/; https://www.congress.gov/bill/117th-congress/s-bill/2089; https://api.congress.gov/v3/bill/117/s/2089,"LDA disposition/target source-review queue only; deterministic text signals and possible target references are not manual disposition confirmation, sponsor/member targeting evidence, committee-action influence, roll-call influence, legislative-outcome causality, public benefit, welfare, causal capture, or model validation."
304,2720869638e35b0c,low,no,bill_reference_only_no_disposition_or_target_signal,117-s-2089,117-158,Agriculture and Food,S001181,1,1,1,8ab97cd7-b6f0-40f2-9679-cbbd8e4001aa,2022,2nd Quarter (Apr 1 - June 30),CSPI ACTION FUND,CSPI ACTION FUND,"Food Industry (safety, labeling, etc.)",S. 2089,exact_bill_text_bill_list_or_title_only,bill_reference_without_disposition_signal,none_detected,none_detected,none_detected,house_senate_and_agency_entities_disclosed,not_detected_in_activity_text,chamber_entity_context_only_no_specific_target_detected,.../S. 2594); Food and Drug Administration Safety and Landmark Advancements Act of 2022 (FDASLA) (S. 4348); Food and Drug Amendments of 2022 (H.R. 7667); Keep Kids Fed Act (S. 2089); Child Nutrition Reauthorization (CNR) - Healthy Meals Healthy Kids Act (no bill number); Proposed executive order to require food service guidelines for federal facili...,Keep as bill-reference context unless later target/outcome review needs it.,official_lda_filing_text_bill_identifier; official_lda_activity_text_source_review; deterministic_activity_text_position_signal; disposition_target_review_queue; congressgov_bill_action_metadata_context,manual_disposition_confirmation; sponsor_or_member_target; committee_action_influence; roll_call_influence; legislative_outcome_causality; public_benefit_or_welfare_validation; causal_capture_validation; model_validation,https://lda.gov/filings/public/filing/8ab97cd7-b6f0-40f2-9679-cbbd8e4001aa/print/; https://lda.gov/api/v1/filings/8ab97cd7-b6f0-40f2-9679-cbbd8e4001aa/; https://www.congress.gov/bill/117th-congress/s-bill/2089; https://api.congress.gov/v3/bill/117/s/2089,"LDA disposition/target source-review queue only; deterministic text signals and possible target references are not manual disposition confirmation, sponsor/member targeting evidence, committee-action influence, roll-call influence, legislative-outcome causality, public benefit, welfare, causal capture, or model validation."
305,ec67e26adeac3af4,low,no,bill_reference_only_no_disposition_or_target_signal,117-s-2089,117-158,Agriculture and Food,S001181,1,1,1,8a5d4533-bd62-4cf2-853a-76dbfe82c0e0,2022,2nd Quarter (Apr 1 - June 30),CSPI ACTION FUND,CSPI ACTION FUND,"Food Industry (safety, labeling, etc.)",S. 2089,exact_bill_text_bill_list_or_title_only,bill_reference_without_disposition_signal,none_detected,none_detected,none_detected,house_senate_and_agency_entities_disclosed,not_detected_in_activity_text,chamber_entity_context_only_no_specific_target_detected,.../S. 2594); Food and Drug Administration Safety and Landmark Advancements Act of 2022 (FDASLA) (S. 4348); Food and Drug Amendments of 2022 (H.R. 7667); Keep Kids Fed Act (S. 2089); Child Nutrition Reauthorization (CNR) - Healthy Meals Healthy Kids Act (no bill number); Proposed executive order to require food service guidelines for federal facili...,Keep as bill-reference context unless later target/outcome review needs it.,official_lda_filing_text_bill_identifier; official_lda_activity_text_source_review; deterministic_activity_text_position_signal; disposition_target_review_queue; congressgov_bill_action_metadata_context,manual_disposition_confirmation; sponsor_or_member_target; committee_action_influence; roll_call_influence; legislative_outcome_causality; public_benefit_or_welfare_validation; causal_capture_validation; model_validation,https://lda.gov/filings/public/filing/8a5d4533-bd62-4cf2-853a-76dbfe82c0e0/print/; https://lda.gov/api/v1/filings/8a5d4533-bd62-4cf2-853a-76dbfe82c0e0/; https://www.congress.gov/bill/117th-congress/s-bill/2089; https://api.congress.gov/v3/bill/117/s/2089,"LDA disposition/target source-review queue only; deterministic text signals and possible target references are not manual disposition confirmation, sponsor/member targeting evidence, committee-action influence, roll-call influence, legislative-outcome causality, public benefit, welfare, causal capture, or model validation."
306,0f146a2bed96ad2f,low,no,bill_reference_only_no_disposition_or_target_signal,117-s-2089,117-158,Agriculture and Food,S001181,1,1,1,4252bc6f-7552-40ab-b069-ce199ed525f7,2022,2nd Quarter (Apr 1 - June 30),FOOD RESEARCH AND ACTION CENTER,FOOD RESEARCH AND ACTION CENTER,Education,S. 2089,exact_bill_text_bill_list_or_title_only,bill_reference_without_disposition_signal,none_detected,none_detected,none_detected,house_and_senate_entities_disclosed,not_detected_in_activity_text,chamber_entity_context_only_no_specific_target_detected,...t Act of 2021 H.R.6718 - Healthy Breakfasts Help Kids Learn Act H.R. 6613 - Keeping School Meals Flexible Act H.R.6357 - Afterschool Meals Act of 2022 S.2004 - BASIC Act S. 2089,Keep as bill-reference context unless later target/outcome review needs it.,official_lda_filing_text_bill_identifier; official_lda_activity_text_source_review; deterministic_activity_text_position_signal; disposition_target_review_queue; congressgov_bill_action_metadata_context,manual_disposition_confirmation; sponsor_or_member_target; committee_action_influence; roll_call_influence; legislative_outcome_causality; public_benefit_or_welfare_validation; causal_capture_validation; model_validation,https://lda.gov/filings/public/filing/4252bc6f-7552-40ab-b069-ce199ed525f7/print/; https://lda.gov/api/v1/filings/4252bc6f-7552-40ab-b069-ce199ed525f7/; https://www.congress.gov/bill/117th-congress/s-bill/2089; https://api.congress.gov/v3/bill/117/s/2089,"LDA disposition/target source-review queue only; deterministic text signals and possible target references are not manual disposition confirmation, sponsor/member targeting evidence, committee-action influence, roll-call influence, legislative-outcome causality, public benefit, welfare, causal capture, or model validation."
307,f837a10732359f1c,low,no,bill_reference_only_no_disposition_or_target_signal,117-s-2089,117-158,Agriculture and Food,S001181,1,1,1,4252bc6f-7552-40ab-b069-ce199ed525f7,2022,2nd Quarter (Apr 1 - June 30),FOOD RESEARCH AND ACTION CENTER,FOOD RESEARCH AND ACTION CENTER,Agriculture,S. 2089,exact_bill_text_bill_list_or_title_only,bill_reference_without_disposition_signal,none_detected,none_detected,none_detected,house_senate_and_agency_entities_disclosed,not_detected_in_activity_text,chamber_entity_context_only_no_specific_target_detected,...2021 H.R.5227 - LIFT the BAR Act of 2021 S.3979 - The Support Kids Not Red Tape Act USDA - Provide Guidance on SNAP Access for College Students USDA - Public Charge Rule S. 2089,Keep as bill-reference context unless later target/outcome review needs it.,official_lda_filing_text_bill_identifier; official_lda_activity_text_source_review; deterministic_activity_text_position_signal; disposition_target_review_queue; congressgov_bill_action_metadata_context,manual_disposition_confirmation; sponsor_or_member_target; committee_action_influence; roll_call_influence; legislative_outcome_causality; public_benefit_or_welfare_validation; causal_capture_validation; model_validation,https://lda.gov/filings/public/filing/4252bc6f-7552-40ab-b069-ce199ed525f7/print/; https://lda.gov/api/v1/filings/4252bc6f-7552-40ab-b069-ce199ed525f7/; https://www.congress.gov/bill/117th-congress/s-bill/2089; https://api.congress.gov/v3/bill/117/s/2089,"LDA disposition/target source-review queue only; deterministic text signals and possible target references are not manual disposition confirmation, sponsor/member targeting evidence, committee-action influence, roll-call influence, legislative-outcome causality, public benefit, welfare, causal capture, or model validation."
308,4be32d11816b108d,low,no,bill_reference_only_no_disposition_or_target_signal,117-s-2089,117-158,Agriculture and Food,S001181,1,1,1,eba14ca5-4ef7-42e7-9eca-f90a45575c8f,2022,2nd Quarter (Apr 1 - June 30),IDAHO DAIRYMEN'S ASSOCIATION,THE GARRISON GROUP LLC,Agriculture,S 2089,exact_bill_text_bill_list_or_title_only,bill_reference_without_disposition_signal,none_detected,none_detected,none_detected,house_senate_and_agency_entities_disclosed,not_detected_in_activity_text,chamber_entity_context_only_no_specific_target_detected,"...Act;"" impacts on dairy producers USDA Pandemic Assistance for Producers; additional relief to dairy producers Making SNAP expansion permanent; impacts on dairy producers S 2089; HR 8150; ""The Keep Kids Fed Act;"" impacts on dairy producers",Keep as bill-reference context unless later target/outcome review needs it.,official_lda_filing_text_bill_identifier; official_lda_activity_text_source_review; deterministic_activity_text_position_signal; disposition_target_review_queue; congressgov_bill_action_metadata_context,manual_disposition_confirmation; sponsor_or_member_target; committee_action_influence; roll_call_influence; legislative_outcome_causality; public_benefit_or_welfare_validation; causal_capture_validation; model_validation,https://lda.gov/filings/public/filing/eba14ca5-4ef7-42e7-9eca-f90a45575c8f/print/; https://lda.gov/api/v1/filings/eba14ca5-4ef7-42e7-9eca-f90a45575c8f/; https://www.congress.gov/bill/117th-congress/s-bill/2089; https://api.congress.gov/v3/bill/117/s/2089,"LDA disposition/target source-review queue only; deterministic text signals and possible target references are not manual disposition confirmation, sponsor/member targeting evidence, committee-action influence, roll-call influence, legislative-outcome causality, public benefit, welfare, causal capture, or model validation."
309,2474c07cd6bc7eca,low,no,bill_reference_only_no_disposition_or_target_signal,117-s-2089,117-158,Agriculture and Food,S001181,1,1,1,df2da07f-6657-4e6a-97cf-65b7128605b5,2022,2nd Quarter (Apr 1 - June 30),INTERNATIONAL DAIRY FOODS ASSOCIATION,INTERNATIONAL DAIRY FOODS ASSOCIATION,"Food Industry (safety, labeling, etc.)",S. 2089,exact_bill_text_bill_list_or_title_only,bill_reference_without_disposition_signal,none_detected,none_detected,none_detected,house_senate_and_agency_entities_disclosed,not_detected_in_activity_text,chamber_entity_context_only_no_specific_target_detected,"...ood Recovery Act (H.R. 5459); Food Date Labeling Act (H.R. 6167/S. 3324); Protecting School Milk Choices Act of 2022 (H.R. 7070); Support Kids Not Red Tape Act (S. 3979) S. 2089 - Keep Kids Fed Act of 2022; H.R.7790 - Infant Formula Supplemental Appropriations Act, 2022; S.4257 - Access to Baby Formula Act of 2022; S.3216 - WIC Healthy Beginning...",Keep as bill-reference context unless later target/outcome review needs it.,official_lda_filing_text_bill_identifier; official_lda_activity_text_source_review; deterministic_activity_text_position_signal; disposition_target_review_queue; congressgov_bill_action_metadata_context,manual_disposition_confirmation; sponsor_or_member_target; committee_action_influence; roll_call_influence; legislative_outcome_causality; public_benefit_or_welfare_validation; causal_capture_validation; model_validation,https://lda.gov/filings/public/filing/df2da07f-6657-4e6a-97cf-65b7128605b5/print/; https://lda.gov/api/v1/filings/df2da07f-6657-4e6a-97cf-65b7128605b5/; https://www.congress.gov/bill/117th-congress/s-bill/2089; https://api.congress.gov/v3/bill/117/s/2089,"LDA disposition/target source-review queue only; deterministic text signals and possible target references are not manual disposition confirmation, sponsor/member targeting evidence, committee-action influence, roll-call influence, legislative-outcome causality, public benefit, welfare, causal capture, or model validation."
310,554700aeddb946c4,low,no,bill_reference_only_no_disposition_or_target_signal,117-s-2089,117-158,Agriculture and Food,S001181,1,1,1,bfe42855-1e75-477d-bd4b-3b2e14cb342f,2022,2nd Quarter (Apr 1 - June 30),NATIONAL ALL-JERSEY INC.,THE GARRISON GROUP LLC,Agriculture,S 2089,exact_bill_text_bill_list_or_title_only,bill_reference_without_disposition_signal,none_detected,none_detected,none_detected,house_senate_and_agency_entities_disclosed,not_detected_in_activity_text,chamber_entity_context_only_no_specific_target_detected,"...ty Assistance Program; impacts on dairy producers Inclusion of incentives for agriculture to reduce greenhouse gases in budget reconciliation; impacts on dairy producers S 2089; HR 8150; ""The Keep Kids Fed Act;"" impacts on dairy producers",Keep as bill-reference context unless later target/outcome review needs it.,official_lda_filing_text_bill_identifier; official_lda_activity_text_source_review; deterministic_activity_text_position_signal; disposition_target_review_queue; congressgov_bill_action_metadata_context,manual_disposition_confirmation; sponsor_or_member_target; committee_action_influence; roll_call_influence; legislative_outcome_causality; public_benefit_or_welfare_validation; causal_capture_validation; model_validation,https://lda.gov/filings/public/filing/bfe42855-1e75-477d-bd4b-3b2e14cb342f/print/; https://lda.gov/api/v1/filings/bfe42855-1e75-477d-bd4b-3b2e14cb342f/; https://www.congress.gov/bill/117th-congress/s-bill/2089; https://api.congress.gov/v3/bill/117/s/2089,"LDA disposition/target source-review queue only; deterministic text signals and possible target references are not manual disposition confirmation, sponsor/member targeting evidence, committee-action influence, roll-call influence, legislative-outcome causality, public benefit, welfare, causal capture, or model validation."
311,4c9097faf8f51032,low,no,bill_reference_only_no_disposition_or_target_signal,117-s-2089,117-158,Agriculture and Food,S001181,1,1,1,7d7e8653-4c1c-4c39-b058-9bb12b744ece,2022,2nd Quarter (Apr 1 - June 30),NATIONAL ASSOCIATION OF PEDIATRIC NURSE PRACTITIONERS,"MASON CONSULTING, LLC","Food Industry (safety, labeling, etc.)",S. 2089,exact_bill_text_bill_list_or_title_only,bill_reference_without_disposition_signal,none_detected,none_detected,none_detected,house_senate_and_agency_entities_disclosed,not_detected_in_activity_text,chamber_entity_context_only_no_specific_target_detected,"...ed to: Child nutrition programs and standards, school meal programs, and food packaging and nutrition labeling H.R. 4917/S. 2594, Food Labeling Modernization Act of 2021 S. 2089, Keep Kids Fed Act of 2022",Keep as bill-reference context unless later target/outcome review needs it.,official_lda_filing_text_bill_identifier; official_lda_activity_text_source_review; deterministic_activity_text_position_signal; disposition_target_review_queue; congressgov_bill_action_metadata_context,manual_disposition_confirmation; sponsor_or_member_target; committee_action_influence; roll_call_influence; legislative_outcome_causality; public_benefit_or_welfare_validation; causal_capture_validation; model_validation,https://lda.gov/filings/public/filing/7d7e8653-4c1c-4c39-b058-9bb12b744ece/print/; https://lda.gov/api/v1/filings/7d7e8653-4c1c-4c39-b058-9bb12b744ece/; https://www.congress.gov/bill/117th-congress/s-bill/2089; https://api.congress.gov/v3/bill/117/s/2089,"LDA disposition/target source-review queue only; deterministic text signals and possible target references are not manual disposition confirmation, sponsor/member targeting evidence, committee-action influence, roll-call influence, legislative-outcome causality, public benefit, welfare, causal capture, or model validation."
312,45d50140b528814c,low,no,bill_reference_only_no_disposition_or_target_signal,117-s-2089,117-158,Agriculture and Food,S001181,1,1,1,2d119775-445f-49f6-80c3-f2066ee95c9d,2022,2nd Quarter (Apr 1 - June 30),NATIONAL EDUCATION ASSOCIATION,NATIONAL EDUCATION ASSOCIATION,Health Issues,S. 2089,exact_bill_text_bill_list_or_title_only,bill_reference_without_disposition_signal,none_detected,none_detected,none_detected,house_senate_and_agency_entities_disclosed,not_detected_in_activity_text,chamber_entity_context_only_no_specific_target_detected,H.R. 8150 / S. 2089 - Keep Kids Fed Act of 2022 S. 3979 - Support Kids Not Red Tape Act of 2022 H.R. 7666 - Restoring Hope for Mental Health and Well-Being Act of 2022 H.R. 6613 - Keeping S...,Keep as bill-reference context unless later target/outcome review needs it.,official_lda_filing_text_bill_identifier; official_lda_activity_text_source_review; deterministic_activity_text_position_signal; disposition_target_review_queue; congressgov_bill_action_metadata_context,manual_disposition_confirmation; sponsor_or_member_target; committee_action_influence; roll_call_influence; legislative_outcome_causality; public_benefit_or_welfare_validation; causal_capture_validation; model_validation,https://lda.gov/filings/public/filing/2d119775-445f-49f6-80c3-f2066ee95c9d/print/; https://lda.gov/api/v1/filings/2d119775-445f-49f6-80c3-f2066ee95c9d/; https://www.congress.gov/bill/117th-congress/s-bill/2089; https://api.congress.gov/v3/bill/117/s/2089,"LDA disposition/target source-review queue only; deterministic text signals and possible target references are not manual disposition confirmation, sponsor/member targeting evidence, committee-action influence, roll-call influence, legislative-outcome causality, public benefit, welfare, causal capture, or model validation."
313,e8aae4ee5b9c413b,low,no,bill_reference_only_no_disposition_or_target_signal,117-s-2089,117-158,Agriculture and Food,S001181,1,1,1,4c1b04ca-fd87-4234-afd4-dfddec890f6b,2022,2nd Quarter (Apr 1 - June 30),PARALYZED VETERANS OF AMERICA,PARALYZED VETERANS OF AMERICA,Veterans,S. 2089,exact_bill_text_bill_list_or_title_only,bill_reference_without_disposition_signal,none_detected,none_detected,none_detected,house_senate_and_agency_entities_disclosed,not_detected_in_activity_text,chamber_entity_context_only_no_specific_target_detected,"...5, the Planning for Aging Veterans Act of 2021 S. 1970, the Clean Water for Military Families Act S. 2041, the Department of Veterans Affairs Provider Accountability Act S. 2089, the Burial Equity for Guards and Reserves Act of 2021 S. 2102 S. 2172, the Building Solutions for Veterans Experiencing Homelessness Act of 2021 S. 2283, the Revising a...",Keep as bill-reference context unless later target/outcome review needs it.,official_lda_filing_text_bill_identifier; official_lda_activity_text_source_review; deterministic_activity_text_position_signal; disposition_target_review_queue; congressgov_bill_action_metadata_context,manual_disposition_confirmation; sponsor_or_member_target; committee_action_influence; roll_call_influence; legislative_outcome_causality; public_benefit_or_welfare_validation; causal_capture_validation; model_validation,https://lda.gov/filings/public/filing/4c1b04ca-fd87-4234-afd4-dfddec890f6b/print/; https://lda.gov/api/v1/filings/4c1b04ca-fd87-4234-afd4-dfddec890f6b/; https://www.congress.gov/bill/117th-congress/s-bill/2089; https://api.congress.gov/v3/bill/117/s/2089,"LDA disposition/target source-review queue only; deterministic text signals and possible target references are not manual disposition confirmation, sponsor/member targeting evidence, committee-action influence, roll-call influence, legislative-outcome causality, public benefit, welfare, causal capture, or model validation."
314,382fb5fc69644d30,low,no,bill_reference_only_no_disposition_or_target_signal,117-s-2089,117-158,Agriculture and Food,S001181,1,1,1,3789dc21-d6ca-4a98-b7f6-4080cff2810f,2022,2nd Quarter (Apr 1 - June 30),SOUTH EAST DAIRY FARMERS ASSOCIATION,THE GARRISON GROUP LLC,Agriculture,S 2089,exact_bill_text_bill_list_or_title_only,bill_reference_without_disposition_signal,none_detected,none_detected,none_detected,house_senate_and_agency_entities_disclosed,not_detected_in_activity_text,chamber_entity_context_only_no_specific_target_detected,"...rts to make the SNAP expansion permanent; impacts on dairy producers USDA implementation of the Pandemic Market Volatility Assistance Program; impacts on dairy producers S 2089; HR 8150; ""Keep Kids Fed Act;"" impacts on dairy producers",Keep as bill-reference context unless later target/outcome review needs it.,official_lda_filing_text_bill_identifier; official_lda_activity_text_source_review; deterministic_activity_text_position_signal; disposition_target_review_queue; congressgov_bill_action_metadata_context,manual_disposition_confirmation; sponsor_or_member_target; committee_action_influence; roll_call_influence; legislative_outcome_causality; public_benefit_or_welfare_validation; causal_capture_validation; model_validation,https://lda.gov/filings/public/filing/3789dc21-d6ca-4a98-b7f6-4080cff2810f/print/; https://lda.gov/api/v1/filings/3789dc21-d6ca-4a98-b7f6-4080cff2810f/; https://www.congress.gov/bill/117th-congress/s-bill/2089; https://api.congress.gov/v3/bill/117/s/2089,"LDA disposition/target source-review queue only; deterministic text signals and possible target references are not manual disposition confirmation, sponsor/member targeting evidence, committee-action influence, roll-call influence, legislative-outcome causality, public benefit, welfare, causal capture, or model validation."
315,ed7f0687754e86e7,low,no,bill_reference_only_no_disposition_or_target_signal,117-s-2089,117-158,Agriculture and Food,S001181,1,1,1,9497008c-b86b-43b0-ba71-7ee66d6684ce,2022,3rd Quarter (July 1 - Sep 30),BIPARTISAN POLICY CENTER ACTION,BIPARTISAN POLICY CENTER ACTION,Health Issues,S. 2089,exact_bill_text_bill_list_or_title_only,bill_reference_without_disposition_signal,none_detected,none_detected,none_detected,house_and_senate_entities_disclosed,not_detected_in_activity_text,chamber_entity_context_only_no_specific_target_detected,"...H.R. 7232, 9-8-8 and Parity Assistance Act of 2022 H.R. 7666, Restoring Hope for Mental Health and Well-Being Act of 2022 H.R. 1887 / S. 4009, Rural Hospital Support Act S. 2089, Keep Kids Fed Act S. 3913 / H.R. 8481, Improving DATA in Public Health Act S.4264, Advancing Integration in Medicare and Medicaid (AIM) Act S.3534 / H.R.7152, Tracking...",Keep as bill-reference context unless later target/outcome review needs it.,official_lda_filing_text_bill_identifier; official_lda_activity_text_source_review; deterministic_activity_text_position_signal; disposition_target_review_queue; congressgov_bill_action_metadata_context,manual_disposition_confirmation; sponsor_or_member_target; committee_action_influence; roll_call_influence; legislative_outcome_causality; public_benefit_or_welfare_validation; causal_capture_validation; model_validation,https://lda.gov/filings/public/filing/9497008c-b86b-43b0-ba71-7ee66d6684ce/print/; https://lda.gov/api/v1/filings/9497008c-b86b-43b0-ba71-7ee66d6684ce/; https://www.congress.gov/bill/117th-congress/s-bill/2089; https://api.congress.gov/v3/bill/117/s/2089,"LDA disposition/target source-review queue only; deterministic text signals and possible target references are not manual disposition confirmation, sponsor/member targeting evidence, committee-action influence, roll-call influence, legislative-outcome causality, public benefit, welfare, causal capture, or model validation."
316,261fb4d298128d94,low,no,bill_reference_only_no_disposition_or_target_signal,117-s-2089,117-158,Agriculture and Food,S001181,1,1,1,c4bf2845-99ee-4f23-be48-6cff348bc75b,2022,3rd Quarter (July 1 - Sep 30),FOOD RESEARCH AND ACTION CENTER,FOOD RESEARCH AND ACTION CENTER,Agriculture,S. 2089,exact_bill_text_bill_list_or_title_only,bill_reference_without_disposition_signal,none_detected,none_detected,none_detected,house_senate_and_agency_entities_disclosed,not_detected_in_activity_text,chamber_entity_context_only_no_specific_target_detected,"...2021 H.R.5227 - LIFT the BAR Act of 2021 S.3979 - The Support Kids Not Red Tape Act USDA - Provide Guidance on SNAP Access for College Students USDA - Public Charge Rule S. 2089 H.R. 8450 Healthy Meals, Healthy Kids Act",Keep as bill-reference context unless later target/outcome review needs it.,official_lda_filing_text_bill_identifier; official_lda_activity_text_source_review; deterministic_activity_text_position_signal; disposition_target_review_queue; congressgov_bill_action_metadata_context,manual_disposition_confirmation; sponsor_or_member_target; committee_action_influence; roll_call_influence; legislative_outcome_causality; public_benefit_or_welfare_validation; causal_capture_validation; model_validation,https://lda.gov/filings/public/filing/c4bf2845-99ee-4f23-be48-6cff348bc75b/print/; https://lda.gov/api/v1/filings/c4bf2845-99ee-4f23-be48-6cff348bc75b/; https://www.congress.gov/bill/117th-congress/s-bill/2089; https://api.congress.gov/v3/bill/117/s/2089,"LDA disposition/target source-review queue only; deterministic text signals and possible target references are not manual disposition confirmation, sponsor/member targeting evidence, committee-action influence, roll-call influence, legislative-outcome causality, public benefit, welfare, causal capture, or model validation."
317,7028d3abc1506a98,low,no,bill_reference_only_no_disposition_or_target_signal,117-s-2089,117-158,Agriculture and Food,S001181,1,1,1,c4bf2845-99ee-4f23-be48-6cff348bc75b,2022,3rd Quarter (July 1 - Sep 30),FOOD RESEARCH AND ACTION CENTER,FOOD RESEARCH AND ACTION CENTER,Education,S. 2089,exact_bill_text_bill_list_or_title_only,bill_reference_without_disposition_signal,none_detected,none_detected,none_detected,house_and_senate_entities_disclosed,not_detected_in_activity_text,chamber_entity_context_only_no_specific_target_detected,"...t Act of 2021 H.R.6718 - Healthy Breakfasts Help Kids Learn Act H.R. 6613 - Keeping School Meals Flexible Act H.R.6357 - Afterschool Meals Act of 2022 S.2004 - BASIC Act S. 2089 H.R. 8450 Healthy Meals, Healthy Kids Act",Keep as bill-reference context unless later target/outcome review needs it.,official_lda_filing_text_bill_identifier; official_lda_activity_text_source_review; deterministic_activity_text_position_signal; disposition_target_review_queue; congressgov_bill_action_metadata_context,manual_disposition_confirmation; sponsor_or_member_target; committee_action_influence; roll_call_influence; legislative_outcome_causality; public_benefit_or_welfare_validation; causal_capture_validation; model_validation,https://lda.gov/filings/public/filing/c4bf2845-99ee-4f23-be48-6cff348bc75b/print/; https://lda.gov/api/v1/filings/c4bf2845-99ee-4f23-be48-6cff348bc75b/; https://www.congress.gov/bill/117th-congress/s-bill/2089; https://api.congress.gov/v3/bill/117/s/2089,"LDA disposition/target source-review queue only; deterministic text signals and possible target references are not manual disposition confirmation, sponsor/member targeting evidence, committee-action influence, roll-call influence, legislative-outcome causality, public benefit, welfare, causal capture, or model validation."
318,3f680e3abfc3fa6d,low,no,bill_reference_only_no_disposition_or_target_signal,117-s-2089,117-158,Agriculture and Food,S001181,1,1,1,791c5935-107d-4853-83f5-96b18ebde182,2022,3rd Quarter (July 1 - Sep 30),INTERNATIONAL DAIRY FOODS ASSOCIATION,INTERNATIONAL DAIRY FOODS ASSOCIATION,"Food Industry (safety, labeling, etc.)",S. 2089,exact_bill_text_bill_list_or_title_only,bill_reference_without_disposition_signal,none_detected,none_detected,none_detected,house_senate_and_agency_entities_disclosed,not_detected_in_activity_text,chamber_entity_context_only_no_specific_target_detected,"...ood Recovery Act (H.R. 5459); Food Date Labeling Act (H.R. 6167/S. 3324); Protecting School Milk Choices Act of 2022 (H.R. 7070); Support Kids Not Red Tape Act (S. 3979) S. 2089 - Keep Kids Fed Act of 2022; H.R.7790 - Infant Formula Supplemental Appropriations Act, 2022; S.4257 - Access to Baby Formula Act of 2022; S.3216 - WIC Healthy Beginning...",Keep as bill-reference context unless later target/outcome review needs it.,official_lda_filing_text_bill_identifier; official_lda_activity_text_source_review; deterministic_activity_text_position_signal; disposition_target_review_queue; congressgov_bill_action_metadata_context,manual_disposition_confirmation; sponsor_or_member_target; committee_action_influence; roll_call_influence; legislative_outcome_causality; public_benefit_or_welfare_validation; causal_capture_validation; model_validation,https://lda.gov/filings/public/filing/791c5935-107d-4853-83f5-96b18ebde182/print/; https://lda.gov/api/v1/filings/791c5935-107d-4853-83f5-96b18ebde182/; https://www.congress.gov/bill/117th-congress/s-bill/2089; https://api.congress.gov/v3/bill/117/s/2089,"LDA disposition/target source-review queue only; deterministic text signals and possible target references are not manual disposition confirmation, sponsor/member targeting evidence, committee-action influence, roll-call influence, legislative-outcome causality, public benefit, welfare, causal capture, or model validation."
319,e5b6447715e00b6a,low,no,bill_reference_only_no_disposition_or_target_signal,117-s-2089,117-158,Agriculture and Food,S001181,1,1,1,f53e09c4-7e27-4d06-b7d9-9e02d00398ff,2022,3rd Quarter (July 1 - Sep 30),NATIONAL EDUCATION ASSOCIATION,NATIONAL EDUCATION ASSOCIATION,Education,S 2089,exact_bill_text_bill_list_or_title_only,bill_reference_without_disposition_signal,none_detected,none_detected,none_detected,house_senate_and_agency_entities_disclosed,not_detected_in_activity_text,chamber_entity_context_only_no_specific_target_detected,"...y Meals, Healthy Kids Act HR 8474 - Second Chance at Public Service Loan Forgiveness Act HR 8856 / S 4867 - Teacher Loan Forgiveness - Loan Forgiveness for Educators Act S 2089 - Keep Kids Fed Act of 2022 S 3171 - Teacher, Principal, and Leader Residency Access Act S 4581 - Second Chance at Public Service Loan Forgiveness Act HR 6538 - Active S...",Keep as bill-reference context unless later target/outcome review needs it.,official_lda_filing_text_bill_identifier; official_lda_activity_text_source_review; deterministic_activity_text_position_signal; disposition_target_review_queue; congressgov_bill_action_metadata_context,manual_disposition_confirmation; sponsor_or_member_target; committee_action_influence; roll_call_influence; legislative_outcome_causality; public_benefit_or_welfare_validation; causal_capture_validation; model_validation,https://lda.gov/filings/public/filing/f53e09c4-7e27-4d06-b7d9-9e02d00398ff/print/; https://lda.gov/api/v1/filings/f53e09c4-7e27-4d06-b7d9-9e02d00398ff/; https://www.congress.gov/bill/117th-congress/s-bill/2089; https://api.congress.gov/v3/bill/117/s/2089,"LDA disposition/target source-review queue only; deterministic text signals and possible target references are not manual disposition confirmation, sponsor/member targeting evidence, committee-action influence, roll-call influence, legislative-outcome causality, public benefit, welfare, causal capture, or model validation."
320,372a0a725909286a,low,no,bill_reference_only_no_disposition_or_target_signal,117-s-2089,117-158,Agriculture and Food,S001181,1,1,1,fd8a36fe-7c3a-4a73-a23a-688bcd3a96e3,2022,3rd Quarter (July 1 - Sep 30),PARALYZED VETERANS OF AMERICA,PARALYZED VETERANS OF AMERICA,Veterans,S. 2089,exact_bill_text_bill_list_or_title_only,bill_reference_without_disposition_signal,none_detected,none_detected,none_detected,house_senate_and_agency_entities_disclosed,not_detected_in_activity_text,chamber_entity_context_only_no_specific_target_detected,"...5, the Planning for Aging Veterans Act of 2021 S. 1970, the Clean Water for Military Families Act S. 2041, the Department of Veterans Affairs Provider Accountability Act S. 2089, the Burial Equity for Guards and Reserves Act of 2021 S. 2102 S. 2172, the Building Solutions for Veterans Experiencing Homelessness Act of 2021 S. 2283, the Revising a...",Keep as bill-reference context unless later target/outcome review needs it.,official_lda_filing_text_bill_identifier; official_lda_activity_text_source_review; deterministic_activity_text_position_signal; disposition_target_review_queue; congressgov_bill_action_metadata_context,manual_disposition_confirmation; sponsor_or_member_target; committee_action_influence; roll_call_influence; legislative_outcome_causality; public_benefit_or_welfare_validation; causal_capture_validation; model_validation,https://lda.gov/filings/public/filing/fd8a36fe-7c3a-4a73-a23a-688bcd3a96e3/print/; https://lda.gov/api/v1/filings/fd8a36fe-7c3a-4a73-a23a-688bcd3a96e3/; https://www.congress.gov/bill/117th-congress/s-bill/2089; https://api.congress.gov/v3/bill/117/s/2089,"LDA disposition/target source-review queue only; deterministic text signals and possible target references are not manual disposition confirmation, sponsor/member targeting evidence, committee-action influence, roll-call influence, legislative-outcome causality, public benefit, welfare, causal capture, or model validation."
321,f05c7bf930769074,low,no,bill_reference_only_no_disposition_or_target_signal,117-s-2520,117-150,Emergency Management,P000595,1,1,1,7078775a-b4af-4f06-9376-a31f6f9fb391,2021,3rd Quarter (July 1 - Sep 30),AMEREN SERVICES,AMEREN SERVICES,Homeland Security,S. 2520,exact_bill_text_bill_list_or_title_only,bill_reference_without_disposition_signal,none_detected,none_detected,none_detected,house_and_senate_entities_disclosed,not_detected_in_activity_text,chamber_entity_context_only_no_specific_target_detected,"...d Cyber Incident Reporting Act of 2021 drafts S. 2439, the DHS Industrial Control Systems Capabilities Enhancement Act of 2021 S. 2305, the Cybersecurity Opportunity Act S. 2520, the State and Local Government Cybersecurity Act of 2021 H.R. 2928, the Cyber Sense Act of 2021 H.R. 2931, the Enhancing Grid Security through Public-Private Partnershi...",Keep as bill-reference context unless later target/outcome review needs it.,official_lda_filing_text_bill_identifier; official_lda_activity_text_source_review; deterministic_activity_text_position_signal; disposition_target_review_queue; congressgov_bill_action_metadata_context,manual_disposition_confirmation; sponsor_or_member_target; committee_action_influence; roll_call_influence; legislative_outcome_causality; public_benefit_or_welfare_validation; causal_capture_validation; model_validation,https://lda.gov/filings/public/filing/7078775a-b4af-4f06-9376-a31f6f9fb391/print/; https://lda.gov/api/v1/filings/7078775a-b4af-4f06-9376-a31f6f9fb391/; https://www.congress.gov/bill/117th-congress/s-bill/2520; https://api.congress.gov/v3/bill/117/s/2520,"LDA disposition/target source-review queue only; deterministic text signals and possible target references are not manual disposition confirmation, sponsor/member targeting evidence, committee-action influence, roll-call influence, legislative-outcome causality, public benefit, welfare, causal capture, or model validation."
322,d8a5abdd3c45f5e6,low,no,bill_reference_only_no_disposition_or_target_signal,117-s-2520,117-150,Emergency Management,P000595,1,1,1,3fa08d05-5116-4334-abe7-6d0e1d7c1444,2021,3rd Quarter (July 1 - Sep 30),BLACKBERRY CORP.,BLACKBERRY CORP.,Science/Technology,S. 2520,exact_bill_text_bill_list_or_title_only,bill_reference_without_disposition_signal,none_detected,none_detected,none_detected,house_senate_and_agency_entities_disclosed,not_detected_in_activity_text,chamber_entity_context_only_no_specific_target_detected,...pabilities Enhancement Act of 2021; S. 2439 DHS Industrial Control Systems Capabilities Enhancement Act of 2021; H.R. 3138 State and Local Cybersecurity Improvement Act; S. 2520 State & Local Government Cybersecurity Act; H.R. 3119 Energy Emergency Leadership Act; H.R. 3608 Improving Contractor Cybersecurity Act; H.R. 2931 Enhancing Grid Securit...,Keep as bill-reference context unless later target/outcome review needs it.,official_lda_filing_text_bill_identifier; official_lda_activity_text_source_review; deterministic_activity_text_position_signal; disposition_target_review_queue; congressgov_bill_action_metadata_context,manual_disposition_confirmation; sponsor_or_member_target; committee_action_influence; roll_call_influence; legislative_outcome_causality; public_benefit_or_welfare_validation; causal_capture_validation; model_validation,https://lda.gov/filings/public/filing/3fa08d05-5116-4334-abe7-6d0e1d7c1444/print/; https://lda.gov/api/v1/filings/3fa08d05-5116-4334-abe7-6d0e1d7c1444/; https://www.congress.gov/bill/117th-congress/s-bill/2520; https://api.congress.gov/v3/bill/117/s/2520,"LDA disposition/target source-review queue only; deterministic text signals and possible target references are not manual disposition confirmation, sponsor/member targeting evidence, committee-action influence, roll-call influence, legislative-outcome causality, public benefit, welfare, causal capture, or model validation."
323,5d9679a261125c3e,low,no,bill_reference_only_no_disposition_or_target_signal,117-s-2520,117-150,Emergency Management,P000595,1,1,1,7d791db3-6049-439a-93f4-5400d35974a1,2021,4th Quarter (Oct 1 - Dec 31),BLACKBERRY CORP.,BLACKBERRY CORP.,Science/Technology,S. 2520,exact_bill_text_bill_list_or_title_only,bill_reference_without_disposition_signal,none_detected,none_detected,none_detected,house_senate_and_agency_entities_disclosed,not_detected_in_activity_text,chamber_entity_context_only_no_specific_target_detected,...petition Act; H.R. 1833 DHS Industrial Control Systems Capabilities Enhancement Act of 2021; S. 2439 DHS Industrial Control Systems Capabilities Enhancement Act of 2021; S. 2520 State & Local Government Cybersecurity Act,Keep as bill-reference context unless later target/outcome review needs it.,official_lda_filing_text_bill_identifier; official_lda_activity_text_source_review; deterministic_activity_text_position_signal; disposition_target_review_queue; congressgov_bill_action_metadata_context,manual_disposition_confirmation; sponsor_or_member_target; committee_action_influence; roll_call_influence; legislative_outcome_causality; public_benefit_or_welfare_validation; causal_capture_validation; model_validation,https://lda.gov/filings/public/filing/7d791db3-6049-439a-93f4-5400d35974a1/print/; https://lda.gov/api/v1/filings/7d791db3-6049-439a-93f4-5400d35974a1/; https://www.congress.gov/bill/117th-congress/s-bill/2520; https://api.congress.gov/v3/bill/117/s/2520,"LDA disposition/target source-review queue only; deterministic text signals and possible target references are not manual disposition confirmation, sponsor/member targeting evidence, committee-action influence, roll-call influence, legislative-outcome causality, public benefit, welfare, causal capture, or model validation."
324,7dbc6bc5c09b9ae3,low,no,bill_reference_only_no_disposition_or_target_signal,117-s-2520,117-150,Emergency Management,P000595,1,1,1,c2026171-482f-4518-a924-dd21043b79d6,2022,2nd Quarter (Apr 1 - June 30),UNISYS CORPORATION,"CAPITOLINE CONSULTING, LLC",Government Issues,S. 2520,exact_bill_text_bill_list_or_title_only,bill_reference_without_disposition_signal,none_detected,none_detected,none_detected,house_and_senate_entities_disclosed,not_detected_in_activity_text,chamber_entity_context_only_no_specific_target_detected,"...Cyber incident reporting and Data Privacy H.R. 7535, the Quantum Computing Cybersecurity Preparedness Act H.R. 8152, the American Data Privacy and Protection Act (ADPPA) S. 2520, the State and Local Government Cybersecurity Act",Keep as bill-reference context unless later target/outcome review needs it.,official_lda_filing_text_bill_identifier; official_lda_activity_text_source_review; deterministic_activity_text_position_signal; disposition_target_review_queue; congressgov_bill_action_metadata_context,manual_disposition_confirmation; sponsor_or_member_target; committee_action_influence; roll_call_influence; legislative_outcome_causality; public_benefit_or_welfare_validation; causal_capture_validation; model_validation,https://lda.gov/filings/public/filing/c2026171-482f-4518-a924-dd21043b79d6/print/; https://lda.gov/api/v1/filings/c2026171-482f-4518-a924-dd21043b79d6/; https://www.congress.gov/bill/117th-congress/s-bill/2520; https://api.congress.gov/v3/bill/117/s/2520,"LDA disposition/target source-review queue only; deterministic text signals and possible target references are not manual disposition confirmation, sponsor/member targeting evidence, committee-action influence, roll-call influence, legislative-outcome causality, public benefit, welfare, causal capture, or model validation."
325,55450368595b4a10,low,no,bill_reference_only_no_disposition_or_target_signal,117-s-2687,117-136,Armed Forces and National Security,T000464,1,1,1,9ca1a7a7-4c2b-4c37-89c3-86f4df771957,2021,4th Quarter (Oct 1 - Dec 31),PARALYZED VETERANS OF AMERICA,PARALYZED VETERANS OF AMERICA,Veterans,S. 2687,exact_bill_text_bill_list_or_title_only,bill_reference_without_disposition_signal,none_detected,none_detected,none_detected,house_senate_and_agency_entities_disclosed,not_detected_in_activity_text,chamber_entity_context_only_no_specific_target_detected,"...s for Veterans Act S. 2624, the Fiscal Year 2022 Veterans Affairs Major Medical Facility Authorization Act S. 2644, the GRAD VA Educational Assistance Parity Act of 2021 S. 2687, the Strengthening Oversight for Veterans Act of 2021 S. 2692, the Veterans Emergency Care Reimbursement Act of 2021 S. 2761, the Every Veteran Counts Act of 2021 S. 279...",Keep as bill-reference context unless later target/outcome review needs it.,official_lda_filing_text_bill_identifier; official_lda_activity_text_source_review; deterministic_activity_text_position_signal; disposition_target_review_queue; congressgov_bill_action_metadata_context,manual_disposition_confirmation; sponsor_or_member_target; committee_action_influence; roll_call_influence; legislative_outcome_causality; public_benefit_or_welfare_validation; causal_capture_validation; model_validation,https://lda.gov/filings/public/filing/9ca1a7a7-4c2b-4c37-89c3-86f4df771957/print/; https://lda.gov/api/v1/filings/9ca1a7a7-4c2b-4c37-89c3-86f4df771957/; https://www.congress.gov/bill/117th-congress/s-bill/2687; https://api.congress.gov/v3/bill/117/s/2687,"LDA disposition/target source-review queue only; deterministic text signals and possible target references are not manual disposition confirmation, sponsor/member targeting evidence, committee-action influence, roll-call influence, legislative-outcome causality, public benefit, welfare, causal capture, or model validation."
326,89f54c1d610c44d9,low,no,bill_reference_only_no_disposition_or_target_signal,117-s-2687,117-136,Armed Forces and National Security,T000464,1,1,1,a214fc3b-1054-4e9b-bf0d-ba2781fbc121,2022,1st Quarter (Jan 1 - Mar 31),PARALYZED VETERANS OF AMERICA,PARALYZED VETERANS OF AMERICA,Veterans,S. 2687,exact_bill_text_bill_list_or_title_only,bill_reference_without_disposition_signal,none_detected,none_detected,none_detected,house_senate_and_agency_entities_disclosed,not_detected_in_activity_text,chamber_entity_context_only_no_specific_target_detected,"...s for Veterans Act S. 2624, the Fiscal Year 2022 Veterans Affairs Major Medical Facility Authorization Act S. 2644, the GRAD VA Educational Assistance Parity Act of 2021 S. 2687, the Strengthening Oversight for Veterans Act of 2021 S. 2692, the Veterans Emergency Care Reimbursement Act of 2021 S. 2761, the Every Veteran Counts Act of 2021 S. 279...",Keep as bill-reference context unless later target/outcome review needs it.,official_lda_filing_text_bill_identifier; official_lda_activity_text_source_review; deterministic_activity_text_position_signal; disposition_target_review_queue; congressgov_bill_action_metadata_context,manual_disposition_confirmation; sponsor_or_member_target; committee_action_influence; roll_call_influence; legislative_outcome_causality; public_benefit_or_welfare_validation; causal_capture_validation; model_validation,https://lda.gov/filings/public/filing/a214fc3b-1054-4e9b-bf0d-ba2781fbc121/print/; https://lda.gov/api/v1/filings/a214fc3b-1054-4e9b-bf0d-ba2781fbc121/; https://www.congress.gov/bill/117th-congress/s-bill/2687; https://api.congress.gov/v3/bill/117/s/2687,"LDA disposition/target source-review queue only; deterministic text signals and possible target references are not manual disposition confirmation, sponsor/member targeting evidence, committee-action influence, roll-call influence, legislative-outcome causality, public benefit, welfare, causal capture, or model validation."
327,79230ca25f7a87f2,low,no,bill_reference_only_no_disposition_or_target_signal,117-s-2687,117-136,Armed Forces and National Security,T000464,1,1,1,4c1b04ca-fd87-4234-afd4-dfddec890f6b,2022,2nd Quarter (Apr 1 - June 30),PARALYZED VETERANS OF AMERICA,PARALYZED VETERANS OF AMERICA,Veterans,S. 2687,exact_bill_text_bill_list_or_title_only,bill_reference_without_disposition_signal,none_detected,none_detected,none_detected,house_senate_and_agency_entities_disclosed,not_detected_in_activity_text,chamber_entity_context_only_no_specific_target_detected,"...s for Veterans Act S. 2624, the Fiscal Year 2022 Veterans Affairs Major Medical Facility Authorization Act S. 2644, the GRAD VA Educational Assistance Parity Act of 2021 S. 2687, the Strengthening Oversight for Veterans Act of 2021 S. 2692, the Veterans Emergency Care Reimbursement Act of 2021 S. 2761, the Every Veteran Counts Act of 2021 S. 279...",Keep as bill-reference context unless later target/outcome review needs it.,official_lda_filing_text_bill_identifier; official_lda_activity_text_source_review; deterministic_activity_text_position_signal; disposition_target_review_queue; congressgov_bill_action_metadata_context,manual_disposition_confirmation; sponsor_or_member_target; committee_action_influence; roll_call_influence; legislative_outcome_causality; public_benefit_or_welfare_validation; causal_capture_validation; model_validation,https://lda.gov/filings/public/filing/4c1b04ca-fd87-4234-afd4-dfddec890f6b/print/; https://lda.gov/api/v1/filings/4c1b04ca-fd87-4234-afd4-dfddec890f6b/; https://www.congress.gov/bill/117th-congress/s-bill/2687; https://api.congress.gov/v3/bill/117/s/2687,"LDA disposition/target source-review queue only; deterministic text signals and possible target references are not manual disposition confirmation, sponsor/member targeting evidence, committee-action influence, roll-call influence, legislative-outcome causality, public benefit, welfare, causal capture, or model validation."
328,e57028cb33eb8c2c,low,no,bill_reference_only_no_disposition_or_target_signal,117-s-2687,117-136,Armed Forces and National Security,T000464,1,1,1,fd8a36fe-7c3a-4a73-a23a-688bcd3a96e3,2022,3rd Quarter (July 1 - Sep 30),PARALYZED VETERANS OF AMERICA,PARALYZED VETERANS OF AMERICA,Veterans,S. 2687,exact_bill_text_bill_list_or_title_only,bill_reference_without_disposition_signal,none_detected,none_detected,none_detected,house_senate_and_agency_entities_disclosed,not_detected_in_activity_text,chamber_entity_context_only_no_specific_target_detected,"...s for Veterans Act S. 2624, the Fiscal Year 2022 Veterans Affairs Major Medical Facility Authorization Act S. 2644, the GRAD VA Educational Assistance Parity Act of 2021 S. 2687, the Strengthening Oversight for Veterans Act of 2021 S. 2692, the Veterans Emergency Care Reimbursement Act of 2021 S. 2761, the Every Veteran Counts Act of 2021 S. 279...",Keep as bill-reference context unless later target/outcome review needs it.,official_lda_filing_text_bill_identifier; official_lda_activity_text_source_review; deterministic_activity_text_position_signal; disposition_target_review_queue; congressgov_bill_action_metadata_context,manual_disposition_confirmation; sponsor_or_member_target; committee_action_influence; roll_call_influence; legislative_outcome_causality; public_benefit_or_welfare_validation; causal_capture_validation; model_validation,https://lda.gov/filings/public/filing/fd8a36fe-7c3a-4a73-a23a-688bcd3a96e3/print/; https://lda.gov/api/v1/filings/fd8a36fe-7c3a-4a73-a23a-688bcd3a96e3/; https://www.congress.gov/bill/117th-congress/s-bill/2687; https://api.congress.gov/v3/bill/117/s/2687,"LDA disposition/target source-review queue only; deterministic text signals and possible target references are not manual disposition confirmation, sponsor/member targeting evidence, committee-action influence, roll-call influence, legislative-outcome causality, public benefit, welfare, causal capture, or model validation."
329,01986987acd4c38a,low,no,bill_reference_only_no_disposition_or_target_signal,117-s-2687,117-136,Armed Forces and National Security,T000464,1,1,1,b080dfd6-dea3-45f7-972e-f85172995d86,2022,4th Quarter (Oct 1 - Dec 31),PARALYZED VETERANS OF AMERICA,PARALYZED VETERANS OF AMERICA,Veterans,S. 2687,exact_bill_text_bill_list_or_title_only,bill_reference_without_disposition_signal,none_detected,none_detected,none_detected,house_senate_and_agency_entities_disclosed,not_detected_in_activity_text,chamber_entity_context_only_no_specific_target_detected,"...rans Affairs Major Medical Facility Authorization Act S. 2644, the GRAD VA Educational Assistance Parity Act of 2021 S. 2678, the Protect Our Disabled Heroes Act of 2021 S. 2687, the Strengthening Oversight for Veterans Act of 2021 S. 2692, the Veterans Emergency Care Reimbursement Act of 2021 S. 2761, the Every Veteran Counts Act of 2021 S. 279...",Keep as bill-reference context unless later target/outcome review needs it.,official_lda_filing_text_bill_identifier; official_lda_activity_text_source_review; deterministic_activity_text_position_signal; disposition_target_review_queue; congressgov_bill_action_metadata_context,manual_disposition_confirmation; sponsor_or_member_target; committee_action_influence; roll_call_influence; legislative_outcome_causality; public_benefit_or_welfare_validation; causal_capture_validation; model_validation,https://lda.gov/filings/public/filing/b080dfd6-dea3-45f7-972e-f85172995d86/print/; https://lda.gov/api/v1/filings/b080dfd6-dea3-45f7-972e-f85172995d86/; https://www.congress.gov/bill/117th-congress/s-bill/2687; https://api.congress.gov/v3/bill/117/s/2687,"LDA disposition/target source-review queue only; deterministic text signals and possible target references are not manual disposition confirmation, sponsor/member targeting evidence, committee-action influence, roll-call influence, legislative-outcome causality, public benefit, welfare, causal capture, or model validation."
330,3286a92a37f1a6a6,low,no,bill_reference_only_no_disposition_or_target_signal,117-s-270,117-123,Public Lands and Natural Resources,C001088,1,1,1,7ca20c55-b2d1-4ff6-beb8-21b0ccfb015b,2021,1st Quarter (Jan 1 - Mar 31),NATIONAL TRUST FOR HISTORIC PRESERVATION,NATIONAL TRUST FOR HISTORIC PRESERVATION,Natural Resources,S. 270,exact_bill_text_bill_list_or_title_only,bill_reference_without_disposition_signal,none_detected,none_detected,none_detected,house_senate_and_agency_entities_disclosed,not_detected_in_activity_text,chamber_entity_context_only_no_specific_target_detected,...- A bill to establish the Emmett Till and Mamie Till-Mobley and Roberts Temple National Historic Site in the State of Illinois. HR 1884 - The Save Oak Flat Act. HR 920 /S. 270 - Brown v Board of Education National Historic Site HR 3250/S. 1836 -- Julius Rosenwald and the Rosenwald Schools Study Act of 2019 (became PL 116-336 on 1/13/2021) HR 8...,Keep as bill-reference context unless later target/outcome review needs it.,official_lda_filing_text_bill_identifier; official_lda_activity_text_source_review; deterministic_activity_text_position_signal; disposition_target_review_queue; congressgov_bill_action_metadata_context,manual_disposition_confirmation; sponsor_or_member_target; committee_action_influence; roll_call_influence; legislative_outcome_causality; public_benefit_or_welfare_validation; causal_capture_validation; model_validation,https://lda.gov/filings/public/filing/7ca20c55-b2d1-4ff6-beb8-21b0ccfb015b/print/; https://lda.gov/api/v1/filings/7ca20c55-b2d1-4ff6-beb8-21b0ccfb015b/; https://www.congress.gov/bill/117th-congress/s-bill/270; https://api.congress.gov/v3/bill/117/s/270,"LDA disposition/target source-review queue only; deterministic text signals and possible target references are not manual disposition confirmation, sponsor/member targeting evidence, committee-action influence, roll-call influence, legislative-outcome causality, public benefit, welfare, causal capture, or model validation."
331,73bd751bcaa9f49f,low,no,bill_reference_only_no_disposition_or_target_signal,117-s-270,117-123,Public Lands and Natural Resources,C001088,1,1,1,7ca20c55-b2d1-4ff6-beb8-21b0ccfb015b,2021,1st Quarter (Jan 1 - Mar 31),NATIONAL TRUST FOR HISTORIC PRESERVATION,NATIONAL TRUST FOR HISTORIC PRESERVATION,Civil Rights/Civil Liberties,S. 270,exact_bill_text_bill_list_or_title_only,bill_reference_without_disposition_signal,none_detected,none_detected,none_detected,house_senate_and_agency_entities_disclosed,not_detected_in_activity_text,chamber_entity_context_only_no_specific_target_detected,HR 920 /S. 270 - Brown v Board of Education National Historic Site HR 3250/S. 1836 -- Julius Rosenwald and the Rosenwald Schools Study Act of 2019 (became PL 116-336 on 1/13/2021) S.79...,Keep as bill-reference context unless later target/outcome review needs it.,official_lda_filing_text_bill_identifier; official_lda_activity_text_source_review; deterministic_activity_text_position_signal; disposition_target_review_queue; congressgov_bill_action_metadata_context,manual_disposition_confirmation; sponsor_or_member_target; committee_action_influence; roll_call_influence; legislative_outcome_causality; public_benefit_or_welfare_validation; causal_capture_validation; model_validation,https://lda.gov/filings/public/filing/7ca20c55-b2d1-4ff6-beb8-21b0ccfb015b/print/; https://lda.gov/api/v1/filings/7ca20c55-b2d1-4ff6-beb8-21b0ccfb015b/; https://www.congress.gov/bill/117th-congress/s-bill/270; https://api.congress.gov/v3/bill/117/s/270,"LDA disposition/target source-review queue only; deterministic text signals and possible target references are not manual disposition confirmation, sponsor/member targeting evidence, committee-action influence, roll-call influence, legislative-outcome causality, public benefit, welfare, causal capture, or model validation."
332,3360664f4e697592,low,no,bill_reference_only_no_disposition_or_target_signal,117-s-270,117-123,Public Lands and Natural Resources,C001088,1,1,1,360e9825-64b4-4a1d-a8b1-1cf62f52e233,2021,1st Quarter (Jan 1 - Mar 31),TRUST FOR PUBLIC LAND,THE TRUST FOR PUBLIC LAND,Real Estate/Land Use/Conservation,S 270,exact_bill_text_bill_list_or_title_only,bill_reference_without_disposition_signal,none_detected,none_detected,none_detected,house_senate_and_agency_entities_disclosed,not_detected_in_activity_text,chamber_entity_context_only_no_specific_target_detected,"...st California Wilderness, Recreation, and Working Forests Act HR 693 San Gabriel Mountains Foothills and Rivers Protection Act HR 1052 Grand Canyon Protection Act HR 920/S 270 Brown v. Board of Education National Historic Site Expansion Act HR 297/S 554 Hawaii National Forest Study Act HR 1162/S 487 21st Century Conservation Corps Act RENEW Co...",Keep as bill-reference context unless later target/outcome review needs it.,official_lda_filing_text_bill_identifier; official_lda_activity_text_source_review; deterministic_activity_text_position_signal; disposition_target_review_queue; congressgov_bill_action_metadata_context,manual_disposition_confirmation; sponsor_or_member_target; committee_action_influence; roll_call_influence; legislative_outcome_causality; public_benefit_or_welfare_validation; causal_capture_validation; model_validation,https://lda.gov/filings/public/filing/360e9825-64b4-4a1d-a8b1-1cf62f52e233/print/; https://lda.gov/api/v1/filings/360e9825-64b4-4a1d-a8b1-1cf62f52e233/; https://www.congress.gov/bill/117th-congress/s-bill/270; https://api.congress.gov/v3/bill/117/s/270,"LDA disposition/target source-review queue only; deterministic text signals and possible target references are not manual disposition confirmation, sponsor/member targeting evidence, committee-action influence, roll-call influence, legislative-outcome causality, public benefit, welfare, causal capture, or model validation."
333,01203b61e9cbebed,low,no,bill_reference_only_no_disposition_or_target_signal,117-s-270,117-123,Public Lands and Natural Resources,C001088,1,1,1,ac20ac3f-78b8-4525-a701-00119d749e6b,2021,2nd Quarter (Apr 1 - June 30),NATIONAL TRUST FOR HISTORIC PRESERVATION,NATIONAL TRUST FOR HISTORIC PRESERVATION,Civil Rights/Civil Liberties,S. 270,exact_bill_text_bill_list_or_title_only,bill_reference_without_disposition_signal,none_detected,none_detected,none_detected,no_government_entity_disclosed,not_detected_in_activity_text,no_government_entity_context_or_specific_target_detected,HR 920 /S. 270 - Brown v Board of Education National Historic Site Expansion Act S.795 - A bill to establish the Emmett Till and Mamie Till-Mobley and Roberts Temple National Historic...,Keep as bill-reference context unless later target/outcome review needs it.,official_lda_filing_text_bill_identifier; official_lda_activity_text_source_review; deterministic_activity_text_position_signal; disposition_target_review_queue; congressgov_bill_action_metadata_context,manual_disposition_confirmation; sponsor_or_member_target; committee_action_influence; roll_call_influence; legislative_outcome_causality; public_benefit_or_welfare_validation; causal_capture_validation; model_validation,https://lda.gov/filings/public/filing/ac20ac3f-78b8-4525-a701-00119d749e6b/print/; https://lda.gov/api/v1/filings/ac20ac3f-78b8-4525-a701-00119d749e6b/; https://www.congress.gov/bill/117th-congress/s-bill/270; https://api.congress.gov/v3/bill/117/s/270,"LDA disposition/target source-review queue only; deterministic text signals and possible target references are not manual disposition confirmation, sponsor/member targeting evidence, committee-action influence, roll-call influence, legislative-outcome causality, public benefit, welfare, causal capture, or model validation."
334,208b2fbde4934fba,low,no,bill_reference_only_no_disposition_or_target_signal,117-s-270,117-123,Public Lands and Natural Resources,C001088,1,1,1,ac20ac3f-78b8-4525-a701-00119d749e6b,2021,2nd Quarter (Apr 1 - June 30),NATIONAL TRUST FOR HISTORIC PRESERVATION,NATIONAL TRUST FOR HISTORIC PRESERVATION,Natural Resources,S. 270,exact_bill_text_bill_list_or_title_only,bill_reference_without_disposition_signal,none_detected,none_detected,none_detected,house_senate_and_agency_entities_disclosed,not_detected_in_activity_text,chamber_entity_context_only_no_specific_target_detected,...A bill to establish the Emmett Till and Mamie Till-Mobley and Roberts Temple National Historic Site in the State of Illinois. HR 1884/S. 915 - Save Oak Flat Act. HR 920/S. 270 - Brown v Board of Education National Historic Site Charitable Conservation Easement Program Integrity Act (HR 4164/S. 2256) To amend the National Trails System Act to d...,Keep as bill-reference context unless later target/outcome review needs it.,official_lda_filing_text_bill_identifier; official_lda_activity_text_source_review; deterministic_activity_text_position_signal; disposition_target_review_queue; congressgov_bill_action_metadata_context,manual_disposition_confirmation; sponsor_or_member_target; committee_action_influence; roll_call_influence; legislative_outcome_causality; public_benefit_or_welfare_validation; causal_capture_validation; model_validation,https://lda.gov/filings/public/filing/ac20ac3f-78b8-4525-a701-00119d749e6b/print/; https://lda.gov/api/v1/filings/ac20ac3f-78b8-4525-a701-00119d749e6b/; https://www.congress.gov/bill/117th-congress/s-bill/270; https://api.congress.gov/v3/bill/117/s/270,"LDA disposition/target source-review queue only; deterministic text signals and possible target references are not manual disposition confirmation, sponsor/member targeting evidence, committee-action influence, roll-call influence, legislative-outcome causality, public benefit, welfare, causal capture, or model validation."
335,236aafb11419642e,low,no,bill_reference_only_no_disposition_or_target_signal,117-s-270,117-123,Public Lands and Natural Resources,C001088,1,1,1,65b1b21e-5e3e-47ff-ab6c-70bee2f03d4f,2021,2nd Quarter (Apr 1 - June 30),NATIONAL TRUST FOR HISTORIC PRESERVATION,NATIONAL TRUST FOR HISTORIC PRESERVATION,Civil Rights/Civil Liberties,S. 270,exact_bill_text_bill_list_or_title_only,bill_reference_without_disposition_signal,none_detected,none_detected,none_detected,house_senate_and_agency_entities_disclosed,not_detected_in_activity_text,chamber_entity_context_only_no_specific_target_detected,HR 920 /S. 270 - Brown v Board of Education National Historic Site S.795 - A bill to establish the Emmett Till and Mamie Till-Mobley and Roberts Temple National Historic Site in the St...,Keep as bill-reference context unless later target/outcome review needs it.,official_lda_filing_text_bill_identifier; official_lda_activity_text_source_review; deterministic_activity_text_position_signal; disposition_target_review_queue; congressgov_bill_action_metadata_context,manual_disposition_confirmation; sponsor_or_member_target; committee_action_influence; roll_call_influence; legislative_outcome_causality; public_benefit_or_welfare_validation; causal_capture_validation; model_validation,https://lda.gov/filings/public/filing/65b1b21e-5e3e-47ff-ab6c-70bee2f03d4f/print/; https://lda.gov/api/v1/filings/65b1b21e-5e3e-47ff-ab6c-70bee2f03d4f/; https://www.congress.gov/bill/117th-congress/s-bill/270; https://api.congress.gov/v3/bill/117/s/270,"LDA disposition/target source-review queue only; deterministic text signals and possible target references are not manual disposition confirmation, sponsor/member targeting evidence, committee-action influence, roll-call influence, legislative-outcome causality, public benefit, welfare, causal capture, or model validation."
336,60e9e9d9145a57a6,low,no,bill_reference_only_no_disposition_or_target_signal,117-s-270,117-123,Public Lands and Natural Resources,C001088,1,1,1,3e078b05-2d3b-4c12-95f1-23b22b1c026b,2021,2nd Quarter (Apr 1 - June 30),NATIONAL TRUST FOR HISTORIC PRESERVATION,NATIONAL TRUST FOR HISTORIC PRESERVATION,Natural Resources,S. 270,exact_bill_text_bill_list_or_title_only,bill_reference_without_disposition_signal,none_detected,none_detected,none_detected,house_senate_and_agency_entities_disclosed,not_detected_in_activity_text,chamber_entity_context_only_no_specific_target_detected,...A bill to establish the Emmett Till and Mamie Till-Mobley and Roberts Temple National Historic Site in the State of Illinois. HR 1884/S. 915 - Save Oak Flat Act. HR 920/S. 270 - Brown v Board of Education National Historic Site Charitable Conservation Easement Program Integrity Act (HR 8842/S. 170) To amend the National Trails System Act to de...,Keep as bill-reference context unless later target/outcome review needs it.,official_lda_filing_text_bill_identifier; official_lda_activity_text_source_review; deterministic_activity_text_position_signal; disposition_target_review_queue; congressgov_bill_action_metadata_context,manual_disposition_confirmation; sponsor_or_member_target; committee_action_influence; roll_call_influence; legislative_outcome_causality; public_benefit_or_welfare_validation; causal_capture_validation; model_validation,https://lda.gov/filings/public/filing/3e078b05-2d3b-4c12-95f1-23b22b1c026b/print/; https://lda.gov/api/v1/filings/3e078b05-2d3b-4c12-95f1-23b22b1c026b/; https://www.congress.gov/bill/117th-congress/s-bill/270; https://api.congress.gov/v3/bill/117/s/270,"LDA disposition/target source-review queue only; deterministic text signals and possible target references are not manual disposition confirmation, sponsor/member targeting evidence, committee-action influence, roll-call influence, legislative-outcome causality, public benefit, welfare, causal capture, or model validation."
337,6eced0ac18af11ad,low,no,bill_reference_only_no_disposition_or_target_signal,117-s-270,117-123,Public Lands and Natural Resources,C001088,1,1,1,65b1b21e-5e3e-47ff-ab6c-70bee2f03d4f,2021,2nd Quarter (Apr 1 - June 30),NATIONAL TRUST FOR HISTORIC PRESERVATION,NATIONAL TRUST FOR HISTORIC PRESERVATION,Natural Resources,S. 270,exact_bill_text_bill_list_or_title_only,bill_reference_without_disposition_signal,none_detected,none_detected,none_detected,house_senate_and_agency_entities_disclosed,not_detected_in_activity_text,chamber_entity_context_only_no_specific_target_detected,...A bill to establish the Emmett Till and Mamie Till-Mobley and Roberts Temple National Historic Site in the State of Illinois. HR 1884/S. 915 - Save Oak Flat Act. HR 920/S. 270 - Brown v Board of Education National Historic Site Charitable Conservation Easement Program Integrity Act (HR 8842/S. 170) To amend the National Trails System Act to de...,Keep as bill-reference context unless later target/outcome review needs it.,official_lda_filing_text_bill_identifier; official_lda_activity_text_source_review; deterministic_activity_text_position_signal; disposition_target_review_queue; congressgov_bill_action_metadata_context,manual_disposition_confirmation; sponsor_or_member_target; committee_action_influence; roll_call_influence; legislative_outcome_causality; public_benefit_or_welfare_validation; causal_capture_validation; model_validation,https://lda.gov/filings/public/filing/65b1b21e-5e3e-47ff-ab6c-70bee2f03d4f/print/; https://lda.gov/api/v1/filings/65b1b21e-5e3e-47ff-ab6c-70bee2f03d4f/; https://www.congress.gov/bill/117th-congress/s-bill/270; https://api.congress.gov/v3/bill/117/s/270,"LDA disposition/target source-review queue only; deterministic text signals and possible target references are not manual disposition confirmation, sponsor/member targeting evidence, committee-action influence, roll-call influence, legislative-outcome causality, public benefit, welfare, causal capture, or model validation."
338,804fefbfedfb89d3,low,no,bill_reference_only_no_disposition_or_target_signal,117-s-270,117-123,Public Lands and Natural Resources,C001088,1,1,1,a14f2f38-adb4-4c32-83ef-37f658956a69,2021,2nd Quarter (Apr 1 - June 30),NATIONAL TRUST FOR HISTORIC PRESERVATION,NATIONAL TRUST FOR HISTORIC PRESERVATION,Natural Resources,S. 270,exact_bill_text_bill_list_or_title_only,bill_reference_without_disposition_signal,none_detected,none_detected,none_detected,house_senate_and_agency_entities_disclosed,not_detected_in_activity_text,chamber_entity_context_only_no_specific_target_detected,...A bill to establish the Emmett Till and Mamie Till-Mobley and Roberts Temple National Historic Site in the State of Illinois. HR 1884/S. 915 - Save Oak Flat Act. HR 920/S. 270 - Brown v Board of Education National Historic Site Charitable Conservation Easement Program Integrity Act (HR 4164/S. 2256) To amend the National Trails System Act to d...,Keep as bill-reference context unless later target/outcome review needs it.,official_lda_filing_text_bill_identifier; official_lda_activity_text_source_review; deterministic_activity_text_position_signal; disposition_target_review_queue; congressgov_bill_action_metadata_context,manual_disposition_confirmation; sponsor_or_member_target; committee_action_influence; roll_call_influence; legislative_outcome_causality; public_benefit_or_welfare_validation; causal_capture_validation; model_validation,https://lda.gov/filings/public/filing/a14f2f38-adb4-4c32-83ef-37f658956a69/print/; https://lda.gov/api/v1/filings/a14f2f38-adb4-4c32-83ef-37f658956a69/; https://www.congress.gov/bill/117th-congress/s-bill/270; https://api.congress.gov/v3/bill/117/s/270,"LDA disposition/target source-review queue only; deterministic text signals and possible target references are not manual disposition confirmation, sponsor/member targeting evidence, committee-action influence, roll-call influence, legislative-outcome causality, public benefit, welfare, causal capture, or model validation."
339,d8c5ce9dcb184ec6,low,no,bill_reference_only_no_disposition_or_target_signal,117-s-270,117-123,Public Lands and Natural Resources,C001088,1,1,1,3e078b05-2d3b-4c12-95f1-23b22b1c026b,2021,2nd Quarter (Apr 1 - June 30),NATIONAL TRUST FOR HISTORIC PRESERVATION,NATIONAL TRUST FOR HISTORIC PRESERVATION,Civil Rights/Civil Liberties,S. 270,exact_bill_text_bill_list_or_title_only,bill_reference_without_disposition_signal,none_detected,none_detected,none_detected,house_senate_and_agency_entities_disclosed,not_detected_in_activity_text,chamber_entity_context_only_no_specific_target_detected,HR 920 /S. 270 - Brown v Board of Education National Historic Site Expansion Act S.795 - A bill to establish the Emmett Till and Mamie Till-Mobley and Roberts Temple National Historic...,Keep as bill-reference context unless later target/outcome review needs it.,official_lda_filing_text_bill_identifier; official_lda_activity_text_source_review; deterministic_activity_text_position_signal; disposition_target_review_queue; congressgov_bill_action_metadata_context,manual_disposition_confirmation; sponsor_or_member_target; committee_action_influence; roll_call_influence; legislative_outcome_causality; public_benefit_or_welfare_validation; causal_capture_validation; model_validation,https://lda.gov/filings/public/filing/3e078b05-2d3b-4c12-95f1-23b22b1c026b/print/; https://lda.gov/api/v1/filings/3e078b05-2d3b-4c12-95f1-23b22b1c026b/; https://www.congress.gov/bill/117th-congress/s-bill/270; https://api.congress.gov/v3/bill/117/s/270,"LDA disposition/target source-review queue only; deterministic text signals and possible target references are not manual disposition confirmation, sponsor/member targeting evidence, committee-action influence, roll-call influence, legislative-outcome causality, public benefit, welfare, causal capture, or model validation."
340,e1eba6233bc33c41,low,no,bill_reference_only_no_disposition_or_target_signal,117-s-270,117-123,Public Lands and Natural Resources,C001088,1,1,1,a14f2f38-adb4-4c32-83ef-37f658956a69,2021,2nd Quarter (Apr 1 - June 30),NATIONAL TRUST FOR HISTORIC PRESERVATION,NATIONAL TRUST FOR HISTORIC PRESERVATION,Civil Rights/Civil Liberties,S. 270,exact_bill_text_bill_list_or_title_only,bill_reference_without_disposition_signal,none_detected,none_detected,none_detected,house_senate_and_agency_entities_disclosed,not_detected_in_activity_text,chamber_entity_context_only_no_specific_target_detected,HR 920 /S. 270 - Brown v Board of Education National Historic Site Expansion Act S.795 - A bill to establish the Emmett Till and Mamie Till-Mobley and Roberts Temple National Historic...,Keep as bill-reference context unless later target/outcome review needs it.,official_lda_filing_text_bill_identifier; official_lda_activity_text_source_review; deterministic_activity_text_position_signal; disposition_target_review_queue; congressgov_bill_action_metadata_context,manual_disposition_confirmation; sponsor_or_member_target; committee_action_influence; roll_call_influence; legislative_outcome_causality; public_benefit_or_welfare_validation; causal_capture_validation; model_validation,https://lda.gov/filings/public/filing/a14f2f38-adb4-4c32-83ef-37f658956a69/print/; https://lda.gov/api/v1/filings/a14f2f38-adb4-4c32-83ef-37f658956a69/; https://www.congress.gov/bill/117th-congress/s-bill/270; https://api.congress.gov/v3/bill/117/s/270,"LDA disposition/target source-review queue only; deterministic text signals and possible target references are not manual disposition confirmation, sponsor/member targeting evidence, committee-action influence, roll-call influence, legislative-outcome causality, public benefit, welfare, causal capture, or model validation."
341,abef4207d00b911d,low,no,bill_reference_only_no_disposition_or_target_signal,117-s-270,117-123,Public Lands and Natural Resources,C001088,1,1,1,d3dd63c0-673a-4259-a84f-dad3fc697c5e,2021,2nd Quarter (Apr 1 - June 30),TRUST FOR PUBLIC LAND,THE TRUST FOR PUBLIC LAND,Real Estate/Land Use/Conservation,S 270,exact_bill_text_bill_list_or_title_only,bill_reference_without_disposition_signal,none_detected,none_detected,none_detected,house_senate_and_agency_entities_disclosed,not_detected_in_activity_text,chamber_entity_context_only_no_specific_target_detected,"...st California Wilderness, Recreation, and Working Forests Act HR 693 San Gabriel Mountains Foothills and Rivers Protection Act HR 1052 Grand Canyon Protection Act HR 920/S 270 Brown v. Board of Education National Historic Site Expansion Act HR 297/S 554 Hawaii National Forest Study Act HR 1162/S 487 21st Century Conservation Corps Act RENEW Co...",Keep as bill-reference context unless later target/outcome review needs it.,official_lda_filing_text_bill_identifier; official_lda_activity_text_source_review; deterministic_activity_text_position_signal; disposition_target_review_queue; congressgov_bill_action_metadata_context,manual_disposition_confirmation; sponsor_or_member_target; committee_action_influence; roll_call_influence; legislative_outcome_causality; public_benefit_or_welfare_validation; causal_capture_validation; model_validation,https://lda.gov/filings/public/filing/d3dd63c0-673a-4259-a84f-dad3fc697c5e/print/; https://lda.gov/api/v1/filings/d3dd63c0-673a-4259-a84f-dad3fc697c5e/; https://www.congress.gov/bill/117th-congress/s-bill/270; https://api.congress.gov/v3/bill/117/s/270,"LDA disposition/target source-review queue only; deterministic text signals and possible target references are not manual disposition confirmation, sponsor/member targeting evidence, committee-action influence, roll-call influence, legislative-outcome causality, public benefit, welfare, causal capture, or model validation."
342,63b0192838a9862c,low,no,bill_reference_only_no_disposition_or_target_signal,117-s-270,117-123,Public Lands and Natural Resources,C001088,1,1,1,d4ef64d4-a486-46ea-8d4d-b6b01235829b,2021,3rd Quarter (July 1 - Sep 30),NATIONAL TRUST FOR HISTORIC PRESERVATION,NATIONAL TRUST FOR HISTORIC PRESERVATION,Civil Rights/Civil Liberties,S. 270,exact_bill_text_bill_list_or_title_only,bill_reference_without_disposition_signal,none_detected,none_detected,none_detected,house_senate_and_agency_entities_disclosed,not_detected_in_activity_text,chamber_entity_context_only_no_specific_target_detected,HR 920 /S. 270 - Brown v Board of Education National Historic Site Expansion Act S.795 - A bill to establish the Emmett Till and Mamie Till-Mobley and Roberts Temple National Historic...,Keep as bill-reference context unless later target/outcome review needs it.,official_lda_filing_text_bill_identifier; official_lda_activity_text_source_review; deterministic_activity_text_position_signal; disposition_target_review_queue; congressgov_bill_action_metadata_context,manual_disposition_confirmation; sponsor_or_member_target; committee_action_influence; roll_call_influence; legislative_outcome_causality; public_benefit_or_welfare_validation; causal_capture_validation; model_validation,https://lda.gov/filings/public/filing/d4ef64d4-a486-46ea-8d4d-b6b01235829b/print/; https://lda.gov/api/v1/filings/d4ef64d4-a486-46ea-8d4d-b6b01235829b/; https://www.congress.gov/bill/117th-congress/s-bill/270; https://api.congress.gov/v3/bill/117/s/270,"LDA disposition/target source-review queue only; deterministic text signals and possible target references are not manual disposition confirmation, sponsor/member targeting evidence, committee-action influence, roll-call influence, legislative-outcome causality, public benefit, welfare, causal capture, or model validation."
343,9b41f519983ab65a,low,no,bill_reference_only_no_disposition_or_target_signal,117-s-270,117-123,Public Lands and Natural Resources,C001088,1,1,1,d4ef64d4-a486-46ea-8d4d-b6b01235829b,2021,3rd Quarter (July 1 - Sep 30),NATIONAL TRUST FOR HISTORIC PRESERVATION,NATIONAL TRUST FOR HISTORIC PRESERVATION,Natural Resources,S. 270,exact_bill_text_bill_list_or_title_only,bill_reference_without_disposition_signal,none_detected,none_detected,none_detected,house_senate_and_agency_entities_disclosed,not_detected_in_activity_text,chamber_entity_context_only_no_specific_target_detected,"S.795 - A bill to establish the Emmett Till and Mamie Till-Mobley and Roberts Temple National Historic Site in the State of Illinois. HR 920/S. 270 - Brown v Board of Education National Historic Site To amend the National Trails System Act to designate the Route 66 National Historic Trail, and for other purposes. (H...",Keep as bill-reference context unless later target/outcome review needs it.,official_lda_filing_text_bill_identifier; official_lda_activity_text_source_review; deterministic_activity_text_position_signal; disposition_target_review_queue; congressgov_bill_action_metadata_context,manual_disposition_confirmation; sponsor_or_member_target; committee_action_influence; roll_call_influence; legislative_outcome_causality; public_benefit_or_welfare_validation; causal_capture_validation; model_validation,https://lda.gov/filings/public/filing/d4ef64d4-a486-46ea-8d4d-b6b01235829b/print/; https://lda.gov/api/v1/filings/d4ef64d4-a486-46ea-8d4d-b6b01235829b/; https://www.congress.gov/bill/117th-congress/s-bill/270; https://api.congress.gov/v3/bill/117/s/270,"LDA disposition/target source-review queue only; deterministic text signals and possible target references are not manual disposition confirmation, sponsor/member targeting evidence, committee-action influence, roll-call influence, legislative-outcome causality, public benefit, welfare, causal capture, or model validation."
344,f08bd163b8a355d0,low,no,bill_reference_only_no_disposition_or_target_signal,117-s-270,117-123,Public Lands and Natural Resources,C001088,1,1,1,fc8cd17f-a533-4559-a2e7-ba2e598d9f78,2021,3rd Quarter (July 1 - Sep 30),TRUST FOR PUBLIC LAND,THE TRUST FOR PUBLIC LAND,Real Estate/Land Use/Conservation,S 270,exact_bill_text_bill_list_or_title_only,bill_reference_without_disposition_signal,none_detected,none_detected,none_detected,house_senate_and_agency_entities_disclosed,not_detected_in_activity_text,chamber_entity_context_only_no_specific_target_detected,"...st California Wilderness, Recreation, and Working Forests Act HR 693 San Gabriel Mountains Foothills and Rivers Protection Act HR 1052 Grand Canyon Protection Act HR 920/S 270 Brown v. Board of Education National Historic Site Expansion Act HR 297/S 554 Hawaii National Forest Study Act HR 1162/S 487 21st Century Conservation Corps Act RENEW Co...",Keep as bill-reference context unless later target/outcome review needs it.,official_lda_filing_text_bill_identifier; official_lda_activity_text_source_review; deterministic_activity_text_position_signal; disposition_target_review_queue; congressgov_bill_action_metadata_context,manual_disposition_confirmation; sponsor_or_member_target; committee_action_influence; roll_call_influence; legislative_outcome_causality; public_benefit_or_welfare_validation; causal_capture_validation; model_validation,https://lda.gov/filings/public/filing/fc8cd17f-a533-4559-a2e7-ba2e598d9f78/print/; https://lda.gov/api/v1/filings/fc8cd17f-a533-4559-a2e7-ba2e598d9f78/; https://www.congress.gov/bill/117th-congress/s-bill/270; https://api.congress.gov/v3/bill/117/s/270,"LDA disposition/target source-review queue only; deterministic text signals and possible target references are not manual disposition confirmation, sponsor/member targeting evidence, committee-action influence, roll-call influence, legislative-outcome causality, public benefit, welfare, causal capture, or model validation."
345,1a94518bac1ac8e2,low,no,bill_reference_only_no_disposition_or_target_signal,117-s-270,117-123,Public Lands and Natural Resources,C001088,1,1,1,ed2b417b-6264-4add-b05b-d83ec16e9a7c,2021,4th Quarter (Oct 1 - Dec 31),NATIONAL TRUST FOR HISTORIC PRESERVATION,NATIONAL TRUST FOR HISTORIC PRESERVATION,Civil Rights/Civil Liberties,S. 270,exact_bill_text_bill_list_or_title_only,bill_reference_without_disposition_signal,none_detected,none_detected,none_detected,house_senate_and_agency_entities_disclosed,not_detected_in_activity_text,chamber_entity_context_only_no_specific_target_detected,HR 920 /S. 270 - Brown v Board of Education National Historic Site Expansion Act S.795 - A bill to establish the Emmett Till and Mamie Till-Mobley and Roberts Temple National Historic...,Keep as bill-reference context unless later target/outcome review needs it.,official_lda_filing_text_bill_identifier; official_lda_activity_text_source_review; deterministic_activity_text_position_signal; disposition_target_review_queue; congressgov_bill_action_metadata_context,manual_disposition_confirmation; sponsor_or_member_target; committee_action_influence; roll_call_influence; legislative_outcome_causality; public_benefit_or_welfare_validation; causal_capture_validation; model_validation,https://lda.gov/filings/public/filing/ed2b417b-6264-4add-b05b-d83ec16e9a7c/print/; https://lda.gov/api/v1/filings/ed2b417b-6264-4add-b05b-d83ec16e9a7c/; https://www.congress.gov/bill/117th-congress/s-bill/270; https://api.congress.gov/v3/bill/117/s/270,"LDA disposition/target source-review queue only; deterministic text signals and possible target references are not manual disposition confirmation, sponsor/member targeting evidence, committee-action influence, roll-call influence, legislative-outcome causality, public benefit, welfare, causal capture, or model validation."
346,6a9e1a620207dd13,low,no,bill_reference_only_no_disposition_or_target_signal,117-s-270,117-123,Public Lands and Natural Resources,C001088,1,1,1,9661c1d9-3676-40dc-b07c-7983abab8e00,2021,4th Quarter (Oct 1 - Dec 31),NATIONAL TRUST FOR HISTORIC PRESERVATION,NATIONAL TRUST FOR HISTORIC PRESERVATION,Natural Resources,S. 270,exact_bill_text_bill_list_or_title_only,bill_reference_without_disposition_signal,none_detected,none_detected,none_detected,house_senate_and_agency_entities_disclosed,not_detected_in_activity_text,chamber_entity_context_only_no_specific_target_detected,"S.795 - A bill to establish the Emmett Till and Mamie Till-Mobley and Roberts Temple National Historic Site in the State of Illinois. HR 920/S. 270 - Brown v Board of Education National Historic Site To amend the National Trails System Act to designate the Route 66 National Historic Trail, and for other purposes. (H...",Keep as bill-reference context unless later target/outcome review needs it.,official_lda_filing_text_bill_identifier; official_lda_activity_text_source_review; deterministic_activity_text_position_signal; disposition_target_review_queue; congressgov_bill_action_metadata_context,manual_disposition_confirmation; sponsor_or_member_target; committee_action_influence; roll_call_influence; legislative_outcome_causality; public_benefit_or_welfare_validation; causal_capture_validation; model_validation,https://lda.gov/filings/public/filing/9661c1d9-3676-40dc-b07c-7983abab8e00/print/; https://lda.gov/api/v1/filings/9661c1d9-3676-40dc-b07c-7983abab8e00/; https://www.congress.gov/bill/117th-congress/s-bill/270; https://api.congress.gov/v3/bill/117/s/270,"LDA disposition/target source-review queue only; deterministic text signals and possible target references are not manual disposition confirmation, sponsor/member targeting evidence, committee-action influence, roll-call influence, legislative-outcome causality, public benefit, welfare, causal capture, or model validation."
347,7faf14919cc95ec7,low,no,bill_reference_only_no_disposition_or_target_signal,117-s-270,117-123,Public Lands and Natural Resources,C001088,1,1,1,9661c1d9-3676-40dc-b07c-7983abab8e00,2021,4th Quarter (Oct 1 - Dec 31),NATIONAL TRUST FOR HISTORIC PRESERVATION,NATIONAL TRUST FOR HISTORIC PRESERVATION,Civil Rights/Civil Liberties,S. 270,exact_bill_text_bill_list_or_title_only,bill_reference_without_disposition_signal,none_detected,none_detected,none_detected,house_senate_and_agency_entities_disclosed,not_detected_in_activity_text,chamber_entity_context_only_no_specific_target_detected,HR 920 /S. 270 - Brown v Board of Education National Historic Site Expansion Act S.795 - A bill to establish the Emmett Till and Mamie Till-Mobley and Roberts Temple National Historic...,Keep as bill-reference context unless later target/outcome review needs it.,official_lda_filing_text_bill_identifier; official_lda_activity_text_source_review; deterministic_activity_text_position_signal; disposition_target_review_queue; congressgov_bill_action_metadata_context,manual_disposition_confirmation; sponsor_or_member_target; committee_action_influence; roll_call_influence; legislative_outcome_causality; public_benefit_or_welfare_validation; causal_capture_validation; model_validation,https://lda.gov/filings/public/filing/9661c1d9-3676-40dc-b07c-7983abab8e00/print/; https://lda.gov/api/v1/filings/9661c1d9-3676-40dc-b07c-7983abab8e00/; https://www.congress.gov/bill/117th-congress/s-bill/270; https://api.congress.gov/v3/bill/117/s/270,"LDA disposition/target source-review queue only; deterministic text signals and possible target references are not manual disposition confirmation, sponsor/member targeting evidence, committee-action influence, roll-call influence, legislative-outcome causality, public benefit, welfare, causal capture, or model validation."
348,fadb746893f4a971,low,no,bill_reference_only_no_disposition_or_target_signal,117-s-270,117-123,Public Lands and Natural Resources,C001088,1,1,1,ed2b417b-6264-4add-b05b-d83ec16e9a7c,2021,4th Quarter (Oct 1 - Dec 31),NATIONAL TRUST FOR HISTORIC PRESERVATION,NATIONAL TRUST FOR HISTORIC PRESERVATION,Natural Resources,S. 270,exact_bill_text_bill_list_or_title_only,bill_reference_without_disposition_signal,none_detected,none_detected,none_detected,house_senate_and_agency_entities_disclosed,not_detected_in_activity_text,chamber_entity_context_only_no_specific_target_detected,"S.795 - A bill to establish the Emmett Till and Mamie Till-Mobley and Roberts Temple National Historic Site in the State of Illinois. HR 920/S. 270 - Brown v Board of Education National Historic Site To amend the National Trails System Act to designate the Route 66 National Historic Trail, and for other purposes. (H...",Keep as bill-reference context unless later target/outcome review needs it.,official_lda_filing_text_bill_identifier; official_lda_activity_text_source_review; deterministic_activity_text_position_signal; disposition_target_review_queue; congressgov_bill_action_metadata_context,manual_disposition_confirmation; sponsor_or_member_target; committee_action_influence; roll_call_influence; legislative_outcome_causality; public_benefit_or_welfare_validation; causal_capture_validation; model_validation,https://lda.gov/filings/public/filing/ed2b417b-6264-4add-b05b-d83ec16e9a7c/print/; https://lda.gov/api/v1/filings/ed2b417b-6264-4add-b05b-d83ec16e9a7c/; https://www.congress.gov/bill/117th-congress/s-bill/270; https://api.congress.gov/v3/bill/117/s/270,"LDA disposition/target source-review queue only; deterministic text signals and possible target references are not manual disposition confirmation, sponsor/member targeting evidence, committee-action influence, roll-call influence, legislative-outcome causality, public benefit, welfare, causal capture, or model validation."
349,4cb8ec96ee49c23b,low,no,bill_reference_only_no_disposition_or_target_signal,117-s-270,117-123,Public Lands and Natural Resources,C001088,1,1,1,79de2d40-6743-4a63-8767-a142ba374fe5,2021,4th Quarter (Oct 1 - Dec 31),TRUST FOR PUBLIC LAND,THE TRUST FOR PUBLIC LAND,Real Estate/Land Use/Conservation,S 270,exact_bill_text_bill_list_or_title_only,bill_reference_without_disposition_signal,none_detected,none_detected,none_detected,house_senate_and_agency_entities_disclosed,not_detected_in_activity_text,chamber_entity_context_only_no_specific_target_detected,"...st California Wilderness, Recreation, and Working Forests Act HR 693 San Gabriel Mountains Foothills and Rivers Protection Act HR 1052 Grand Canyon Protection Act HR 920/S 270 Brown v. Board of Education National Historic Site Expansion Act HR 297/S 554 Hawaii National Forest Study Act HR 1162/S 487 21st Century Conservation Corps Act RENEW Co...",Keep as bill-reference context unless later target/outcome review needs it.,official_lda_filing_text_bill_identifier; official_lda_activity_text_source_review; deterministic_activity_text_position_signal; disposition_target_review_queue; congressgov_bill_action_metadata_context,manual_disposition_confirmation; sponsor_or_member_target; committee_action_influence; roll_call_influence; legislative_outcome_causality; public_benefit_or_welfare_validation; causal_capture_validation; model_validation,https://lda.gov/filings/public/filing/79de2d40-6743-4a63-8767-a142ba374fe5/print/; https://lda.gov/api/v1/filings/79de2d40-6743-4a63-8767-a142ba374fe5/; https://www.congress.gov/bill/117th-congress/s-bill/270; https://api.congress.gov/v3/bill/117/s/270,"LDA disposition/target source-review queue only; deterministic text signals and possible target references are not manual disposition confirmation, sponsor/member targeting evidence, committee-action influence, roll-call influence, legislative-outcome causality, public benefit, welfare, causal capture, or model validation."
350,4046b12c1a8f2fc9,low,no,bill_reference_only_no_disposition_or_target_signal,117-s-270,117-123,Public Lands and Natural Resources,C001088,1,1,1,02f2ce8a-0453-414b-b7f2-f8ed7d806d2d,2022,1st Quarter (Jan 1 - Mar 31),NATIONAL TRUST FOR HISTORIC PRESERVATION,NATIONAL TRUST FOR HISTORIC PRESERVATION,Natural Resources,S. 270,exact_bill_text_bill_list_or_title_only,bill_reference_without_disposition_signal,none_detected,none_detected,none_detected,house_senate_and_agency_entities_disclosed,not_detected_in_activity_text,chamber_entity_context_only_no_specific_target_detected,"...and Mamie Till-Mobley and Roberts Temple National Historic Site in the State of Illinois (S 795) Brown v Board of Education National Historic Site Expansion Act (HR 920/S. 270) To amend the National Trails System Act to designate the Route 66 National Historic Trail, and for other purposes. (HR 3600) Amache National Historic Site Act (H.R. 249...",Keep as bill-reference context unless later target/outcome review needs it.,official_lda_filing_text_bill_identifier; official_lda_activity_text_source_review; deterministic_activity_text_position_signal; disposition_target_review_queue; congressgov_bill_action_metadata_context,manual_disposition_confirmation; sponsor_or_member_target; committee_action_influence; roll_call_influence; legislative_outcome_causality; public_benefit_or_welfare_validation; causal_capture_validation; model_validation,https://lda.gov/filings/public/filing/02f2ce8a-0453-414b-b7f2-f8ed7d806d2d/print/; https://lda.gov/api/v1/filings/02f2ce8a-0453-414b-b7f2-f8ed7d806d2d/; https://www.congress.gov/bill/117th-congress/s-bill/270; https://api.congress.gov/v3/bill/117/s/270,"LDA disposition/target source-review queue only; deterministic text signals and possible target references are not manual disposition confirmation, sponsor/member targeting evidence, committee-action influence, roll-call influence, legislative-outcome causality, public benefit, welfare, causal capture, or model validation."
351,4dcd10e409d9d325,low,no,bill_reference_only_no_disposition_or_target_signal,117-s-270,117-123,Public Lands and Natural Resources,C001088,1,1,1,02f2ce8a-0453-414b-b7f2-f8ed7d806d2d,2022,1st Quarter (Jan 1 - Mar 31),NATIONAL TRUST FOR HISTORIC PRESERVATION,NATIONAL TRUST FOR HISTORIC PRESERVATION,Civil Rights/Civil Liberties,S. 270,exact_bill_text_bill_list_or_title_only,bill_reference_without_disposition_signal,none_detected,none_detected,none_detected,house_and_senate_entities_disclosed,not_detected_in_activity_text,chamber_entity_context_only_no_specific_target_detected,HR 920 /S. 270 - Brown v Board of Education National Historic Site Expansion Act S.795 - A bill to establish the Emmett Till and Mamie Till-Mobley and Roberts Temple National Historic...,Keep as bill-reference context unless later target/outcome review needs it.,official_lda_filing_text_bill_identifier; official_lda_activity_text_source_review; deterministic_activity_text_position_signal; disposition_target_review_queue; congressgov_bill_action_metadata_context,manual_disposition_confirmation; sponsor_or_member_target; committee_action_influence; roll_call_influence; legislative_outcome_causality; public_benefit_or_welfare_validation; causal_capture_validation; model_validation,https://lda.gov/filings/public/filing/02f2ce8a-0453-414b-b7f2-f8ed7d806d2d/print/; https://lda.gov/api/v1/filings/02f2ce8a-0453-414b-b7f2-f8ed7d806d2d/; https://www.congress.gov/bill/117th-congress/s-bill/270; https://api.congress.gov/v3/bill/117/s/270,"LDA disposition/target source-review queue only; deterministic text signals and possible target references are not manual disposition confirmation, sponsor/member targeting evidence, committee-action influence, roll-call influence, legislative-outcome causality, public benefit, welfare, causal capture, or model validation."
352,144d3c9a9028c897,low,no,bill_reference_only_no_disposition_or_target_signal,117-s-270,117-123,Public Lands and Natural Resources,C001088,1,1,1,34d9ea50-73ba-4b89-9239-e27894430e1a,2022,2nd Quarter (Apr 1 - June 30),NATIONAL TRUST FOR HISTORIC PRESERVATION,NATIONAL TRUST FOR HISTORIC PRESERVATION,Civil Rights/Civil Liberties,S. 270,exact_bill_text_bill_list_or_title_only,bill_reference_without_disposition_signal,none_detected,none_detected,none_detected,house_and_senate_entities_disclosed,not_detected_in_activity_text,chamber_entity_context_only_no_specific_target_detected,HR 920 /S. 270 - Brown v Board of Education National Historic Site Expansion Act S.795 - A bill to establish the Emmett Till and Mamie Till-Mobley and Roberts Temple National Historic...,Keep as bill-reference context unless later target/outcome review needs it.,official_lda_filing_text_bill_identifier; official_lda_activity_text_source_review; deterministic_activity_text_position_signal; disposition_target_review_queue; congressgov_bill_action_metadata_context,manual_disposition_confirmation; sponsor_or_member_target; committee_action_influence; roll_call_influence; legislative_outcome_causality; public_benefit_or_welfare_validation; causal_capture_validation; model_validation,https://lda.gov/filings/public/filing/34d9ea50-73ba-4b89-9239-e27894430e1a/print/; https://lda.gov/api/v1/filings/34d9ea50-73ba-4b89-9239-e27894430e1a/; https://www.congress.gov/bill/117th-congress/s-bill/270; https://api.congress.gov/v3/bill/117/s/270,"LDA disposition/target source-review queue only; deterministic text signals and possible target references are not manual disposition confirmation, sponsor/member targeting evidence, committee-action influence, roll-call influence, legislative-outcome causality, public benefit, welfare, causal capture, or model validation."
353,4b31367194b52045,low,no,bill_reference_only_no_disposition_or_target_signal,117-s-270,117-123,Public Lands and Natural Resources,C001088,1,1,1,34d9ea50-73ba-4b89-9239-e27894430e1a,2022,2nd Quarter (Apr 1 - June 30),NATIONAL TRUST FOR HISTORIC PRESERVATION,NATIONAL TRUST FOR HISTORIC PRESERVATION,Natural Resources,S. 270,exact_bill_text_bill_list_or_title_only,bill_reference_without_disposition_signal,none_detected,none_detected,none_detected,house_senate_and_agency_entities_disclosed,not_detected_in_activity_text,chamber_entity_context_only_no_specific_target_detected,"...and Mamie Till-Mobley and Roberts Temple National Historic Site in the State of Illinois (S 795) Brown v Board of Education National Historic Site Expansion Act (HR 920/S. 270) To amend the National Trails System Act to designate the Route 66 National Historic Trail, and for other purposes. (HR 3600) African American Burial Grounds Preservatio...",Keep as bill-reference context unless later target/outcome review needs it.,official_lda_filing_text_bill_identifier; official_lda_activity_text_source_review; deterministic_activity_text_position_signal; disposition_target_review_queue; congressgov_bill_action_metadata_context,manual_disposition_confirmation; sponsor_or_member_target; committee_action_influence; roll_call_influence; legislative_outcome_causality; public_benefit_or_welfare_validation; causal_capture_validation; model_validation,https://lda.gov/filings/public/filing/34d9ea50-73ba-4b89-9239-e27894430e1a/print/; https://lda.gov/api/v1/filings/34d9ea50-73ba-4b89-9239-e27894430e1a/; https://www.congress.gov/bill/117th-congress/s-bill/270; https://api.congress.gov/v3/bill/117/s/270,"LDA disposition/target source-review queue only; deterministic text signals and possible target references are not manual disposition confirmation, sponsor/member targeting evidence, committee-action influence, roll-call influence, legislative-outcome causality, public benefit, welfare, causal capture, or model validation."
354,5024fbc0a8b135c9,low,no,bill_reference_only_no_disposition_or_target_signal,117-s-270,117-123,Public Lands and Natural Resources,C001088,1,1,1,6c0c3b51-9e6b-4dcf-ac78-2d8200de61b9,2022,3rd Quarter (July 1 - Sep 30),NATIONAL TRUST FOR HISTORIC PRESERVATION,NATIONAL TRUST FOR HISTORIC PRESERVATION,Civil Rights/Civil Liberties,S. 270,exact_bill_text_bill_list_or_title_only,bill_reference_without_disposition_signal,none_detected,none_detected,none_detected,house_senate_and_agency_entities_disclosed,not_detected_in_activity_text,chamber_entity_context_only_no_specific_target_detected,HR 920 /S. 270 - Brown v Board of Education National Historic Site Expansion Act. S.795 - A bill to establish the Emmett Till and Mamie Till-Mobley and Roberts Temple National Historic...,Keep as bill-reference context unless later target/outcome review needs it.,official_lda_filing_text_bill_identifier; official_lda_activity_text_source_review; deterministic_activity_text_position_signal; disposition_target_review_queue; congressgov_bill_action_metadata_context,manual_disposition_confirmation; sponsor_or_member_target; committee_action_influence; roll_call_influence; legislative_outcome_causality; public_benefit_or_welfare_validation; causal_capture_validation; model_validation,https://lda.gov/filings/public/filing/6c0c3b51-9e6b-4dcf-ac78-2d8200de61b9/print/; https://lda.gov/api/v1/filings/6c0c3b51-9e6b-4dcf-ac78-2d8200de61b9/; https://www.congress.gov/bill/117th-congress/s-bill/270; https://api.congress.gov/v3/bill/117/s/270,"LDA disposition/target source-review queue only; deterministic text signals and possible target references are not manual disposition confirmation, sponsor/member targeting evidence, committee-action influence, roll-call influence, legislative-outcome causality, public benefit, welfare, causal capture, or model validation."
355,51c5adc57e7ea2e8,low,no,bill_reference_only_no_disposition_or_target_signal,117-s-270,117-123,Public Lands and Natural Resources,C001088,1,1,1,6c0c3b51-9e6b-4dcf-ac78-2d8200de61b9,2022,3rd Quarter (July 1 - Sep 30),NATIONAL TRUST FOR HISTORIC PRESERVATION,NATIONAL TRUST FOR HISTORIC PRESERVATION,Natural Resources,S. 270,exact_bill_text_bill_list_or_title_only,bill_reference_without_disposition_signal,none_detected,none_detected,none_detected,house_senate_and_agency_entities_disclosed,not_detected_in_activity_text,chamber_entity_context_only_no_specific_target_detected,"...and Mamie Till-Mobley and Roberts Temple National Historic Site in the State of Illinois (S 795) Brown v Board of Education National Historic Site Expansion Act (HR 920/S. 270) To amend the National Trails System Act to designate the Route 66 National Historic Trail, and for other purposes. (HR 3600) African American Burial Grounds Preservatio...",Keep as bill-reference context unless later target/outcome review needs it.,official_lda_filing_text_bill_identifier; official_lda_activity_text_source_review; deterministic_activity_text_position_signal; disposition_target_review_queue; congressgov_bill_action_metadata_context,manual_disposition_confirmation; sponsor_or_member_target; committee_action_influence; roll_call_influence; legislative_outcome_causality; public_benefit_or_welfare_validation; causal_capture_validation; model_validation,https://lda.gov/filings/public/filing/6c0c3b51-9e6b-4dcf-ac78-2d8200de61b9/print/; https://lda.gov/api/v1/filings/6c0c3b51-9e6b-4dcf-ac78-2d8200de61b9/; https://www.congress.gov/bill/117th-congress/s-bill/270; https://api.congress.gov/v3/bill/117/s/270,"LDA disposition/target source-review queue only; deterministic text signals and possible target references are not manual disposition confirmation, sponsor/member targeting evidence, committee-action influence, roll-call influence, legislative-outcome causality, public benefit, welfare, causal capture, or model validation."
356,4954a1879e7f4607,low,no,bill_reference_only_no_disposition_or_target_signal,117-s-270,117-123,Public Lands and Natural Resources,C001088,1,1,1,f209f2e8-962d-493c-9464-3890eeb9e3cf,2022,4th Quarter (Oct 1 - Dec 31),NATIONAL TRUST FOR HISTORIC PRESERVATION,NATIONAL TRUST FOR HISTORIC PRESERVATION,Civil Rights/Civil Liberties,S. 270,exact_bill_text_bill_list_or_title_only,bill_reference_without_disposition_signal,none_detected,none_detected,none_detected,house_senate_and_agency_entities_disclosed,not_detected_in_activity_text,chamber_entity_context_only_no_specific_target_detected,HR 920 /S. 270 - Brown v Board of Education National Historic Site Expansion Act. S.795 - A bill to establish the Emmett Till and Mamie Till-Mobley and Roberts Temple National Historic...,Keep as bill-reference context unless later target/outcome review needs it.,official_lda_filing_text_bill_identifier; official_lda_activity_text_source_review; deterministic_activity_text_position_signal; disposition_target_review_queue; congressgov_bill_action_metadata_context,manual_disposition_confirmation; sponsor_or_member_target; committee_action_influence; roll_call_influence; legislative_outcome_causality; public_benefit_or_welfare_validation; causal_capture_validation; model_validation,https://lda.gov/filings/public/filing/f209f2e8-962d-493c-9464-3890eeb9e3cf/print/; https://lda.gov/api/v1/filings/f209f2e8-962d-493c-9464-3890eeb9e3cf/; https://www.congress.gov/bill/117th-congress/s-bill/270; https://api.congress.gov/v3/bill/117/s/270,"LDA disposition/target source-review queue only; deterministic text signals and possible target references are not manual disposition confirmation, sponsor/member targeting evidence, committee-action influence, roll-call influence, legislative-outcome causality, public benefit, welfare, causal capture, or model validation."
357,5f90e63d514f3fad,low,no,bill_reference_only_no_disposition_or_target_signal,117-s-270,117-123,Public Lands and Natural Resources,C001088,1,1,1,f209f2e8-962d-493c-9464-3890eeb9e3cf,2022,4th Quarter (Oct 1 - Dec 31),NATIONAL TRUST FOR HISTORIC PRESERVATION,NATIONAL TRUST FOR HISTORIC PRESERVATION,Natural Resources,S. 270,exact_bill_text_bill_list_or_title_only,bill_reference_without_disposition_signal,none_detected,none_detected,none_detected,house_senate_and_agency_entities_disclosed,not_detected_in_activity_text,chamber_entity_context_only_no_specific_target_detected,"...and Mamie Till-Mobley and Roberts Temple National Historic Site in the State of Illinois (S 795) Brown v Board of Education National Historic Site Expansion Act (HR 920/S. 270) To amend the National Trails System Act to designate the Route 66 National Historic Trail, and for other purposes. (HR 3600) African American Burial Grounds Preservatio...",Keep as bill-reference context unless later target/outcome review needs it.,official_lda_filing_text_bill_identifier; official_lda_activity_text_source_review; deterministic_activity_text_position_signal; disposition_target_review_queue; congressgov_bill_action_metadata_context,manual_disposition_confirmation; sponsor_or_member_target; committee_action_influence; roll_call_influence; legislative_outcome_causality; public_benefit_or_welfare_validation; causal_capture_validation; model_validation,https://lda.gov/filings/public/filing/f209f2e8-962d-493c-9464-3890eeb9e3cf/print/; https://lda.gov/api/v1/filings/f209f2e8-962d-493c-9464-3890eeb9e3cf/; https://www.congress.gov/bill/117th-congress/s-bill/270; https://api.congress.gov/v3/bill/117/s/270,"LDA disposition/target source-review queue only; deterministic text signals and possible target references are not manual disposition confirmation, sponsor/member targeting evidence, committee-action influence, roll-call influence, legislative-outcome causality, public benefit, welfare, causal capture, or model validation."
358,6aefe402910ca95a,low,no,bill_reference_only_no_disposition_or_target_signal,117-s-3157,117-210,Immigration,K000367,0,1,1,d545b3bb-5c96-4f5b-870f-213a1d8e346c,2021,4th Quarter (Oct 1 - Dec 31),NISKANEN CENTER FOR PUBLIC POLICY,NISKANEN CENTER FOR PUBLIC POLICY,Immigration,S. 3157,exact_bill_text_bill_list_or_title_only,bill_reference_without_disposition_signal,none_detected,none_detected,none_detected,house_senate_and_agency_entities_disclosed,not_detected_in_activity_text,chamber_entity_context_only_no_specific_target_detected,"Afghan Adjustment Act (support) Dignity Act (support) Bridging the Gap for New Americans Act, S. 3157 (support) Build Back Better Act (advanced adjustment of status and green card recapture provisions) (support)",Keep as bill-reference context unless later target/outcome review needs it.,official_lda_filing_text_bill_identifier; official_lda_activity_text_source_review; deterministic_activity_text_position_signal; disposition_target_review_queue; congressgov_bill_action_metadata_context,manual_disposition_confirmation; sponsor_or_member_target; committee_action_influence; roll_call_influence; legislative_outcome_causality; public_benefit_or_welfare_validation; causal_capture_validation; model_validation,https://lda.gov/filings/public/filing/d545b3bb-5c96-4f5b-870f-213a1d8e346c/print/; https://lda.gov/api/v1/filings/d545b3bb-5c96-4f5b-870f-213a1d8e346c/; https://www.congress.gov/bill/117th-congress/s-bill/3157; https://api.congress.gov/v3/bill/117/s/3157,"LDA disposition/target source-review queue only; deterministic text signals and possible target references are not manual disposition confirmation, sponsor/member targeting evidence, committee-action influence, roll-call influence, legislative-outcome causality, public benefit, welfare, causal capture, or model validation."
359,d627504fa820f432,low,no,bill_reference_only_no_disposition_or_target_signal,117-s-3157,117-210,Immigration,K000367,0,1,1,6c6c745a-1967-41ee-b032-382584c5fdd3,2022,1st Quarter (Jan 1 - Mar 31),NISKANEN CENTER FOR PUBLIC POLICY,NISKANEN CENTER FOR PUBLIC POLICY,Immigration,S 3157,exact_bill_text_bill_list_or_title_only,bill_reference_without_disposition_signal,none_detected,none_detected,none_detected,house_senate_and_agency_entities_disclosed,not_detected_in_activity_text,chamber_entity_context_only_no_specific_target_detected,"Afghan Adjustment Act (support) Dignity Act (support) Bridging the Gap for New Americans Act (S 3157) (support) The Adoptee Citizenship Act (S 967) (support) Protecting Children of Long-Term Visa Holders Act of 2021 (S 2753) (support) The Real Courts, Rule of Law Act of...",Keep as bill-reference context unless later target/outcome review needs it.,official_lda_filing_text_bill_identifier; official_lda_activity_text_source_review; deterministic_activity_text_position_signal; disposition_target_review_queue; congressgov_bill_action_metadata_context,manual_disposition_confirmation; sponsor_or_member_target; committee_action_influence; roll_call_influence; legislative_outcome_causality; public_benefit_or_welfare_validation; causal_capture_validation; model_validation,https://lda.gov/filings/public/filing/6c6c745a-1967-41ee-b032-382584c5fdd3/print/; https://lda.gov/api/v1/filings/6c6c745a-1967-41ee-b032-382584c5fdd3/; https://www.congress.gov/bill/117th-congress/s-bill/3157; https://api.congress.gov/v3/bill/117/s/3157,"LDA disposition/target source-review queue only; deterministic text signals and possible target references are not manual disposition confirmation, sponsor/member targeting evidence, committee-action influence, roll-call influence, legislative-outcome causality, public benefit, welfare, causal capture, or model validation."
360,93be7c822e82fd43,low,no,bill_reference_only_no_disposition_or_target_signal,117-s-3157,117-210,Immigration,K000367,0,1,1,ef16af2b-508e-4439-8e4e-128f9a79881e,2022,2nd Quarter (Apr 1 - June 30),NISKANEN CENTER FOR PUBLIC POLICY,NISKANEN CENTER FOR PUBLIC POLICY,Immigration,S 3157,exact_bill_text_bill_list_or_title_only,bill_reference_without_disposition_signal,none_detected,none_detected,none_detected,house_senate_and_agency_entities_disclosed,not_detected_in_activity_text,chamber_entity_context_only_no_specific_target_detected,Afghan Adjustment Act (support) Bridging the Gap for New Americans Act (S 3157) (support) The Adoptee Citizenship Act (S 967) (support) America's Cultivation of Hope and Inclusion for Long-term Dependents Raised and Educated Natively (America's CHI...,Keep as bill-reference context unless later target/outcome review needs it.,official_lda_filing_text_bill_identifier; official_lda_activity_text_source_review; deterministic_activity_text_position_signal; disposition_target_review_queue; congressgov_bill_action_metadata_context,manual_disposition_confirmation; sponsor_or_member_target; committee_action_influence; roll_call_influence; legislative_outcome_causality; public_benefit_or_welfare_validation; causal_capture_validation; model_validation,https://lda.gov/filings/public/filing/ef16af2b-508e-4439-8e4e-128f9a79881e/print/; https://lda.gov/api/v1/filings/ef16af2b-508e-4439-8e4e-128f9a79881e/; https://www.congress.gov/bill/117th-congress/s-bill/3157; https://api.congress.gov/v3/bill/117/s/3157,"LDA disposition/target source-review queue only; deterministic text signals and possible target references are not manual disposition confirmation, sponsor/member targeting evidence, committee-action influence, roll-call influence, legislative-outcome causality, public benefit, welfare, causal capture, or model validation."
361,12a9c5cf745a3e21,low,no,bill_reference_only_no_disposition_or_target_signal,117-s-3157,117-210,Immigration,K000367,0,1,1,54f7626e-d229-4352-a82d-38802a6fecc7,2022,3rd Quarter (July 1 - Sep 30),NISKANEN CENTER FOR PUBLIC POLICY,NISKANEN CENTER FOR PUBLIC POLICY,Immigration,S 3157,exact_bill_text_bill_list_or_title_only,bill_reference_without_disposition_signal,none_detected,none_detected,none_detected,house_senate_and_agency_entities_disclosed,not_detected_in_activity_text,chamber_entity_context_only_no_specific_target_detected,Afghan Adjustment Act (support) Bridging the Gap for New Americans Act (S 3157) (support),Keep as bill-reference context unless later target/outcome review needs it.,official_lda_filing_text_bill_identifier; official_lda_activity_text_source_review; deterministic_activity_text_position_signal; disposition_target_review_queue; congressgov_bill_action_metadata_context,manual_disposition_confirmation; sponsor_or_member_target; committee_action_influence; roll_call_influence; legislative_outcome_causality; public_benefit_or_welfare_validation; causal_capture_validation; model_validation,https://lda.gov/filings/public/filing/54f7626e-d229-4352-a82d-38802a6fecc7/print/; https://lda.gov/api/v1/filings/54f7626e-d229-4352-a82d-38802a6fecc7/; https://www.congress.gov/bill/117th-congress/s-bill/3157; https://api.congress.gov/v3/bill/117/s/3157,"LDA disposition/target source-review queue only; deterministic text signals and possible target references are not manual disposition confirmation, sponsor/member targeting evidence, committee-action influence, roll-call influence, legislative-outcome causality, public benefit, welfare, causal capture, or model validation."
362,5ed0a0d87f1d50d1,low,no,bill_reference_only_no_disposition_or_target_signal,117-s-3157,117-210,Immigration,K000367,0,1,1,4114226b-c0dd-4abf-8820-98b6a95161ae,2022,3rd Quarter (July 1 - Sep 30),THE IMMIGRATION HUB LLC,THE IMMIGRATION HUB LLC,Immigration,S. 3157,exact_bill_text_bill_list_or_title_only,bill_reference_without_disposition_signal,none_detected,none_detected,none_detected,house_senate_and_agency_entities_disclosed,not_detected_in_activity_text,chamber_entity_context_only_no_specific_target_detected,"...Review Remand Criteria Discrimination in immigration court End to the dedicated docket Motions to reopen cases Labor DOL guidance for immigrant whistleblowers H.R. 6715/S. 3157, Bridging the Gap for New Americans Act H.R. 1603, Farm Workforce Modernization Act H.R. 8151/S. 3479, Building a Sustainable Workforce for Healthy Communities Act Addre...",Keep as bill-reference context unless later target/outcome review needs it.,official_lda_filing_text_bill_identifier; official_lda_activity_text_source_review; deterministic_activity_text_position_signal; disposition_target_review_queue; congressgov_bill_action_metadata_context,manual_disposition_confirmation; sponsor_or_member_target; committee_action_influence; roll_call_influence; legislative_outcome_causality; public_benefit_or_welfare_validation; causal_capture_validation; model_validation,https://lda.gov/filings/public/filing/4114226b-c0dd-4abf-8820-98b6a95161ae/print/; https://lda.gov/api/v1/filings/4114226b-c0dd-4abf-8820-98b6a95161ae/; https://www.congress.gov/bill/117th-congress/s-bill/3157; https://api.congress.gov/v3/bill/117/s/3157,"LDA disposition/target source-review queue only; deterministic text signals and possible target references are not manual disposition confirmation, sponsor/member targeting evidence, committee-action influence, roll-call influence, legislative-outcome causality, public benefit, welfare, causal capture, or model validation."
363,be244b45d77c2e5b,low,no,bill_reference_only_no_disposition_or_target_signal,117-s-3373,117-168,Armed Forces and National Security,K000384,1,1,1,1306b9ac-41ff-478d-b384-ecf8942f3c27,2022,3rd Quarter (July 1 - Sep 30),AMERICAN LUNG ASSOCIATION,AMERICAN LUNG ASSOCIATION,Veterans,S. 3373,exact_bill_text_bill_list_or_title_only,bill_reference_without_disposition_signal,none_detected,none_detected,none_detected,house_and_senate_entities_disclosed,not_detected_in_activity_text,chamber_entity_context_only_no_specific_target_detected,"...; S.2043 A bill to amend title 38, United States Code, to prohibit smoking on the premises of any facility of the Veterans Health Administration, and for other purposes; S. 3373 Honoring our PACT Act of 2022; H.R. 3967 Honoring our PACT Act of 2022; H.R. 6833 Continuing Appropriations and Ukraine Supplemental Appropriations Act, 2023;",Keep as bill-reference context unless later target/outcome review needs it.,official_lda_filing_text_bill_identifier; official_lda_activity_text_source_review; deterministic_activity_text_position_signal; disposition_target_review_queue; congressgov_bill_action_metadata_context,manual_disposition_confirmation; sponsor_or_member_target; committee_action_influence; roll_call_influence; legislative_outcome_causality; public_benefit_or_welfare_validation; causal_capture_validation; model_validation,https://lda.gov/filings/public/filing/1306b9ac-41ff-478d-b384-ecf8942f3c27/print/; https://lda.gov/api/v1/filings/1306b9ac-41ff-478d-b384-ecf8942f3c27/; https://www.congress.gov/bill/117th-congress/s-bill/3373; https://api.congress.gov/v3/bill/117/s/3373,"LDA disposition/target source-review queue only; deterministic text signals and possible target references are not manual disposition confirmation, sponsor/member targeting evidence, committee-action influence, roll-call influence, legislative-outcome causality, public benefit, welfare, causal capture, or model validation."
364,d2bf004e6a7ee8dd,low,no,bill_reference_only_no_disposition_or_target_signal,117-s-3373,117-168,Armed Forces and National Security,K000384,1,1,1,1306b9ac-41ff-478d-b384-ecf8942f3c27,2022,3rd Quarter (July 1 - Sep 30),AMERICAN LUNG ASSOCIATION,AMERICAN LUNG ASSOCIATION,Health Issues,S. 3373,exact_bill_text_bill_list_or_title_only,bill_reference_without_disposition_signal,none_detected,none_detected,none_detected,house_senate_and_agency_entities_disclosed,not_detected_in_activity_text,chamber_entity_context_only_no_specific_target_detected,"...s for prescription drugs, medical devices, generic drugs, and biosimilar biological products, and for other purposes; H.R. 7845 NIH Clinical Trial Diversity Act of 2022; S. 3373 Honoring our PACT Act of 2022; H.R. 3967 Honoring our PACT Act of 2022; H.R. 6833 Continuing Appropriations and Ukraine Supplemental Appropriations Act, 2023; H.R. 8885...",Keep as bill-reference context unless later target/outcome review needs it.,official_lda_filing_text_bill_identifier; official_lda_activity_text_source_review; deterministic_activity_text_position_signal; disposition_target_review_queue; congressgov_bill_action_metadata_context,manual_disposition_confirmation; sponsor_or_member_target; committee_action_influence; roll_call_influence; legislative_outcome_causality; public_benefit_or_welfare_validation; causal_capture_validation; model_validation,https://lda.gov/filings/public/filing/1306b9ac-41ff-478d-b384-ecf8942f3c27/print/; https://lda.gov/api/v1/filings/1306b9ac-41ff-478d-b384-ecf8942f3c27/; https://www.congress.gov/bill/117th-congress/s-bill/3373; https://api.congress.gov/v3/bill/117/s/3373,"LDA disposition/target source-review queue only; deterministic text signals and possible target references are not manual disposition confirmation, sponsor/member targeting evidence, committee-action influence, roll-call influence, legislative-outcome causality, public benefit, welfare, causal capture, or model validation."
365,3eb01defb4118ed1,low,no,bill_reference_only_no_disposition_or_target_signal,117-s-3373,117-168,Armed Forces and National Security,K000384,1,1,1,f523aa78-9945-47d3-8032-420f5ea96a74,2022,3rd Quarter (July 1 - Sep 30),DISABLED AMERICAN VETERANS,DISABLED AMERICAN VETERANS,Veterans,S 3373,exact_bill_text_bill_list_or_title_only,bill_reference_without_disposition_signal,none_detected,none_detected,none_detected,house_senate_and_agency_entities_disclosed,not_detected_in_activity_text,chamber_entity_context_only_no_specific_target_detected,"...HR 8705, HR 8736, HR 8750, HR 8803, HR 8811, HR 8852, HR 8854, HR 8888, HR 8925, HR 9117, H.Res. 1030, H.Res. 1321, H.Res. 1379, S 1183, S 1564, S 2321, S 3341, S 3368, S 3373, S 3564, S 3606, S 4006, S 4458, S 4485, S 4545, S 4580, S 4601, S 4646, S 4700, S 4721, S 4766, S 4816, S 4829, S 4841, S 4842, S 4871, S 4922, S 5059, S 613, S.Res. 66...",Keep as bill-reference context unless later target/outcome review needs it.,official_lda_filing_text_bill_identifier; official_lda_activity_text_source_review; deterministic_activity_text_position_signal; disposition_target_review_queue; congressgov_bill_action_metadata_context,manual_disposition_confirmation; sponsor_or_member_target; committee_action_influence; roll_call_influence; legislative_outcome_causality; public_benefit_or_welfare_validation; causal_capture_validation; model_validation,https://lda.gov/filings/public/filing/f523aa78-9945-47d3-8032-420f5ea96a74/print/; https://lda.gov/api/v1/filings/f523aa78-9945-47d3-8032-420f5ea96a74/; https://www.congress.gov/bill/117th-congress/s-bill/3373; https://api.congress.gov/v3/bill/117/s/3373,"LDA disposition/target source-review queue only; deterministic text signals and possible target references are not manual disposition confirmation, sponsor/member targeting evidence, committee-action influence, roll-call influence, legislative-outcome causality, public benefit, welfare, causal capture, or model validation."
366,60ed9a9562620821,low,no,bill_reference_only_no_disposition_or_target_signal,117-s-3373,117-168,Armed Forces and National Security,K000384,1,1,1,7b41bdd7-280e-4461-8d85-56396edb78f5,2022,3rd Quarter (July 1 - Sep 30),JEFFERSON BUSINESS CONSULTING ON BEHALF OF LEIDOS,"PARK GOVERNMENT RELATIONS, LLC",Veterans,S. 3373,exact_bill_text_bill_list_or_title_only,bill_reference_without_disposition_signal,none_detected,none_detected,none_detected,house_and_senate_entities_disclosed,not_detected_in_activity_text,chamber_entity_context_only_no_specific_target_detected,"disability exams, S. 3373",Keep as bill-reference context unless later target/outcome review needs it.,official_lda_filing_text_bill_identifier; official_lda_activity_text_source_review; deterministic_activity_text_position_signal; disposition_target_review_queue; congressgov_bill_action_metadata_context,manual_disposition_confirmation; sponsor_or_member_target; committee_action_influence; roll_call_influence; legislative_outcome_causality; public_benefit_or_welfare_validation; causal_capture_validation; model_validation,https://lda.gov/filings/public/filing/7b41bdd7-280e-4461-8d85-56396edb78f5/print/; https://lda.gov/api/v1/filings/7b41bdd7-280e-4461-8d85-56396edb78f5/; https://www.congress.gov/bill/117th-congress/s-bill/3373; https://api.congress.gov/v3/bill/117/s/3373,"LDA disposition/target source-review queue only; deterministic text signals and possible target references are not manual disposition confirmation, sponsor/member targeting evidence, committee-action influence, roll-call influence, legislative-outcome causality, public benefit, welfare, causal capture, or model validation."
367,cc23b898750129cf,low,no,bill_reference_only_no_disposition_or_target_signal,117-s-3373,117-168,Armed Forces and National Security,K000384,1,1,1,9ac072f7-13bf-4ec2-8b23-6877c5df0208,2022,3rd Quarter (July 1 - Sep 30),JEFFERSON BUSINESS CONSULTING ON BEHALF OF LEIDOS,"PARK GOVERNMENT RELATIONS, LLC",Veterans,S. 3373,exact_bill_text_bill_list_or_title_only,bill_reference_without_disposition_signal,none_detected,none_detected,none_detected,house_and_senate_entities_disclosed,not_detected_in_activity_text,chamber_entity_context_only_no_specific_target_detected,"disability exams, S. 3373",Keep as bill-reference context unless later target/outcome review needs it.,official_lda_filing_text_bill_identifier; official_lda_activity_text_source_review; deterministic_activity_text_position_signal; disposition_target_review_queue; congressgov_bill_action_metadata_context,manual_disposition_confirmation; sponsor_or_member_target; committee_action_influence; roll_call_influence; legislative_outcome_causality; public_benefit_or_welfare_validation; causal_capture_validation; model_validation,https://lda.gov/filings/public/filing/9ac072f7-13bf-4ec2-8b23-6877c5df0208/print/; https://lda.gov/api/v1/filings/9ac072f7-13bf-4ec2-8b23-6877c5df0208/; https://www.congress.gov/bill/117th-congress/s-bill/3373; https://api.congress.gov/v3/bill/117/s/3373,"LDA disposition/target source-review queue only; deterministic text signals and possible target references are not manual disposition confirmation, sponsor/member targeting evidence, committee-action influence, roll-call influence, legislative-outcome causality, public benefit, welfare, causal capture, or model validation."
368,cc84b2e3b560109b,low,no,bill_reference_only_no_disposition_or_target_signal,117-s-3373,117-168,Armed Forces and National Security,K000384,1,1,1,197d6577-9a1a-44dd-8b3d-0b34e7fe436e,2022,3rd Quarter (July 1 - Sep 30),MOVEON.ORG CIVIC ACTION,MOVEON.ORG CIVIC ACTION,Homeland Security,S. 3373,exact_bill_text_bill_list_or_title_only,bill_reference_without_disposition_signal,none_detected,none_detected,none_detected,single_chamber_entity_disclosed,not_detected_in_activity_text,chamber_entity_context_only_no_specific_target_detected,S. 3373: Honoring our PACT Act of 2022,Keep as bill-reference context unless later target/outcome review needs it.,official_lda_filing_text_bill_identifier; official_lda_activity_text_source_review; deterministic_activity_text_position_signal; disposition_target_review_queue; congressgov_bill_action_metadata_context,manual_disposition_confirmation; sponsor_or_member_target; committee_action_influence; roll_call_influence; legislative_outcome_causality; public_benefit_or_welfare_validation; causal_capture_validation; model_validation,https://lda.gov/filings/public/filing/197d6577-9a1a-44dd-8b3d-0b34e7fe436e/print/; https://lda.gov/api/v1/filings/197d6577-9a1a-44dd-8b3d-0b34e7fe436e/; https://www.congress.gov/bill/117th-congress/s-bill/3373; https://api.congress.gov/v3/bill/117/s/3373,"LDA disposition/target source-review queue only; deterministic text signals and possible target references are not manual disposition confirmation, sponsor/member targeting evidence, committee-action influence, roll-call influence, legislative-outcome causality, public benefit, welfare, causal capture, or model validation."
369,589e893a1b751eb9,low,no,bill_reference_only_no_disposition_or_target_signal,117-s-3373,117-168,Armed Forces and National Security,K000384,1,1,1,191cb1be-efcc-4ec9-983b-50f0dae0153a,2022,3rd Quarter (July 1 - Sep 30),"SALESFORCE, INC.","SALESFORCE, INC.",Health Issues,S. 3373,exact_bill_text_bill_list_or_title_only,bill_reference_without_disposition_signal,none_detected,none_detected,none_detected,single_chamber_entity_disclosed,not_detected_in_activity_text,chamber_entity_context_only_no_specific_target_detected,S. 3373: Honoring Our PACT Act of 2022 Telehealth,Keep as bill-reference context unless later target/outcome review needs it.,official_lda_filing_text_bill_identifier; official_lda_activity_text_source_review; deterministic_activity_text_position_signal; disposition_target_review_queue; congressgov_bill_action_metadata_context,manual_disposition_confirmation; sponsor_or_member_target; committee_action_influence; roll_call_influence; legislative_outcome_causality; public_benefit_or_welfare_validation; causal_capture_validation; model_validation,https://lda.gov/filings/public/filing/191cb1be-efcc-4ec9-983b-50f0dae0153a/print/; https://lda.gov/api/v1/filings/191cb1be-efcc-4ec9-983b-50f0dae0153a/; https://www.congress.gov/bill/117th-congress/s-bill/3373; https://api.congress.gov/v3/bill/117/s/3373,"LDA disposition/target source-review queue only; deterministic text signals and possible target references are not manual disposition confirmation, sponsor/member targeting evidence, committee-action influence, roll-call influence, legislative-outcome causality, public benefit, welfare, causal capture, or model validation."
370,19e8af4164b7ea5e,low,no,bill_reference_only_no_disposition_or_target_signal,117-s-3373,117-168,Armed Forces and National Security,K000384,1,1,1,bd1ee63c-91ea-4877-981a-28fa1c83b56f,2022,3rd Quarter (July 1 - Sep 30),THE MICHAEL J. FOX FOUNDATION FOR PARKINSON'S RESEARCH,THE MICHAEL J. FOX FOUNDATION FOR PARKINSON'S RESEARCH,Agriculture,S. 3373,exact_bill_text_bill_list_or_title_only,bill_reference_without_disposition_signal,none_detected,none_detected,none_detected,house_senate_and_agency_entities_disclosed,not_detected_in_activity_text,chamber_entity_context_only_no_specific_target_detected,"...Neuroscience Center of Excellence Act H.R. 5435, the BRAIN Act H.R. 6000, the Cures 2.0 Act S. 3282, the Protect Americas Children from Toxic Pesticides Act H.R. 3967 / S. 3373 Honoring our Promise to Address Comprehensive Toxics (PACT) Act and other associated legislation",Keep as bill-reference context unless later target/outcome review needs it.,official_lda_filing_text_bill_identifier; official_lda_activity_text_source_review; deterministic_activity_text_position_signal; disposition_target_review_queue; congressgov_bill_action_metadata_context,manual_disposition_confirmation; sponsor_or_member_target; committee_action_influence; roll_call_influence; legislative_outcome_causality; public_benefit_or_welfare_validation; causal_capture_validation; model_validation,https://lda.gov/filings/public/filing/bd1ee63c-91ea-4877-981a-28fa1c83b56f/print/; https://lda.gov/api/v1/filings/bd1ee63c-91ea-4877-981a-28fa1c83b56f/; https://www.congress.gov/bill/117th-congress/s-bill/3373; https://api.congress.gov/v3/bill/117/s/3373,"LDA disposition/target source-review queue only; deterministic text signals and possible target references are not manual disposition confirmation, sponsor/member targeting evidence, committee-action influence, roll-call influence, legislative-outcome causality, public benefit, welfare, causal capture, or model validation."
371,c10054c45b1964d2,low,no,bill_reference_only_no_disposition_or_target_signal,117-s-3373,117-168,Armed Forces and National Security,K000384,1,1,1,2dc6339a-2f80-4dcc-a418-71fd09dfec49,2022,4th Quarter (Oct 1 - Dec 31),AMERICAN FEDERATION OF STATE COUNTY AND MUNICIPAL EMPLOYEES,"AMERICAN FEDERATION OF STATE, COUNTY AND MUNICIPAL EMPLOYEES",Labor Issues/Antitrust/Workplace,S 3373,exact_bill_text_bill_list_or_title_only,bill_reference_without_disposition_signal,none_detected,none_detected,none_detected,house_and_senate_entities_disclosed,not_detected_in_activity_text,chamber_entity_context_only_no_specific_target_detected,"...nage System Act HR 2351, S 1175, HR 4350- 911 SAVES Act/NDAA HR 564- Paid Family and Medical Leave HR 7309- Workforce Innovation Opportunities Act (WIOA) Reauthorization S 3373- PACT Act of 2022 HR 2193- Asuncion Valdivia Heat Illness and Fatality Prevention Act HR 1065- Pregnant Workers Fairness Act Confirmation of Jessica Looman to be DOL Wag...",Keep as bill-reference context unless later target/outcome review needs it.,official_lda_filing_text_bill_identifier; official_lda_activity_text_source_review; deterministic_activity_text_position_signal; disposition_target_review_queue; congressgov_bill_action_metadata_context,manual_disposition_confirmation; sponsor_or_member_target; committee_action_influence; roll_call_influence; legislative_outcome_causality; public_benefit_or_welfare_validation; causal_capture_validation; model_validation,https://lda.gov/filings/public/filing/2dc6339a-2f80-4dcc-a418-71fd09dfec49/print/; https://lda.gov/api/v1/filings/2dc6339a-2f80-4dcc-a418-71fd09dfec49/; https://www.congress.gov/bill/117th-congress/s-bill/3373; https://api.congress.gov/v3/bill/117/s/3373,"LDA disposition/target source-review queue only; deterministic text signals and possible target references are not manual disposition confirmation, sponsor/member targeting evidence, committee-action influence, roll-call influence, legislative-outcome causality, public benefit, welfare, causal capture, or model validation."
372,0c8a0c9b84d54325,low,no,bill_reference_only_no_disposition_or_target_signal,117-s-3373,117-168,Armed Forces and National Security,K000384,1,1,1,8af79715-a33b-45bd-b4f4-d07321bc973c,2022,4th Quarter (Oct 1 - Dec 31),DISABLED AMERICAN VETERANS,DISABLED AMERICAN VETERANS,Veterans,S 3373,exact_bill_text_bill_list_or_title_only,bill_reference_without_disposition_signal,none_detected,none_detected,none_detected,house_senate_and_agency_entities_disclosed,not_detected_in_activity_text,chamber_entity_context_only_no_specific_target_detected,"...HR 8705, HR 8736, HR 8750, HR 8803, HR 8811, HR 8852, HR 8854, HR 8888, HR 8925, HR 9117, H.Res. 1030, H.Res. 1321, H.Res. 1379, S 1183, S 1564, S 2321, S 3341, S 3368, S 3373, S 3564, S 3606, S 4006, S 4458, S 4485, S 4545, S 4580, S 4601, S 4646, S 4700, S 4721, S 4766, S 4816, S 4829, S 4841, S 4842, S 4871, S 4922, S 5059, S 613, S.Res. 66...",Keep as bill-reference context unless later target/outcome review needs it.,official_lda_filing_text_bill_identifier; official_lda_activity_text_source_review; deterministic_activity_text_position_signal; disposition_target_review_queue; congressgov_bill_action_metadata_context,manual_disposition_confirmation; sponsor_or_member_target; committee_action_influence; roll_call_influence; legislative_outcome_causality; public_benefit_or_welfare_validation; causal_capture_validation; model_validation,https://lda.gov/filings/public/filing/8af79715-a33b-45bd-b4f4-d07321bc973c/print/; https://lda.gov/api/v1/filings/8af79715-a33b-45bd-b4f4-d07321bc973c/; https://www.congress.gov/bill/117th-congress/s-bill/3373; https://api.congress.gov/v3/bill/117/s/3373,"LDA disposition/target source-review queue only; deterministic text signals and possible target references are not manual disposition confirmation, sponsor/member targeting evidence, committee-action influence, roll-call influence, legislative-outcome causality, public benefit, welfare, causal capture, or model validation."
373,b2b61158fc1924f5,low,no,bill_reference_only_no_disposition_or_target_signal,117-s-3373,117-168,Armed Forces and National Security,K000384,1,1,1,83ed86cb-7af4-4bb6-9641-a3979afd3c4b,2022,4th Quarter (Oct 1 - Dec 31),THE MICHAEL J. FOX FOUNDATION FOR PARKINSON'S RESEARCH,THE MICHAEL J. FOX FOUNDATION FOR PARKINSON'S RESEARCH,Agriculture,S. 3373,exact_bill_text_bill_list_or_title_only,bill_reference_without_disposition_signal,none_detected,none_detected,none_detected,house_senate_and_agency_entities_disclosed,not_detected_in_activity_text,chamber_entity_context_only_no_specific_target_detected,"...ging Regulatory Advances Into Neuroscience Act of 2021 H.R. 6000, the Cures 2.0 Act S. 3282, the Protect Americas Children from Toxic Pesticides Act (PACTPA) H.R. 3967 / S. 3373 Honoring our Promise to Address Comprehensive Toxics (PACT) Act and other associated legislation",Keep as bill-reference context unless later target/outcome review needs it.,official_lda_filing_text_bill_identifier; official_lda_activity_text_source_review; deterministic_activity_text_position_signal; disposition_target_review_queue; congressgov_bill_action_metadata_context,manual_disposition_confirmation; sponsor_or_member_target; committee_action_influence; roll_call_influence; legislative_outcome_causality; public_benefit_or_welfare_validation; causal_capture_validation; model_validation,https://lda.gov/filings/public/filing/83ed86cb-7af4-4bb6-9641-a3979afd3c4b/print/; https://lda.gov/api/v1/filings/83ed86cb-7af4-4bb6-9641-a3979afd3c4b/; https://www.congress.gov/bill/117th-congress/s-bill/3373; https://api.congress.gov/v3/bill/117/s/3373,"LDA disposition/target source-review queue only; deterministic text signals and possible target references are not manual disposition confirmation, sponsor/member targeting evidence, committee-action influence, roll-call influence, legislative-outcome causality, public benefit, welfare, causal capture, or model validation."
374,5cba5e94a195d9a6,low,no,bill_reference_only_no_disposition_or_target_signal,117-s-3522,117-118,International Affairs,C001056,1,1,1,297865fe-1e20-430d-99bc-38b9ebffac45,2022,2nd Quarter (Apr 1 - June 30),"RAZOM, INC.",MYKOLA MURSKYJ,Foreign Relations,S. 3522,exact_bill_text_bill_list_or_title_only,bill_reference_without_disposition_signal,none_detected,none_detected,none_detected,house_senate_and_agency_entities_disclosed,not_detected_in_activity_text,chamber_entity_context_only_no_specific_target_detected,"S. 3522 - Ukraine Democracy Defense Lend-Lease Act of 2022; H.R. 7691 - Additional Ukraine Supplemental Appropriations Act, 2022; H.R. 6930 - Asset Seizure for Ukraine Reconstru...",Keep as bill-reference context unless later target/outcome review needs it.,official_lda_filing_text_bill_identifier; official_lda_activity_text_source_review; deterministic_activity_text_position_signal; disposition_target_review_queue; congressgov_bill_action_metadata_context,manual_disposition_confirmation; sponsor_or_member_target; committee_action_influence; roll_call_influence; legislative_outcome_causality; public_benefit_or_welfare_validation; causal_capture_validation; model_validation,https://lda.gov/filings/public/filing/297865fe-1e20-430d-99bc-38b9ebffac45/print/; https://lda.gov/api/v1/filings/297865fe-1e20-430d-99bc-38b9ebffac45/; https://www.congress.gov/bill/117th-congress/s-bill/3522; https://api.congress.gov/v3/bill/117/s/3522,"LDA disposition/target source-review queue only; deterministic text signals and possible target references are not manual disposition confirmation, sponsor/member targeting evidence, committee-action influence, roll-call influence, legislative-outcome causality, public benefit, welfare, causal capture, or model validation."
375,926138fbf0afba5c,low,no,bill_reference_only_no_disposition_or_target_signal,117-s-3522,117-118,International Affairs,C001056,1,1,1,c5e2750a-db47-4eb1-bb35-09c58b0a0ae1,2022,2nd Quarter (Apr 1 - June 30),"RAZOM, INC.",MYKOLA MURSKYJ,Foreign Relations,S. 3522,exact_bill_text_bill_list_or_title_only,bill_reference_without_disposition_signal,none_detected,none_detected,none_detected,house_senate_and_agency_entities_disclosed,not_detected_in_activity_text,chamber_entity_context_only_no_specific_target_detected,"S. 3522 - Ukraine Democracy Defense Lend-Lease Act of 2022; H.R. 7691 - Additional Ukraine Supplemental Appropriations Act, 2022; H.R. 6930 - Asset Seizure for Ukraine Reconstru...",Keep as bill-reference context unless later target/outcome review needs it.,official_lda_filing_text_bill_identifier; official_lda_activity_text_source_review; deterministic_activity_text_position_signal; disposition_target_review_queue; congressgov_bill_action_metadata_context,manual_disposition_confirmation; sponsor_or_member_target; committee_action_influence; roll_call_influence; legislative_outcome_causality; public_benefit_or_welfare_validation; causal_capture_validation; model_validation,https://lda.gov/filings/public/filing/c5e2750a-db47-4eb1-bb35-09c58b0a0ae1/print/; https://lda.gov/api/v1/filings/c5e2750a-db47-4eb1-bb35-09c58b0a0ae1/; https://www.congress.gov/bill/117th-congress/s-bill/3522; https://api.congress.gov/v3/bill/117/s/3522,"LDA disposition/target source-review queue only; deterministic text signals and possible target references are not manual disposition confirmation, sponsor/member targeting evidence, committee-action influence, roll-call influence, legislative-outcome causality, public benefit, welfare, causal capture, or model validation."
376,0583b3d2db610b7d,low,no,bill_reference_only_no_disposition_or_target_signal,117-s-3522,117-118,International Affairs,C001056,1,1,1,e4c23e8e-ec48-4499-acf3-2b69834f6760,2022,3rd Quarter (July 1 - Sep 30),"RAZOM, INC.",MYKOLA MURSKYJ,Foreign Relations,S. 3522,exact_bill_text_bill_list_or_title_only,bill_reference_without_disposition_signal,none_detected,none_detected,none_detected,house_senate_and_agency_entities_disclosed,not_detected_in_activity_text,chamber_entity_context_only_no_specific_target_detected,"S. 3522 - Ukraine Democracy Defense Lend-Lease Act of 2022; H.R. 7691 - Additional Ukraine Supplemental Appropriations Act, 2022; H.R. 6930 - Asset Seizure for Ukraine Reconstru...",Keep as bill-reference context unless later target/outcome review needs it.,official_lda_filing_text_bill_identifier; official_lda_activity_text_source_review; deterministic_activity_text_position_signal; disposition_target_review_queue; congressgov_bill_action_metadata_context,manual_disposition_confirmation; sponsor_or_member_target; committee_action_influence; roll_call_influence; legislative_outcome_causality; public_benefit_or_welfare_validation; causal_capture_validation; model_validation,https://lda.gov/filings/public/filing/e4c23e8e-ec48-4499-acf3-2b69834f6760/print/; https://lda.gov/api/v1/filings/e4c23e8e-ec48-4499-acf3-2b69834f6760/; https://www.congress.gov/bill/117th-congress/s-bill/3522; https://api.congress.gov/v3/bill/117/s/3522,"LDA disposition/target source-review queue only; deterministic text signals and possible target references are not manual disposition confirmation, sponsor/member targeting evidence, committee-action influence, roll-call influence, legislative-outcome causality, public benefit, welfare, causal capture, or model validation."
377,40b379ab14529784,low,no,bill_reference_only_no_disposition_or_target_signal,117-s-3522,117-118,International Affairs,C001056,1,1,1,c334cfd3-6260-4926-8216-1ae205f99bb3,2022,4th Quarter (Oct 1 - Dec 31),"RAZOM, INC.",MYKOLA MURSKYJ,Foreign Relations,S. 3522,exact_bill_text_bill_list_or_title_only,bill_reference_without_disposition_signal,none_detected,none_detected,none_detected,house_senate_and_agency_entities_disclosed,not_detected_in_activity_text,chamber_entity_context_only_no_specific_target_detected,"S. 3522 - Ukraine Democracy Defense Lend-Lease Act of 2022; H.R. 7691 - Additional Ukraine Supplemental Appropriations Act, 2022; H.R. 6930/S. 3838 - Asset Seizure for Ukraine R...",Keep as bill-reference context unless later target/outcome review needs it.,official_lda_filing_text_bill_identifier; official_lda_activity_text_source_review; deterministic_activity_text_position_signal; disposition_target_review_queue; congressgov_bill_action_metadata_context,manual_disposition_confirmation; sponsor_or_member_target; committee_action_influence; roll_call_influence; legislative_outcome_causality; public_benefit_or_welfare_validation; causal_capture_validation; model_validation,https://lda.gov/filings/public/filing/c334cfd3-6260-4926-8216-1ae205f99bb3/print/; https://lda.gov/api/v1/filings/c334cfd3-6260-4926-8216-1ae205f99bb3/; https://www.congress.gov/bill/117th-congress/s-bill/3522; https://api.congress.gov/v3/bill/117/s/3522,"LDA disposition/target source-review queue only; deterministic text signals and possible target references are not manual disposition confirmation, sponsor/member targeting evidence, committee-action influence, roll-call influence, legislative-outcome causality, public benefit, welfare, causal capture, or model validation."
378,2e287f0586b5e05e,low,no,bill_reference_only_no_disposition_or_target_signal,117-s-3580,117-146,Transportation and Public Works,K000367,1,1,1,de2e87d3-6a00-44ac-97f5-55316f0f04cf,2022,1st Quarter (Jan 1 - Mar 31),"AGRI-MARK, INC","OSCAR POLICY GROUP, LLC",Transportation,S. 3580,exact_bill_text_bill_list_or_title_only,bill_reference_without_disposition_signal,none_detected,none_detected,none_detected,house_and_senate_entities_disclosed,not_detected_in_activity_text,chamber_entity_context_only_no_specific_target_detected,"H.R. 4996, Oceans Shipping Reform Act S. 3580, Oceans Shipping Reform Act",Keep as bill-reference context unless later target/outcome review needs it.,official_lda_filing_text_bill_identifier; official_lda_activity_text_source_review; deterministic_activity_text_position_signal; disposition_target_review_queue; congressgov_bill_action_metadata_context,manual_disposition_confirmation; sponsor_or_member_target; committee_action_influence; roll_call_influence; legislative_outcome_causality; public_benefit_or_welfare_validation; causal_capture_validation; model_validation,https://lda.gov/filings/public/filing/de2e87d3-6a00-44ac-97f5-55316f0f04cf/print/; https://lda.gov/api/v1/filings/de2e87d3-6a00-44ac-97f5-55316f0f04cf/; https://www.congress.gov/bill/117th-congress/s-bill/3580; https://api.congress.gov/v3/bill/117/s/3580,"LDA disposition/target source-review queue only; deterministic text signals and possible target references are not manual disposition confirmation, sponsor/member targeting evidence, committee-action influence, roll-call influence, legislative-outcome causality, public benefit, welfare, causal capture, or model validation."
379,b62a596d6e5c321e,low,no,bill_reference_only_no_disposition_or_target_signal,117-s-3580,117-146,Transportation and Public Works,K000367,1,1,1,697e72a4-857e-4627-ae32-dd449f16906f,2022,1st Quarter (Jan 1 - Mar 31),AMERICAN MARITIME OFFICERS,OTTERSON LLC,Marine/Maritime/Boating/Fisheries,S. 3580,exact_bill_text_bill_list_or_title_only,bill_reference_without_disposition_signal,none_detected,none_detected,none_detected,house_and_senate_entities_disclosed,not_detected_in_activity_text,chamber_entity_context_only_no_specific_target_detected,"H.R. 6865, the Don Young Coast Guard Authorization Act of 2022; H.R. 4996, Ocean Shipping Reform Act; S. 3580, Ocean Shipping Reform Act; Jones Act Waivers; Cargo Preference laws; National Defense Authorization Act (NDAA): Maritime Security Program, Maritime Tanker Security Flee...",Keep as bill-reference context unless later target/outcome review needs it.,official_lda_filing_text_bill_identifier; official_lda_activity_text_source_review; deterministic_activity_text_position_signal; disposition_target_review_queue; congressgov_bill_action_metadata_context,manual_disposition_confirmation; sponsor_or_member_target; committee_action_influence; roll_call_influence; legislative_outcome_causality; public_benefit_or_welfare_validation; causal_capture_validation; model_validation,https://lda.gov/filings/public/filing/697e72a4-857e-4627-ae32-dd449f16906f/print/; https://lda.gov/api/v1/filings/697e72a4-857e-4627-ae32-dd449f16906f/; https://www.congress.gov/bill/117th-congress/s-bill/3580; https://api.congress.gov/v3/bill/117/s/3580,"LDA disposition/target source-review queue only; deterministic text signals and possible target references are not manual disposition confirmation, sponsor/member targeting evidence, committee-action influence, roll-call influence, legislative-outcome causality, public benefit, welfare, causal capture, or model validation."
380,6c7615931acaa330,low,no,bill_reference_only_no_disposition_or_target_signal,117-s-3580,117-146,Transportation and Public Works,K000367,1,1,1,4475d86e-a428-4471-8c13-580c2ee8cb2a,2022,1st Quarter (Jan 1 - Mar 31),AMERICAN MARITIME OFFICERS SERVICE (AMOS),OTTERSON LLC,Marine/Maritime/Boating/Fisheries,S. 3580,exact_bill_text_bill_list_or_title_only,bill_reference_without_disposition_signal,none_detected,none_detected,none_detected,house_and_senate_entities_disclosed,not_detected_in_activity_text,chamber_entity_context_only_no_specific_target_detected,"H.R. 6865, the Don Young Coast Guard Authorization Act of 2022; H.R. 4996, Ocean Shipping Reform Act; S. 3580, Ocean Shipping Reform Act; Jones Act Waivers; Cargo Preference laws; National Defense Authorization Act (NDAA): Maritime Security Program, Maritime Tanker Security Flee...",Keep as bill-reference context unless later target/outcome review needs it.,official_lda_filing_text_bill_identifier; official_lda_activity_text_source_review; deterministic_activity_text_position_signal; disposition_target_review_queue; congressgov_bill_action_metadata_context,manual_disposition_confirmation; sponsor_or_member_target; committee_action_influence; roll_call_influence; legislative_outcome_causality; public_benefit_or_welfare_validation; causal_capture_validation; model_validation,https://lda.gov/filings/public/filing/4475d86e-a428-4471-8c13-580c2ee8cb2a/print/; https://lda.gov/api/v1/filings/4475d86e-a428-4471-8c13-580c2ee8cb2a/; https://www.congress.gov/bill/117th-congress/s-bill/3580; https://api.congress.gov/v3/bill/117/s/3580,"LDA disposition/target source-review queue only; deterministic text signals and possible target references are not manual disposition confirmation, sponsor/member targeting evidence, committee-action influence, roll-call influence, legislative-outcome causality, public benefit, welfare, causal capture, or model validation."
381,9d9a6747ba7d5bc0,low,no,bill_reference_only_no_disposition_or_target_signal,117-s-3580,117-146,Transportation and Public Works,K000367,1,1,1,16365b9f-0cdd-496b-ac84-3954ccdb9200,2022,1st Quarter (Jan 1 - Mar 31),INTERNATIONAL HOUSEWARES ASSOCIATION,THE BRIGHTUP GROUP LLC,Trade (domestic/foreign),S 3580,exact_bill_text_bill_list_or_title_only,bill_reference_without_disposition_signal,none_detected,none_detected,none_detected,house_and_senate_entities_disclosed,not_detected_in_activity_text,chamber_entity_context_only_no_specific_target_detected,".... Implementation of the Synthetics Trafficking and Overdose Prevention (STOP) Act of 2018. Ocean Shipping Reform Act of 2021, HR 4996. Ocean Shipping Reform Act of 2022, S 3580.",Keep as bill-reference context unless later target/outcome review needs it.,official_lda_filing_text_bill_identifier; official_lda_activity_text_source_review; deterministic_activity_text_position_signal; disposition_target_review_queue; congressgov_bill_action_metadata_context,manual_disposition_confirmation; sponsor_or_member_target; committee_action_influence; roll_call_influence; legislative_outcome_causality; public_benefit_or_welfare_validation; causal_capture_validation; model_validation,https://lda.gov/filings/public/filing/16365b9f-0cdd-496b-ac84-3954ccdb9200/print/; https://lda.gov/api/v1/filings/16365b9f-0cdd-496b-ac84-3954ccdb9200/; https://www.congress.gov/bill/117th-congress/s-bill/3580; https://api.congress.gov/v3/bill/117/s/3580,"LDA disposition/target source-review queue only; deterministic text signals and possible target references are not manual disposition confirmation, sponsor/member targeting evidence, committee-action influence, roll-call influence, legislative-outcome causality, public benefit, welfare, causal capture, or model validation."
382,339fa8f2c58772c8,low,no,bill_reference_only_no_disposition_or_target_signal,117-s-3580,117-146,Transportation and Public Works,K000367,1,1,1,c20c27f0-08a8-4c63-a090-203704acdc4e,2022,1st Quarter (Jan 1 - Mar 31),KANSAS FARM BUREAU,KANSAS FARM BUREAU,Agriculture,S. 3580,exact_bill_text_bill_list_or_title_only,bill_reference_without_disposition_signal,none_detected,none_detected,none_detected,house_senate_and_agency_entities_disclosed,not_detected_in_activity_text,chamber_entity_context_only_no_specific_target_detected,"...ncluded in various infrastructure proposals can benefit agriculture by expanding broadband and modernizing surface and inland water way transportation routes. We support S. 3580 and HR 4996, the Ocean Shipping Reform Act. However, various proposals within the budget reconciliation stand to severely damage agriculture with increased taxes. Carbon...",Keep as bill-reference context unless later target/outcome review needs it.,official_lda_filing_text_bill_identifier; official_lda_activity_text_source_review; deterministic_activity_text_position_signal; disposition_target_review_queue; congressgov_bill_action_metadata_context,manual_disposition_confirmation; sponsor_or_member_target; committee_action_influence; roll_call_influence; legislative_outcome_causality; public_benefit_or_welfare_validation; causal_capture_validation; model_validation,https://lda.gov/filings/public/filing/c20c27f0-08a8-4c63-a090-203704acdc4e/print/; https://lda.gov/api/v1/filings/c20c27f0-08a8-4c63-a090-203704acdc4e/; https://www.congress.gov/bill/117th-congress/s-bill/3580; https://api.congress.gov/v3/bill/117/s/3580,"LDA disposition/target source-review queue only; deterministic text signals and possible target references are not manual disposition confirmation, sponsor/member targeting evidence, committee-action influence, roll-call influence, legislative-outcome causality, public benefit, welfare, causal capture, or model validation."
383,d671d13839e3d16d,low,no,bill_reference_only_no_disposition_or_target_signal,117-s-3580,117-146,Transportation and Public Works,K000367,1,1,1,eb1ced82-b0d4-486f-aa03-c3b1ea79ce37,2022,1st Quarter (Jan 1 - Mar 31),MIDWEST DAIRY COALITION,ETKA CONSULTING,Marine/Maritime/Boating/Fisheries,S. 3580,exact_bill_text_bill_list_or_title_only,bill_reference_without_disposition_signal,none_detected,none_detected,none_detected,house_and_senate_entities_disclosed,not_detected_in_activity_text,chamber_entity_context_only_no_specific_target_detected,Ocean Shipping Reform Act (H.R. 4996 and S. 3580),Keep as bill-reference context unless later target/outcome review needs it.,official_lda_filing_text_bill_identifier; official_lda_activity_text_source_review; deterministic_activity_text_position_signal; disposition_target_review_queue; congressgov_bill_action_metadata_context,manual_disposition_confirmation; sponsor_or_member_target; committee_action_influence; roll_call_influence; legislative_outcome_causality; public_benefit_or_welfare_validation; causal_capture_validation; model_validation,https://lda.gov/filings/public/filing/eb1ced82-b0d4-486f-aa03-c3b1ea79ce37/print/; https://lda.gov/api/v1/filings/eb1ced82-b0d4-486f-aa03-c3b1ea79ce37/; https://www.congress.gov/bill/117th-congress/s-bill/3580; https://api.congress.gov/v3/bill/117/s/3580,"LDA disposition/target source-review queue only; deterministic text signals and possible target references are not manual disposition confirmation, sponsor/member targeting evidence, committee-action influence, roll-call influence, legislative-outcome causality, public benefit, welfare, causal capture, or model validation."
384,61df05c663de2c9e,low,no,bill_reference_only_no_disposition_or_target_signal,117-s-3580,117-146,Transportation and Public Works,K000367,1,1,1,728f1556-182e-40dd-92c2-7db9f7d798f6,2022,1st Quarter (Jan 1 - Mar 31),NATIONAL COUNCIL OF FARMER COOPERATIVES,NATIONAL COUNCIL OF FARMER COOPERATIVES,Transportation,S. 3580,exact_bill_text_bill_list_or_title_only,bill_reference_without_disposition_signal,none_detected,none_detected,none_detected,house_senate_and_agency_entities_disclosed,not_detected_in_activity_text,chamber_entity_context_only_no_specific_target_detected,...ovisions relating to agriculture and farmer cooperatives Executive Order promoting competition in the American economy; issues pertaining to transportation H.R. 4996 and S. 3580 Ocean Shipping Reform Act; issues relating to agriculture and farmer cooperatives,Keep as bill-reference context unless later target/outcome review needs it.,official_lda_filing_text_bill_identifier; official_lda_activity_text_source_review; deterministic_activity_text_position_signal; disposition_target_review_queue; congressgov_bill_action_metadata_context,manual_disposition_confirmation; sponsor_or_member_target; committee_action_influence; roll_call_influence; legislative_outcome_causality; public_benefit_or_welfare_validation; causal_capture_validation; model_validation,https://lda.gov/filings/public/filing/728f1556-182e-40dd-92c2-7db9f7d798f6/print/; https://lda.gov/api/v1/filings/728f1556-182e-40dd-92c2-7db9f7d798f6/; https://www.congress.gov/bill/117th-congress/s-bill/3580; https://api.congress.gov/v3/bill/117/s/3580,"LDA disposition/target source-review queue only; deterministic text signals and possible target references are not manual disposition confirmation, sponsor/member targeting evidence, committee-action influence, roll-call influence, legislative-outcome causality, public benefit, welfare, causal capture, or model validation."
385,077ed9ae65dca1c8,low,no,bill_reference_only_no_disposition_or_target_signal,117-s-3580,117-146,Transportation and Public Works,K000367,1,1,1,3557cd47-fb95-40a2-ba2c-c1c8be796d7f,2022,1st Quarter (Jan 1 - Mar 31),NATIONAL MILK PRODUCERS FEDERATION,NATIONAL MILK PRODUCERS FEDERATION,Trucking/Shipping,S. 3580,exact_bill_text_bill_list_or_title_only,bill_reference_without_disposition_signal,none_detected,none_detected,none_detected,house_senate_and_agency_entities_disclosed,not_detected_in_activity_text,chamber_entity_context_only_no_specific_target_detected,"...ng many industries. Supported the Infrastructure Investment and Jobs Act (H.R. 3684) to reauthorize highway programs. Supported the Ocean Shipping Reform Act (H.R. 4996, S. 3580) to reduce congestion and disruption at ports.",Keep as bill-reference context unless later target/outcome review needs it.,official_lda_filing_text_bill_identifier; official_lda_activity_text_source_review; deterministic_activity_text_position_signal; disposition_target_review_queue; congressgov_bill_action_metadata_context,manual_disposition_confirmation; sponsor_or_member_target; committee_action_influence; roll_call_influence; legislative_outcome_causality; public_benefit_or_welfare_validation; causal_capture_validation; model_validation,https://lda.gov/filings/public/filing/3557cd47-fb95-40a2-ba2c-c1c8be796d7f/print/; https://lda.gov/api/v1/filings/3557cd47-fb95-40a2-ba2c-c1c8be796d7f/; https://www.congress.gov/bill/117th-congress/s-bill/3580; https://api.congress.gov/v3/bill/117/s/3580,"LDA disposition/target source-review queue only; deterministic text signals and possible target references are not manual disposition confirmation, sponsor/member targeting evidence, committee-action influence, roll-call influence, legislative-outcome causality, public benefit, welfare, causal capture, or model validation."
386,15b4b788ab1331c0,low,no,bill_reference_only_no_disposition_or_target_signal,117-s-3580,117-146,Transportation and Public Works,K000367,1,1,1,23a5bacc-484f-4af2-a380-2b44daca83bd,2022,1st Quarter (Jan 1 - Mar 31),ROBERTSON MONAGLE & EASTAUGH (FORMERLY HOFFMAN SILVER GILMAN & BLASCO),MR. SEBASTIAN O'KELLY,Transportation,S. 3580,exact_bill_text_bill_list_or_title_only,bill_reference_without_disposition_signal,none_detected,none_detected,none_detected,house_senate_and_agency_entities_disclosed,not_detected_in_activity_text,chamber_entity_context_only_no_specific_target_detected,...islation to alter and reform ocean carrier shipping practices and Federal Maritime Commission oversight of those practices (HR 4996 -- Ocean Shipping Reform Act of 2021; S. 3580 - Ocean Shipping Reform Act of 2022). Tracking of complaints filed at the FMC on ocean carrier practices. Tracking of HR 3114 - the Longshore and Harbor Workers COVID-19...,Keep as bill-reference context unless later target/outcome review needs it.,official_lda_filing_text_bill_identifier; official_lda_activity_text_source_review; deterministic_activity_text_position_signal; disposition_target_review_queue; congressgov_bill_action_metadata_context,manual_disposition_confirmation; sponsor_or_member_target; committee_action_influence; roll_call_influence; legislative_outcome_causality; public_benefit_or_welfare_validation; causal_capture_validation; model_validation,https://lda.gov/filings/public/filing/23a5bacc-484f-4af2-a380-2b44daca83bd/print/; https://lda.gov/api/v1/filings/23a5bacc-484f-4af2-a380-2b44daca83bd/; https://www.congress.gov/bill/117th-congress/s-bill/3580; https://api.congress.gov/v3/bill/117/s/3580,"LDA disposition/target source-review queue only; deterministic text signals and possible target references are not manual disposition confirmation, sponsor/member targeting evidence, committee-action influence, roll-call influence, legislative-outcome causality, public benefit, welfare, causal capture, or model validation."
387,57b6dde921364414,low,no,bill_reference_only_no_disposition_or_target_signal,117-s-3580,117-146,Transportation and Public Works,K000367,1,1,1,53185e65-1e58-45dd-b50c-86372215b1ac,2022,1st Quarter (Jan 1 - Mar 31),"UPSTATE NIAGARA COOPERATIVE, INC.","OSCAR POLICY GROUP, LLC",Transportation,S. 3580,exact_bill_text_bill_list_or_title_only,bill_reference_without_disposition_signal,none_detected,none_detected,none_detected,house_and_senate_entities_disclosed,not_detected_in_activity_text,chamber_entity_context_only_no_specific_target_detected,"H.R. 4996, Oceans Shipping Reform Act S. 3580. Oceans Shipping Reform Act",Keep as bill-reference context unless later target/outcome review needs it.,official_lda_filing_text_bill_identifier; official_lda_activity_text_source_review; deterministic_activity_text_position_signal; disposition_target_review_queue; congressgov_bill_action_metadata_context,manual_disposition_confirmation; sponsor_or_member_target; committee_action_influence; roll_call_influence; legislative_outcome_causality; public_benefit_or_welfare_validation; causal_capture_validation; model_validation,https://lda.gov/filings/public/filing/53185e65-1e58-45dd-b50c-86372215b1ac/print/; https://lda.gov/api/v1/filings/53185e65-1e58-45dd-b50c-86372215b1ac/; https://www.congress.gov/bill/117th-congress/s-bill/3580; https://api.congress.gov/v3/bill/117/s/3580,"LDA disposition/target source-review queue only; deterministic text signals and possible target references are not manual disposition confirmation, sponsor/member targeting evidence, committee-action influence, roll-call influence, legislative-outcome causality, public benefit, welfare, causal capture, or model validation."
388,88ced4b6e9e11445,low,no,bill_reference_only_no_disposition_or_target_signal,117-s-4458,117-174,Armed Forces and National Security,T000464,0,1,1,7f2713a5-11d2-4414-9170-fae8a847e240,2022,2nd Quarter (Apr 1 - June 30),NATIONAL ASSN OF INDEPENDENT COLLEGES & UNIVERSITIES,NATIONAL ASSN OF INDEPENDENT COLLEGES & UNIVERSITIES,Education,S. 4458,exact_bill_text_bill_list_or_title_only,bill_reference_without_disposition_signal,none_detected,none_detected,none_detected,agency_entities_only_disclosed,not_detected_in_activity_text,agency_entity_context_only_no_specific_target_detected,"...Act S. 4344 by WHITEHOUSE (D-RI) Zero-Percent Student Loan Refinancing Act S. 4345 by WHITEHOUSE (D-RI) Simplifying and Strengthening Public Service Loan Forgiveness Act S. 4458 by TESTER (D-MT) To amend title 38, United States Code, to improve the process by which the Secretary of Veterans Affairs determines whether an educational institution m...",Keep as bill-reference context unless later target/outcome review needs it.,official_lda_filing_text_bill_identifier; official_lda_activity_text_source_review; deterministic_activity_text_position_signal; disposition_target_review_queue; congressgov_bill_action_metadata_context,manual_disposition_confirmation; sponsor_or_member_target; committee_action_influence; roll_call_influence; legislative_outcome_causality; public_benefit_or_welfare_validation; causal_capture_validation; model_validation,https://lda.gov/filings/public/filing/7f2713a5-11d2-4414-9170-fae8a847e240/print/; https://lda.gov/api/v1/filings/7f2713a5-11d2-4414-9170-fae8a847e240/; https://www.congress.gov/bill/117th-congress/s-bill/4458; https://api.congress.gov/v3/bill/117/s/4458,"LDA disposition/target source-review queue only; deterministic text signals and possible target references are not manual disposition confirmation, sponsor/member targeting evidence, committee-action influence, roll-call influence, legislative-outcome causality, public benefit, welfare, causal capture, or model validation."
389,26af2cb0cac3a350,low,no,bill_reference_only_no_disposition_or_target_signal,117-s-4458,117-174,Armed Forces and National Security,T000464,0,1,1,838e17aa-000e-4ce7-b7c7-744e9c60f951,2022,2nd Quarter (Apr 1 - June 30),THE UNIVERSITY OF NORTH CAROLINA SYSTEM,THE UNIVERSITY OF NORTH CAROLINA SYSTEM,Veterans,S.4458,exact_bill_text_bill_list_or_title_only,bill_reference_without_disposition_signal,none_detected,none_detected,none_detected,house_senate_and_agency_entities_disclosed,not_detected_in_activity_text,chamber_entity_context_only_no_specific_target_detected,"85/15 issue S.4458, Ensuring the Best Schools for Veterans Act of 2022 (85/15 legislation) HR 8198 and 4458 (House version of 85/15 legislation) S. 3606 Transferring a Post-911 GI Bill edu...",Keep as bill-reference context unless later target/outcome review needs it.,official_lda_filing_text_bill_identifier; official_lda_activity_text_source_review; deterministic_activity_text_position_signal; disposition_target_review_queue; congressgov_bill_action_metadata_context,manual_disposition_confirmation; sponsor_or_member_target; committee_action_influence; roll_call_influence; legislative_outcome_causality; public_benefit_or_welfare_validation; causal_capture_validation; model_validation,https://lda.gov/filings/public/filing/838e17aa-000e-4ce7-b7c7-744e9c60f951/print/; https://lda.gov/api/v1/filings/838e17aa-000e-4ce7-b7c7-744e9c60f951/; https://www.congress.gov/bill/117th-congress/s-bill/4458; https://api.congress.gov/v3/bill/117/s/4458,"LDA disposition/target source-review queue only; deterministic text signals and possible target references are not manual disposition confirmation, sponsor/member targeting evidence, committee-action influence, roll-call influence, legislative-outcome causality, public benefit, welfare, causal capture, or model validation."
390,78adbe27a6368b99,low,no,bill_reference_only_no_disposition_or_target_signal,117-s-4458,117-174,Armed Forces and National Security,T000464,0,1,1,f523aa78-9945-47d3-8032-420f5ea96a74,2022,3rd Quarter (July 1 - Sep 30),DISABLED AMERICAN VETERANS,DISABLED AMERICAN VETERANS,Veterans,S 4458,exact_bill_text_bill_list_or_title_only,bill_reference_without_disposition_signal,none_detected,none_detected,none_detected,house_senate_and_agency_entities_disclosed,not_detected_in_activity_text,chamber_entity_context_only_no_specific_target_detected,"...803, HR 8811, HR 8852, HR 8854, HR 8888, HR 8925, HR 9117, H.Res. 1030, H.Res. 1321, H.Res. 1379, S 1183, S 1564, S 2321, S 3341, S 3368, S 3373, S 3564, S 3606, S 4006, S 4458, S 4485, S 4545, S 4580, S 4601, S 4646, S 4700, S 4721, S 4766, S 4816, S 4829, S 4841, S 4842, S 4871, S 4922, S 5059, S 613, S.Res. 668, S.Res. 750, S.Res 754",Keep as bill-reference context unless later target/outcome review needs it.,official_lda_filing_text_bill_identifier; official_lda_activity_text_source_review; deterministic_activity_text_position_signal; disposition_target_review_queue; congressgov_bill_action_metadata_context,manual_disposition_confirmation; sponsor_or_member_target; committee_action_influence; roll_call_influence; legislative_outcome_causality; public_benefit_or_welfare_validation; causal_capture_validation; model_validation,https://lda.gov/filings/public/filing/f523aa78-9945-47d3-8032-420f5ea96a74/print/; https://lda.gov/api/v1/filings/f523aa78-9945-47d3-8032-420f5ea96a74/; https://www.congress.gov/bill/117th-congress/s-bill/4458; https://api.congress.gov/v3/bill/117/s/4458,"LDA disposition/target source-review queue only; deterministic text signals and possible target references are not manual disposition confirmation, sponsor/member targeting evidence, committee-action influence, roll-call influence, legislative-outcome causality, public benefit, welfare, causal capture, or model validation."
391,7c74ea201c20111e,low,no,bill_reference_only_no_disposition_or_target_signal,117-s-4458,117-174,Armed Forces and National Security,T000464,0,1,1,eecc73b3-3c65-493f-96c9-89b7b288e8d7,2022,3rd Quarter (July 1 - Sep 30),NATIONAL ASSN OF INDEPENDENT COLLEGES & UNIVERSITIES,NATIONAL ASSN OF INDEPENDENT COLLEGES & UNIVERSITIES,Education,S. 4458,exact_bill_text_bill_list_or_title_only,bill_reference_without_disposition_signal,none_detected,none_detected,none_detected,agency_entities_only_disclosed,not_detected_in_activity_text,agency_entity_context_only_no_specific_target_detected,"...Act S. 4344 by WHITEHOUSE (D-RI) Zero-Percent Student Loan Refinancing Act S. 4345 by WHITEHOUSE (D-RI) Simplifying and Strengthening Public Service Loan Forgiveness Act S. 4458 by TESTER (D-MT) To amend title 38, United States Code, to improve the process by which the Secretary of Veterans Affairs determines whether an educational institution m...",Keep as bill-reference context unless later target/outcome review needs it.,official_lda_filing_text_bill_identifier; official_lda_activity_text_source_review; deterministic_activity_text_position_signal; disposition_target_review_queue; congressgov_bill_action_metadata_context,manual_disposition_confirmation; sponsor_or_member_target; committee_action_influence; roll_call_influence; legislative_outcome_causality; public_benefit_or_welfare_validation; causal_capture_validation; model_validation,https://lda.gov/filings/public/filing/eecc73b3-3c65-493f-96c9-89b7b288e8d7/print/; https://lda.gov/api/v1/filings/eecc73b3-3c65-493f-96c9-89b7b288e8d7/; https://www.congress.gov/bill/117th-congress/s-bill/4458; https://api.congress.gov/v3/bill/117/s/4458,"LDA disposition/target source-review queue only; deterministic text signals and possible target references are not manual disposition confirmation, sponsor/member targeting evidence, committee-action influence, roll-call influence, legislative-outcome causality, public benefit, welfare, causal capture, or model validation."
392,c711ff07b7fa1885,low,no,bill_reference_only_no_disposition_or_target_signal,117-s-4458,117-174,Armed Forces and National Security,T000464,0,1,1,2ef317ca-036f-4a23-89ce-80ea2890fe24,2022,3rd Quarter (July 1 - Sep 30),THE TEXAS A&M UNIVERSITY SYSTEM,THE TEXAS A&M UNIVERSITY SYSTEM,Veterans,S. 4458,exact_bill_text_bill_list_or_title_only,bill_reference_without_disposition_signal,none_detected,none_detected,none_detected,house_and_senate_entities_disclosed,not_detected_in_activity_text,chamber_entity_context_only_no_specific_target_detected,Student Veteran Issues H.R. 8198 - Ensuring the Best Schools for Veterans Act of 2022 S. 4458 - Ensuring the Best Schools for Veterans Act of 2022,Keep as bill-reference context unless later target/outcome review needs it.,official_lda_filing_text_bill_identifier; official_lda_activity_text_source_review; deterministic_activity_text_position_signal; disposition_target_review_queue; congressgov_bill_action_metadata_context,manual_disposition_confirmation; sponsor_or_member_target; committee_action_influence; roll_call_influence; legislative_outcome_causality; public_benefit_or_welfare_validation; causal_capture_validation; model_validation,https://lda.gov/filings/public/filing/2ef317ca-036f-4a23-89ce-80ea2890fe24/print/; https://lda.gov/api/v1/filings/2ef317ca-036f-4a23-89ce-80ea2890fe24/; https://www.congress.gov/bill/117th-congress/s-bill/4458; https://api.congress.gov/v3/bill/117/s/4458,"LDA disposition/target source-review queue only; deterministic text signals and possible target references are not manual disposition confirmation, sponsor/member targeting evidence, committee-action influence, roll-call influence, legislative-outcome causality, public benefit, welfare, causal capture, or model validation."
393,6d4c5630f59c3926,low,no,bill_reference_only_no_disposition_or_target_signal,117-s-4458,117-174,Armed Forces and National Security,T000464,0,1,1,c2d5ac69-279d-4b6d-83ba-81b5f05949ef,2022,3rd Quarter (July 1 - Sep 30),UNIVERSITY OF ROCHESTER,UNIVERSITY OF ROCHESTER,Education,S. 4458,exact_bill_text_bill_list_or_title_only,bill_reference_without_disposition_signal,none_detected,none_detected,none_detected,house_and_senate_entities_disclosed,not_detected_in_activity_text,chamber_entity_context_only_no_specific_target_detected,"...Endowment for the Humanities Leadership Education in Neurodevelopmental Disabilities (LEND) program H.R. 851, S. 246 - Future Advancement of Academic Nursing (FAAN) Act S. 4458 - Ensuring the Best Schools for Veterans Act",Keep as bill-reference context unless later target/outcome review needs it.,official_lda_filing_text_bill_identifier; official_lda_activity_text_source_review; deterministic_activity_text_position_signal; disposition_target_review_queue; congressgov_bill_action_metadata_context,manual_disposition_confirmation; sponsor_or_member_target; committee_action_influence; roll_call_influence; legislative_outcome_causality; public_benefit_or_welfare_validation; causal_capture_validation; model_validation,https://lda.gov/filings/public/filing/c2d5ac69-279d-4b6d-83ba-81b5f05949ef/print/; https://lda.gov/api/v1/filings/c2d5ac69-279d-4b6d-83ba-81b5f05949ef/; https://www.congress.gov/bill/117th-congress/s-bill/4458; https://api.congress.gov/v3/bill/117/s/4458,"LDA disposition/target source-review queue only; deterministic text signals and possible target references are not manual disposition confirmation, sponsor/member targeting evidence, committee-action influence, roll-call influence, legislative-outcome causality, public benefit, welfare, causal capture, or model validation."
394,004f8131b3baf60b,low,no,bill_reference_only_no_disposition_or_target_signal,117-s-4458,117-174,Armed Forces and National Security,T000464,0,1,1,8af79715-a33b-45bd-b4f4-d07321bc973c,2022,4th Quarter (Oct 1 - Dec 31),DISABLED AMERICAN VETERANS,DISABLED AMERICAN VETERANS,Veterans,S 4458,exact_bill_text_bill_list_or_title_only,bill_reference_without_disposition_signal,none_detected,none_detected,none_detected,house_senate_and_agency_entities_disclosed,not_detected_in_activity_text,chamber_entity_context_only_no_specific_target_detected,"...803, HR 8811, HR 8852, HR 8854, HR 8888, HR 8925, HR 9117, H.Res. 1030, H.Res. 1321, H.Res. 1379, S 1183, S 1564, S 2321, S 3341, S 3368, S 3373, S 3564, S 3606, S 4006, S 4458, S 4485, S 4545, S 4580, S 4601, S 4646, S 4700, S 4721, S 4766, S 4816, S 4829, S 4841, S 4842, S 4871, S 4922, S 5059, S 613, S.Res. 668, S.Res. 750, S.Res 754",Keep as bill-reference context unless later target/outcome review needs it.,official_lda_filing_text_bill_identifier; official_lda_activity_text_source_review; deterministic_activity_text_position_signal; disposition_target_review_queue; congressgov_bill_action_metadata_context,manual_disposition_confirmation; sponsor_or_member_target; committee_action_influence; roll_call_influence; legislative_outcome_causality; public_benefit_or_welfare_validation; causal_capture_validation; model_validation,https://lda.gov/filings/public/filing/8af79715-a33b-45bd-b4f4-d07321bc973c/print/; https://lda.gov/api/v1/filings/8af79715-a33b-45bd-b4f4-d07321bc973c/; https://www.congress.gov/bill/117th-congress/s-bill/4458; https://api.congress.gov/v3/bill/117/s/4458,"LDA disposition/target source-review queue only; deterministic text signals and possible target references are not manual disposition confirmation, sponsor/member targeting evidence, committee-action influence, roll-call influence, legislative-outcome causality, public benefit, welfare, causal capture, or model validation."
395,91927659637f9b10,low,no,bill_reference_only_no_disposition_or_target_signal,117-s-4458,117-174,Armed Forces and National Security,T000464,0,1,1,d6f9c4be-3ce2-47c3-be63-ca023ad7d816,2022,4th Quarter (Oct 1 - Dec 31),NATIONAL ASSN OF INDEPENDENT COLLEGES & UNIVERSITIES,NATIONAL ASSN OF INDEPENDENT COLLEGES & UNIVERSITIES,Education,S. 4458,exact_bill_text_bill_list_or_title_only,bill_reference_without_disposition_signal,none_detected,none_detected,none_detected,agency_entities_only_disclosed,not_detected_in_activity_text,agency_entity_context_only_no_specific_target_detected,"...Act S. 4344 by WHITEHOUSE (D-RI) Zero-Percent Student Loan Refinancing Act S. 4345 by WHITEHOUSE (D-RI) Simplifying and Strengthening Public Service Loan Forgiveness Act S. 4458 by TESTER (D-MT) To amend title 38, United States Code, to improve the process by which the Secretary of Veterans Affairs determines whether an educational institution m...",Keep as bill-reference context unless later target/outcome review needs it.,official_lda_filing_text_bill_identifier; official_lda_activity_text_source_review; deterministic_activity_text_position_signal; disposition_target_review_queue; congressgov_bill_action_metadata_context,manual_disposition_confirmation; sponsor_or_member_target; committee_action_influence; roll_call_influence; legislative_outcome_causality; public_benefit_or_welfare_validation; causal_capture_validation; model_validation,https://lda.gov/filings/public/filing/d6f9c4be-3ce2-47c3-be63-ca023ad7d816/print/; https://lda.gov/api/v1/filings/d6f9c4be-3ce2-47c3-be63-ca023ad7d816/; https://www.congress.gov/bill/117th-congress/s-bill/4458; https://api.congress.gov/v3/bill/117/s/4458,"LDA disposition/target source-review queue only; deterministic text signals and possible target references are not manual disposition confirmation, sponsor/member targeting evidence, committee-action influence, roll-call influence, legislative-outcome causality, public benefit, welfare, causal capture, or model validation."
396,d030cb393da4e12f,low,no,bill_reference_only_no_disposition_or_target_signal,117-s-4458,117-174,Armed Forces and National Security,T000464,0,1,1,f44fe727-a231-45d6-aede-ffb9bc38f51e,2022,4th Quarter (Oct 1 - Dec 31),UNIVERSITY OF ROCHESTER,UNIVERSITY OF ROCHESTER,Education,S. 4458,exact_bill_text_bill_list_or_title_only,bill_reference_without_disposition_signal,none_detected,none_detected,none_detected,house_and_senate_entities_disclosed,not_detected_in_activity_text,chamber_entity_context_only_no_specific_target_detected,"...Endowment for the Humanities Leadership Education in Neurodevelopmental Disabilities (LEND) program H.R. 851, S. 246 - Future Advancement of Academic Nursing (FAAN) Act S. 4458 - Ensuring the Best Schools for Veterans Act H.R. 5602, S. 3244 - BIO Preparedness Workforce Act",Keep as bill-reference context unless later target/outcome review needs it.,official_lda_filing_text_bill_identifier; official_lda_activity_text_source_review; deterministic_activity_text_position_signal; disposition_target_review_queue; congressgov_bill_action_metadata_context,manual_disposition_confirmation; sponsor_or_member_target; committee_action_influence; roll_call_influence; legislative_outcome_causality; public_benefit_or_welfare_validation; causal_capture_validation; model_validation,https://lda.gov/filings/public/filing/f44fe727-a231-45d6-aede-ffb9bc38f51e/print/; https://lda.gov/api/v1/filings/f44fe727-a231-45d6-aede-ffb9bc38f51e/; https://www.congress.gov/bill/117th-congress/s-bill/4458; https://api.congress.gov/v3/bill/117/s/4458,"LDA disposition/target source-review queue only; deterministic text signals and possible target references are not manual disposition confirmation, sponsor/member targeting evidence, committee-action influence, roll-call influence, legislative-outcome causality, public benefit, welfare, causal capture, or model validation."
397,e5aaa969112fc7fe,low,no,bill_reference_only_no_disposition_or_target_signal,117-s-4900,117-183,Commerce,C000141,0,1,1,a7eefbe4-df51-45f2-a713-78f0532a37ba,2022,3rd Quarter (July 1 - Sep 30),"AMENTUM HOLDINGS, INC",PRASAM,Defense,S. 4900,exact_bill_text_bill_list_or_title_only,bill_reference_without_disposition_signal,none_detected,none_detected,none_detected,house_senate_and_agency_entities_disclosed,not_detected_in_activity_text,chamber_entity_context_only_no_specific_target_detected,"...lation Reduction Act of 2022, House (H.R. 4346) CHIPS Act of 2022, House (H.R. 6833) Continuing Appropriations and Ukraine Supplemental Appropriations Act, 2023, Senate (S. 4900) SBIR-STTR Extension Act of 2022. Specific issue areas: Space technology, Infrastructure, Intelligence Community contracting issues",Keep as bill-reference context unless later target/outcome review needs it.,official_lda_filing_text_bill_identifier; official_lda_activity_text_source_review; deterministic_activity_text_position_signal; disposition_target_review_queue; congressgov_bill_action_metadata_context,manual_disposition_confirmation; sponsor_or_member_target; committee_action_influence; roll_call_influence; legislative_outcome_causality; public_benefit_or_welfare_validation; causal_capture_validation; model_validation,https://lda.gov/filings/public/filing/a7eefbe4-df51-45f2-a713-78f0532a37ba/print/; https://lda.gov/api/v1/filings/a7eefbe4-df51-45f2-a713-78f0532a37ba/; https://www.congress.gov/bill/117th-congress/s-bill/4900; https://api.congress.gov/v3/bill/117/s/4900,"LDA disposition/target source-review queue only; deterministic text signals and possible target references are not manual disposition confirmation, sponsor/member targeting evidence, committee-action influence, roll-call influence, legislative-outcome causality, public benefit, welfare, causal capture, or model validation."
398,4930c9972f34fe28,low,no,bill_reference_only_no_disposition_or_target_signal,117-s-4900,117-183,Commerce,C000141,0,1,1,3c677ca7-9ce3-4622-8471-3846845cd399,2022,3rd Quarter (July 1 - Sep 30),BAE SYSTEMS INC,PRASAM,Defense,S. 4900,exact_bill_text_bill_list_or_title_only,bill_reference_without_disposition_signal,none_detected,none_detected,none_detected,house_senate_and_agency_entities_disclosed,not_detected_in_activity_text,chamber_entity_context_only_no_specific_target_detected,"...lation Reduction Act of 2022, House (H.R. 4346) CHIPS Act of 2022, House (H.R. 6833) Continuing Appropriations and Ukraine Supplemental Appropriations Act, 2023, Senate (S. 4900) SBIR-STTR Extension Act of 2022. Specific Issues: Microelectronics Policy Issues, Aircraft Programs, Armor Programs, Space Technology, Intelligence Programs and Contrac...",Keep as bill-reference context unless later target/outcome review needs it.,official_lda_filing_text_bill_identifier; official_lda_activity_text_source_review; deterministic_activity_text_position_signal; disposition_target_review_queue; congressgov_bill_action_metadata_context,manual_disposition_confirmation; sponsor_or_member_target; committee_action_influence; roll_call_influence; legislative_outcome_causality; public_benefit_or_welfare_validation; causal_capture_validation; model_validation,https://lda.gov/filings/public/filing/3c677ca7-9ce3-4622-8471-3846845cd399/print/; https://lda.gov/api/v1/filings/3c677ca7-9ce3-4622-8471-3846845cd399/; https://www.congress.gov/bill/117th-congress/s-bill/4900; https://api.congress.gov/v3/bill/117/s/4900,"LDA disposition/target source-review queue only; deterministic text signals and possible target references are not manual disposition confirmation, sponsor/member targeting evidence, committee-action influence, roll-call influence, legislative-outcome causality, public benefit, welfare, causal capture, or model validation."
399,1aa1b9c5f2e99fe6,low,no,bill_reference_only_no_disposition_or_target_signal,117-s-4900,117-183,Commerce,C000141,0,1,1,41d9ba72-7cb3-4129-895c-0f7605420c04,2022,3rd Quarter (July 1 - Sep 30),BALL AEROSPACE & TECHNOLOGIES CORPORATION,PRASAM,Defense,S. 4900,exact_bill_text_bill_list_or_title_only,bill_reference_without_disposition_signal,none_detected,none_detected,none_detected,house_senate_and_agency_entities_disclosed,not_detected_in_activity_text,chamber_entity_context_only_no_specific_target_detected,"...lation Reduction Act of 2022, House (H.R. 4346) CHIPS Act of 2022, House (H.R. 6833) Continuing Appropriations and Ukraine Supplemental Appropriations Act, 2023, Senate (S. 4900) SBIR-STTR Extension Act of 2022. Specific Issues: Intelligence and National Security Space Programs",Keep as bill-reference context unless later target/outcome review needs it.,official_lda_filing_text_bill_identifier; official_lda_activity_text_source_review; deterministic_activity_text_position_signal; disposition_target_review_queue; congressgov_bill_action_metadata_context,manual_disposition_confirmation; sponsor_or_member_target; committee_action_influence; roll_call_influence; legislative_outcome_causality; public_benefit_or_welfare_validation; causal_capture_validation; model_validation,https://lda.gov/filings/public/filing/41d9ba72-7cb3-4129-895c-0f7605420c04/print/; https://lda.gov/api/v1/filings/41d9ba72-7cb3-4129-895c-0f7605420c04/; https://www.congress.gov/bill/117th-congress/s-bill/4900; https://api.congress.gov/v3/bill/117/s/4900,"LDA disposition/target source-review queue only; deterministic text signals and possible target references are not manual disposition confirmation, sponsor/member targeting evidence, committee-action influence, roll-call influence, legislative-outcome causality, public benefit, welfare, causal capture, or model validation."
400,140a6ef083934bb9,low,no,bill_reference_only_no_disposition_or_target_signal,117-s-4900,117-183,Commerce,C000141,0,1,1,154c5644-139e-42bb-8b18-a44f8dc783ff,2022,3rd Quarter (July 1 - Sep 30),BETA TECHNOLOGIES,BETA TECHNOLOGIES,Small Business,S. 4900,exact_bill_text_bill_list_or_title_only,bill_reference_without_disposition_signal,none_detected,none_detected,none_detected,house_and_senate_entities_disclosed,not_detected_in_activity_text,chamber_entity_context_only_no_specific_target_detected,S. 4900 - SBIR and STTR Extension Act of 2022 to provide a three year reauthorization of SBIR,Keep as bill-reference context unless later target/outcome review needs it.,official_lda_filing_text_bill_identifier; official_lda_activity_text_source_review; deterministic_activity_text_position_signal; disposition_target_review_queue; congressgov_bill_action_metadata_context,manual_disposition_confirmation; sponsor_or_member_target; committee_action_influence; roll_call_influence; legislative_outcome_causality; public_benefit_or_welfare_validation; causal_capture_validation; model_validation,https://lda.gov/filings/public/filing/154c5644-139e-42bb-8b18-a44f8dc783ff/print/; https://lda.gov/api/v1/filings/154c5644-139e-42bb-8b18-a44f8dc783ff/; https://www.congress.gov/bill/117th-congress/s-bill/4900; https://api.congress.gov/v3/bill/117/s/4900,"LDA disposition/target source-review queue only; deterministic text signals and possible target references are not manual disposition confirmation, sponsor/member targeting evidence, committee-action influence, roll-call influence, legislative-outcome causality, public benefit, welfare, causal capture, or model validation."
401,2183a5f56d229c75,low,no,bill_reference_only_no_disposition_or_target_signal,117-s-4900,117-183,Commerce,C000141,0,1,1,eb0750ee-e603-4741-8087-5bd7e8420e5d,2022,3rd Quarter (July 1 - Sep 30),"CADENCE DESIGN SYSTEMS, INC.",PRASAM,Defense,S. 4900,exact_bill_text_bill_list_or_title_only,bill_reference_without_disposition_signal,none_detected,none_detected,none_detected,house_and_senate_entities_disclosed,not_detected_in_activity_text,chamber_entity_context_only_no_specific_target_detected,"...lation Reduction Act of 2022, House (H.R. 4346) CHIPS Act of 2022, House (H.R. 6833) Continuing Appropriations and Ukraine Supplemental Appropriations Act, 2023, Senate (S. 4900) SBIR-STTR Extension Act of 2022. Specific Issues: Navy Columbia Electronic Modernization",Keep as bill-reference context unless later target/outcome review needs it.,official_lda_filing_text_bill_identifier; official_lda_activity_text_source_review; deterministic_activity_text_position_signal; disposition_target_review_queue; congressgov_bill_action_metadata_context,manual_disposition_confirmation; sponsor_or_member_target; committee_action_influence; roll_call_influence; legislative_outcome_causality; public_benefit_or_welfare_validation; causal_capture_validation; model_validation,https://lda.gov/filings/public/filing/eb0750ee-e603-4741-8087-5bd7e8420e5d/print/; https://lda.gov/api/v1/filings/eb0750ee-e603-4741-8087-5bd7e8420e5d/; https://www.congress.gov/bill/117th-congress/s-bill/4900; https://api.congress.gov/v3/bill/117/s/4900,"LDA disposition/target source-review queue only; deterministic text signals and possible target references are not manual disposition confirmation, sponsor/member targeting evidence, committee-action influence, roll-call influence, legislative-outcome causality, public benefit, welfare, causal capture, or model validation."
402,4d1cd98c81043526,low,no,bill_reference_only_no_disposition_or_target_signal,117-s-4900,117-183,Commerce,C000141,0,1,1,964c2ed0-f907-47e4-872f-4d8402e4bf7c,2022,3rd Quarter (July 1 - Sep 30),CAPELLA SPACE,PRASAM,Defense,S. 4900,exact_bill_text_bill_list_or_title_only,bill_reference_without_disposition_signal,none_detected,none_detected,none_detected,house_senate_and_agency_entities_disclosed,not_detected_in_activity_text,chamber_entity_context_only_no_specific_target_detected,"...lation Reduction Act of 2022, House (H.R. 4346) CHIPS Act of 2022, House (H.R. 6833) Continuing Appropriations and Ukraine Supplemental Appropriations Act, 2023, Senate (S. 4900) SBIR-STTR Extension Act of 2022. Specific Issues: Commercial space programs and policy",Keep as bill-reference context unless later target/outcome review needs it.,official_lda_filing_text_bill_identifier; official_lda_activity_text_source_review; deterministic_activity_text_position_signal; disposition_target_review_queue; congressgov_bill_action_metadata_context,manual_disposition_confirmation; sponsor_or_member_target; committee_action_influence; roll_call_influence; legislative_outcome_causality; public_benefit_or_welfare_validation; causal_capture_validation; model_validation,https://lda.gov/filings/public/filing/964c2ed0-f907-47e4-872f-4d8402e4bf7c/print/; https://lda.gov/api/v1/filings/964c2ed0-f907-47e4-872f-4d8402e4bf7c/; https://www.congress.gov/bill/117th-congress/s-bill/4900; https://api.congress.gov/v3/bill/117/s/4900,"LDA disposition/target source-review queue only; deterministic text signals and possible target references are not manual disposition confirmation, sponsor/member targeting evidence, committee-action influence, roll-call influence, legislative-outcome causality, public benefit, welfare, causal capture, or model validation."
403,23ef601289c215d0,low,no,bill_reference_only_no_disposition_or_target_signal,117-s-4900,117-183,Commerce,C000141,0,1,1,edd4963f-52cf-4473-8520-c6be21077057,2022,3rd Quarter (July 1 - Sep 30),CONCURRENT TECHNOLOGIES CORPORATION,PRASAM,Defense,S. 4900,exact_bill_text_bill_list_or_title_only,bill_reference_without_disposition_signal,none_detected,none_detected,none_detected,house_and_senate_entities_disclosed,not_detected_in_activity_text,chamber_entity_context_only_no_specific_target_detected,"...lation Reduction Act of 2022, House (H.R. 4346) CHIPS Act of 2022, House (H.R. 6833) Continuing Appropriations and Ukraine Supplemental Appropriations Act, 2023, Senate (S. 4900) SBIR-STTR Extension Act of 2022. Specific Issues: Radar Technology, Nuclear Reactor Manufacturing, Ship Metallurgy, Expeditionary R&D, Propulsion R&D, Cyber Security, M...",Keep as bill-reference context unless later target/outcome review needs it.,official_lda_filing_text_bill_identifier; official_lda_activity_text_source_review; deterministic_activity_text_position_signal; disposition_target_review_queue; congressgov_bill_action_metadata_context,manual_disposition_confirmation; sponsor_or_member_target; committee_action_influence; roll_call_influence; legislative_outcome_causality; public_benefit_or_welfare_validation; causal_capture_validation; model_validation,https://lda.gov/filings/public/filing/edd4963f-52cf-4473-8520-c6be21077057/print/; https://lda.gov/api/v1/filings/edd4963f-52cf-4473-8520-c6be21077057/; https://www.congress.gov/bill/117th-congress/s-bill/4900; https://api.congress.gov/v3/bill/117/s/4900,"LDA disposition/target source-review queue only; deterministic text signals and possible target references are not manual disposition confirmation, sponsor/member targeting evidence, committee-action influence, roll-call influence, legislative-outcome causality, public benefit, welfare, causal capture, or model validation."
404,48ea7a795e65e9d0,low,no,bill_reference_only_no_disposition_or_target_signal,117-s-4900,117-183,Commerce,C000141,0,1,1,ed57c005-b3c4-427f-9dc1-f55ab006ef6a,2022,3rd Quarter (July 1 - Sep 30),"DYNAMIC AVIATION GROUP, INC.",PRASAM,Defense,S. 4900,exact_bill_text_bill_list_or_title_only,bill_reference_without_disposition_signal,none_detected,none_detected,none_detected,house_and_senate_entities_disclosed,not_detected_in_activity_text,chamber_entity_context_only_no_specific_target_detected,"...lation Reduction Act of 2022, House (H.R. 4346) CHIPS Act of 2022, House (H.R. 6833) Continuing Appropriations and Ukraine Supplemental Appropriations Act, 2023, Senate (S. 4900) SBIR-STTR Extension Act of 2022. Specific Issues: Army, Climate Change, Sensor Data and Processing",Keep as bill-reference context unless later target/outcome review needs it.,official_lda_filing_text_bill_identifier; official_lda_activity_text_source_review; deterministic_activity_text_position_signal; disposition_target_review_queue; congressgov_bill_action_metadata_context,manual_disposition_confirmation; sponsor_or_member_target; committee_action_influence; roll_call_influence; legislative_outcome_causality; public_benefit_or_welfare_validation; causal_capture_validation; model_validation,https://lda.gov/filings/public/filing/ed57c005-b3c4-427f-9dc1-f55ab006ef6a/print/; https://lda.gov/api/v1/filings/ed57c005-b3c4-427f-9dc1-f55ab006ef6a/; https://www.congress.gov/bill/117th-congress/s-bill/4900; https://api.congress.gov/v3/bill/117/s/4900,"LDA disposition/target source-review queue only; deterministic text signals and possible target references are not manual disposition confirmation, sponsor/member targeting evidence, committee-action influence, roll-call influence, legislative-outcome causality, public benefit, welfare, causal capture, or model validation."
405,21aa03830d10b103,low,no,bill_reference_only_no_disposition_or_target_signal,117-s-4900,117-183,Commerce,C000141,0,1,1,32822a8a-d87f-44cf-8dd2-a3bf6700aa15,2022,3rd Quarter (July 1 - Sep 30),GENERAL DYNAMICS,PRASAM,Defense,S. 4900,exact_bill_text_bill_list_or_title_only,bill_reference_without_disposition_signal,none_detected,none_detected,none_detected,house_senate_and_agency_entities_disclosed,not_detected_in_activity_text,chamber_entity_context_only_no_specific_target_detected,"...lation Reduction Act of 2022, House (H.R. 4346) CHIPS Act of 2022, House (H.R. 6833) Continuing Appropriations and Ukraine Supplemental Appropriations Act, 2023, Senate (S. 4900) SBIR-STTR Extension Act of 2022. Specific Issues: Army Communications, Intelligence & National Security Space Programs, Shipbuilding, Airborne ISR programs",Keep as bill-reference context unless later target/outcome review needs it.,official_lda_filing_text_bill_identifier; official_lda_activity_text_source_review; deterministic_activity_text_position_signal; disposition_target_review_queue; congressgov_bill_action_metadata_context,manual_disposition_confirmation; sponsor_or_member_target; committee_action_influence; roll_call_influence; legislative_outcome_causality; public_benefit_or_welfare_validation; causal_capture_validation; model_validation,https://lda.gov/filings/public/filing/32822a8a-d87f-44cf-8dd2-a3bf6700aa15/print/; https://lda.gov/api/v1/filings/32822a8a-d87f-44cf-8dd2-a3bf6700aa15/; https://www.congress.gov/bill/117th-congress/s-bill/4900; https://api.congress.gov/v3/bill/117/s/4900,"LDA disposition/target source-review queue only; deterministic text signals and possible target references are not manual disposition confirmation, sponsor/member targeting evidence, committee-action influence, roll-call influence, legislative-outcome causality, public benefit, welfare, causal capture, or model validation."
406,2eafc1ddc11289ae,low,no,bill_reference_only_no_disposition_or_target_signal,117-s-4900,117-183,Commerce,C000141,0,1,1,d69c1c7c-9dfd-4d89-95cd-7a156c905b2a,2022,3rd Quarter (July 1 - Sep 30),GTS,PRASAM,Defense,S. 4900,exact_bill_text_bill_list_or_title_only,bill_reference_without_disposition_signal,none_detected,none_detected,none_detected,house_and_senate_entities_disclosed,not_detected_in_activity_text,chamber_entity_context_only_no_specific_target_detected,"...lation Reduction Act of 2022, House (H.R. 4346) CHIPS Act of 2022, House (H.R. 6833) Continuing Appropriations and Ukraine Supplemental Appropriations Act, 2023, Senate (S. 4900) SBIR-STTR Extension Act of 2022. Specific issues: secure computing systems, munitions, 5G technologies, high power sources, Space R&D, Army and Navy R&D",Keep as bill-reference context unless later target/outcome review needs it.,official_lda_filing_text_bill_identifier; official_lda_activity_text_source_review; deterministic_activity_text_position_signal; disposition_target_review_queue; congressgov_bill_action_metadata_context,manual_disposition_confirmation; sponsor_or_member_target; committee_action_influence; roll_call_influence; legislative_outcome_causality; public_benefit_or_welfare_validation; causal_capture_validation; model_validation,https://lda.gov/filings/public/filing/d69c1c7c-9dfd-4d89-95cd-7a156c905b2a/print/; https://lda.gov/api/v1/filings/d69c1c7c-9dfd-4d89-95cd-7a156c905b2a/; https://www.congress.gov/bill/117th-congress/s-bill/4900; https://api.congress.gov/v3/bill/117/s/4900,"LDA disposition/target source-review queue only; deterministic text signals and possible target references are not manual disposition confirmation, sponsor/member targeting evidence, committee-action influence, roll-call influence, legislative-outcome causality, public benefit, welfare, causal capture, or model validation."
407,8f32c53adf98de5c,low,no,bill_reference_only_no_disposition_or_target_signal,117-s-4900,117-183,Commerce,C000141,0,1,1,273dcd6f-83c6-4a97-9d5d-b4af48f0f60c,2022,3rd Quarter (July 1 - Sep 30),HAWKEYE 360,PRASAM,Defense,S. 4900,exact_bill_text_bill_list_or_title_only,bill_reference_without_disposition_signal,none_detected,none_detected,none_detected,house_senate_and_agency_entities_disclosed,not_detected_in_activity_text,chamber_entity_context_only_no_specific_target_detected,"...lation Reduction Act of 2022, House (H.R. 4346) CHIPS Act of 2022, House (H.R. 6833) Continuing Appropriations and Ukraine Supplemental Appropriations Act, 2023, Senate (S. 4900) SBIR-STTR Extension Act of 2022. Specific Issues: Commercial Space Programs and Policy",Keep as bill-reference context unless later target/outcome review needs it.,official_lda_filing_text_bill_identifier; official_lda_activity_text_source_review; deterministic_activity_text_position_signal; disposition_target_review_queue; congressgov_bill_action_metadata_context,manual_disposition_confirmation; sponsor_or_member_target; committee_action_influence; roll_call_influence; legislative_outcome_causality; public_benefit_or_welfare_validation; causal_capture_validation; model_validation,https://lda.gov/filings/public/filing/273dcd6f-83c6-4a97-9d5d-b4af48f0f60c/print/; https://lda.gov/api/v1/filings/273dcd6f-83c6-4a97-9d5d-b4af48f0f60c/; https://www.congress.gov/bill/117th-congress/s-bill/4900; https://api.congress.gov/v3/bill/117/s/4900,"LDA disposition/target source-review queue only; deterministic text signals and possible target references are not manual disposition confirmation, sponsor/member targeting evidence, committee-action influence, roll-call influence, legislative-outcome causality, public benefit, welfare, causal capture, or model validation."
408,de3821f55bc1f505,low,no,bill_reference_only_no_disposition_or_target_signal,117-s-4900,117-183,Commerce,C000141,0,1,1,d88b3353-2394-4083-a5c8-c41ba16fbb99,2022,3rd Quarter (July 1 - Sep 30),KAREM AIRCRAFT,PRASAM,Defense,S. 4900,exact_bill_text_bill_list_or_title_only,bill_reference_without_disposition_signal,none_detected,none_detected,none_detected,house_and_senate_entities_disclosed,not_detected_in_activity_text,chamber_entity_context_only_no_specific_target_detected,"...lation Reduction Act of 2022, House (H.R. 4346) CHIPS Act of 2022, House (H.R. 6833) Continuing Appropriations and Ukraine Supplemental Appropriations Act, 2023, Senate (S. 4900) SBIR-STTR Extension Act of 2022. Specific issues: Aircraft R&D",Keep as bill-reference context unless later target/outcome review needs it.,official_lda_filing_text_bill_identifier; official_lda_activity_text_source_review; deterministic_activity_text_position_signal; disposition_target_review_queue; congressgov_bill_action_metadata_context,manual_disposition_confirmation; sponsor_or_member_target; committee_action_influence; roll_call_influence; legislative_outcome_causality; public_benefit_or_welfare_validation; causal_capture_validation; model_validation,https://lda.gov/filings/public/filing/d88b3353-2394-4083-a5c8-c41ba16fbb99/print/; https://lda.gov/api/v1/filings/d88b3353-2394-4083-a5c8-c41ba16fbb99/; https://www.congress.gov/bill/117th-congress/s-bill/4900; https://api.congress.gov/v3/bill/117/s/4900,"LDA disposition/target source-review queue only; deterministic text signals and possible target references are not manual disposition confirmation, sponsor/member targeting evidence, committee-action influence, roll-call influence, legislative-outcome causality, public benefit, welfare, causal capture, or model validation."
409,9d53418a11fb4d32,low,no,bill_reference_only_no_disposition_or_target_signal,117-s-4900,117-183,Commerce,C000141,0,1,1,1ec9355d-7641-4b3b-b354-3474109a484b,2022,3rd Quarter (July 1 - Sep 30),L3HARRIS TECHNOLOGIES INC,PRASAM,Defense,S. 4900,exact_bill_text_bill_list_or_title_only,bill_reference_without_disposition_signal,none_detected,none_detected,none_detected,house_senate_and_agency_entities_disclosed,not_detected_in_activity_text,chamber_entity_context_only_no_specific_target_detected,"...lation Reduction Act of 2022, House (H.R. 4346) CHIPS Act of 2022, House (H.R. 6833) Continuing Appropriations and Ukraine Supplemental Appropriations Act, 2023, Senate (S. 4900) SBIR-STTR Extension Act of 2022. Specific Issues: Sensors, Airborne ISR Programs, National Security Space Programs",Keep as bill-reference context unless later target/outcome review needs it.,official_lda_filing_text_bill_identifier; official_lda_activity_text_source_review; deterministic_activity_text_position_signal; disposition_target_review_queue; congressgov_bill_action_metadata_context,manual_disposition_confirmation; sponsor_or_member_target; committee_action_influence; roll_call_influence; legislative_outcome_causality; public_benefit_or_welfare_validation; causal_capture_validation; model_validation,https://lda.gov/filings/public/filing/1ec9355d-7641-4b3b-b354-3474109a484b/print/; https://lda.gov/api/v1/filings/1ec9355d-7641-4b3b-b354-3474109a484b/; https://www.congress.gov/bill/117th-congress/s-bill/4900; https://api.congress.gov/v3/bill/117/s/4900,"LDA disposition/target source-review queue only; deterministic text signals and possible target references are not manual disposition confirmation, sponsor/member targeting evidence, committee-action influence, roll-call influence, legislative-outcome causality, public benefit, welfare, causal capture, or model validation."
410,c07e0da34c9bc122,low,no,bill_reference_only_no_disposition_or_target_signal,117-s-4900,117-183,Commerce,C000141,0,1,1,03514b42-2997-4a8a-a229-30b67d41a0ea,2022,3rd Quarter (July 1 - Sep 30),LEONARDO ELECTRONICS US INC.,PRASAM,Defense,S. 4900,exact_bill_text_bill_list_or_title_only,bill_reference_without_disposition_signal,none_detected,none_detected,none_detected,house_and_senate_entities_disclosed,not_detected_in_activity_text,chamber_entity_context_only_no_specific_target_detected,"...lation Reduction Act of 2022, House (H.R. 4346) CHIPS Act of 2022, House (H.R. 6833) Continuing Appropriations and Ukraine Supplemental Appropriations Act, 2023, Senate (S. 4900) SBIR-STTR Extension Act of 2022. Specific Issues: Diode Pumped Alkali Laser (DPAL) System, National Guard and Reserve Equipment",Keep as bill-reference context unless later target/outcome review needs it.,official_lda_filing_text_bill_identifier; official_lda_activity_text_source_review; deterministic_activity_text_position_signal; disposition_target_review_queue; congressgov_bill_action_metadata_context,manual_disposition_confirmation; sponsor_or_member_target; committee_action_influence; roll_call_influence; legislative_outcome_causality; public_benefit_or_welfare_validation; causal_capture_validation; model_validation,https://lda.gov/filings/public/filing/03514b42-2997-4a8a-a229-30b67d41a0ea/print/; https://lda.gov/api/v1/filings/03514b42-2997-4a8a-a229-30b67d41a0ea/; https://www.congress.gov/bill/117th-congress/s-bill/4900; https://api.congress.gov/v3/bill/117/s/4900,"LDA disposition/target source-review queue only; deterministic text signals and possible target references are not manual disposition confirmation, sponsor/member targeting evidence, committee-action influence, roll-call influence, legislative-outcome causality, public benefit, welfare, causal capture, or model validation."
411,c70f88ebabbc86fa,low,no,bill_reference_only_no_disposition_or_target_signal,117-s-4900,117-183,Commerce,C000141,0,1,1,d8527590-88fb-46b9-a65c-a1cdc26ed6a9,2022,3rd Quarter (July 1 - Sep 30),SAS INSTITUTE,PRASAM,Defense,S. 4900,exact_bill_text_bill_list_or_title_only,bill_reference_without_disposition_signal,none_detected,none_detected,none_detected,house_and_senate_entities_disclosed,not_detected_in_activity_text,chamber_entity_context_only_no_specific_target_detected,"...lation Reduction Act of 2022, House (H.R. 4346) CHIPS Act of 2022, House (H.R. 6833) Continuing Appropriations and Ukraine Supplemental Appropriations Act, 2023, Senate (S. 4900) SBIR-STTR Extension Act of 2022. Specific Issues: Space Force/Air Force, Data Analytics, Cross-Domain Solutions",Keep as bill-reference context unless later target/outcome review needs it.,official_lda_filing_text_bill_identifier; official_lda_activity_text_source_review; deterministic_activity_text_position_signal; disposition_target_review_queue; congressgov_bill_action_metadata_context,manual_disposition_confirmation; sponsor_or_member_target; committee_action_influence; roll_call_influence; legislative_outcome_causality; public_benefit_or_welfare_validation; causal_capture_validation; model_validation,https://lda.gov/filings/public/filing/d8527590-88fb-46b9-a65c-a1cdc26ed6a9/print/; https://lda.gov/api/v1/filings/d8527590-88fb-46b9-a65c-a1cdc26ed6a9/; https://www.congress.gov/bill/117th-congress/s-bill/4900; https://api.congress.gov/v3/bill/117/s/4900,"LDA disposition/target source-review queue only; deterministic text signals and possible target references are not manual disposition confirmation, sponsor/member targeting evidence, committee-action influence, roll-call influence, legislative-outcome causality, public benefit, welfare, causal capture, or model validation."
412,1d13621ac41e139c,low,no,bill_reference_only_no_disposition_or_target_signal,117-s-4900,117-183,Commerce,C000141,0,1,1,8c57d1d2-06f8-4684-8f2d-b4799507956a,2022,3rd Quarter (July 1 - Sep 30),"SOFTWARFARE, LLC",PRASAM,Defense,S. 4900,exact_bill_text_bill_list_or_title_only,bill_reference_without_disposition_signal,none_detected,none_detected,none_detected,house_and_senate_entities_disclosed,not_detected_in_activity_text,chamber_entity_context_only_no_specific_target_detected,"...lation Reduction Act of 2022, House (H.R. 4346) CHIPS Act of 2022, House (H.R. 6833) Continuing Appropriations and Ukraine Supplemental Appropriations Act, 2023, Senate (S. 4900) SBIR-STTR Extension Act of 2022. Specific issues: Biometrics",Keep as bill-reference context unless later target/outcome review needs it.,official_lda_filing_text_bill_identifier; official_lda_activity_text_source_review; deterministic_activity_text_position_signal; disposition_target_review_queue; congressgov_bill_action_metadata_context,manual_disposition_confirmation; sponsor_or_member_target; committee_action_influence; roll_call_influence; legislative_outcome_causality; public_benefit_or_welfare_validation; causal_capture_validation; model_validation,https://lda.gov/filings/public/filing/8c57d1d2-06f8-4684-8f2d-b4799507956a/print/; https://lda.gov/api/v1/filings/8c57d1d2-06f8-4684-8f2d-b4799507956a/; https://www.congress.gov/bill/117th-congress/s-bill/4900; https://api.congress.gov/v3/bill/117/s/4900,"LDA disposition/target source-review queue only; deterministic text signals and possible target references are not manual disposition confirmation, sponsor/member targeting evidence, committee-action influence, roll-call influence, legislative-outcome causality, public benefit, welfare, causal capture, or model validation."
413,cf3d5df7940d28ce,low,no,bill_reference_only_no_disposition_or_target_signal,117-s-4900,117-183,Commerce,C000141,0,1,1,3d2fdf3a-b8eb-47cf-89f9-31b95b27ded9,2022,3rd Quarter (July 1 - Sep 30),UNIVERSITY OF LOUISVILLE,UNIVERSITY OF LOUISVILLE,Education,S. 4900,exact_bill_text_bill_list_or_title_only,bill_reference_without_disposition_signal,none_detected,none_detected,none_detected,house_and_senate_entities_disclosed,not_detected_in_activity_text,chamber_entity_context_only_no_specific_target_detected,"...novation and technology transfer provisions; Department of Education's Notice of Proposed Rulemaking for Certification Procedures; The SBIR & STTR Extension Act of 2022 (S. 4900); Patent Trial and Appeal Board Reform Act of 2022 (S. 4417); Honoring our PACT Act of 2022 (H.R. 3967); the Vieques Recovery and Redevelopment Act (S. 405, H.R. 1317)....",Keep as bill-reference context unless later target/outcome review needs it.,official_lda_filing_text_bill_identifier; official_lda_activity_text_source_review; deterministic_activity_text_position_signal; disposition_target_review_queue; congressgov_bill_action_metadata_context,manual_disposition_confirmation; sponsor_or_member_target; committee_action_influence; roll_call_influence; legislative_outcome_causality; public_benefit_or_welfare_validation; causal_capture_validation; model_validation,https://lda.gov/filings/public/filing/3d2fdf3a-b8eb-47cf-89f9-31b95b27ded9/print/; https://lda.gov/api/v1/filings/3d2fdf3a-b8eb-47cf-89f9-31b95b27ded9/; https://www.congress.gov/bill/117th-congress/s-bill/4900; https://api.congress.gov/v3/bill/117/s/4900,"LDA disposition/target source-review queue only; deterministic text signals and possible target references are not manual disposition confirmation, sponsor/member targeting evidence, committee-action influence, roll-call influence, legislative-outcome causality, public benefit, welfare, causal capture, or model validation."
414,c7c6139270da0de8,low,no,bill_reference_only_no_disposition_or_target_signal,117-s-4900,117-183,Commerce,C000141,0,1,1,ad706a38-f527-45c6-b9bb-227b527074dd,2022,3rd Quarter (July 1 - Sep 30),UNIVERSITY OF WISCONSIN-MADISON,UNIVERSITY OF WISCONSIN-MADISON,Small Business,S. 4900,exact_bill_text_bill_list_or_title_only,bill_reference_without_disposition_signal,none_detected,none_detected,none_detected,house_and_senate_entities_disclosed,not_detected_in_activity_text,chamber_entity_context_only_no_specific_target_detected,"S. 4900, Small Business Innovation Research (SBIR) and Small Business Technology Transfer (STTR) Extension Act of 2022",Keep as bill-reference context unless later target/outcome review needs it.,official_lda_filing_text_bill_identifier; official_lda_activity_text_source_review; deterministic_activity_text_position_signal; disposition_target_review_queue; congressgov_bill_action_metadata_context,manual_disposition_confirmation; sponsor_or_member_target; committee_action_influence; roll_call_influence; legislative_outcome_causality; public_benefit_or_welfare_validation; causal_capture_validation; model_validation,https://lda.gov/filings/public/filing/ad706a38-f527-45c6-b9bb-227b527074dd/print/; https://lda.gov/api/v1/filings/ad706a38-f527-45c6-b9bb-227b527074dd/; https://www.congress.gov/bill/117th-congress/s-bill/4900; https://api.congress.gov/v3/bill/117/s/4900,"LDA disposition/target source-review queue only; deterministic text signals and possible target references are not manual disposition confirmation, sponsor/member targeting evidence, committee-action influence, roll-call influence, legislative-outcome causality, public benefit, welfare, causal capture, or model validation."
415,27b2b4e1e7f393fe,low,no,bill_reference_only_no_disposition_or_target_signal,117-s-4900,117-183,Commerce,C000141,0,1,1,535e5c65-3453-4e15-b856-235b1f88ac4f,2022,3rd Quarter (July 1 - Sep 30),VANTOR HOLDINGS,PRASAM,Defense,S. 4900,exact_bill_text_bill_list_or_title_only,bill_reference_without_disposition_signal,none_detected,none_detected,none_detected,house_senate_and_agency_entities_disclosed,not_detected_in_activity_text,chamber_entity_context_only_no_specific_target_detected,"...lation Reduction Act of 2022, House (H.R. 4346) CHIPS Act of 2022, House (H.R. 6833) Continuing Appropriations and Ukraine Supplemental Appropriations Act, 2023, Senate (S. 4900) SBIR-STTR Extension Act of 2022. Specific Issues: National Security and Commercial Space",Keep as bill-reference context unless later target/outcome review needs it.,official_lda_filing_text_bill_identifier; official_lda_activity_text_source_review; deterministic_activity_text_position_signal; disposition_target_review_queue; congressgov_bill_action_metadata_context,manual_disposition_confirmation; sponsor_or_member_target; committee_action_influence; roll_call_influence; legislative_outcome_causality; public_benefit_or_welfare_validation; causal_capture_validation; model_validation,https://lda.gov/filings/public/filing/535e5c65-3453-4e15-b856-235b1f88ac4f/print/; https://lda.gov/api/v1/filings/535e5c65-3453-4e15-b856-235b1f88ac4f/; https://www.congress.gov/bill/117th-congress/s-bill/4900; https://api.congress.gov/v3/bill/117/s/4900,"LDA disposition/target source-review queue only; deterministic text signals and possible target references are not manual disposition confirmation, sponsor/member targeting evidence, committee-action influence, roll-call influence, legislative-outcome causality, public benefit, welfare, causal capture, or model validation."
416,f826ded567143f82,low,no,bill_reference_only_no_disposition_or_target_signal,117-s-516,117-203,Transportation and Public Works,M000934,1,1,1,ec12f502-1da4-4ec3-b2f9-c387c3ae608f,2021,1st Quarter (Jan 1 - Mar 31),AIRPORTS COUNCIL INTERNATIONAL -- NORTH AMERICA,AIRPORTS COUNCIL INTERNATIONAL -- NORTH AMERICA,Aviation/Airlines/Airports,S. 516,exact_bill_text_bill_list_or_title_only,bill_reference_without_disposition_signal,none_detected,none_detected,none_detected,house_senate_and_agency_entities_disclosed,not_detected_in_activity_text,chamber_entity_context_only_no_specific_target_detected,...Fuel (HR741) UAS/Counter-UAS Transportation-HUD Appropriations Homeland Security Appropriations The Advanced Air Mobility and Leadership Coordination Act (H.R. 1339 and S. 516),Keep as bill-reference context unless later target/outcome review needs it.,official_lda_filing_text_bill_identifier; official_lda_activity_text_source_review; deterministic_activity_text_position_signal; disposition_target_review_queue; congressgov_bill_action_metadata_context,manual_disposition_confirmation; sponsor_or_member_target; committee_action_influence; roll_call_influence; legislative_outcome_causality; public_benefit_or_welfare_validation; causal_capture_validation; model_validation,https://lda.gov/filings/public/filing/ec12f502-1da4-4ec3-b2f9-c387c3ae608f/print/; https://lda.gov/api/v1/filings/ec12f502-1da4-4ec3-b2f9-c387c3ae608f/; https://www.congress.gov/bill/117th-congress/s-bill/516; https://api.congress.gov/v3/bill/117/s/516,"LDA disposition/target source-review queue only; deterministic text signals and possible target references are not manual disposition confirmation, sponsor/member targeting evidence, committee-action influence, roll-call influence, legislative-outcome causality, public benefit, welfare, causal capture, or model validation."
417,10cda9137d1af22c,low,no,bill_reference_only_no_disposition_or_target_signal,117-s-516,117-203,Transportation and Public Works,M000934,1,1,1,62a3fd27-faec-4b0e-bbf4-aac4c8a8078b,2021,1st Quarter (Jan 1 - Mar 31),AMERICAN ASSOCIATION OF AIRPORT EXECUTIVES,AMERICAN ASSOCIATION OF AIRPORT EXECUTIVES,Aviation/Airlines/Airports,S. 516,exact_bill_text_bill_list_or_title_only,bill_reference_without_disposition_signal,none_detected,none_detected,none_detected,house_senate_and_agency_entities_disclosed,not_detected_in_activity_text,chamber_entity_context_only_no_specific_target_detected,"...d for ATC Contract Towers Act H.R. 884, National Aviation Preparedness Plan Act S. 479, LOCAL Infrastructure Act H.R. 740, Sustainable Aviation Fuel Act S. 231, PFAS Act S. 516, Advanced Air Mobility Coordination and Leadership Act S. 82, Ensuring Health Safety in the Skies Act of 2021 S. Res. 96, Women in Aviation Workforce Week Airport Improv...",Keep as bill-reference context unless later target/outcome review needs it.,official_lda_filing_text_bill_identifier; official_lda_activity_text_source_review; deterministic_activity_text_position_signal; disposition_target_review_queue; congressgov_bill_action_metadata_context,manual_disposition_confirmation; sponsor_or_member_target; committee_action_influence; roll_call_influence; legislative_outcome_causality; public_benefit_or_welfare_validation; causal_capture_validation; model_validation,https://lda.gov/filings/public/filing/62a3fd27-faec-4b0e-bbf4-aac4c8a8078b/print/; https://lda.gov/api/v1/filings/62a3fd27-faec-4b0e-bbf4-aac4c8a8078b/; https://www.congress.gov/bill/117th-congress/s-bill/516; https://api.congress.gov/v3/bill/117/s/516,"LDA disposition/target source-review queue only; deterministic text signals and possible target references are not manual disposition confirmation, sponsor/member targeting evidence, committee-action influence, roll-call influence, legislative-outcome causality, public benefit, welfare, causal capture, or model validation."
418,1a3ef8c4aa09a86d,low,no,bill_reference_only_no_disposition_or_target_signal,117-s-516,117-203,Transportation and Public Works,M000934,1,1,1,6e4380c0-350e-4e64-a6e4-de9aed570683,2021,1st Quarter (Jan 1 - Mar 31),BOEING COMPANY,BOEING COMPANY,Aviation/Airlines/Airports,S. 516,exact_bill_text_bill_list_or_title_only,bill_reference_without_disposition_signal,none_detected,none_detected,none_detected,house_senate_and_agency_entities_disclosed,not_detected_in_activity_text,chamber_entity_context_only_no_specific_target_detected,"...ity Act of 2020. H.R. 133 - Consolidated Appropriations Act, 2021. H.R. 1319 - American Rescue Plan Act of 2021. S. 592 - Broadband Reserve Fund Act of 2021. H.R. 1339 & S. 516 - Advanced Air Mobility Coordination and Leadership Act.",Keep as bill-reference context unless later target/outcome review needs it.,official_lda_filing_text_bill_identifier; official_lda_activity_text_source_review; deterministic_activity_text_position_signal; disposition_target_review_queue; congressgov_bill_action_metadata_context,manual_disposition_confirmation; sponsor_or_member_target; committee_action_influence; roll_call_influence; legislative_outcome_causality; public_benefit_or_welfare_validation; causal_capture_validation; model_validation,https://lda.gov/filings/public/filing/6e4380c0-350e-4e64-a6e4-de9aed570683/print/; https://lda.gov/api/v1/filings/6e4380c0-350e-4e64-a6e4-de9aed570683/; https://www.congress.gov/bill/117th-congress/s-bill/516; https://api.congress.gov/v3/bill/117/s/516,"LDA disposition/target source-review queue only; deterministic text signals and possible target references are not manual disposition confirmation, sponsor/member targeting evidence, committee-action influence, roll-call influence, legislative-outcome causality, public benefit, welfare, causal capture, or model validation."
419,781493aa2d68d587,low,no,bill_reference_only_no_disposition_or_target_signal,117-s-516,117-203,Transportation and Public Works,M000934,1,1,1,e748dc42-062f-4279-b206-4915fca08a22,2021,1st Quarter (Jan 1 - Mar 31),GENERAL AVIATION MANUFACTURERS ASSOCIATION,GENERAL AVIATION MANUFACTURERS ASSOCIATION,Manufacturing,S. 516,exact_bill_text_bill_list_or_title_only,bill_reference_without_disposition_signal,none_detected,none_detected,none_detected,house_senate_and_agency_entities_disclosed,not_detected_in_activity_text,chamber_entity_context_only_no_specific_target_detected,"...ility Center (ASCENT) NASA Aeronautics Funding, H.R. 553 Aviation Manufacturing Jobs Protection Act; H.R. 1319 - American Rescue Plan of 2021 (P.L. 117-2); H.R. 1339 and S. 516 - Advanced Air Mobility Coordination and Leadership Act; House and Senate FY22 THUD Appropriations Bills; House and Senate FY22 CJS Appropriations Bills.",Keep as bill-reference context unless later target/outcome review needs it.,official_lda_filing_text_bill_identifier; official_lda_activity_text_source_review; deterministic_activity_text_position_signal; disposition_target_review_queue; congressgov_bill_action_metadata_context,manual_disposition_confirmation; sponsor_or_member_target; committee_action_influence; roll_call_influence; legislative_outcome_causality; public_benefit_or_welfare_validation; causal_capture_validation; model_validation,https://lda.gov/filings/public/filing/e748dc42-062f-4279-b206-4915fca08a22/print/; https://lda.gov/api/v1/filings/e748dc42-062f-4279-b206-4915fca08a22/; https://www.congress.gov/bill/117th-congress/s-bill/516; https://api.congress.gov/v3/bill/117/s/516,"LDA disposition/target source-review queue only; deterministic text signals and possible target references are not manual disposition confirmation, sponsor/member targeting evidence, committee-action influence, roll-call influence, legislative-outcome causality, public benefit, welfare, causal capture, or model validation."
420,db98e9185d7a5c33,low,no,bill_reference_only_no_disposition_or_target_signal,117-s-516,117-203,Transportation and Public Works,M000934,1,1,1,e748dc42-062f-4279-b206-4915fca08a22,2021,1st Quarter (Jan 1 - Mar 31),GENERAL AVIATION MANUFACTURERS ASSOCIATION,GENERAL AVIATION MANUFACTURERS ASSOCIATION,Budget/Appropriations,S. 516,exact_bill_text_bill_list_or_title_only,bill_reference_without_disposition_signal,none_detected,none_detected,none_detected,house_senate_and_agency_entities_disclosed,not_detected_in_activity_text,chamber_entity_context_only_no_specific_target_detected,"...ility Center (ASCENT) NASA Aeronautics Funding, H.R. 553 Aviation Manufacturing Jobs Protection Act; H.R. 1319 - American Rescue Plan of 2021 (P.L. 117-2); H.R. 1339 and S. 516 - Advanced Air Mobility Coordination and Leadership Act; House and Senate FY22 THUD Appropriations Bills; House and Senate FY22 CJS Appropriations Bills.",Keep as bill-reference context unless later target/outcome review needs it.,official_lda_filing_text_bill_identifier; official_lda_activity_text_source_review; deterministic_activity_text_position_signal; disposition_target_review_queue; congressgov_bill_action_metadata_context,manual_disposition_confirmation; sponsor_or_member_target; committee_action_influence; roll_call_influence; legislative_outcome_causality; public_benefit_or_welfare_validation; causal_capture_validation; model_validation,https://lda.gov/filings/public/filing/e748dc42-062f-4279-b206-4915fca08a22/print/; https://lda.gov/api/v1/filings/e748dc42-062f-4279-b206-4915fca08a22/; https://www.congress.gov/bill/117th-congress/s-bill/516; https://api.congress.gov/v3/bill/117/s/516,"LDA disposition/target source-review queue only; deterministic text signals and possible target references are not manual disposition confirmation, sponsor/member targeting evidence, committee-action influence, roll-call influence, legislative-outcome causality, public benefit, welfare, causal capture, or model validation."
421,e66f798baacc6bd6,low,no,bill_reference_only_no_disposition_or_target_signal,117-s-516,117-203,Transportation and Public Works,M000934,1,1,1,e748dc42-062f-4279-b206-4915fca08a22,2021,1st Quarter (Jan 1 - Mar 31),GENERAL AVIATION MANUFACTURERS ASSOCIATION,GENERAL AVIATION MANUFACTURERS ASSOCIATION,Aviation/Airlines/Airports,S. 516,exact_bill_text_bill_list_or_title_only,bill_reference_without_disposition_signal,none_detected,none_detected,none_detected,house_senate_and_agency_entities_disclosed,not_detected_in_activity_text,chamber_entity_context_only_no_specific_target_detected,"...ility Center (ASCENT) NASA Aeronautics Funding, H.R. 553 Aviation Manufacturing Jobs Protection Act; H.R. 1319 - American Rescue Plan of 2021 (P.L. 117-2); H.R. 1339 and S. 516 - Advanced Air Mobility Coordination and Leadership Act; House and Senate FY22 THUD Appropriations Bills; House and Senate FY22 CJS Appropriations Bills.",Keep as bill-reference context unless later target/outcome review needs it.,official_lda_filing_text_bill_identifier; official_lda_activity_text_source_review; deterministic_activity_text_position_signal; disposition_target_review_queue; congressgov_bill_action_metadata_context,manual_disposition_confirmation; sponsor_or_member_target; committee_action_influence; roll_call_influence; legislative_outcome_causality; public_benefit_or_welfare_validation; causal_capture_validation; model_validation,https://lda.gov/filings/public/filing/e748dc42-062f-4279-b206-4915fca08a22/print/; https://lda.gov/api/v1/filings/e748dc42-062f-4279-b206-4915fca08a22/; https://www.congress.gov/bill/117th-congress/s-bill/516; https://api.congress.gov/v3/bill/117/s/516,"LDA disposition/target source-review queue only; deterministic text signals and possible target references are not manual disposition confirmation, sponsor/member targeting evidence, committee-action influence, roll-call influence, legislative-outcome causality, public benefit, welfare, causal capture, or model validation."
422,61938c48d8001549,low,no,bill_reference_only_no_disposition_or_target_signal,117-s-516,117-203,Transportation and Public Works,M000934,1,1,1,872c375c-68c4-4b2c-808a-21c092cbf8ae,2021,1st Quarter (Jan 1 - Mar 31),NATIONAL AIR TRAFFIC CONTROLLERS ASSOCIATION,NATIONAL AIR TRAFFIC CONTROLLERS ASSOCIATION,Transportation,S. 516,exact_bill_text_bill_list_or_title_only,bill_reference_without_disposition_signal,none_detected,none_detected,none_detected,house_senate_and_agency_entities_disclosed,not_detected_in_activity_text,chamber_entity_context_only_no_specific_target_detected,...to clarify labor representative for air traffic controllers. H.R. 1339 Advanced Air Mobility Act: Amendment to clarify labor representative for air traffic controllers. S. 516 Advanced Air Mobility Act: Amendment to clarify labor representative for air traffic controllers. FY 2022 THUD Appropriations: Provisions relating to funding the FAA ope...,Keep as bill-reference context unless later target/outcome review needs it.,official_lda_filing_text_bill_identifier; official_lda_activity_text_source_review; deterministic_activity_text_position_signal; disposition_target_review_queue; congressgov_bill_action_metadata_context,manual_disposition_confirmation; sponsor_or_member_target; committee_action_influence; roll_call_influence; legislative_outcome_causality; public_benefit_or_welfare_validation; causal_capture_validation; model_validation,https://lda.gov/filings/public/filing/872c375c-68c4-4b2c-808a-21c092cbf8ae/print/; https://lda.gov/api/v1/filings/872c375c-68c4-4b2c-808a-21c092cbf8ae/; https://www.congress.gov/bill/117th-congress/s-bill/516; https://api.congress.gov/v3/bill/117/s/516,"LDA disposition/target source-review queue only; deterministic text signals and possible target references are not manual disposition confirmation, sponsor/member targeting evidence, committee-action influence, roll-call influence, legislative-outcome causality, public benefit, welfare, causal capture, or model validation."
423,99c37d99a1760a08,low,no,bill_reference_only_no_disposition_or_target_signal,117-s-516,117-203,Transportation and Public Works,M000934,1,1,1,872c375c-68c4-4b2c-808a-21c092cbf8ae,2021,1st Quarter (Jan 1 - Mar 31),NATIONAL AIR TRAFFIC CONTROLLERS ASSOCIATION,NATIONAL AIR TRAFFIC CONTROLLERS ASSOCIATION,Aviation/Airlines/Airports,S 516,exact_bill_text_bill_list_or_title_only,bill_reference_without_disposition_signal,none_detected,none_detected,none_detected,house_senate_and_agency_entities_disclosed,not_detected_in_activity_text,chamber_entity_context_only_no_specific_target_detected,...nt to clarify labor representative for air traffic controllers. HR 1339 Advanced Air Mobility Act: Amendment to clarify labor representative for air traffic controllers. S 516 Advanced Air Mobility Act: Amendment to clarify labor representative for air traffic controllers. FY 2022 THUD Appropriations: Provisions relating to funding the FAA ope...,Keep as bill-reference context unless later target/outcome review needs it.,official_lda_filing_text_bill_identifier; official_lda_activity_text_source_review; deterministic_activity_text_position_signal; disposition_target_review_queue; congressgov_bill_action_metadata_context,manual_disposition_confirmation; sponsor_or_member_target; committee_action_influence; roll_call_influence; legislative_outcome_causality; public_benefit_or_welfare_validation; causal_capture_validation; model_validation,https://lda.gov/filings/public/filing/872c375c-68c4-4b2c-808a-21c092cbf8ae/print/; https://lda.gov/api/v1/filings/872c375c-68c4-4b2c-808a-21c092cbf8ae/; https://www.congress.gov/bill/117th-congress/s-bill/516; https://api.congress.gov/v3/bill/117/s/516,"LDA disposition/target source-review queue only; deterministic text signals and possible target references are not manual disposition confirmation, sponsor/member targeting evidence, committee-action influence, roll-call influence, legislative-outcome causality, public benefit, welfare, causal capture, or model validation."
424,a3497de5fbdf3f67,low,no,bill_reference_only_no_disposition_or_target_signal,117-s-516,117-203,Transportation and Public Works,M000934,1,1,1,872c375c-68c4-4b2c-808a-21c092cbf8ae,2021,1st Quarter (Jan 1 - Mar 31),NATIONAL AIR TRAFFIC CONTROLLERS ASSOCIATION,NATIONAL AIR TRAFFIC CONTROLLERS ASSOCIATION,Labor Issues/Antitrust/Workplace,S 516,exact_bill_text_bill_list_or_title_only,bill_reference_without_disposition_signal,none_detected,none_detected,none_detected,house_senate_and_agency_entities_disclosed,not_detected_in_activity_text,chamber_entity_context_only_no_specific_target_detected,...ctices. Contract Tower Program. Merit Systems Protection Board. HR 1339 Advanced Air Mobility Act: Amendment to clarify labor representative for air traffic controllers. S 516 Advanced Air Mobility Act: Amendment to clarify labor representative for air traffic controllers. H.R. 1262 Notice to Airmen Improvement Act: Amendment to clarify labor...,Keep as bill-reference context unless later target/outcome review needs it.,official_lda_filing_text_bill_identifier; official_lda_activity_text_source_review; deterministic_activity_text_position_signal; disposition_target_review_queue; congressgov_bill_action_metadata_context,manual_disposition_confirmation; sponsor_or_member_target; committee_action_influence; roll_call_influence; legislative_outcome_causality; public_benefit_or_welfare_validation; causal_capture_validation; model_validation,https://lda.gov/filings/public/filing/872c375c-68c4-4b2c-808a-21c092cbf8ae/print/; https://lda.gov/api/v1/filings/872c375c-68c4-4b2c-808a-21c092cbf8ae/; https://www.congress.gov/bill/117th-congress/s-bill/516; https://api.congress.gov/v3/bill/117/s/516,"LDA disposition/target source-review queue only; deterministic text signals and possible target references are not manual disposition confirmation, sponsor/member targeting evidence, committee-action influence, roll-call influence, legislative-outcome causality, public benefit, welfare, causal capture, or model validation."
425,87f2b33760486120,low,no,bill_reference_only_no_disposition_or_target_signal,117-s-516,117-203,Transportation and Public Works,M000934,1,1,1,1af38dab-932c-4cf0-9a72-bec06bd3fd12,2021,1st Quarter (Jan 1 - Mar 31),NATIONAL BUSINESS AVIATION ASSOCIATION INC,"NATIONAL BUSINESS AVIATION ASSOCIATION, INC.",Aviation/Airlines/Airports,S 516,exact_bill_text_bill_list_or_title_only,bill_reference_without_disposition_signal,none_detected,none_detected,none_detected,house_senate_and_agency_entities_disclosed,not_detected_in_activity_text,chamber_entity_context_only_no_specific_target_detected,"...a Bryant Helicopter Safety Act. To require certain helicopters to be equipped with safety technologies, and for other purposes. HR 1319 American Rescue Plan Act of 2021. S 516 Advanced Air Mobility Coordination and Leadership Act. To plan for and coordinate efforts to integrate advanced air mobility aircraft into the national airspace system,...",Keep as bill-reference context unless later target/outcome review needs it.,official_lda_filing_text_bill_identifier; official_lda_activity_text_source_review; deterministic_activity_text_position_signal; disposition_target_review_queue; congressgov_bill_action_metadata_context,manual_disposition_confirmation; sponsor_or_member_target; committee_action_influence; roll_call_influence; legislative_outcome_causality; public_benefit_or_welfare_validation; causal_capture_validation; model_validation,https://lda.gov/filings/public/filing/1af38dab-932c-4cf0-9a72-bec06bd3fd12/print/; https://lda.gov/api/v1/filings/1af38dab-932c-4cf0-9a72-bec06bd3fd12/; https://www.congress.gov/bill/117th-congress/s-bill/516; https://api.congress.gov/v3/bill/117/s/516,"LDA disposition/target source-review queue only; deterministic text signals and possible target references are not manual disposition confirmation, sponsor/member targeting evidence, committee-action influence, roll-call influence, legislative-outcome causality, public benefit, welfare, causal capture, or model validation."
426,182a5758550e1c8d,low,no,bill_reference_only_no_disposition_or_target_signal,117-s-516,117-203,Transportation and Public Works,M000934,1,1,1,81d0bf0e-1bfa-49b7-b128-5f4ed64b3869,2021,1st Quarter (Jan 1 - Mar 31),PROFESSIONAL AVIATION SAFETY SPECIALISTS,PROFESSIONAL AVIATION SAFETY SPECIALISTS,Aviation/Airlines/Airports,S. 516,exact_bill_text_bill_list_or_title_only,bill_reference_without_disposition_signal,none_detected,none_detected,none_detected,house_senate_and_agency_entities_disclosed,not_detected_in_activity_text,chamber_entity_context_only_no_specific_target_detected,...Civil Aviation Security and Safety Act of 2021 H.R.1463 - Ensuring Health Safety in the Skies Act of 2021 H.R.8712 - The National Aviation Preparedness Plan Act of 2020 S. 516 - Advanced Air Mobility Coordination and Leadership Act S.911 - Saracini Enhanced Aviation Safety Act of 2021 FAA Staffing and Training.,Keep as bill-reference context unless later target/outcome review needs it.,official_lda_filing_text_bill_identifier; official_lda_activity_text_source_review; deterministic_activity_text_position_signal; disposition_target_review_queue; congressgov_bill_action_metadata_context,manual_disposition_confirmation; sponsor_or_member_target; committee_action_influence; roll_call_influence; legislative_outcome_causality; public_benefit_or_welfare_validation; causal_capture_validation; model_validation,https://lda.gov/filings/public/filing/81d0bf0e-1bfa-49b7-b128-5f4ed64b3869/print/; https://lda.gov/api/v1/filings/81d0bf0e-1bfa-49b7-b128-5f4ed64b3869/; https://www.congress.gov/bill/117th-congress/s-bill/516; https://api.congress.gov/v3/bill/117/s/516,"LDA disposition/target source-review queue only; deterministic text signals and possible target references are not manual disposition confirmation, sponsor/member targeting evidence, committee-action influence, roll-call influence, legislative-outcome causality, public benefit, welfare, causal capture, or model validation."
427,28199e2d99f71c81,low,no,bill_reference_only_no_disposition_or_target_signal,117-s-516,117-203,Transportation and Public Works,M000934,1,1,1,81d0bf0e-1bfa-49b7-b128-5f4ed64b3869,2021,1st Quarter (Jan 1 - Mar 31),PROFESSIONAL AVIATION SAFETY SPECIALISTS,PROFESSIONAL AVIATION SAFETY SPECIALISTS,Transportation,S. 516,exact_bill_text_bill_list_or_title_only,bill_reference_without_disposition_signal,none_detected,none_detected,none_detected,house_senate_and_agency_entities_disclosed,not_detected_in_activity_text,chamber_entity_context_only_no_specific_target_detected,...Civil Aviation Security and Safety Act of 2021 H.R.1463 - Ensuring Health Safety in the Skies Act of 2021 H.R.8712 - The National Aviation Preparedness Plan Act of 2020 S. 516 - Advanced Air Mobility Coordination and Leadership Act S.911 - Saracini Enhanced Aviation Safety Act of 2021 FAA Staffing and Training.,Keep as bill-reference context unless later target/outcome review needs it.,official_lda_filing_text_bill_identifier; official_lda_activity_text_source_review; deterministic_activity_text_position_signal; disposition_target_review_queue; congressgov_bill_action_metadata_context,manual_disposition_confirmation; sponsor_or_member_target; committee_action_influence; roll_call_influence; legislative_outcome_causality; public_benefit_or_welfare_validation; causal_capture_validation; model_validation,https://lda.gov/filings/public/filing/81d0bf0e-1bfa-49b7-b128-5f4ed64b3869/print/; https://lda.gov/api/v1/filings/81d0bf0e-1bfa-49b7-b128-5f4ed64b3869/; https://www.congress.gov/bill/117th-congress/s-bill/516; https://api.congress.gov/v3/bill/117/s/516,"LDA disposition/target source-review queue only; deterministic text signals and possible target references are not manual disposition confirmation, sponsor/member targeting evidence, committee-action influence, roll-call influence, legislative-outcome causality, public benefit, welfare, causal capture, or model validation."
428,4d4cb1f3c86abc36,low,no,bill_reference_only_no_disposition_or_target_signal,117-s-516,117-203,Transportation and Public Works,M000934,1,1,1,b77d1fd5-e6e3-4e70-82e8-efea2b3466a5,2021,2nd Quarter (Apr 1 - June 30),AERONAUTICAL REPAIR STATION ASSOCIATION,"OBADAL, FILLER, MACLEOD & KLEIN, P.L.C.",Aviation/Airlines/Airports,S 516,exact_bill_text_bill_list_or_title_only,bill_reference_without_disposition_signal,none_detected,none_detected,none_detected,house_senate_and_agency_entities_disclosed,not_detected_in_activity_text,chamber_entity_context_only_no_specific_target_detected,...number). Encouraged parity in enforcement of FAA maintenance manual rules (no bill number). Supported Advanced Air Mobility Coordination and Leadership Act (HR 1339 and S 516) and related planning grants. Supported incentives for transition to sustainable aircraft fuel (no bill number). Supported clear standards for FAA approval of technical...,Keep as bill-reference context unless later target/outcome review needs it.,official_lda_filing_text_bill_identifier; official_lda_activity_text_source_review; deterministic_activity_text_position_signal; disposition_target_review_queue; congressgov_bill_action_metadata_context,manual_disposition_confirmation; sponsor_or_member_target; committee_action_influence; roll_call_influence; legislative_outcome_causality; public_benefit_or_welfare_validation; causal_capture_validation; model_validation,https://lda.gov/filings/public/filing/b77d1fd5-e6e3-4e70-82e8-efea2b3466a5/print/; https://lda.gov/api/v1/filings/b77d1fd5-e6e3-4e70-82e8-efea2b3466a5/; https://www.congress.gov/bill/117th-congress/s-bill/516; https://api.congress.gov/v3/bill/117/s/516,"LDA disposition/target source-review queue only; deterministic text signals and possible target references are not manual disposition confirmation, sponsor/member targeting evidence, committee-action influence, roll-call influence, legislative-outcome causality, public benefit, welfare, causal capture, or model validation."
429,08ffc5e54189007c,low,no,bill_reference_only_no_disposition_or_target_signal,117-s-516,117-203,Transportation and Public Works,M000934,1,1,1,0ed0dc7a-040e-4a9d-bf03-d071ec9d16cd,2021,2nd Quarter (Apr 1 - June 30),GENERAL AVIATION MANUFACTURERS ASSOCIATION,GENERAL AVIATION MANUFACTURERS ASSOCIATION,Budget/Appropriations,S. 516,exact_bill_text_bill_list_or_title_only,bill_reference_without_disposition_signal,none_detected,none_detected,none_detected,house_senate_and_agency_entities_disclosed,not_detected_in_activity_text,chamber_entity_context_only_no_specific_target_detected,"...Funding, FAA Regulatory Communications Efforts H.R. 553 Aviation Manufacturing Jobs Protection Act; H.R. 1319 - American Rescue Plan of 2021 (P.L. 117-2); H.R. 1339 and S. 516 - Advanced Air Mobility Coordination and Leadership Act; House and Senate FY22 THUD Appropriations Bills; House and Senate FY22 CJS Appropriations Bills, S. 1608 and H.R...",Keep as bill-reference context unless later target/outcome review needs it.,official_lda_filing_text_bill_identifier; official_lda_activity_text_source_review; deterministic_activity_text_position_signal; disposition_target_review_queue; congressgov_bill_action_metadata_context,manual_disposition_confirmation; sponsor_or_member_target; committee_action_influence; roll_call_influence; legislative_outcome_causality; public_benefit_or_welfare_validation; causal_capture_validation; model_validation,https://lda.gov/filings/public/filing/0ed0dc7a-040e-4a9d-bf03-d071ec9d16cd/print/; https://lda.gov/api/v1/filings/0ed0dc7a-040e-4a9d-bf03-d071ec9d16cd/; https://www.congress.gov/bill/117th-congress/s-bill/516; https://api.congress.gov/v3/bill/117/s/516,"LDA disposition/target source-review queue only; deterministic text signals and possible target references are not manual disposition confirmation, sponsor/member targeting evidence, committee-action influence, roll-call influence, legislative-outcome causality, public benefit, welfare, causal capture, or model validation."
430,c02bf9463cdfa7f2,low,no,bill_reference_only_no_disposition_or_target_signal,117-s-516,117-203,Transportation and Public Works,M000934,1,1,1,0ed0dc7a-040e-4a9d-bf03-d071ec9d16cd,2021,2nd Quarter (Apr 1 - June 30),GENERAL AVIATION MANUFACTURERS ASSOCIATION,GENERAL AVIATION MANUFACTURERS ASSOCIATION,Manufacturing,S. 516,exact_bill_text_bill_list_or_title_only,bill_reference_without_disposition_signal,none_detected,none_detected,none_detected,house_senate_and_agency_entities_disclosed,not_detected_in_activity_text,chamber_entity_context_only_no_specific_target_detected,"...Funding, Research and Development Amortization H.R. 553 Aviation Manufacturing Jobs Protection Act; H.R. 1319 - American Rescue Plan of 2021 (P.L. 117-2); H.R. 1339 and S. 516 - Advanced Air Mobility Coordination and Leadership Act; House and Senate FY22 THUD Appropriations Bills; House and Senate FY22 CJS Appropriations Bills, H.R. 1304 - Ame...",Keep as bill-reference context unless later target/outcome review needs it.,official_lda_filing_text_bill_identifier; official_lda_activity_text_source_review; deterministic_activity_text_position_signal; disposition_target_review_queue; congressgov_bill_action_metadata_context,manual_disposition_confirmation; sponsor_or_member_target; committee_action_influence; roll_call_influence; legislative_outcome_causality; public_benefit_or_welfare_validation; causal_capture_validation; model_validation,https://lda.gov/filings/public/filing/0ed0dc7a-040e-4a9d-bf03-d071ec9d16cd/print/; https://lda.gov/api/v1/filings/0ed0dc7a-040e-4a9d-bf03-d071ec9d16cd/; https://www.congress.gov/bill/117th-congress/s-bill/516; https://api.congress.gov/v3/bill/117/s/516,"LDA disposition/target source-review queue only; deterministic text signals and possible target references are not manual disposition confirmation, sponsor/member targeting evidence, committee-action influence, roll-call influence, legislative-outcome causality, public benefit, welfare, causal capture, or model validation."
431,fa72b9d73674ba28,low,no,bill_reference_only_no_disposition_or_target_signal,117-s-516,117-203,Transportation and Public Works,M000934,1,1,1,0ed0dc7a-040e-4a9d-bf03-d071ec9d16cd,2021,2nd Quarter (Apr 1 - June 30),GENERAL AVIATION MANUFACTURERS ASSOCIATION,GENERAL AVIATION MANUFACTURERS ASSOCIATION,Aviation/Airlines/Airports,S. 516,exact_bill_text_bill_list_or_title_only,bill_reference_without_disposition_signal,none_detected,none_detected,none_detected,house_senate_and_agency_entities_disclosed,not_detected_in_activity_text,chamber_entity_context_only_no_specific_target_detected,"...Training, Research and Development Amortization H.R. 553 Aviation Manufacturing Jobs Protection Act; H.R. 1319 - American Rescue Plan of 2021 (P.L. 117-2); H.R. 1339 and S. 516 - Advanced Air Mobility Coordination and Leadership Act; House and Senate FY22 THUD Appropriations Bills; House and Senate FY22 CJS Appropriations Bills, S. 1608 and H.R...",Keep as bill-reference context unless later target/outcome review needs it.,official_lda_filing_text_bill_identifier; official_lda_activity_text_source_review; deterministic_activity_text_position_signal; disposition_target_review_queue; congressgov_bill_action_metadata_context,manual_disposition_confirmation; sponsor_or_member_target; committee_action_influence; roll_call_influence; legislative_outcome_causality; public_benefit_or_welfare_validation; causal_capture_validation; model_validation,https://lda.gov/filings/public/filing/0ed0dc7a-040e-4a9d-bf03-d071ec9d16cd/print/; https://lda.gov/api/v1/filings/0ed0dc7a-040e-4a9d-bf03-d071ec9d16cd/; https://www.congress.gov/bill/117th-congress/s-bill/516; https://api.congress.gov/v3/bill/117/s/516,"LDA disposition/target source-review queue only; deterministic text signals and possible target references are not manual disposition confirmation, sponsor/member targeting evidence, committee-action influence, roll-call influence, legislative-outcome causality, public benefit, welfare, causal capture, or model validation."
432,5bd315d589ddf3e6,low,no,bill_reference_only_no_disposition_or_target_signal,117-s-516,117-203,Transportation and Public Works,M000934,1,1,1,88e16414-fb5f-453b-a37e-6b4b64ebbb7f,2021,2nd Quarter (Apr 1 - June 30),PROFESSIONAL AVIATION SAFETY SPECIALISTS,PROFESSIONAL AVIATION SAFETY SPECIALISTS,Aviation/Airlines/Airports,S. 516,exact_bill_text_bill_list_or_title_only,bill_reference_without_disposition_signal,none_detected,none_detected,none_detected,house_senate_and_agency_entities_disclosed,not_detected_in_activity_text,chamber_entity_context_only_no_specific_target_detected,...nters of Excellence Act H.R.2697 - 21st Century Transportation Workforce Development Act H.R.2770 - Healthy Flights Act of 2021 H.R.4042 - Aviation Funding Stability Act S. 516 - Advanced Air Mobility Coordination and Leadership Act FAA Staffing and Training.,Keep as bill-reference context unless later target/outcome review needs it.,official_lda_filing_text_bill_identifier; official_lda_activity_text_source_review; deterministic_activity_text_position_signal; disposition_target_review_queue; congressgov_bill_action_metadata_context,manual_disposition_confirmation; sponsor_or_member_target; committee_action_influence; roll_call_influence; legislative_outcome_causality; public_benefit_or_welfare_validation; causal_capture_validation; model_validation,https://lda.gov/filings/public/filing/88e16414-fb5f-453b-a37e-6b4b64ebbb7f/print/; https://lda.gov/api/v1/filings/88e16414-fb5f-453b-a37e-6b4b64ebbb7f/; https://www.congress.gov/bill/117th-congress/s-bill/516; https://api.congress.gov/v3/bill/117/s/516,"LDA disposition/target source-review queue only; deterministic text signals and possible target references are not manual disposition confirmation, sponsor/member targeting evidence, committee-action influence, roll-call influence, legislative-outcome causality, public benefit, welfare, causal capture, or model validation."
433,f2da4f884a83d674,low,no,bill_reference_only_no_disposition_or_target_signal,117-s-516,117-203,Transportation and Public Works,M000934,1,1,1,88e16414-fb5f-453b-a37e-6b4b64ebbb7f,2021,2nd Quarter (Apr 1 - June 30),PROFESSIONAL AVIATION SAFETY SPECIALISTS,PROFESSIONAL AVIATION SAFETY SPECIALISTS,Transportation,S. 516,exact_bill_text_bill_list_or_title_only,bill_reference_without_disposition_signal,none_detected,none_detected,none_detected,house_senate_and_agency_entities_disclosed,not_detected_in_activity_text,chamber_entity_context_only_no_specific_target_detected,...nters of Excellence Act H.R.2697 - 21st Century Transportation Workforce Development Act H.R.2770 - Healthy Flights Act of 2021 H.R.4042 - Aviation Funding Stability Act S. 516 - Advanced Air Mobility Coordination and Leadership Act FAA Staffing and Training.,Keep as bill-reference context unless later target/outcome review needs it.,official_lda_filing_text_bill_identifier; official_lda_activity_text_source_review; deterministic_activity_text_position_signal; disposition_target_review_queue; congressgov_bill_action_metadata_context,manual_disposition_confirmation; sponsor_or_member_target; committee_action_influence; roll_call_influence; legislative_outcome_causality; public_benefit_or_welfare_validation; causal_capture_validation; model_validation,https://lda.gov/filings/public/filing/88e16414-fb5f-453b-a37e-6b4b64ebbb7f/print/; https://lda.gov/api/v1/filings/88e16414-fb5f-453b-a37e-6b4b64ebbb7f/; https://www.congress.gov/bill/117th-congress/s-bill/516; https://api.congress.gov/v3/bill/117/s/516,"LDA disposition/target source-review queue only; deterministic text signals and possible target references are not manual disposition confirmation, sponsor/member targeting evidence, committee-action influence, roll-call influence, legislative-outcome causality, public benefit, welfare, causal capture, or model validation."
434,209c434155819c91,low,no,bill_reference_only_no_disposition_or_target_signal,117-s-516,117-203,Transportation and Public Works,M000934,1,1,1,17038788-7045-48b5-a274-8d2ad855c064,2021,2nd Quarter (Apr 1 - June 30),THE AMERICAN INSTITUTE OF AERONAUTICS AND ASTRONAUTICS,THE AMERICAN INSTITUTE OF AERONAUTICS AND ASTRONAUTICS,Aviation/Airlines/Airports,S. 516,exact_bill_text_bill_list_or_title_only,bill_reference_without_disposition_signal,none_detected,none_detected,none_detected,house_and_senate_entities_disclosed,not_detected_in_activity_text,chamber_entity_context_only_no_specific_target_detected,"Support of the Advanced Air Mobility Coordination and Leadership Act (H.R. 1339, S. 516), which authorizes the Secretary of Transportation to establish an interagency working group to plan for and coordinate efforts for the advancement of operating AAM airc...",Keep as bill-reference context unless later target/outcome review needs it.,official_lda_filing_text_bill_identifier; official_lda_activity_text_source_review; deterministic_activity_text_position_signal; disposition_target_review_queue; congressgov_bill_action_metadata_context,manual_disposition_confirmation; sponsor_or_member_target; committee_action_influence; roll_call_influence; legislative_outcome_causality; public_benefit_or_welfare_validation; causal_capture_validation; model_validation,https://lda.gov/filings/public/filing/17038788-7045-48b5-a274-8d2ad855c064/print/; https://lda.gov/api/v1/filings/17038788-7045-48b5-a274-8d2ad855c064/; https://www.congress.gov/bill/117th-congress/s-bill/516; https://api.congress.gov/v3/bill/117/s/516,"LDA disposition/target source-review queue only; deterministic text signals and possible target references are not manual disposition confirmation, sponsor/member targeting evidence, committee-action influence, roll-call influence, legislative-outcome causality, public benefit, welfare, causal capture, or model validation."
435,c6812437a9491b4b,low,no,bill_reference_only_no_disposition_or_target_signal,117-s-516,117-203,Transportation and Public Works,M000934,1,1,1,a5993bd6-3d94-49e8-a15e-6d85fc7b066f,2021,2nd Quarter (Apr 1 - June 30),VERTICAL AVIATION INTERNATIONAL,VERTICAL AVIATION INTERNATIONAL,Aviation/Airlines/Airports,S 516,exact_bill_text_bill_list_or_title_only,bill_reference_without_disposition_signal,none_detected,none_detected,none_detected,house_senate_and_agency_entities_disclosed,not_detected_in_activity_text,chamber_entity_context_only_no_specific_target_detected,"...orking group of over 10 departments and agencies to advance advanced air mobility (AAM) efforts like safety, infrastructure, and federal investment in the United States. S 516 Advanced Air Mobility Coordination and Leadership Act to create an interagency working group of over 10 departments and agencies to advance advanced air mobility (AAM) e...",Keep as bill-reference context unless later target/outcome review needs it.,official_lda_filing_text_bill_identifier; official_lda_activity_text_source_review; deterministic_activity_text_position_signal; disposition_target_review_queue; congressgov_bill_action_metadata_context,manual_disposition_confirmation; sponsor_or_member_target; committee_action_influence; roll_call_influence; legislative_outcome_causality; public_benefit_or_welfare_validation; causal_capture_validation; model_validation,https://lda.gov/filings/public/filing/a5993bd6-3d94-49e8-a15e-6d85fc7b066f/print/; https://lda.gov/api/v1/filings/a5993bd6-3d94-49e8-a15e-6d85fc7b066f/; https://www.congress.gov/bill/117th-congress/s-bill/516; https://api.congress.gov/v3/bill/117/s/516,"LDA disposition/target source-review queue only; deterministic text signals and possible target references are not manual disposition confirmation, sponsor/member targeting evidence, committee-action influence, roll-call influence, legislative-outcome causality, public benefit, welfare, causal capture, or model validation."
436,37e264e911fd7267,low,no,bill_reference_only_no_disposition_or_target_signal,117-s-516,117-203,Transportation and Public Works,M000934,1,1,1,654c9839-aceb-424e-a630-c58f70462021,2022,1st Quarter (Jan 1 - Mar 31),AIRPORTS COUNCIL INTERNATIONAL -- NORTH AMERICA,AIRPORTS COUNCIL INTERNATIONAL -- NORTH AMERICA,Aviation/Airlines/Airports,S. 516,exact_bill_text_bill_list_or_title_only,bill_reference_without_disposition_signal,none_detected,none_detected,none_detected,house_senate_and_agency_entities_disclosed,not_detected_in_activity_text,chamber_entity_context_only_no_specific_target_detected,"...8) Environmental proposals PFAS Aircraft Noise Sustainable Aviation Fuel (HR741) UAS/Counter-UAS The Advanced Air Mobility and Leadership Coordination Act (H.R. 1339 and S. 516) HR 2467 the PFAS Action Act HR 3095 the Fair and Open Skies Act TIFIA for Airports Act (HR 3340/S 1715) H.R.3440 - Sustainable Skies Act S. 600, Drone Integration and Z...",Keep as bill-reference context unless later target/outcome review needs it.,official_lda_filing_text_bill_identifier; official_lda_activity_text_source_review; deterministic_activity_text_position_signal; disposition_target_review_queue; congressgov_bill_action_metadata_context,manual_disposition_confirmation; sponsor_or_member_target; committee_action_influence; roll_call_influence; legislative_outcome_causality; public_benefit_or_welfare_validation; causal_capture_validation; model_validation,https://lda.gov/filings/public/filing/654c9839-aceb-424e-a630-c58f70462021/print/; https://lda.gov/api/v1/filings/654c9839-aceb-424e-a630-c58f70462021/; https://www.congress.gov/bill/117th-congress/s-bill/516; https://api.congress.gov/v3/bill/117/s/516,"LDA disposition/target source-review queue only; deterministic text signals and possible target references are not manual disposition confirmation, sponsor/member targeting evidence, committee-action influence, roll-call influence, legislative-outcome causality, public benefit, welfare, causal capture, or model validation."
437,5740cedfe0144613,low,no,bill_reference_only_no_disposition_or_target_signal,117-s-516,117-203,Transportation and Public Works,M000934,1,1,1,654c9839-aceb-424e-a630-c58f70462021,2022,1st Quarter (Jan 1 - Mar 31),AIRPORTS COUNCIL INTERNATIONAL -- NORTH AMERICA,AIRPORTS COUNCIL INTERNATIONAL -- NORTH AMERICA,Homeland Security,S. 516,exact_bill_text_bill_list_or_title_only,bill_reference_without_disposition_signal,none_detected,none_detected,none_detected,house_senate_and_agency_entities_disclosed,not_detected_in_activity_text,chamber_entity_context_only_no_specific_target_detected,"...ty Screening System Act; S 3850, Securing Americas Ports of Entry Act, S. 3125 Aviation Emissions Reduction Opportunity Act; S. 2263 Sustainable Skies Act, H.R. 1339 and S. 516 - Advanced Air Mobility Act. Also S. 3662 Preventing PFAS Runoff at Airports Act.",Keep as bill-reference context unless later target/outcome review needs it.,official_lda_filing_text_bill_identifier; official_lda_activity_text_source_review; deterministic_activity_text_position_signal; disposition_target_review_queue; congressgov_bill_action_metadata_context,manual_disposition_confirmation; sponsor_or_member_target; committee_action_influence; roll_call_influence; legislative_outcome_causality; public_benefit_or_welfare_validation; causal_capture_validation; model_validation,https://lda.gov/filings/public/filing/654c9839-aceb-424e-a630-c58f70462021/print/; https://lda.gov/api/v1/filings/654c9839-aceb-424e-a630-c58f70462021/; https://www.congress.gov/bill/117th-congress/s-bill/516; https://api.congress.gov/v3/bill/117/s/516,"LDA disposition/target source-review queue only; deterministic text signals and possible target references are not manual disposition confirmation, sponsor/member targeting evidence, committee-action influence, roll-call influence, legislative-outcome causality, public benefit, welfare, causal capture, or model validation."
438,dcb54687f4ada0b6,low,no,bill_reference_only_no_disposition_or_target_signal,117-s-516,117-203,Transportation and Public Works,M000934,1,1,1,654c9839-aceb-424e-a630-c58f70462021,2022,1st Quarter (Jan 1 - Mar 31),AIRPORTS COUNCIL INTERNATIONAL -- NORTH AMERICA,AIRPORTS COUNCIL INTERNATIONAL -- NORTH AMERICA,Transportation,S. 516,exact_bill_text_bill_list_or_title_only,bill_reference_without_disposition_signal,none_detected,none_detected,none_detected,house_senate_and_agency_entities_disclosed,not_detected_in_activity_text,chamber_entity_context_only_no_specific_target_detected,"...ty Screening System Act; S 3850, Securing Americas Ports of Entry Act, S. 3125 Aviation Emissions Reduction Opportunity Act; S. 2263 Sustainable Skies Act, H.R. 1339 and S. 516 - Advanced Air Mobility Act. Also S. 3662 Preventing PFAS Runoff at Airports Act.",Keep as bill-reference context unless later target/outcome review needs it.,official_lda_filing_text_bill_identifier; official_lda_activity_text_source_review; deterministic_activity_text_position_signal; disposition_target_review_queue; congressgov_bill_action_metadata_context,manual_disposition_confirmation; sponsor_or_member_target; committee_action_influence; roll_call_influence; legislative_outcome_causality; public_benefit_or_welfare_validation; causal_capture_validation; model_validation,https://lda.gov/filings/public/filing/654c9839-aceb-424e-a630-c58f70462021/print/; https://lda.gov/api/v1/filings/654c9839-aceb-424e-a630-c58f70462021/; https://www.congress.gov/bill/117th-congress/s-bill/516; https://api.congress.gov/v3/bill/117/s/516,"LDA disposition/target source-review queue only; deterministic text signals and possible target references are not manual disposition confirmation, sponsor/member targeting evidence, committee-action influence, roll-call influence, legislative-outcome causality, public benefit, welfare, causal capture, or model validation."
439,7f2e61a176f860bd,low,no,bill_reference_only_no_disposition_or_target_signal,117-s-516,117-203,Transportation and Public Works,M000934,1,1,1,c9dbdd6b-83d0-4508-b97a-85ccf8ff08ee,2022,1st Quarter (Jan 1 - Mar 31),AMERICAN ASSOCIATION OF AIRPORT EXECUTIVES,AMERICAN ASSOCIATION OF AIRPORT EXECUTIVES,Aviation/Airlines/Airports,S. 516,exact_bill_text_bill_list_or_title_only,bill_reference_without_disposition_signal,none_detected,none_detected,none_detected,house_senate_and_agency_entities_disclosed,not_detected_in_activity_text,chamber_entity_context_only_no_specific_target_detected,"...onal Aviation Preparedness Plan Act S. 479, LOCAL Infrastructure Act H.R. 2288, Investing in Our Communities Act H.R. 740, Sustainable Aviation Fuel Act S. 231, PFAS Act S. 516, Advanced Air Mobility Coordination and Leadership Act S. 82, Ensuring Health Safety in the Skies Act of 2021 S. Res. 96, Women in Aviation Workforce Week S. 316, Fly Sa...",Keep as bill-reference context unless later target/outcome review needs it.,official_lda_filing_text_bill_identifier; official_lda_activity_text_source_review; deterministic_activity_text_position_signal; disposition_target_review_queue; congressgov_bill_action_metadata_context,manual_disposition_confirmation; sponsor_or_member_target; committee_action_influence; roll_call_influence; legislative_outcome_causality; public_benefit_or_welfare_validation; causal_capture_validation; model_validation,https://lda.gov/filings/public/filing/c9dbdd6b-83d0-4508-b97a-85ccf8ff08ee/print/; https://lda.gov/api/v1/filings/c9dbdd6b-83d0-4508-b97a-85ccf8ff08ee/; https://www.congress.gov/bill/117th-congress/s-bill/516; https://api.congress.gov/v3/bill/117/s/516,"LDA disposition/target source-review queue only; deterministic text signals and possible target references are not manual disposition confirmation, sponsor/member targeting evidence, committee-action influence, roll-call influence, legislative-outcome causality, public benefit, welfare, causal capture, or model validation."
440,e8f74ccf7286cfb2,low,no,bill_reference_only_no_disposition_or_target_signal,117-s-516,117-203,Transportation and Public Works,M000934,1,1,1,8bd67055-01f7-4957-91c6-d463dfce5152,2022,1st Quarter (Jan 1 - Mar 31),BETA TECHNOLOGIES,BETA TECHNOLOGIES,Transportation,S. 516,exact_bill_text_bill_list_or_title_only,bill_reference_without_disposition_signal,none_detected,none_detected,none_detected,house_and_senate_entities_disclosed,not_detected_in_activity_text,chamber_entity_context_only_no_specific_target_detected,"...aft Electric vehicle charging infrastructure FAA Reauthorization Advanced Air Mobility FAA certification H.R. 1339, Advanced Air Mobility Coordination and Leadership Act S. 516, Advanced Air Mobility Coordination and Leadership Act H.R.6270, AAIM Act (to provide grants for Advanced Air Mobility infrastructure)",Keep as bill-reference context unless later target/outcome review needs it.,official_lda_filing_text_bill_identifier; official_lda_activity_text_source_review; deterministic_activity_text_position_signal; disposition_target_review_queue; congressgov_bill_action_metadata_context,manual_disposition_confirmation; sponsor_or_member_target; committee_action_influence; roll_call_influence; legislative_outcome_causality; public_benefit_or_welfare_validation; causal_capture_validation; model_validation,https://lda.gov/filings/public/filing/8bd67055-01f7-4957-91c6-d463dfce5152/print/; https://lda.gov/api/v1/filings/8bd67055-01f7-4957-91c6-d463dfce5152/; https://www.congress.gov/bill/117th-congress/s-bill/516; https://api.congress.gov/v3/bill/117/s/516,"LDA disposition/target source-review queue only; deterministic text signals and possible target references are not manual disposition confirmation, sponsor/member targeting evidence, committee-action influence, roll-call influence, legislative-outcome causality, public benefit, welfare, causal capture, or model validation."
441,fdf6dc032b09bfef,low,no,bill_reference_only_no_disposition_or_target_signal,117-s-516,117-203,Transportation and Public Works,M000934,1,1,1,8bd67055-01f7-4957-91c6-d463dfce5152,2022,1st Quarter (Jan 1 - Mar 31),BETA TECHNOLOGIES,BETA TECHNOLOGIES,Aviation/Airlines/Airports,S. 516,exact_bill_text_bill_list_or_title_only,bill_reference_without_disposition_signal,none_detected,none_detected,none_detected,house_and_senate_entities_disclosed,not_detected_in_activity_text,chamber_entity_context_only_no_specific_target_detected,"...aft Electric vehicle charging infrastructure FAA Reauthorization Advanced Air Mobility FAA certification H.R. 1339, Advanced Air Mobility Coordination and Leadership Act S. 516, Advanced Air Mobility Coordination and Leadership Act H.R.6270, AAIM Act (to provide grants for Advanced Air Mobility infrastructure)",Keep as bill-reference context unless later target/outcome review needs it.,official_lda_filing_text_bill_identifier; official_lda_activity_text_source_review; deterministic_activity_text_position_signal; disposition_target_review_queue; congressgov_bill_action_metadata_context,manual_disposition_confirmation; sponsor_or_member_target; committee_action_influence; roll_call_influence; legislative_outcome_causality; public_benefit_or_welfare_validation; causal_capture_validation; model_validation,https://lda.gov/filings/public/filing/8bd67055-01f7-4957-91c6-d463dfce5152/print/; https://lda.gov/api/v1/filings/8bd67055-01f7-4957-91c6-d463dfce5152/; https://www.congress.gov/bill/117th-congress/s-bill/516; https://api.congress.gov/v3/bill/117/s/516,"LDA disposition/target source-review queue only; deterministic text signals and possible target references are not manual disposition confirmation, sponsor/member targeting evidence, committee-action influence, roll-call influence, legislative-outcome causality, public benefit, welfare, causal capture, or model validation."
442,d64c9482672cc446,low,no,bill_reference_only_no_disposition_or_target_signal,117-s-516,117-203,Transportation and Public Works,M000934,1,1,1,faae9de4-bba9-422c-9da6-9eb4e432ecd3,2022,1st Quarter (Jan 1 - Mar 31),BOEING COMPANY,BOEING COMPANY,Aviation/Airlines/Airports,S. 516,exact_bill_text_bill_list_or_title_only,bill_reference_without_disposition_signal,none_detected,none_detected,none_detected,house_senate_and_agency_entities_disclosed,not_detected_in_activity_text,chamber_entity_context_only_no_specific_target_detected,...Traffic Systems. FAA Funding. Supply Chain. CLEEN and Sustainable Aviation Fuels. U.S. Coast Guard Acquisition. Fire Suppression. Aviation Workforce Policy. H.R. 1339 & S. 516 - Advanced Air Mobility Coordination and Leadership Act. Aviation Infrastructure. H.R. 3684 - Invest in America Act. Fiscal Year 2022 Appropriations Bills. Aviation Tech...,Keep as bill-reference context unless later target/outcome review needs it.,official_lda_filing_text_bill_identifier; official_lda_activity_text_source_review; deterministic_activity_text_position_signal; disposition_target_review_queue; congressgov_bill_action_metadata_context,manual_disposition_confirmation; sponsor_or_member_target; committee_action_influence; roll_call_influence; legislative_outcome_causality; public_benefit_or_welfare_validation; causal_capture_validation; model_validation,https://lda.gov/filings/public/filing/faae9de4-bba9-422c-9da6-9eb4e432ecd3/print/; https://lda.gov/api/v1/filings/faae9de4-bba9-422c-9da6-9eb4e432ecd3/; https://www.congress.gov/bill/117th-congress/s-bill/516; https://api.congress.gov/v3/bill/117/s/516,"LDA disposition/target source-review queue only; deterministic text signals and possible target references are not manual disposition confirmation, sponsor/member targeting evidence, committee-action influence, roll-call influence, legislative-outcome causality, public benefit, welfare, causal capture, or model validation."
443,12569bfea1ce2738,low,no,bill_reference_only_no_disposition_or_target_signal,117-s-516,117-203,Transportation and Public Works,M000934,1,1,1,b86d38fa-0933-4841-a12a-05886fcd2491,2022,1st Quarter (Jan 1 - Mar 31),GENERAL AVIATION MANUFACTURERS ASSOCIATION,GENERAL AVIATION MANUFACTURERS ASSOCIATION,Manufacturing,S. 516,exact_bill_text_bill_list_or_title_only,bill_reference_without_disposition_signal,none_detected,none_detected,none_detected,house_senate_and_agency_entities_disclosed,not_detected_in_activity_text,chamber_entity_context_only_no_specific_target_detected,"...autics Funding, Hydrogen for aviation, Research and Development Amortization, FCC Decisions and Aviation Spectrum Interference, Sustainable Aviation Fuels. H.R. 1339 and S. 516 - Advanced Air Mobility Coordination and Leadership Act; H.R. 4550 and S. 3045 - FY22 THUD Appropriations Bills; H.R. 4505 and S. 3042 - FY22 CJS Appropriations Bills, H...",Keep as bill-reference context unless later target/outcome review needs it.,official_lda_filing_text_bill_identifier; official_lda_activity_text_source_review; deterministic_activity_text_position_signal; disposition_target_review_queue; congressgov_bill_action_metadata_context,manual_disposition_confirmation; sponsor_or_member_target; committee_action_influence; roll_call_influence; legislative_outcome_causality; public_benefit_or_welfare_validation; causal_capture_validation; model_validation,https://lda.gov/filings/public/filing/b86d38fa-0933-4841-a12a-05886fcd2491/print/; https://lda.gov/api/v1/filings/b86d38fa-0933-4841-a12a-05886fcd2491/; https://www.congress.gov/bill/117th-congress/s-bill/516; https://api.congress.gov/v3/bill/117/s/516,"LDA disposition/target source-review queue only; deterministic text signals and possible target references are not manual disposition confirmation, sponsor/member targeting evidence, committee-action influence, roll-call influence, legislative-outcome causality, public benefit, welfare, causal capture, or model validation."
444,21dbd942ef5e6e1a,low,no,bill_reference_only_no_disposition_or_target_signal,117-s-516,117-203,Transportation and Public Works,M000934,1,1,1,b86d38fa-0933-4841-a12a-05886fcd2491,2022,1st Quarter (Jan 1 - Mar 31),GENERAL AVIATION MANUFACTURERS ASSOCIATION,GENERAL AVIATION MANUFACTURERS ASSOCIATION,Budget/Appropriations,S. 516,exact_bill_text_bill_list_or_title_only,bill_reference_without_disposition_signal,none_detected,none_detected,none_detected,house_senate_and_agency_entities_disclosed,not_detected_in_activity_text,chamber_entity_context_only_no_specific_target_detected,"...Sustainability Center (ASCENT), NASA Aeronautics Funding, Hydrogen for aviation, Research and Development Amortization, H.R. 5376 - Build Back Better Act; H.R. 1339 and S. 516 - Advanced Air Mobility Coordination and Leadership Act; H.R. 4550 and S. 3045 - FY22 THUD Appropriations Bills; H.R. 4505 and S. 3042 - FY22 CJS Appropriations Bills; H...",Keep as bill-reference context unless later target/outcome review needs it.,official_lda_filing_text_bill_identifier; official_lda_activity_text_source_review; deterministic_activity_text_position_signal; disposition_target_review_queue; congressgov_bill_action_metadata_context,manual_disposition_confirmation; sponsor_or_member_target; committee_action_influence; roll_call_influence; legislative_outcome_causality; public_benefit_or_welfare_validation; causal_capture_validation; model_validation,https://lda.gov/filings/public/filing/b86d38fa-0933-4841-a12a-05886fcd2491/print/; https://lda.gov/api/v1/filings/b86d38fa-0933-4841-a12a-05886fcd2491/; https://www.congress.gov/bill/117th-congress/s-bill/516; https://api.congress.gov/v3/bill/117/s/516,"LDA disposition/target source-review queue only; deterministic text signals and possible target references are not manual disposition confirmation, sponsor/member targeting evidence, committee-action influence, roll-call influence, legislative-outcome causality, public benefit, welfare, causal capture, or model validation."
445,76f7352191ed5434,low,no,bill_reference_only_no_disposition_or_target_signal,117-s-516,117-203,Transportation and Public Works,M000934,1,1,1,b86d38fa-0933-4841-a12a-05886fcd2491,2022,1st Quarter (Jan 1 - Mar 31),GENERAL AVIATION MANUFACTURERS ASSOCIATION,GENERAL AVIATION MANUFACTURERS ASSOCIATION,Aviation/Airlines/Airports,S. 516,exact_bill_text_bill_list_or_title_only,bill_reference_without_disposition_signal,none_detected,none_detected,none_detected,house_senate_and_agency_entities_disclosed,not_detected_in_activity_text,chamber_entity_context_only_no_specific_target_detected,"...Sustainability Center (ASCENT), NASA Aeronautics Funding, Hydrogen for aviation, Research and Development Amortization, H.R. 5376 - Build Back Better Act; H.R. 1339 and S. 516 - Advanced Air Mobility Coordination and Leadership Act; H.R. 4550 and S. 3045 - FY22 THUD Appropriations Bills; H.R. 4505 and S. 3042 - FY22 CJS Appropriations Bills; H...",Keep as bill-reference context unless later target/outcome review needs it.,official_lda_filing_text_bill_identifier; official_lda_activity_text_source_review; deterministic_activity_text_position_signal; disposition_target_review_queue; congressgov_bill_action_metadata_context,manual_disposition_confirmation; sponsor_or_member_target; committee_action_influence; roll_call_influence; legislative_outcome_causality; public_benefit_or_welfare_validation; causal_capture_validation; model_validation,https://lda.gov/filings/public/filing/b86d38fa-0933-4841-a12a-05886fcd2491/print/; https://lda.gov/api/v1/filings/b86d38fa-0933-4841-a12a-05886fcd2491/; https://www.congress.gov/bill/117th-congress/s-bill/516; https://api.congress.gov/v3/bill/117/s/516,"LDA disposition/target source-review queue only; deterministic text signals and possible target references are not manual disposition confirmation, sponsor/member targeting evidence, committee-action influence, roll-call influence, legislative-outcome causality, public benefit, welfare, causal capture, or model validation."
446,3749e58c7b40f65b,low,no,bill_reference_only_no_disposition_or_target_signal,117-s-516,117-203,Transportation and Public Works,M000934,1,1,1,ce6e43a8-856b-4691-a2f6-846649bacb86,2022,1st Quarter (Jan 1 - Mar 31),NATIONAL AIR TRAFFIC CONTROLLERS ASSOCIATION,NATIONAL AIR TRAFFIC CONTROLLERS ASSOCIATION,Labor Issues/Antitrust/Workplace,S 516,exact_bill_text_bill_list_or_title_only,bill_reference_without_disposition_signal,none_detected,none_detected,none_detected,house_senate_and_agency_entities_disclosed,not_detected_in_activity_text,chamber_entity_context_only_no_specific_target_detected,...ctices. Contract Tower Program. Merit Systems Protection Board. HR 1339 Advanced Air Mobility Act: Amendment to clarify labor representative for air traffic controllers. S 516 Advanced Air Mobility Act: Amendment to clarify labor representative for air traffic controllers. H.R. 1262 Notice to Airmen Improvement Act: Amendment to clarify labor...,Keep as bill-reference context unless later target/outcome review needs it.,official_lda_filing_text_bill_identifier; official_lda_activity_text_source_review; deterministic_activity_text_position_signal; disposition_target_review_queue; congressgov_bill_action_metadata_context,manual_disposition_confirmation; sponsor_or_member_target; committee_action_influence; roll_call_influence; legislative_outcome_causality; public_benefit_or_welfare_validation; causal_capture_validation; model_validation,https://lda.gov/filings/public/filing/ce6e43a8-856b-4691-a2f6-846649bacb86/print/; https://lda.gov/api/v1/filings/ce6e43a8-856b-4691-a2f6-846649bacb86/; https://www.congress.gov/bill/117th-congress/s-bill/516; https://api.congress.gov/v3/bill/117/s/516,"LDA disposition/target source-review queue only; deterministic text signals and possible target references are not manual disposition confirmation, sponsor/member targeting evidence, committee-action influence, roll-call influence, legislative-outcome causality, public benefit, welfare, causal capture, or model validation."
447,527ab1d6953211ea,low,no,bill_reference_only_no_disposition_or_target_signal,117-s-516,117-203,Transportation and Public Works,M000934,1,1,1,ce6e43a8-856b-4691-a2f6-846649bacb86,2022,1st Quarter (Jan 1 - Mar 31),NATIONAL AIR TRAFFIC CONTROLLERS ASSOCIATION,NATIONAL AIR TRAFFIC CONTROLLERS ASSOCIATION,Aviation/Airlines/Airports,S 516,exact_bill_text_bill_list_or_title_only,bill_reference_without_disposition_signal,none_detected,none_detected,none_detected,house_senate_and_agency_entities_disclosed,not_detected_in_activity_text,chamber_entity_context_only_no_specific_target_detected,...nt to clarify labor representative for air traffic controllers. HR 1339 Advanced Air Mobility Act: Amendment to clarify labor representative for air traffic controllers. S 516 Advanced Air Mobility Act: Amendment to clarify labor representative for air traffic controllers. FY 2022 THUD Appropriations: Provisions relating to funding the FAA ope...,Keep as bill-reference context unless later target/outcome review needs it.,official_lda_filing_text_bill_identifier; official_lda_activity_text_source_review; deterministic_activity_text_position_signal; disposition_target_review_queue; congressgov_bill_action_metadata_context,manual_disposition_confirmation; sponsor_or_member_target; committee_action_influence; roll_call_influence; legislative_outcome_causality; public_benefit_or_welfare_validation; causal_capture_validation; model_validation,https://lda.gov/filings/public/filing/ce6e43a8-856b-4691-a2f6-846649bacb86/print/; https://lda.gov/api/v1/filings/ce6e43a8-856b-4691-a2f6-846649bacb86/; https://www.congress.gov/bill/117th-congress/s-bill/516; https://api.congress.gov/v3/bill/117/s/516,"LDA disposition/target source-review queue only; deterministic text signals and possible target references are not manual disposition confirmation, sponsor/member targeting evidence, committee-action influence, roll-call influence, legislative-outcome causality, public benefit, welfare, causal capture, or model validation."
448,83fc733693719c42,low,no,bill_reference_only_no_disposition_or_target_signal,117-s-516,117-203,Transportation and Public Works,M000934,1,1,1,ce6e43a8-856b-4691-a2f6-846649bacb86,2022,1st Quarter (Jan 1 - Mar 31),NATIONAL AIR TRAFFIC CONTROLLERS ASSOCIATION,NATIONAL AIR TRAFFIC CONTROLLERS ASSOCIATION,Transportation,S. 516,exact_bill_text_bill_list_or_title_only,bill_reference_without_disposition_signal,none_detected,none_detected,none_detected,house_senate_and_agency_entities_disclosed,not_detected_in_activity_text,chamber_entity_context_only_no_specific_target_detected,...to clarify labor representative for air traffic controllers. H.R. 1339 Advanced Air Mobility Act: Amendment to clarify labor representative for air traffic controllers. S. 516 Advanced Air Mobility Act: Amendment to clarify labor representative for air traffic controllers. FY 2022 THUD Appropriations: Provisions relating to funding the FAA ope...,Keep as bill-reference context unless later target/outcome review needs it.,official_lda_filing_text_bill_identifier; official_lda_activity_text_source_review; deterministic_activity_text_position_signal; disposition_target_review_queue; congressgov_bill_action_metadata_context,manual_disposition_confirmation; sponsor_or_member_target; committee_action_influence; roll_call_influence; legislative_outcome_causality; public_benefit_or_welfare_validation; causal_capture_validation; model_validation,https://lda.gov/filings/public/filing/ce6e43a8-856b-4691-a2f6-846649bacb86/print/; https://lda.gov/api/v1/filings/ce6e43a8-856b-4691-a2f6-846649bacb86/; https://www.congress.gov/bill/117th-congress/s-bill/516; https://api.congress.gov/v3/bill/117/s/516,"LDA disposition/target source-review queue only; deterministic text signals and possible target references are not manual disposition confirmation, sponsor/member targeting evidence, committee-action influence, roll-call influence, legislative-outcome causality, public benefit, welfare, causal capture, or model validation."
449,6f2a546567bc0724,low,no,bill_reference_only_no_disposition_or_target_signal,117-s-516,117-203,Transportation and Public Works,M000934,1,1,1,6af721c0-8dcf-4782-96b6-976eacdad07b,2022,1st Quarter (Jan 1 - Mar 31),NATIONAL BUSINESS AVIATION ASSOCIATION INC,"NATIONAL BUSINESS AVIATION ASSOCIATION, INC.",Aviation/Airlines/Airports,S 516,exact_bill_text_bill_list_or_title_only,bill_reference_without_disposition_signal,none_detected,none_detected,none_detected,house_senate_and_agency_entities_disclosed,not_detected_in_activity_text,chamber_entity_context_only_no_specific_target_detected,"...other purposes. HR 486 Kobe Bryant & Gianna Bryant Helicopter Safety Act. To require certain helicopters to be equipped with safety technologies, and for other purposes. S 516 Advanced Air Mobility Coordination and Leadership Act. To plan for and coordinate efforts to integrate advanced air mobility aircraft into the national airspace system,...",Keep as bill-reference context unless later target/outcome review needs it.,official_lda_filing_text_bill_identifier; official_lda_activity_text_source_review; deterministic_activity_text_position_signal; disposition_target_review_queue; congressgov_bill_action_metadata_context,manual_disposition_confirmation; sponsor_or_member_target; committee_action_influence; roll_call_influence; legislative_outcome_causality; public_benefit_or_welfare_validation; causal_capture_validation; model_validation,https://lda.gov/filings/public/filing/6af721c0-8dcf-4782-96b6-976eacdad07b/print/; https://lda.gov/api/v1/filings/6af721c0-8dcf-4782-96b6-976eacdad07b/; https://www.congress.gov/bill/117th-congress/s-bill/516; https://api.congress.gov/v3/bill/117/s/516,"LDA disposition/target source-review queue only; deterministic text signals and possible target references are not manual disposition confirmation, sponsor/member targeting evidence, committee-action influence, roll-call influence, legislative-outcome causality, public benefit, welfare, causal capture, or model validation."
450,062ff5f033432442,low,no,bill_reference_only_no_disposition_or_target_signal,117-s-516,117-203,Transportation and Public Works,M000934,1,1,1,5245f53f-f996-454b-aa62-bab61af086e3,2022,1st Quarter (Jan 1 - Mar 31),PROFESSIONAL AVIATION SAFETY SPECIALISTS,PROFESSIONAL AVIATION SAFETY SPECIALISTS,Aviation/Airlines/Airports,S. 516,exact_bill_text_bill_list_or_title_only,bill_reference_without_disposition_signal,none_detected,none_detected,none_detected,house_senate_and_agency_entities_disclosed,not_detected_in_activity_text,chamber_entity_context_only_no_specific_target_detected,...propriations H.R. 4502 FY2022 Consolidated Appropriations Act H.R.4042 - Aviation Funding Stability Act H.R. 1339 - Advanced Air Mobility Coordination and Leadership Act S. 516 - Advanced Air Mobility Coordination and Leadership Act H.R. 3684 - Infrastructure Investment and Jobs Act H.R. 3095 - Fair and Open Skies Act,Keep as bill-reference context unless later target/outcome review needs it.,official_lda_filing_text_bill_identifier; official_lda_activity_text_source_review; deterministic_activity_text_position_signal; disposition_target_review_queue; congressgov_bill_action_metadata_context,manual_disposition_confirmation; sponsor_or_member_target; committee_action_influence; roll_call_influence; legislative_outcome_causality; public_benefit_or_welfare_validation; causal_capture_validation; model_validation,https://lda.gov/filings/public/filing/5245f53f-f996-454b-aa62-bab61af086e3/print/; https://lda.gov/api/v1/filings/5245f53f-f996-454b-aa62-bab61af086e3/; https://www.congress.gov/bill/117th-congress/s-bill/516; https://api.congress.gov/v3/bill/117/s/516,"LDA disposition/target source-review queue only; deterministic text signals and possible target references are not manual disposition confirmation, sponsor/member targeting evidence, committee-action influence, roll-call influence, legislative-outcome causality, public benefit, welfare, causal capture, or model validation."
451,3f45c0097133254f,low,no,bill_reference_only_no_disposition_or_target_signal,117-s-516,117-203,Transportation and Public Works,M000934,1,1,1,5245f53f-f996-454b-aa62-bab61af086e3,2022,1st Quarter (Jan 1 - Mar 31),PROFESSIONAL AVIATION SAFETY SPECIALISTS,PROFESSIONAL AVIATION SAFETY SPECIALISTS,Transportation,S. 516,exact_bill_text_bill_list_or_title_only,bill_reference_without_disposition_signal,none_detected,none_detected,none_detected,house_senate_and_agency_entities_disclosed,not_detected_in_activity_text,chamber_entity_context_only_no_specific_target_detected,...ent Appropriations H.R. 4502 FY2022 Consolidated Approps. Act H.R.4042 - Aviation Funding Stability Act H.R. 1339 - Advanced Air Mobility Coordination and Leadership Act S. 516 - Advanced Air Mobility Coordination and Leadership Act FAA Staffing and Training. H.R. 3684 - Infrastructure Investment and Jobs Act H.R. 3095 - Fair and Open Skies Act,Keep as bill-reference context unless later target/outcome review needs it.,official_lda_filing_text_bill_identifier; official_lda_activity_text_source_review; deterministic_activity_text_position_signal; disposition_target_review_queue; congressgov_bill_action_metadata_context,manual_disposition_confirmation; sponsor_or_member_target; committee_action_influence; roll_call_influence; legislative_outcome_causality; public_benefit_or_welfare_validation; causal_capture_validation; model_validation,https://lda.gov/filings/public/filing/5245f53f-f996-454b-aa62-bab61af086e3/print/; https://lda.gov/api/v1/filings/5245f53f-f996-454b-aa62-bab61af086e3/; https://www.congress.gov/bill/117th-congress/s-bill/516; https://api.congress.gov/v3/bill/117/s/516,"LDA disposition/target source-review queue only; deterministic text signals and possible target references are not manual disposition confirmation, sponsor/member targeting evidence, committee-action influence, roll-call influence, legislative-outcome causality, public benefit, welfare, causal capture, or model validation."
452,a49bd2a3f25cd57f,low,no,bill_reference_only_no_disposition_or_target_signal,117-s-516,117-203,Transportation and Public Works,M000934,1,1,1,d15848c9-1e0e-48e0-a950-801db7147704,2022,1st Quarter (Jan 1 - Mar 31),VERTICAL AVIATION INTERNATIONAL,VERTICAL AVIATION INTERNATIONAL,Aviation/Airlines/Airports,S 516,exact_bill_text_bill_list_or_title_only,bill_reference_without_disposition_signal,none_detected,none_detected,none_detected,house_senate_and_agency_entities_disclosed,not_detected_in_activity_text,chamber_entity_context_only_no_specific_target_detected,"...R. 1339, Advanced Air Mobility Coordination and Leadership Act, requires the Secretary of Transportation to establish an advanced air mobility interagency working group. S 516 Advanced Air Mobility Coordination and Leadership Act to create an interagency working group of over 10 departments and agencies to advance advanced air mobility (AAM) e...",Keep as bill-reference context unless later target/outcome review needs it.,official_lda_filing_text_bill_identifier; official_lda_activity_text_source_review; deterministic_activity_text_position_signal; disposition_target_review_queue; congressgov_bill_action_metadata_context,manual_disposition_confirmation; sponsor_or_member_target; committee_action_influence; roll_call_influence; legislative_outcome_causality; public_benefit_or_welfare_validation; causal_capture_validation; model_validation,https://lda.gov/filings/public/filing/d15848c9-1e0e-48e0-a950-801db7147704/print/; https://lda.gov/api/v1/filings/d15848c9-1e0e-48e0-a950-801db7147704/; https://www.congress.gov/bill/117th-congress/s-bill/516; https://api.congress.gov/v3/bill/117/s/516,"LDA disposition/target source-review queue only; deterministic text signals and possible target references are not manual disposition confirmation, sponsor/member targeting evidence, committee-action influence, roll-call influence, legislative-outcome causality, public benefit, welfare, causal capture, or model validation."
453,67fafa2cf4c8c6ed,low,no,bill_reference_only_no_disposition_or_target_signal,117-s-516,117-203,Transportation and Public Works,M000934,1,1,1,ca17ee58-7e40-467a-9ba7-723f832b22d2,2022,2nd Quarter (Apr 1 - June 30),VERTICAL AVIATION INTERNATIONAL,VERTICAL AVIATION INTERNATIONAL,Aviation/Airlines/Airports,S 516,exact_bill_text_bill_list_or_title_only,bill_reference_without_disposition_signal,none_detected,none_detected,none_detected,house_and_senate_entities_disclosed,not_detected_in_activity_text,chamber_entity_context_only_no_specific_target_detected,"...R. 1339, Advanced Air Mobility Coordination and Leadership Act, requires the Secretary of Transportation to establish an advanced air mobility interagency working group. S 516 Advanced Air Mobility Coordination and Leadership Act to create an interagency working group of over 10 departments and agencies to advance advanced air mobility (AAM) e...",Keep as bill-reference context unless later target/outcome review needs it.,official_lda_filing_text_bill_identifier; official_lda_activity_text_source_review; deterministic_activity_text_position_signal; disposition_target_review_queue; congressgov_bill_action_metadata_context,manual_disposition_confirmation; sponsor_or_member_target; committee_action_influence; roll_call_influence; legislative_outcome_causality; public_benefit_or_welfare_validation; causal_capture_validation; model_validation,https://lda.gov/filings/public/filing/ca17ee58-7e40-467a-9ba7-723f832b22d2/print/; https://lda.gov/api/v1/filings/ca17ee58-7e40-467a-9ba7-723f832b22d2/; https://www.congress.gov/bill/117th-congress/s-bill/516; https://api.congress.gov/v3/bill/117/s/516,"LDA disposition/target source-review queue only; deterministic text signals and possible target references are not manual disposition confirmation, sponsor/member targeting evidence, committee-action influence, roll-call influence, legislative-outcome causality, public benefit, welfare, causal capture, or model validation."
454,a1163abba8bb1f55,low,no,bill_reference_only_no_disposition_or_target_signal,117-s-558,117-316,Public Lands and Natural Resources,W000437,1,1,1,6ae142ff-507b-45d5-928b-3b67dd191034,2021,1st Quarter (Jan 1 - Mar 31),NATIONAL SOCIETY OF PROFESSIONAL SURVEYORS,MILLER & WENHOLD CAPITOL STRATEGIES,Environment/Superfund,S. 558,exact_bill_text_bill_list_or_title_only,bill_reference_without_disposition_signal,none_detected,none_detected,none_detected,house_and_senate_entities_disclosed,not_detected_in_activity_text,chamber_entity_context_only_no_specific_target_detected,"...loration Act;"" H.R. 1437, ""Providing Research and Estimates of Changes in Precipitation Act;"" H.R. 1438, ""Flood Level Observation, Operations, and Decision Support Act;"" S. 558, ""Flood Level Observation, Operations, and Decision Support Act;"" H.R. 1512, ""Climate Leadership and Environmental Action for our Nations Future Act;"" H.R. 2021, ""Enviro...",Keep as bill-reference context unless later target/outcome review needs it.,official_lda_filing_text_bill_identifier; official_lda_activity_text_source_review; deterministic_activity_text_position_signal; disposition_target_review_queue; congressgov_bill_action_metadata_context,manual_disposition_confirmation; sponsor_or_member_target; committee_action_influence; roll_call_influence; legislative_outcome_causality; public_benefit_or_welfare_validation; causal_capture_validation; model_validation,https://lda.gov/filings/public/filing/6ae142ff-507b-45d5-928b-3b67dd191034/print/; https://lda.gov/api/v1/filings/6ae142ff-507b-45d5-928b-3b67dd191034/; https://www.congress.gov/bill/117th-congress/s-bill/558; https://api.congress.gov/v3/bill/117/s/558,"LDA disposition/target source-review queue only; deterministic text signals and possible target references are not manual disposition confirmation, sponsor/member targeting evidence, committee-action influence, roll-call influence, legislative-outcome causality, public benefit, welfare, causal capture, or model validation."
455,b3487f08b07ce0b6,low,no,bill_reference_only_no_disposition_or_target_signal,117-s-558,117-316,Public Lands and Natural Resources,W000437,1,1,1,c1781dd7-a09a-4ced-8c70-5fd12c6a5243,2021,1st Quarter (Jan 1 - Mar 31),SANBORN MAP COMPANY,PROFECTUS INVESTMENTS LLC,Natural Resources,S. 558,exact_bill_text_bill_list_or_title_only,bill_reference_without_disposition_signal,none_detected,none_detected,none_detected,house_senate_and_agency_entities_disclosed,not_detected_in_activity_text,chamber_entity_context_only_no_specific_target_detected,"Floods Act (S. 558, H.R. 1438) 3D Elevation Program Digital Coast Program Geospatial Data Act",Keep as bill-reference context unless later target/outcome review needs it.,official_lda_filing_text_bill_identifier; official_lda_activity_text_source_review; deterministic_activity_text_position_signal; disposition_target_review_queue; congressgov_bill_action_metadata_context,manual_disposition_confirmation; sponsor_or_member_target; committee_action_influence; roll_call_influence; legislative_outcome_causality; public_benefit_or_welfare_validation; causal_capture_validation; model_validation,https://lda.gov/filings/public/filing/c1781dd7-a09a-4ced-8c70-5fd12c6a5243/print/; https://lda.gov/api/v1/filings/c1781dd7-a09a-4ced-8c70-5fd12c6a5243/; https://www.congress.gov/bill/117th-congress/s-bill/558; https://api.congress.gov/v3/bill/117/s/558,"LDA disposition/target source-review queue only; deterministic text signals and possible target references are not manual disposition confirmation, sponsor/member targeting evidence, committee-action influence, roll-call influence, legislative-outcome causality, public benefit, welfare, causal capture, or model validation."
456,135a7138a7e5ef0e,low,no,bill_reference_only_no_disposition_or_target_signal,117-s-558,117-316,Public Lands and Natural Resources,W000437,1,1,1,1267db79-48e5-421b-acdc-9aaeccee5f3e,2021,2nd Quarter (Apr 1 - June 30),NATIONAL SOCIETY OF PROFESSIONAL SURVEYORS,MILLER & WENHOLD CAPITOL STRATEGIES,Environment/Superfund,S. 558,exact_bill_text_bill_list_or_title_only,bill_reference_without_disposition_signal,none_detected,none_detected,none_detected,house_and_senate_entities_disclosed,not_detected_in_activity_text,chamber_entity_context_only_no_specific_target_detected,"...loration Act;"" H.R. 1437, ""Providing Research and Estimates of Changes in Precipitation Act;"" H.R. 1438, ""Flood Level Observation, Operations, and Decision Support Act;"" S. 558, ""Flood Level Observation, Operations, and Decision Support Act;"" H.R. 1512, ""Climate Leadership and Environmental Action for our Nations Future Act;"" H.R. 2021, ""Enviro...",Keep as bill-reference context unless later target/outcome review needs it.,official_lda_filing_text_bill_identifier; official_lda_activity_text_source_review; deterministic_activity_text_position_signal; disposition_target_review_queue; congressgov_bill_action_metadata_context,manual_disposition_confirmation; sponsor_or_member_target; committee_action_influence; roll_call_influence; legislative_outcome_causality; public_benefit_or_welfare_validation; causal_capture_validation; model_validation,https://lda.gov/filings/public/filing/1267db79-48e5-421b-acdc-9aaeccee5f3e/print/; https://lda.gov/api/v1/filings/1267db79-48e5-421b-acdc-9aaeccee5f3e/; https://www.congress.gov/bill/117th-congress/s-bill/558; https://api.congress.gov/v3/bill/117/s/558,"LDA disposition/target source-review queue only; deterministic text signals and possible target references are not manual disposition confirmation, sponsor/member targeting evidence, committee-action influence, roll-call influence, legislative-outcome causality, public benefit, welfare, causal capture, or model validation."
457,dfc743f97f3a0d73,low,no,bill_reference_only_no_disposition_or_target_signal,117-s-558,117-316,Public Lands and Natural Resources,W000437,1,1,1,1a6545e1-d844-4e00-8748-14aae507d75d,2021,2nd Quarter (Apr 1 - June 30),SANBORN MAP COMPANY,PROFECTUS INVESTMENTS LLC,Natural Resources,S. 558,exact_bill_text_bill_list_or_title_only,bill_reference_without_disposition_signal,none_detected,none_detected,none_detected,house_senate_and_agency_entities_disclosed,not_detected_in_activity_text,chamber_entity_context_only_no_specific_target_detected,"Floods Act (S. 558, H.R. 1438) 3D Elevation Program Digital Coast Program Geospatial Data Act",Keep as bill-reference context unless later target/outcome review needs it.,official_lda_filing_text_bill_identifier; official_lda_activity_text_source_review; deterministic_activity_text_position_signal; disposition_target_review_queue; congressgov_bill_action_metadata_context,manual_disposition_confirmation; sponsor_or_member_target; committee_action_influence; roll_call_influence; legislative_outcome_causality; public_benefit_or_welfare_validation; causal_capture_validation; model_validation,https://lda.gov/filings/public/filing/1a6545e1-d844-4e00-8748-14aae507d75d/print/; https://lda.gov/api/v1/filings/1a6545e1-d844-4e00-8748-14aae507d75d/; https://www.congress.gov/bill/117th-congress/s-bill/558; https://api.congress.gov/v3/bill/117/s/558,"LDA disposition/target source-review queue only; deterministic text signals and possible target references are not manual disposition confirmation, sponsor/member targeting evidence, committee-action influence, roll-call influence, legislative-outcome causality, public benefit, welfare, causal capture, or model validation."
458,56f696ce693f3b8a,low,no,bill_reference_only_no_disposition_or_target_signal,117-s-558,117-316,Public Lands and Natural Resources,W000437,1,1,1,0106a1f9-c773-4b94-adeb-7cd52e675d32,2021,3rd Quarter (July 1 - Sep 30),NATIONAL SOCIETY OF PROFESSIONAL SURVEYORS,MILLER & WENHOLD CAPITOL STRATEGIES,Environment/Superfund,S. 558,exact_bill_text_bill_list_or_title_only,bill_reference_without_disposition_signal,none_detected,none_detected,none_detected,house_and_senate_entities_disclosed,not_detected_in_activity_text,chamber_entity_context_only_no_specific_target_detected,"...loration Act;"" H.R. 1437, ""Providing Research and Estimates of Changes in Precipitation Act;"" H.R. 1438, ""Flood Level Observation, Operations, and Decision Support Act;"" S. 558, ""Flood Level Observation, Operations, and Decision Support Act;"" H.R. 1512, ""Climate Leadership and Environmental Action for our Nations Future Act;"" H.R. 2021, ""Enviro...",Keep as bill-reference context unless later target/outcome review needs it.,official_lda_filing_text_bill_identifier; official_lda_activity_text_source_review; deterministic_activity_text_position_signal; disposition_target_review_queue; congressgov_bill_action_metadata_context,manual_disposition_confirmation; sponsor_or_member_target; committee_action_influence; roll_call_influence; legislative_outcome_causality; public_benefit_or_welfare_validation; causal_capture_validation; model_validation,https://lda.gov/filings/public/filing/0106a1f9-c773-4b94-adeb-7cd52e675d32/print/; https://lda.gov/api/v1/filings/0106a1f9-c773-4b94-adeb-7cd52e675d32/; https://www.congress.gov/bill/117th-congress/s-bill/558; https://api.congress.gov/v3/bill/117/s/558,"LDA disposition/target source-review queue only; deterministic text signals and possible target references are not manual disposition confirmation, sponsor/member targeting evidence, committee-action influence, roll-call influence, legislative-outcome causality, public benefit, welfare, causal capture, or model validation."
459,46b01296a67ca258,low,no,bill_reference_only_no_disposition_or_target_signal,117-s-558,117-316,Public Lands and Natural Resources,W000437,1,1,1,4b547a87-fb46-4fbe-8b96-2c9bb8f4088f,2021,3rd Quarter (July 1 - Sep 30),SANBORN MAP COMPANY,PROFECTUS INVESTMENTS LLC,Natural Resources,S. 558,exact_bill_text_bill_list_or_title_only,bill_reference_without_disposition_signal,none_detected,none_detected,none_detected,house_senate_and_agency_entities_disclosed,not_detected_in_activity_text,chamber_entity_context_only_no_specific_target_detected,"Floods Act (S. 558, H.R. 1438) 3D Elevation Program Digital Coast Program Geospatial Data Act",Keep as bill-reference context unless later target/outcome review needs it.,official_lda_filing_text_bill_identifier; official_lda_activity_text_source_review; deterministic_activity_text_position_signal; disposition_target_review_queue; congressgov_bill_action_metadata_context,manual_disposition_confirmation; sponsor_or_member_target; committee_action_influence; roll_call_influence; legislative_outcome_causality; public_benefit_or_welfare_validation; causal_capture_validation; model_validation,https://lda.gov/filings/public/filing/4b547a87-fb46-4fbe-8b96-2c9bb8f4088f/print/; https://lda.gov/api/v1/filings/4b547a87-fb46-4fbe-8b96-2c9bb8f4088f/; https://www.congress.gov/bill/117th-congress/s-bill/558; https://api.congress.gov/v3/bill/117/s/558,"LDA disposition/target source-review queue only; deterministic text signals and possible target references are not manual disposition confirmation, sponsor/member targeting evidence, committee-action influence, roll-call influence, legislative-outcome causality, public benefit, welfare, causal capture, or model validation."
460,7011fc3f73b42b2f,low,no,bill_reference_only_no_disposition_or_target_signal,117-s-558,117-316,Public Lands and Natural Resources,W000437,1,1,1,8b058a4b-a504-4fd2-8d27-4b93ea5afc1e,2021,3rd Quarter (July 1 - Sep 30),SANBORN MAP COMPANY,PROFECTUS INVESTMENTS LLC,Natural Resources,S. 558,exact_bill_text_bill_list_or_title_only,bill_reference_without_disposition_signal,none_detected,none_detected,none_detected,house_senate_and_agency_entities_disclosed,not_detected_in_activity_text,chamber_entity_context_only_no_specific_target_detected,"Floods Act (S. 558, H.R. 1438) 3D Elevation Program Digital Coast Program Geospatial Data Act",Keep as bill-reference context unless later target/outcome review needs it.,official_lda_filing_text_bill_identifier; official_lda_activity_text_source_review; deterministic_activity_text_position_signal; disposition_target_review_queue; congressgov_bill_action_metadata_context,manual_disposition_confirmation; sponsor_or_member_target; committee_action_influence; roll_call_influence; legislative_outcome_causality; public_benefit_or_welfare_validation; causal_capture_validation; model_validation,https://lda.gov/filings/public/filing/8b058a4b-a504-4fd2-8d27-4b93ea5afc1e/print/; https://lda.gov/api/v1/filings/8b058a4b-a504-4fd2-8d27-4b93ea5afc1e/; https://www.congress.gov/bill/117th-congress/s-bill/558; https://api.congress.gov/v3/bill/117/s/558,"LDA disposition/target source-review queue only; deterministic text signals and possible target references are not manual disposition confirmation, sponsor/member targeting evidence, committee-action influence, roll-call influence, legislative-outcome causality, public benefit, welfare, causal capture, or model validation."
461,735e390e285be834,low,no,bill_reference_only_no_disposition_or_target_signal,117-s-558,117-316,Public Lands and Natural Resources,W000437,1,1,1,2fbdce63-1570-4748-958f-9df61dd54391,2021,3rd Quarter (July 1 - Sep 30),SANBORN MAP COMPANY,PROFECTUS INVESTMENTS LLC,Natural Resources,S. 558,exact_bill_text_bill_list_or_title_only,bill_reference_without_disposition_signal,none_detected,none_detected,none_detected,house_senate_and_agency_entities_disclosed,not_detected_in_activity_text,chamber_entity_context_only_no_specific_target_detected,"Floods Act (S. 558, H.R. 1438) 3D Elevation Program Digital Coast Program Geospatial Data Act",Keep as bill-reference context unless later target/outcome review needs it.,official_lda_filing_text_bill_identifier; official_lda_activity_text_source_review; deterministic_activity_text_position_signal; disposition_target_review_queue; congressgov_bill_action_metadata_context,manual_disposition_confirmation; sponsor_or_member_target; committee_action_influence; roll_call_influence; legislative_outcome_causality; public_benefit_or_welfare_validation; causal_capture_validation; model_validation,https://lda.gov/filings/public/filing/2fbdce63-1570-4748-958f-9df61dd54391/print/; https://lda.gov/api/v1/filings/2fbdce63-1570-4748-958f-9df61dd54391/; https://www.congress.gov/bill/117th-congress/s-bill/558; https://api.congress.gov/v3/bill/117/s/558,"LDA disposition/target source-review queue only; deterministic text signals and possible target references are not manual disposition confirmation, sponsor/member targeting evidence, committee-action influence, roll-call influence, legislative-outcome causality, public benefit, welfare, causal capture, or model validation."
462,07acd605569e252b,low,no,bill_reference_only_no_disposition_or_target_signal,117-s-558,117-316,Public Lands and Natural Resources,W000437,1,1,1,fa7d1bd6-c45a-427e-83f8-f4af53266309,2021,4th Quarter (Oct 1 - Dec 31),AMERICAN PROPERTY CASUALTY INSURANCE ASSOCIATION,AMERICAN PROPERTY CASUALTY INSURANCE ASSOCIATION FKA PROPERTY CASUALTY INSURERS ASSOC. OF AMERICA,Disaster Planning/Emergencies,S. 558,exact_bill_text_bill_list_or_title_only,bill_reference_without_disposition_signal,none_detected,none_detected,none_detected,house_senate_and_agency_entities_disclosed,not_detected_in_activity_text,chamber_entity_context_only_no_specific_target_detected,...in infrastructure H.R. 3442 Prescribed Fire Management H.R. 4614 Forest Management Activities S. 2806 Forest Restoration Projects H.R. 5305 Extending Government Funding S. 558 National Integrated Flood Information System **Issues lobbied without specific bill number: National Windstorm Impact Reduction Program,Keep as bill-reference context unless later target/outcome review needs it.,official_lda_filing_text_bill_identifier; official_lda_activity_text_source_review; deterministic_activity_text_position_signal; disposition_target_review_queue; congressgov_bill_action_metadata_context,manual_disposition_confirmation; sponsor_or_member_target; committee_action_influence; roll_call_influence; legislative_outcome_causality; public_benefit_or_welfare_validation; causal_capture_validation; model_validation,https://lda.gov/filings/public/filing/fa7d1bd6-c45a-427e-83f8-f4af53266309/print/; https://lda.gov/api/v1/filings/fa7d1bd6-c45a-427e-83f8-f4af53266309/; https://www.congress.gov/bill/117th-congress/s-bill/558; https://api.congress.gov/v3/bill/117/s/558,"LDA disposition/target source-review queue only; deterministic text signals and possible target references are not manual disposition confirmation, sponsor/member targeting evidence, committee-action influence, roll-call influence, legislative-outcome causality, public benefit, welfare, causal capture, or model validation."
463,faba0911c38f939f,low,no,bill_reference_only_no_disposition_or_target_signal,117-s-558,117-316,Public Lands and Natural Resources,W000437,1,1,1,37d61ebd-2173-42b1-ad8d-11f1b084db60,2021,4th Quarter (Oct 1 - Dec 31),AMERICAN PROPERTY CASUALTY INSURANCE ASSOCIATION FKA PROPERTY CASUALTY INSURERS,"CGCN GROUP, LLC",Disaster Planning/Emergencies,S. 558,exact_bill_text_bill_list_or_title_only,bill_reference_without_disposition_signal,none_detected,none_detected,none_detected,house_and_senate_entities_disclosed,not_detected_in_activity_text,chamber_entity_context_only_no_specific_target_detected,...frastructure H.R. 3442 - Prescribed Fire Management H.R. 4614 - Forest Management Activities S. 2806 - Forest Restoration Projects H.R. 5305 Extending Government Funding S. 558 National Integrated Flood Information System **Issues lobbied without specific bill number: National Windstorm Impact Reduction Program,Keep as bill-reference context unless later target/outcome review needs it.,official_lda_filing_text_bill_identifier; official_lda_activity_text_source_review; deterministic_activity_text_position_signal; disposition_target_review_queue; congressgov_bill_action_metadata_context,manual_disposition_confirmation; sponsor_or_member_target; committee_action_influence; roll_call_influence; legislative_outcome_causality; public_benefit_or_welfare_validation; causal_capture_validation; model_validation,https://lda.gov/filings/public/filing/37d61ebd-2173-42b1-ad8d-11f1b084db60/print/; https://lda.gov/api/v1/filings/37d61ebd-2173-42b1-ad8d-11f1b084db60/; https://www.congress.gov/bill/117th-congress/s-bill/558; https://api.congress.gov/v3/bill/117/s/558,"LDA disposition/target source-review queue only; deterministic text signals and possible target references are not manual disposition confirmation, sponsor/member targeting evidence, committee-action influence, roll-call influence, legislative-outcome causality, public benefit, welfare, causal capture, or model validation."
464,3a893bbe7bd9cfcc,low,no,bill_reference_only_no_disposition_or_target_signal,117-s-558,117-316,Public Lands and Natural Resources,W000437,1,1,1,fab748a4-26e1-4441-b217-6f6771ccea22,2021,4th Quarter (Oct 1 - Dec 31),NATIONAL SOCIETY OF PROFESSIONAL SURVEYORS,MILLER & WENHOLD CAPITOL STRATEGIES,Environment/Superfund,S. 558,exact_bill_text_bill_list_or_title_only,bill_reference_without_disposition_signal,none_detected,none_detected,none_detected,house_and_senate_entities_disclosed,not_detected_in_activity_text,chamber_entity_context_only_no_specific_target_detected,"...loration Act;"" H.R. 1437, ""Providing Research and Estimates of Changes in Precipitation Act;"" H.R. 1438, ""Flood Level Observation, Operations, and Decision Support Act;"" S. 558, ""Flood Level Observation, Operations, and Decision Support Act;"" H.R. 1512, ""Climate Leadership and Environmental Action for our Nations Future Act;"" H.R. 2021, ""Enviro...",Keep as bill-reference context unless later target/outcome review needs it.,official_lda_filing_text_bill_identifier; official_lda_activity_text_source_review; deterministic_activity_text_position_signal; disposition_target_review_queue; congressgov_bill_action_metadata_context,manual_disposition_confirmation; sponsor_or_member_target; committee_action_influence; roll_call_influence; legislative_outcome_causality; public_benefit_or_welfare_validation; causal_capture_validation; model_validation,https://lda.gov/filings/public/filing/fab748a4-26e1-4441-b217-6f6771ccea22/print/; https://lda.gov/api/v1/filings/fab748a4-26e1-4441-b217-6f6771ccea22/; https://www.congress.gov/bill/117th-congress/s-bill/558; https://api.congress.gov/v3/bill/117/s/558,"LDA disposition/target source-review queue only; deterministic text signals and possible target references are not manual disposition confirmation, sponsor/member targeting evidence, committee-action influence, roll-call influence, legislative-outcome causality, public benefit, welfare, causal capture, or model validation."
465,a03628c47d714566,low,no,bill_reference_only_no_disposition_or_target_signal,117-s-558,117-316,Public Lands and Natural Resources,W000437,1,1,1,d64821fc-fe7d-4e73-b157-a0210c86a12e,2021,4th Quarter (Oct 1 - Dec 31),PRIME POLICY GROUP ON BEHALF OF MANAGEMENT ASSOCIATION FOR PRIVATE PHOTOGRAMMETR,PROFECTUS INVESTMENTS LLC,Natural Resources,S. 558,exact_bill_text_bill_list_or_title_only,bill_reference_without_disposition_signal,none_detected,none_detected,none_detected,house_and_senate_entities_disclosed,not_detected_in_activity_text,chamber_entity_context_only_no_specific_target_detected,"3D Elevation Program, Appropriations, FLOODS Act (S. 558), FLAIR Act (S. 2433), NFIP Reauthorization (S. 3128)",Keep as bill-reference context unless later target/outcome review needs it.,official_lda_filing_text_bill_identifier; official_lda_activity_text_source_review; deterministic_activity_text_position_signal; disposition_target_review_queue; congressgov_bill_action_metadata_context,manual_disposition_confirmation; sponsor_or_member_target; committee_action_influence; roll_call_influence; legislative_outcome_causality; public_benefit_or_welfare_validation; causal_capture_validation; model_validation,https://lda.gov/filings/public/filing/d64821fc-fe7d-4e73-b157-a0210c86a12e/print/; https://lda.gov/api/v1/filings/d64821fc-fe7d-4e73-b157-a0210c86a12e/; https://www.congress.gov/bill/117th-congress/s-bill/558; https://api.congress.gov/v3/bill/117/s/558,"LDA disposition/target source-review queue only; deterministic text signals and possible target references are not manual disposition confirmation, sponsor/member targeting evidence, committee-action influence, roll-call influence, legislative-outcome causality, public benefit, welfare, causal capture, or model validation."
466,2ef6ba80d1057ab9,low,no,bill_reference_only_no_disposition_or_target_signal,117-s-558,117-316,Public Lands and Natural Resources,W000437,1,1,1,cee7636f-2690-4d13-a545-e8f45adfc16c,2021,4th Quarter (Oct 1 - Dec 31),SANBORN MAP COMPANY,PROFECTUS INVESTMENTS LLC,Natural Resources,S. 558,exact_bill_text_bill_list_or_title_only,bill_reference_without_disposition_signal,none_detected,none_detected,none_detected,house_and_senate_entities_disclosed,not_detected_in_activity_text,chamber_entity_context_only_no_specific_target_detected,"Floods Act (S. 558, H.R. 1438) 3D Elevation Program Digital Coast Program Geospatial Data Act",Keep as bill-reference context unless later target/outcome review needs it.,official_lda_filing_text_bill_identifier; official_lda_activity_text_source_review; deterministic_activity_text_position_signal; disposition_target_review_queue; congressgov_bill_action_metadata_context,manual_disposition_confirmation; sponsor_or_member_target; committee_action_influence; roll_call_influence; legislative_outcome_causality; public_benefit_or_welfare_validation; causal_capture_validation; model_validation,https://lda.gov/filings/public/filing/cee7636f-2690-4d13-a545-e8f45adfc16c/print/; https://lda.gov/api/v1/filings/cee7636f-2690-4d13-a545-e8f45adfc16c/; https://www.congress.gov/bill/117th-congress/s-bill/558; https://api.congress.gov/v3/bill/117/s/558,"LDA disposition/target source-review queue only; deterministic text signals and possible target references are not manual disposition confirmation, sponsor/member targeting evidence, committee-action influence, roll-call influence, legislative-outcome causality, public benefit, welfare, causal capture, or model validation."
467,95b3f8f94450a295,low,no,bill_reference_only_no_disposition_or_target_signal,117-s-558,117-316,Public Lands and Natural Resources,W000437,1,1,1,02d7dd80-c62b-4b52-a7b3-838385678df8,2022,1st Quarter (Jan 1 - Mar 31),AMERICAN PROPERTY CASUALTY INSURANCE ASSOCIATION,AMERICAN PROPERTY CASUALTY INSURANCE ASSOCIATION FKA PROPERTY CASUALTY INSURERS ASSOC. OF AMERICA,Disaster Planning/Emergencies,S. 558,exact_bill_text_bill_list_or_title_only,bill_reference_without_disposition_signal,none_detected,none_detected,none_detected,house_and_senate_entities_disclosed,not_detected_in_activity_text,chamber_entity_context_only_no_specific_target_detected,...in infrastructure H.R. 3442 Prescribed Fire Management H.R. 4614 Forest Management Activities S. 2806 Forest Restoration Projects H.R. 5305 Extending Government Funding S. 558 National Integrated Flood Information System **Issues lobbied without specific bill number: National Windstorm Impact Reduction Program H.R. 4664 Forest Management and H...,Keep as bill-reference context unless later target/outcome review needs it.,official_lda_filing_text_bill_identifier; official_lda_activity_text_source_review; deterministic_activity_text_position_signal; disposition_target_review_queue; congressgov_bill_action_metadata_context,manual_disposition_confirmation; sponsor_or_member_target; committee_action_influence; roll_call_influence; legislative_outcome_causality; public_benefit_or_welfare_validation; causal_capture_validation; model_validation,https://lda.gov/filings/public/filing/02d7dd80-c62b-4b52-a7b3-838385678df8/print/; https://lda.gov/api/v1/filings/02d7dd80-c62b-4b52-a7b3-838385678df8/; https://www.congress.gov/bill/117th-congress/s-bill/558; https://api.congress.gov/v3/bill/117/s/558,"LDA disposition/target source-review queue only; deterministic text signals and possible target references are not manual disposition confirmation, sponsor/member targeting evidence, committee-action influence, roll-call influence, legislative-outcome causality, public benefit, welfare, causal capture, or model validation."
468,9c7190fe786fa34a,low,no,bill_reference_only_no_disposition_or_target_signal,117-s-558,117-316,Public Lands and Natural Resources,W000437,1,1,1,3ed0cdbd-2594-49f2-a167-3088bc470246,2022,1st Quarter (Jan 1 - Mar 31),AMERICAN PROPERTY CASUALTY INSURANCE ASSOCIATION FKA PROPERTY CASUALTY INSURERS,"CGCN GROUP, LLC",Disaster Planning/Emergencies,S. 558,exact_bill_text_bill_list_or_title_only,bill_reference_without_disposition_signal,none_detected,none_detected,none_detected,house_and_senate_entities_disclosed,not_detected_in_activity_text,chamber_entity_context_only_no_specific_target_detected,...in infrastructure H.R. 3442 Prescribed Fire Management H.R. 4614 Forest Management Activities S. 2806 Forest Restoration Projects H.R. 5305 Extending Government Funding S. 558 National Integrated Flood Information System **Issues lobbied without specific bill number: National Windstorm Impact Reduction Program H.R. 4664 Forest Management and H...,Keep as bill-reference context unless later target/outcome review needs it.,official_lda_filing_text_bill_identifier; official_lda_activity_text_source_review; deterministic_activity_text_position_signal; disposition_target_review_queue; congressgov_bill_action_metadata_context,manual_disposition_confirmation; sponsor_or_member_target; committee_action_influence; roll_call_influence; legislative_outcome_causality; public_benefit_or_welfare_validation; causal_capture_validation; model_validation,https://lda.gov/filings/public/filing/3ed0cdbd-2594-49f2-a167-3088bc470246/print/; https://lda.gov/api/v1/filings/3ed0cdbd-2594-49f2-a167-3088bc470246/; https://www.congress.gov/bill/117th-congress/s-bill/558; https://api.congress.gov/v3/bill/117/s/558,"LDA disposition/target source-review queue only; deterministic text signals and possible target references are not manual disposition confirmation, sponsor/member targeting evidence, committee-action influence, roll-call influence, legislative-outcome causality, public benefit, welfare, causal capture, or model validation."
469,58e986cce84724fa,low,no,bill_reference_only_no_disposition_or_target_signal,117-s-558,117-316,Public Lands and Natural Resources,W000437,1,1,1,81e1f716-53e4-4931-83c2-505f12f06032,2022,1st Quarter (Jan 1 - Mar 31),NATIONAL SOCIETY OF PROFESSIONAL SURVEYORS,MILLER & WENHOLD CAPITOL STRATEGIES,Environment/Superfund,S. 558,exact_bill_text_bill_list_or_title_only,bill_reference_without_disposition_signal,none_detected,none_detected,none_detected,house_and_senate_entities_disclosed,not_detected_in_activity_text,chamber_entity_context_only_no_specific_target_detected,"...loration Act;"" H.R. 1437, ""Providing Research and Estimates of Changes in Precipitation Act;"" H.R. 1438, ""Flood Level Observation, Operations, and Decision Support Act;"" S. 558, ""Flood Level Observation, Operations, and Decision Support Act;"" H.R. 1512, ""Climate Leadership and Environmental Action for our Nations Future Act;"" H.R. 2021, ""Enviro...",Keep as bill-reference context unless later target/outcome review needs it.,official_lda_filing_text_bill_identifier; official_lda_activity_text_source_review; deterministic_activity_text_position_signal; disposition_target_review_queue; congressgov_bill_action_metadata_context,manual_disposition_confirmation; sponsor_or_member_target; committee_action_influence; roll_call_influence; legislative_outcome_causality; public_benefit_or_welfare_validation; causal_capture_validation; model_validation,https://lda.gov/filings/public/filing/81e1f716-53e4-4931-83c2-505f12f06032/print/; https://lda.gov/api/v1/filings/81e1f716-53e4-4931-83c2-505f12f06032/; https://www.congress.gov/bill/117th-congress/s-bill/558; https://api.congress.gov/v3/bill/117/s/558,"LDA disposition/target source-review queue only; deterministic text signals and possible target references are not manual disposition confirmation, sponsor/member targeting evidence, committee-action influence, roll-call influence, legislative-outcome causality, public benefit, welfare, causal capture, or model validation."
470,e3941e9fac49ac25,low,no,bill_reference_only_no_disposition_or_target_signal,117-s-558,117-316,Public Lands and Natural Resources,W000437,1,1,1,e33c2e9c-954e-4127-b905-70b9badcdaf1,2022,1st Quarter (Jan 1 - Mar 31),PRIME POLICY GROUP ON BEHALF OF MANAGEMENT ASSOCIATION FOR PRIVATE PHOTOGRAMMETR,PROFECTUS INVESTMENTS LLC,Natural Resources,S. 558,exact_bill_text_bill_list_or_title_only,bill_reference_without_disposition_signal,none_detected,none_detected,none_detected,house_and_senate_entities_disclosed,not_detected_in_activity_text,chamber_entity_context_only_no_specific_target_detected,"3D Elevation Program, Appropriations, FLOODS Act (S. 558), FLAIR Act (S. 2433), NFIP Reauthorization (S. 3128), MAPLANDS Act (S. 904, HR 3113)",Keep as bill-reference context unless later target/outcome review needs it.,official_lda_filing_text_bill_identifier; official_lda_activity_text_source_review; deterministic_activity_text_position_signal; disposition_target_review_queue; congressgov_bill_action_metadata_context,manual_disposition_confirmation; sponsor_or_member_target; committee_action_influence; roll_call_influence; legislative_outcome_causality; public_benefit_or_welfare_validation; causal_capture_validation; model_validation,https://lda.gov/filings/public/filing/e33c2e9c-954e-4127-b905-70b9badcdaf1/print/; https://lda.gov/api/v1/filings/e33c2e9c-954e-4127-b905-70b9badcdaf1/; https://www.congress.gov/bill/117th-congress/s-bill/558; https://api.congress.gov/v3/bill/117/s/558,"LDA disposition/target source-review queue only; deterministic text signals and possible target references are not manual disposition confirmation, sponsor/member targeting evidence, committee-action influence, roll-call influence, legislative-outcome causality, public benefit, welfare, causal capture, or model validation."
471,3e24569cee3d7d65,low,no,bill_reference_only_no_disposition_or_target_signal,117-s-558,117-316,Public Lands and Natural Resources,W000437,1,1,1,3df964fb-d457-4df7-9cce-f66f4b2f0b81,2022,1st Quarter (Jan 1 - Mar 31),SANBORN MAP COMPANY,PROFECTUS INVESTMENTS LLC,Natural Resources,S. 558,exact_bill_text_bill_list_or_title_only,bill_reference_without_disposition_signal,none_detected,none_detected,none_detected,house_and_senate_entities_disclosed,not_detected_in_activity_text,chamber_entity_context_only_no_specific_target_detected,"Floods Act (S. 558, H.R. 1438) 3D Elevation Program Geospatial Data Act",Keep as bill-reference context unless later target/outcome review needs it.,official_lda_filing_text_bill_identifier; official_lda_activity_text_source_review; deterministic_activity_text_position_signal; disposition_target_review_queue; congressgov_bill_action_metadata_context,manual_disposition_confirmation; sponsor_or_member_target; committee_action_influence; roll_call_influence; legislative_outcome_causality; public_benefit_or_welfare_validation; causal_capture_validation; model_validation,https://lda.gov/filings/public/filing/3df964fb-d457-4df7-9cce-f66f4b2f0b81/print/; https://lda.gov/api/v1/filings/3df964fb-d457-4df7-9cce-f66f4b2f0b81/; https://www.congress.gov/bill/117th-congress/s-bill/558; https://api.congress.gov/v3/bill/117/s/558,"LDA disposition/target source-review queue only; deterministic text signals and possible target references are not manual disposition confirmation, sponsor/member targeting evidence, committee-action influence, roll-call influence, legislative-outcome causality, public benefit, welfare, causal capture, or model validation."
472,38d1367b96f9c1e5,low,no,bill_reference_only_no_disposition_or_target_signal,117-s-558,117-316,Public Lands and Natural Resources,W000437,1,1,1,dd530264-b696-48c7-a114-c987603daac5,2022,1st Quarter (Jan 1 - Mar 31),TOMORROW.IO,GREEN CAPITOL LLC,Science/Technology,S. 558,exact_bill_text_bill_list_or_title_only,bill_reference_without_disposition_signal,none_detected,none_detected,none_detected,house_senate_and_agency_entities_disclosed,not_detected_in_activity_text,chamber_entity_context_only_no_specific_target_detected,"...ing and data sharing, as well as consideration of expedited timelines for implementation. Also work on other new and/or draft legislation in these issue areas, including S. 558. Specific program appropriations for various agencies and programs at NOAA, NASA, DOD to ensure proper funding remains for important weather intelligence work and public...",Keep as bill-reference context unless later target/outcome review needs it.,official_lda_filing_text_bill_identifier; official_lda_activity_text_source_review; deterministic_activity_text_position_signal; disposition_target_review_queue; congressgov_bill_action_metadata_context,manual_disposition_confirmation; sponsor_or_member_target; committee_action_influence; roll_call_influence; legislative_outcome_causality; public_benefit_or_welfare_validation; causal_capture_validation; model_validation,https://lda.gov/filings/public/filing/dd530264-b696-48c7-a114-c987603daac5/print/; https://lda.gov/api/v1/filings/dd530264-b696-48c7-a114-c987603daac5/; https://www.congress.gov/bill/117th-congress/s-bill/558; https://api.congress.gov/v3/bill/117/s/558,"LDA disposition/target source-review queue only; deterministic text signals and possible target references are not manual disposition confirmation, sponsor/member targeting evidence, committee-action influence, roll-call influence, legislative-outcome causality, public benefit, welfare, causal capture, or model validation."
473,8a2e8b35df2fad3b,low,no,bill_reference_only_no_disposition_or_target_signal,117-s-558,117-316,Public Lands and Natural Resources,W000437,1,1,1,521fc5ec-d087-44f8-a625-dbf2ae59a388,2022,2nd Quarter (Apr 1 - June 30),AMERICAN PROPERTY CASUALTY INSURANCE ASSOCIATION,AMERICAN PROPERTY CASUALTY INSURANCE ASSOCIATION FKA PROPERTY CASUALTY INSURERS ASSOC. OF AMERICA,Disaster Planning/Emergencies,S. 558,exact_bill_text_bill_list_or_title_only,bill_reference_without_disposition_signal,none_detected,none_detected,none_detected,house_and_senate_entities_disclosed,not_detected_in_activity_text,chamber_entity_context_only_no_specific_target_detected,...in infrastructure H.R. 3442 Prescribed Fire Management H.R. 4614 Forest Management Activities S. 2806 Forest Restoration Projects H.R. 5305 Extending Government Funding S. 558 National Integrated Flood Information System **Issues lobbied without specific bill number: National Windstorm Impact Reduction Program H.R. 4664 Forest Management and H...,Keep as bill-reference context unless later target/outcome review needs it.,official_lda_filing_text_bill_identifier; official_lda_activity_text_source_review; deterministic_activity_text_position_signal; disposition_target_review_queue; congressgov_bill_action_metadata_context,manual_disposition_confirmation; sponsor_or_member_target; committee_action_influence; roll_call_influence; legislative_outcome_causality; public_benefit_or_welfare_validation; causal_capture_validation; model_validation,https://lda.gov/filings/public/filing/521fc5ec-d087-44f8-a625-dbf2ae59a388/print/; https://lda.gov/api/v1/filings/521fc5ec-d087-44f8-a625-dbf2ae59a388/; https://www.congress.gov/bill/117th-congress/s-bill/558; https://api.congress.gov/v3/bill/117/s/558,"LDA disposition/target source-review queue only; deterministic text signals and possible target references are not manual disposition confirmation, sponsor/member targeting evidence, committee-action influence, roll-call influence, legislative-outcome causality, public benefit, welfare, causal capture, or model validation."
474,56e1fea212f22517,low,no,bill_reference_only_no_disposition_or_target_signal,117-s-558,117-316,Public Lands and Natural Resources,W000437,1,1,1,1dbd67ac-544a-49a5-8021-396b90c294fd,2022,2nd Quarter (Apr 1 - June 30),AMERICAN PROPERTY CASUALTY INSURANCE ASSOCIATION FKA PROPERTY CASUALTY INSURERS,"CGCN GROUP, LLC",Disaster Planning/Emergencies,S. 558,exact_bill_text_bill_list_or_title_only,bill_reference_without_disposition_signal,none_detected,none_detected,none_detected,house_and_senate_entities_disclosed,not_detected_in_activity_text,chamber_entity_context_only_no_specific_target_detected,...in infrastructure H.R. 3442 Prescribed Fire Management H.R. 4614 Forest Management Activities S. 2806 Forest Restoration Projects H.R. 5305 Extending Government Funding S. 558 National Integrated Flood Information System **Issues lobbied without specific bill number: National Windstorm Impact Reduction Program H.R. 4664 Forest Management and H...,Keep as bill-reference context unless later target/outcome review needs it.,official_lda_filing_text_bill_identifier; official_lda_activity_text_source_review; deterministic_activity_text_position_signal; disposition_target_review_queue; congressgov_bill_action_metadata_context,manual_disposition_confirmation; sponsor_or_member_target; committee_action_influence; roll_call_influence; legislative_outcome_causality; public_benefit_or_welfare_validation; causal_capture_validation; model_validation,https://lda.gov/filings/public/filing/1dbd67ac-544a-49a5-8021-396b90c294fd/print/; https://lda.gov/api/v1/filings/1dbd67ac-544a-49a5-8021-396b90c294fd/; https://www.congress.gov/bill/117th-congress/s-bill/558; https://api.congress.gov/v3/bill/117/s/558,"LDA disposition/target source-review queue only; deterministic text signals and possible target references are not manual disposition confirmation, sponsor/member targeting evidence, committee-action influence, roll-call influence, legislative-outcome causality, public benefit, welfare, causal capture, or model validation."
475,e039a4a4dbe1013e,low,no,bill_reference_only_no_disposition_or_target_signal,117-s-558,117-316,Public Lands and Natural Resources,W000437,1,1,1,b79c1f8c-2231-47c4-aea7-5f081675c2d4,2022,2nd Quarter (Apr 1 - June 30),NATIONAL SOCIETY OF PROFESSIONAL SURVEYORS,MILLER & WENHOLD CAPITOL STRATEGIES,Environment/Superfund,S. 558,exact_bill_text_bill_list_or_title_only,bill_reference_without_disposition_signal,none_detected,none_detected,none_detected,house_and_senate_entities_disclosed,not_detected_in_activity_text,chamber_entity_context_only_no_specific_target_detected,"...loration Act;"" H.R. 1437, ""Providing Research and Estimates of Changes in Precipitation Act;"" H.R. 1438, ""Flood Level Observation, Operations, and Decision Support Act;"" S. 558, ""Flood Level Observation, Operations, and Decision Support Act;"" H.R. 1512, ""Climate Leadership and Environmental Action for our Nations Future Act;"" H.R. 2021, ""Enviro...",Keep as bill-reference context unless later target/outcome review needs it.,official_lda_filing_text_bill_identifier; official_lda_activity_text_source_review; deterministic_activity_text_position_signal; disposition_target_review_queue; congressgov_bill_action_metadata_context,manual_disposition_confirmation; sponsor_or_member_target; committee_action_influence; roll_call_influence; legislative_outcome_causality; public_benefit_or_welfare_validation; causal_capture_validation; model_validation,https://lda.gov/filings/public/filing/b79c1f8c-2231-47c4-aea7-5f081675c2d4/print/; https://lda.gov/api/v1/filings/b79c1f8c-2231-47c4-aea7-5f081675c2d4/; https://www.congress.gov/bill/117th-congress/s-bill/558; https://api.congress.gov/v3/bill/117/s/558,"LDA disposition/target source-review queue only; deterministic text signals and possible target references are not manual disposition confirmation, sponsor/member targeting evidence, committee-action influence, roll-call influence, legislative-outcome causality, public benefit, welfare, causal capture, or model validation."
476,68cbd5a2966b3944,low,no,bill_reference_only_no_disposition_or_target_signal,117-s-558,117-316,Public Lands and Natural Resources,W000437,1,1,1,da5465c4-d535-4a79-b01e-2305d00ca960,2022,2nd Quarter (Apr 1 - June 30),PRIME POLICY GROUP ON BEHALF OF MANAGEMENT ASSOCIATION FOR PRIVATE PHOTOGRAMMETR,PROFECTUS INVESTMENTS LLC,Natural Resources,S. 558,exact_bill_text_bill_list_or_title_only,bill_reference_without_disposition_signal,none_detected,none_detected,none_detected,house_and_senate_entities_disclosed,not_detected_in_activity_text,chamber_entity_context_only_no_specific_target_detected,"3D Elevation Program, Appropriations, FLOODS Act (S. 558), FLAIR Act (S. 2433), NFIP Reauthorization (S. 3128), MAPLANDS Act (S. 904, HR 3113)",Keep as bill-reference context unless later target/outcome review needs it.,official_lda_filing_text_bill_identifier; official_lda_activity_text_source_review; deterministic_activity_text_position_signal; disposition_target_review_queue; congressgov_bill_action_metadata_context,manual_disposition_confirmation; sponsor_or_member_target; committee_action_influence; roll_call_influence; legislative_outcome_causality; public_benefit_or_welfare_validation; causal_capture_validation; model_validation,https://lda.gov/filings/public/filing/da5465c4-d535-4a79-b01e-2305d00ca960/print/; https://lda.gov/api/v1/filings/da5465c4-d535-4a79-b01e-2305d00ca960/; https://www.congress.gov/bill/117th-congress/s-bill/558; https://api.congress.gov/v3/bill/117/s/558,"LDA disposition/target source-review queue only; deterministic text signals and possible target references are not manual disposition confirmation, sponsor/member targeting evidence, committee-action influence, roll-call influence, legislative-outcome causality, public benefit, welfare, causal capture, or model validation."
477,2fb77ec50c928766,low,no,bill_reference_only_no_disposition_or_target_signal,117-s-558,117-316,Public Lands and Natural Resources,W000437,1,1,1,ba7c6f84-dbc9-47d1-ad9c-6f403ca0081e,2022,2nd Quarter (Apr 1 - June 30),SANBORN MAP COMPANY,PROFECTUS INVESTMENTS LLC,Natural Resources,S. 558,exact_bill_text_bill_list_or_title_only,bill_reference_without_disposition_signal,none_detected,none_detected,none_detected,house_and_senate_entities_disclosed,not_detected_in_activity_text,chamber_entity_context_only_no_specific_target_detected,"Floods Act (S. 558, H.R. 1438) 3D Elevation Program Geospatial Data Act",Keep as bill-reference context unless later target/outcome review needs it.,official_lda_filing_text_bill_identifier; official_lda_activity_text_source_review; deterministic_activity_text_position_signal; disposition_target_review_queue; congressgov_bill_action_metadata_context,manual_disposition_confirmation; sponsor_or_member_target; committee_action_influence; roll_call_influence; legislative_outcome_causality; public_benefit_or_welfare_validation; causal_capture_validation; model_validation,https://lda.gov/filings/public/filing/ba7c6f84-dbc9-47d1-ad9c-6f403ca0081e/print/; https://lda.gov/api/v1/filings/ba7c6f84-dbc9-47d1-ad9c-6f403ca0081e/; https://www.congress.gov/bill/117th-congress/s-bill/558; https://api.congress.gov/v3/bill/117/s/558,"LDA disposition/target source-review queue only; deterministic text signals and possible target references are not manual disposition confirmation, sponsor/member targeting evidence, committee-action influence, roll-call influence, legislative-outcome causality, public benefit, welfare, causal capture, or model validation."
478,aa5af433dcf925b9,low,no,bill_reference_only_no_disposition_or_target_signal,117-s-558,117-316,Public Lands and Natural Resources,W000437,1,1,1,a6ed4aea-ac45-4d6f-bf96-5828b71baece,2022,2nd Quarter (Apr 1 - June 30),TOMORROW.IO,GREEN CAPITOL LLC,Science/Technology,S. 558,exact_bill_text_bill_list_or_title_only,bill_reference_without_disposition_signal,none_detected,none_detected,none_detected,house_senate_and_agency_entities_disclosed,not_detected_in_activity_text,chamber_entity_context_only_no_specific_target_detected,"...ing and data sharing, as well as consideration of expedited timelines for implementation. Also work on other new and/or draft legislation in these issue areas, including S. 558. Specific program appropriations for various agencies and programs at NOAA, NASA, DOD to ensure proper funding remains for important weather intelligence work and public...",Keep as bill-reference context unless later target/outcome review needs it.,official_lda_filing_text_bill_identifier; official_lda_activity_text_source_review; deterministic_activity_text_position_signal; disposition_target_review_queue; congressgov_bill_action_metadata_context,manual_disposition_confirmation; sponsor_or_member_target; committee_action_influence; roll_call_influence; legislative_outcome_causality; public_benefit_or_welfare_validation; causal_capture_validation; model_validation,https://lda.gov/filings/public/filing/a6ed4aea-ac45-4d6f-bf96-5828b71baece/print/; https://lda.gov/api/v1/filings/a6ed4aea-ac45-4d6f-bf96-5828b71baece/; https://www.congress.gov/bill/117th-congress/s-bill/558; https://api.congress.gov/v3/bill/117/s/558,"LDA disposition/target source-review queue only; deterministic text signals and possible target references are not manual disposition confirmation, sponsor/member targeting evidence, committee-action influence, roll-call influence, legislative-outcome causality, public benefit, welfare, causal capture, or model validation."
479,bec0ccc395c1adae,low,no,bill_reference_only_no_disposition_or_target_signal,117-s-558,117-316,Public Lands and Natural Resources,W000437,1,1,1,27c94ffb-99d7-435b-ab6e-7df5a9dc3024,2022,3rd Quarter (July 1 - Sep 30),AMERICAN PROPERTY CASUALTY INSURANCE ASSOCIATION,AMERICAN PROPERTY CASUALTY INSURANCE ASSOCIATION FKA PROPERTY CASUALTY INSURERS ASSOC. OF AMERICA,Disaster Planning/Emergencies,S. 558,exact_bill_text_bill_list_or_title_only,bill_reference_without_disposition_signal,none_detected,none_detected,none_detected,house_senate_and_agency_entities_disclosed,not_detected_in_activity_text,chamber_entity_context_only_no_specific_target_detected,...in infrastructure H.R. 3442 Prescribed Fire Management H.R. 4614 Forest Management Activities S. 2806 Forest Restoration Projects H.R. 5305 Extending Government Funding S. 558 National Integrated Flood Information System **Issues lobbied without specific bill number: National Windstorm Impact Reduction Program H.R. 4664 Forest Management and H...,Keep as bill-reference context unless later target/outcome review needs it.,official_lda_filing_text_bill_identifier; official_lda_activity_text_source_review; deterministic_activity_text_position_signal; disposition_target_review_queue; congressgov_bill_action_metadata_context,manual_disposition_confirmation; sponsor_or_member_target; committee_action_influence; roll_call_influence; legislative_outcome_causality; public_benefit_or_welfare_validation; causal_capture_validation; model_validation,https://lda.gov/filings/public/filing/27c94ffb-99d7-435b-ab6e-7df5a9dc3024/print/; https://lda.gov/api/v1/filings/27c94ffb-99d7-435b-ab6e-7df5a9dc3024/; https://www.congress.gov/bill/117th-congress/s-bill/558; https://api.congress.gov/v3/bill/117/s/558,"LDA disposition/target source-review queue only; deterministic text signals and possible target references are not manual disposition confirmation, sponsor/member targeting evidence, committee-action influence, roll-call influence, legislative-outcome causality, public benefit, welfare, causal capture, or model validation."
480,caf8b7e6588d8e77,low,no,bill_reference_only_no_disposition_or_target_signal,117-s-558,117-316,Public Lands and Natural Resources,W000437,1,1,1,c95adf26-057f-4cd6-be17-ed9ea9dd2da6,2022,3rd Quarter (July 1 - Sep 30),AMERICAN PROPERTY CASUALTY INSURANCE ASSOCIATION FKA PROPERTY CASUALTY INSURERS,"CGCN GROUP, LLC",Disaster Planning/Emergencies,S. 558,exact_bill_text_bill_list_or_title_only,bill_reference_without_disposition_signal,none_detected,none_detected,none_detected,house_and_senate_entities_disclosed,not_detected_in_activity_text,chamber_entity_context_only_no_specific_target_detected,...in infrastructure H.R. 3442 Prescribed Fire Management H.R. 4614 Forest Management Activities S. 2806 Forest Restoration Projects H.R. 5305 Extending Government Funding S. 558 National Integrated Flood Information System **Issues lobbied without specific bill number: National Windstorm Impact Reduction Program H.R. 4664 Forest Management and H...,Keep as bill-reference context unless later target/outcome review needs it.,official_lda_filing_text_bill_identifier; official_lda_activity_text_source_review; deterministic_activity_text_position_signal; disposition_target_review_queue; congressgov_bill_action_metadata_context,manual_disposition_confirmation; sponsor_or_member_target; committee_action_influence; roll_call_influence; legislative_outcome_causality; public_benefit_or_welfare_validation; causal_capture_validation; model_validation,https://lda.gov/filings/public/filing/c95adf26-057f-4cd6-be17-ed9ea9dd2da6/print/; https://lda.gov/api/v1/filings/c95adf26-057f-4cd6-be17-ed9ea9dd2da6/; https://www.congress.gov/bill/117th-congress/s-bill/558; https://api.congress.gov/v3/bill/117/s/558,"LDA disposition/target source-review queue only; deterministic text signals and possible target references are not manual disposition confirmation, sponsor/member targeting evidence, committee-action influence, roll-call influence, legislative-outcome causality, public benefit, welfare, causal capture, or model validation."
481,b8082da8d7c75617,low,no,bill_reference_only_no_disposition_or_target_signal,117-s-558,117-316,Public Lands and Natural Resources,W000437,1,1,1,98637b7e-1d39-430c-9df4-ee18ae8b6ace,2022,3rd Quarter (July 1 - Sep 30),NATIONAL SOCIETY OF PROFESSIONAL SURVEYORS,MILLER & WENHOLD CAPITOL STRATEGIES,Environment/Superfund,S. 558,exact_bill_text_bill_list_or_title_only,bill_reference_without_disposition_signal,none_detected,none_detected,none_detected,house_and_senate_entities_disclosed,not_detected_in_activity_text,chamber_entity_context_only_no_specific_target_detected,"...loration Act;"" H.R. 1437, ""Providing Research and Estimates of Changes in Precipitation Act;"" H.R. 1438, ""Flood Level Observation, Operations, and Decision Support Act;"" S. 558, ""Flood Level Observation, Operations, and Decision Support Act;"" H.R. 1512, ""Climate Leadership and Environmental Action for our Nations Future Act;"" H.R. 2021, ""Enviro...",Keep as bill-reference context unless later target/outcome review needs it.,official_lda_filing_text_bill_identifier; official_lda_activity_text_source_review; deterministic_activity_text_position_signal; disposition_target_review_queue; congressgov_bill_action_metadata_context,manual_disposition_confirmation; sponsor_or_member_target; committee_action_influence; roll_call_influence; legislative_outcome_causality; public_benefit_or_welfare_validation; causal_capture_validation; model_validation,https://lda.gov/filings/public/filing/98637b7e-1d39-430c-9df4-ee18ae8b6ace/print/; https://lda.gov/api/v1/filings/98637b7e-1d39-430c-9df4-ee18ae8b6ace/; https://www.congress.gov/bill/117th-congress/s-bill/558; https://api.congress.gov/v3/bill/117/s/558,"LDA disposition/target source-review queue only; deterministic text signals and possible target references are not manual disposition confirmation, sponsor/member targeting evidence, committee-action influence, roll-call influence, legislative-outcome causality, public benefit, welfare, causal capture, or model validation."
482,ef463e4a8c2b3774,low,no,bill_reference_only_no_disposition_or_target_signal,117-s-558,117-316,Public Lands and Natural Resources,W000437,1,1,1,4ca4969e-a6bd-425f-974e-552f49189d97,2022,3rd Quarter (July 1 - Sep 30),PRIME POLICY GROUP ON BEHALF OF MANAGEMENT ASSOCIATION FOR PRIVATE PHOTOGRAMMETR,PROFECTUS INVESTMENTS LLC,Natural Resources,S. 558,exact_bill_text_bill_list_or_title_only,bill_reference_without_disposition_signal,none_detected,none_detected,none_detected,house_and_senate_entities_disclosed,not_detected_in_activity_text,chamber_entity_context_only_no_specific_target_detected,"3D Elevation Program, Appropriations, FLOODS Act (S. 558), FLAIR Act (S. 2433), NFIP Reauthorization (S. 3128), MAPLANDS Act (S. 904, HR 3113)",Keep as bill-reference context unless later target/outcome review needs it.,official_lda_filing_text_bill_identifier; official_lda_activity_text_source_review; deterministic_activity_text_position_signal; disposition_target_review_queue; congressgov_bill_action_metadata_context,manual_disposition_confirmation; sponsor_or_member_target; committee_action_influence; roll_call_influence; legislative_outcome_causality; public_benefit_or_welfare_validation; causal_capture_validation; model_validation,https://lda.gov/filings/public/filing/4ca4969e-a6bd-425f-974e-552f49189d97/print/; https://lda.gov/api/v1/filings/4ca4969e-a6bd-425f-974e-552f49189d97/; https://www.congress.gov/bill/117th-congress/s-bill/558; https://api.congress.gov/v3/bill/117/s/558,"LDA disposition/target source-review queue only; deterministic text signals and possible target references are not manual disposition confirmation, sponsor/member targeting evidence, committee-action influence, roll-call influence, legislative-outcome causality, public benefit, welfare, causal capture, or model validation."
483,f4aa6b881eebdb5e,low,no,bill_reference_only_no_disposition_or_target_signal,117-s-558,117-316,Public Lands and Natural Resources,W000437,1,1,1,0703e7e5-8983-4c7a-9369-db72bf26efd7,2022,3rd Quarter (July 1 - Sep 30),TOMORROW.IO,GREEN CAPITOL LLC,Science/Technology,S. 558,exact_bill_text_bill_list_or_title_only,bill_reference_without_disposition_signal,none_detected,none_detected,none_detected,house_senate_and_agency_entities_disclosed,not_detected_in_activity_text,chamber_entity_context_only_no_specific_target_detected,"...ing and data sharing, as well as consideration of expedited timelines for implementation. Also work on other new and/or draft legislation in these issue areas, including S. 558. Specific program appropriations for various agencies and programs at NOAA, NASA, DOD to ensure proper funding remains for important weather intelligence work and public...",Keep as bill-reference context unless later target/outcome review needs it.,official_lda_filing_text_bill_identifier; official_lda_activity_text_source_review; deterministic_activity_text_position_signal; disposition_target_review_queue; congressgov_bill_action_metadata_context,manual_disposition_confirmation; sponsor_or_member_target; committee_action_influence; roll_call_influence; legislative_outcome_causality; public_benefit_or_welfare_validation; causal_capture_validation; model_validation,https://lda.gov/filings/public/filing/0703e7e5-8983-4c7a-9369-db72bf26efd7/print/; https://lda.gov/api/v1/filings/0703e7e5-8983-4c7a-9369-db72bf26efd7/; https://www.congress.gov/bill/117th-congress/s-bill/558; https://api.congress.gov/v3/bill/117/s/558,"LDA disposition/target source-review queue only; deterministic text signals and possible target references are not manual disposition confirmation, sponsor/member targeting evidence, committee-action influence, roll-call influence, legislative-outcome causality, public benefit, welfare, causal capture, or model validation."
484,c532257a6ebafd64,low,no,bill_reference_only_no_disposition_or_target_signal,117-s-558,117-316,Public Lands and Natural Resources,W000437,1,1,1,b4191294-83dc-426e-b721-81b7c12c3b56,2022,4th Quarter (Oct 1 - Dec 31),NATIONAL SOCIETY OF PROFESSIONAL SURVEYORS,MILLER & WENHOLD CAPITOL STRATEGIES,Environment/Superfund,S. 558,exact_bill_text_bill_list_or_title_only,bill_reference_without_disposition_signal,none_detected,none_detected,none_detected,house_and_senate_entities_disclosed,not_detected_in_activity_text,chamber_entity_context_only_no_specific_target_detected,"...loration Act;"" H.R. 1437, ""Providing Research and Estimates of Changes in Precipitation Act;"" H.R. 1438, ""Flood Level Observation, Operations, and Decision Support Act;"" S. 558, ""Flood Level Observation, Operations, and Decision Support Act;"" H.R. 1512, ""Climate Leadership and Environmental Action for our Nations Future Act;"" H.R. 2021, ""Enviro...",Keep as bill-reference context unless later target/outcome review needs it.,official_lda_filing_text_bill_identifier; official_lda_activity_text_source_review; deterministic_activity_text_position_signal; disposition_target_review_queue; congressgov_bill_action_metadata_context,manual_disposition_confirmation; sponsor_or_member_target; committee_action_influence; roll_call_influence; legislative_outcome_causality; public_benefit_or_welfare_validation; causal_capture_validation; model_validation,https://lda.gov/filings/public/filing/b4191294-83dc-426e-b721-81b7c12c3b56/print/; https://lda.gov/api/v1/filings/b4191294-83dc-426e-b721-81b7c12c3b56/; https://www.congress.gov/bill/117th-congress/s-bill/558; https://api.congress.gov/v3/bill/117/s/558,"LDA disposition/target source-review queue only; deterministic text signals and possible target references are not manual disposition confirmation, sponsor/member targeting evidence, committee-action influence, roll-call influence, legislative-outcome causality, public benefit, welfare, causal capture, or model validation."
