review_rank,bill_id,public_law_number,policy_area,introduced_date,enacted_date,finance_lobbying_review_queue_rank,searched_status,search_query_count,api_reported_result_count,fetched_filing_count,exact_lda_bill_mention_rows,unique_filing_uuids,unique_clients,unique_registrants,activity_issues,filing_years,filing_periods,filing_document_urls,matched_bill_refs,evidence_layers,missing_links,source_url,claim_boundary
1,117-hr-1652,117-27,Crime and Law Enforcement,2021-03-08,2021-07-22,,exact_lda_filing_text_bill_mention_found,1,15,15,13,7347963e-e5e7-4339-8bcb-3b81d93fd9ca; 51f547b5-3af5-4b44-9b93-2a7b99419810; 567b59fe-19c5-486f-985f-7c11e207a65c; c256246b-932a-413c-b718-e4ed2d323578; 2491a608-15fe-4a4c-ab51-696e65a9a974; 5ad13bdb-60d0-4530-914d-a94cc4a65000; 4fe72bef-fb70-4005-a2a2-8d98202d722e; 1d4861b8-73ef-42ba-ae82-5967a5fc2d44; fbf81348-1d2f-4382-b40c-53353f4d4a60; 14bdf609-d28f-469e-9b89-51ed38daa230; e74834e6-c11d-4c83-b515-99897c0ff2e0; 004137d8-e80d-46d1-9d6d-a4b1d952c709; 58521dde-1f50-4aee-8e52-2cdb33bf2521,ALLIANCE FOR SAFETY AND JUSTICE; GENERAL FEDERATION OF WOMEN'S CLUBS; YWCA USA; HERITAGE ACTION FOR AMERICA,"WEST FRONT STRATEGIES LLC; UNIFIED SOLUTIONS, LLC; HERITAGE ACTION FOR AMERICA",Law Enforcement/Crime/Criminal Justice; Family issues/Abortion/Adoption; Budget/Appropriations,2021,1st Quarter (Jan 1 - Mar 31); 2nd Quarter (Apr 1 - June 30); 3rd Quarter (July 1 - Sep 30); 4th Quarter (Oct 1 - Dec 31),https://lda.gov/filings/public/filing/7347963e-e5e7-4339-8bcb-3b81d93fd9ca/print/; https://lda.gov/filings/public/filing/51f547b5-3af5-4b44-9b93-2a7b99419810/print/; https://lda.gov/filings/public/filing/567b59fe-19c5-486f-985f-7c11e207a65c/print/; https://lda.gov/filings/public/filing/c256246b-932a-413c-b718-e4ed2d323578/print/; https://lda.gov/filings/public/filing/2491a608-15fe-4a4c-ab51-696e65a9a974/print/; https://lda.gov/filings/public/filing/5ad13bdb-60d0-4530-914d-a94cc4a65000/print/; https://lda.gov/filings/public/filing/4fe72bef-fb70-4005-a2a2-8d98202d722e/print/; https://lda.gov/filings/public/filing/1d4861b8-73ef-42ba-ae82-5967a5fc2d44/print/; https://lda.gov/filings/public/filing/fbf81348-1d2f-4382-b40c-53353f4d4a60/print/; https://lda.gov/filings/public/filing/14bdf609-d28f-469e-9b89-51ed38daa230/print/; https://lda.gov/filings/public/filing/e74834e6-c11d-4c83-b515-99897c0ff2e0/print/; https://lda.gov/filings/public/filing/004137d8-e80d-46d1-9d6d-a4b1d952c709/print/; https://lda.gov/filings/public/filing/58521dde-1f50-4aee-8e52-2cdb33bf2521/print/,HR 1652,official_lda_api_search; official_lda_filing_text_bill_identifier,reviewed_outside_spending_target; sponsor_or_member_target; committee_action_influence; roll_call_influence; legislative_outcome_causality; public_benefit_or_welfare_validation; causal_capture_validation; model_validation,https://lda.gov/api/v1/filings/,"Official LDA filing-text bill-reference review only; exact bill-number mentions in filing activity text identify disclosed lobbying activity mentioning a specific bill, not support, opposition, sponsor/member targeting, committee-action influence, roll-call influence, legislative-outcome causality, public benefit, welfare, causal capture, or model validation."
2,117-hr-3113,117-114,Public Lands and Natural Resources,2021-05-11,2022-04-29,,exact_lda_filing_text_bill_mention_found,2,12,12,12,7ed25f04-e971-4d72-8963-c18ad3982e6c; 201e7b37-1233-4baa-b831-7948278b0564; 38b38179-94d3-4428-9cf8-db031c7bc384; c5ec64e2-d327-42d5-b4c2-6198a5f8e2c6; 7d7d97ba-0928-43c1-b9c1-312f7b4c71d5; e33c2e9c-954e-4127-b905-70b9badcdaf1; a8d13b46-bf84-4d9a-b025-b44d93c6d51b; da5465c4-d535-4a79-b01e-2305d00ca960; ff8e23b7-bcfd-403d-b469-02ed6d7b8313; 4ca4969e-a6bd-425f-974e-552f49189d97; be55a03d-4c25-458d-8e71-122903b78702; c8d341fd-61ae-4a2a-ab22-4d8ee44c7b85,AMERICAN FLY FISHING TRADE ASSOCIATION; KALKOMEY ENTERPRISES; PRIME POLICY GROUP ON BEHALF OF MANAGEMENT ASSOCIATION FOR PRIVATE PHOTOGRAMMETR; BACKCOUNTRY HUNTERS & ANGLERS,HIGH STREET STRATEGIES LLC; POLSINELLI PC; PROFECTUS INVESTMENTS LLC; BACKCOUNTRY HUNTERS & ANGLERS,Real Estate/Land Use/Conservation; Environment/Superfund; Natural Resources,2021; 2022,2nd Quarter (Apr 1 - June 30); 3rd Quarter (July 1 - Sep 30); 4th Quarter (Oct 1 - Dec 31); 1st Quarter (Jan 1 - Mar 31),https://lda.gov/filings/public/filing/7ed25f04-e971-4d72-8963-c18ad3982e6c/print/; https://lda.gov/filings/public/filing/201e7b37-1233-4baa-b831-7948278b0564/print/; https://lda.gov/filings/public/filing/38b38179-94d3-4428-9cf8-db031c7bc384/print/; https://lda.gov/filings/public/filing/c5ec64e2-d327-42d5-b4c2-6198a5f8e2c6/print/; https://lda.gov/filings/public/filing/7d7d97ba-0928-43c1-b9c1-312f7b4c71d5/print/; https://lda.gov/filings/public/filing/e33c2e9c-954e-4127-b905-70b9badcdaf1/print/; https://lda.gov/filings/public/filing/a8d13b46-bf84-4d9a-b025-b44d93c6d51b/print/; https://lda.gov/filings/public/filing/da5465c4-d535-4a79-b01e-2305d00ca960/print/; https://lda.gov/filings/public/filing/ff8e23b7-bcfd-403d-b469-02ed6d7b8313/print/; https://lda.gov/filings/public/filing/4ca4969e-a6bd-425f-974e-552f49189d97/print/; https://lda.gov/filings/public/filing/be55a03d-4c25-458d-8e71-122903b78702/print/; https://lda.gov/filings/public/filing/c8d341fd-61ae-4a2a-ab22-4d8ee44c7b85/print/,HR 3113,official_lda_api_search; official_lda_filing_text_bill_identifier,reviewed_outside_spending_target; sponsor_or_member_target; committee_action_influence; roll_call_influence; legislative_outcome_causality; public_benefit_or_welfare_validation; causal_capture_validation; model_validation,https://lda.gov/api/v1/filings/,"Official LDA filing-text bill-reference review only; exact bill-number mentions in filing activity text identify disclosed lobbying activity mentioning a specific bill, not support, opposition, sponsor/member targeting, committee-action influence, roll-call influence, legislative-outcome causality, public benefit, welfare, causal capture, or model validation."
3,117-s-233,117-115,Government Operations and Politics,2021-02-04,2022-05-05,,exact_lda_filing_text_bill_mention_found,2,8,8,6,df260f1b-21ca-412a-9108-28fd18eb8e62; 160dca08-437f-481a-b76e-504bc1dc4c8e; 55db1a73-d56e-4a92-acf0-23c5c1035723; 6238b838-16d3-462a-ac9a-709c24f42a44; 7063e151-5f84-45bb-8a44-554adda8a10a; 145a51c5-d94b-41a2-900c-e6246374ed5c,NCTA - THE INTERNET & TELEVISION ASSOCIATION,NCTA - THE INTERNET & TELEVISION ASSOCIATION,Telecommunications,2021; 2022,3rd Quarter (July 1 - Sep 30); 4th Quarter (Oct 1 - Dec 31); 1st Quarter (Jan 1 - Mar 31); 2nd Quarter (Apr 1 - June 30),https://lda.gov/filings/public/filing/df260f1b-21ca-412a-9108-28fd18eb8e62/print/; https://lda.gov/filings/public/filing/160dca08-437f-481a-b76e-504bc1dc4c8e/print/; https://lda.gov/filings/public/filing/55db1a73-d56e-4a92-acf0-23c5c1035723/print/; https://lda.gov/filings/public/filing/6238b838-16d3-462a-ac9a-709c24f42a44/print/; https://lda.gov/filings/public/filing/7063e151-5f84-45bb-8a44-554adda8a10a/print/; https://lda.gov/filings/public/filing/145a51c5-d94b-41a2-900c-e6246374ed5c/print/,S 233,official_lda_api_search; official_lda_filing_text_bill_identifier,reviewed_outside_spending_target; sponsor_or_member_target; committee_action_influence; roll_call_influence; legislative_outcome_causality; public_benefit_or_welfare_validation; causal_capture_validation; model_validation,https://lda.gov/api/v1/filings/,"Official LDA filing-text bill-reference review only; exact bill-number mentions in filing activity text identify disclosed lobbying activity mentioning a specific bill, not support, opposition, sponsor/member targeting, committee-action influence, roll-call influence, legislative-outcome causality, public benefit, welfare, causal capture, or model validation."
4,117-s-3522,117-118,International Affairs,2022-01-19,2022-05-09,,exact_lda_filing_text_bill_mention_found,1,12,12,4,297865fe-1e20-430d-99bc-38b9ebffac45; c5e2750a-db47-4eb1-bb35-09c58b0a0ae1; e4c23e8e-ec48-4499-acf3-2b69834f6760; c334cfd3-6260-4926-8216-1ae205f99bb3,"RAZOM, INC.",MYKOLA MURSKYJ,Foreign Relations,2022,2nd Quarter (Apr 1 - June 30); 3rd Quarter (July 1 - Sep 30); 4th Quarter (Oct 1 - Dec 31),https://lda.gov/filings/public/filing/297865fe-1e20-430d-99bc-38b9ebffac45/print/; https://lda.gov/filings/public/filing/c5e2750a-db47-4eb1-bb35-09c58b0a0ae1/print/; https://lda.gov/filings/public/filing/e4c23e8e-ec48-4499-acf3-2b69834f6760/print/; https://lda.gov/filings/public/filing/c334cfd3-6260-4926-8216-1ae205f99bb3/print/,S. 3522,official_lda_api_search; official_lda_filing_text_bill_identifier,reviewed_outside_spending_target; sponsor_or_member_target; committee_action_influence; roll_call_influence; legislative_outcome_causality; public_benefit_or_welfare_validation; causal_capture_validation; model_validation,https://lda.gov/api/v1/filings/,"Official LDA filing-text bill-reference review only; exact bill-number mentions in filing activity text identify disclosed lobbying activity mentioning a specific bill, not support, opposition, sponsor/member targeting, committee-action influence, roll-call influence, legislative-outcome causality, public benefit, welfare, causal capture, or model validation."
5,117-s-270,117-123,Public Lands and Natural Resources,2021-02-08,2022-05-12,,exact_lda_filing_text_bill_mention_found,2,26,26,28,7ca20c55-b2d1-4ff6-beb8-21b0ccfb015b; 360e9825-64b4-4a1d-a8b1-1cf62f52e233; 3e078b05-2d3b-4c12-95f1-23b22b1c026b; 65b1b21e-5e3e-47ff-ab6c-70bee2f03d4f; a14f2f38-adb4-4c32-83ef-37f658956a69; ac20ac3f-78b8-4525-a701-00119d749e6b; d3dd63c0-673a-4259-a84f-dad3fc697c5e; d4ef64d4-a486-46ea-8d4d-b6b01235829b; fc8cd17f-a533-4559-a2e7-ba2e598d9f78; 9661c1d9-3676-40dc-b07c-7983abab8e00; ed2b417b-6264-4add-b05b-d83ec16e9a7c; 79de2d40-6743-4a63-8767-a142ba374fe5; 02f2ce8a-0453-414b-b7f2-f8ed7d806d2d; 34d9ea50-73ba-4b89-9239-e27894430e1a; 6c0c3b51-9e6b-4dcf-ac78-2d8200de61b9; f209f2e8-962d-493c-9464-3890eeb9e3cf,NATIONAL TRUST FOR HISTORIC PRESERVATION; TRUST FOR PUBLIC LAND,NATIONAL TRUST FOR HISTORIC PRESERVATION; THE TRUST FOR PUBLIC LAND,Civil Rights/Civil Liberties; Natural Resources; Real Estate/Land Use/Conservation,2021; 2022,1st Quarter (Jan 1 - Mar 31); 2nd Quarter (Apr 1 - June 30); 3rd Quarter (July 1 - Sep 30); 4th Quarter (Oct 1 - Dec 31),https://lda.gov/filings/public/filing/7ca20c55-b2d1-4ff6-beb8-21b0ccfb015b/print/; https://lda.gov/filings/public/filing/360e9825-64b4-4a1d-a8b1-1cf62f52e233/print/; https://lda.gov/filings/public/filing/3e078b05-2d3b-4c12-95f1-23b22b1c026b/print/; https://lda.gov/filings/public/filing/65b1b21e-5e3e-47ff-ab6c-70bee2f03d4f/print/; https://lda.gov/filings/public/filing/a14f2f38-adb4-4c32-83ef-37f658956a69/print/; https://lda.gov/filings/public/filing/ac20ac3f-78b8-4525-a701-00119d749e6b/print/; https://lda.gov/filings/public/filing/d3dd63c0-673a-4259-a84f-dad3fc697c5e/print/; https://lda.gov/filings/public/filing/d4ef64d4-a486-46ea-8d4d-b6b01235829b/print/; https://lda.gov/filings/public/filing/fc8cd17f-a533-4559-a2e7-ba2e598d9f78/print/; https://lda.gov/filings/public/filing/9661c1d9-3676-40dc-b07c-7983abab8e00/print/; https://lda.gov/filings/public/filing/ed2b417b-6264-4add-b05b-d83ec16e9a7c/print/; https://lda.gov/filings/public/filing/79de2d40-6743-4a63-8767-a142ba374fe5/print/; https://lda.gov/filings/public/filing/02f2ce8a-0453-414b-b7f2-f8ed7d806d2d/print/; https://lda.gov/filings/public/filing/34d9ea50-73ba-4b89-9239-e27894430e1a/print/; https://lda.gov/filings/public/filing/6c0c3b51-9e6b-4dcf-ac78-2d8200de61b9/print/; https://lda.gov/filings/public/filing/f209f2e8-962d-493c-9464-3890eeb9e3cf/print/,S. 270; S 270,official_lda_api_search; official_lda_filing_text_bill_identifier,reviewed_outside_spending_target; sponsor_or_member_target; committee_action_influence; roll_call_influence; legislative_outcome_causality; public_benefit_or_welfare_validation; causal_capture_validation; model_validation,https://lda.gov/api/v1/filings/,"Official LDA filing-text bill-reference review only; exact bill-number mentions in filing activity text identify disclosed lobbying activity mentioning a specific bill, not support, opposition, sponsor/member targeting, committee-action influence, roll-call influence, legislative-outcome causality, public benefit, welfare, causal capture, or model validation."
6,117-s-2687,117-136,Armed Forces and National Security,2021-08-10,2022-06-07,,exact_lda_filing_text_bill_mention_found,2,19,19,7,9ca1a7a7-4c2b-4c37-89c3-86f4df771957; a214fc3b-1054-4e9b-bf0d-ba2781fbc121; 024b8adf-5543-4566-b025-a5321f5cdaa7; b56b3a23-af82-4a5f-bd8a-00d0d9e3f3e4; 4c1b04ca-fd87-4234-afd4-dfddec890f6b; fd8a36fe-7c3a-4a73-a23a-688bcd3a96e3; b080dfd6-dea3-45f7-972e-f85172995d86,PARALYZED VETERANS OF AMERICA; AMERICAN FED OF GOVERNMENT EMPLOYEES AFL-CIO,"PARALYZED VETERANS OF AMERICA; AMERICAN FED OF GOVERNMENT EMPLOYEES, AFL-CIO",Veterans,2021; 2022,4th Quarter (Oct 1 - Dec 31); 1st Quarter (Jan 1 - Mar 31); 2nd Quarter (Apr 1 - June 30); 3rd Quarter (July 1 - Sep 30),https://lda.gov/filings/public/filing/9ca1a7a7-4c2b-4c37-89c3-86f4df771957/print/; https://lda.gov/filings/public/filing/a214fc3b-1054-4e9b-bf0d-ba2781fbc121/print/; https://lda.gov/filings/public/filing/024b8adf-5543-4566-b025-a5321f5cdaa7/print/; https://lda.gov/filings/public/filing/b56b3a23-af82-4a5f-bd8a-00d0d9e3f3e4/print/; https://lda.gov/filings/public/filing/4c1b04ca-fd87-4234-afd4-dfddec890f6b/print/; https://lda.gov/filings/public/filing/fd8a36fe-7c3a-4a73-a23a-688bcd3a96e3/print/; https://lda.gov/filings/public/filing/b080dfd6-dea3-45f7-972e-f85172995d86/print/,S. 2687,official_lda_api_search; official_lda_filing_text_bill_identifier,reviewed_outside_spending_target; sponsor_or_member_target; committee_action_influence; roll_call_influence; legislative_outcome_causality; public_benefit_or_welfare_validation; causal_capture_validation; model_validation,https://lda.gov/api/v1/filings/,"Official LDA filing-text bill-reference review only; exact bill-number mentions in filing activity text identify disclosed lobbying activity mentioning a specific bill, not support, opposition, sponsor/member targeting, committee-action influence, roll-call influence, legislative-outcome causality, public benefit, welfare, causal capture, or model validation."
7,117-s-3580,117-146,Transportation and Public Works,2022-02-03,2022-06-16,,exact_lda_filing_text_bill_mention_found,1,228,25,24,de2e87d3-6a00-44ac-97f5-55316f0f04cf; 697e72a4-857e-4627-ae32-dd449f16906f; 4475d86e-a428-4471-8c13-580c2ee8cb2a; 6f967ba7-fbbe-47da-b146-badac27bcec4; 853f5326-de60-4ad5-a64a-bab7bab10dfc; 06d509b8-6a83-4d8d-95cf-bab40ba0b615; f0b7803a-7fa7-4b03-86c6-07cc68f02e4d; 16365b9f-0cdd-496b-ac84-3954ccdb9200; c20c27f0-08a8-4c63-a090-203704acdc4e; b6d9978a-b7f0-4e39-9ec7-e9fb8487b210; eb1ced82-b0d4-486f-aa03-c3b1ea79ce37; cc5991d9-45ba-49e4-ba5c-965ab0ace283; 728f1556-182e-40dd-92c2-7db9f7d798f6; 3557cd47-fb95-40a2-ba2c-c1c8be796d7f; 2a06e8cd-19c1-4891-ae7e-fd5c94b9d4b7; 8237775c-8389-44a7-947a-f11997fcfd17; 3137389a-9fe6-49ec-a2ee-cf19a2b2f6f4; 23a5bacc-484f-4af2-a380-2b44daca83bd; 2ba0a4b7-ca75-4b41-897f-b00592d6e2ea; a0b702bc-0e26-4a1a-b31f-cf095c2d959b; 53185e65-1e58-45dd-b50c-86372215b1ac; 80490b91-805b-48a3-a7c1-9025be8f688d,"AGRI-MARK, INC; AMERICAN MARITIME OFFICERS; AMERICAN MARITIME OFFICERS SERVICE (AMOS); AUTO CARE ASSOCIATION; BEST BUY CO. INC.; COTTON WAREHOUSE ASSOCIATION OF AMERICA; INTERNATIONAL ASSOCIATION OF REFRIGERATED WAREHOUSES; INTERNATIONAL HOUSEWARES ASSOCIATION; KANSAS FARM BUREAU; MATSON NAVIGATION; MIDWEST DAIRY COALITION; MINNESOTA CORN GROWERS; NATIONAL COUNCIL OF FARMER COOPERATIVES; NATIONAL MILK PRODUCERS FEDERATION; NATIONAL SORGHUM PRODUCERS; NORTH AMERICAN SUBARU, INC.; PENNSYLVANIA FARM BUREAU; ROBERTSON MONAGLE & EASTAUGH (FORMERLY HOFFMAN SILVER GILMAN & BLASCO); SOUTHWEST COUNCIL OF AGRIBUSINESS; SYENSQO USA LLC; UPSTATE NIAGARA COOPERATIVE, INC.; USA RICE FEDERATION","OSCAR POLICY GROUP, LLC; OTTERSON LLC; AUTO CARE ASSOCIATION; KOUNTOUPES DENHAM CARR & REID, LLC; COMBEST, SELL & ASSOCIATES, LLC; INTERNATIONAL ASSOCIATION OF REFRIGERATED WAREHOUSES; THE BRIGHTUP GROUP LLC; KANSAS FARM BUREAU; K&L GATES, LLP; ETKA CONSULTING; NATIONAL COUNCIL OF FARMER COOPERATIVES; NATIONAL MILK PRODUCERS FEDERATION; NORTH AMERICAN SUBARU, INC.; PENNSYLVANIA FARM BUREAU; MR. SEBASTIAN O'KELLY; SYENSQO USA LLC",Transportation; Marine/Maritime/Boating/Fisheries; Trade (domestic/foreign); Agriculture; Trucking/Shipping; Automotive Industry,2022,1st Quarter (Jan 1 - Mar 31),https://lda.gov/filings/public/filing/de2e87d3-6a00-44ac-97f5-55316f0f04cf/print/; https://lda.gov/filings/public/filing/697e72a4-857e-4627-ae32-dd449f16906f/print/; https://lda.gov/filings/public/filing/4475d86e-a428-4471-8c13-580c2ee8cb2a/print/; https://lda.gov/filings/public/filing/6f967ba7-fbbe-47da-b146-badac27bcec4/print/; https://lda.gov/filings/public/filing/853f5326-de60-4ad5-a64a-bab7bab10dfc/print/; https://lda.gov/filings/public/filing/06d509b8-6a83-4d8d-95cf-bab40ba0b615/print/; https://lda.gov/filings/public/filing/f0b7803a-7fa7-4b03-86c6-07cc68f02e4d/print/; https://lda.gov/filings/public/filing/16365b9f-0cdd-496b-ac84-3954ccdb9200/print/; https://lda.gov/filings/public/filing/c20c27f0-08a8-4c63-a090-203704acdc4e/print/; https://lda.gov/filings/public/filing/b6d9978a-b7f0-4e39-9ec7-e9fb8487b210/print/; https://lda.gov/filings/public/filing/eb1ced82-b0d4-486f-aa03-c3b1ea79ce37/print/; https://lda.gov/filings/public/filing/cc5991d9-45ba-49e4-ba5c-965ab0ace283/print/; https://lda.gov/filings/public/filing/728f1556-182e-40dd-92c2-7db9f7d798f6/print/; https://lda.gov/filings/public/filing/3557cd47-fb95-40a2-ba2c-c1c8be796d7f/print/; https://lda.gov/filings/public/filing/2a06e8cd-19c1-4891-ae7e-fd5c94b9d4b7/print/; https://lda.gov/filings/public/filing/8237775c-8389-44a7-947a-f11997fcfd17/print/; https://lda.gov/filings/public/filing/3137389a-9fe6-49ec-a2ee-cf19a2b2f6f4/print/; https://lda.gov/filings/public/filing/23a5bacc-484f-4af2-a380-2b44daca83bd/print/; https://lda.gov/filings/public/filing/2ba0a4b7-ca75-4b41-897f-b00592d6e2ea/print/; https://lda.gov/filings/public/filing/a0b702bc-0e26-4a1a-b31f-cf095c2d959b/print/; https://lda.gov/filings/public/filing/53185e65-1e58-45dd-b50c-86372215b1ac/print/; https://lda.gov/filings/public/filing/80490b91-805b-48a3-a7c1-9025be8f688d/print/,S. 3580; S 3580,official_lda_api_search; official_lda_filing_text_bill_identifier,reviewed_outside_spending_target; sponsor_or_member_target; committee_action_influence; roll_call_influence; legislative_outcome_causality; public_benefit_or_welfare_validation; causal_capture_validation; model_validation,https://lda.gov/api/v1/filings/,"Official LDA filing-text bill-reference review only; exact bill-number mentions in filing activity text identify disclosed lobbying activity mentioning a specific bill, not support, opposition, sponsor/member targeting, committee-action influence, roll-call influence, legislative-outcome causality, public benefit, welfare, causal capture, or model validation."
8,117-s-2520,117-150,Emergency Management,2021-07-28,2022-06-21,,exact_lda_filing_text_bill_mention_found,2,21,21,12,c1e732ba-5079-417e-b123-c2560da45539; e85cd1fe-5281-4b41-9c1d-d2d42d7bb8cd; 7078775a-b4af-4f06-9376-a31f6f9fb391; 3fa08d05-5116-4334-abe7-6d0e1d7c1444; 69d46803-d043-498d-83ac-60ec64a8390a; 7d791db3-6049-439a-93f4-5400d35974a1; 98f7c1a8-66cb-4b2b-90d7-873dff31f9d4; 25872b71-bf4e-488a-b0dd-dc86e904a466; 8ff188ab-0443-4a1c-b24e-ef4fc97b1a12; c2026171-482f-4518-a924-dd21043b79d6; 623ea684-a8c0-4ed6-a7ed-c23a52980d31; 0e26658a-0b14-4a8e-ace3-9e2622dddee3,SALTCHUK RESOURCES INC; AMEREN SERVICES; BLACKBERRY CORP.; UNISYS CORPORATION,"ADAMS AND REESE, LLP; AMEREN SERVICES; BLACKBERRY CORP.; CAPITOLINE CONSULTING, LLC",Budget/Appropriations; Homeland Security; Science/Technology; Government Issues,2021; 2022,1st Quarter (Jan 1 - Mar 31); 2nd Quarter (Apr 1 - June 30); 3rd Quarter (July 1 - Sep 30); 4th Quarter (Oct 1 - Dec 31),https://lda.gov/filings/public/filing/c1e732ba-5079-417e-b123-c2560da45539/print/; https://lda.gov/filings/public/filing/e85cd1fe-5281-4b41-9c1d-d2d42d7bb8cd/print/; https://lda.gov/filings/public/filing/7078775a-b4af-4f06-9376-a31f6f9fb391/print/; https://lda.gov/filings/public/filing/3fa08d05-5116-4334-abe7-6d0e1d7c1444/print/; https://lda.gov/filings/public/filing/69d46803-d043-498d-83ac-60ec64a8390a/print/; https://lda.gov/filings/public/filing/7d791db3-6049-439a-93f4-5400d35974a1/print/; https://lda.gov/filings/public/filing/98f7c1a8-66cb-4b2b-90d7-873dff31f9d4/print/; https://lda.gov/filings/public/filing/25872b71-bf4e-488a-b0dd-dc86e904a466/print/; https://lda.gov/filings/public/filing/8ff188ab-0443-4a1c-b24e-ef4fc97b1a12/print/; https://lda.gov/filings/public/filing/c2026171-482f-4518-a924-dd21043b79d6/print/; https://lda.gov/filings/public/filing/623ea684-a8c0-4ed6-a7ed-c23a52980d31/print/; https://lda.gov/filings/public/filing/0e26658a-0b14-4a8e-ace3-9e2622dddee3/print/,S. 2520,official_lda_api_search; official_lda_filing_text_bill_identifier,reviewed_outside_spending_target; sponsor_or_member_target; committee_action_influence; roll_call_influence; legislative_outcome_causality; public_benefit_or_welfare_validation; causal_capture_validation; model_validation,https://lda.gov/api/v1/filings/,"Official LDA filing-text bill-reference review only; exact bill-number mentions in filing activity text identify disclosed lobbying activity mentioning a specific bill, not support, opposition, sponsor/member targeting, committee-action influence, roll-call influence, legislative-outcome causality, public benefit, welfare, causal capture, or model validation."
9,117-s-2089,117-158,Agriculture and Food,2021-06-16,2022-06-25,,exact_lda_filing_text_bill_mention_found,2,42,26,26,9ca1a7a7-4c2b-4c37-89c3-86f4df771957; 936b4d08-3018-4c61-a36d-c49a82e5cf77; 6091aa69-7146-4723-a812-6794a369abb1; a214fc3b-1054-4e9b-bf0d-ba2781fbc121; b684bb8c-3d77-47ed-871f-eef19a77975e; 8a5d4533-bd62-4cf2-853a-76dbfe82c0e0; 8ab97cd7-b6f0-40f2-9679-cbbd8e4001aa; 4252bc6f-7552-40ab-b069-ce199ed525f7; eba14ca5-4ef7-42e7-9eca-f90a45575c8f; df2da07f-6657-4e6a-97cf-65b7128605b5; bfe42855-1e75-477d-bd4b-3b2e14cb342f; 7d7e8653-4c1c-4c39-b058-9bb12b744ece; 2d119775-445f-49f6-80c3-f2066ee95c9d; 4c1b04ca-fd87-4234-afd4-dfddec890f6b; 3789dc21-d6ca-4a98-b7f6-4080cff2810f; a8d3217c-3601-4c35-89da-d3028367e54b; 9497008c-b86b-43b0-ba71-7ee66d6684ce; c4bf2845-99ee-4f23-be48-6cff348bc75b; 791c5935-107d-4853-83f5-96b18ebde182; f53e09c4-7e27-4d06-b7d9-9e02d00398ff; fd8a36fe-7c3a-4a73-a23a-688bcd3a96e3; d3c40e07-b58e-48b2-a339-1476560aa3f4,PARALYZED VETERANS OF AMERICA; AMERICAN LEGION; CSPI ACTION FUND; AMERICAN FEDERATION OF STATE COUNTY AND MUNICIPAL EMPLOYEES; FOOD RESEARCH AND ACTION CENTER; IDAHO DAIRYMEN'S ASSOCIATION; INTERNATIONAL DAIRY FOODS ASSOCIATION; NATIONAL ALL-JERSEY INC.; NATIONAL ASSOCIATION OF PEDIATRIC NURSE PRACTITIONERS; NATIONAL EDUCATION ASSOCIATION; SOUTH EAST DAIRY FARMERS ASSOCIATION; THE HEALTH FEDERATION OF PHILADELPHIA; BIPARTISAN POLICY CENTER ACTION,"PARALYZED VETERANS OF AMERICA; THE AMERICAN LEGION; CSPI ACTION FUND; AMERICAN FEDERATION OF STATE, COUNTY AND MUNICIPAL EMPLOYEES; FOOD RESEARCH AND ACTION CENTER; THE GARRISON GROUP LLC; INTERNATIONAL DAIRY FOODS ASSOCIATION; MASON CONSULTING, LLC; NATIONAL EDUCATION ASSOCIATION; LINCHPIN STRATEGIES, LLC; BIPARTISAN POLICY CENTER ACTION","Veterans; Food Industry (safety, labeling, etc.); Budget/Appropriations; Agriculture; Education; Health Issues; Family issues/Abortion/Adoption",2021; 2022,4th Quarter (Oct 1 - Dec 31); 1st Quarter (Jan 1 - Mar 31); 2nd Quarter (Apr 1 - June 30); 3rd Quarter (July 1 - Sep 30),https://lda.gov/filings/public/filing/9ca1a7a7-4c2b-4c37-89c3-86f4df771957/print/; https://lda.gov/filings/public/filing/936b4d08-3018-4c61-a36d-c49a82e5cf77/print/; https://lda.gov/filings/public/filing/6091aa69-7146-4723-a812-6794a369abb1/print/; https://lda.gov/filings/public/filing/a214fc3b-1054-4e9b-bf0d-ba2781fbc121/print/; https://lda.gov/filings/public/filing/b684bb8c-3d77-47ed-871f-eef19a77975e/print/; https://lda.gov/filings/public/filing/8a5d4533-bd62-4cf2-853a-76dbfe82c0e0/print/; https://lda.gov/filings/public/filing/8ab97cd7-b6f0-40f2-9679-cbbd8e4001aa/print/; https://lda.gov/filings/public/filing/4252bc6f-7552-40ab-b069-ce199ed525f7/print/; https://lda.gov/filings/public/filing/eba14ca5-4ef7-42e7-9eca-f90a45575c8f/print/; https://lda.gov/filings/public/filing/df2da07f-6657-4e6a-97cf-65b7128605b5/print/; https://lda.gov/filings/public/filing/bfe42855-1e75-477d-bd4b-3b2e14cb342f/print/; https://lda.gov/filings/public/filing/7d7e8653-4c1c-4c39-b058-9bb12b744ece/print/; https://lda.gov/filings/public/filing/2d119775-445f-49f6-80c3-f2066ee95c9d/print/; https://lda.gov/filings/public/filing/4c1b04ca-fd87-4234-afd4-dfddec890f6b/print/; https://lda.gov/filings/public/filing/3789dc21-d6ca-4a98-b7f6-4080cff2810f/print/; https://lda.gov/filings/public/filing/a8d3217c-3601-4c35-89da-d3028367e54b/print/; https://lda.gov/filings/public/filing/9497008c-b86b-43b0-ba71-7ee66d6684ce/print/; https://lda.gov/filings/public/filing/c4bf2845-99ee-4f23-be48-6cff348bc75b/print/; https://lda.gov/filings/public/filing/791c5935-107d-4853-83f5-96b18ebde182/print/; https://lda.gov/filings/public/filing/f53e09c4-7e27-4d06-b7d9-9e02d00398ff/print/; https://lda.gov/filings/public/filing/fd8a36fe-7c3a-4a73-a23a-688bcd3a96e3/print/; https://lda.gov/filings/public/filing/d3c40e07-b58e-48b2-a339-1476560aa3f4/print/,S. 2089; S 2089,official_lda_api_search; official_lda_filing_text_bill_identifier,reviewed_outside_spending_target; sponsor_or_member_target; committee_action_influence; roll_call_influence; legislative_outcome_causality; public_benefit_or_welfare_validation; causal_capture_validation; model_validation,https://lda.gov/api/v1/filings/,"Official LDA filing-text bill-reference review only; exact bill-number mentions in filing activity text identify disclosed lobbying activity mentioning a specific bill, not support, opposition, sponsor/member targeting, committee-action influence, roll-call influence, legislative-outcome causality, public benefit, welfare, causal capture, or model validation."
10,117-hr-4346,117-167,"Science, Technology, Communications",2021-07-01,2022-08-09,,exact_lda_filing_text_bill_mention_found,2,103,38,39,1ad6b10c-8088-48c3-bef5-0a3c8f488309; fecde5e0-ca1c-4b30-985c-852de9245ffd; d4705d95-af56-4c7f-9f3c-474b3feae9f6; 696a7a8a-69a3-4a38-b541-04c44293acf0; 163747ac-af27-4876-86c8-4d7c189dd177; aed720f3-10f6-426b-bc32-de3e04790ccd; 39d56be1-6554-4a94-bbf3-4006312f7fc7; b8bb5abb-6c77-4620-a742-b52903b16257; 8d62a263-57a2-4eff-806f-aa3b8d910d5a; b87bf7a7-df9c-4ab2-a405-e8fd37a56453; 19cbb3fc-b019-480d-bec6-40ed256110da; 009f6c86-25be-4823-bace-695013bad790; 1b52df7b-b68f-4f5c-af0d-ddd95f2a350e; 20e5a826-c008-4acc-9671-68581135068e; 5a635e91-b03b-40d4-8a03-638dda8c9d9b; af6dfa2b-9236-48d0-84a6-df6e45acc69f; 19e911ec-fc95-448f-b9a0-55df2a7d52c0; 7d74a176-b498-4d89-a24b-d7bf83e91534; cca37f47-c8de-4eec-866d-2ef372d767c3; 376a6a0e-9cac-49ca-92e1-4778f7ea74b0; 986fb8a9-c469-4451-90f5-15572381b906; 45fc5a4f-6d6e-4198-9877-2ce97a1d4462; 493f925e-adb4-42b0-91b1-939d67dcbdde; 7353e5a4-67d8-48a5-b481-e9cffebec426; 9bdf7e6f-90d3-4ec6-b273-85f3b7af7cc7; 5dfbfb13-09e0-4962-b438-2843549fd78f; aead472c-72e1-4f4b-a847-6959387d0c7b; e7108c91-6b1e-4369-b965-21371db8cb84; 6b136f5e-c733-43c9-89ac-3b947b8e3dcd; bf5c9733-b9d2-4d82-8769-7ab183858a05; 1e1f23b7-2072-4df8-8cdd-df572eb1f404; ea429bd1-cc39-471a-9421-cf62e8709ebb; 427f6d3f-1e51-4732-ba64-f4e699b091b5; 8225a597-08b2-4920-a7a2-1b1df0713efd; 7bf5f462-852e-4962-9312-d359fa0d61e2; 68ae6272-8efc-486f-a079-b38888a7405e,"COLORADO STATE UNIVERSITY FOUNDATION; SIXTEEN THIRTY FUND; DP FACILITIES INC.; NEW VENTURE FUND; ROOSEVELT GROUP LLC (ON BEHALF OF R2P INNOVATIONS); TEAM HALLAHAN LLC ON BEHALF OF AMAZON WEB SERVICES, INC.; CMS ENERGY CORP; AMERICAN SOCIETY OF CIVIL ENGINEERS; BLUE ORIGIN; DEMAND PROGRESS ACTION, INC; DPWN HOLDINGS (USA) INC. (FORMERLY KNOWN AS DEUTSCHE POST WORLD NET-USA, INC.); GENERAL MOTORS; INFORMATION TECHNOLOGY INDUSTRY COUNCIL; INTERNATIONAL ASSOCIATION OF SHEET METAL AIR RAIL & TRANSPORTATION WORKERS; KEYCORP; NATIONWIDE MUTUAL INSURANCE COMPANY; OREGON STATE UNIVERSITY; REDWIRE SPACE INC F/K/A MADE IN SPACE; TAIWAN SEMICONDUCTOR MANUFACTURING COMPANY (TSMC); THE BUSINESS ROUNDTABLE; TOYOTA MOTOR NORTH AMERICA INC (TMA); TSMC ARIZONA","WOODBERRY ASSOCIATES; SIXTEEN THIRTY FUND; TEAM HALLAHAN LLC; NEW VENTURE FUND; THE DOERRER GROUP LLC; CMS ENERGY CORP; AMERICAN SOCIETY OF CIVIL ENGINEERS; MAYNOR & STIERS, LLC; DEMAND PROGRESS ACTION, INC; DPWN HOLDINGS (USA) INC. (FORMERLY KNOWN AS DEUTSCHE POST WORLD NET USA, INC.); RESOLUTION PUBLIC AFFAIRS, LLC; TIBER CREEK GROUP; INTERNATIONAL ASSOCIATION OF SHEET METAL, AIR, RAIL & TRANSPORTATION WORKERS; KEYCORP; NATIONWIDE MUTUAL INSURANCE COMPANY; OREGON STATE UNIVERSITY; K&L GATES, LLP; TAIWAN SEMICONDUCTOR MANUFACTURING COMPANY (TSMC); TOYOTA MOTOR NORTH AMERICA, INC. (TMA)",Budget/Appropriations; Science/Technology; Aerospace; Homeland Security; Consumer Issues/Safety/Products; Taxation/Internal Revenue Code; Manufacturing; Government Issues; Insurance; Economics/Economic Development; Trade (domestic/foreign); Computer Industry,2021; 2022,2nd Quarter (Apr 1 - June 30); 3rd Quarter (July 1 - Sep 30); 4th Quarter (Oct 1 - Dec 31); 1st Quarter (Jan 1 - Mar 31),https://lda.gov/filings/public/filing/1ad6b10c-8088-48c3-bef5-0a3c8f488309/print/; https://lda.gov/filings/public/filing/fecde5e0-ca1c-4b30-985c-852de9245ffd/print/; https://lda.gov/filings/public/filing/d4705d95-af56-4c7f-9f3c-474b3feae9f6/print/; https://lda.gov/filings/public/filing/696a7a8a-69a3-4a38-b541-04c44293acf0/print/; https://lda.gov/filings/public/filing/163747ac-af27-4876-86c8-4d7c189dd177/print/; https://lda.gov/filings/public/filing/aed720f3-10f6-426b-bc32-de3e04790ccd/print/; https://lda.gov/filings/public/filing/39d56be1-6554-4a94-bbf3-4006312f7fc7/print/; https://lda.gov/filings/public/filing/b8bb5abb-6c77-4620-a742-b52903b16257/print/; https://lda.gov/filings/public/filing/8d62a263-57a2-4eff-806f-aa3b8d910d5a/print/; https://lda.gov/filings/public/filing/b87bf7a7-df9c-4ab2-a405-e8fd37a56453/print/; https://lda.gov/filings/public/filing/19cbb3fc-b019-480d-bec6-40ed256110da/print/; https://lda.gov/filings/public/filing/009f6c86-25be-4823-bace-695013bad790/print/; https://lda.gov/filings/public/filing/1b52df7b-b68f-4f5c-af0d-ddd95f2a350e/print/; https://lda.gov/filings/public/filing/20e5a826-c008-4acc-9671-68581135068e/print/; https://lda.gov/filings/public/filing/5a635e91-b03b-40d4-8a03-638dda8c9d9b/print/; https://lda.gov/filings/public/filing/af6dfa2b-9236-48d0-84a6-df6e45acc69f/print/; https://lda.gov/filings/public/filing/19e911ec-fc95-448f-b9a0-55df2a7d52c0/print/; https://lda.gov/filings/public/filing/7d74a176-b498-4d89-a24b-d7bf83e91534/print/; https://lda.gov/filings/public/filing/cca37f47-c8de-4eec-866d-2ef372d767c3/print/; https://lda.gov/filings/public/filing/376a6a0e-9cac-49ca-92e1-4778f7ea74b0/print/; https://lda.gov/filings/public/filing/986fb8a9-c469-4451-90f5-15572381b906/print/; https://lda.gov/filings/public/filing/45fc5a4f-6d6e-4198-9877-2ce97a1d4462/print/; https://lda.gov/filings/public/filing/493f925e-adb4-42b0-91b1-939d67dcbdde/print/; https://lda.gov/filings/public/filing/7353e5a4-67d8-48a5-b481-e9cffebec426/print/; https://lda.gov/filings/public/filing/9bdf7e6f-90d3-4ec6-b273-85f3b7af7cc7/print/; https://lda.gov/filings/public/filing/5dfbfb13-09e0-4962-b438-2843549fd78f/print/; https://lda.gov/filings/public/filing/aead472c-72e1-4f4b-a847-6959387d0c7b/print/; https://lda.gov/filings/public/filing/e7108c91-6b1e-4369-b965-21371db8cb84/print/; https://lda.gov/filings/public/filing/6b136f5e-c733-43c9-89ac-3b947b8e3dcd/print/; https://lda.gov/filings/public/filing/bf5c9733-b9d2-4d82-8769-7ab183858a05/print/; https://lda.gov/filings/public/filing/1e1f23b7-2072-4df8-8cdd-df572eb1f404/print/; https://lda.gov/filings/public/filing/ea429bd1-cc39-471a-9421-cf62e8709ebb/print/; https://lda.gov/filings/public/filing/427f6d3f-1e51-4732-ba64-f4e699b091b5/print/; https://lda.gov/filings/public/filing/8225a597-08b2-4920-a7a2-1b1df0713efd/print/; https://lda.gov/filings/public/filing/7bf5f462-852e-4962-9312-d359fa0d61e2/print/; https://lda.gov/filings/public/filing/68ae6272-8efc-486f-a079-b38888a7405e/print/,HR 4346; H.R. 4346; HR4346,official_lda_api_search; official_lda_filing_text_bill_identifier,reviewed_outside_spending_target; sponsor_or_member_target; committee_action_influence; roll_call_influence; legislative_outcome_causality; public_benefit_or_welfare_validation; causal_capture_validation; model_validation,https://lda.gov/api/v1/filings/,"Official LDA filing-text bill-reference review only; exact bill-number mentions in filing activity text identify disclosed lobbying activity mentioning a specific bill, not support, opposition, sponsor/member targeting, committee-action influence, roll-call influence, legislative-outcome causality, public benefit, welfare, causal capture, or model validation."
11,117-s-3373,117-168,Armed Forces and National Security,2021-12-09,2022-08-10,,exact_lda_filing_text_bill_mention_found,2,23,23,23,04aba7a1-6385-4609-84be-43f81f3f99fe; 2b54c262-2b9d-4dac-8869-ad7e29a8ed46; e8f0fa77-18ca-4e0e-bb06-cf7dbc10e81f; ec2754ad-4789-4415-92e9-4d1bf8d9f2cf; 1306b9ac-41ff-478d-b384-ecf8942f3c27; f523aa78-9945-47d3-8032-420f5ea96a74; 7b41bdd7-280e-4461-8d85-56396edb78f5; 9ac072f7-13bf-4ec2-8b23-6877c5df0208; 2fa03f17-7b2f-4640-a099-22381ae33155; 197d6577-9a1a-44dd-8b3d-0b34e7fe436e; 31bb220a-be81-4839-a104-b94587e46fb9; 191cb1be-efcc-4ec9-983b-50f0dae0153a; bd1ee63c-91ea-4877-981a-28fa1c83b56f; 9785264d-95a4-4931-ba8d-10fad0d5392b; f3f09596-ca17-4c30-9544-241a5a70ba55; 2dc6339a-2f80-4dcc-a418-71fd09dfec49; 8af79715-a33b-45bd-b4f4-d07321bc973c; eecc1617-71dd-43b8-a93e-4fe7ff56d432; 83ed86cb-7af4-4bb6-9641-a3979afd3c4b,"AFGE NATIONAL VA COUNCIL; AMERICAN FED OF GOVERNMENT EMPLOYEES AFL-CIO; AMERICAN FEDERATION OF STATE COUNTY AND MUNICIPAL EMPLOYEES; AMERICAN LEGION; AMERICAN LUNG ASSOCIATION; DISABLED AMERICAN VETERANS; JEFFERSON BUSINESS CONSULTING ON BEHALF OF LEIDOS; MILITARY OFFICERS ASSOCIATION OF AMERICA; MOVEON.ORG CIVIC ACTION; NATIONAL NURSES UNITED; SALESFORCE, INC.; THE MICHAEL J. FOX FOUNDATION FOR PARKINSON'S RESEARCH; UNIVERSITY OF CENTRAL FLORIDA; VETERANS EVALUATION SERVICES","MS. MARILYN PARK; AMERICAN FED OF GOVERNMENT EMPLOYEES, AFL-CIO; AMERICAN FEDERATION OF STATE, COUNTY AND MUNICIPAL EMPLOYEES; THE AMERICAN LEGION; AMERICAN LUNG ASSOCIATION; DISABLED AMERICAN VETERANS; PARK GOVERNMENT RELATIONS, LLC; MILITARY OFFICERS ASSOCIATION OF AMERICA; MOVEON.ORG CIVIC ACTION; NATIONAL NURSES UNITED; SALESFORCE, INC.; THE MICHAEL J. FOX FOUNDATION FOR PARKINSON'S RESEARCH; WHITMER & WORRALL, LLC; CAPITOL VENTURE LLC",Veterans; Labor Issues/Antitrust/Workplace; Health Issues; Homeland Security; Budget/Appropriations; Government Issues; Agriculture,2021; 2022,3rd Quarter (July 1 - Sep 30); 4th Quarter (Oct 1 - Dec 31),https://lda.gov/filings/public/filing/04aba7a1-6385-4609-84be-43f81f3f99fe/print/; https://lda.gov/filings/public/filing/2b54c262-2b9d-4dac-8869-ad7e29a8ed46/print/; https://lda.gov/filings/public/filing/e8f0fa77-18ca-4e0e-bb06-cf7dbc10e81f/print/; https://lda.gov/filings/public/filing/ec2754ad-4789-4415-92e9-4d1bf8d9f2cf/print/; https://lda.gov/filings/public/filing/1306b9ac-41ff-478d-b384-ecf8942f3c27/print/; https://lda.gov/filings/public/filing/f523aa78-9945-47d3-8032-420f5ea96a74/print/; https://lda.gov/filings/public/filing/7b41bdd7-280e-4461-8d85-56396edb78f5/print/; https://lda.gov/filings/public/filing/9ac072f7-13bf-4ec2-8b23-6877c5df0208/print/; https://lda.gov/filings/public/filing/2fa03f17-7b2f-4640-a099-22381ae33155/print/; https://lda.gov/filings/public/filing/197d6577-9a1a-44dd-8b3d-0b34e7fe436e/print/; https://lda.gov/filings/public/filing/31bb220a-be81-4839-a104-b94587e46fb9/print/; https://lda.gov/filings/public/filing/191cb1be-efcc-4ec9-983b-50f0dae0153a/print/; https://lda.gov/filings/public/filing/bd1ee63c-91ea-4877-981a-28fa1c83b56f/print/; https://lda.gov/filings/public/filing/9785264d-95a4-4931-ba8d-10fad0d5392b/print/; https://lda.gov/filings/public/filing/f3f09596-ca17-4c30-9544-241a5a70ba55/print/; https://lda.gov/filings/public/filing/2dc6339a-2f80-4dcc-a418-71fd09dfec49/print/; https://lda.gov/filings/public/filing/8af79715-a33b-45bd-b4f4-d07321bc973c/print/; https://lda.gov/filings/public/filing/eecc1617-71dd-43b8-a93e-4fe7ff56d432/print/; https://lda.gov/filings/public/filing/83ed86cb-7af4-4bb6-9641-a3979afd3c4b/print/,S. 3373; S 3373,official_lda_api_search; official_lda_filing_text_bill_identifier,reviewed_outside_spending_target; sponsor_or_member_target; committee_action_influence; roll_call_influence; legislative_outcome_causality; public_benefit_or_welfare_validation; causal_capture_validation; model_validation,https://lda.gov/api/v1/filings/,"Official LDA filing-text bill-reference review only; exact bill-number mentions in filing activity text identify disclosed lobbying activity mentioning a specific bill, not support, opposition, sponsor/member targeting, committee-action influence, roll-call influence, legislative-outcome causality, public benefit, welfare, causal capture, or model validation."
12,117-hr-5376,117-169,Economics and Public Finance,2021-09-27,2022-08-16,,exact_lda_filing_text_bill_mention_found,2,2192,50,55,1cccc072-eaec-4c62-9df0-5252265f9c9a; a8222b62-a1c5-442c-bded-2ae60e7621b9; 0dd9af3a-357f-462c-aa87-1532e8994603; 60660239-3c41-43cd-9ac1-da1e439fd092; 1eaee5b9-2aec-460b-91ae-b0c2e25f105b; ba29888d-2b4b-46ce-89bf-bfc25d145d19; 9fe0e958-1343-4170-a6b4-ffa3c0f4e80c; 44dd9d4b-5c99-4ddf-949a-92216a04417d; 85f5141f-5f75-4cb2-9e52-be520ad48733; fca5d2f4-ebd0-4d89-a880-371aef78fe58; 4ebca367-160c-4e16-8d94-7561176a4bf0; b2f0f557-3d8a-4286-94ad-b6f432fb2473; 58ff26ab-7a31-4a1f-81f7-361f5bc4702e; 5dbc8a2d-f59f-4f79-94b6-fb5d0b1abee1; 2cd4f212-8d57-42da-bfc7-941a18c99954; d71683c9-433e-4eeb-bb04-431870a5ff16; d87af326-ccf5-49f6-b1cc-b5580c9282d6; ca256faa-d123-4e19-94da-0c89129564cd; c5997d63-a977-4cfb-b168-cd644b9f0f45; e97b976e-471b-4041-984b-e7a24be843ab; 37ed1cfc-374c-452f-b3c9-fe383b4bb407; 46321926-ceff-430d-84af-bccd8b276372; 25c9d45c-3013-4d8e-a0f4-0c5ac895b1ec; d822233b-5bac-43cd-a3d6-a930dfd437c5; 9810f98f-39e1-4877-81d1-ea7598f8a4b0; 1999713c-809b-4609-ab2f-6bc42de4e722; 88a12d3e-1913-4036-bbb2-f54431321669; 2867480a-52ef-4283-be78-64e958c67fba; f2e1ea8d-bbe6-4063-96bf-b9407ac73c5e; d57ce59a-850f-4fb4-bbe3-8037b6fdf8f2; 56e755d5-45d7-4703-bd33-2eb4903361c9; a73b0301-1024-40e0-84d2-cb5660d47bc5; 37f38fc8-7eb9-4663-9ddb-95dce769c96c; 5717ac64-f36b-4164-9a5b-3fe69dbd15fd; 6aa81f96-8483-4f3d-89d5-18411937f550; 9939d6d3-84b0-4d5a-ba9f-af8df33f48a2; dc2225f6-036b-479d-88a0-449bbbed2b97; f39ffaee-908a-4971-b773-f46a185971ed; 087fc963-4163-4796-b79d-cf907636cf9b; 59ec6ed3-cb33-4faa-aa7c-bcd208e3e58d; ff9af9af-b94d-4724-b3bd-dd9224963597; 47090792-9ce7-476b-b30b-53f917fd8689; bc3c649e-d69c-4c6a-a82d-084eb64fcad5; 4e4f31e4-4bfe-4306-bc00-b5a8fee71707,"AMERICAN CHIROPRACTIC ASSOCIATION; AMERICAN SMALL MANUFACTURERS COALITION; AMERICAN SUGAR ALLIANCE; BLACKROCK FUNDS SERVICES GROUP LLC; BLOOM ENERGY; BUILDING AND CONSTRUCTION TRADES DEPT AFL-CIO; COTTON WAREHOUSE ASSOCIATION OF AMERICA; CROP INSURANCE PROFESSIONAL ASSOCIATION LLC (NEW NAME); GENERAL DYNAMICS CORPORATION; MINNESOTA CORN GROWERS; NATIONAL RURAL ELECTRIC COOPERATIVE ASSOCIATION; NATIONAL SORGHUM PRODUCERS; NATIONWIDE MUTUAL INSURANCE COMPANY; OREGON STATE UNIVERSITY; SELECT MILK PRODUCERS, INC./CONTINENTAL DAIRY PRODUCTS, INC.; SELF-INSURANCE INSTITUTE OF AMERICA, INC.; SIGNIFY LIGHTING NORTH AMERICA CORPORATION; SOUTH CAROLINA PEACH COUNCIL; SOUTHWEST COUNCIL OF AGRIBUSINESS; USA RICE FEDERATION; WESTERN PEANUT GROWERS ASSOCIATION; ALTRIA CLIENT SERVICES, LLC; AT&T SERVICES, INC (FORMERLY SBC COMMUNICATIONS, INC.); BLUE BIRD BODY COMPANY; COLLEGE OF AMERICAN PATHOLOGISTS; CSX CORPORATION; ENERGY INFRASTRUCTURE COUNCIL FKA MASTER LIMITED PARTNERSHIP ASSOCIATION; GENERAL CIGAR CO INC; HCA; KOCH GOVERNMENT AFFAIRS, LLC; LEADING BUILDERS OF AMERICA; MAINSPRING ENERGY; MOTORCYCLE INDUSTRY COUNCIL; NATIONAL ONSITE WASTEWATER RECYCLING ASSOCIATION; PUBLIC CITIZEN; RENEWABLE ENERGY GROUP, INC.; VOLTA INDUSTRIES, INC.","AMERICAN CHIROPRACTIC ASSOCIATION; AMERICAN SMALL MANUFACTURERS COALITION; COMBEST, SELL & ASSOCIATES, LLC; BLACKROCK FUNDS SERVICES GROUP, LLC; BLOOM ENERGY; BUILDING AND CONSTRUCTION TRADES DEPT., AFL-CIO; MELTSNER STRATEGIES, LLC; NATIONWIDE MUTUAL INSURANCE COMPANY; OREGON STATE UNIVERSITY; CALMETTO MANAGEMENT GROUP; POLSINELLI PC; RESOLUTION PUBLIC AFFAIRS, LLC; LAW OFFICES OF BERNARD WUNDER (FKA WUNDER & LILLEY); NATIONAL STRATEGIES, LLC; COLLEGE OF AMERICAN PATHOLOGISTS; THE SMITH-FREE GROUP, LLC; ZIEBART CONSULTING, LLC; ALPINE GROUP PARTNERS, LLC.; THE NICKLES GROUP, LLC; KENNETH GEAR; MOTORCYCLE INDUSTRY COUNCIL; PUBLIC CITIZEN; HOLLAND & KNIGHT LLP",Medicare/Medicaid; Budget/Appropriations; Taxation/Internal Revenue Code; Retirement; Immigration; Agriculture; Education; Science/Technology; Health Issues; Energy/Nuclear; Telecommunications; Automotive Industry; Railroads; Tobacco; Banking; Clean Air and Water (quality); Pharmacy,2021; 2022,3rd Quarter (July 1 - Sep 30); 1st Quarter (Jan 1 - Mar 31),https://lda.gov/filings/public/filing/1cccc072-eaec-4c62-9df0-5252265f9c9a/print/; https://lda.gov/filings/public/filing/a8222b62-a1c5-442c-bded-2ae60e7621b9/print/; https://lda.gov/filings/public/filing/0dd9af3a-357f-462c-aa87-1532e8994603/print/; https://lda.gov/filings/public/filing/60660239-3c41-43cd-9ac1-da1e439fd092/print/; https://lda.gov/filings/public/filing/1eaee5b9-2aec-460b-91ae-b0c2e25f105b/print/; https://lda.gov/filings/public/filing/ba29888d-2b4b-46ce-89bf-bfc25d145d19/print/; https://lda.gov/filings/public/filing/9fe0e958-1343-4170-a6b4-ffa3c0f4e80c/print/; https://lda.gov/filings/public/filing/44dd9d4b-5c99-4ddf-949a-92216a04417d/print/; https://lda.gov/filings/public/filing/85f5141f-5f75-4cb2-9e52-be520ad48733/print/; https://lda.gov/filings/public/filing/fca5d2f4-ebd0-4d89-a880-371aef78fe58/print/; https://lda.gov/filings/public/filing/4ebca367-160c-4e16-8d94-7561176a4bf0/print/; https://lda.gov/filings/public/filing/b2f0f557-3d8a-4286-94ad-b6f432fb2473/print/; https://lda.gov/filings/public/filing/58ff26ab-7a31-4a1f-81f7-361f5bc4702e/print/; https://lda.gov/filings/public/filing/5dbc8a2d-f59f-4f79-94b6-fb5d0b1abee1/print/; https://lda.gov/filings/public/filing/2cd4f212-8d57-42da-bfc7-941a18c99954/print/; https://lda.gov/filings/public/filing/d71683c9-433e-4eeb-bb04-431870a5ff16/print/; https://lda.gov/filings/public/filing/d87af326-ccf5-49f6-b1cc-b5580c9282d6/print/; https://lda.gov/filings/public/filing/ca256faa-d123-4e19-94da-0c89129564cd/print/; https://lda.gov/filings/public/filing/c5997d63-a977-4cfb-b168-cd644b9f0f45/print/; https://lda.gov/filings/public/filing/e97b976e-471b-4041-984b-e7a24be843ab/print/; https://lda.gov/filings/public/filing/37ed1cfc-374c-452f-b3c9-fe383b4bb407/print/; https://lda.gov/filings/public/filing/46321926-ceff-430d-84af-bccd8b276372/print/; https://lda.gov/filings/public/filing/25c9d45c-3013-4d8e-a0f4-0c5ac895b1ec/print/; https://lda.gov/filings/public/filing/d822233b-5bac-43cd-a3d6-a930dfd437c5/print/; https://lda.gov/filings/public/filing/9810f98f-39e1-4877-81d1-ea7598f8a4b0/print/; https://lda.gov/filings/public/filing/1999713c-809b-4609-ab2f-6bc42de4e722/print/; https://lda.gov/filings/public/filing/88a12d3e-1913-4036-bbb2-f54431321669/print/; https://lda.gov/filings/public/filing/2867480a-52ef-4283-be78-64e958c67fba/print/; https://lda.gov/filings/public/filing/f2e1ea8d-bbe6-4063-96bf-b9407ac73c5e/print/; https://lda.gov/filings/public/filing/d57ce59a-850f-4fb4-bbe3-8037b6fdf8f2/print/; https://lda.gov/filings/public/filing/56e755d5-45d7-4703-bd33-2eb4903361c9/print/; https://lda.gov/filings/public/filing/a73b0301-1024-40e0-84d2-cb5660d47bc5/print/; https://lda.gov/filings/public/filing/37f38fc8-7eb9-4663-9ddb-95dce769c96c/print/; https://lda.gov/filings/public/filing/5717ac64-f36b-4164-9a5b-3fe69dbd15fd/print/; https://lda.gov/filings/public/filing/6aa81f96-8483-4f3d-89d5-18411937f550/print/; https://lda.gov/filings/public/filing/9939d6d3-84b0-4d5a-ba9f-af8df33f48a2/print/; https://lda.gov/filings/public/filing/dc2225f6-036b-479d-88a0-449bbbed2b97/print/; https://lda.gov/filings/public/filing/f39ffaee-908a-4971-b773-f46a185971ed/print/; https://lda.gov/filings/public/filing/087fc963-4163-4796-b79d-cf907636cf9b/print/; https://lda.gov/filings/public/filing/59ec6ed3-cb33-4faa-aa7c-bcd208e3e58d/print/; https://lda.gov/filings/public/filing/ff9af9af-b94d-4724-b3bd-dd9224963597/print/; https://lda.gov/filings/public/filing/47090792-9ce7-476b-b30b-53f917fd8689/print/; https://lda.gov/filings/public/filing/bc3c649e-d69c-4c6a-a82d-084eb64fcad5/print/; https://lda.gov/filings/public/filing/4e4f31e4-4bfe-4306-bc00-b5a8fee71707/print/,HR 5376; H.R. 5376; HR.5376,official_lda_api_search; official_lda_filing_text_bill_identifier,reviewed_outside_spending_target; sponsor_or_member_target; committee_action_influence; roll_call_influence; legislative_outcome_causality; public_benefit_or_welfare_validation; causal_capture_validation; model_validation,https://lda.gov/api/v1/filings/,"Official LDA filing-text bill-reference review only; exact bill-number mentions in filing activity text identify disclosed lobbying activity mentioning a specific bill, not support, opposition, sponsor/member targeting, committee-action influence, roll-call influence, legislative-outcome causality, public benefit, welfare, causal capture, or model validation."
13,117-hr-6943,117-172,Crime and Law Enforcement,2022-03-07,2022-08-16,,exact_lda_filing_text_bill_mention_found,1,6,6,6,f534d055-7656-422f-be65-b5d8e365fd81; e8f0fa77-18ca-4e0e-bb06-cf7dbc10e81f; 5e145bac-3781-49db-a9a8-7dbe6fccb282; 2dc6339a-2f80-4dcc-a418-71fd09dfec49; 580c70e6-337e-4998-bc2f-c69a191c48c9; 705ad58a-d490-4205-af36-af3ac122c672,INTERNATIONAL UNION OF POLICE ASSOCIATIONS AFL-CIO; AMERICAN FEDERATION OF STATE COUNTY AND MUNICIPAL EMPLOYEES,"INTERNATIONAL UNION OF POLICE ASSOCIATIONS, AFL-CIO; AMERICAN FEDERATION OF STATE, COUNTY AND MUNICIPAL EMPLOYEES",Law Enforcement/Crime/Criminal Justice,2022,2nd Quarter (Apr 1 - June 30); 3rd Quarter (July 1 - Sep 30); 4th Quarter (Oct 1 - Dec 31),https://lda.gov/filings/public/filing/f534d055-7656-422f-be65-b5d8e365fd81/print/; https://lda.gov/filings/public/filing/e8f0fa77-18ca-4e0e-bb06-cf7dbc10e81f/print/; https://lda.gov/filings/public/filing/5e145bac-3781-49db-a9a8-7dbe6fccb282/print/; https://lda.gov/filings/public/filing/2dc6339a-2f80-4dcc-a418-71fd09dfec49/print/; https://lda.gov/filings/public/filing/580c70e6-337e-4998-bc2f-c69a191c48c9/print/; https://lda.gov/filings/public/filing/705ad58a-d490-4205-af36-af3ac122c672/print/,HR 6943,official_lda_api_search; official_lda_filing_text_bill_identifier,reviewed_outside_spending_target; sponsor_or_member_target; committee_action_influence; roll_call_influence; legislative_outcome_causality; public_benefit_or_welfare_validation; causal_capture_validation; model_validation,https://lda.gov/api/v1/filings/,"Official LDA filing-text bill-reference review only; exact bill-number mentions in filing activity text identify disclosed lobbying activity mentioning a specific bill, not support, opposition, sponsor/member targeting, committee-action influence, roll-call influence, legislative-outcome causality, public benefit, welfare, causal capture, or model validation."
14,117-s-4458,117-174,Armed Forces and National Security,2022-06-23,2022-08-26,,exact_lda_filing_text_bill_mention_found,1,12,12,12,7f2713a5-11d2-4414-9170-fae8a847e240; 838e17aa-000e-4ce7-b7c7-744e9c60f951; 603e73a7-8d0b-40f2-99f9-3549698e4e20; 896b3834-c232-4604-b157-6ead605ca104; f523aa78-9945-47d3-8032-420f5ea96a74; eecc73b3-3c65-493f-96c9-89b7b288e8d7; 2ef317ca-036f-4a23-89ce-80ea2890fe24; c2d5ac69-279d-4b6d-83ba-81b5f05949ef; abf924f7-68d0-4d3c-a577-0eb6bbcbf1c0; 8af79715-a33b-45bd-b4f4-d07321bc973c; d6f9c4be-3ce2-47c3-be63-ca023ad7d816; f44fe727-a231-45d6-aede-ffb9bc38f51e,NATIONAL ASSN OF INDEPENDENT COLLEGES & UNIVERSITIES; THE UNIVERSITY OF NORTH CAROLINA SYSTEM; UNIVERSITY OF VIRGINIA; ASSOCIATION OF AMERICAN UNIVERSITIES; DISABLED AMERICAN VETERANS; THE TEXAS A&M UNIVERSITY SYSTEM; UNIVERSITY OF ROCHESTER,NATIONAL ASSN OF INDEPENDENT COLLEGES & UNIVERSITIES; THE UNIVERSITY OF NORTH CAROLINA SYSTEM; UNIVERSITY OF VIRGINIA; ASSOCIATION OF AMERICAN UNIVERSITIES; DISABLED AMERICAN VETERANS; THE TEXAS A&M UNIVERSITY SYSTEM; UNIVERSITY OF ROCHESTER,Education; Veterans,2022,2nd Quarter (Apr 1 - June 30); 3rd Quarter (July 1 - Sep 30); 4th Quarter (Oct 1 - Dec 31),https://lda.gov/filings/public/filing/7f2713a5-11d2-4414-9170-fae8a847e240/print/; https://lda.gov/filings/public/filing/838e17aa-000e-4ce7-b7c7-744e9c60f951/print/; https://lda.gov/filings/public/filing/603e73a7-8d0b-40f2-99f9-3549698e4e20/print/; https://lda.gov/filings/public/filing/896b3834-c232-4604-b157-6ead605ca104/print/; https://lda.gov/filings/public/filing/f523aa78-9945-47d3-8032-420f5ea96a74/print/; https://lda.gov/filings/public/filing/eecc73b3-3c65-493f-96c9-89b7b288e8d7/print/; https://lda.gov/filings/public/filing/2ef317ca-036f-4a23-89ce-80ea2890fe24/print/; https://lda.gov/filings/public/filing/c2d5ac69-279d-4b6d-83ba-81b5f05949ef/print/; https://lda.gov/filings/public/filing/abf924f7-68d0-4d3c-a577-0eb6bbcbf1c0/print/; https://lda.gov/filings/public/filing/8af79715-a33b-45bd-b4f4-d07321bc973c/print/; https://lda.gov/filings/public/filing/d6f9c4be-3ce2-47c3-be63-ca023ad7d816/print/; https://lda.gov/filings/public/filing/f44fe727-a231-45d6-aede-ffb9bc38f51e/print/,S. 4458; S.4458; S 4458,official_lda_api_search; official_lda_filing_text_bill_identifier,reviewed_outside_spending_target; sponsor_or_member_target; committee_action_influence; roll_call_influence; legislative_outcome_causality; public_benefit_or_welfare_validation; causal_capture_validation; model_validation,https://lda.gov/api/v1/filings/,"Official LDA filing-text bill-reference review only; exact bill-number mentions in filing activity text identify disclosed lobbying activity mentioning a specific bill, not support, opposition, sponsor/member targeting, committee-action influence, roll-call influence, legislative-outcome causality, public benefit, welfare, causal capture, or model validation."
15,117-hr-6833,117-180,Economics and Public Finance,2022-02-25,2022-09-30,,exact_lda_filing_text_bill_mention_found,1,85,25,25,fddaeaa7-5065-4148-871f-64db9fdb839a; dffb90cb-0bc3-4dc2-aa68-b3060af1723c; 5005c4a0-867e-4892-a6db-12bbd01fc428; 5be2948c-b666-48da-aaac-cd01d52a80ed; bef2d238-2fe5-410a-849b-52b1e1f9a470; f336e8a2-fb9d-4835-a0cf-eb99303fd47d; ce521263-b03d-4e47-b079-474ea6ef21e1; 8e3f4f33-4527-408f-8b9f-b8fd0ddafe04; dcd1dbc1-3c4a-41bf-b766-11543866a5d1; 6bd81376-28bf-4b42-8204-d640d3c820c0; eac364ae-9165-426e-98a9-986c8c287f6b; 3cc45db3-ab18-43e5-bc0d-cb1ee9b2dc19; d6900e57-d267-4753-bd48-ced68524fa1d; ca0365fe-6697-427a-8232-ffac7f015761; 966f0b12-cbe6-4425-8df0-5dda79174688; baf14b24-c641-4886-adc7-938857669cbc; 2e1b652e-c5a5-4030-9d20-5873af8c063d; a10ce758-7d9d-4a5b-bc3e-7c134d0f8075; 0d1215b5-e15c-4091-a5cc-4f1af040828b; cbc79fbf-1266-4768-9865-f85754c471ee; e498c189-1e97-40c1-a1f8-c2301fff1094; 989911cb-3070-429c-9fb0-032bb334bf0b; 75caa813-99e6-41a1-b8de-e2de71a6bc50; 3695a881-bed3-4958-b45a-03574108d98a,"AMERICAN FEDERATION OF STATE COUNTY AND MUNICIPAL EMPLOYEES; CAMBIA HEALTH SOLUTIONS; HERITAGE ACTION FOR AMERICA; SANOFI US SERVICES INC; WALGREEN CO.; AMERICAN MEDICAL ASSOCIATION; PRIME THERAPEUTICS; AFL-CIO; AMGEN INC; BUILDING AND CONSTRUCTION TRADES DEPT AFL-CIO; CARPI & CLAY, INC ON BEHALF OF LOS ANGELES COUNTY; COUNTY OF LOS ANGELES; EMD SERONO, INC.; EMERGENT BIOSOLUTIONS INC; HEALTH CARE SUPPLY CHAIN ASSOCIATION; INDEPENDENT INSURANCE AGENTS & BROKERS OF AMERICA; LOUISIANA ENERGY SERVICES, LLC; NATIONAL TREASURY EMPLOYEES UNION; T-MOBILE; VERTEX PHARMACEUTICALS INCORPORATED","AMERICAN FEDERATION OF STATE, COUNTY AND MUNICIPAL EMPLOYEES; CAMBIA HEALTH SOLUTIONS; HERITAGE ACTION FOR AMERICA; SANOFI US SERVICES INC.; WEST FRONT STRATEGIES LLC; LOPER CONSULTING LLC; PRIME THERAPEUTICS; AFL-CIO; TIBER CREEK GROUP; BUILDING AND CONSTRUCTION TRADES DEPT., AFL-CIO; O'HARE INFRASTRUCTURE STRATEGIES LLC; BECKY SHIPP CONSULTING, LLC; THE D MAJOR GROUP; MERCURY PUBLIC AFFAIRS, LLC; INDEPENDENT INSURANCE AGENTS & BROKERS OF AMERICA; STEPHEN WARD CONSULTING, LLC; NATIONAL TREASURY EMPLOYEES UNION; OWEN EVANS INGOLS; VERTEX PHARMACEUTICALS INCORPORATED",Health Issues; Medicare/Medicaid; Pharmacy; Government Issues; Budget/Appropriations; Transportation; Energy/Nuclear; Telecommunications; Medical/Disease Research/Clinical Labs,2022,1st Quarter (Jan 1 - Mar 31); 2nd Quarter (Apr 1 - June 30); 3rd Quarter (July 1 - Sep 30),https://lda.gov/filings/public/filing/fddaeaa7-5065-4148-871f-64db9fdb839a/print/; https://lda.gov/filings/public/filing/dffb90cb-0bc3-4dc2-aa68-b3060af1723c/print/; https://lda.gov/filings/public/filing/5005c4a0-867e-4892-a6db-12bbd01fc428/print/; https://lda.gov/filings/public/filing/5be2948c-b666-48da-aaac-cd01d52a80ed/print/; https://lda.gov/filings/public/filing/bef2d238-2fe5-410a-849b-52b1e1f9a470/print/; https://lda.gov/filings/public/filing/f336e8a2-fb9d-4835-a0cf-eb99303fd47d/print/; https://lda.gov/filings/public/filing/ce521263-b03d-4e47-b079-474ea6ef21e1/print/; https://lda.gov/filings/public/filing/8e3f4f33-4527-408f-8b9f-b8fd0ddafe04/print/; https://lda.gov/filings/public/filing/dcd1dbc1-3c4a-41bf-b766-11543866a5d1/print/; https://lda.gov/filings/public/filing/6bd81376-28bf-4b42-8204-d640d3c820c0/print/; https://lda.gov/filings/public/filing/eac364ae-9165-426e-98a9-986c8c287f6b/print/; https://lda.gov/filings/public/filing/3cc45db3-ab18-43e5-bc0d-cb1ee9b2dc19/print/; https://lda.gov/filings/public/filing/d6900e57-d267-4753-bd48-ced68524fa1d/print/; https://lda.gov/filings/public/filing/ca0365fe-6697-427a-8232-ffac7f015761/print/; https://lda.gov/filings/public/filing/966f0b12-cbe6-4425-8df0-5dda79174688/print/; https://lda.gov/filings/public/filing/baf14b24-c641-4886-adc7-938857669cbc/print/; https://lda.gov/filings/public/filing/2e1b652e-c5a5-4030-9d20-5873af8c063d/print/; https://lda.gov/filings/public/filing/a10ce758-7d9d-4a5b-bc3e-7c134d0f8075/print/; https://lda.gov/filings/public/filing/0d1215b5-e15c-4091-a5cc-4f1af040828b/print/; https://lda.gov/filings/public/filing/cbc79fbf-1266-4768-9865-f85754c471ee/print/; https://lda.gov/filings/public/filing/e498c189-1e97-40c1-a1f8-c2301fff1094/print/; https://lda.gov/filings/public/filing/989911cb-3070-429c-9fb0-032bb334bf0b/print/; https://lda.gov/filings/public/filing/75caa813-99e6-41a1-b8de-e2de71a6bc50/print/; https://lda.gov/filings/public/filing/3695a881-bed3-4958-b45a-03574108d98a/print/,HR 6833; H.R. 6833,official_lda_api_search; official_lda_filing_text_bill_identifier,reviewed_outside_spending_target; sponsor_or_member_target; committee_action_influence; roll_call_influence; legislative_outcome_causality; public_benefit_or_welfare_validation; causal_capture_validation; model_validation,https://lda.gov/api/v1/filings/,"Official LDA filing-text bill-reference review only; exact bill-number mentions in filing activity text identify disclosed lobbying activity mentioning a specific bill, not support, opposition, sponsor/member targeting, committee-action influence, roll-call influence, legislative-outcome causality, public benefit, welfare, causal capture, or model validation."
16,117-s-4900,117-183,Commerce,2022-09-20,2022-09-30,,exact_lda_filing_text_bill_mention_found,1,67,25,25,a7eefbe4-df51-45f2-a713-78f0532a37ba; 0ef1feb2-7397-4884-92d3-90f0ea3f6c91; 3c677ca7-9ce3-4622-8471-3846845cd399; 41d9ba72-7cb3-4129-895c-0f7605420c04; 154c5644-139e-42bb-8b18-a44f8dc783ff; eb0750ee-e603-4741-8087-5bd7e8420e5d; 964c2ed0-f907-47e4-872f-4d8402e4bf7c; edd4963f-52cf-4473-8520-c6be21077057; 65dc77a1-ebcd-454d-ac89-f172c4a7776a; ed57c005-b3c4-427f-9dc1-f55ab006ef6a; 32822a8a-d87f-44cf-8dd2-a3bf6700aa15; d69c1c7c-9dfd-4d89-95cd-7a156c905b2a; 273dcd6f-83c6-4a97-9d5d-b4af48f0f60c; d88b3353-2394-4083-a5c8-c41ba16fbb99; 1ec9355d-7641-4b3b-b354-3474109a484b; 03514b42-2997-4a8a-a229-30b67d41a0ea; 14f205b9-66fb-4ce3-ab1a-2c02610dc303; d8527590-88fb-46b9-a65c-a1cdc26ed6a9; 8c57d1d2-06f8-4684-8f2d-b4799507956a; b8de17a4-f177-45a9-8772-ae2f78fddbee; 6154bf70-46cf-43cd-bad1-dec8f38d3418; 3d2fdf3a-b8eb-47cf-89f9-31b95b27ded9; da0cd0bb-9a2e-4d60-be26-bb5fd37818fc; ad706a38-f527-45c6-b9bb-227b527074dd; 535e5c65-3453-4e15-b856-235b1f88ac4f,"AMENTUM HOLDINGS, INC; AMERICAN SMALL MANUFACTURING COALITION; BAE SYSTEMS INC; BALL AEROSPACE & TECHNOLOGIES CORPORATION; BETA TECHNOLOGIES; CADENCE DESIGN SYSTEMS, INC.; CAPELLA SPACE; CONCURRENT TECHNOLOGIES CORPORATION; CONTIEM (FORMERLY ORBIS TECHNOLOGIES, INC.); DYNAMIC AVIATION GROUP, INC.; GENERAL DYNAMICS; GTS; HAWKEYE 360; KAREM AIRCRAFT; L3HARRIS TECHNOLOGIES INC; LEONARDO ELECTRONICS US INC.; REDWIRE SPACE; SAS INSTITUTE; SOFTWARFARE, LLC; THE INSTITUTE OF ELECTRICAL AND ELECTRONICS ENGINEERS; UNIVERSITY OF ALASKA; UNIVERSITY OF LOUISVILLE; UNIVERSITY OF WISCONSIN-MADISON; VANTOR HOLDINGS","PRASAM; K&L GATES, LLP; BETA TECHNOLOGIES; THE INSTITUTE OF ELECTRICAL AND ELECTRONICS ENGINEERS; UNIVERSITY OF ALASKA; UNIVERSITY OF LOUISVILLE; AKIN GUMP STRAUSS HAUER & FELD; UNIVERSITY OF WISCONSIN-MADISON",Defense; Manufacturing; Small Business; Science/Technology; Education,2022,3rd Quarter (July 1 - Sep 30),https://lda.gov/filings/public/filing/a7eefbe4-df51-45f2-a713-78f0532a37ba/print/; https://lda.gov/filings/public/filing/0ef1feb2-7397-4884-92d3-90f0ea3f6c91/print/; https://lda.gov/filings/public/filing/3c677ca7-9ce3-4622-8471-3846845cd399/print/; https://lda.gov/filings/public/filing/41d9ba72-7cb3-4129-895c-0f7605420c04/print/; https://lda.gov/filings/public/filing/154c5644-139e-42bb-8b18-a44f8dc783ff/print/; https://lda.gov/filings/public/filing/eb0750ee-e603-4741-8087-5bd7e8420e5d/print/; https://lda.gov/filings/public/filing/964c2ed0-f907-47e4-872f-4d8402e4bf7c/print/; https://lda.gov/filings/public/filing/edd4963f-52cf-4473-8520-c6be21077057/print/; https://lda.gov/filings/public/filing/65dc77a1-ebcd-454d-ac89-f172c4a7776a/print/; https://lda.gov/filings/public/filing/ed57c005-b3c4-427f-9dc1-f55ab006ef6a/print/; https://lda.gov/filings/public/filing/32822a8a-d87f-44cf-8dd2-a3bf6700aa15/print/; https://lda.gov/filings/public/filing/d69c1c7c-9dfd-4d89-95cd-7a156c905b2a/print/; https://lda.gov/filings/public/filing/273dcd6f-83c6-4a97-9d5d-b4af48f0f60c/print/; https://lda.gov/filings/public/filing/d88b3353-2394-4083-a5c8-c41ba16fbb99/print/; https://lda.gov/filings/public/filing/1ec9355d-7641-4b3b-b354-3474109a484b/print/; https://lda.gov/filings/public/filing/03514b42-2997-4a8a-a229-30b67d41a0ea/print/; https://lda.gov/filings/public/filing/14f205b9-66fb-4ce3-ab1a-2c02610dc303/print/; https://lda.gov/filings/public/filing/d8527590-88fb-46b9-a65c-a1cdc26ed6a9/print/; https://lda.gov/filings/public/filing/8c57d1d2-06f8-4684-8f2d-b4799507956a/print/; https://lda.gov/filings/public/filing/b8de17a4-f177-45a9-8772-ae2f78fddbee/print/; https://lda.gov/filings/public/filing/6154bf70-46cf-43cd-bad1-dec8f38d3418/print/; https://lda.gov/filings/public/filing/3d2fdf3a-b8eb-47cf-89f9-31b95b27ded9/print/; https://lda.gov/filings/public/filing/da0cd0bb-9a2e-4d60-be26-bb5fd37818fc/print/; https://lda.gov/filings/public/filing/ad706a38-f527-45c6-b9bb-227b527074dd/print/; https://lda.gov/filings/public/filing/535e5c65-3453-4e15-b856-235b1f88ac4f/print/,S. 4900,official_lda_api_search; official_lda_filing_text_bill_identifier,reviewed_outside_spending_target; sponsor_or_member_target; committee_action_influence; roll_call_influence; legislative_outcome_causality; public_benefit_or_welfare_validation; causal_capture_validation; model_validation,https://lda.gov/api/v1/filings/,"Official LDA filing-text bill-reference review only; exact bill-number mentions in filing activity text identify disclosed lobbying activity mentioning a specific bill, not support, opposition, sponsor/member targeting, committee-action influence, roll-call influence, legislative-outcome causality, public benefit, welfare, causal capture, or model validation."
17,117-s-516,117-203,Transportation and Public Works,2021-03-01,2022-10-17,,exact_lda_filing_text_bill_mention_found,2,171,50,40,8169fe19-7254-4a12-9fef-eddb9ababc9c; ec12f502-1da4-4ec3-b2f9-c387c3ae608f; 62a3fd27-faec-4b0e-bbf4-aac4c8a8078b; 6e4380c0-350e-4e64-a6e4-de9aed570683; e748dc42-062f-4279-b206-4915fca08a22; 872c375c-68c4-4b2c-808a-21c092cbf8ae; 1af38dab-932c-4cf0-9a72-bec06bd3fd12; 81d0bf0e-1bfa-49b7-b128-5f4ed64b3869; b77d1fd5-e6e3-4e70-82e8-efea2b3466a5; 0ed0dc7a-040e-4a9d-bf03-d071ec9d16cd; 88e16414-fb5f-453b-a37e-6b4b64ebbb7f; 17038788-7045-48b5-a274-8d2ad855c064; a5993bd6-3d94-49e8-a15e-6d85fc7b066f; 654c9839-aceb-424e-a630-c58f70462021; c9dbdd6b-83d0-4508-b97a-85ccf8ff08ee; 8bd67055-01f7-4957-91c6-d463dfce5152; faae9de4-bba9-422c-9da6-9eb4e432ecd3; b86d38fa-0933-4841-a12a-05886fcd2491; 671201f1-64f5-4674-9fb8-cd75dca19cad; ce6e43a8-856b-4691-a2f6-846649bacb86; 6af721c0-8dcf-4782-96b6-976eacdad07b; 5245f53f-f996-454b-aa62-bab61af086e3; d15848c9-1e0e-48e0-a950-801db7147704; ca17ee58-7e40-467a-9ba7-723f832b22d2,AERONAUTICAL REPAIR STATION ASSOCIATION; AIRPORTS COUNCIL INTERNATIONAL -- NORTH AMERICA; AMERICAN ASSOCIATION OF AIRPORT EXECUTIVES; BOEING COMPANY; GENERAL AVIATION MANUFACTURERS ASSOCIATION; NATIONAL AIR TRAFFIC CONTROLLERS ASSOCIATION; NATIONAL BUSINESS AVIATION ASSOCIATION INC; PROFESSIONAL AVIATION SAFETY SPECIALISTS; THE AMERICAN INSTITUTE OF AERONAUTICS AND ASTRONAUTICS; VERTICAL AVIATION INTERNATIONAL; BETA TECHNOLOGIES; HONEYWELL INTERNATIONAL,"OBADAL, FILLER, MACLEOD & KLEIN, P.L.C.; AIRPORTS COUNCIL INTERNATIONAL -- NORTH AMERICA; AMERICAN ASSOCIATION OF AIRPORT EXECUTIVES; BOEING COMPANY; GENERAL AVIATION MANUFACTURERS ASSOCIATION; NATIONAL AIR TRAFFIC CONTROLLERS ASSOCIATION; NATIONAL BUSINESS AVIATION ASSOCIATION, INC.; PROFESSIONAL AVIATION SAFETY SPECIALISTS; THE AMERICAN INSTITUTE OF AERONAUTICS AND ASTRONAUTICS; VERTICAL AVIATION INTERNATIONAL; BETA TECHNOLOGIES; HONEYWELL INTERNATIONAL",Aviation/Airlines/Airports; Manufacturing; Budget/Appropriations; Transportation; Labor Issues/Antitrust/Workplace; Homeland Security; Aerospace,2021; 2022,1st Quarter (Jan 1 - Mar 31); 2nd Quarter (Apr 1 - June 30),https://lda.gov/filings/public/filing/8169fe19-7254-4a12-9fef-eddb9ababc9c/print/; https://lda.gov/filings/public/filing/ec12f502-1da4-4ec3-b2f9-c387c3ae608f/print/; https://lda.gov/filings/public/filing/62a3fd27-faec-4b0e-bbf4-aac4c8a8078b/print/; https://lda.gov/filings/public/filing/6e4380c0-350e-4e64-a6e4-de9aed570683/print/; https://lda.gov/filings/public/filing/e748dc42-062f-4279-b206-4915fca08a22/print/; https://lda.gov/filings/public/filing/872c375c-68c4-4b2c-808a-21c092cbf8ae/print/; https://lda.gov/filings/public/filing/1af38dab-932c-4cf0-9a72-bec06bd3fd12/print/; https://lda.gov/filings/public/filing/81d0bf0e-1bfa-49b7-b128-5f4ed64b3869/print/; https://lda.gov/filings/public/filing/b77d1fd5-e6e3-4e70-82e8-efea2b3466a5/print/; https://lda.gov/filings/public/filing/0ed0dc7a-040e-4a9d-bf03-d071ec9d16cd/print/; https://lda.gov/filings/public/filing/88e16414-fb5f-453b-a37e-6b4b64ebbb7f/print/; https://lda.gov/filings/public/filing/17038788-7045-48b5-a274-8d2ad855c064/print/; https://lda.gov/filings/public/filing/a5993bd6-3d94-49e8-a15e-6d85fc7b066f/print/; https://lda.gov/filings/public/filing/654c9839-aceb-424e-a630-c58f70462021/print/; https://lda.gov/filings/public/filing/c9dbdd6b-83d0-4508-b97a-85ccf8ff08ee/print/; https://lda.gov/filings/public/filing/8bd67055-01f7-4957-91c6-d463dfce5152/print/; https://lda.gov/filings/public/filing/faae9de4-bba9-422c-9da6-9eb4e432ecd3/print/; https://lda.gov/filings/public/filing/b86d38fa-0933-4841-a12a-05886fcd2491/print/; https://lda.gov/filings/public/filing/671201f1-64f5-4674-9fb8-cd75dca19cad/print/; https://lda.gov/filings/public/filing/ce6e43a8-856b-4691-a2f6-846649bacb86/print/; https://lda.gov/filings/public/filing/6af721c0-8dcf-4782-96b6-976eacdad07b/print/; https://lda.gov/filings/public/filing/5245f53f-f996-454b-aa62-bab61af086e3/print/; https://lda.gov/filings/public/filing/d15848c9-1e0e-48e0-a950-801db7147704/print/; https://lda.gov/filings/public/filing/ca17ee58-7e40-467a-9ba7-723f832b22d2/print/,S 516; S. 516,official_lda_api_search; official_lda_filing_text_bill_identifier,reviewed_outside_spending_target; sponsor_or_member_target; committee_action_influence; roll_call_influence; legislative_outcome_causality; public_benefit_or_welfare_validation; causal_capture_validation; model_validation,https://lda.gov/api/v1/filings/,"Official LDA filing-text bill-reference review only; exact bill-number mentions in filing activity text identify disclosed lobbying activity mentioning a specific bill, not support, opposition, sponsor/member targeting, committee-action influence, roll-call influence, legislative-outcome causality, public benefit, welfare, causal capture, or model validation."
18,117-s-3157,117-210,Immigration,2021-11-03,2022-10-17,,exact_lda_filing_text_bill_mention_found,2,6,6,5,d545b3bb-5c96-4f5b-870f-213a1d8e346c; 6c6c745a-1967-41ee-b032-382584c5fdd3; ef16af2b-508e-4439-8e4e-128f9a79881e; 54f7626e-d229-4352-a82d-38802a6fecc7; 4114226b-c0dd-4abf-8820-98b6a95161ae,NISKANEN CENTER FOR PUBLIC POLICY; THE IMMIGRATION HUB LLC,NISKANEN CENTER FOR PUBLIC POLICY; THE IMMIGRATION HUB LLC,Immigration,2021; 2022,4th Quarter (Oct 1 - Dec 31); 1st Quarter (Jan 1 - Mar 31); 2nd Quarter (Apr 1 - June 30); 3rd Quarter (July 1 - Sep 30),https://lda.gov/filings/public/filing/d545b3bb-5c96-4f5b-870f-213a1d8e346c/print/; https://lda.gov/filings/public/filing/6c6c745a-1967-41ee-b032-382584c5fdd3/print/; https://lda.gov/filings/public/filing/ef16af2b-508e-4439-8e4e-128f9a79881e/print/; https://lda.gov/filings/public/filing/54f7626e-d229-4352-a82d-38802a6fecc7/print/; https://lda.gov/filings/public/filing/4114226b-c0dd-4abf-8820-98b6a95161ae/print/,S. 3157; S 3157,official_lda_api_search; official_lda_filing_text_bill_identifier,reviewed_outside_spending_target; sponsor_or_member_target; committee_action_influence; roll_call_influence; legislative_outcome_causality; public_benefit_or_welfare_validation; causal_capture_validation; model_validation,https://lda.gov/api/v1/filings/,"Official LDA filing-text bill-reference review only; exact bill-number mentions in filing activity text identify disclosed lobbying activity mentioning a specific bill, not support, opposition, sponsor/member targeting, committee-action influence, roll-call influence, legislative-outcome causality, public benefit, welfare, causal capture, or model validation."
19,117-hr-8454,117-215,Crime and Law Enforcement,2022-07-21,2022-12-02,,exact_lda_filing_text_bill_mention_found,1,10,10,8,d6001dea-63a2-42a0-b4ab-4b7c8101779d; f424088e-f609-4b08-b542-7655273c92a7; b321cbfc-d50e-45af-8c51-1559d61539be; dd3fd7cd-a487-4a78-9b22-6f8c101b8c68; 5dd7f899-9eda-4ce6-9773-43627e767bcd; 34f21c24-2891-4115-a798-0731aa2b848d; 3850f7d6-42e3-42c2-a1e6-9513b19a132a; 109c843c-e47a-499b-92f1-9e938b1f5533,AMERICAN ACADEMY OF PEDIATRICS; AMERICAN BUS ASSOCIATION; EPILEPSY FOUNDATION; RAPE ABUSE & INCEST NATIONAL NETWORK; NATIONAL CANNABIS ROUNDTABLE; THE LIAISON GROUP ON BEHALF OF THE NATIONAL CANNABIS ROUNDTABLE,"AMERICAN ACADEMY OF PEDIATRICS; AMERICAN BUS ASSOCIATION; EPILEPSY FOUNDATION; RAPE, ABUSE & INCEST NATIONAL NETWORK; THE LIAISON GROUP, LLC; ERIN MOFFET",Health Issues; Transportation; Law Enforcement/Crime/Criminal Justice; Government Issues,2022,3rd Quarter (July 1 - Sep 30); 4th Quarter (Oct 1 - Dec 31),https://lda.gov/filings/public/filing/d6001dea-63a2-42a0-b4ab-4b7c8101779d/print/; https://lda.gov/filings/public/filing/f424088e-f609-4b08-b542-7655273c92a7/print/; https://lda.gov/filings/public/filing/b321cbfc-d50e-45af-8c51-1559d61539be/print/; https://lda.gov/filings/public/filing/dd3fd7cd-a487-4a78-9b22-6f8c101b8c68/print/; https://lda.gov/filings/public/filing/5dd7f899-9eda-4ce6-9773-43627e767bcd/print/; https://lda.gov/filings/public/filing/34f21c24-2891-4115-a798-0731aa2b848d/print/; https://lda.gov/filings/public/filing/3850f7d6-42e3-42c2-a1e6-9513b19a132a/print/; https://lda.gov/filings/public/filing/109c843c-e47a-499b-92f1-9e938b1f5533/print/,H.R. 8454; HR 8454,official_lda_api_search; official_lda_filing_text_bill_identifier,reviewed_outside_spending_target; sponsor_or_member_target; committee_action_influence; roll_call_influence; legislative_outcome_causality; public_benefit_or_welfare_validation; causal_capture_validation; model_validation,https://lda.gov/api/v1/filings/,"Official LDA filing-text bill-reference review only; exact bill-number mentions in filing activity text identify disclosed lobbying activity mentioning a specific bill, not support, opposition, sponsor/member targeting, committee-action influence, roll-call influence, legislative-outcome causality, public benefit, welfare, causal capture, or model validation."
20,117-hr-7132,117-223,"Science, Technology, Communications",2022-03-17,2022-12-07,,exact_lda_filing_text_bill_mention_found,1,4,4,4,38e2b629-2b79-404f-8767-29731b1f8e1e; 934c914e-e745-47e0-8d42-98264cbe6d6e; b2e136e0-18c5-4e4b-8996-4d366198b329; dd501ef0-a361-485b-b2ec-e713922e1a03,CTIA; VERIZON COMMUNICATIONS INC AND VARIOUS SUBSIDIARIES,EMPIRE CONSULTING GROUP; VERIZON COMMUNICATIONS INC. AND VARIOUS SUBSIDIARIES,Telecommunications,2022,2nd Quarter (Apr 1 - June 30); 3rd Quarter (July 1 - Sep 30); 4th Quarter (Oct 1 - Dec 31),https://lda.gov/filings/public/filing/38e2b629-2b79-404f-8767-29731b1f8e1e/print/; https://lda.gov/filings/public/filing/934c914e-e745-47e0-8d42-98264cbe6d6e/print/; https://lda.gov/filings/public/filing/b2e136e0-18c5-4e4b-8996-4d366198b329/print/; https://lda.gov/filings/public/filing/dd501ef0-a361-485b-b2ec-e713922e1a03/print/,HR 7132,official_lda_api_search; official_lda_filing_text_bill_identifier,reviewed_outside_spending_target; sponsor_or_member_target; committee_action_influence; roll_call_influence; legislative_outcome_causality; public_benefit_or_welfare_validation; causal_capture_validation; model_validation,https://lda.gov/api/v1/filings/,"Official LDA filing-text bill-reference review only; exact bill-number mentions in filing activity text identify disclosed lobbying activity mentioning a specific bill, not support, opposition, sponsor/member targeting, committee-action influence, roll-call influence, legislative-outcome causality, public benefit, welfare, causal capture, or model validation."
21,117-hr-8404,117-228,"Civil Rights and Liberties, Minority Issues",2022-07-18,2022-12-13,,exact_lda_filing_text_bill_mention_found,1,9,9,9,2d40bf5a-3337-41b2-bba2-d6776c389d00; 1e73cfa0-a826-49dc-a72a-934a2b6b6ca8; 8e436459-df07-48a6-8e84-18e6021a2c32; f53e09c4-7e27-4d06-b7d9-9e02d00398ff; c0507bd6-95c3-4396-af60-9baab24748cc; c8798ce4-572a-4223-b4b5-38ee933337a6; a884c46d-14fa-49bd-8e04-b02ce8ddf80d; 553bce7b-654b-4fda-ad0e-d519c0232286; f2cd9a00-649a-4e35-80bc-28be8aac8130,HERITAGE ACTION FOR AMERICA; LOG CABIN REPUBLICANS; NATIONAL EDUCATION ASSOCIATION; TECHNOLOGY NETWORK AKA TECHNET; UPS (UNITED PARCEL SERVICE),HERITAGE ACTION FOR AMERICA; LOG CABIN REPUBLICANS; NATIONAL EDUCATION ASSOCIATION; TECHNOLOGY NETWORK AKA TECHNET; UPS (UNITED PARCEL SERVICE),Family issues/Abortion/Adoption; Civil Rights/Civil Liberties,2022,3rd Quarter (July 1 - Sep 30); 4th Quarter (Oct 1 - Dec 31),https://lda.gov/filings/public/filing/2d40bf5a-3337-41b2-bba2-d6776c389d00/print/; https://lda.gov/filings/public/filing/1e73cfa0-a826-49dc-a72a-934a2b6b6ca8/print/; https://lda.gov/filings/public/filing/8e436459-df07-48a6-8e84-18e6021a2c32/print/; https://lda.gov/filings/public/filing/f53e09c4-7e27-4d06-b7d9-9e02d00398ff/print/; https://lda.gov/filings/public/filing/c0507bd6-95c3-4396-af60-9baab24748cc/print/; https://lda.gov/filings/public/filing/c8798ce4-572a-4223-b4b5-38ee933337a6/print/; https://lda.gov/filings/public/filing/a884c46d-14fa-49bd-8e04-b02ce8ddf80d/print/; https://lda.gov/filings/public/filing/553bce7b-654b-4fda-ad0e-d519c0232286/print/; https://lda.gov/filings/public/filing/f2cd9a00-649a-4e35-80bc-28be8aac8130/print/,HR 8404,official_lda_api_search; official_lda_filing_text_bill_identifier,reviewed_outside_spending_target; sponsor_or_member_target; committee_action_influence; roll_call_influence; legislative_outcome_causality; public_benefit_or_welfare_validation; causal_capture_validation; model_validation,https://lda.gov/api/v1/filings/,"Official LDA filing-text bill-reference review only; exact bill-number mentions in filing activity text identify disclosed lobbying activity mentioning a specific bill, not support, opposition, sponsor/member targeting, committee-action influence, roll-call influence, legislative-outcome causality, public benefit, welfare, causal capture, or model validation."
22,117-hr-1437,117-229,Economics and Public Finance,2021-02-26,2022-12-16,,exact_lda_filing_text_bill_mention_found,2,28,28,27,7de5a0c6-4b89-4372-b7d6-abd22cea06f9; 02fb4073-b3a0-4d4a-84c7-7be391f608d0; d620d380-3727-41b1-ad49-1d185f3856ba; cd08a0da-dd69-4c02-8046-8f6be49753f4; c693cff3-4eeb-4d40-a300-1ff45f7f6b2d; 3a0e58ee-e8cd-4807-9c13-ace98ec4ccfe; 344f5055-f04e-45c8-9a5b-600ccc20cb6b; 5b04d1b9-1efd-4ad0-b656-c44f25da6c68; 252ef03f-bb8d-49c6-9e29-0b50871ec168; 960cf49d-be39-4162-ad2a-0b1b1b3eaf96; e0f7384d-1b04-40d4-a4f5-1c423a73814d; dd530264-b696-48c7-a114-c987603daac5; 63e9618e-31c8-4568-b223-4a1b74687b54; 303d30c6-11b5-4571-be41-d1271b3c06f8; a6ed4aea-ac45-4d6f-bf96-5828b71baece; 45fc5a4f-6d6e-4198-9877-2ce97a1d4462; ad6a3565-6a47-4521-b3a6-8af40c780a9b; 0703e7e5-8983-4c7a-9369-db72bf26efd7; ea132832-a96b-4284-8be6-8eaaaca1ec3b; 1a10843f-1fac-4f5a-a479-ed5ff0544a37; 820e47b3-ed38-4149-a341-b3f7a01a904b; a5a7b87b-c5bc-44e3-a13c-79de99af732c; 2018bc02-5d2e-4969-8d83-8fa146ecce2d; 82cced60-0938-4976-b52c-9038698b32f7; d55930d1-f5c0-4086-ae06-a70da0d9209a,"AMERICAN SOCIETY OF CIVIL ENGINEERS; JACOBS SOLUTIONS, INC.; TOMORROW.IO; ASSURANT INC; EMERGENT BIOSOLUTIONS INC.; NATIONAL TREASURY EMPLOYEES UNION","AMERICAN SOCIETY OF CIVIL ENGINEERS; JACOBS SOLUTIONS, INC.; GREEN CAPITOL LLC; ASSURANT, INC.; ERVIN GRAVES STRATEGY GROUP, LLC; NAVIGATORS GLOBAL LLC (FORMERLY DC NAVIGATORS, LLC); NATIONAL TREASURY EMPLOYEES UNION",Science/Technology; Clean Air and Water (quality); Insurance; Disaster Planning/Emergencies; Homeland Security; Budget/Appropriations,2021; 2022,1st Quarter (Jan 1 - Mar 31); 2nd Quarter (Apr 1 - June 30); 3rd Quarter (July 1 - Sep 30); 4th Quarter (Oct 1 - Dec 31),https://lda.gov/filings/public/filing/7de5a0c6-4b89-4372-b7d6-abd22cea06f9/print/; https://lda.gov/filings/public/filing/02fb4073-b3a0-4d4a-84c7-7be391f608d0/print/; https://lda.gov/filings/public/filing/d620d380-3727-41b1-ad49-1d185f3856ba/print/; https://lda.gov/filings/public/filing/cd08a0da-dd69-4c02-8046-8f6be49753f4/print/; https://lda.gov/filings/public/filing/c693cff3-4eeb-4d40-a300-1ff45f7f6b2d/print/; https://lda.gov/filings/public/filing/3a0e58ee-e8cd-4807-9c13-ace98ec4ccfe/print/; https://lda.gov/filings/public/filing/344f5055-f04e-45c8-9a5b-600ccc20cb6b/print/; https://lda.gov/filings/public/filing/5b04d1b9-1efd-4ad0-b656-c44f25da6c68/print/; https://lda.gov/filings/public/filing/252ef03f-bb8d-49c6-9e29-0b50871ec168/print/; https://lda.gov/filings/public/filing/960cf49d-be39-4162-ad2a-0b1b1b3eaf96/print/; https://lda.gov/filings/public/filing/e0f7384d-1b04-40d4-a4f5-1c423a73814d/print/; https://lda.gov/filings/public/filing/dd530264-b696-48c7-a114-c987603daac5/print/; https://lda.gov/filings/public/filing/63e9618e-31c8-4568-b223-4a1b74687b54/print/; https://lda.gov/filings/public/filing/303d30c6-11b5-4571-be41-d1271b3c06f8/print/; https://lda.gov/filings/public/filing/a6ed4aea-ac45-4d6f-bf96-5828b71baece/print/; https://lda.gov/filings/public/filing/45fc5a4f-6d6e-4198-9877-2ce97a1d4462/print/; https://lda.gov/filings/public/filing/ad6a3565-6a47-4521-b3a6-8af40c780a9b/print/; https://lda.gov/filings/public/filing/0703e7e5-8983-4c7a-9369-db72bf26efd7/print/; https://lda.gov/filings/public/filing/ea132832-a96b-4284-8be6-8eaaaca1ec3b/print/; https://lda.gov/filings/public/filing/1a10843f-1fac-4f5a-a479-ed5ff0544a37/print/; https://lda.gov/filings/public/filing/820e47b3-ed38-4149-a341-b3f7a01a904b/print/; https://lda.gov/filings/public/filing/a5a7b87b-c5bc-44e3-a13c-79de99af732c/print/; https://lda.gov/filings/public/filing/2018bc02-5d2e-4969-8d83-8fa146ecce2d/print/; https://lda.gov/filings/public/filing/82cced60-0938-4976-b52c-9038698b32f7/print/; https://lda.gov/filings/public/filing/d55930d1-f5c0-4086-ae06-a70da0d9209a/print/,H.R. 1437; HR 1437,official_lda_api_search; official_lda_filing_text_bill_identifier,reviewed_outside_spending_target; sponsor_or_member_target; committee_action_influence; roll_call_influence; legislative_outcome_causality; public_benefit_or_welfare_validation; causal_capture_validation; model_validation,https://lda.gov/api/v1/filings/,"Official LDA filing-text bill-reference review only; exact bill-number mentions in filing activity text identify disclosed lobbying activity mentioning a specific bill, not support, opposition, sponsor/member targeting, committee-action influence, roll-call influence, legislative-outcome causality, public benefit, welfare, causal capture, or model validation."
23,117-hr-7776,117-263,Armed Forces and National Security,2022-05-16,2022-12-23,,exact_lda_filing_text_bill_mention_found,1,167,25,25,e50c94cb-e062-4cf4-b333-074e2452a40c; a7df829e-2829-449b-9d53-7c4c06e7da81; 1f0ce09c-e819-4e11-aa58-6cb928256dba; 1c69c6fb-ee1c-45e9-b407-88131c9e8e52; 12c3af12-c4e0-4837-867e-21dbf52073a9; be59006b-f47f-41e7-9f3e-d38c23f18c06; cdcf177f-ed4d-4b99-98ff-853800a4470f; 453459f6-ad3d-42ec-9f84-6dcc1c5dd0cd; c97dcaa0-d008-4022-aec7-5c50e4e309a0; 5009ca16-2cc0-42e7-bd55-144b869049ae; ddf060f4-84cd-4b48-ba0a-d5a0ebaa865c; a8963bae-aa82-466d-83a4-2aeb88c5d2d4; a59361b1-cb6e-43af-bbf1-5df5705ba8b3; 1f5cbf0b-7da3-49d9-ac21-c2f27f65d2e3; 480925b6-1709-49e9-9812-6b8d0f667921; 0072f0eb-ae20-4145-8820-3e57c956cbf6; 5610e7f6-8603-4947-98f1-80413b187cf9; c3270bbe-1303-40a5-b2ae-9f79d815ec4a; 1cf8c654-2c85-4aa7-9358-54f842dbed1d; 741655c5-189f-4581-bf28-ac4ae6a2485c; e1030133-e999-406b-8869-4edbe8b91b09; b8ac4140-e535-467b-9c2e-81c6e040b9ed; 87fe2b4d-4604-48d6-8e6c-136a61bbaab5; 0983ee1f-1cec-4a12-b754-8ce979ce0944,AECOM; AMERICAN IRON AND STEEL INSTITUTE; AMERICAN PETROLEUM INSTITUTE; BUSINESS ROUNDTABLE; CITY OF CHARLESTON SC; CITY OF SAN FRANCISCO (WATER AND POWER DIVISION); CITY OF WACO; CONSORTIUM MANAGEMENT GROUP; DOUGLAS COUNTY NEVADA; GULF COAST WATER AUTHORITY; INCLINE VILLAGE GENERAL IMPROVEMENT DISTRICT; INDIAN WELLS VALLEY GROUNDWATER AUTHORITY; IOWA CONFLUENCE WATER TRAILS (FORMERLY CENTRAL IOWA WATER TRAILS); LAS VEGAS VALLEY WATER DISTRICT; METROPOLITAN WATER DISTRICT OF SOUTHERN CALIFORNIA; OREGON STATE UNIVERSITY; RAYMOND BASIN MANAGEMENT BOARD; SAN GABRIEL VALLEY WATER ASSOCIATION; SOUTHERN ENVIRONMENTAL LAW CENTER; SOUTHERN NEVADA WATER AUTHORITY; TARRANT REGIONAL WATER DISTRICT; TRUCKEE RIVER FLOOD PROJECT; VALLEY WATER; WASHINGTON ASSOCIATION OF WHEAT GROWERS,"AECOM; AMERICAN IRON AND STEEL INSTITUTE; AMERICAN PETROLEUM INSTITUTE; OWEN EVANS INGOLS; TCH GROUP, LLC; HICKS-RAY ASSOCIATES; MARCUS G. FAUST, PC; CAPITOL CORE GROUP, INC.; WILLIAMS AND JENSEN, PLLC; KADESH & ASSOCIATES, LLC; OREGON STATE UNIVERSITY; HICKS-RICHARDSON ASSOCIATES; SOUTHERN ENVIRONMENTAL LAW CENTER; TORREY ADVISORY GROUP (FORMERLY MICHAEL TORREY ASSOCIATES, LLC)",Clean Air and Water (quality); Transportation; Energy/Nuclear; Manufacturing; Urban Development/Municipalities; Utilities; Government Issues; Natural Resources; Budget/Appropriations; Science/Technology; Environment/Superfund,2022,2nd Quarter (Apr 1 - June 30),https://lda.gov/filings/public/filing/e50c94cb-e062-4cf4-b333-074e2452a40c/print/; https://lda.gov/filings/public/filing/a7df829e-2829-449b-9d53-7c4c06e7da81/print/; https://lda.gov/filings/public/filing/1f0ce09c-e819-4e11-aa58-6cb928256dba/print/; https://lda.gov/filings/public/filing/1c69c6fb-ee1c-45e9-b407-88131c9e8e52/print/; https://lda.gov/filings/public/filing/12c3af12-c4e0-4837-867e-21dbf52073a9/print/; https://lda.gov/filings/public/filing/be59006b-f47f-41e7-9f3e-d38c23f18c06/print/; https://lda.gov/filings/public/filing/cdcf177f-ed4d-4b99-98ff-853800a4470f/print/; https://lda.gov/filings/public/filing/453459f6-ad3d-42ec-9f84-6dcc1c5dd0cd/print/; https://lda.gov/filings/public/filing/c97dcaa0-d008-4022-aec7-5c50e4e309a0/print/; https://lda.gov/filings/public/filing/5009ca16-2cc0-42e7-bd55-144b869049ae/print/; https://lda.gov/filings/public/filing/ddf060f4-84cd-4b48-ba0a-d5a0ebaa865c/print/; https://lda.gov/filings/public/filing/a8963bae-aa82-466d-83a4-2aeb88c5d2d4/print/; https://lda.gov/filings/public/filing/a59361b1-cb6e-43af-bbf1-5df5705ba8b3/print/; https://lda.gov/filings/public/filing/1f5cbf0b-7da3-49d9-ac21-c2f27f65d2e3/print/; https://lda.gov/filings/public/filing/480925b6-1709-49e9-9812-6b8d0f667921/print/; https://lda.gov/filings/public/filing/0072f0eb-ae20-4145-8820-3e57c956cbf6/print/; https://lda.gov/filings/public/filing/5610e7f6-8603-4947-98f1-80413b187cf9/print/; https://lda.gov/filings/public/filing/c3270bbe-1303-40a5-b2ae-9f79d815ec4a/print/; https://lda.gov/filings/public/filing/1cf8c654-2c85-4aa7-9358-54f842dbed1d/print/; https://lda.gov/filings/public/filing/741655c5-189f-4581-bf28-ac4ae6a2485c/print/; https://lda.gov/filings/public/filing/e1030133-e999-406b-8869-4edbe8b91b09/print/; https://lda.gov/filings/public/filing/b8ac4140-e535-467b-9c2e-81c6e040b9ed/print/; https://lda.gov/filings/public/filing/87fe2b4d-4604-48d6-8e6c-136a61bbaab5/print/; https://lda.gov/filings/public/filing/0983ee1f-1cec-4a12-b754-8ce979ce0944/print/,H.R. 7776; HR 7776,official_lda_api_search; official_lda_filing_text_bill_identifier,reviewed_outside_spending_target; sponsor_or_member_target; committee_action_influence; roll_call_influence; legislative_outcome_causality; public_benefit_or_welfare_validation; causal_capture_validation; model_validation,https://lda.gov/api/v1/filings/,"Official LDA filing-text bill-reference review only; exact bill-number mentions in filing activity text identify disclosed lobbying activity mentioning a specific bill, not support, opposition, sponsor/member targeting, committee-action influence, roll-call influence, legislative-outcome causality, public benefit, welfare, causal capture, or model validation."
24,117-hr-2472,117-269,Government Operations and Politics,2021-04-13,2022-12-27,,exact_lda_filing_text_bill_mention_found,2,19,19,6,195ea81a-55cd-499d-828a-651ce18c6b6b; 5306a1b3-7b34-4feb-a539-7dc5e8c6e494; e34480ef-a959-47bc-819d-9d826f3848b4; f8a74892-f68a-42d1-8769-866dcab3e7cd; 25e4a05b-cdff-4e7f-9940-f37fe63b41a2; ca11ae06-ac26-4cdf-bf62-2095b0562718,AMERICAN VAPOR MANUFACTURERS,"ERVIN GRAVES STRATEGY GROUP, LLC",Budget/Appropriations,2021; 2022,1st Quarter (Jan 1 - Mar 31); 2nd Quarter (Apr 1 - June 30); 3rd Quarter (July 1 - Sep 30); 4th Quarter (Oct 1 - Dec 31),https://lda.gov/filings/public/filing/195ea81a-55cd-499d-828a-651ce18c6b6b/print/; https://lda.gov/filings/public/filing/5306a1b3-7b34-4feb-a539-7dc5e8c6e494/print/; https://lda.gov/filings/public/filing/e34480ef-a959-47bc-819d-9d826f3848b4/print/; https://lda.gov/filings/public/filing/f8a74892-f68a-42d1-8769-866dcab3e7cd/print/; https://lda.gov/filings/public/filing/25e4a05b-cdff-4e7f-9940-f37fe63b41a2/print/; https://lda.gov/filings/public/filing/ca11ae06-ac26-4cdf-bf62-2095b0562718/print/,HR 2472,official_lda_api_search; official_lda_filing_text_bill_identifier,reviewed_outside_spending_target; sponsor_or_member_target; committee_action_influence; roll_call_influence; legislative_outcome_causality; public_benefit_or_welfare_validation; causal_capture_validation; model_validation,https://lda.gov/api/v1/filings/,"Official LDA filing-text bill-reference review only; exact bill-number mentions in filing activity text identify disclosed lobbying activity mentioning a specific bill, not support, opposition, sponsor/member targeting, committee-action influence, roll-call influence, legislative-outcome causality, public benefit, welfare, causal capture, or model validation."
25,117-hr-6604,117-297,Armed Forces and National Security,2022-02-04,2022-12-27,,exact_lda_filing_text_bill_mention_found,1,4,4,4,5ba8e5e8-5f8b-4743-a526-c0c8d829a572; 3e10ba92-42eb-4395-9e62-f05df1fca27e; f523aa78-9945-47d3-8032-420f5ea96a74; 8af79715-a33b-45bd-b4f4-d07321bc973c,DISABLED AMERICAN VETERANS,DISABLED AMERICAN VETERANS,Veterans,2022,1st Quarter (Jan 1 - Mar 31); 2nd Quarter (Apr 1 - June 30); 3rd Quarter (July 1 - Sep 30); 4th Quarter (Oct 1 - Dec 31),https://lda.gov/filings/public/filing/5ba8e5e8-5f8b-4743-a526-c0c8d829a572/print/; https://lda.gov/filings/public/filing/3e10ba92-42eb-4395-9e62-f05df1fca27e/print/; https://lda.gov/filings/public/filing/f523aa78-9945-47d3-8032-420f5ea96a74/print/; https://lda.gov/filings/public/filing/8af79715-a33b-45bd-b4f4-d07321bc973c/print/,HR 6604,official_lda_api_search; official_lda_filing_text_bill_identifier,reviewed_outside_spending_target; sponsor_or_member_target; committee_action_influence; roll_call_influence; legislative_outcome_causality; public_benefit_or_welfare_validation; causal_capture_validation; model_validation,https://lda.gov/api/v1/filings/,"Official LDA filing-text bill-reference review only; exact bill-number mentions in filing activity text identify disclosed lobbying activity mentioning a specific bill, not support, opposition, sponsor/member targeting, committee-action influence, roll-call influence, legislative-outcome causality, public benefit, welfare, causal capture, or model validation."
26,117-s-558,117-316,Public Lands and Natural Resources,2021-03-03,2022-12-27,,exact_lda_filing_text_bill_mention_found,2,59,50,39,6ae142ff-507b-45d5-928b-3b67dd191034; c1781dd7-a09a-4ced-8c70-5fd12c6a5243; 6a5bed25-7edc-4377-b284-bc2514dda0d9; 1267db79-48e5-421b-acdc-9aaeccee5f3e; 1a6545e1-d844-4e00-8748-14aae507d75d; 7c4866bc-2381-4837-a8af-087ae1646283; 0106a1f9-c773-4b94-adeb-7cd52e675d32; 2fbdce63-1570-4748-958f-9df61dd54391; 4b547a87-fb46-4fbe-8b96-2c9bb8f4088f; 8b058a4b-a504-4fd2-8d27-4b93ea5afc1e; fa7d1bd6-c45a-427e-83f8-f4af53266309; 37d61ebd-2173-42b1-ad8d-11f1b084db60; fab748a4-26e1-4441-b217-6f6771ccea22; d64821fc-fe7d-4e73-b157-a0210c86a12e; cee7636f-2690-4d13-a545-e8f45adfc16c; 02d7dd80-c62b-4b52-a7b3-838385678df8; 3ed0cdbd-2594-49f2-a167-3088bc470246; 81e1f716-53e4-4931-83c2-505f12f06032; e33c2e9c-954e-4127-b905-70b9badcdaf1; 3df964fb-d457-4df7-9cce-f66f4b2f0b81; dd530264-b696-48c7-a114-c987603daac5; 521fc5ec-d087-44f8-a625-dbf2ae59a388; 1dbd67ac-544a-49a5-8021-396b90c294fd; b79c1f8c-2231-47c4-aea7-5f081675c2d4; da5465c4-d535-4a79-b01e-2305d00ca960; ba7c6f84-dbc9-47d1-ad9c-6f403ca0081e; a6ed4aea-ac45-4d6f-bf96-5828b71baece; 27c94ffb-99d7-435b-ab6e-7df5a9dc3024; c95adf26-057f-4cd6-be17-ed9ea9dd2da6; 98637b7e-1d39-430c-9df4-ee18ae8b6ace; 4ca4969e-a6bd-425f-974e-552f49189d97; 0703e7e5-8983-4c7a-9369-db72bf26efd7; b4191294-83dc-426e-b721-81b7c12c3b56,NATIONAL SOCIETY OF PROFESSIONAL SURVEYORS; SANBORN MAP COMPANY; UNIVERSITY OF IOWA; AMERICAN PROPERTY CASUALTY INSURANCE ASSOCIATION; AMERICAN PROPERTY CASUALTY INSURANCE ASSOCIATION FKA PROPERTY CASUALTY INSURERS; PRIME POLICY GROUP ON BEHALF OF MANAGEMENT ASSOCIATION FOR PRIVATE PHOTOGRAMMETR; TOMORROW.IO,"MILLER & WENHOLD CAPITOL STRATEGIES; PROFECTUS INVESTMENTS LLC; UNIVERSITY OF IOWA; AMERICAN PROPERTY CASUALTY INSURANCE ASSOCIATION FKA PROPERTY CASUALTY INSURERS ASSOC. OF AMERICA; CGCN GROUP, LLC; GREEN CAPITOL LLC",Environment/Superfund; Natural Resources; Transportation; Disaster Planning/Emergencies; Science/Technology,2021; 2022,1st Quarter (Jan 1 - Mar 31); 2nd Quarter (Apr 1 - June 30); 3rd Quarter (July 1 - Sep 30); 4th Quarter (Oct 1 - Dec 31),https://lda.gov/filings/public/filing/6ae142ff-507b-45d5-928b-3b67dd191034/print/; https://lda.gov/filings/public/filing/c1781dd7-a09a-4ced-8c70-5fd12c6a5243/print/; https://lda.gov/filings/public/filing/6a5bed25-7edc-4377-b284-bc2514dda0d9/print/; https://lda.gov/filings/public/filing/1267db79-48e5-421b-acdc-9aaeccee5f3e/print/; https://lda.gov/filings/public/filing/1a6545e1-d844-4e00-8748-14aae507d75d/print/; https://lda.gov/filings/public/filing/7c4866bc-2381-4837-a8af-087ae1646283/print/; https://lda.gov/filings/public/filing/0106a1f9-c773-4b94-adeb-7cd52e675d32/print/; https://lda.gov/filings/public/filing/2fbdce63-1570-4748-958f-9df61dd54391/print/; https://lda.gov/filings/public/filing/4b547a87-fb46-4fbe-8b96-2c9bb8f4088f/print/; https://lda.gov/filings/public/filing/8b058a4b-a504-4fd2-8d27-4b93ea5afc1e/print/; https://lda.gov/filings/public/filing/fa7d1bd6-c45a-427e-83f8-f4af53266309/print/; https://lda.gov/filings/public/filing/37d61ebd-2173-42b1-ad8d-11f1b084db60/print/; https://lda.gov/filings/public/filing/fab748a4-26e1-4441-b217-6f6771ccea22/print/; https://lda.gov/filings/public/filing/d64821fc-fe7d-4e73-b157-a0210c86a12e/print/; https://lda.gov/filings/public/filing/cee7636f-2690-4d13-a545-e8f45adfc16c/print/; https://lda.gov/filings/public/filing/02d7dd80-c62b-4b52-a7b3-838385678df8/print/; https://lda.gov/filings/public/filing/3ed0cdbd-2594-49f2-a167-3088bc470246/print/; https://lda.gov/filings/public/filing/81e1f716-53e4-4931-83c2-505f12f06032/print/; https://lda.gov/filings/public/filing/e33c2e9c-954e-4127-b905-70b9badcdaf1/print/; https://lda.gov/filings/public/filing/3df964fb-d457-4df7-9cce-f66f4b2f0b81/print/; https://lda.gov/filings/public/filing/dd530264-b696-48c7-a114-c987603daac5/print/; https://lda.gov/filings/public/filing/521fc5ec-d087-44f8-a625-dbf2ae59a388/print/; https://lda.gov/filings/public/filing/1dbd67ac-544a-49a5-8021-396b90c294fd/print/; https://lda.gov/filings/public/filing/b79c1f8c-2231-47c4-aea7-5f081675c2d4/print/; https://lda.gov/filings/public/filing/da5465c4-d535-4a79-b01e-2305d00ca960/print/; https://lda.gov/filings/public/filing/ba7c6f84-dbc9-47d1-ad9c-6f403ca0081e/print/; https://lda.gov/filings/public/filing/a6ed4aea-ac45-4d6f-bf96-5828b71baece/print/; https://lda.gov/filings/public/filing/27c94ffb-99d7-435b-ab6e-7df5a9dc3024/print/; https://lda.gov/filings/public/filing/c95adf26-057f-4cd6-be17-ed9ea9dd2da6/print/; https://lda.gov/filings/public/filing/98637b7e-1d39-430c-9df4-ee18ae8b6ace/print/; https://lda.gov/filings/public/filing/4ca4969e-a6bd-425f-974e-552f49189d97/print/; https://lda.gov/filings/public/filing/0703e7e5-8983-4c7a-9369-db72bf26efd7/print/; https://lda.gov/filings/public/filing/b4191294-83dc-426e-b721-81b7c12c3b56/print/,S. 558,official_lda_api_search; official_lda_filing_text_bill_identifier,reviewed_outside_spending_target; sponsor_or_member_target; committee_action_influence; roll_call_influence; legislative_outcome_causality; public_benefit_or_welfare_validation; causal_capture_validation; model_validation,https://lda.gov/api/v1/filings/,"Official LDA filing-text bill-reference review only; exact bill-number mentions in filing activity text identify disclosed lobbying activity mentioning a specific bill, not support, opposition, sponsor/member targeting, committee-action influence, roll-call influence, legislative-outcome causality, public benefit, welfare, causal capture, or model validation."
27,117-hr-6386,117-295,Government Operations and Politics,2022-01-12,2022-12-27,1,searched_no_exact_lda_filing_text_bill_mention,1,0,0,0,,,,,2022,,,,official_lda_api_search; no_exact_lda_filing_text_bill_identifier_found,filing_text_bill_identifier; client_to_specific_bill; sponsor_or_member_target; committee_action_influence; roll_call_influence; legislative_outcome_causality; public_benefit_or_welfare_validation; causal_capture_validation; model_validation,https://lda.gov/api/v1/filings/,"Official LDA filing-text bill-reference review only; exact bill-number mentions in filing activity text identify disclosed lobbying activity mentioning a specific bill, not support, opposition, sponsor/member targeting, committee-action influence, roll-call influence, legislative-outcome causality, public benefit, welfare, causal capture, or model validation."
28,117-hr-1842,117-163,Finance and Financial Sector,2021-03-11,2022-08-03,2,searched_no_exact_lda_filing_text_bill_mention,2,1,1,0,,,,,2021; 2022,,,,official_lda_api_search; no_exact_lda_filing_text_bill_identifier_found,filing_text_bill_identifier; client_to_specific_bill; sponsor_or_member_target; committee_action_influence; roll_call_influence; legislative_outcome_causality; public_benefit_or_welfare_validation; causal_capture_validation; model_validation,https://lda.gov/api/v1/filings/,"Official LDA filing-text bill-reference review only; exact bill-number mentions in filing activity text identify disclosed lobbying activity mentioning a specific bill, not support, opposition, sponsor/member targeting, committee-action influence, roll-call influence, legislative-outcome causality, public benefit, welfare, causal capture, or model validation."
29,117-hr-3359,117-164,Crime and Law Enforcement,2021-05-19,2022-08-03,3,searched_no_exact_lda_filing_text_bill_mention,2,0,0,0,,,,,2021; 2022,,,,official_lda_api_search; no_exact_lda_filing_text_bill_identifier_found,filing_text_bill_identifier; client_to_specific_bill; sponsor_or_member_target; committee_action_influence; roll_call_influence; legislative_outcome_causality; public_benefit_or_welfare_validation; causal_capture_validation; model_validation,https://lda.gov/api/v1/filings/,"Official LDA filing-text bill-reference review only; exact bill-number mentions in filing activity text identify disclosed lobbying activity mentioning a specific bill, not support, opposition, sponsor/member targeting, committee-action influence, roll-call influence, legislative-outcome causality, public benefit, welfare, causal capture, or model validation."
30,117-hr-4693,117-214,International Affairs,2021-07-26,2022-10-19,4,searched_no_exact_lda_filing_text_bill_mention,2,0,0,0,,,,,2021; 2022,,,,official_lda_api_search; no_exact_lda_filing_text_bill_identifier_found,filing_text_bill_identifier; client_to_specific_bill; sponsor_or_member_target; committee_action_influence; roll_call_influence; legislative_outcome_causality; public_benefit_or_welfare_validation; causal_capture_validation; model_validation,https://lda.gov/api/v1/filings/,"Official LDA filing-text bill-reference review only; exact bill-number mentions in filing activity text identify disclosed lobbying activity mentioning a specific bill, not support, opposition, sponsor/member targeting, committee-action influence, roll-call influence, legislative-outcome causality, public benefit, welfare, causal capture, or model validation."
31,117-hr-6899,117-185,International Affairs,2022-03-02,2022-10-04,5,searched_no_exact_lda_filing_text_bill_mention,1,0,0,0,,,,,2022,,,,official_lda_api_search; no_exact_lda_filing_text_bill_identifier_found,filing_text_bill_identifier; client_to_specific_bill; sponsor_or_member_target; committee_action_influence; roll_call_influence; legislative_outcome_causality; public_benefit_or_welfare_validation; causal_capture_validation; model_validation,https://lda.gov/api/v1/filings/,"Official LDA filing-text bill-reference review only; exact bill-number mentions in filing activity text identify disclosed lobbying activity mentioning a specific bill, not support, opposition, sponsor/member targeting, committee-action influence, roll-call influence, legislative-outcome causality, public benefit, welfare, causal capture, or model validation."
32,117-hr-7334,117-165,Commerce,2022-03-31,2022-08-05,6,searched_no_exact_lda_filing_text_bill_mention,1,0,0,0,,,,,2022,,,,official_lda_api_search; no_exact_lda_filing_text_bill_identifier_found,filing_text_bill_identifier; client_to_specific_bill; sponsor_or_member_target; committee_action_influence; roll_call_influence; legislative_outcome_causality; public_benefit_or_welfare_validation; causal_capture_validation; model_validation,https://lda.gov/api/v1/filings/,"Official LDA filing-text bill-reference review only; exact bill-number mentions in filing activity text identify disclosed lobbying activity mentioning a specific bill, not support, opposition, sponsor/member targeting, committee-action influence, roll-call influence, legislative-outcome causality, public benefit, welfare, causal capture, or model validation."
33,117-s-3470,117-211,Government Operations and Politics,2022-01-11,2022-10-17,7,searched_no_exact_lda_filing_text_bill_mention,1,0,0,0,,,,,2022,,,,official_lda_api_search; no_exact_lda_filing_text_bill_identifier_found,filing_text_bill_identifier; client_to_specific_bill; sponsor_or_member_target; committee_action_influence; roll_call_influence; legislative_outcome_causality; public_benefit_or_welfare_validation; causal_capture_validation; model_validation,https://lda.gov/api/v1/filings/,"Official LDA filing-text bill-reference review only; exact bill-number mentions in filing activity text identify disclosed lobbying activity mentioning a specific bill, not support, opposition, sponsor/member targeting, committee-action influence, roll-call influence, legislative-outcome causality, public benefit, welfare, causal capture, or model validation."
34,117-s-3969,117-182,Government Operations and Politics,2022-03-30,2022-09-30,8,searched_no_exact_lda_filing_text_bill_mention,1,5,5,0,,,,,2022,,,,official_lda_api_search; no_exact_lda_filing_text_bill_identifier_found,filing_text_bill_identifier; client_to_specific_bill; sponsor_or_member_target; committee_action_influence; roll_call_influence; legislative_outcome_causality; public_benefit_or_welfare_validation; causal_capture_validation; model_validation,https://lda.gov/api/v1/filings/,"Official LDA filing-text bill-reference review only; exact bill-number mentions in filing activity text identify disclosed lobbying activity mentioning a specific bill, not support, opposition, sponsor/member targeting, committee-action influence, roll-call influence, legislative-outcome causality, public benefit, welfare, causal capture, or model validation."
35,117-s-3294,117-111,Congress,2021-12-01,2022-04-13,9,searched_no_exact_lda_filing_text_bill_mention,2,58,49,0,,,,,2021; 2022,,,,official_lda_api_search; no_exact_lda_filing_text_bill_identifier_found,filing_text_bill_identifier; client_to_specific_bill; sponsor_or_member_target; committee_action_influence; roll_call_influence; legislative_outcome_causality; public_benefit_or_welfare_validation; causal_capture_validation; model_validation,https://lda.gov/api/v1/filings/,"Official LDA filing-text bill-reference review only; exact bill-number mentions in filing activity text identify disclosed lobbying activity mentioning a specific bill, not support, opposition, sponsor/member targeting, committee-action influence, roll-call influence, legislative-outcome causality, public benefit, welfare, causal capture, or model validation."
36,117-s-497,117-121,Public Lands and Natural Resources,2021-03-01,2022-05-12,10,searched_no_exact_lda_filing_text_bill_mention,2,1,1,0,,,,,2021; 2022,,,,official_lda_api_search; no_exact_lda_filing_text_bill_identifier_found,filing_text_bill_identifier; client_to_specific_bill; sponsor_or_member_target; committee_action_influence; roll_call_influence; legislative_outcome_causality; public_benefit_or_welfare_validation; causal_capture_validation; model_validation,https://lda.gov/api/v1/filings/,"Official LDA filing-text bill-reference review only; exact bill-number mentions in filing activity text identify disclosed lobbying activity mentioning a specific bill, not support, opposition, sponsor/member targeting, committee-action influence, roll-call influence, legislative-outcome causality, public benefit, welfare, causal capture, or model validation."
37,117-hr-5681,117-113,Immigration,2021-10-22,2022-04-19,,searched_no_exact_lda_filing_text_bill_mention,2,0,0,0,,,,,2021; 2022,,,,official_lda_api_search; no_exact_lda_filing_text_bill_identifier_found,filing_text_bill_identifier; client_to_specific_bill; sponsor_or_member_target; committee_action_influence; roll_call_influence; legislative_outcome_causality; public_benefit_or_welfare_validation; causal_capture_validation; model_validation,https://lda.gov/api/v1/filings/,"Official LDA filing-text bill-reference review only; exact bill-number mentions in filing activity text identify disclosed lobbying activity mentioning a specific bill, not support, opposition, sponsor/member targeting, committee-action influence, roll-call influence, legislative-outcome causality, public benefit, welfare, causal capture, or model validation."
38,117-hr-7352,117-166,Commerce,2022-03-31,2022-08-05,,searched_no_exact_lda_filing_text_bill_mention,1,0,0,0,,,,,2022,,,,official_lda_api_search; no_exact_lda_filing_text_bill_identifier_found,filing_text_bill_identifier; client_to_specific_bill; sponsor_or_member_target; committee_action_influence; roll_call_influence; legislative_outcome_causality; public_benefit_or_welfare_validation; causal_capture_validation; model_validation,https://lda.gov/api/v1/filings/,"Official LDA filing-text bill-reference review only; exact bill-number mentions in filing activity text identify disclosed lobbying activity mentioning a specific bill, not support, opposition, sponsor/member targeting, committee-action influence, roll-call influence, legislative-outcome causality, public benefit, welfare, causal capture, or model validation."
39,117-s-1941,117-219,Government Operations and Politics,2021-05-27,2022-12-05,,searched_no_exact_lda_filing_text_bill_mention,2,0,0,0,,,,,2021; 2022,,,,official_lda_api_search; no_exact_lda_filing_text_bill_identifier_found,filing_text_bill_identifier; client_to_specific_bill; sponsor_or_member_target; committee_action_influence; roll_call_influence; legislative_outcome_causality; public_benefit_or_welfare_validation; causal_capture_validation; model_validation,https://lda.gov/api/v1/filings/,"Official LDA filing-text bill-reference review only; exact bill-number mentions in filing activity text identify disclosed lobbying activity mentioning a specific bill, not support, opposition, sponsor/member targeting, committee-action influence, roll-call influence, legislative-outcome causality, public benefit, welfare, causal capture, or model validation."
40,117-hr-7925,117-238,Armed Forces and National Security,2022-05-31,2022-12-20,,searched_no_exact_lda_filing_text_bill_mention,1,0,0,0,,,,,2022,,,,official_lda_api_search; no_exact_lda_filing_text_bill_identifier_found,filing_text_bill_identifier; client_to_specific_bill; sponsor_or_member_target; committee_action_influence; roll_call_influence; legislative_outcome_causality; public_benefit_or_welfare_validation; causal_capture_validation; model_validation,https://lda.gov/api/v1/filings/,"Official LDA filing-text bill-reference review only; exact bill-number mentions in filing activity text identify disclosed lobbying activity mentioning a specific bill, not support, opposition, sponsor/member targeting, committee-action influence, roll-call influence, legislative-outcome causality, public benefit, welfare, causal capture, or model validation."
