effective_text_review_rank,review_rank,target_review_packet_rank,text_diff_rank,bill_id,public_law_number,enacted_date,target_reference,target_reference_type,normalized_title,normalized_section,codified_lineage_relationship,target_section_diff_review_status,source_reviewed_target_section_diff,pre_edition,post_edition,pre_olrc_url,post_olrc_url,current_olrc_url,current_olrc_scan_status,current_olrc_http_status,current_official_text_sha256,current_official_text_bytes,current_section_heading,current_public_law_reference_hits,current_public_law_reference_status,post_public_law_context_count,pre_normalized_text_sha256,post_normalized_text_sha256,current_effective_text_review_status,law_revision_effective_text_reviewed,effective_text_source_basis,effective_text_review_summary,public_law_causal_attribution,source_review_notes,evidence_layers,missing_links,claim_boundary
1,1,15,15,117-hr-5376,117-169,2022-08-16,26 USC 4501,direct_us_code_reference,26,4501,added_target_section,reviewed_added_target_section_diff,1,2021,2022,https://uscode.house.gov/view.xhtml?edition=2021&num=0&req=granuleid%3AUSC-2021-title26-section4501,https://uscode.house.gov/view.xhtml?edition=2022&num=0&req=granuleid%3AUSC-2022-title26-section4501,https://uscode.house.gov/view.xhtml?edition=prelim&num=0&req=granuleid%3AUSC-prelim-title26-section4501,official_olrc_current_section_page_fetched,200,7eca2cd69a600dd53a34ea5bc0a43f1a7d10b96431aff5d8e0b5734aa6dd8dff,162589,§4501. Repurchase of corporate stock,2,current_page_mentions_public_law,2,39d6efccad7c08d922f6c4816c30ce6c68f665c3520efcda26e06c306af9836a,4a29e0768a16d496e7821b1c3da1b86ac24e9f3c48d8f329869d1eae47255fdf,reviewed_current_effective_text_source_with_public_law_note,1,official_olrc_current_us_code_page; official_olrc_current_public_law_note_scan; source_reviewed_target_section_diff,Official OLRC current U.S. Code page was fetched and its current text mentions the queued public law; public-law causation remains separately unreviewed.,not_reviewed_for_exclusive_public_law_causation,"Effective-text review is limited to official OLRC current source availability, current text hash/byte metadata, and current public-law note presence. It does not assign exclusive public-law causation.",statutory_lineage_source_reviewed_target_section_diff; official_olrc_annual_us_code_text_diff; official_olrc_current_us_code_page; statutory_lineage_effective_text_source_review,complete_codified_usc_lineage_review; public_law_causal_attribution; implementation_outcomes; direct_target_section_court_review; welfare_or_public_benefit; model_validation,"Law-revision effective-text source review only. Rows confirm official OLRC current U.S. Code source availability and current public-law note presence for source-reviewed target-section diff rows. This artifact does not establish exclusive public-law causal attribution, complete codified lineage, implementation outcomes, direct target-section court review, welfare evidence, causal effects, or model validation."
2,2,16,16,117-hr-5376,117-169,2022-08-16,26 USC 55,direct_us_code_reference,26,55,amended_existing_target_section,reviewed_pre_post_target_section_diff,1,2021,2022,https://uscode.house.gov/view.xhtml?edition=2021&num=0&req=granuleid%3AUSC-2021-title26-section55,https://uscode.house.gov/view.xhtml?edition=2022&num=0&req=granuleid%3AUSC-2022-title26-section55,https://uscode.house.gov/view.xhtml?edition=prelim&num=0&req=granuleid%3AUSC-prelim-title26-section55,official_olrc_current_section_page_fetched,200,b75bff60f04811f2a90cebc2c90fb3417b16e9344839d74c6e9fd1ef74976a4e,266523,§55. Alternative minimum tax imposed,8,current_page_mentions_public_law,3,07bf11df8255551d4d4ae809eebbe4ba7d0c636f6bb0634557b0d0dc208dcf1f,80aca1df880e69d1afa67901f7f7fbd31a44a419403b2af1c6711e51f93f3a29,reviewed_current_effective_text_source_with_public_law_note,1,official_olrc_current_us_code_page; official_olrc_current_public_law_note_scan; source_reviewed_target_section_diff,Official OLRC current U.S. Code page was fetched and its current text mentions the queued public law; public-law causation remains separately unreviewed.,not_reviewed_for_exclusive_public_law_causation,"Effective-text review is limited to official OLRC current source availability, current text hash/byte metadata, and current public-law note presence. It does not assign exclusive public-law causation.",statutory_lineage_source_reviewed_target_section_diff; official_olrc_annual_us_code_text_diff; official_olrc_current_us_code_page; statutory_lineage_effective_text_source_review,complete_codified_usc_lineage_review; public_law_causal_attribution; implementation_outcomes; direct_target_section_court_review; welfare_or_public_benefit; model_validation,"Law-revision effective-text source review only. Rows confirm official OLRC current U.S. Code source availability and current public-law note presence for source-reviewed target-section diff rows. This artifact does not establish exclusive public-law causal attribution, complete codified lineage, implementation outcomes, direct target-section court review, welfare evidence, causal effects, or model validation."
3,3,17,17,117-hr-5376,117-169,2022-08-16,26 USC 56A,direct_us_code_reference,26,56A,added_target_section,reviewed_added_target_section_diff,1,2021,2022,https://uscode.house.gov/view.xhtml?edition=2021&num=0&req=granuleid%3AUSC-2021-title26-section56A,https://uscode.house.gov/view.xhtml?edition=2022&num=0&req=granuleid%3AUSC-2022-title26-section56A,https://uscode.house.gov/view.xhtml?edition=prelim&num=0&req=granuleid%3AUSC-prelim-title26-section56A,official_olrc_current_section_page_fetched,200,580c7e8b2cf8b973363d1ee4e0958725945827b982a145a9117a2e5da206e1a0,166204,§56A. Adjusted financial statement income,3,current_page_mentions_public_law,3,7d641292e606ea628de81f96717988db7562a0f46dcea58db5884c59b05272b1,2f31769e6e0974cee04a4cfe7c1ad983b450a834c7f1696e35791b5094f16735,reviewed_current_effective_text_source_with_public_law_note,1,official_olrc_current_us_code_page; official_olrc_current_public_law_note_scan; source_reviewed_target_section_diff,Official OLRC current U.S. Code page was fetched and its current text mentions the queued public law; public-law causation remains separately unreviewed.,not_reviewed_for_exclusive_public_law_causation,"Effective-text review is limited to official OLRC current source availability, current text hash/byte metadata, and current public-law note presence. It does not assign exclusive public-law causation.",statutory_lineage_source_reviewed_target_section_diff; official_olrc_annual_us_code_text_diff; official_olrc_current_us_code_page; statutory_lineage_effective_text_source_review,complete_codified_usc_lineage_review; public_law_causal_attribution; implementation_outcomes; direct_target_section_court_review; welfare_or_public_benefit; model_validation,"Law-revision effective-text source review only. Rows confirm official OLRC current U.S. Code source availability and current public-law note presence for source-reviewed target-section diff rows. This artifact does not establish exclusive public-law causal attribution, complete codified lineage, implementation outcomes, direct target-section court review, welfare evidence, causal effects, or model validation."
4,4,18,18,117-hr-5376,117-169,2022-08-16,26 USC 59,direct_us_code_reference,26,59,amended_existing_target_section,reviewed_pre_post_target_section_diff,1,2021,2022,https://uscode.house.gov/view.xhtml?edition=2021&num=0&req=granuleid%3AUSC-2021-title26-section59,https://uscode.house.gov/view.xhtml?edition=2022&num=0&req=granuleid%3AUSC-2022-title26-section59,https://uscode.house.gov/view.xhtml?edition=prelim&num=0&req=granuleid%3AUSC-prelim-title26-section59,official_olrc_current_section_page_fetched,200,de066f54cabfb407022304ca52d8cd381df0858b03ad3fa46cee867716851587,214401,§59. Other definitions and special rules,6,current_page_mentions_public_law,3,669e6fa9575bafc43347ae653410086c5468941908ee969317c8bfd1e0ba4643,91f5303443cce6a954ad0b747def11a8ac76cf32c241fb5bde73cbb995a62eee,reviewed_current_effective_text_source_with_public_law_note,1,official_olrc_current_us_code_page; official_olrc_current_public_law_note_scan; source_reviewed_target_section_diff,Official OLRC current U.S. Code page was fetched and its current text mentions the queued public law; public-law causation remains separately unreviewed.,not_reviewed_for_exclusive_public_law_causation,"Effective-text review is limited to official OLRC current source availability, current text hash/byte metadata, and current public-law note presence. It does not assign exclusive public-law causation.",statutory_lineage_source_reviewed_target_section_diff; official_olrc_annual_us_code_text_diff; official_olrc_current_us_code_page; statutory_lineage_effective_text_source_review,complete_codified_usc_lineage_review; public_law_causal_attribution; implementation_outcomes; direct_target_section_court_review; welfare_or_public_benefit; model_validation,"Law-revision effective-text source review only. Rows confirm official OLRC current U.S. Code source availability and current public-law note presence for source-reviewed target-section diff rows. This artifact does not establish exclusive public-law causal attribution, complete codified lineage, implementation outcomes, direct target-section court review, welfare evidence, causal effects, or model validation."
5,5,19,19,117-hr-5376,117-169,2022-08-16,26 USC 11 note,direct_us_code_reference,26,11,amended_existing_target_section_with_effective_date_note,reviewed_pre_post_target_section_diff,1,2021,2022,https://uscode.house.gov/view.xhtml?edition=2021&num=0&req=granuleid%3AUSC-2021-title26-section11,https://uscode.house.gov/view.xhtml?edition=2022&num=0&req=granuleid%3AUSC-2022-title26-section11,https://uscode.house.gov/view.xhtml?edition=prelim&num=0&req=granuleid%3AUSC-prelim-title26-section11,official_olrc_current_section_page_fetched,200,0829bbabad7815ebdc157c0f5cb9da3e11ae2cc3b195652104a4fb2b2bfec627,188617,§11. Tax imposed,3,current_page_mentions_public_law,3,5220cb6bc130c627fbc9c2177e495505408e4cff7663f00554219cbf6c333b6b,e4bb90bda0b96a4775e395741ddacd67c67c4c744eac7d9beb7d1fbe1382a302,reviewed_current_effective_text_source_with_public_law_note,1,official_olrc_current_us_code_page; official_olrc_current_public_law_note_scan; source_reviewed_target_section_diff,Official OLRC current U.S. Code page was fetched and its current text mentions the queued public law; public-law causation remains separately unreviewed.,not_reviewed_for_exclusive_public_law_causation,"Effective-text review is limited to official OLRC current source availability, current text hash/byte metadata, and current public-law note presence. It does not assign exclusive public-law causation.",statutory_lineage_source_reviewed_target_section_diff; official_olrc_annual_us_code_text_diff; official_olrc_current_us_code_page; statutory_lineage_effective_text_source_review,complete_codified_usc_lineage_review; public_law_causal_attribution; implementation_outcomes; direct_target_section_court_review; welfare_or_public_benefit; model_validation,"Law-revision effective-text source review only. Rows confirm official OLRC current U.S. Code source availability and current public-law note presence for source-reviewed target-section diff rows. This artifact does not establish exclusive public-law causal attribution, complete codified lineage, implementation outcomes, direct target-section court review, welfare evidence, causal effects, or model validation."
6,6,20,20,117-hr-5376,117-169,2022-08-16,26 USC 38,direct_us_code_reference,26,38,amended_existing_target_section,reviewed_pre_post_target_section_diff,1,2021,2022,https://uscode.house.gov/view.xhtml?edition=2021&num=0&req=granuleid%3AUSC-2021-title26-section38,https://uscode.house.gov/view.xhtml?edition=2022&num=0&req=granuleid%3AUSC-2022-title26-section38,https://uscode.house.gov/view.xhtml?edition=prelim&num=0&req=granuleid%3AUSC-prelim-title26-section38,official_olrc_current_section_page_fetched,200,19c428af4b5ce179d16e2eae2aad0851c943907df382fe15cedfb8d3ad0813a2,328832,§38. General business credit,28,current_page_mentions_public_law,3,8950284a1ae9ba3d905815ef59047bf9905f4826c7d24fbf3cce3dc3cc9bd0b2,3c6fd539ed8a886946d6273f405e66719c973f070da134884c8572a5727e1033,reviewed_current_effective_text_source_with_public_law_note,1,official_olrc_current_us_code_page; official_olrc_current_public_law_note_scan; source_reviewed_target_section_diff,Official OLRC current U.S. Code page was fetched and its current text mentions the queued public law; public-law causation remains separately unreviewed.,not_reviewed_for_exclusive_public_law_causation,"Effective-text review is limited to official OLRC current source availability, current text hash/byte metadata, and current public-law note presence. It does not assign exclusive public-law causation.",statutory_lineage_source_reviewed_target_section_diff; official_olrc_annual_us_code_text_diff; official_olrc_current_us_code_page; statutory_lineage_effective_text_source_review,complete_codified_usc_lineage_review; public_law_causal_attribution; implementation_outcomes; direct_target_section_court_review; welfare_or_public_benefit; model_validation,"Law-revision effective-text source review only. Rows confirm official OLRC current U.S. Code source availability and current public-law note presence for source-reviewed target-section diff rows. This artifact does not establish exclusive public-law causal attribution, complete codified lineage, implementation outcomes, direct target-section court review, welfare evidence, causal effects, or model validation."
7,7,21,21,117-hr-5376,117-169,2022-08-16,26 USC 4501 note,direct_us_code_reference,26,4501,added_target_section_with_effective_date_note,reviewed_added_target_section_diff,1,2021,2022,https://uscode.house.gov/view.xhtml?edition=2021&num=0&req=granuleid%3AUSC-2021-title26-section4501,https://uscode.house.gov/view.xhtml?edition=2022&num=0&req=granuleid%3AUSC-2022-title26-section4501,https://uscode.house.gov/view.xhtml?edition=prelim&num=0&req=granuleid%3AUSC-prelim-title26-section4501,official_olrc_current_section_page_fetched,200,da040ae737b9edfa996d952cc8849b2f4b965b298a08b559379a453df856e1dd,162569,§4501. Repurchase of corporate stock,2,current_page_mentions_public_law,2,39d6efccad7c08d922f6c4816c30ce6c68f665c3520efcda26e06c306af9836a,4a29e0768a16d496e7821b1c3da1b86ac24e9f3c48d8f329869d1eae47255fdf,reviewed_current_effective_text_source_with_public_law_note,1,official_olrc_current_us_code_page; official_olrc_current_public_law_note_scan; source_reviewed_target_section_diff,Official OLRC current U.S. Code page was fetched and its current text mentions the queued public law; public-law causation remains separately unreviewed.,not_reviewed_for_exclusive_public_law_causation,"Effective-text review is limited to official OLRC current source availability, current text hash/byte metadata, and current public-law note presence. It does not assign exclusive public-law causation.",statutory_lineage_source_reviewed_target_section_diff; official_olrc_annual_us_code_text_diff; official_olrc_current_us_code_page; statutory_lineage_effective_text_source_review,complete_codified_usc_lineage_review; public_law_causal_attribution; implementation_outcomes; direct_target_section_court_review; welfare_or_public_benefit; model_validation,"Law-revision effective-text source review only. Rows confirm official OLRC current U.S. Code source availability and current public-law note presence for source-reviewed target-section diff rows. This artifact does not establish exclusive public-law causal attribution, complete codified lineage, implementation outcomes, direct target-section court review, welfare evidence, causal effects, or model validation."
8,8,22,22,117-hr-5376,117-169,2022-08-16,26 USC 860E,direct_us_code_reference,26,860E,amended_existing_target_section,reviewed_pre_post_target_section_diff,1,2021,2022,https://uscode.house.gov/view.xhtml?edition=2021&num=0&req=granuleid%3AUSC-2021-title26-section860E,https://uscode.house.gov/view.xhtml?edition=2022&num=0&req=granuleid%3AUSC-2022-title26-section860E,https://uscode.house.gov/view.xhtml?edition=prelim&num=0&req=granuleid%3AUSC-prelim-title26-section860E,official_olrc_current_section_page_fetched,200,038a76412e1670a9e1c2a3f98bae7f648e2fcb6f866de3299a30b7087132984a,171534,§860E. Treatment of income in excess of daily accruals on residual interests,4,current_page_mentions_public_law,3,7c86605386cb7cf5af44951bcaa4699f80214f64066abe51207f8711126f5f82,a35bc3213243338c3e0ad8d4c61dfd8c565f05568c727d968dd2a66f9244e32b,reviewed_current_effective_text_source_with_public_law_note,1,official_olrc_current_us_code_page; official_olrc_current_public_law_note_scan; source_reviewed_target_section_diff,Official OLRC current U.S. Code page was fetched and its current text mentions the queued public law; public-law causation remains separately unreviewed.,not_reviewed_for_exclusive_public_law_causation,"Effective-text review is limited to official OLRC current source availability, current text hash/byte metadata, and current public-law note presence. It does not assign exclusive public-law causation.",statutory_lineage_source_reviewed_target_section_diff; official_olrc_annual_us_code_text_diff; official_olrc_current_us_code_page; statutory_lineage_effective_text_source_review,complete_codified_usc_lineage_review; public_law_causal_attribution; implementation_outcomes; direct_target_section_court_review; welfare_or_public_benefit; model_validation,"Law-revision effective-text source review only. Rows confirm official OLRC current U.S. Code source availability and current public-law note presence for source-reviewed target-section diff rows. This artifact does not establish exclusive public-law causal attribution, complete codified lineage, implementation outcomes, direct target-section court review, welfare evidence, causal effects, or model validation."
9,9,1,1,117-hr-1437,117-229,2022-12-16,18 USC 3551 note,direct_us_code_reference,18,3551,amended_existing_target_section_with_effective_date_note,reviewed_pre_post_target_section_diff,1,2021,2022,https://uscode.house.gov/view.xhtml?edition=2021&num=0&req=granuleid%3AUSC-2021-title18-section3551,https://uscode.house.gov/view.xhtml?edition=2022&num=0&req=granuleid%3AUSC-2022-title18-section3551,https://uscode.house.gov/view.xhtml?edition=prelim&num=0&req=granuleid%3AUSC-prelim-title18-section3551,official_olrc_current_section_page_fetched,200,9e02ffa7ece46ce317a4a21b97b165a2f7beff2e81fde3af7c7ed929af6988d6,199477,§3551. Authorized sentences,5,current_page_mentions_public_law,3,7110ab271c77099c3532c6b96cb8fa3ccd0f6b27c08c3162928c4b35509f20fa,910ac189f480c85da4d93c768f202cfd6376335578598952983906b641c8aaff,reviewed_current_effective_text_source_with_public_law_note,1,official_olrc_current_us_code_page; official_olrc_current_public_law_note_scan; source_reviewed_target_section_diff,Official OLRC current U.S. Code page was fetched and its current text mentions the queued public law; public-law causation remains separately unreviewed.,not_reviewed_for_exclusive_public_law_causation,"Effective-text review is limited to official OLRC current source availability, current text hash/byte metadata, and current public-law note presence. It does not assign exclusive public-law causation.",statutory_lineage_source_reviewed_target_section_diff; official_olrc_annual_us_code_text_diff; official_olrc_current_us_code_page; statutory_lineage_effective_text_source_review,complete_codified_usc_lineage_review; public_law_causal_attribution; implementation_outcomes; direct_target_section_court_review; welfare_or_public_benefit; model_validation,"Law-revision effective-text source review only. Rows confirm official OLRC current U.S. Code source availability and current public-law note presence for source-reviewed target-section diff rows. This artifact does not establish exclusive public-law causal attribution, complete codified lineage, implementation outcomes, direct target-section court review, welfare evidence, causal effects, or model validation."
10,10,2,2,117-hr-1437,117-229,2022-12-16,42 USC 1395ww note,direct_us_code_reference,42,1395ww,amended_existing_target_section_with_effective_date_note,reviewed_pre_post_target_section_diff,1,2021,2022,https://uscode.house.gov/view.xhtml?edition=2021&num=0&req=granuleid%3AUSC-2021-title42-section1395ww,https://uscode.house.gov/view.xhtml?edition=2022&num=0&req=granuleid%3AUSC-2022-title42-section1395ww,https://uscode.house.gov/view.xhtml?edition=prelim&num=0&req=granuleid%3AUSC-prelim-title42-section1395ww,official_olrc_current_section_page_fetched,200,bf3af57e1d1bc8de44ed28be748e13ebf5ef94b1b63eea1bcbaacc8ad80c825b,1577643,§1395ww. Payments to hospitals for inpatient hospital services,14,current_page_mentions_public_law,3,1217b097461d3142fa62da16449b6eb0ae483d536f26416e37b49483a20ecf3f,da2ce910ea37a00c9f5a3fc622f48aa7d1306933c57fa14da80d6a981c432691,reviewed_current_effective_text_source_with_public_law_note,1,official_olrc_current_us_code_page; official_olrc_current_public_law_note_scan; source_reviewed_target_section_diff,Official OLRC current U.S. Code page was fetched and its current text mentions the queued public law; public-law causation remains separately unreviewed.,not_reviewed_for_exclusive_public_law_causation,"Effective-text review is limited to official OLRC current source availability, current text hash/byte metadata, and current public-law note presence. It does not assign exclusive public-law causation.",statutory_lineage_source_reviewed_target_section_diff; official_olrc_annual_us_code_text_diff; official_olrc_current_us_code_page; statutory_lineage_effective_text_source_review,complete_codified_usc_lineage_review; public_law_causal_attribution; implementation_outcomes; direct_target_section_court_review; welfare_or_public_benefit; model_validation,"Law-revision effective-text source review only. Rows confirm official OLRC current U.S. Code source availability and current public-law note presence for source-reviewed target-section diff rows. This artifact does not establish exclusive public-law causal attribution, complete codified lineage, implementation outcomes, direct target-section court review, welfare evidence, causal effects, or model validation."
11,11,3,3,117-hr-1437,117-229,2022-12-16,1 USC 1 note,direct_us_code_reference,1,1,amended_existing_target_section,reviewed_pre_post_target_section_diff,1,2021,2022,https://uscode.house.gov/view.xhtml?edition=2021&num=0&req=granuleid%3AUSC-2021-title1-section1,https://uscode.house.gov/view.xhtml?edition=2022&num=0&req=granuleid%3AUSC-2022-title1-section1,https://uscode.house.gov/view.xhtml?edition=prelim&num=0&req=granuleid%3AUSC-prelim-title1-section1,official_olrc_current_section_page_fetched,200,afb8f741050d070ed2fbb9d34408ca4b8bdc973a80328c3235aeeddead8f220f,193140,"§1. Words denoting number, gender, and so forth In determining the meaning of any Act of Congress, unless the context indicates otherwise- words importing the singular include and",2,current_page_mentions_public_law,2,0ffddd3c36a95c63d1ebc628fa7c2578d9abf57f835de3ed906418f8eb75e23c,715737a905a3c3deb3731868b7fc75a40a8fe923f64e001d17ed227b83282bbf,reviewed_current_effective_text_source_with_public_law_note,1,official_olrc_current_us_code_page; official_olrc_current_public_law_note_scan; source_reviewed_target_section_diff,Official OLRC current U.S. Code page was fetched and its current text mentions the queued public law; public-law causation remains separately unreviewed.,not_reviewed_for_exclusive_public_law_causation,"Effective-text review is limited to official OLRC current source availability, current text hash/byte metadata, and current public-law note presence. It does not assign exclusive public-law causation.",statutory_lineage_source_reviewed_target_section_diff; official_olrc_annual_us_code_text_diff; official_olrc_current_us_code_page; statutory_lineage_effective_text_source_review,complete_codified_usc_lineage_review; public_law_causal_attribution; implementation_outcomes; direct_target_section_court_review; welfare_or_public_benefit; model_validation,"Law-revision effective-text source review only. Rows confirm official OLRC current U.S. Code source availability and current public-law note presence for source-reviewed target-section diff rows. This artifact does not establish exclusive public-law causal attribution, complete codified lineage, implementation outcomes, direct target-section court review, welfare evidence, causal effects, or model validation."
12,12,4,4,117-hr-1437,117-229,2022-12-16,18 USC 1 note,direct_us_code_reference,18,1,amended_existing_target_section,reviewed_pre_post_target_section_diff,1,2021,2022,https://uscode.house.gov/view.xhtml?edition=2021&num=0&req=granuleid%3AUSC-2021-title18-section1,https://uscode.house.gov/view.xhtml?edition=2022&num=0&req=granuleid%3AUSC-2022-title18-section1,https://uscode.house.gov/view.xhtml?edition=prelim&num=0&req=granuleid%3AUSC-prelim-title18-section1,official_olrc_current_section_page_fetched,200,2a630ac87aa4fbcdc382e447a729a52ee9b0fdb2d7a08b502b76aa152c69f67e,249780,"§1. Repealed. Pub. L. 98-473, title II, §218",2,current_page_mentions_public_law,2,e8e3968131a556d76f8e2b1263708b7d0019818cab3a2b4b281d40e824b53aae,94b2a1bcf04610dab847aa92dfd7082f3ca0f35dc0bb07d73c3c7ec715b756aa,reviewed_current_effective_text_source_with_public_law_note,1,official_olrc_current_us_code_page; official_olrc_current_public_law_note_scan; source_reviewed_target_section_diff,Official OLRC current U.S. Code page was fetched and its current text mentions the queued public law; public-law causation remains separately unreviewed.,not_reviewed_for_exclusive_public_law_causation,"Effective-text review is limited to official OLRC current source availability, current text hash/byte metadata, and current public-law note presence. It does not assign exclusive public-law causation.",statutory_lineage_source_reviewed_target_section_diff; official_olrc_annual_us_code_text_diff; official_olrc_current_us_code_page; statutory_lineage_effective_text_source_review,complete_codified_usc_lineage_review; public_law_causal_attribution; implementation_outcomes; direct_target_section_court_review; welfare_or_public_benefit; model_validation,"Law-revision effective-text source review only. Rows confirm official OLRC current U.S. Code source availability and current public-law note presence for source-reviewed target-section diff rows. This artifact does not establish exclusive public-law causal attribution, complete codified lineage, implementation outcomes, direct target-section court review, welfare evidence, causal effects, or model validation."
13,13,5,5,117-hr-1437,117-229,2022-12-16,18 USC 3014(a),title_code_section_phrase,18,3014,amended_existing_target_section,reviewed_pre_post_target_section_diff,1,2021,2022,https://uscode.house.gov/view.xhtml?edition=2021&num=0&req=granuleid%3AUSC-2021-title18-section3014,https://uscode.house.gov/view.xhtml?edition=2022&num=0&req=granuleid%3AUSC-2022-title18-section3014,https://uscode.house.gov/view.xhtml?edition=prelim&num=0&req=granuleid%3AUSC-prelim-title18-section3014,official_olrc_current_section_page_fetched,200,f5acf3d692d34abdbe26eb365de2528a9b38ef4805e6f525123175478aa3a836,193555,§3014. Additional special assessment,3,current_page_mentions_public_law,3,5eb9535644d54d03b944190ed2d9b25b14811a85e2e24453f6d924ed5ec5108b,6d9810a65cebc0321f416e0f41fe8af25b2e59dc8d7f79506baa4aa35e23fc2c,reviewed_current_effective_text_source_with_public_law_note,1,official_olrc_current_us_code_page; official_olrc_current_public_law_note_scan; source_reviewed_target_section_diff,Official OLRC current U.S. Code page was fetched and its current text mentions the queued public law; public-law causation remains separately unreviewed.,not_reviewed_for_exclusive_public_law_causation,"Effective-text review is limited to official OLRC current source availability, current text hash/byte metadata, and current public-law note presence. It does not assign exclusive public-law causation.",statutory_lineage_source_reviewed_target_section_diff; official_olrc_annual_us_code_text_diff; official_olrc_current_us_code_page; statutory_lineage_effective_text_source_review,complete_codified_usc_lineage_review; public_law_causal_attribution; implementation_outcomes; direct_target_section_court_review; welfare_or_public_benefit; model_validation,"Law-revision effective-text source review only. Rows confirm official OLRC current U.S. Code source availability and current public-law note presence for source-reviewed target-section diff rows. This artifact does not establish exclusive public-law causal attribution, complete codified lineage, implementation outcomes, direct target-section court review, welfare evidence, causal effects, or model validation."
14,14,7,7,117-hr-1437,117-229,2022-12-16,21 USC 360j(m)(6)(A)(iv),direct_us_code_reference,21,360j,amended_existing_target_section,reviewed_pre_post_target_section_diff,1,2021,2022,https://uscode.house.gov/view.xhtml?edition=2021&num=0&req=granuleid%3AUSC-2021-title21-section360j,https://uscode.house.gov/view.xhtml?edition=2022&num=0&req=granuleid%3AUSC-2022-title21-section360j,https://uscode.house.gov/view.xhtml?edition=prelim&num=0&req=granuleid%3AUSC-prelim-title21-section360j,official_olrc_current_section_page_fetched,200,1ff4e41bb181dc28e6361b08bb5f483d30ab10cc6f59c1c824bded60a9b69634,292539,§360j. General provisions respecting control of devices intended for human use,2,current_page_mentions_public_law,2,2aeddf5601cb1be7a4b4fd42b07169e8ef99245a3bdb33be8c28cb08c80a6c2b,06bc526c967704aa40315c7167e3bc8c7dcf64e18c7d633450771e5363a65b5c,reviewed_current_effective_text_source_with_public_law_note,1,official_olrc_current_us_code_page; official_olrc_current_public_law_note_scan; source_reviewed_target_section_diff,Official OLRC current U.S. Code page was fetched and its current text mentions the queued public law; public-law causation remains separately unreviewed.,not_reviewed_for_exclusive_public_law_causation,"Effective-text review is limited to official OLRC current source availability, current text hash/byte metadata, and current public-law note presence. It does not assign exclusive public-law causation.",statutory_lineage_source_reviewed_target_section_diff; official_olrc_annual_us_code_text_diff; official_olrc_current_us_code_page; statutory_lineage_effective_text_source_review,complete_codified_usc_lineage_review; public_law_causal_attribution; implementation_outcomes; direct_target_section_court_review; welfare_or_public_benefit; model_validation,"Law-revision effective-text source review only. Rows confirm official OLRC current U.S. Code source availability and current public-law note presence for source-reviewed target-section diff rows. This artifact does not establish exclusive public-law causal attribution, complete codified lineage, implementation outcomes, direct target-section court review, welfare evidence, causal effects, or model validation."
15,15,9,9,117-hr-1437,117-229,2022-12-16,42 USC 1395ww(b)(3)(D),direct_us_code_reference,42,1395ww,amended_existing_target_section,reviewed_pre_post_target_section_diff,1,2021,2022,https://uscode.house.gov/view.xhtml?edition=2021&num=0&req=granuleid%3AUSC-2021-title42-section1395ww,https://uscode.house.gov/view.xhtml?edition=2022&num=0&req=granuleid%3AUSC-2022-title42-section1395ww,https://uscode.house.gov/view.xhtml?edition=prelim&num=0&req=granuleid%3AUSC-prelim-title42-section1395ww,official_olrc_current_section_page_fetched,200,18536b9429bb2021a4a22d3a9f79c633b79015331d83248a68e18312ccc4f0c3,1577603,§1395ww. Payments to hospitals for inpatient hospital services,14,current_page_mentions_public_law,3,1217b097461d3142fa62da16449b6eb0ae483d536f26416e37b49483a20ecf3f,da2ce910ea37a00c9f5a3fc622f48aa7d1306933c57fa14da80d6a981c432691,reviewed_current_effective_text_source_with_public_law_note,1,official_olrc_current_us_code_page; official_olrc_current_public_law_note_scan; source_reviewed_target_section_diff,Official OLRC current U.S. Code page was fetched and its current text mentions the queued public law; public-law causation remains separately unreviewed.,not_reviewed_for_exclusive_public_law_causation,"Effective-text review is limited to official OLRC current source availability, current text hash/byte metadata, and current public-law note presence. It does not assign exclusive public-law causation.",statutory_lineage_source_reviewed_target_section_diff; official_olrc_annual_us_code_text_diff; official_olrc_current_us_code_page; statutory_lineage_effective_text_source_review,complete_codified_usc_lineage_review; public_law_causal_attribution; implementation_outcomes; direct_target_section_court_review; welfare_or_public_benefit; model_validation,"Law-revision effective-text source review only. Rows confirm official OLRC current U.S. Code source availability and current public-law note presence for source-reviewed target-section diff rows. This artifact does not establish exclusive public-law causal attribution, complete codified lineage, implementation outcomes, direct target-section court review, welfare evidence, causal effects, or model validation."
16,16,10,10,117-hr-1437,117-229,2022-12-16,42 USC 1395ww(d)(5)(G),direct_us_code_reference,42,1395ww,amended_existing_target_section,reviewed_pre_post_target_section_diff,1,2021,2022,https://uscode.house.gov/view.xhtml?edition=2021&num=0&req=granuleid%3AUSC-2021-title42-section1395ww,https://uscode.house.gov/view.xhtml?edition=2022&num=0&req=granuleid%3AUSC-2022-title42-section1395ww,https://uscode.house.gov/view.xhtml?edition=prelim&num=0&req=granuleid%3AUSC-prelim-title42-section1395ww,official_olrc_current_section_page_fetched,200,509a162f5a57c8e56bf0a232b141f2ac5ca1fdc4c6a0648c6cb5364a394d02b8,1577603,§1395ww. Payments to hospitals for inpatient hospital services,14,current_page_mentions_public_law,3,1217b097461d3142fa62da16449b6eb0ae483d536f26416e37b49483a20ecf3f,da2ce910ea37a00c9f5a3fc622f48aa7d1306933c57fa14da80d6a981c432691,reviewed_current_effective_text_source_with_public_law_note,1,official_olrc_current_us_code_page; official_olrc_current_public_law_note_scan; source_reviewed_target_section_diff,Official OLRC current U.S. Code page was fetched and its current text mentions the queued public law; public-law causation remains separately unreviewed.,not_reviewed_for_exclusive_public_law_causation,"Effective-text review is limited to official OLRC current source availability, current text hash/byte metadata, and current public-law note presence. It does not assign exclusive public-law causation.",statutory_lineage_source_reviewed_target_section_diff; official_olrc_annual_us_code_text_diff; official_olrc_current_us_code_page; statutory_lineage_effective_text_source_review,complete_codified_usc_lineage_review; public_law_causal_attribution; implementation_outcomes; direct_target_section_court_review; welfare_or_public_benefit; model_validation,"Law-revision effective-text source review only. Rows confirm official OLRC current U.S. Code source availability and current public-law note presence for source-reviewed target-section diff rows. This artifact does not establish exclusive public-law causal attribution, complete codified lineage, implementation outcomes, direct target-section court review, welfare evidence, causal effects, or model validation."
17,17,11,11,117-hr-1437,117-229,2022-12-16,42 USC 1396d(ff),direct_us_code_reference,42,1396d,amended_existing_target_section,reviewed_pre_post_target_section_diff,1,2021,2022,https://uscode.house.gov/view.xhtml?edition=2021&num=0&req=granuleid%3AUSC-2021-title42-section1396d,https://uscode.house.gov/view.xhtml?edition=2022&num=0&req=granuleid%3AUSC-2022-title42-section1396d,https://uscode.house.gov/view.xhtml?edition=prelim&num=0&req=granuleid%3AUSC-prelim-title42-section1396d,official_olrc_current_section_page_fetched,200,5cd42239dbe54a4cc92a39bc4508010af28bd77aee0b56d95e8467d3d30d8b54,600254,§1396d. Definitions For purposes of this subchapter-,3,current_page_mentions_public_law,3,320138e4af7dd22b59c042dd6caed06ef842887586c684447483fa5bc7d9677c,06d068b899b033f2bb3d4dfe554e421935494e69eca6881f76df6fe6ce1d3eed,reviewed_current_effective_text_source_with_public_law_note,1,official_olrc_current_us_code_page; official_olrc_current_public_law_note_scan; source_reviewed_target_section_diff,Official OLRC current U.S. Code page was fetched and its current text mentions the queued public law; public-law causation remains separately unreviewed.,not_reviewed_for_exclusive_public_law_causation,"Effective-text review is limited to official OLRC current source availability, current text hash/byte metadata, and current public-law note presence. It does not assign exclusive public-law causation.",statutory_lineage_source_reviewed_target_section_diff; official_olrc_annual_us_code_text_diff; official_olrc_current_us_code_page; statutory_lineage_effective_text_source_review,complete_codified_usc_lineage_review; public_law_causal_attribution; implementation_outcomes; direct_target_section_court_review; welfare_or_public_benefit; model_validation,"Law-revision effective-text source review only. Rows confirm official OLRC current U.S. Code source availability and current public-law note presence for source-reviewed target-section diff rows. This artifact does not establish exclusive public-law causal attribution, complete codified lineage, implementation outcomes, direct target-section court review, welfare evidence, causal effects, or model validation."
18,18,12,12,117-hr-1437,117-229,2022-12-16,42 USC 282 note,direct_us_code_reference,42,282,amended_existing_target_section,reviewed_pre_post_target_section_diff,1,2021,2022,https://uscode.house.gov/view.xhtml?edition=2021&num=0&req=granuleid%3AUSC-2021-title42-section282,https://uscode.house.gov/view.xhtml?edition=2022&num=0&req=granuleid%3AUSC-2022-title42-section282,https://uscode.house.gov/view.xhtml?edition=prelim&num=0&req=granuleid%3AUSC-prelim-title42-section282,official_olrc_current_section_page_fetched,200,f29dce445b3548fa8543b5d6c78362644816cd89779611f79d3e8db7175bc9d4,323312,§282. Director of National Institutes of Health,2,current_page_mentions_public_law,2,39b2dfb4e53e864fafb7b5118f49cf5e63e95117fc25fc608de27a4ebaf81c65,5bfa7e79d109cf10a0cdf0197594ca4c29aee11dc532643aed7116c58835515f,reviewed_current_effective_text_source_with_public_law_note,1,official_olrc_current_us_code_page; official_olrc_current_public_law_note_scan; source_reviewed_target_section_diff,Official OLRC current U.S. Code page was fetched and its current text mentions the queued public law; public-law causation remains separately unreviewed.,not_reviewed_for_exclusive_public_law_causation,"Effective-text review is limited to official OLRC current source availability, current text hash/byte metadata, and current public-law note presence. It does not assign exclusive public-law causation.",statutory_lineage_source_reviewed_target_section_diff; official_olrc_annual_us_code_text_diff; official_olrc_current_us_code_page; statutory_lineage_effective_text_source_review,complete_codified_usc_lineage_review; public_law_causal_attribution; implementation_outcomes; direct_target_section_court_review; welfare_or_public_benefit; model_validation,"Law-revision effective-text source review only. Rows confirm official OLRC current U.S. Code source availability and current public-law note presence for source-reviewed target-section diff rows. This artifact does not establish exclusive public-law causal attribution, complete codified lineage, implementation outcomes, direct target-section court review, welfare evidence, causal effects, or model validation."
19,19,23,23,117-hr-6833,117-180,2022-09-30,18 USC 3551 note,direct_us_code_reference,18,3551,amended_existing_target_section,reviewed_pre_post_target_section_diff,1,2021,2022,https://uscode.house.gov/view.xhtml?edition=2021&num=0&req=granuleid%3AUSC-2021-title18-section3551,https://uscode.house.gov/view.xhtml?edition=2022&num=0&req=granuleid%3AUSC-2022-title18-section3551,https://uscode.house.gov/view.xhtml?edition=prelim&num=0&req=granuleid%3AUSC-prelim-title18-section3551,official_olrc_current_section_page_fetched,200,3cb6b60f55b671b79b72b2728047eaaca6c380274e79cc8109a00b5c9fa0ff50,199437,§3551. Authorized sentences,1,current_page_mentions_public_law,1,7110ab271c77099c3532c6b96cb8fa3ccd0f6b27c08c3162928c4b35509f20fa,910ac189f480c85da4d93c768f202cfd6376335578598952983906b641c8aaff,reviewed_current_effective_text_source_with_public_law_note,1,official_olrc_current_us_code_page; official_olrc_current_public_law_note_scan; source_reviewed_target_section_diff,Official OLRC current U.S. Code page was fetched and its current text mentions the queued public law; public-law causation remains separately unreviewed.,not_reviewed_for_exclusive_public_law_causation,"Effective-text review is limited to official OLRC current source availability, current text hash/byte metadata, and current public-law note presence. It does not assign exclusive public-law causation.",statutory_lineage_source_reviewed_target_section_diff; official_olrc_annual_us_code_text_diff; official_olrc_current_us_code_page; statutory_lineage_effective_text_source_review,complete_codified_usc_lineage_review; public_law_causal_attribution; implementation_outcomes; direct_target_section_court_review; welfare_or_public_benefit; model_validation,"Law-revision effective-text source review only. Rows confirm official OLRC current U.S. Code source availability and current public-law note presence for source-reviewed target-section diff rows. This artifact does not establish exclusive public-law causal attribution, complete codified lineage, implementation outcomes, direct target-section court review, welfare evidence, causal effects, or model validation."
20,20,24,24,117-hr-6833,117-180,2022-09-30,18 USC 1 note,direct_us_code_reference,18,1,amended_existing_target_section,reviewed_pre_post_target_section_diff,1,2021,2022,https://uscode.house.gov/view.xhtml?edition=2021&num=0&req=granuleid%3AUSC-2021-title18-section1,https://uscode.house.gov/view.xhtml?edition=2022&num=0&req=granuleid%3AUSC-2022-title18-section1,https://uscode.house.gov/view.xhtml?edition=prelim&num=0&req=granuleid%3AUSC-prelim-title18-section1,official_olrc_current_section_page_fetched,200,3a9d5ae0dbb39fd460c233811160e33ad4a28d6bdaca0f93d417102efe0ae128,249740,"§1. Repealed. Pub. L. 98-473, title II, §218",1,current_page_mentions_public_law,1,e8e3968131a556d76f8e2b1263708b7d0019818cab3a2b4b281d40e824b53aae,94b2a1bcf04610dab847aa92dfd7082f3ca0f35dc0bb07d73c3c7ec715b756aa,reviewed_current_effective_text_source_with_public_law_note,1,official_olrc_current_us_code_page; official_olrc_current_public_law_note_scan; source_reviewed_target_section_diff,Official OLRC current U.S. Code page was fetched and its current text mentions the queued public law; public-law causation remains separately unreviewed.,not_reviewed_for_exclusive_public_law_causation,"Effective-text review is limited to official OLRC current source availability, current text hash/byte metadata, and current public-law note presence. It does not assign exclusive public-law causation.",statutory_lineage_source_reviewed_target_section_diff; official_olrc_annual_us_code_text_diff; official_olrc_current_us_code_page; statutory_lineage_effective_text_source_review,complete_codified_usc_lineage_review; public_law_causal_attribution; implementation_outcomes; direct_target_section_court_review; welfare_or_public_benefit; model_validation,"Law-revision effective-text source review only. Rows confirm official OLRC current U.S. Code source availability and current public-law note presence for source-reviewed target-section diff rows. This artifact does not establish exclusive public-law causal attribution, complete codified lineage, implementation outcomes, direct target-section court review, welfare evidence, causal effects, or model validation."
21,21,25,25,117-hr-6833,117-180,2022-09-30,18 USC 3014(a),title_code_section_phrase,18,3014,amended_existing_target_section,reviewed_pre_post_target_section_diff,1,2021,2022,https://uscode.house.gov/view.xhtml?edition=2021&num=0&req=granuleid%3AUSC-2021-title18-section3014,https://uscode.house.gov/view.xhtml?edition=2022&num=0&req=granuleid%3AUSC-2022-title18-section3014,https://uscode.house.gov/view.xhtml?edition=prelim&num=0&req=granuleid%3AUSC-prelim-title18-section3014,official_olrc_current_section_page_fetched,200,9bb04fff3d97951bb85ffca99cecfe61d33c1c7cd151f78dccea40133aa9581b,193535,§3014. Additional special assessment,2,current_page_mentions_public_law,2,5eb9535644d54d03b944190ed2d9b25b14811a85e2e24453f6d924ed5ec5108b,6d9810a65cebc0321f416e0f41fe8af25b2e59dc8d7f79506baa4aa35e23fc2c,reviewed_current_effective_text_source_with_public_law_note,1,official_olrc_current_us_code_page; official_olrc_current_public_law_note_scan; source_reviewed_target_section_diff,Official OLRC current U.S. Code page was fetched and its current text mentions the queued public law; public-law causation remains separately unreviewed.,not_reviewed_for_exclusive_public_law_causation,"Effective-text review is limited to official OLRC current source availability, current text hash/byte metadata, and current public-law note presence. It does not assign exclusive public-law causation.",statutory_lineage_source_reviewed_target_section_diff; official_olrc_annual_us_code_text_diff; official_olrc_current_us_code_page; statutory_lineage_effective_text_source_review,complete_codified_usc_lineage_review; public_law_causal_attribution; implementation_outcomes; direct_target_section_court_review; welfare_or_public_benefit; model_validation,"Law-revision effective-text source review only. Rows confirm official OLRC current U.S. Code source availability and current public-law note presence for source-reviewed target-section diff rows. This artifact does not establish exclusive public-law causal attribution, complete codified lineage, implementation outcomes, direct target-section court review, welfare evidence, causal effects, or model validation."
22,22,28,28,117-hr-7776,117-263,2022-12-23,10 USC 101 note,direct_us_code_reference,10,101,amended_existing_target_section,reviewed_pre_post_target_section_diff,1,2021,2022,https://uscode.house.gov/view.xhtml?edition=2021&num=0&req=granuleid%3AUSC-2021-title10-section101,https://uscode.house.gov/view.xhtml?edition=2022&num=0&req=granuleid%3AUSC-2022-title10-section101,https://uscode.house.gov/view.xhtml?edition=prelim&num=0&req=granuleid%3AUSC-prelim-title10-section101,official_olrc_current_section_page_fetched,200,b5e89511b1b876fe00a3391ce3f637f391e61afdea4234c314767327eea6ab33,333465,§101. Definitions,3,current_page_mentions_public_law,3,0042f296fb5ee9bb5756fa84cb51d11b0825450c9d12b3b7544af2de9086a1ec,287d0d27291dc31458f9a7c509cc017d556b4847d4599a765039042dc1bd70bf,reviewed_current_effective_text_source_with_public_law_note,1,official_olrc_current_us_code_page; official_olrc_current_public_law_note_scan; source_reviewed_target_section_diff,Official OLRC current U.S. Code page was fetched and its current text mentions the queued public law; public-law causation remains separately unreviewed.,not_reviewed_for_exclusive_public_law_causation,"Effective-text review is limited to official OLRC current source availability, current text hash/byte metadata, and current public-law note presence. It does not assign exclusive public-law causation.",statutory_lineage_source_reviewed_target_section_diff; official_olrc_annual_us_code_text_diff; official_olrc_current_us_code_page; statutory_lineage_effective_text_source_review,complete_codified_usc_lineage_review; public_law_causal_attribution; implementation_outcomes; direct_target_section_court_review; welfare_or_public_benefit; model_validation,"Law-revision effective-text source review only. Rows confirm official OLRC current U.S. Code source availability and current public-law note presence for source-reviewed target-section diff rows. This artifact does not establish exclusive public-law causal attribution, complete codified lineage, implementation outcomes, direct target-section court review, welfare evidence, causal effects, or model validation."
23,23,29,29,117-hr-7776,117-263,2022-12-23,10 USC 8696,direct_us_code_reference,10,8696,added_target_section,reviewed_added_target_section_diff,1,2021,2022,https://uscode.house.gov/view.xhtml?edition=2021&num=0&req=granuleid%3AUSC-2021-title10-section8696,https://uscode.house.gov/view.xhtml?edition=2022&num=0&req=granuleid%3AUSC-2022-title10-section8696,https://uscode.house.gov/view.xhtml?edition=prelim&num=0&req=granuleid%3AUSC-prelim-title10-section8696,official_olrc_current_section_page_fetched,200,d577c96462a2b11bc65161d7dba484a5b80c877c412b29e9388aa9935c01afb3,152714,§8696. Navy shipbuilding workforce development special incentive,2,current_page_mentions_public_law,2,7d641292e606ea628de81f96717988db7562a0f46dcea58db5884c59b05272b1,7742772510a2a83584f92b5c61cc73ea04d36e7f41236093263ade0b1fb88e1b,reviewed_current_effective_text_source_with_public_law_note,1,official_olrc_current_us_code_page; official_olrc_current_public_law_note_scan; source_reviewed_target_section_diff,Official OLRC current U.S. Code page was fetched and its current text mentions the queued public law; public-law causation remains separately unreviewed.,not_reviewed_for_exclusive_public_law_causation,"Effective-text review is limited to official OLRC current source availability, current text hash/byte metadata, and current public-law note presence. It does not assign exclusive public-law causation.",statutory_lineage_source_reviewed_target_section_diff; official_olrc_annual_us_code_text_diff; official_olrc_current_us_code_page; statutory_lineage_effective_text_source_review,complete_codified_usc_lineage_review; public_law_causal_attribution; implementation_outcomes; direct_target_section_court_review; welfare_or_public_benefit; model_validation,"Law-revision effective-text source review only. Rows confirm official OLRC current U.S. Code source availability and current public-law note presence for source-reviewed target-section diff rows. This artifact does not establish exclusive public-law causal attribution, complete codified lineage, implementation outcomes, direct target-section court review, welfare evidence, causal effects, or model validation."
24,24,31,31,117-hr-7776,117-263,2022-12-23,10 USC 8696 note,direct_us_code_reference,10,8696,added_target_section_with_effective_date_note,reviewed_added_target_section_diff,1,2021,2022,https://uscode.house.gov/view.xhtml?edition=2021&num=0&req=granuleid%3AUSC-2021-title10-section8696,https://uscode.house.gov/view.xhtml?edition=2022&num=0&req=granuleid%3AUSC-2022-title10-section8696,https://uscode.house.gov/view.xhtml?edition=prelim&num=0&req=granuleid%3AUSC-prelim-title10-section8696,official_olrc_current_section_page_fetched,200,28bcd7ce821c1b4dac1a424d16529f25385ee9da60ecce94e56debf74e31d393,152674,§8696. Navy shipbuilding workforce development special incentive,2,current_page_mentions_public_law,2,7d641292e606ea628de81f96717988db7562a0f46dcea58db5884c59b05272b1,7742772510a2a83584f92b5c61cc73ea04d36e7f41236093263ade0b1fb88e1b,reviewed_current_effective_text_source_with_public_law_note,1,official_olrc_current_us_code_page; official_olrc_current_public_law_note_scan; source_reviewed_target_section_diff,Official OLRC current U.S. Code page was fetched and its current text mentions the queued public law; public-law causation remains separately unreviewed.,not_reviewed_for_exclusive_public_law_causation,"Effective-text review is limited to official OLRC current source availability, current text hash/byte metadata, and current public-law note presence. It does not assign exclusive public-law causation.",statutory_lineage_source_reviewed_target_section_diff; official_olrc_annual_us_code_text_diff; official_olrc_current_us_code_page; statutory_lineage_effective_text_source_review,complete_codified_usc_lineage_review; public_law_causal_attribution; implementation_outcomes; direct_target_section_court_review; welfare_or_public_benefit; model_validation,"Law-revision effective-text source review only. Rows confirm official OLRC current U.S. Code source availability and current public-law note presence for source-reviewed target-section diff rows. This artifact does not establish exclusive public-law causal attribution, complete codified lineage, implementation outcomes, direct target-section court review, welfare evidence, causal effects, or model validation."
25,25,32,32,117-hr-7776,117-263,2022-12-23,10 USC 9062(j),title_code_section_phrase,10,9062,amended_existing_target_section,reviewed_pre_post_target_section_diff,1,2021,2022,https://uscode.house.gov/view.xhtml?edition=2021&num=0&req=granuleid%3AUSC-2021-title10-section9062,https://uscode.house.gov/view.xhtml?edition=2022&num=0&req=granuleid%3AUSC-2022-title10-section9062,https://uscode.house.gov/view.xhtml?edition=prelim&num=0&req=granuleid%3AUSC-prelim-title10-section9062,official_olrc_current_section_page_fetched,200,d00f566214bf7aaf2251bdafef6976278a686978711c4ca1eff3154b77584d36,210149,§9062. Policy; composition; aircraft authorization,7,current_page_mentions_public_law,3,6a67ce1e69ec1d4254d555a1fc8748a56b0d196e4b33b77851369545f397ea2d,286312a5ed4cd4ac7a8c9bab1a76e07734628094b39196e64b732f92cb3210ce,reviewed_current_effective_text_source_with_public_law_note,1,official_olrc_current_us_code_page; official_olrc_current_public_law_note_scan; source_reviewed_target_section_diff,Official OLRC current U.S. Code page was fetched and its current text mentions the queued public law; public-law causation remains separately unreviewed.,not_reviewed_for_exclusive_public_law_causation,"Effective-text review is limited to official OLRC current source availability, current text hash/byte metadata, and current public-law note presence. It does not assign exclusive public-law causation.",statutory_lineage_source_reviewed_target_section_diff; official_olrc_annual_us_code_text_diff; official_olrc_current_us_code_page; statutory_lineage_effective_text_source_review,complete_codified_usc_lineage_review; public_law_causal_attribution; implementation_outcomes; direct_target_section_court_review; welfare_or_public_benefit; model_validation,"Law-revision effective-text source review only. Rows confirm official OLRC current U.S. Code source availability and current public-law note presence for source-reviewed target-section diff rows. This artifact does not establish exclusive public-law causal attribution, complete codified lineage, implementation outcomes, direct target-section court review, welfare evidence, causal effects, or model validation."
26,26,33,33,117-hr-6604,117-297,2022-12-27,38 USC 101 note,direct_us_code_reference,38,101,amended_existing_target_section,reviewed_pre_post_target_section_diff,1,2021,2022,https://uscode.house.gov/view.xhtml?edition=2021&num=0&req=granuleid%3AUSC-2021-title38-section101,https://uscode.house.gov/view.xhtml?edition=2022&num=0&req=granuleid%3AUSC-2022-title38-section101,https://uscode.house.gov/view.xhtml?edition=prelim&num=0&req=granuleid%3AUSC-prelim-title38-section101,official_olrc_current_section_page_fetched,200,021e1431b30dab6a5d609c7adb87aeb48ac26040f2a191bc0035e77d9420a00b,523176,§101. Definitions For the purposes of this title-,1,current_page_mentions_public_law,1,d1a50ec444e2ff7786ac1f76ed83b62c1c6fc0691d805c023289a4daec8ddf60,c461038f546f0c6e1923ece7540de92d84118ac06c8757f016e56776700876d9,reviewed_current_effective_text_source_with_public_law_note,1,official_olrc_current_us_code_page; official_olrc_current_public_law_note_scan; source_reviewed_target_section_diff,Official OLRC current U.S. Code page was fetched and its current text mentions the queued public law; public-law causation remains separately unreviewed.,not_reviewed_for_exclusive_public_law_causation,"Effective-text review is limited to official OLRC current source availability, current text hash/byte metadata, and current public-law note presence. It does not assign exclusive public-law causation.",statutory_lineage_source_reviewed_target_section_diff; official_olrc_annual_us_code_text_diff; official_olrc_current_us_code_page; statutory_lineage_effective_text_source_review,complete_codified_usc_lineage_review; public_law_causal_attribution; implementation_outcomes; direct_target_section_court_review; welfare_or_public_benefit; model_validation,"Law-revision effective-text source review only. Rows confirm official OLRC current U.S. Code source availability and current public-law note presence for source-reviewed target-section diff rows. This artifact does not establish exclusive public-law causal attribution, complete codified lineage, implementation outcomes, direct target-section court review, welfare evidence, causal effects, or model validation."
27,27,34,34,117-hr-6604,117-297,2022-12-27,38 USC 3319(e),title_code_section_phrase,38,3319,amended_existing_target_section,reviewed_pre_post_target_section_diff,1,2021,2022,https://uscode.house.gov/view.xhtml?edition=2021&num=0&req=granuleid%3AUSC-2021-title38-section3319,https://uscode.house.gov/view.xhtml?edition=2022&num=0&req=granuleid%3AUSC-2022-title38-section3319,https://uscode.house.gov/view.xhtml?edition=prelim&num=0&req=granuleid%3AUSC-prelim-title38-section3319,official_olrc_current_section_page_fetched,200,11050cf0a173fc2aa03bedbbe9c995fd70c39ebf9cb18ff90ed0b65945636079,182951,§3319. Authority to transfer unused education benefits to family members,2,current_page_mentions_public_law,2,03567141926bb6c13a91a376183ade3ef4a2bc25671f3b13c031235b683506e9,1d081219f61c463d6f59c9e1194f342375ca99003a90ae08ffc86d1ab3db0e65,reviewed_current_effective_text_source_with_public_law_note,1,official_olrc_current_us_code_page; official_olrc_current_public_law_note_scan; source_reviewed_target_section_diff,Official OLRC current U.S. Code page was fetched and its current text mentions the queued public law; public-law causation remains separately unreviewed.,not_reviewed_for_exclusive_public_law_causation,"Effective-text review is limited to official OLRC current source availability, current text hash/byte metadata, and current public-law note presence. It does not assign exclusive public-law causation.",statutory_lineage_source_reviewed_target_section_diff; official_olrc_annual_us_code_text_diff; official_olrc_current_us_code_page; statutory_lineage_effective_text_source_review,complete_codified_usc_lineage_review; public_law_causal_attribution; implementation_outcomes; direct_target_section_court_review; welfare_or_public_benefit; model_validation,"Law-revision effective-text source review only. Rows confirm official OLRC current U.S. Code source availability and current public-law note presence for source-reviewed target-section diff rows. This artifact does not establish exclusive public-law causal attribution, complete codified lineage, implementation outcomes, direct target-section court review, welfare evidence, causal effects, or model validation."
28,28,35,35,117-hr-6604,117-297,2022-12-27,38 USC 3699(c)(2)(A),title_code_section_phrase,38,3699,amended_existing_target_section,reviewed_pre_post_target_section_diff,1,2021,2022,https://uscode.house.gov/view.xhtml?edition=2021&num=0&req=granuleid%3AUSC-2021-title38-section3699,https://uscode.house.gov/view.xhtml?edition=2022&num=0&req=granuleid%3AUSC-2022-title38-section3699,https://uscode.house.gov/view.xhtml?edition=prelim&num=0&req=granuleid%3AUSC-prelim-title38-section3699,official_olrc_current_section_page_fetched,200,a1037cf75160aa5b28af357f3d0f008f198ea0c7ce1623617bce47e45286fe85,171543,§3699. Effects of closure or disapproval of educational institution,2,current_page_mentions_public_law,2,b85ae0cf49ed594405ea39d6991f9e086f2911cb82d4207f574fa8dfc0e482ef,40cb5350d86bb0e0579fda6854264aaa72dc4e6d913484ab0ffd203403c96119,reviewed_current_effective_text_source_with_public_law_note,1,official_olrc_current_us_code_page; official_olrc_current_public_law_note_scan; source_reviewed_target_section_diff,Official OLRC current U.S. Code page was fetched and its current text mentions the queued public law; public-law causation remains separately unreviewed.,not_reviewed_for_exclusive_public_law_causation,"Effective-text review is limited to official OLRC current source availability, current text hash/byte metadata, and current public-law note presence. It does not assign exclusive public-law causation.",statutory_lineage_source_reviewed_target_section_diff; official_olrc_annual_us_code_text_diff; official_olrc_current_us_code_page; statutory_lineage_effective_text_source_review,complete_codified_usc_lineage_review; public_law_causal_attribution; implementation_outcomes; direct_target_section_court_review; welfare_or_public_benefit; model_validation,"Law-revision effective-text source review only. Rows confirm official OLRC current U.S. Code source availability and current public-law note presence for source-reviewed target-section diff rows. This artifact does not establish exclusive public-law causal attribution, complete codified lineage, implementation outcomes, direct target-section court review, welfare evidence, causal effects, or model validation."
29,29,36,36,117-hr-7132,117-223,2022-12-07,47 USC 345 note,direct_us_code_reference,47,345,added_target_section_with_effective_date_note,reviewed_added_target_section_diff,1,2021,2022,https://uscode.house.gov/view.xhtml?edition=2021&num=0&req=granuleid%3AUSC-2021-title47-section345,https://uscode.house.gov/view.xhtml?edition=2022&num=0&req=granuleid%3AUSC-2022-title47-section345,https://uscode.house.gov/view.xhtml?edition=prelim&num=0&req=granuleid%3AUSC-prelim-title47-section345,official_olrc_current_section_page_fetched,200,c9de5b8911b30ae78a7a7a8d3328543ba34199cfeaec1f9adfab660cb7ef261c,180606,"§345. Protection of survivors of domestic violence, human trafficking, and related crimes",7,current_page_mentions_public_law,3,7d641292e606ea628de81f96717988db7562a0f46dcea58db5884c59b05272b1,b798c8c028cee714b62ffc252e97203568815b2f8739636a45d7b2e54d4cc4d6,reviewed_current_effective_text_source_with_public_law_note,1,official_olrc_current_us_code_page; official_olrc_current_public_law_note_scan; source_reviewed_target_section_diff,Official OLRC current U.S. Code page was fetched and its current text mentions the queued public law; public-law causation remains separately unreviewed.,not_reviewed_for_exclusive_public_law_causation,"Effective-text review is limited to official OLRC current source availability, current text hash/byte metadata, and current public-law note presence. It does not assign exclusive public-law causation.",statutory_lineage_source_reviewed_target_section_diff; official_olrc_annual_us_code_text_diff; official_olrc_current_us_code_page; statutory_lineage_effective_text_source_review,complete_codified_usc_lineage_review; public_law_causal_attribution; implementation_outcomes; direct_target_section_court_review; welfare_or_public_benefit; model_validation,"Law-revision effective-text source review only. Rows confirm official OLRC current U.S. Code source availability and current public-law note presence for source-reviewed target-section diff rows. This artifact does not establish exclusive public-law causal attribution, complete codified lineage, implementation outcomes, direct target-section court review, welfare evidence, causal effects, or model validation."
30,30,37,37,117-hr-7132,117-223,2022-12-07,47 USC 345,direct_us_code_reference,47,345,added_target_section,reviewed_added_target_section_diff,1,2021,2022,https://uscode.house.gov/view.xhtml?edition=2021&num=0&req=granuleid%3AUSC-2021-title47-section345,https://uscode.house.gov/view.xhtml?edition=2022&num=0&req=granuleid%3AUSC-2022-title47-section345,https://uscode.house.gov/view.xhtml?edition=prelim&num=0&req=granuleid%3AUSC-prelim-title47-section345,official_olrc_current_section_page_fetched,200,f464aca503ceee69e4f20c548128478d33fec5648ea1d6afcefbbac943117cc0,180686,"§345. Protection of survivors of domestic violence, human trafficking, and related crimes",7,current_page_mentions_public_law,3,7d641292e606ea628de81f96717988db7562a0f46dcea58db5884c59b05272b1,b798c8c028cee714b62ffc252e97203568815b2f8739636a45d7b2e54d4cc4d6,reviewed_current_effective_text_source_with_public_law_note,1,official_olrc_current_us_code_page; official_olrc_current_public_law_note_scan; source_reviewed_target_section_diff,Official OLRC current U.S. Code page was fetched and its current text mentions the queued public law; public-law causation remains separately unreviewed.,not_reviewed_for_exclusive_public_law_causation,"Effective-text review is limited to official OLRC current source availability, current text hash/byte metadata, and current public-law note presence. It does not assign exclusive public-law causation.",statutory_lineage_source_reviewed_target_section_diff; official_olrc_annual_us_code_text_diff; official_olrc_current_us_code_page; statutory_lineage_effective_text_source_review,complete_codified_usc_lineage_review; public_law_causal_attribution; implementation_outcomes; direct_target_section_court_review; welfare_or_public_benefit; model_validation,"Law-revision effective-text source review only. Rows confirm official OLRC current U.S. Code source availability and current public-law note presence for source-reviewed target-section diff rows. This artifact does not establish exclusive public-law causal attribution, complete codified lineage, implementation outcomes, direct target-section court review, welfare evidence, causal effects, or model validation."
31,31,38,38,117-hr-7132,117-223,2022-12-07,47 USC 609 note,direct_us_code_reference,47,609,amended_existing_target_section,reviewed_pre_post_target_section_diff,1,2021,2022,https://uscode.house.gov/view.xhtml?edition=2021&num=0&req=granuleid%3AUSC-2021-title47-section609,https://uscode.house.gov/view.xhtml?edition=2022&num=0&req=granuleid%3AUSC-2022-title47-section609,https://uscode.house.gov/view.xhtml?edition=prelim&num=0&req=granuleid%3AUSC-prelim-title47-section609,official_olrc_current_section_page_fetched,200,307c26db67eac5553dfab41f1bd0b9cfc3c969224817b0bd4fd9dc8f58508ed9,219274,"§609. Short title This chapter may be cited as the ""Communications Act of 1934.""",1,current_page_mentions_public_law,1,165d9d51e520d0216f31b0586268169651b24297eca8257975a1028f07af8cad,8f42f7917b1fee70813fd5ef2e56623f3d0c6d2207d844173b053189da80a9ac,reviewed_current_effective_text_source_with_public_law_note,1,official_olrc_current_us_code_page; official_olrc_current_public_law_note_scan; source_reviewed_target_section_diff,Official OLRC current U.S. Code page was fetched and its current text mentions the queued public law; public-law causation remains separately unreviewed.,not_reviewed_for_exclusive_public_law_causation,"Effective-text review is limited to official OLRC current source availability, current text hash/byte metadata, and current public-law note presence. It does not assign exclusive public-law causation.",statutory_lineage_source_reviewed_target_section_diff; official_olrc_annual_us_code_text_diff; official_olrc_current_us_code_page; statutory_lineage_effective_text_source_review,complete_codified_usc_lineage_review; public_law_causal_attribution; implementation_outcomes; direct_target_section_court_review; welfare_or_public_benefit; model_validation,"Law-revision effective-text source review only. Rows confirm official OLRC current U.S. Code source availability and current public-law note presence for source-reviewed target-section diff rows. This artifact does not establish exclusive public-law causal attribution, complete codified lineage, implementation outcomes, direct target-section court review, welfare evidence, causal effects, or model validation."
32,32,39,39,117-s-3373,117-168,2022-08-10,38 USC 1710,direct_us_code_reference,38,1710,amended_existing_target_section,reviewed_pre_post_target_section_diff,1,2021,2022,https://uscode.house.gov/view.xhtml?edition=2021&num=0&req=granuleid%3AUSC-2021-title38-section1710,https://uscode.house.gov/view.xhtml?edition=2022&num=0&req=granuleid%3AUSC-2022-title38-section1710,https://uscode.house.gov/view.xhtml?edition=prelim&num=0&req=granuleid%3AUSC-prelim-title38-section1710,official_olrc_current_section_page_fetched,200,7775937d1badec4e210af7533483a57207b30a5dfded8756c931f52bffabc126,369828,"§1710. Eligibility for hospital, nursing home, and domiciliary care",15,current_page_mentions_public_law,3,d041751a0bfda28bf4c6e2bd8a419c91d8572fee9eae0b759f422a8be2d35500,3c0b90f0edd51a23e43df074a2d0622b025379cd0ad8c2d1df4eefc65c6f2fd3,reviewed_current_effective_text_source_with_public_law_note,1,official_olrc_current_us_code_page; official_olrc_current_public_law_note_scan; source_reviewed_target_section_diff,Official OLRC current U.S. Code page was fetched and its current text mentions the queued public law; public-law causation remains separately unreviewed.,not_reviewed_for_exclusive_public_law_causation,"Effective-text review is limited to official OLRC current source availability, current text hash/byte metadata, and current public-law note presence. It does not assign exclusive public-law causation.",statutory_lineage_source_reviewed_target_section_diff; official_olrc_annual_us_code_text_diff; official_olrc_current_us_code_page; statutory_lineage_effective_text_source_review,complete_codified_usc_lineage_review; public_law_causal_attribution; implementation_outcomes; direct_target_section_court_review; welfare_or_public_benefit; model_validation,"Law-revision effective-text source review only. Rows confirm official OLRC current U.S. Code source availability and current public-law note presence for source-reviewed target-section diff rows. This artifact does not establish exclusive public-law causal attribution, complete codified lineage, implementation outcomes, direct target-section court review, welfare evidence, causal effects, or model validation."
33,33,40,40,117-s-3373,117-168,2022-08-10,38 USC 101 note,direct_us_code_reference,38,101,amended_existing_target_section,reviewed_pre_post_target_section_diff,1,2021,2022,https://uscode.house.gov/view.xhtml?edition=2021&num=0&req=granuleid%3AUSC-2021-title38-section101,https://uscode.house.gov/view.xhtml?edition=2022&num=0&req=granuleid%3AUSC-2022-title38-section101,https://uscode.house.gov/view.xhtml?edition=prelim&num=0&req=granuleid%3AUSC-prelim-title38-section101,official_olrc_current_section_page_fetched,200,37eef5f92d1591ef54b0c178c63f2337cfd4bcbbf9332def0cd199bdc3fcaa53,523096,§101. Definitions For the purposes of this title-,14,current_page_mentions_public_law,3,d1a50ec444e2ff7786ac1f76ed83b62c1c6fc0691d805c023289a4daec8ddf60,c461038f546f0c6e1923ece7540de92d84118ac06c8757f016e56776700876d9,reviewed_current_effective_text_source_with_public_law_note,1,official_olrc_current_us_code_page; official_olrc_current_public_law_note_scan; source_reviewed_target_section_diff,Official OLRC current U.S. Code page was fetched and its current text mentions the queued public law; public-law causation remains separately unreviewed.,not_reviewed_for_exclusive_public_law_causation,"Effective-text review is limited to official OLRC current source availability, current text hash/byte metadata, and current public-law note presence. It does not assign exclusive public-law causation.",statutory_lineage_source_reviewed_target_section_diff; official_olrc_annual_us_code_text_diff; official_olrc_current_us_code_page; statutory_lineage_effective_text_source_review,complete_codified_usc_lineage_review; public_law_causal_attribution; implementation_outcomes; direct_target_section_court_review; welfare_or_public_benefit; model_validation,"Law-revision effective-text source review only. Rows confirm official OLRC current U.S. Code source availability and current public-law note presence for source-reviewed target-section diff rows. This artifact does not establish exclusive public-law causal attribution, complete codified lineage, implementation outcomes, direct target-section court review, welfare evidence, causal effects, or model validation."
34,34,41,41,117-s-3373,117-168,2022-08-10,38 USC 1171,direct_us_code_reference,38,1171,added_target_section,reviewed_added_target_section_diff,1,2021,2022,https://uscode.house.gov/view.xhtml?edition=2021&num=0&req=granuleid%3AUSC-2021-title38-section1171,https://uscode.house.gov/view.xhtml?edition=2022&num=0&req=granuleid%3AUSC-2022-title38-section1171,https://uscode.house.gov/view.xhtml?edition=prelim&num=0&req=granuleid%3AUSC-prelim-title38-section1171,official_olrc_current_section_page_fetched,200,b3fc9c814b6ab4517ceff92f21eae80be38d52da4637cca0ab8e8c26e0573c6b,149758,§1171. Procedures to determine presumptions of service connection based on toxic exposure; definitions,2,current_page_mentions_public_law,2,7d641292e606ea628de81f96717988db7562a0f46dcea58db5884c59b05272b1,38d966a0823e80adcea4fcdd6e1b437995ef2f36698e4bbf0e7d9f3bc698910a,reviewed_current_effective_text_source_with_public_law_note,1,official_olrc_current_us_code_page; official_olrc_current_public_law_note_scan; source_reviewed_target_section_diff,Official OLRC current U.S. Code page was fetched and its current text mentions the queued public law; public-law causation remains separately unreviewed.,not_reviewed_for_exclusive_public_law_causation,"Effective-text review is limited to official OLRC current source availability, current text hash/byte metadata, and current public-law note presence. It does not assign exclusive public-law causation.",statutory_lineage_source_reviewed_target_section_diff; official_olrc_annual_us_code_text_diff; official_olrc_current_us_code_page; statutory_lineage_effective_text_source_review,complete_codified_usc_lineage_review; public_law_causal_attribution; implementation_outcomes; direct_target_section_court_review; welfare_or_public_benefit; model_validation,"Law-revision effective-text source review only. Rows confirm official OLRC current U.S. Code source availability and current public-law note presence for source-reviewed target-section diff rows. This artifact does not establish exclusive public-law causal attribution, complete codified lineage, implementation outcomes, direct target-section court review, welfare evidence, causal effects, or model validation."
35,35,42,42,117-s-3373,117-168,2022-08-10,38 USC 1710 note,direct_us_code_reference,38,1710,amended_existing_target_section_with_effective_date_note,reviewed_pre_post_target_section_diff,1,2021,2022,https://uscode.house.gov/view.xhtml?edition=2021&num=0&req=granuleid%3AUSC-2021-title38-section1710,https://uscode.house.gov/view.xhtml?edition=2022&num=0&req=granuleid%3AUSC-2022-title38-section1710,https://uscode.house.gov/view.xhtml?edition=prelim&num=0&req=granuleid%3AUSC-prelim-title38-section1710,official_olrc_current_section_page_fetched,200,8e7ffa7aeca28430c60270ff6d88cd63b20a7ec7527c1b904f92aeb396479534,369728,"§1710. Eligibility for hospital, nursing home, and domiciliary care",15,current_page_mentions_public_law,3,d041751a0bfda28bf4c6e2bd8a419c91d8572fee9eae0b759f422a8be2d35500,3c0b90f0edd51a23e43df074a2d0622b025379cd0ad8c2d1df4eefc65c6f2fd3,reviewed_current_effective_text_source_with_public_law_note,1,official_olrc_current_us_code_page; official_olrc_current_public_law_note_scan; source_reviewed_target_section_diff,Official OLRC current U.S. Code page was fetched and its current text mentions the queued public law; public-law causation remains separately unreviewed.,not_reviewed_for_exclusive_public_law_causation,"Effective-text review is limited to official OLRC current source availability, current text hash/byte metadata, and current public-law note presence. It does not assign exclusive public-law causation.",statutory_lineage_source_reviewed_target_section_diff; official_olrc_annual_us_code_text_diff; official_olrc_current_us_code_page; statutory_lineage_effective_text_source_review,complete_codified_usc_lineage_review; public_law_causal_attribution; implementation_outcomes; direct_target_section_court_review; welfare_or_public_benefit; model_validation,"Law-revision effective-text source review only. Rows confirm official OLRC current U.S. Code source availability and current public-law note presence for source-reviewed target-section diff rows. This artifact does not establish exclusive public-law causal attribution, complete codified lineage, implementation outcomes, direct target-section court review, welfare evidence, causal effects, or model validation."
36,36,43,43,117-s-3373,117-168,2022-08-10,38 USC 1116,direct_us_code_reference,38,1116,amended_existing_target_section,reviewed_pre_post_target_section_diff,1,2021,2022,https://uscode.house.gov/view.xhtml?edition=2021&num=0&req=granuleid%3AUSC-2021-title38-section1116,https://uscode.house.gov/view.xhtml?edition=2022&num=0&req=granuleid%3AUSC-2022-title38-section1116,https://uscode.house.gov/view.xhtml?edition=prelim&num=0&req=granuleid%3AUSC-prelim-title38-section1116,official_olrc_current_section_page_fetched,200,16f2465c66a62a77bd923d15eae8cb20eb76fa2bd696b12690b41d4c59467e98,242532,§1116. Presumptions of service connection for diseases associated with exposure to certain herbicide agents; presumption of exposure for veterans who served in certain locations,15,current_page_mentions_public_law,3,f7f8ed984250ca7427d7e05a43d079894a5d9443b85e6232358be7da2092cb8e,ccdd434c43c2468fe3343abe611b98c360cbb1cfcd830c1a7b322533dea50113,reviewed_current_effective_text_source_with_public_law_note,1,official_olrc_current_us_code_page; official_olrc_current_public_law_note_scan; source_reviewed_target_section_diff,Official OLRC current U.S. Code page was fetched and its current text mentions the queued public law; public-law causation remains separately unreviewed.,not_reviewed_for_exclusive_public_law_causation,"Effective-text review is limited to official OLRC current source availability, current text hash/byte metadata, and current public-law note presence. It does not assign exclusive public-law causation.",statutory_lineage_source_reviewed_target_section_diff; official_olrc_annual_us_code_text_diff; official_olrc_current_us_code_page; statutory_lineage_effective_text_source_review,complete_codified_usc_lineage_review; public_law_causal_attribution; implementation_outcomes; direct_target_section_court_review; welfare_or_public_benefit; model_validation,"Law-revision effective-text source review only. Rows confirm official OLRC current U.S. Code source availability and current public-law note presence for source-reviewed target-section diff rows. This artifact does not establish exclusive public-law causal attribution, complete codified lineage, implementation outcomes, direct target-section court review, welfare evidence, causal effects, or model validation."
37,37,44,44,117-s-3373,117-168,2022-08-10,38 USC 1172,direct_us_code_reference,38,1172,added_target_section,reviewed_added_target_section_diff,1,2021,2022,https://uscode.house.gov/view.xhtml?edition=2021&num=0&req=granuleid%3AUSC-2021-title38-section1172,https://uscode.house.gov/view.xhtml?edition=2022&num=0&req=granuleid%3AUSC-2022-title38-section1172,https://uscode.house.gov/view.xhtml?edition=prelim&num=0&req=granuleid%3AUSC-prelim-title38-section1172,official_olrc_current_section_page_fetched,200,67329ada45583894f4617c5a5ba6344c671e9132c1e9f406249697caba263456,149927,§1172. Annual notice and opportunity for public comment,1,current_page_mentions_public_law,1,7d641292e606ea628de81f96717988db7562a0f46dcea58db5884c59b05272b1,8f1287ae32354a6db173c92d3616417049a6ef6dd279609aa8ac0eb4f036f8b0,reviewed_current_effective_text_source_with_public_law_note,1,official_olrc_current_us_code_page; official_olrc_current_public_law_note_scan; source_reviewed_target_section_diff,Official OLRC current U.S. Code page was fetched and its current text mentions the queued public law; public-law causation remains separately unreviewed.,not_reviewed_for_exclusive_public_law_causation,"Effective-text review is limited to official OLRC current source availability, current text hash/byte metadata, and current public-law note presence. It does not assign exclusive public-law causation.",statutory_lineage_source_reviewed_target_section_diff; official_olrc_annual_us_code_text_diff; official_olrc_current_us_code_page; statutory_lineage_effective_text_source_review,complete_codified_usc_lineage_review; public_law_causal_attribution; implementation_outcomes; direct_target_section_court_review; welfare_or_public_benefit; model_validation,"Law-revision effective-text source review only. Rows confirm official OLRC current U.S. Code source availability and current public-law note presence for source-reviewed target-section diff rows. This artifact does not establish exclusive public-law causal attribution, complete codified lineage, implementation outcomes, direct target-section court review, welfare evidence, causal effects, or model validation."
38,38,45,45,117-s-3373,117-168,2022-08-10,38 USC 1173,direct_us_code_reference,38,1173,added_target_section,reviewed_added_target_section_diff,1,2021,2022,https://uscode.house.gov/view.xhtml?edition=2021&num=0&req=granuleid%3AUSC-2021-title38-section1173,https://uscode.house.gov/view.xhtml?edition=2022&num=0&req=granuleid%3AUSC-2022-title38-section1173,https://uscode.house.gov/view.xhtml?edition=prelim&num=0&req=granuleid%3AUSC-prelim-title38-section1173,official_olrc_current_section_page_fetched,200,4759275c77bed32f45232af7e1ad2cb20b2004b97be4ee7d748e980b0af97785,147213,§1173. Formal evaluation of recommendations,1,current_page_mentions_public_law,1,7d641292e606ea628de81f96717988db7562a0f46dcea58db5884c59b05272b1,23be9137aabb2e3915efbb52464f5bba69bcc32a2833f58f43aad3bb6bd81d06,reviewed_current_effective_text_source_with_public_law_note,1,official_olrc_current_us_code_page; official_olrc_current_public_law_note_scan; source_reviewed_target_section_diff,Official OLRC current U.S. Code page was fetched and its current text mentions the queued public law; public-law causation remains separately unreviewed.,not_reviewed_for_exclusive_public_law_causation,"Effective-text review is limited to official OLRC current source availability, current text hash/byte metadata, and current public-law note presence. It does not assign exclusive public-law causation.",statutory_lineage_source_reviewed_target_section_diff; official_olrc_annual_us_code_text_diff; official_olrc_current_us_code_page; statutory_lineage_effective_text_source_review,complete_codified_usc_lineage_review; public_law_causal_attribution; implementation_outcomes; direct_target_section_court_review; welfare_or_public_benefit; model_validation,"Law-revision effective-text source review only. Rows confirm official OLRC current U.S. Code source availability and current public-law note presence for source-reviewed target-section diff rows. This artifact does not establish exclusive public-law causal attribution, complete codified lineage, implementation outcomes, direct target-section court review, welfare evidence, causal effects, or model validation."
39,39,46,46,117-s-3373,117-168,2022-08-10,38 USC 1174,direct_us_code_reference,38,1174,added_target_section,reviewed_added_target_section_diff,1,2021,2022,https://uscode.house.gov/view.xhtml?edition=2021&num=0&req=granuleid%3AUSC-2021-title38-section1174,https://uscode.house.gov/view.xhtml?edition=2022&num=0&req=granuleid%3AUSC-2022-title38-section1174,https://uscode.house.gov/view.xhtml?edition=prelim&num=0&req=granuleid%3AUSC-prelim-title38-section1174,official_olrc_current_section_page_fetched,200,e88a6d99531037f1238cec6449bc360f1c201d860d4cf5aa0a93e87d43c05328,148358,§1174. Regulations regarding presumptions of service connection based on toxic exposure,2,current_page_mentions_public_law,2,7d641292e606ea628de81f96717988db7562a0f46dcea58db5884c59b05272b1,25e5cf7d096cbc32b1b22e2baacba102e34a9984854f75615a32cb9a0c4962b4,reviewed_current_effective_text_source_with_public_law_note,1,official_olrc_current_us_code_page; official_olrc_current_public_law_note_scan; source_reviewed_target_section_diff,Official OLRC current U.S. Code page was fetched and its current text mentions the queued public law; public-law causation remains separately unreviewed.,not_reviewed_for_exclusive_public_law_causation,"Effective-text review is limited to official OLRC current source availability, current text hash/byte metadata, and current public-law note presence. It does not assign exclusive public-law causation.",statutory_lineage_source_reviewed_target_section_diff; official_olrc_annual_us_code_text_diff; official_olrc_current_us_code_page; statutory_lineage_effective_text_source_review,complete_codified_usc_lineage_review; public_law_causal_attribution; implementation_outcomes; direct_target_section_court_review; welfare_or_public_benefit; model_validation,"Law-revision effective-text source review only. Rows confirm official OLRC current U.S. Code source availability and current public-law note presence for source-reviewed target-section diff rows. This artifact does not establish exclusive public-law causal attribution, complete codified lineage, implementation outcomes, direct target-section court review, welfare evidence, causal effects, or model validation."
40,40,47,47,117-s-3373,117-168,2022-08-10,38 USC 1175,direct_us_code_reference,38,1175,added_target_section,reviewed_added_target_section_diff,1,2021,2022,https://uscode.house.gov/view.xhtml?edition=2021&num=0&req=granuleid%3AUSC-2021-title38-section1175,https://uscode.house.gov/view.xhtml?edition=2022&num=0&req=granuleid%3AUSC-2022-title38-section1175,https://uscode.house.gov/view.xhtml?edition=prelim&num=0&req=granuleid%3AUSC-prelim-title38-section1175,official_olrc_current_section_page_fetched,200,0aaa4ac630ac0f7897bc8a654e2acde032f61c088c47bcbce466b99b9b891f3c,143701,§1175. Authority to modify process; congressional oversight,1,current_page_mentions_public_law,1,7d641292e606ea628de81f96717988db7562a0f46dcea58db5884c59b05272b1,37141c0741f36d5c55d1d41043ade9b8664e029018b2ec883cd70587f0654e70,reviewed_current_effective_text_source_with_public_law_note,1,official_olrc_current_us_code_page; official_olrc_current_public_law_note_scan; source_reviewed_target_section_diff,Official OLRC current U.S. Code page was fetched and its current text mentions the queued public law; public-law causation remains separately unreviewed.,not_reviewed_for_exclusive_public_law_causation,"Effective-text review is limited to official OLRC current source availability, current text hash/byte metadata, and current public-law note presence. It does not assign exclusive public-law causation.",statutory_lineage_source_reviewed_target_section_diff; official_olrc_annual_us_code_text_diff; official_olrc_current_us_code_page; statutory_lineage_effective_text_source_review,complete_codified_usc_lineage_review; public_law_causal_attribution; implementation_outcomes; direct_target_section_court_review; welfare_or_public_benefit; model_validation,"Law-revision effective-text source review only. Rows confirm official OLRC current U.S. Code source availability and current public-law note presence for source-reviewed target-section diff rows. This artifact does not establish exclusive public-law causal attribution, complete codified lineage, implementation outcomes, direct target-section court review, welfare evidence, causal effects, or model validation."
41,41,48,48,117-s-3373,117-168,2022-08-10,38 USC 1176,direct_us_code_reference,38,1176,added_target_section,reviewed_added_target_section_diff,1,2021,2022,https://uscode.house.gov/view.xhtml?edition=2021&num=0&req=granuleid%3AUSC-2021-title38-section1176,https://uscode.house.gov/view.xhtml?edition=2022&num=0&req=granuleid%3AUSC-2022-title38-section1176,https://uscode.house.gov/view.xhtml?edition=prelim&num=0&req=granuleid%3AUSC-prelim-title38-section1176,official_olrc_current_section_page_fetched,200,5669dd020491367a04abf36e8c31782b9602f8a67912808767249b3c272b8397,150539,"§1176. Agreement with National Academies of Sciences, Engineering, and Medicine concerning toxic exposures",2,current_page_mentions_public_law,2,7d641292e606ea628de81f96717988db7562a0f46dcea58db5884c59b05272b1,0166f50ef2897924c570f001421362ab33f88f6245d74973f5ff24ab7ed2b4df,reviewed_current_effective_text_source_with_public_law_note,1,official_olrc_current_us_code_page; official_olrc_current_public_law_note_scan; source_reviewed_target_section_diff,Official OLRC current U.S. Code page was fetched and its current text mentions the queued public law; public-law causation remains separately unreviewed.,not_reviewed_for_exclusive_public_law_causation,"Effective-text review is limited to official OLRC current source availability, current text hash/byte metadata, and current public-law note presence. It does not assign exclusive public-law causation.",statutory_lineage_source_reviewed_target_section_diff; official_olrc_annual_us_code_text_diff; official_olrc_current_us_code_page; statutory_lineage_effective_text_source_review,complete_codified_usc_lineage_review; public_law_causal_attribution; implementation_outcomes; direct_target_section_court_review; welfare_or_public_benefit; model_validation,"Law-revision effective-text source review only. Rows confirm official OLRC current U.S. Code source availability and current public-law note presence for source-reviewed target-section diff rows. This artifact does not establish exclusive public-law causal attribution, complete codified lineage, implementation outcomes, direct target-section court review, welfare evidence, causal effects, or model validation."
42,42,49,49,117-s-3373,117-168,2022-08-10,38 USC 1710(e)(3)(B),title_code_section_phrase,38,1710,amended_existing_target_section_with_effective_date_note,reviewed_pre_post_target_section_diff,1,2021,2022,https://uscode.house.gov/view.xhtml?edition=2021&num=0&req=granuleid%3AUSC-2021-title38-section1710,https://uscode.house.gov/view.xhtml?edition=2022&num=0&req=granuleid%3AUSC-2022-title38-section1710,https://uscode.house.gov/view.xhtml?edition=prelim&num=0&req=granuleid%3AUSC-prelim-title38-section1710,official_olrc_current_section_page_fetched,200,9951a06dc926a4c69aa8ae23f25381afedecb3ae4d2cc2037404933aafdc7d12,369788,"§1710. Eligibility for hospital, nursing home, and domiciliary care",15,current_page_mentions_public_law,3,d041751a0bfda28bf4c6e2bd8a419c91d8572fee9eae0b759f422a8be2d35500,3c0b90f0edd51a23e43df074a2d0622b025379cd0ad8c2d1df4eefc65c6f2fd3,reviewed_current_effective_text_source_with_public_law_note,1,official_olrc_current_us_code_page; official_olrc_current_public_law_note_scan; source_reviewed_target_section_diff,Official OLRC current U.S. Code page was fetched and its current text mentions the queued public law; public-law causation remains separately unreviewed.,not_reviewed_for_exclusive_public_law_causation,"Effective-text review is limited to official OLRC current source availability, current text hash/byte metadata, and current public-law note presence. It does not assign exclusive public-law causation.",statutory_lineage_source_reviewed_target_section_diff; official_olrc_annual_us_code_text_diff; official_olrc_current_us_code_page; statutory_lineage_effective_text_source_review,complete_codified_usc_lineage_review; public_law_causal_attribution; implementation_outcomes; direct_target_section_court_review; welfare_or_public_benefit; model_validation,"Law-revision effective-text source review only. Rows confirm official OLRC current U.S. Code source availability and current public-law note presence for source-reviewed target-section diff rows. This artifact does not establish exclusive public-law causal attribution, complete codified lineage, implementation outcomes, direct target-section court review, welfare evidence, causal effects, or model validation."
43,43,50,50,117-hr-4346,117-167,2022-08-09,15 USC 4652,direct_us_code_reference,15,4652,amended_existing_target_section,reviewed_pre_post_target_section_diff,1,2021,2022,https://uscode.house.gov/view.xhtml?edition=2021&num=0&req=granuleid%3AUSC-2021-title15-section4652,https://uscode.house.gov/view.xhtml?edition=2022&num=0&req=granuleid%3AUSC-2022-title15-section4652,https://uscode.house.gov/view.xhtml?edition=prelim&num=0&req=granuleid%3AUSC-prelim-title15-section4652,official_olrc_current_section_page_fetched,200,5fb7e9fafa3eeb8640a9aef86f5c9cf944c4a105c4b0e07c7607322b24a2967b,206834,§4652. Semiconductor incentives,22,current_page_mentions_public_law,3,b6be0972c62b0b4c3a32645e75d92edb45c72be2f33440f337234d7d6caa1ab1,642c0bbdb955ca327e938d33511f7ef3e2b416670334688c3082212741033e94,reviewed_current_effective_text_source_with_public_law_note,1,official_olrc_current_us_code_page; official_olrc_current_public_law_note_scan; source_reviewed_target_section_diff,Official OLRC current U.S. Code page was fetched and its current text mentions the queued public law; public-law causation remains separately unreviewed.,not_reviewed_for_exclusive_public_law_causation,"Effective-text review is limited to official OLRC current source availability, current text hash/byte metadata, and current public-law note presence. It does not assign exclusive public-law causation.",statutory_lineage_source_reviewed_target_section_diff; official_olrc_annual_us_code_text_diff; official_olrc_current_us_code_page; statutory_lineage_effective_text_source_review,complete_codified_usc_lineage_review; public_law_causal_attribution; implementation_outcomes; direct_target_section_court_review; welfare_or_public_benefit; model_validation,"Law-revision effective-text source review only. Rows confirm official OLRC current U.S. Code source availability and current public-law note presence for source-reviewed target-section diff rows. This artifact does not establish exclusive public-law causal attribution, complete codified lineage, implementation outcomes, direct target-section court review, welfare evidence, causal effects, or model validation."
44,44,51,51,117-hr-4346,117-167,2022-08-09,15 USC 4651,direct_us_code_reference,15,4651,amended_existing_target_section,reviewed_pre_post_target_section_diff,1,2021,2022,https://uscode.house.gov/view.xhtml?edition=2021&num=0&req=granuleid%3AUSC-2021-title15-section4651,https://uscode.house.gov/view.xhtml?edition=2022&num=0&req=granuleid%3AUSC-2022-title15-section4651,https://uscode.house.gov/view.xhtml?edition=prelim&num=0&req=granuleid%3AUSC-prelim-title15-section4651,official_olrc_current_section_page_fetched,200,8e4599c8d2515486cf8d195c4cdd8f8aab3816e317745bc4b446cab43182d9af,175227,§4651. Definitions In this chapter:,9,current_page_mentions_public_law,3,a68a2b06a9acb2c041c11e716b65bbf69c8fd152774409ac468f7c9238460819,5f4c18329a59bbbdc18ac11b0a85ad58fb8ca295a5f23cc9e0e44c65f1907754,reviewed_current_effective_text_source_with_public_law_note,1,official_olrc_current_us_code_page; official_olrc_current_public_law_note_scan; source_reviewed_target_section_diff,Official OLRC current U.S. Code page was fetched and its current text mentions the queued public law; public-law causation remains separately unreviewed.,not_reviewed_for_exclusive_public_law_causation,"Effective-text review is limited to official OLRC current source availability, current text hash/byte metadata, and current public-law note presence. It does not assign exclusive public-law causation.",statutory_lineage_source_reviewed_target_section_diff; official_olrc_annual_us_code_text_diff; official_olrc_current_us_code_page; statutory_lineage_effective_text_source_review,complete_codified_usc_lineage_review; public_law_causal_attribution; implementation_outcomes; direct_target_section_court_review; welfare_or_public_benefit; model_validation,"Law-revision effective-text source review only. Rows confirm official OLRC current U.S. Code source availability and current public-law note presence for source-reviewed target-section diff rows. This artifact does not establish exclusive public-law causal attribution, complete codified lineage, implementation outcomes, direct target-section court review, welfare evidence, causal effects, or model validation."
45,45,52,52,117-hr-4346,117-167,2022-08-09,15 USC 4651 note,direct_us_code_reference,15,4651,amended_existing_target_section,reviewed_pre_post_target_section_diff,1,2021,2022,https://uscode.house.gov/view.xhtml?edition=2021&num=0&req=granuleid%3AUSC-2021-title15-section4651,https://uscode.house.gov/view.xhtml?edition=2022&num=0&req=granuleid%3AUSC-2022-title15-section4651,https://uscode.house.gov/view.xhtml?edition=prelim&num=0&req=granuleid%3AUSC-prelim-title15-section4651,official_olrc_current_section_page_fetched,200,a284d342a5261f856beeebf332bf8bdb7ddef50d678ae898222b90232faae66a,175227,§4651. Definitions In this chapter:,9,current_page_mentions_public_law,3,a68a2b06a9acb2c041c11e716b65bbf69c8fd152774409ac468f7c9238460819,5f4c18329a59bbbdc18ac11b0a85ad58fb8ca295a5f23cc9e0e44c65f1907754,reviewed_current_effective_text_source_with_public_law_note,1,official_olrc_current_us_code_page; official_olrc_current_public_law_note_scan; source_reviewed_target_section_diff,Official OLRC current U.S. Code page was fetched and its current text mentions the queued public law; public-law causation remains separately unreviewed.,not_reviewed_for_exclusive_public_law_causation,"Effective-text review is limited to official OLRC current source availability, current text hash/byte metadata, and current public-law note presence. It does not assign exclusive public-law causation.",statutory_lineage_source_reviewed_target_section_diff; official_olrc_annual_us_code_text_diff; official_olrc_current_us_code_page; statutory_lineage_effective_text_source_review,complete_codified_usc_lineage_review; public_law_causal_attribution; implementation_outcomes; direct_target_section_court_review; welfare_or_public_benefit; model_validation,"Law-revision effective-text source review only. Rows confirm official OLRC current U.S. Code source availability and current public-law note presence for source-reviewed target-section diff rows. This artifact does not establish exclusive public-law causal attribution, complete codified lineage, implementation outcomes, direct target-section court review, welfare evidence, causal effects, or model validation."
46,46,53,53,117-hr-4346,117-167,2022-08-09,15 USC 4652 note,direct_us_code_reference,15,4652,amended_existing_target_section,reviewed_pre_post_target_section_diff,1,2021,2022,https://uscode.house.gov/view.xhtml?edition=2021&num=0&req=granuleid%3AUSC-2021-title15-section4652,https://uscode.house.gov/view.xhtml?edition=2022&num=0&req=granuleid%3AUSC-2022-title15-section4652,https://uscode.house.gov/view.xhtml?edition=prelim&num=0&req=granuleid%3AUSC-prelim-title15-section4652,official_olrc_current_section_page_fetched,200,66a57e108319089cef76d3df50f917b8d90a1c67a5b6b99c3f7223ec618022ef,206814,§4652. Semiconductor incentives,22,current_page_mentions_public_law,3,b6be0972c62b0b4c3a32645e75d92edb45c72be2f33440f337234d7d6caa1ab1,642c0bbdb955ca327e938d33511f7ef3e2b416670334688c3082212741033e94,reviewed_current_effective_text_source_with_public_law_note,1,official_olrc_current_us_code_page; official_olrc_current_public_law_note_scan; source_reviewed_target_section_diff,Official OLRC current U.S. Code page was fetched and its current text mentions the queued public law; public-law causation remains separately unreviewed.,not_reviewed_for_exclusive_public_law_causation,"Effective-text review is limited to official OLRC current source availability, current text hash/byte metadata, and current public-law note presence. It does not assign exclusive public-law causation.",statutory_lineage_source_reviewed_target_section_diff; official_olrc_annual_us_code_text_diff; official_olrc_current_us_code_page; statutory_lineage_effective_text_source_review,complete_codified_usc_lineage_review; public_law_causal_attribution; implementation_outcomes; direct_target_section_court_review; welfare_or_public_benefit; model_validation,"Law-revision effective-text source review only. Rows confirm official OLRC current U.S. Code source availability and current public-law note presence for source-reviewed target-section diff rows. This artifact does not establish exclusive public-law causal attribution, complete codified lineage, implementation outcomes, direct target-section court review, welfare evidence, causal effects, or model validation."
47,47,55,55,117-hr-4346,117-167,2022-08-09,15 USC 4656,direct_us_code_reference,15,4656,amended_existing_target_section,reviewed_pre_post_target_section_diff,1,2021,2022,https://uscode.house.gov/view.xhtml?edition=2021&num=0&req=granuleid%3AUSC-2021-title15-section4656,https://uscode.house.gov/view.xhtml?edition=2022&num=0&req=granuleid%3AUSC-2022-title15-section4656,https://uscode.house.gov/view.xhtml?edition=prelim&num=0&req=granuleid%3AUSC-prelim-title15-section4656,official_olrc_current_section_page_fetched,200,03d42b56036742a199e7da4bf91877dd8a6e59689c7066cebc3ab6566d68851b,163150,§4656. Advanced microelectronics research and development,9,current_page_mentions_public_law,3,ac0452d507099f5bab19e5638f6243f338128c4e33a4eb225197a491a55d5431,8da17cff7bb59d67f448653bff64b0ecf1e456536d43196174fa28b53e264cef,reviewed_current_effective_text_source_with_public_law_note,1,official_olrc_current_us_code_page; official_olrc_current_public_law_note_scan; source_reviewed_target_section_diff,Official OLRC current U.S. Code page was fetched and its current text mentions the queued public law; public-law causation remains separately unreviewed.,not_reviewed_for_exclusive_public_law_causation,"Effective-text review is limited to official OLRC current source availability, current text hash/byte metadata, and current public-law note presence. It does not assign exclusive public-law causation.",statutory_lineage_source_reviewed_target_section_diff; official_olrc_annual_us_code_text_diff; official_olrc_current_us_code_page; statutory_lineage_effective_text_source_review,complete_codified_usc_lineage_review; public_law_causal_attribution; implementation_outcomes; direct_target_section_court_review; welfare_or_public_benefit; model_validation,"Law-revision effective-text source review only. Rows confirm official OLRC current U.S. Code source availability and current public-law note presence for source-reviewed target-section diff rows. This artifact does not establish exclusive public-law causal attribution, complete codified lineage, implementation outcomes, direct target-section court review, welfare evidence, causal effects, or model validation."
48,48,56,56,117-hr-4346,117-167,2022-08-09,15 USC 4656(c)(2),direct_us_code_reference,15,4656,amended_existing_target_section,reviewed_pre_post_target_section_diff,1,2021,2022,https://uscode.house.gov/view.xhtml?edition=2021&num=0&req=granuleid%3AUSC-2021-title15-section4656,https://uscode.house.gov/view.xhtml?edition=2022&num=0&req=granuleid%3AUSC-2022-title15-section4656,https://uscode.house.gov/view.xhtml?edition=prelim&num=0&req=granuleid%3AUSC-prelim-title15-section4656,official_olrc_current_section_page_fetched,200,d27725f64d8252dace4febc1cc15aaf3fbcf805f0e78f30ac989b3b405c76094,163190,§4656. Advanced microelectronics research and development,9,current_page_mentions_public_law,3,ac0452d507099f5bab19e5638f6243f338128c4e33a4eb225197a491a55d5431,8da17cff7bb59d67f448653bff64b0ecf1e456536d43196174fa28b53e264cef,reviewed_current_effective_text_source_with_public_law_note,1,official_olrc_current_us_code_page; official_olrc_current_public_law_note_scan; source_reviewed_target_section_diff,Official OLRC current U.S. Code page was fetched and its current text mentions the queued public law; public-law causation remains separately unreviewed.,not_reviewed_for_exclusive_public_law_causation,"Effective-text review is limited to official OLRC current source availability, current text hash/byte metadata, and current public-law note presence. It does not assign exclusive public-law causation.",statutory_lineage_source_reviewed_target_section_diff; official_olrc_annual_us_code_text_diff; official_olrc_current_us_code_page; statutory_lineage_effective_text_source_review,complete_codified_usc_lineage_review; public_law_causal_attribution; implementation_outcomes; direct_target_section_court_review; welfare_or_public_benefit; model_validation,"Law-revision effective-text source review only. Rows confirm official OLRC current U.S. Code source availability and current public-law note presence for source-reviewed target-section diff rows. This artifact does not establish exclusive public-law causal attribution, complete codified lineage, implementation outcomes, direct target-section court review, welfare evidence, causal effects, or model validation."
49,49,57,57,117-hr-4346,117-167,2022-08-09,2 USC 905(g)(1)(A),direct_us_code_reference,2,905,amended_existing_target_section,reviewed_pre_post_target_section_diff,1,2021,2022,https://uscode.house.gov/view.xhtml?edition=2021&num=0&req=granuleid%3AUSC-2021-title2-section905,https://uscode.house.gov/view.xhtml?edition=2022&num=0&req=granuleid%3AUSC-2022-title2-section905,https://uscode.house.gov/view.xhtml?edition=prelim&num=0&req=granuleid%3AUSC-prelim-title2-section905,official_olrc_current_section_page_fetched,200,a0b5e334b2d2ed1d4f4bfd28589a896dd2c35ba1f448d289d573cab70a51a78d,227445,§905. Exempt programs and activities,5,current_page_mentions_public_law,3,75071dd1d3b819167b913b0dea2b0bd4df439854d937a2ac5aabb3aef16f3f95,7edf9fba8bc27506f8391d76c92e6fb0f5e009897b0b7c6e6bdb7fa791f70905,reviewed_current_effective_text_source_with_public_law_note,1,official_olrc_current_us_code_page; official_olrc_current_public_law_note_scan; source_reviewed_target_section_diff,Official OLRC current U.S. Code page was fetched and its current text mentions the queued public law; public-law causation remains separately unreviewed.,not_reviewed_for_exclusive_public_law_causation,"Effective-text review is limited to official OLRC current source availability, current text hash/byte metadata, and current public-law note presence. It does not assign exclusive public-law causation.",statutory_lineage_source_reviewed_target_section_diff; official_olrc_annual_us_code_text_diff; official_olrc_current_us_code_page; statutory_lineage_effective_text_source_review,complete_codified_usc_lineage_review; public_law_causal_attribution; implementation_outcomes; direct_target_section_court_review; welfare_or_public_benefit; model_validation,"Law-revision effective-text source review only. Rows confirm official OLRC current U.S. Code source availability and current public-law note presence for source-reviewed target-section diff rows. This artifact does not establish exclusive public-law causal attribution, complete codified lineage, implementation outcomes, direct target-section court review, welfare evidence, causal effects, or model validation."
50,51,76,76,117-s-1941,117-219,2022-12-05,31 USC 6102 note,direct_us_code_reference,31,6102,amended_existing_target_section,reviewed_pre_post_target_section_diff,1,2021,2022,https://uscode.house.gov/view.xhtml?edition=2021&num=0&req=granuleid%3AUSC-2021-title31-section6102,https://uscode.house.gov/view.xhtml?edition=2022&num=0&req=granuleid%3AUSC-2022-title31-section6102,https://uscode.house.gov/view.xhtml?edition=prelim&num=0&req=granuleid%3AUSC-prelim-title31-section6102,official_olrc_current_section_page_fetched,200,cfbb15729a31d43eed76f6693e95c5bb7c59fbad12076aa543daba337ca0aaf3,170363,§6102. Program information requirements,18,current_page_mentions_public_law,3,0ea466c43f7defa5401dd6dd4f465a683d348905013ac4c66944f1b2795a2b39,6ad48162b38483beb310ae906456eae20c4b76f74334fbd7d3c82d3bab45542d,reviewed_current_effective_text_source_with_public_law_note,1,official_olrc_current_us_code_page; official_olrc_current_public_law_note_scan; source_reviewed_target_section_diff,Official OLRC current U.S. Code page was fetched and its current text mentions the queued public law; public-law causation remains separately unreviewed.,not_reviewed_for_exclusive_public_law_causation,"Effective-text review is limited to official OLRC current source availability, current text hash/byte metadata, and current public-law note presence. It does not assign exclusive public-law causation.",statutory_lineage_source_reviewed_target_section_diff; official_olrc_annual_us_code_text_diff; official_olrc_current_us_code_page; statutory_lineage_effective_text_source_review,complete_codified_usc_lineage_review; public_law_causal_attribution; implementation_outcomes; direct_target_section_court_review; welfare_or_public_benefit; model_validation,"Law-revision effective-text source review only. Rows confirm official OLRC current U.S. Code source availability and current public-law note presence for source-reviewed target-section diff rows. This artifact does not establish exclusive public-law causal attribution, complete codified lineage, implementation outcomes, direct target-section court review, welfare evidence, causal effects, or model validation."
51,52,77,77,117-s-1941,117-219,2022-12-05,31 USC 6309,direct_us_code_reference,31,6309,added_target_section,reviewed_added_target_section_diff,1,2021,2022,https://uscode.house.gov/view.xhtml?edition=2021&num=0&req=granuleid%3AUSC-2021-title31-section6309,https://uscode.house.gov/view.xhtml?edition=2022&num=0&req=granuleid%3AUSC-2022-title31-section6309,https://uscode.house.gov/view.xhtml?edition=prelim&num=0&req=granuleid%3AUSC-prelim-title31-section6309,official_olrc_current_section_page_fetched,200,efac7fb09e45c018eb4dce3c95277e08c9cf249796ff2a8500e32c369cad5e79,144911,§6309. Non-propagation of core-based statistical area delineations,3,current_page_mentions_public_law,3,7d641292e606ea628de81f96717988db7562a0f46dcea58db5884c59b05272b1,a0b67cb2a228bb235e005191844c9a0901024d60fb3cfc36bbecb22bda253033,reviewed_current_effective_text_source_with_public_law_note,1,official_olrc_current_us_code_page; official_olrc_current_public_law_note_scan; source_reviewed_target_section_diff,Official OLRC current U.S. Code page was fetched and its current text mentions the queued public law; public-law causation remains separately unreviewed.,not_reviewed_for_exclusive_public_law_causation,"Effective-text review is limited to official OLRC current source availability, current text hash/byte metadata, and current public-law note presence. It does not assign exclusive public-law causation.",statutory_lineage_source_reviewed_target_section_diff; official_olrc_annual_us_code_text_diff; official_olrc_current_us_code_page; statutory_lineage_effective_text_source_review,complete_codified_usc_lineage_review; public_law_causal_attribution; implementation_outcomes; direct_target_section_court_review; welfare_or_public_benefit; model_validation,"Law-revision effective-text source review only. Rows confirm official OLRC current U.S. Code source availability and current public-law note presence for source-reviewed target-section diff rows. This artifact does not establish exclusive public-law causal attribution, complete codified lineage, implementation outcomes, direct target-section court review, welfare evidence, causal effects, or model validation."
52,53,78,78,117-s-1941,117-219,2022-12-05,31 USC 6101 note,direct_us_code_reference,31,6101,amended_existing_target_section,reviewed_pre_post_target_section_diff,1,2021,2022,https://uscode.house.gov/view.xhtml?edition=2021&num=0&req=granuleid%3AUSC-2021-title31-section6101,https://uscode.house.gov/view.xhtml?edition=2022&num=0&req=granuleid%3AUSC-2022-title31-section6101,https://uscode.house.gov/view.xhtml?edition=prelim&num=0&req=granuleid%3AUSC-prelim-title31-section6101,official_olrc_current_section_page_fetched,200,28a4bc973b04f2508b45b5bf66190670a2b6465aa553c0e2e9ebfb144333e53f,255120,§6101. Definitions In this chapter-,1,current_page_mentions_public_law,1,33bc1cfa8f3212cb68c71e56bbc66bc96be8d1035c709e836c24d5c50b6d142f,1c816870de89291a33478cf203780497396ed70725fdadd4b15d834bf2050c1a,reviewed_current_effective_text_source_with_public_law_note,1,official_olrc_current_us_code_page; official_olrc_current_public_law_note_scan; source_reviewed_target_section_diff,Official OLRC current U.S. Code page was fetched and its current text mentions the queued public law; public-law causation remains separately unreviewed.,not_reviewed_for_exclusive_public_law_causation,"Effective-text review is limited to official OLRC current source availability, current text hash/byte metadata, and current public-law note presence. It does not assign exclusive public-law causation.",statutory_lineage_source_reviewed_target_section_diff; official_olrc_annual_us_code_text_diff; official_olrc_current_us_code_page; statutory_lineage_effective_text_source_review,complete_codified_usc_lineage_review; public_law_causal_attribution; implementation_outcomes; direct_target_section_court_review; welfare_or_public_benefit; model_validation,"Law-revision effective-text source review only. Rows confirm official OLRC current U.S. Code source availability and current public-law note presence for source-reviewed target-section diff rows. This artifact does not establish exclusive public-law causal attribution, complete codified lineage, implementation outcomes, direct target-section court review, welfare evidence, causal effects, or model validation."
53,54,79,79,117-s-1941,117-219,2022-12-05,31 USC 6102(a)(2),title_code_section_phrase,31,6102,amended_existing_target_section,reviewed_pre_post_target_section_diff,1,2021,2022,https://uscode.house.gov/view.xhtml?edition=2021&num=0&req=granuleid%3AUSC-2021-title31-section6102,https://uscode.house.gov/view.xhtml?edition=2022&num=0&req=granuleid%3AUSC-2022-title31-section6102,https://uscode.house.gov/view.xhtml?edition=prelim&num=0&req=granuleid%3AUSC-prelim-title31-section6102,official_olrc_current_section_page_fetched,200,ba8c806a5a8b43fd229569ce9a66b648d586ec28308a6a1d00c34a3311a7026b,170423,§6102. Program information requirements,18,current_page_mentions_public_law,3,0ea466c43f7defa5401dd6dd4f465a683d348905013ac4c66944f1b2795a2b39,6ad48162b38483beb310ae906456eae20c4b76f74334fbd7d3c82d3bab45542d,reviewed_current_effective_text_source_with_public_law_note,1,official_olrc_current_us_code_page; official_olrc_current_public_law_note_scan; source_reviewed_target_section_diff,Official OLRC current U.S. Code page was fetched and its current text mentions the queued public law; public-law causation remains separately unreviewed.,not_reviewed_for_exclusive_public_law_causation,"Effective-text review is limited to official OLRC current source availability, current text hash/byte metadata, and current public-law note presence. It does not assign exclusive public-law causation.",statutory_lineage_source_reviewed_target_section_diff; official_olrc_annual_us_code_text_diff; official_olrc_current_us_code_page; statutory_lineage_effective_text_source_review,complete_codified_usc_lineage_review; public_law_causal_attribution; implementation_outcomes; direct_target_section_court_review; welfare_or_public_benefit; model_validation,"Law-revision effective-text source review only. Rows confirm official OLRC current U.S. Code source availability and current public-law note presence for source-reviewed target-section diff rows. This artifact does not establish exclusive public-law causal attribution, complete codified lineage, implementation outcomes, direct target-section court review, welfare evidence, causal effects, or model validation."
54,55,80,80,117-s-1941,117-219,2022-12-05,44 USC 3504(e),title_code_section_phrase,44,3504,amended_existing_target_section,reviewed_pre_post_target_section_diff,1,2021,2022,https://uscode.house.gov/view.xhtml?edition=2021&num=0&req=granuleid%3AUSC-2021-title44-section3504,https://uscode.house.gov/view.xhtml?edition=2022&num=0&req=granuleid%3AUSC-2022-title44-section3504,https://uscode.house.gov/view.xhtml?edition=prelim&num=0&req=granuleid%3AUSC-prelim-title44-section3504,official_olrc_current_section_page_fetched,200,3cf49ecd6cde9458c6987e2b9642ae2ed55c473b32ed9ac726cab04bf0643ba8,199663,§3504. Authority and functions of Director,3,current_page_mentions_public_law,3,815f614ae6ba7f432e1ae429491c1c7df1bcd44f7e7c9cc37ac409b67f580cc5,9b13c938a4225509a1701b1a110fa2bfaea6701d99445840420bc770a5acfad5,reviewed_current_effective_text_source_with_public_law_note,1,official_olrc_current_us_code_page; official_olrc_current_public_law_note_scan; source_reviewed_target_section_diff,Official OLRC current U.S. Code page was fetched and its current text mentions the queued public law; public-law causation remains separately unreviewed.,not_reviewed_for_exclusive_public_law_causation,"Effective-text review is limited to official OLRC current source availability, current text hash/byte metadata, and current public-law note presence. It does not assign exclusive public-law causation.",statutory_lineage_source_reviewed_target_section_diff; official_olrc_annual_us_code_text_diff; official_olrc_current_us_code_page; statutory_lineage_effective_text_source_review,complete_codified_usc_lineage_review; public_law_causal_attribution; implementation_outcomes; direct_target_section_court_review; welfare_or_public_benefit; model_validation,"Law-revision effective-text source review only. Rows confirm official OLRC current U.S. Code source availability and current public-law note presence for source-reviewed target-section diff rows. This artifact does not establish exclusive public-law causal attribution, complete codified lineage, implementation outcomes, direct target-section court review, welfare evidence, causal effects, or model validation."
55,56,59,59,117-s-516,117-203,2022-10-17,49 USC 40101 note,direct_us_code_reference,49,40101,amended_existing_target_section,reviewed_pre_post_target_section_diff,1,2021,2022,https://uscode.house.gov/view.xhtml?edition=2021&num=0&req=granuleid%3AUSC-2021-title49-section40101,https://uscode.house.gov/view.xhtml?edition=2022&num=0&req=granuleid%3AUSC-2022-title49-section40101,https://uscode.house.gov/view.xhtml?edition=prelim&num=0&req=granuleid%3AUSC-prelim-title49-section40101,official_olrc_current_section_page_fetched,200,ee6c17621ef34b548e72a28f78761e8daa523148cfbbd45a6c9f7c6f2e447ade,721117,§40101. Policy,8,current_page_mentions_public_law,3,3663b2b0d806653ddd31316acdfe8adc38db219f238623da937a742dfad8be1b,257b522fb0939c910d36a299ab34757ddd871d13f1f8502a935e0ccc63b4055d,reviewed_current_effective_text_source_with_public_law_note,1,official_olrc_current_us_code_page; official_olrc_current_public_law_note_scan; source_reviewed_target_section_diff,Official OLRC current U.S. Code page was fetched and its current text mentions the queued public law; public-law causation remains separately unreviewed.,not_reviewed_for_exclusive_public_law_causation,"Effective-text review is limited to official OLRC current source availability, current text hash/byte metadata, and current public-law note presence. It does not assign exclusive public-law causation.",statutory_lineage_source_reviewed_target_section_diff; official_olrc_annual_us_code_text_diff; official_olrc_current_us_code_page; statutory_lineage_effective_text_source_review,complete_codified_usc_lineage_review; public_law_causal_attribution; implementation_outcomes; direct_target_section_court_review; welfare_or_public_benefit; model_validation,"Law-revision effective-text source review only. Rows confirm official OLRC current U.S. Code source availability and current public-law note presence for source-reviewed target-section diff rows. This artifact does not establish exclusive public-law causal attribution, complete codified lineage, implementation outcomes, direct target-section court review, welfare evidence, causal effects, or model validation."
56,57,60,60,117-s-4458,117-174,2022-08-26,38 USC 101 note,direct_us_code_reference,38,101,amended_existing_target_section,reviewed_pre_post_target_section_diff,1,2021,2022,https://uscode.house.gov/view.xhtml?edition=2021&num=0&req=granuleid%3AUSC-2021-title38-section101,https://uscode.house.gov/view.xhtml?edition=2022&num=0&req=granuleid%3AUSC-2022-title38-section101,https://uscode.house.gov/view.xhtml?edition=prelim&num=0&req=granuleid%3AUSC-prelim-title38-section101,official_olrc_current_section_page_fetched,200,ec98915ce832ded4ec360bb556f95af2985e0d062b55638587b3f4e1e823b6fa,523176,§101. Definitions For the purposes of this title-,1,current_page_mentions_public_law,1,d1a50ec444e2ff7786ac1f76ed83b62c1c6fc0691d805c023289a4daec8ddf60,c461038f546f0c6e1923ece7540de92d84118ac06c8757f016e56776700876d9,reviewed_current_effective_text_source_with_public_law_note,1,official_olrc_current_us_code_page; official_olrc_current_public_law_note_scan; source_reviewed_target_section_diff,Official OLRC current U.S. Code page was fetched and its current text mentions the queued public law; public-law causation remains separately unreviewed.,not_reviewed_for_exclusive_public_law_causation,"Effective-text review is limited to official OLRC current source availability, current text hash/byte metadata, and current public-law note presence. It does not assign exclusive public-law causation.",statutory_lineage_source_reviewed_target_section_diff; official_olrc_annual_us_code_text_diff; official_olrc_current_us_code_page; statutory_lineage_effective_text_source_review,complete_codified_usc_lineage_review; public_law_causal_attribution; implementation_outcomes; direct_target_section_court_review; welfare_or_public_benefit; model_validation,"Law-revision effective-text source review only. Rows confirm official OLRC current U.S. Code source availability and current public-law note presence for source-reviewed target-section diff rows. This artifact does not establish exclusive public-law causal attribution, complete codified lineage, implementation outcomes, direct target-section court review, welfare evidence, causal effects, or model validation."
57,58,61,61,117-s-4458,117-174,2022-08-26,38 USC 3680A note,direct_us_code_reference,38,3680A,amended_existing_target_section_with_effective_date_note,reviewed_pre_post_target_section_diff,1,2021,2022,https://uscode.house.gov/view.xhtml?edition=2021&num=0&req=granuleid%3AUSC-2021-title38-section3680A,https://uscode.house.gov/view.xhtml?edition=2022&num=0&req=granuleid%3AUSC-2022-title38-section3680A,https://uscode.house.gov/view.xhtml?edition=prelim&num=0&req=granuleid%3AUSC-prelim-title38-section3680A,official_olrc_current_section_page_fetched,200,aa51e9a85d67e9109a930589412796f263771c87159262e0aeb0fe4e5884d23a,189674,§3680A. Disapproval of enrollment in certain courses,3,current_page_mentions_public_law,3,0e4f4afe3f0ada690f1ee0e098747ce9ef0d176bcc891446a70827e8b6038730,c86671cf690890a266f78bfb7a525c1ad7841bf4a5f1deaa112c68473eed19f6,reviewed_current_effective_text_source_with_public_law_note,1,official_olrc_current_us_code_page; official_olrc_current_public_law_note_scan; source_reviewed_target_section_diff,Official OLRC current U.S. Code page was fetched and its current text mentions the queued public law; public-law causation remains separately unreviewed.,not_reviewed_for_exclusive_public_law_causation,"Effective-text review is limited to official OLRC current source availability, current text hash/byte metadata, and current public-law note presence. It does not assign exclusive public-law causation.",statutory_lineage_source_reviewed_target_section_diff; official_olrc_annual_us_code_text_diff; official_olrc_current_us_code_page; statutory_lineage_effective_text_source_review,complete_codified_usc_lineage_review; public_law_causal_attribution; implementation_outcomes; direct_target_section_court_review; welfare_or_public_benefit; model_validation,"Law-revision effective-text source review only. Rows confirm official OLRC current U.S. Code source availability and current public-law note presence for source-reviewed target-section diff rows. This artifact does not establish exclusive public-law causal attribution, complete codified lineage, implementation outcomes, direct target-section court review, welfare evidence, causal effects, or model validation."
58,59,62,62,117-s-3580,117-146,2022-06-16,46 USC 40504,direct_us_code_reference,46,40504,added_target_section,reviewed_added_target_section_diff,1,2021,2022,https://uscode.house.gov/view.xhtml?edition=2021&num=0&req=granuleid%3AUSC-2021-title46-section40504,https://uscode.house.gov/view.xhtml?edition=2022&num=0&req=granuleid%3AUSC-2022-title46-section40504,https://uscode.house.gov/view.xhtml?edition=prelim&num=0&req=granuleid%3AUSC-prelim-title46-section40504,official_olrc_current_section_page_fetched,200,61a43d0724d6af3e373ba302d85924525e648dba55585a3e94dba49896f308b6,146263,§40504. Shipping exchange registry,3,current_page_mentions_public_law,3,7d641292e606ea628de81f96717988db7562a0f46dcea58db5884c59b05272b1,0ad6c3881a98dcaf728a942b50c711c5e7c107f181e084b1db700082d64252ef,reviewed_current_effective_text_source_with_public_law_note,1,official_olrc_current_us_code_page; official_olrc_current_public_law_note_scan; source_reviewed_target_section_diff,Official OLRC current U.S. Code page was fetched and its current text mentions the queued public law; public-law causation remains separately unreviewed.,not_reviewed_for_exclusive_public_law_causation,"Effective-text review is limited to official OLRC current source availability, current text hash/byte metadata, and current public-law note presence. It does not assign exclusive public-law causation.",statutory_lineage_source_reviewed_target_section_diff; official_olrc_annual_us_code_text_diff; official_olrc_current_us_code_page; statutory_lineage_effective_text_source_review,complete_codified_usc_lineage_review; public_law_causal_attribution; implementation_outcomes; direct_target_section_court_review; welfare_or_public_benefit; model_validation,"Law-revision effective-text source review only. Rows confirm official OLRC current U.S. Code source availability and current public-law note presence for source-reviewed target-section diff rows. This artifact does not establish exclusive public-law causal attribution, complete codified lineage, implementation outcomes, direct target-section court review, welfare evidence, causal effects, or model validation."
59,60,63,63,117-s-3580,117-146,2022-06-16,46 USC 41110,direct_us_code_reference,46,41110,added_target_section,reviewed_added_target_section_diff,1,2021,2022,https://uscode.house.gov/view.xhtml?edition=2021&num=0&req=granuleid%3AUSC-2021-title46-section41110,https://uscode.house.gov/view.xhtml?edition=2022&num=0&req=granuleid%3AUSC-2022-title46-section41110,https://uscode.house.gov/view.xhtml?edition=prelim&num=0&req=granuleid%3AUSC-prelim-title46-section41110,official_olrc_current_section_page_fetched,200,d27a0948e5317e8fac774cae1466e364f4fffc53aa76b5b0ccf7c2dc4b2dea81,143583,§41110. Data collection The Federal Maritime Commission shall publish on its website a calendar quarterly report that describes the total import and export tonnage and the total lo,2,current_page_mentions_public_law,2,7d641292e606ea628de81f96717988db7562a0f46dcea58db5884c59b05272b1,e0d26990b901716258ccf02ae17e7c1ab6e4c4382c6414b701d7637e495068ff,reviewed_current_effective_text_source_with_public_law_note,1,official_olrc_current_us_code_page; official_olrc_current_public_law_note_scan; source_reviewed_target_section_diff,Official OLRC current U.S. Code page was fetched and its current text mentions the queued public law; public-law causation remains separately unreviewed.,not_reviewed_for_exclusive_public_law_causation,"Effective-text review is limited to official OLRC current source availability, current text hash/byte metadata, and current public-law note presence. It does not assign exclusive public-law causation.",statutory_lineage_source_reviewed_target_section_diff; official_olrc_annual_us_code_text_diff; official_olrc_current_us_code_page; statutory_lineage_effective_text_source_review,complete_codified_usc_lineage_review; public_law_causal_attribution; implementation_outcomes; direct_target_section_court_review; welfare_or_public_benefit; model_validation,"Law-revision effective-text source review only. Rows confirm official OLRC current U.S. Code source availability and current public-law note presence for source-reviewed target-section diff rows. This artifact does not establish exclusive public-law causal attribution, complete codified lineage, implementation outcomes, direct target-section court review, welfare evidence, causal effects, or model validation."
60,61,64,64,117-s-3580,117-146,2022-06-16,46 USC 101 note,direct_us_code_reference,46,101,amended_existing_target_section,reviewed_pre_post_target_section_diff,1,2021,2022,https://uscode.house.gov/view.xhtml?edition=2021&num=0&req=granuleid%3AUSC-2021-title46-section101,https://uscode.house.gov/view.xhtml?edition=2022&num=0&req=granuleid%3AUSC-2022-title46-section101,https://uscode.house.gov/view.xhtml?edition=prelim&num=0&req=granuleid%3AUSC-prelim-title46-section101,official_olrc_current_section_page_fetched,200,c004b4b2a7ee5833e35f18552e92b61816777a75b2c648c36bd95c3b3e837a82,170960,"§101. Agency In this title, the term ""agency"" means a department, agency, or instrumentality of the United States Government.",1,current_page_mentions_public_law,1,3bf702bad6176902ec77beafc23ae4ce48632299c12a47763d72e7969f860d31,c80dde321b7151070a24fc7465a3387109d816a53393c3e3f643d82b3db67c2e,reviewed_current_effective_text_source_with_public_law_note,1,official_olrc_current_us_code_page; official_olrc_current_public_law_note_scan; source_reviewed_target_section_diff,Official OLRC current U.S. Code page was fetched and its current text mentions the queued public law; public-law causation remains separately unreviewed.,not_reviewed_for_exclusive_public_law_causation,"Effective-text review is limited to official OLRC current source availability, current text hash/byte metadata, and current public-law note presence. It does not assign exclusive public-law causation.",statutory_lineage_source_reviewed_target_section_diff; official_olrc_annual_us_code_text_diff; official_olrc_current_us_code_page; statutory_lineage_effective_text_source_review,complete_codified_usc_lineage_review; public_law_causal_attribution; implementation_outcomes; direct_target_section_court_review; welfare_or_public_benefit; model_validation,"Law-revision effective-text source review only. Rows confirm official OLRC current U.S. Code source availability and current public-law note presence for source-reviewed target-section diff rows. This artifact does not establish exclusive public-law causal attribution, complete codified lineage, implementation outcomes, direct target-section court review, welfare evidence, causal effects, or model validation."
61,62,65,65,117-s-3580,117-146,2022-06-16,46 USC 40101,title_code_section_phrase,46,40101,amended_existing_target_section,reviewed_pre_post_target_section_diff,1,2021,2022,https://uscode.house.gov/view.xhtml?edition=2021&num=0&req=granuleid%3AUSC-2021-title46-section40101,https://uscode.house.gov/view.xhtml?edition=2022&num=0&req=granuleid%3AUSC-2022-title46-section40101,https://uscode.house.gov/view.xhtml?edition=prelim&num=0&req=granuleid%3AUSC-prelim-title46-section40101,official_olrc_current_section_page_fetched,200,1932c288c6321e430b984004473fa05fa812a6a91a5e372ae91c6b276bf69a17,148801,§40101. Purposes The purposes of this part are to-,4,current_page_mentions_public_law,3,c6d7618d3c9d8c6f3e3821cabce9316175c08d70cc8a54102b5e1df248f88f2a,46bc2e0a6be77118ed7c06ac0495664770eb8b1aa1c055d6518ec5c07a292387,reviewed_current_effective_text_source_with_public_law_note,1,official_olrc_current_us_code_page; official_olrc_current_public_law_note_scan; source_reviewed_target_section_diff,Official OLRC current U.S. Code page was fetched and its current text mentions the queued public law; public-law causation remains separately unreviewed.,not_reviewed_for_exclusive_public_law_causation,"Effective-text review is limited to official OLRC current source availability, current text hash/byte metadata, and current public-law note presence. It does not assign exclusive public-law causation.",statutory_lineage_source_reviewed_target_section_diff; official_olrc_annual_us_code_text_diff; official_olrc_current_us_code_page; statutory_lineage_effective_text_source_review,complete_codified_usc_lineage_review; public_law_causal_attribution; implementation_outcomes; direct_target_section_court_review; welfare_or_public_benefit; model_validation,"Law-revision effective-text source review only. Rows confirm official OLRC current U.S. Code source availability and current public-law note presence for source-reviewed target-section diff rows. This artifact does not establish exclusive public-law causal attribution, complete codified lineage, implementation outcomes, direct target-section court review, welfare evidence, causal effects, or model validation."
62,63,66,66,117-s-3580,117-146,2022-06-16,46 USC 40502(c),title_code_section_phrase,46,40502,amended_existing_target_section,reviewed_pre_post_target_section_diff,1,2021,2022,https://uscode.house.gov/view.xhtml?edition=2021&num=0&req=granuleid%3AUSC-2021-title46-section40502,https://uscode.house.gov/view.xhtml?edition=2022&num=0&req=granuleid%3AUSC-2022-title46-section40502,https://uscode.house.gov/view.xhtml?edition=prelim&num=0&req=granuleid%3AUSC-prelim-title46-section40502,official_olrc_current_section_page_fetched,200,3bcc3b2c7d1e9f5bc35e6b4f877fc4ea876ac7736370b9f743ddafddca31eb31,153509,§40502. Service contracts,2,current_page_mentions_public_law,2,4044b7d3b0fb4dcf248887c303e3602b35aebc24e99f99ef18a90b2f8a3d2889,45ee274adc7bc08fdc07db0902e54bddd929069971d83aa34b34f782ff1634e2,reviewed_current_effective_text_source_with_public_law_note,1,official_olrc_current_us_code_page; official_olrc_current_public_law_note_scan; source_reviewed_target_section_diff,Official OLRC current U.S. Code page was fetched and its current text mentions the queued public law; public-law causation remains separately unreviewed.,not_reviewed_for_exclusive_public_law_causation,"Effective-text review is limited to official OLRC current source availability, current text hash/byte metadata, and current public-law note presence. It does not assign exclusive public-law causation.",statutory_lineage_source_reviewed_target_section_diff; official_olrc_annual_us_code_text_diff; official_olrc_current_us_code_page; statutory_lineage_effective_text_source_review,complete_codified_usc_lineage_review; public_law_causal_attribution; implementation_outcomes; direct_target_section_court_review; welfare_or_public_benefit; model_validation,"Law-revision effective-text source review only. Rows confirm official OLRC current U.S. Code source availability and current public-law note presence for source-reviewed target-section diff rows. This artifact does not establish exclusive public-law causal attribution, complete codified lineage, implementation outcomes, direct target-section court review, welfare evidence, causal effects, or model validation."
63,64,67,67,117-s-3580,117-146,2022-06-16,46 USC 40504 note,direct_us_code_reference,46,40504,added_target_section,reviewed_added_target_section_diff,1,2021,2022,https://uscode.house.gov/view.xhtml?edition=2021&num=0&req=granuleid%3AUSC-2021-title46-section40504,https://uscode.house.gov/view.xhtml?edition=2022&num=0&req=granuleid%3AUSC-2022-title46-section40504,https://uscode.house.gov/view.xhtml?edition=prelim&num=0&req=granuleid%3AUSC-prelim-title46-section40504,official_olrc_current_section_page_fetched,200,c5174ce9c300577b02bbc86af8df24c8e0f2a5ed41ca27af275649834b21487b,146283,§40504. Shipping exchange registry,3,current_page_mentions_public_law,3,7d641292e606ea628de81f96717988db7562a0f46dcea58db5884c59b05272b1,0ad6c3881a98dcaf728a942b50c711c5e7c107f181e084b1db700082d64252ef,reviewed_current_effective_text_source_with_public_law_note,1,official_olrc_current_us_code_page; official_olrc_current_public_law_note_scan; source_reviewed_target_section_diff,Official OLRC current U.S. Code page was fetched and its current text mentions the queued public law; public-law causation remains separately unreviewed.,not_reviewed_for_exclusive_public_law_causation,"Effective-text review is limited to official OLRC current source availability, current text hash/byte metadata, and current public-law note presence. It does not assign exclusive public-law causation.",statutory_lineage_source_reviewed_target_section_diff; official_olrc_annual_us_code_text_diff; official_olrc_current_us_code_page; statutory_lineage_effective_text_source_review,complete_codified_usc_lineage_review; public_law_causal_attribution; implementation_outcomes; direct_target_section_court_review; welfare_or_public_benefit; model_validation,"Law-revision effective-text source review only. Rows confirm official OLRC current U.S. Code source availability and current public-law note presence for source-reviewed target-section diff rows. This artifact does not establish exclusive public-law causal attribution, complete codified lineage, implementation outcomes, direct target-section court review, welfare evidence, causal effects, or model validation."
64,65,68,68,117-s-3580,117-146,2022-06-16,46 USC 41102,title_code_section_phrase,46,41102,amended_existing_target_section,reviewed_pre_post_target_section_diff,1,2021,2022,https://uscode.house.gov/view.xhtml?edition=2021&num=0&req=granuleid%3AUSC-2021-title46-section41102,https://uscode.house.gov/view.xhtml?edition=2022&num=0&req=granuleid%3AUSC-2022-title46-section41102,https://uscode.house.gov/view.xhtml?edition=prelim&num=0&req=granuleid%3AUSC-prelim-title46-section41102,official_olrc_current_section_page_fetched,200,d7f1da2ab66cd7a5c5864b571bd2ae6b1b274d53ce908a7be92dedb8f17da271,149886,§41102. General prohibitions,3,current_page_mentions_public_law,3,217d5b7e2be7477c779f0b5b41f41b0310bba3d68c2573c31eb8359137e96e06,2d96438dc00ff0c859fa8cf7ae49fe845509a07283494d4cac159fca56438624,reviewed_current_effective_text_source_with_public_law_note,1,official_olrc_current_us_code_page; official_olrc_current_public_law_note_scan; source_reviewed_target_section_diff,Official OLRC current U.S. Code page was fetched and its current text mentions the queued public law; public-law causation remains separately unreviewed.,not_reviewed_for_exclusive_public_law_causation,"Effective-text review is limited to official OLRC current source availability, current text hash/byte metadata, and current public-law note presence. It does not assign exclusive public-law causation.",statutory_lineage_source_reviewed_target_section_diff; official_olrc_annual_us_code_text_diff; official_olrc_current_us_code_page; statutory_lineage_effective_text_source_review,complete_codified_usc_lineage_review; public_law_causal_attribution; implementation_outcomes; direct_target_section_court_review; welfare_or_public_benefit; model_validation,"Law-revision effective-text source review only. Rows confirm official OLRC current U.S. Code source availability and current public-law note presence for source-reviewed target-section diff rows. This artifact does not establish exclusive public-law causal attribution, complete codified lineage, implementation outcomes, direct target-section court review, welfare evidence, causal effects, or model validation."
65,66,69,69,117-s-3580,117-146,2022-06-16,46 USC 41102 note,direct_us_code_reference,46,41102,amended_existing_target_section,reviewed_pre_post_target_section_diff,1,2021,2022,https://uscode.house.gov/view.xhtml?edition=2021&num=0&req=granuleid%3AUSC-2021-title46-section41102,https://uscode.house.gov/view.xhtml?edition=2022&num=0&req=granuleid%3AUSC-2022-title46-section41102,https://uscode.house.gov/view.xhtml?edition=prelim&num=0&req=granuleid%3AUSC-prelim-title46-section41102,official_olrc_current_section_page_fetched,200,b2537701c79ae8afe2fb23ac4c8c6bd6603f76c1e4e443957030a5af77c47613,149906,§41102. General prohibitions,3,current_page_mentions_public_law,3,217d5b7e2be7477c779f0b5b41f41b0310bba3d68c2573c31eb8359137e96e06,2d96438dc00ff0c859fa8cf7ae49fe845509a07283494d4cac159fca56438624,reviewed_current_effective_text_source_with_public_law_note,1,official_olrc_current_us_code_page; official_olrc_current_public_law_note_scan; source_reviewed_target_section_diff,Official OLRC current U.S. Code page was fetched and its current text mentions the queued public law; public-law causation remains separately unreviewed.,not_reviewed_for_exclusive_public_law_causation,"Effective-text review is limited to official OLRC current source availability, current text hash/byte metadata, and current public-law note presence. It does not assign exclusive public-law causation.",statutory_lineage_source_reviewed_target_section_diff; official_olrc_annual_us_code_text_diff; official_olrc_current_us_code_page; statutory_lineage_effective_text_source_review,complete_codified_usc_lineage_review; public_law_causal_attribution; implementation_outcomes; direct_target_section_court_review; welfare_or_public_benefit; model_validation,"Law-revision effective-text source review only. Rows confirm official OLRC current U.S. Code source availability and current public-law note presence for source-reviewed target-section diff rows. This artifact does not establish exclusive public-law causal attribution, complete codified lineage, implementation outcomes, direct target-section court review, welfare evidence, causal effects, or model validation."
66,68,71,71,117-s-3580,117-146,2022-06-16,46 USC 41104,title_code_section_phrase,46,41104,amended_existing_target_section,reviewed_pre_post_target_section_diff,1,2021,2022,https://uscode.house.gov/view.xhtml?edition=2021&num=0&req=granuleid%3AUSC-2021-title46-section41104,https://uscode.house.gov/view.xhtml?edition=2022&num=0&req=granuleid%3AUSC-2022-title46-section41104,https://uscode.house.gov/view.xhtml?edition=prelim&num=0&req=granuleid%3AUSC-prelim-title46-section41104,official_olrc_current_section_page_fetched,200,49652e292c9a033ec30cfa4b098c59541bf869b9ad205b9f8657dd00b2ba95f1,163843,§41104. Common carriers,8,current_page_mentions_public_law,3,5b97243161040ed05542788cde9d3b4da1f15a42e6868e0ad998ea129992b4ba,73340968096c0f6c43f7886d275a68050a65b3f164f054e7b2d0fdccbacc35e4,reviewed_current_effective_text_source_with_public_law_note,1,official_olrc_current_us_code_page; official_olrc_current_public_law_note_scan; source_reviewed_target_section_diff,Official OLRC current U.S. Code page was fetched and its current text mentions the queued public law; public-law causation remains separately unreviewed.,not_reviewed_for_exclusive_public_law_causation,"Effective-text review is limited to official OLRC current source availability, current text hash/byte metadata, and current public-law note presence. It does not assign exclusive public-law causation.",statutory_lineage_source_reviewed_target_section_diff; official_olrc_annual_us_code_text_diff; official_olrc_current_us_code_page; statutory_lineage_effective_text_source_review,complete_codified_usc_lineage_review; public_law_causal_attribution; implementation_outcomes; direct_target_section_court_review; welfare_or_public_benefit; model_validation,"Law-revision effective-text source review only. Rows confirm official OLRC current U.S. Code source availability and current public-law note presence for source-reviewed target-section diff rows. This artifact does not establish exclusive public-law causal attribution, complete codified lineage, implementation outcomes, direct target-section court review, welfare evidence, causal effects, or model validation."
67,69,72,72,117-s-3580,117-146,2022-06-16,46 USC 41104 note,direct_us_code_reference,46,41104,amended_existing_target_section,reviewed_pre_post_target_section_diff,1,2021,2022,https://uscode.house.gov/view.xhtml?edition=2021&num=0&req=granuleid%3AUSC-2021-title46-section41104,https://uscode.house.gov/view.xhtml?edition=2022&num=0&req=granuleid%3AUSC-2022-title46-section41104,https://uscode.house.gov/view.xhtml?edition=prelim&num=0&req=granuleid%3AUSC-prelim-title46-section41104,official_olrc_current_section_page_fetched,200,97e1a22bbddeffe3539706336adaf70aaf5694bd0f52d604da6b699a301afdd3,163803,§41104. Common carriers,8,current_page_mentions_public_law,3,5b97243161040ed05542788cde9d3b4da1f15a42e6868e0ad998ea129992b4ba,73340968096c0f6c43f7886d275a68050a65b3f164f054e7b2d0fdccbacc35e4,reviewed_current_effective_text_source_with_public_law_note,1,official_olrc_current_us_code_page; official_olrc_current_public_law_note_scan; source_reviewed_target_section_diff,Official OLRC current U.S. Code page was fetched and its current text mentions the queued public law; public-law causation remains separately unreviewed.,not_reviewed_for_exclusive_public_law_causation,"Effective-text review is limited to official OLRC current source availability, current text hash/byte metadata, and current public-law note presence. It does not assign exclusive public-law causation.",statutory_lineage_source_reviewed_target_section_diff; official_olrc_annual_us_code_text_diff; official_olrc_current_us_code_page; statutory_lineage_effective_text_source_review,complete_codified_usc_lineage_review; public_law_causal_attribution; implementation_outcomes; direct_target_section_court_review; welfare_or_public_benefit; model_validation,"Law-revision effective-text source review only. Rows confirm official OLRC current U.S. Code source availability and current public-law note presence for source-reviewed target-section diff rows. This artifact does not establish exclusive public-law causal attribution, complete codified lineage, implementation outcomes, direct target-section court review, welfare evidence, causal effects, or model validation."
68,70,73,73,117-s-3580,117-146,2022-06-16,46 USC 41104(a)(3),title_code_section_phrase,46,41104,amended_existing_target_section,reviewed_pre_post_target_section_diff,1,2021,2022,https://uscode.house.gov/view.xhtml?edition=2021&num=0&req=granuleid%3AUSC-2021-title46-section41104,https://uscode.house.gov/view.xhtml?edition=2022&num=0&req=granuleid%3AUSC-2022-title46-section41104,https://uscode.house.gov/view.xhtml?edition=prelim&num=0&req=granuleid%3AUSC-prelim-title46-section41104,official_olrc_current_section_page_fetched,200,db000a8eb73659965c87ca1208ebce8c496b32753593e954f7b9a05b99ef177b,163743,§41104. Common carriers,8,current_page_mentions_public_law,3,5b97243161040ed05542788cde9d3b4da1f15a42e6868e0ad998ea129992b4ba,73340968096c0f6c43f7886d275a68050a65b3f164f054e7b2d0fdccbacc35e4,reviewed_current_effective_text_source_with_public_law_note,1,official_olrc_current_us_code_page; official_olrc_current_public_law_note_scan; source_reviewed_target_section_diff,Official OLRC current U.S. Code page was fetched and its current text mentions the queued public law; public-law causation remains separately unreviewed.,not_reviewed_for_exclusive_public_law_causation,"Effective-text review is limited to official OLRC current source availability, current text hash/byte metadata, and current public-law note presence. It does not assign exclusive public-law causation.",statutory_lineage_source_reviewed_target_section_diff; official_olrc_annual_us_code_text_diff; official_olrc_current_us_code_page; statutory_lineage_effective_text_source_review,complete_codified_usc_lineage_review; public_law_causal_attribution; implementation_outcomes; direct_target_section_court_review; welfare_or_public_benefit; model_validation,"Law-revision effective-text source review only. Rows confirm official OLRC current U.S. Code source availability and current public-law note presence for source-reviewed target-section diff rows. This artifact does not establish exclusive public-law causal attribution, complete codified lineage, implementation outcomes, direct target-section court review, welfare evidence, causal effects, or model validation."
69,71,74,74,117-s-3580,117-146,2022-06-16,46 USC 41110 note,direct_us_code_reference,46,41110,added_target_section,reviewed_added_target_section_diff,1,2021,2022,https://uscode.house.gov/view.xhtml?edition=2021&num=0&req=granuleid%3AUSC-2021-title46-section41110,https://uscode.house.gov/view.xhtml?edition=2022&num=0&req=granuleid%3AUSC-2022-title46-section41110,https://uscode.house.gov/view.xhtml?edition=prelim&num=0&req=granuleid%3AUSC-prelim-title46-section41110,official_olrc_current_section_page_fetched,200,b6b97e703ac920c507cd200c87bb20fe2008fb30339283967fc8ffb6c95ac90f,143643,§41110. Data collection The Federal Maritime Commission shall publish on its website a calendar quarterly report that describes the total import and export tonnage and the total lo,2,current_page_mentions_public_law,2,7d641292e606ea628de81f96717988db7562a0f46dcea58db5884c59b05272b1,e0d26990b901716258ccf02ae17e7c1ab6e4c4382c6414b701d7637e495068ff,reviewed_current_effective_text_source_with_public_law_note,1,official_olrc_current_us_code_page; official_olrc_current_public_law_note_scan; source_reviewed_target_section_diff,Official OLRC current U.S. Code page was fetched and its current text mentions the queued public law; public-law causation remains separately unreviewed.,not_reviewed_for_exclusive_public_law_causation,"Effective-text review is limited to official OLRC current source availability, current text hash/byte metadata, and current public-law note presence. It does not assign exclusive public-law causation.",statutory_lineage_source_reviewed_target_section_diff; official_olrc_annual_us_code_text_diff; official_olrc_current_us_code_page; statutory_lineage_effective_text_source_review,complete_codified_usc_lineage_review; public_law_causal_attribution; implementation_outcomes; direct_target_section_court_review; welfare_or_public_benefit; model_validation,"Law-revision effective-text source review only. Rows confirm official OLRC current U.S. Code source availability and current public-law note presence for source-reviewed target-section diff rows. This artifact does not establish exclusive public-law causal attribution, complete codified lineage, implementation outcomes, direct target-section court review, welfare evidence, causal effects, or model validation."
70,72,75,75,117-s-3580,117-146,2022-06-16,46 USC 46106,title_code_section_phrase,46,46106,amended_existing_target_section,reviewed_pre_post_target_section_diff,1,2021,2022,https://uscode.house.gov/view.xhtml?edition=2021&num=0&req=granuleid%3AUSC-2021-title46-section46106,https://uscode.house.gov/view.xhtml?edition=2022&num=0&req=granuleid%3AUSC-2022-title46-section46106,https://uscode.house.gov/view.xhtml?edition=prelim&num=0&req=granuleid%3AUSC-prelim-title46-section46106,official_olrc_current_section_page_fetched,200,da8e75073800fac051b8e43569ae5c10144ded02e5c41ea4266acfcb1184b46f,154455,§46106. Annual report and public disclosure,4,current_page_mentions_public_law,3,db78e3eb447f0b34ecd0d7d974501408026ebac529d2f772b2f7cdf907a63969,4305a3fbd39acffedb618bd3b3b84fa9fd909f064d3b4c3a35d6f01675d88196,reviewed_current_effective_text_source_with_public_law_note,1,official_olrc_current_us_code_page; official_olrc_current_public_law_note_scan; source_reviewed_target_section_diff,Official OLRC current U.S. Code page was fetched and its current text mentions the queued public law; public-law causation remains separately unreviewed.,not_reviewed_for_exclusive_public_law_causation,"Effective-text review is limited to official OLRC current source availability, current text hash/byte metadata, and current public-law note presence. It does not assign exclusive public-law causation.",statutory_lineage_source_reviewed_target_section_diff; official_olrc_annual_us_code_text_diff; official_olrc_current_us_code_page; statutory_lineage_effective_text_source_review,complete_codified_usc_lineage_review; public_law_causal_attribution; implementation_outcomes; direct_target_section_court_review; welfare_or_public_benefit; model_validation,"Law-revision effective-text source review only. Rows confirm official OLRC current U.S. Code source availability and current public-law note presence for source-reviewed target-section diff rows. This artifact does not establish exclusive public-law causal attribution, complete codified lineage, implementation outcomes, direct target-section court review, welfare evidence, causal effects, or model validation."
71,73,81,81,117-hr-7352,117-166,2022-08-05,15 USC 631 note,direct_us_code_reference,15,631,amended_existing_target_section,reviewed_pre_post_target_section_diff,1,2021,2022,https://uscode.house.gov/view.xhtml?edition=2021&num=0&req=granuleid%3AUSC-2021-title15-section631,https://uscode.house.gov/view.xhtml?edition=2022&num=0&req=granuleid%3AUSC-2022-title15-section631,https://uscode.house.gov/view.xhtml?edition=prelim&num=0&req=granuleid%3AUSC-prelim-title15-section631,official_olrc_current_section_page_fetched,200,596ac5c757a111d1b8b4833a460a1c3f6af022e308934042619685a249e243c8,427887,§631. Declaration of policy,1,current_page_mentions_public_law,1,f7d3d7d1059c80651c9893347f62daf2375b4009290275dfc3f02922ebe76a5e,510f7ae696e3978c83240b8e69388f0d8a60eb2da7e10281bc66b93a42dcb41f,reviewed_current_effective_text_source_with_public_law_note,1,official_olrc_current_us_code_page; official_olrc_current_public_law_note_scan; source_reviewed_target_section_diff,Official OLRC current U.S. Code page was fetched and its current text mentions the queued public law; public-law causation remains separately unreviewed.,not_reviewed_for_exclusive_public_law_causation,"Effective-text review is limited to official OLRC current source availability, current text hash/byte metadata, and current public-law note presence. It does not assign exclusive public-law causation.",statutory_lineage_source_reviewed_target_section_diff; official_olrc_annual_us_code_text_diff; official_olrc_current_us_code_page; statutory_lineage_effective_text_source_review,complete_codified_usc_lineage_review; public_law_causal_attribution; implementation_outcomes; direct_target_section_court_review; welfare_or_public_benefit; model_validation,"Law-revision effective-text source review only. Rows confirm official OLRC current U.S. Code source availability and current public-law note presence for source-reviewed target-section diff rows. This artifact does not establish exclusive public-law causal attribution, complete codified lineage, implementation outcomes, direct target-section court review, welfare evidence, causal effects, or model validation."
72,74,82,82,117-hr-7352,117-166,2022-08-05,15 USC 636(a)(36),direct_us_code_reference,15,636,amended_existing_target_section,reviewed_pre_post_target_section_diff,1,2021,2022,https://uscode.house.gov/view.xhtml?edition=2021&num=0&req=granuleid%3AUSC-2021-title15-section636,https://uscode.house.gov/view.xhtml?edition=2022&num=0&req=granuleid%3AUSC-2022-title15-section636,https://uscode.house.gov/view.xhtml?edition=prelim&num=0&req=granuleid%3AUSC-prelim-title15-section636,official_olrc_current_section_page_fetched,200,61a15810db85cd0f170df990573dc66576a4a9831ec57500a5121224511eb764,974589,§636. Additional powers,3,current_page_mentions_public_law,3,10d4d29fd65d2bca6c4d2c322617da90ec3e236a528b4a5dd772c13be6d46ddf,9699566bbc870ef5d1779641238415748ad362cf7f761281bfda1a6971f1fa21,reviewed_current_effective_text_source_with_public_law_note,1,official_olrc_current_us_code_page; official_olrc_current_public_law_note_scan; source_reviewed_target_section_diff,Official OLRC current U.S. Code page was fetched and its current text mentions the queued public law; public-law causation remains separately unreviewed.,not_reviewed_for_exclusive_public_law_causation,"Effective-text review is limited to official OLRC current source availability, current text hash/byte metadata, and current public-law note presence. It does not assign exclusive public-law causation.",statutory_lineage_source_reviewed_target_section_diff; official_olrc_annual_us_code_text_diff; official_olrc_current_us_code_page; statutory_lineage_effective_text_source_review,complete_codified_usc_lineage_review; public_law_causal_attribution; implementation_outcomes; direct_target_section_court_review; welfare_or_public_benefit; model_validation,"Law-revision effective-text source review only. Rows confirm official OLRC current U.S. Code source availability and current public-law note presence for source-reviewed target-section diff rows. This artifact does not establish exclusive public-law causal attribution, complete codified lineage, implementation outcomes, direct target-section court review, welfare evidence, causal effects, or model validation."
73,75,83,83,117-hr-7352,117-166,2022-08-05,15 USC 636(a)(37),direct_us_code_reference,15,636,amended_existing_target_section,reviewed_pre_post_target_section_diff,1,2021,2022,https://uscode.house.gov/view.xhtml?edition=2021&num=0&req=granuleid%3AUSC-2021-title15-section636,https://uscode.house.gov/view.xhtml?edition=2022&num=0&req=granuleid%3AUSC-2022-title15-section636,https://uscode.house.gov/view.xhtml?edition=prelim&num=0&req=granuleid%3AUSC-prelim-title15-section636,official_olrc_current_section_page_fetched,200,e21f7dddb5bcd18d1df18b777f10c2ce648c37bac691001639971e62d1e7808e,974489,§636. Additional powers,3,current_page_mentions_public_law,3,10d4d29fd65d2bca6c4d2c322617da90ec3e236a528b4a5dd772c13be6d46ddf,9699566bbc870ef5d1779641238415748ad362cf7f761281bfda1a6971f1fa21,reviewed_current_effective_text_source_with_public_law_note,1,official_olrc_current_us_code_page; official_olrc_current_public_law_note_scan; source_reviewed_target_section_diff,Official OLRC current U.S. Code page was fetched and its current text mentions the queued public law; public-law causation remains separately unreviewed.,not_reviewed_for_exclusive_public_law_causation,"Effective-text review is limited to official OLRC current source availability, current text hash/byte metadata, and current public-law note presence. It does not assign exclusive public-law causation.",statutory_lineage_source_reviewed_target_section_diff; official_olrc_annual_us_code_text_diff; official_olrc_current_us_code_page; statutory_lineage_effective_text_source_review,complete_codified_usc_lineage_review; public_law_causal_attribution; implementation_outcomes; direct_target_section_court_review; welfare_or_public_benefit; model_validation,"Law-revision effective-text source review only. Rows confirm official OLRC current U.S. Code source availability and current public-law note presence for source-reviewed target-section diff rows. This artifact does not establish exclusive public-law causal attribution, complete codified lineage, implementation outcomes, direct target-section court review, welfare evidence, causal effects, or model validation."
