public_law_attribution_review_rank,effective_text_review_rank,review_rank,target_review_packet_rank,text_diff_rank,bill_id,public_law_number,enacted_date,target_reference,target_reference_type,normalized_title,normalized_section,codified_lineage_relationship,target_section_diff_review_status,source_reviewed_target_section_diff,law_revision_effective_text_reviewed,pre_edition,post_edition,public_law_source_url,govinfo_package_id,govinfo_text_url,govinfo_details_url,public_law_text_sha256,public_law_text_bytes,pre_olrc_url,post_olrc_url,current_olrc_url,pre_normalized_text_sha256,post_normalized_text_sha256,annual_normalized_text_hash_status,annual_normalized_text_char_delta,annual_public_law_reference_hit_delta,annual_post_public_law_context_count,annual_automated_diff_cue_status,annual_section_change_cue_status,annual_manual_review_priority,current_effective_text_review_status,current_public_law_reference_status,public_law_causal_attribution,public_law_causal_attribution_reviewed,attribution_source_basis,attribution_review_summary,source_review_notes,evidence_layers,missing_links,claim_boundary
1,1,1,15,15,117-hr-5376,117-169,2022-08-16,26 USC 4501,direct_us_code_reference,26,4501,added_target_section,reviewed_added_target_section_diff,1,1,2021,2022,https://www.govinfo.gov/content/pkg/PLAW-117publ169/html/PLAW-117publ169.htm,PLAW-117publ169,https://www.govinfo.gov/content/pkg/PLAW-117publ169/html/PLAW-117publ169.htm,https://www.govinfo.gov/app/details/PLAW-117publ169,434fc6a6ce14a952520b0ea027ca5be5837782c77d197e89efc91b6c5847fbac,1036994,https://uscode.house.gov/view.xhtml?edition=2021&num=0&req=granuleid%3AUSC-2021-title26-section4501,https://uscode.house.gov/view.xhtml?edition=2022&num=0&req=granuleid%3AUSC-2022-title26-section4501,https://uscode.house.gov/view.xhtml?edition=prelim&num=0&req=granuleid%3AUSC-prelim-title26-section4501,39d6efccad7c08d922f6c4816c30ce6c68f665c3520efcda26e06c306af9836a,4a29e0768a16d496e7821b1c3da1b86ac24e9f3c48d8f329869d1eae47255fdf,pre_post_normalized_text_changed,5243,2,2,post_only_public_law_marker_on_changed_annual_page,normalized_section_changed_with_post_only_public_law_marker,priority_1_review_post_public_law_context_and_target_section,reviewed_current_effective_text_source_with_public_law_note,current_page_mentions_public_law,reviewed_target_section_diff_attributed_to_queued_public_law,1,source_reviewed_target_section_diff; official_govinfo_public_law_text; official_olrc_annual_pre_post_text_diff; post_only_public_law_marker; official_olrc_current_effective_text_review,"Reviewed target-section diff is attributed to the queued public law because the official public-law text was scanned, annual OLRC target text changed, the post annual page introduced the queued public-law marker, and the current OLRC page retains public-law note evidence.","Attribution is limited to the reviewed target-section diff row. It is not a complete codification history, implementation outcome, direct court review, welfare assessment, or model-validation finding.",statutory_lineage_source_reviewed_target_section_diff; official_govinfo_public_law_text_scan; official_olrc_annual_us_code_text_diff; statutory_lineage_effective_text_source_review; statutory_lineage_public_law_attribution_review,complete_codified_usc_lineage_review; implementation_outcomes; direct_target_section_court_review; welfare_or_public_benefit; model_validation,"Target-section public-law attribution review only. Rows confirm that a source-reviewed target-section diff also has official GovInfo public-law source text, changed annual OLRC target text, a post-only public-law marker, and effective-text source review. This artifact does not establish complete codified lineage, exclusive current-section causation outside the reviewed target diff, implementation outcomes, direct target-section court review, welfare evidence, causal effects, or model validation."
2,2,2,16,16,117-hr-5376,117-169,2022-08-16,26 USC 55,direct_us_code_reference,26,55,amended_existing_target_section,reviewed_pre_post_target_section_diff,1,1,2021,2022,https://www.govinfo.gov/content/pkg/PLAW-117publ169/html/PLAW-117publ169.htm,PLAW-117publ169,https://www.govinfo.gov/content/pkg/PLAW-117publ169/html/PLAW-117publ169.htm,https://www.govinfo.gov/app/details/PLAW-117publ169,434fc6a6ce14a952520b0ea027ca5be5837782c77d197e89efc91b6c5847fbac,1036994,https://uscode.house.gov/view.xhtml?edition=2021&num=0&req=granuleid%3AUSC-2021-title26-section55,https://uscode.house.gov/view.xhtml?edition=2022&num=0&req=granuleid%3AUSC-2022-title26-section55,https://uscode.house.gov/view.xhtml?edition=prelim&num=0&req=granuleid%3AUSC-prelim-title26-section55,07bf11df8255551d4d4ae809eebbe4ba7d0c636f6bb0634557b0d0dc208dcf1f,80aca1df880e69d1afa67901f7f7fbd31a44a419403b2af1c6711e51f93f3a29,pre_post_normalized_text_changed,1607,8,3,post_only_public_law_marker_on_changed_annual_page,normalized_section_changed_with_post_only_public_law_marker,priority_1_review_post_public_law_context_and_target_section,reviewed_current_effective_text_source_with_public_law_note,current_page_mentions_public_law,reviewed_target_section_diff_attributed_to_queued_public_law,1,source_reviewed_target_section_diff; official_govinfo_public_law_text; official_olrc_annual_pre_post_text_diff; post_only_public_law_marker; official_olrc_current_effective_text_review,"Reviewed target-section diff is attributed to the queued public law because the official public-law text was scanned, annual OLRC target text changed, the post annual page introduced the queued public-law marker, and the current OLRC page retains public-law note evidence.","Attribution is limited to the reviewed target-section diff row. It is not a complete codification history, implementation outcome, direct court review, welfare assessment, or model-validation finding.",statutory_lineage_source_reviewed_target_section_diff; official_govinfo_public_law_text_scan; official_olrc_annual_us_code_text_diff; statutory_lineage_effective_text_source_review; statutory_lineage_public_law_attribution_review,complete_codified_usc_lineage_review; implementation_outcomes; direct_target_section_court_review; welfare_or_public_benefit; model_validation,"Target-section public-law attribution review only. Rows confirm that a source-reviewed target-section diff also has official GovInfo public-law source text, changed annual OLRC target text, a post-only public-law marker, and effective-text source review. This artifact does not establish complete codified lineage, exclusive current-section causation outside the reviewed target diff, implementation outcomes, direct target-section court review, welfare evidence, causal effects, or model validation."
3,3,3,17,17,117-hr-5376,117-169,2022-08-16,26 USC 56A,direct_us_code_reference,26,56A,added_target_section,reviewed_added_target_section_diff,1,1,2021,2022,https://www.govinfo.gov/content/pkg/PLAW-117publ169/html/PLAW-117publ169.htm,PLAW-117publ169,https://www.govinfo.gov/content/pkg/PLAW-117publ169/html/PLAW-117publ169.htm,https://www.govinfo.gov/app/details/PLAW-117publ169,434fc6a6ce14a952520b0ea027ca5be5837782c77d197e89efc91b6c5847fbac,1036994,https://uscode.house.gov/view.xhtml?edition=2021&num=0&req=granuleid%3AUSC-2021-title26-section56A,https://uscode.house.gov/view.xhtml?edition=2022&num=0&req=granuleid%3AUSC-2022-title26-section56A,https://uscode.house.gov/view.xhtml?edition=prelim&num=0&req=granuleid%3AUSC-prelim-title26-section56A,7d641292e606ea628de81f96717988db7562a0f46dcea58db5884c59b05272b1,2f31769e6e0974cee04a4cfe7c1ad983b450a834c7f1696e35791b5094f16735,pre_post_normalized_text_changed,14017,3,3,post_only_public_law_marker_on_changed_annual_page,normalized_section_changed_with_post_only_public_law_marker,priority_1_review_post_public_law_context_and_target_section,reviewed_current_effective_text_source_with_public_law_note,current_page_mentions_public_law,reviewed_target_section_diff_attributed_to_queued_public_law,1,source_reviewed_target_section_diff; official_govinfo_public_law_text; official_olrc_annual_pre_post_text_diff; post_only_public_law_marker; official_olrc_current_effective_text_review,"Reviewed target-section diff is attributed to the queued public law because the official public-law text was scanned, annual OLRC target text changed, the post annual page introduced the queued public-law marker, and the current OLRC page retains public-law note evidence.","Attribution is limited to the reviewed target-section diff row. It is not a complete codification history, implementation outcome, direct court review, welfare assessment, or model-validation finding.",statutory_lineage_source_reviewed_target_section_diff; official_govinfo_public_law_text_scan; official_olrc_annual_us_code_text_diff; statutory_lineage_effective_text_source_review; statutory_lineage_public_law_attribution_review,complete_codified_usc_lineage_review; implementation_outcomes; direct_target_section_court_review; welfare_or_public_benefit; model_validation,"Target-section public-law attribution review only. Rows confirm that a source-reviewed target-section diff also has official GovInfo public-law source text, changed annual OLRC target text, a post-only public-law marker, and effective-text source review. This artifact does not establish complete codified lineage, exclusive current-section causation outside the reviewed target diff, implementation outcomes, direct target-section court review, welfare evidence, causal effects, or model validation."
4,4,4,18,18,117-hr-5376,117-169,2022-08-16,26 USC 59,direct_us_code_reference,26,59,amended_existing_target_section,reviewed_pre_post_target_section_diff,1,1,2021,2022,https://www.govinfo.gov/content/pkg/PLAW-117publ169/html/PLAW-117publ169.htm,PLAW-117publ169,https://www.govinfo.gov/content/pkg/PLAW-117publ169/html/PLAW-117publ169.htm,https://www.govinfo.gov/app/details/PLAW-117publ169,434fc6a6ce14a952520b0ea027ca5be5837782c77d197e89efc91b6c5847fbac,1036994,https://uscode.house.gov/view.xhtml?edition=2021&num=0&req=granuleid%3AUSC-2021-title26-section59,https://uscode.house.gov/view.xhtml?edition=2022&num=0&req=granuleid%3AUSC-2022-title26-section59,https://uscode.house.gov/view.xhtml?edition=prelim&num=0&req=granuleid%3AUSC-prelim-title26-section59,669e6fa9575bafc43347ae653410086c5468941908ee969317c8bfd1e0ba4643,91f5303443cce6a954ad0b747def11a8ac76cf32c241fb5bde73cbb995a62eee,pre_post_normalized_text_changed,10168,6,3,post_only_public_law_marker_on_changed_annual_page,normalized_section_changed_with_post_only_public_law_marker,priority_1_review_post_public_law_context_and_target_section,reviewed_current_effective_text_source_with_public_law_note,current_page_mentions_public_law,reviewed_target_section_diff_attributed_to_queued_public_law,1,source_reviewed_target_section_diff; official_govinfo_public_law_text; official_olrc_annual_pre_post_text_diff; post_only_public_law_marker; official_olrc_current_effective_text_review,"Reviewed target-section diff is attributed to the queued public law because the official public-law text was scanned, annual OLRC target text changed, the post annual page introduced the queued public-law marker, and the current OLRC page retains public-law note evidence.","Attribution is limited to the reviewed target-section diff row. It is not a complete codification history, implementation outcome, direct court review, welfare assessment, or model-validation finding.",statutory_lineage_source_reviewed_target_section_diff; official_govinfo_public_law_text_scan; official_olrc_annual_us_code_text_diff; statutory_lineage_effective_text_source_review; statutory_lineage_public_law_attribution_review,complete_codified_usc_lineage_review; implementation_outcomes; direct_target_section_court_review; welfare_or_public_benefit; model_validation,"Target-section public-law attribution review only. Rows confirm that a source-reviewed target-section diff also has official GovInfo public-law source text, changed annual OLRC target text, a post-only public-law marker, and effective-text source review. This artifact does not establish complete codified lineage, exclusive current-section causation outside the reviewed target diff, implementation outcomes, direct target-section court review, welfare evidence, causal effects, or model validation."
5,5,5,19,19,117-hr-5376,117-169,2022-08-16,26 USC 11 note,direct_us_code_reference,26,11,amended_existing_target_section_with_effective_date_note,reviewed_pre_post_target_section_diff,1,1,2021,2022,https://www.govinfo.gov/content/pkg/PLAW-117publ169/html/PLAW-117publ169.htm,PLAW-117publ169,https://www.govinfo.gov/content/pkg/PLAW-117publ169/html/PLAW-117publ169.htm,https://www.govinfo.gov/app/details/PLAW-117publ169,434fc6a6ce14a952520b0ea027ca5be5837782c77d197e89efc91b6c5847fbac,1036994,https://uscode.house.gov/view.xhtml?edition=2021&num=0&req=granuleid%3AUSC-2021-title26-section11,https://uscode.house.gov/view.xhtml?edition=2022&num=0&req=granuleid%3AUSC-2022-title26-section11,https://uscode.house.gov/view.xhtml?edition=prelim&num=0&req=granuleid%3AUSC-prelim-title26-section11,5220cb6bc130c627fbc9c2177e495505408e4cff7663f00554219cbf6c333b6b,e4bb90bda0b96a4775e395741ddacd67c67c4c744eac7d9beb7d1fbe1382a302,pre_post_normalized_text_changed,593,3,3,post_only_public_law_marker_on_changed_annual_page,normalized_section_changed_with_post_only_public_law_marker,priority_1_review_post_public_law_context_and_target_section,reviewed_current_effective_text_source_with_public_law_note,current_page_mentions_public_law,reviewed_target_section_diff_attributed_to_queued_public_law,1,source_reviewed_target_section_diff; official_govinfo_public_law_text; official_olrc_annual_pre_post_text_diff; post_only_public_law_marker; official_olrc_current_effective_text_review,"Reviewed target-section diff is attributed to the queued public law because the official public-law text was scanned, annual OLRC target text changed, the post annual page introduced the queued public-law marker, and the current OLRC page retains public-law note evidence.","Attribution is limited to the reviewed target-section diff row. It is not a complete codification history, implementation outcome, direct court review, welfare assessment, or model-validation finding.",statutory_lineage_source_reviewed_target_section_diff; official_govinfo_public_law_text_scan; official_olrc_annual_us_code_text_diff; statutory_lineage_effective_text_source_review; statutory_lineage_public_law_attribution_review,complete_codified_usc_lineage_review; implementation_outcomes; direct_target_section_court_review; welfare_or_public_benefit; model_validation,"Target-section public-law attribution review only. Rows confirm that a source-reviewed target-section diff also has official GovInfo public-law source text, changed annual OLRC target text, a post-only public-law marker, and effective-text source review. This artifact does not establish complete codified lineage, exclusive current-section causation outside the reviewed target diff, implementation outcomes, direct target-section court review, welfare evidence, causal effects, or model validation."
6,6,6,20,20,117-hr-5376,117-169,2022-08-16,26 USC 38,direct_us_code_reference,26,38,amended_existing_target_section,reviewed_pre_post_target_section_diff,1,1,2021,2022,https://www.govinfo.gov/content/pkg/PLAW-117publ169/html/PLAW-117publ169.htm,PLAW-117publ169,https://www.govinfo.gov/content/pkg/PLAW-117publ169/html/PLAW-117publ169.htm,https://www.govinfo.gov/app/details/PLAW-117publ169,434fc6a6ce14a952520b0ea027ca5be5837782c77d197e89efc91b6c5847fbac,1036994,https://uscode.house.gov/view.xhtml?edition=2021&num=0&req=granuleid%3AUSC-2021-title26-section38,https://uscode.house.gov/view.xhtml?edition=2022&num=0&req=granuleid%3AUSC-2022-title26-section38,https://uscode.house.gov/view.xhtml?edition=prelim&num=0&req=granuleid%3AUSC-prelim-title26-section38,8950284a1ae9ba3d905815ef59047bf9905f4826c7d24fbf3cce3dc3cc9bd0b2,3c6fd539ed8a886946d6273f405e66719c973f070da134884c8572a5727e1033,pre_post_normalized_text_changed,5883,31,3,post_only_public_law_marker_on_changed_annual_page,normalized_section_changed_with_post_only_public_law_marker,priority_1_review_post_public_law_context_and_target_section,reviewed_current_effective_text_source_with_public_law_note,current_page_mentions_public_law,reviewed_target_section_diff_attributed_to_queued_public_law,1,source_reviewed_target_section_diff; official_govinfo_public_law_text; official_olrc_annual_pre_post_text_diff; post_only_public_law_marker; official_olrc_current_effective_text_review,"Reviewed target-section diff is attributed to the queued public law because the official public-law text was scanned, annual OLRC target text changed, the post annual page introduced the queued public-law marker, and the current OLRC page retains public-law note evidence.","Attribution is limited to the reviewed target-section diff row. It is not a complete codification history, implementation outcome, direct court review, welfare assessment, or model-validation finding.",statutory_lineage_source_reviewed_target_section_diff; official_govinfo_public_law_text_scan; official_olrc_annual_us_code_text_diff; statutory_lineage_effective_text_source_review; statutory_lineage_public_law_attribution_review,complete_codified_usc_lineage_review; implementation_outcomes; direct_target_section_court_review; welfare_or_public_benefit; model_validation,"Target-section public-law attribution review only. Rows confirm that a source-reviewed target-section diff also has official GovInfo public-law source text, changed annual OLRC target text, a post-only public-law marker, and effective-text source review. This artifact does not establish complete codified lineage, exclusive current-section causation outside the reviewed target diff, implementation outcomes, direct target-section court review, welfare evidence, causal effects, or model validation."
7,7,7,21,21,117-hr-5376,117-169,2022-08-16,26 USC 4501 note,direct_us_code_reference,26,4501,added_target_section_with_effective_date_note,reviewed_added_target_section_diff,1,1,2021,2022,https://www.govinfo.gov/content/pkg/PLAW-117publ169/html/PLAW-117publ169.htm,PLAW-117publ169,https://www.govinfo.gov/content/pkg/PLAW-117publ169/html/PLAW-117publ169.htm,https://www.govinfo.gov/app/details/PLAW-117publ169,434fc6a6ce14a952520b0ea027ca5be5837782c77d197e89efc91b6c5847fbac,1036994,https://uscode.house.gov/view.xhtml?edition=2021&num=0&req=granuleid%3AUSC-2021-title26-section4501,https://uscode.house.gov/view.xhtml?edition=2022&num=0&req=granuleid%3AUSC-2022-title26-section4501,https://uscode.house.gov/view.xhtml?edition=prelim&num=0&req=granuleid%3AUSC-prelim-title26-section4501,39d6efccad7c08d922f6c4816c30ce6c68f665c3520efcda26e06c306af9836a,4a29e0768a16d496e7821b1c3da1b86ac24e9f3c48d8f329869d1eae47255fdf,pre_post_normalized_text_changed,5243,2,2,post_only_public_law_marker_on_changed_annual_page,normalized_section_changed_with_post_only_public_law_marker,priority_1_review_post_public_law_context_and_target_section,reviewed_current_effective_text_source_with_public_law_note,current_page_mentions_public_law,reviewed_target_section_diff_attributed_to_queued_public_law,1,source_reviewed_target_section_diff; official_govinfo_public_law_text; official_olrc_annual_pre_post_text_diff; post_only_public_law_marker; official_olrc_current_effective_text_review,"Reviewed target-section diff is attributed to the queued public law because the official public-law text was scanned, annual OLRC target text changed, the post annual page introduced the queued public-law marker, and the current OLRC page retains public-law note evidence.","Attribution is limited to the reviewed target-section diff row. It is not a complete codification history, implementation outcome, direct court review, welfare assessment, or model-validation finding.",statutory_lineage_source_reviewed_target_section_diff; official_govinfo_public_law_text_scan; official_olrc_annual_us_code_text_diff; statutory_lineage_effective_text_source_review; statutory_lineage_public_law_attribution_review,complete_codified_usc_lineage_review; implementation_outcomes; direct_target_section_court_review; welfare_or_public_benefit; model_validation,"Target-section public-law attribution review only. Rows confirm that a source-reviewed target-section diff also has official GovInfo public-law source text, changed annual OLRC target text, a post-only public-law marker, and effective-text source review. This artifact does not establish complete codified lineage, exclusive current-section causation outside the reviewed target diff, implementation outcomes, direct target-section court review, welfare evidence, causal effects, or model validation."
8,8,8,22,22,117-hr-5376,117-169,2022-08-16,26 USC 860E,direct_us_code_reference,26,860E,amended_existing_target_section,reviewed_pre_post_target_section_diff,1,1,2021,2022,https://www.govinfo.gov/content/pkg/PLAW-117publ169/html/PLAW-117publ169.htm,PLAW-117publ169,https://www.govinfo.gov/content/pkg/PLAW-117publ169/html/PLAW-117publ169.htm,https://www.govinfo.gov/app/details/PLAW-117publ169,434fc6a6ce14a952520b0ea027ca5be5837782c77d197e89efc91b6c5847fbac,1036994,https://uscode.house.gov/view.xhtml?edition=2021&num=0&req=granuleid%3AUSC-2021-title26-section860E,https://uscode.house.gov/view.xhtml?edition=2022&num=0&req=granuleid%3AUSC-2022-title26-section860E,https://uscode.house.gov/view.xhtml?edition=prelim&num=0&req=granuleid%3AUSC-prelim-title26-section860E,7c86605386cb7cf5af44951bcaa4699f80214f64066abe51207f8711126f5f82,a35bc3213243338c3e0ad8d4c61dfd8c565f05568c727d968dd2a66f9244e32b,pre_post_normalized_text_changed,378,4,3,post_only_public_law_marker_on_changed_annual_page,normalized_section_changed_with_post_only_public_law_marker,priority_1_review_post_public_law_context_and_target_section,reviewed_current_effective_text_source_with_public_law_note,current_page_mentions_public_law,reviewed_target_section_diff_attributed_to_queued_public_law,1,source_reviewed_target_section_diff; official_govinfo_public_law_text; official_olrc_annual_pre_post_text_diff; post_only_public_law_marker; official_olrc_current_effective_text_review,"Reviewed target-section diff is attributed to the queued public law because the official public-law text was scanned, annual OLRC target text changed, the post annual page introduced the queued public-law marker, and the current OLRC page retains public-law note evidence.","Attribution is limited to the reviewed target-section diff row. It is not a complete codification history, implementation outcome, direct court review, welfare assessment, or model-validation finding.",statutory_lineage_source_reviewed_target_section_diff; official_govinfo_public_law_text_scan; official_olrc_annual_us_code_text_diff; statutory_lineage_effective_text_source_review; statutory_lineage_public_law_attribution_review,complete_codified_usc_lineage_review; implementation_outcomes; direct_target_section_court_review; welfare_or_public_benefit; model_validation,"Target-section public-law attribution review only. Rows confirm that a source-reviewed target-section diff also has official GovInfo public-law source text, changed annual OLRC target text, a post-only public-law marker, and effective-text source review. This artifact does not establish complete codified lineage, exclusive current-section causation outside the reviewed target diff, implementation outcomes, direct target-section court review, welfare evidence, causal effects, or model validation."
9,9,9,1,1,117-hr-1437,117-229,2022-12-16,18 USC 3551 note,direct_us_code_reference,18,3551,amended_existing_target_section_with_effective_date_note,reviewed_pre_post_target_section_diff,1,1,2021,2022,https://www.govinfo.gov/content/pkg/PLAW-117publ229/html/PLAW-117publ229.htm,PLAW-117publ229,https://www.govinfo.gov/content/pkg/PLAW-117publ229/html/PLAW-117publ229.htm,https://www.govinfo.gov/app/details/PLAW-117publ229,27d31b4567540e6cdd661f8e8f264a90f8ae2669b4a2ba0edb9256bbddd8b376,24182,https://uscode.house.gov/view.xhtml?edition=2021&num=0&req=granuleid%3AUSC-2021-title18-section3551,https://uscode.house.gov/view.xhtml?edition=2022&num=0&req=granuleid%3AUSC-2022-title18-section3551,https://uscode.house.gov/view.xhtml?edition=prelim&num=0&req=granuleid%3AUSC-prelim-title18-section3551,7110ab271c77099c3532c6b96cb8fa3ccd0f6b27c08c3162928c4b35509f20fa,910ac189f480c85da4d93c768f202cfd6376335578598952983906b641c8aaff,pre_post_normalized_text_changed,3004,5,3,post_only_public_law_marker_on_changed_annual_page,normalized_section_changed_with_post_only_public_law_marker,priority_1_review_post_public_law_context_and_target_section,reviewed_current_effective_text_source_with_public_law_note,current_page_mentions_public_law,reviewed_target_section_diff_attributed_to_queued_public_law,1,source_reviewed_target_section_diff; official_govinfo_public_law_text; official_olrc_annual_pre_post_text_diff; post_only_public_law_marker; official_olrc_current_effective_text_review,"Reviewed target-section diff is attributed to the queued public law because the official public-law text was scanned, annual OLRC target text changed, the post annual page introduced the queued public-law marker, and the current OLRC page retains public-law note evidence.","Attribution is limited to the reviewed target-section diff row. It is not a complete codification history, implementation outcome, direct court review, welfare assessment, or model-validation finding.",statutory_lineage_source_reviewed_target_section_diff; official_govinfo_public_law_text_scan; official_olrc_annual_us_code_text_diff; statutory_lineage_effective_text_source_review; statutory_lineage_public_law_attribution_review,complete_codified_usc_lineage_review; implementation_outcomes; direct_target_section_court_review; welfare_or_public_benefit; model_validation,"Target-section public-law attribution review only. Rows confirm that a source-reviewed target-section diff also has official GovInfo public-law source text, changed annual OLRC target text, a post-only public-law marker, and effective-text source review. This artifact does not establish complete codified lineage, exclusive current-section causation outside the reviewed target diff, implementation outcomes, direct target-section court review, welfare evidence, causal effects, or model validation."
10,10,10,2,2,117-hr-1437,117-229,2022-12-16,42 USC 1395ww note,direct_us_code_reference,42,1395ww,amended_existing_target_section_with_effective_date_note,reviewed_pre_post_target_section_diff,1,1,2021,2022,https://www.govinfo.gov/content/pkg/PLAW-117publ229/html/PLAW-117publ229.htm,PLAW-117publ229,https://www.govinfo.gov/content/pkg/PLAW-117publ229/html/PLAW-117publ229.htm,https://www.govinfo.gov/app/details/PLAW-117publ229,27d31b4567540e6cdd661f8e8f264a90f8ae2669b4a2ba0edb9256bbddd8b376,24182,https://uscode.house.gov/view.xhtml?edition=2021&num=0&req=granuleid%3AUSC-2021-title42-section1395ww,https://uscode.house.gov/view.xhtml?edition=2022&num=0&req=granuleid%3AUSC-2022-title42-section1395ww,https://uscode.house.gov/view.xhtml?edition=prelim&num=0&req=granuleid%3AUSC-prelim-title42-section1395ww,1217b097461d3142fa62da16449b6eb0ae483d536f26416e37b49483a20ecf3f,da2ce910ea37a00c9f5a3fc622f48aa7d1306933c57fa14da80d6a981c432691,pre_post_normalized_text_changed,28043,14,3,post_only_public_law_marker_on_changed_annual_page,normalized_section_changed_with_post_only_public_law_marker,priority_1_review_post_public_law_context_and_target_section,reviewed_current_effective_text_source_with_public_law_note,current_page_mentions_public_law,reviewed_target_section_diff_attributed_to_queued_public_law,1,source_reviewed_target_section_diff; official_govinfo_public_law_text; official_olrc_annual_pre_post_text_diff; post_only_public_law_marker; official_olrc_current_effective_text_review,"Reviewed target-section diff is attributed to the queued public law because the official public-law text was scanned, annual OLRC target text changed, the post annual page introduced the queued public-law marker, and the current OLRC page retains public-law note evidence.","Attribution is limited to the reviewed target-section diff row. It is not a complete codification history, implementation outcome, direct court review, welfare assessment, or model-validation finding.",statutory_lineage_source_reviewed_target_section_diff; official_govinfo_public_law_text_scan; official_olrc_annual_us_code_text_diff; statutory_lineage_effective_text_source_review; statutory_lineage_public_law_attribution_review,complete_codified_usc_lineage_review; implementation_outcomes; direct_target_section_court_review; welfare_or_public_benefit; model_validation,"Target-section public-law attribution review only. Rows confirm that a source-reviewed target-section diff also has official GovInfo public-law source text, changed annual OLRC target text, a post-only public-law marker, and effective-text source review. This artifact does not establish complete codified lineage, exclusive current-section causation outside the reviewed target diff, implementation outcomes, direct target-section court review, welfare evidence, causal effects, or model validation."
11,11,11,3,3,117-hr-1437,117-229,2022-12-16,1 USC 1 note,direct_us_code_reference,1,1,amended_existing_target_section,reviewed_pre_post_target_section_diff,1,1,2021,2022,https://www.govinfo.gov/content/pkg/PLAW-117publ229/html/PLAW-117publ229.htm,PLAW-117publ229,https://www.govinfo.gov/content/pkg/PLAW-117publ229/html/PLAW-117publ229.htm,https://www.govinfo.gov/app/details/PLAW-117publ229,27d31b4567540e6cdd661f8e8f264a90f8ae2669b4a2ba0edb9256bbddd8b376,24182,https://uscode.house.gov/view.xhtml?edition=2021&num=0&req=granuleid%3AUSC-2021-title1-section1,https://uscode.house.gov/view.xhtml?edition=2022&num=0&req=granuleid%3AUSC-2022-title1-section1,https://uscode.house.gov/view.xhtml?edition=prelim&num=0&req=granuleid%3AUSC-prelim-title1-section1,0ffddd3c36a95c63d1ebc628fa7c2578d9abf57f835de3ed906418f8eb75e23c,715737a905a3c3deb3731868b7fc75a40a8fe923f64e001d17ed227b83282bbf,pre_post_normalized_text_changed,1438,2,2,post_only_public_law_marker_on_changed_annual_page,normalized_section_changed_with_post_only_public_law_marker,priority_1_review_post_public_law_context_and_target_section,reviewed_current_effective_text_source_with_public_law_note,current_page_mentions_public_law,reviewed_target_section_diff_attributed_to_queued_public_law,1,source_reviewed_target_section_diff; official_govinfo_public_law_text; official_olrc_annual_pre_post_text_diff; post_only_public_law_marker; official_olrc_current_effective_text_review,"Reviewed target-section diff is attributed to the queued public law because the official public-law text was scanned, annual OLRC target text changed, the post annual page introduced the queued public-law marker, and the current OLRC page retains public-law note evidence.","Attribution is limited to the reviewed target-section diff row. It is not a complete codification history, implementation outcome, direct court review, welfare assessment, or model-validation finding.",statutory_lineage_source_reviewed_target_section_diff; official_govinfo_public_law_text_scan; official_olrc_annual_us_code_text_diff; statutory_lineage_effective_text_source_review; statutory_lineage_public_law_attribution_review,complete_codified_usc_lineage_review; implementation_outcomes; direct_target_section_court_review; welfare_or_public_benefit; model_validation,"Target-section public-law attribution review only. Rows confirm that a source-reviewed target-section diff also has official GovInfo public-law source text, changed annual OLRC target text, a post-only public-law marker, and effective-text source review. This artifact does not establish complete codified lineage, exclusive current-section causation outside the reviewed target diff, implementation outcomes, direct target-section court review, welfare evidence, causal effects, or model validation."
12,12,12,4,4,117-hr-1437,117-229,2022-12-16,18 USC 1 note,direct_us_code_reference,18,1,amended_existing_target_section,reviewed_pre_post_target_section_diff,1,1,2021,2022,https://www.govinfo.gov/content/pkg/PLAW-117publ229/html/PLAW-117publ229.htm,PLAW-117publ229,https://www.govinfo.gov/content/pkg/PLAW-117publ229/html/PLAW-117publ229.htm,https://www.govinfo.gov/app/details/PLAW-117publ229,27d31b4567540e6cdd661f8e8f264a90f8ae2669b4a2ba0edb9256bbddd8b376,24182,https://uscode.house.gov/view.xhtml?edition=2021&num=0&req=granuleid%3AUSC-2021-title18-section1,https://uscode.house.gov/view.xhtml?edition=2022&num=0&req=granuleid%3AUSC-2022-title18-section1,https://uscode.house.gov/view.xhtml?edition=prelim&num=0&req=granuleid%3AUSC-prelim-title18-section1,e8e3968131a556d76f8e2b1263708b7d0019818cab3a2b4b281d40e824b53aae,94b2a1bcf04610dab847aa92dfd7082f3ca0f35dc0bb07d73c3c7ec715b756aa,pre_post_normalized_text_changed,3503,2,2,post_only_public_law_marker_on_changed_annual_page,normalized_section_changed_with_post_only_public_law_marker,priority_1_review_post_public_law_context_and_target_section,reviewed_current_effective_text_source_with_public_law_note,current_page_mentions_public_law,reviewed_target_section_diff_attributed_to_queued_public_law,1,source_reviewed_target_section_diff; official_govinfo_public_law_text; official_olrc_annual_pre_post_text_diff; post_only_public_law_marker; official_olrc_current_effective_text_review,"Reviewed target-section diff is attributed to the queued public law because the official public-law text was scanned, annual OLRC target text changed, the post annual page introduced the queued public-law marker, and the current OLRC page retains public-law note evidence.","Attribution is limited to the reviewed target-section diff row. It is not a complete codification history, implementation outcome, direct court review, welfare assessment, or model-validation finding.",statutory_lineage_source_reviewed_target_section_diff; official_govinfo_public_law_text_scan; official_olrc_annual_us_code_text_diff; statutory_lineage_effective_text_source_review; statutory_lineage_public_law_attribution_review,complete_codified_usc_lineage_review; implementation_outcomes; direct_target_section_court_review; welfare_or_public_benefit; model_validation,"Target-section public-law attribution review only. Rows confirm that a source-reviewed target-section diff also has official GovInfo public-law source text, changed annual OLRC target text, a post-only public-law marker, and effective-text source review. This artifact does not establish complete codified lineage, exclusive current-section causation outside the reviewed target diff, implementation outcomes, direct target-section court review, welfare evidence, causal effects, or model validation."
13,13,13,5,5,117-hr-1437,117-229,2022-12-16,18 USC 3014(a),title_code_section_phrase,18,3014,amended_existing_target_section,reviewed_pre_post_target_section_diff,1,1,2021,2022,https://www.govinfo.gov/content/pkg/PLAW-117publ229/html/PLAW-117publ229.htm,PLAW-117publ229,https://www.govinfo.gov/content/pkg/PLAW-117publ229/html/PLAW-117publ229.htm,https://www.govinfo.gov/app/details/PLAW-117publ229,27d31b4567540e6cdd661f8e8f264a90f8ae2669b4a2ba0edb9256bbddd8b376,24182,https://uscode.house.gov/view.xhtml?edition=2021&num=0&req=granuleid%3AUSC-2021-title18-section3014,https://uscode.house.gov/view.xhtml?edition=2022&num=0&req=granuleid%3AUSC-2022-title18-section3014,https://uscode.house.gov/view.xhtml?edition=prelim&num=0&req=granuleid%3AUSC-prelim-title18-section3014,5eb9535644d54d03b944190ed2d9b25b14811a85e2e24453f6d924ed5ec5108b,6d9810a65cebc0321f416e0f41fe8af25b2e59dc8d7f79506baa4aa35e23fc2c,pre_post_normalized_text_changed,1581,3,3,post_only_public_law_marker_on_changed_annual_page,normalized_section_changed_with_post_only_public_law_marker,priority_1_review_post_public_law_context_and_target_section,reviewed_current_effective_text_source_with_public_law_note,current_page_mentions_public_law,reviewed_target_section_diff_attributed_to_queued_public_law,1,source_reviewed_target_section_diff; official_govinfo_public_law_text; official_olrc_annual_pre_post_text_diff; post_only_public_law_marker; official_olrc_current_effective_text_review,"Reviewed target-section diff is attributed to the queued public law because the official public-law text was scanned, annual OLRC target text changed, the post annual page introduced the queued public-law marker, and the current OLRC page retains public-law note evidence.","Attribution is limited to the reviewed target-section diff row. It is not a complete codification history, implementation outcome, direct court review, welfare assessment, or model-validation finding.",statutory_lineage_source_reviewed_target_section_diff; official_govinfo_public_law_text_scan; official_olrc_annual_us_code_text_diff; statutory_lineage_effective_text_source_review; statutory_lineage_public_law_attribution_review,complete_codified_usc_lineage_review; implementation_outcomes; direct_target_section_court_review; welfare_or_public_benefit; model_validation,"Target-section public-law attribution review only. Rows confirm that a source-reviewed target-section diff also has official GovInfo public-law source text, changed annual OLRC target text, a post-only public-law marker, and effective-text source review. This artifact does not establish complete codified lineage, exclusive current-section causation outside the reviewed target diff, implementation outcomes, direct target-section court review, welfare evidence, causal effects, or model validation."
14,14,14,7,7,117-hr-1437,117-229,2022-12-16,21 USC 360j(m)(6)(A)(iv),direct_us_code_reference,21,360j,amended_existing_target_section,reviewed_pre_post_target_section_diff,1,1,2021,2022,https://www.govinfo.gov/content/pkg/PLAW-117publ229/html/PLAW-117publ229.htm,PLAW-117publ229,https://www.govinfo.gov/content/pkg/PLAW-117publ229/html/PLAW-117publ229.htm,https://www.govinfo.gov/app/details/PLAW-117publ229,27d31b4567540e6cdd661f8e8f264a90f8ae2669b4a2ba0edb9256bbddd8b376,24182,https://uscode.house.gov/view.xhtml?edition=2021&num=0&req=granuleid%3AUSC-2021-title21-section360j,https://uscode.house.gov/view.xhtml?edition=2022&num=0&req=granuleid%3AUSC-2022-title21-section360j,https://uscode.house.gov/view.xhtml?edition=prelim&num=0&req=granuleid%3AUSC-prelim-title21-section360j,2aeddf5601cb1be7a4b4fd42b07169e8ef99245a3bdb33be8c28cb08c80a6c2b,06bc526c967704aa40315c7167e3bc8c7dcf64e18c7d633450771e5363a65b5c,pre_post_normalized_text_changed,3355,2,2,post_only_public_law_marker_on_changed_annual_page,normalized_section_changed_with_post_only_public_law_marker,priority_1_review_post_public_law_context_and_target_section,reviewed_current_effective_text_source_with_public_law_note,current_page_mentions_public_law,reviewed_target_section_diff_attributed_to_queued_public_law,1,source_reviewed_target_section_diff; official_govinfo_public_law_text; official_olrc_annual_pre_post_text_diff; post_only_public_law_marker; official_olrc_current_effective_text_review,"Reviewed target-section diff is attributed to the queued public law because the official public-law text was scanned, annual OLRC target text changed, the post annual page introduced the queued public-law marker, and the current OLRC page retains public-law note evidence.","Attribution is limited to the reviewed target-section diff row. It is not a complete codification history, implementation outcome, direct court review, welfare assessment, or model-validation finding.",statutory_lineage_source_reviewed_target_section_diff; official_govinfo_public_law_text_scan; official_olrc_annual_us_code_text_diff; statutory_lineage_effective_text_source_review; statutory_lineage_public_law_attribution_review,complete_codified_usc_lineage_review; implementation_outcomes; direct_target_section_court_review; welfare_or_public_benefit; model_validation,"Target-section public-law attribution review only. Rows confirm that a source-reviewed target-section diff also has official GovInfo public-law source text, changed annual OLRC target text, a post-only public-law marker, and effective-text source review. This artifact does not establish complete codified lineage, exclusive current-section causation outside the reviewed target diff, implementation outcomes, direct target-section court review, welfare evidence, causal effects, or model validation."
15,15,15,9,9,117-hr-1437,117-229,2022-12-16,42 USC 1395ww(b)(3)(D),direct_us_code_reference,42,1395ww,amended_existing_target_section,reviewed_pre_post_target_section_diff,1,1,2021,2022,https://www.govinfo.gov/content/pkg/PLAW-117publ229/html/PLAW-117publ229.htm,PLAW-117publ229,https://www.govinfo.gov/content/pkg/PLAW-117publ229/html/PLAW-117publ229.htm,https://www.govinfo.gov/app/details/PLAW-117publ229,27d31b4567540e6cdd661f8e8f264a90f8ae2669b4a2ba0edb9256bbddd8b376,24182,https://uscode.house.gov/view.xhtml?edition=2021&num=0&req=granuleid%3AUSC-2021-title42-section1395ww,https://uscode.house.gov/view.xhtml?edition=2022&num=0&req=granuleid%3AUSC-2022-title42-section1395ww,https://uscode.house.gov/view.xhtml?edition=prelim&num=0&req=granuleid%3AUSC-prelim-title42-section1395ww,1217b097461d3142fa62da16449b6eb0ae483d536f26416e37b49483a20ecf3f,da2ce910ea37a00c9f5a3fc622f48aa7d1306933c57fa14da80d6a981c432691,pre_post_normalized_text_changed,28043,14,3,post_only_public_law_marker_on_changed_annual_page,normalized_section_changed_with_post_only_public_law_marker,priority_1_review_post_public_law_context_and_target_section,reviewed_current_effective_text_source_with_public_law_note,current_page_mentions_public_law,reviewed_target_section_diff_attributed_to_queued_public_law,1,source_reviewed_target_section_diff; official_govinfo_public_law_text; official_olrc_annual_pre_post_text_diff; post_only_public_law_marker; official_olrc_current_effective_text_review,"Reviewed target-section diff is attributed to the queued public law because the official public-law text was scanned, annual OLRC target text changed, the post annual page introduced the queued public-law marker, and the current OLRC page retains public-law note evidence.","Attribution is limited to the reviewed target-section diff row. It is not a complete codification history, implementation outcome, direct court review, welfare assessment, or model-validation finding.",statutory_lineage_source_reviewed_target_section_diff; official_govinfo_public_law_text_scan; official_olrc_annual_us_code_text_diff; statutory_lineage_effective_text_source_review; statutory_lineage_public_law_attribution_review,complete_codified_usc_lineage_review; implementation_outcomes; direct_target_section_court_review; welfare_or_public_benefit; model_validation,"Target-section public-law attribution review only. Rows confirm that a source-reviewed target-section diff also has official GovInfo public-law source text, changed annual OLRC target text, a post-only public-law marker, and effective-text source review. This artifact does not establish complete codified lineage, exclusive current-section causation outside the reviewed target diff, implementation outcomes, direct target-section court review, welfare evidence, causal effects, or model validation."
16,16,16,10,10,117-hr-1437,117-229,2022-12-16,42 USC 1395ww(d)(5)(G),direct_us_code_reference,42,1395ww,amended_existing_target_section,reviewed_pre_post_target_section_diff,1,1,2021,2022,https://www.govinfo.gov/content/pkg/PLAW-117publ229/html/PLAW-117publ229.htm,PLAW-117publ229,https://www.govinfo.gov/content/pkg/PLAW-117publ229/html/PLAW-117publ229.htm,https://www.govinfo.gov/app/details/PLAW-117publ229,27d31b4567540e6cdd661f8e8f264a90f8ae2669b4a2ba0edb9256bbddd8b376,24182,https://uscode.house.gov/view.xhtml?edition=2021&num=0&req=granuleid%3AUSC-2021-title42-section1395ww,https://uscode.house.gov/view.xhtml?edition=2022&num=0&req=granuleid%3AUSC-2022-title42-section1395ww,https://uscode.house.gov/view.xhtml?edition=prelim&num=0&req=granuleid%3AUSC-prelim-title42-section1395ww,1217b097461d3142fa62da16449b6eb0ae483d536f26416e37b49483a20ecf3f,da2ce910ea37a00c9f5a3fc622f48aa7d1306933c57fa14da80d6a981c432691,pre_post_normalized_text_changed,28043,14,3,post_only_public_law_marker_on_changed_annual_page,normalized_section_changed_with_post_only_public_law_marker,priority_1_review_post_public_law_context_and_target_section,reviewed_current_effective_text_source_with_public_law_note,current_page_mentions_public_law,reviewed_target_section_diff_attributed_to_queued_public_law,1,source_reviewed_target_section_diff; official_govinfo_public_law_text; official_olrc_annual_pre_post_text_diff; post_only_public_law_marker; official_olrc_current_effective_text_review,"Reviewed target-section diff is attributed to the queued public law because the official public-law text was scanned, annual OLRC target text changed, the post annual page introduced the queued public-law marker, and the current OLRC page retains public-law note evidence.","Attribution is limited to the reviewed target-section diff row. It is not a complete codification history, implementation outcome, direct court review, welfare assessment, or model-validation finding.",statutory_lineage_source_reviewed_target_section_diff; official_govinfo_public_law_text_scan; official_olrc_annual_us_code_text_diff; statutory_lineage_effective_text_source_review; statutory_lineage_public_law_attribution_review,complete_codified_usc_lineage_review; implementation_outcomes; direct_target_section_court_review; welfare_or_public_benefit; model_validation,"Target-section public-law attribution review only. Rows confirm that a source-reviewed target-section diff also has official GovInfo public-law source text, changed annual OLRC target text, a post-only public-law marker, and effective-text source review. This artifact does not establish complete codified lineage, exclusive current-section causation outside the reviewed target diff, implementation outcomes, direct target-section court review, welfare evidence, causal effects, or model validation."
17,17,17,11,11,117-hr-1437,117-229,2022-12-16,42 USC 1396d(ff),direct_us_code_reference,42,1396d,amended_existing_target_section,reviewed_pre_post_target_section_diff,1,1,2021,2022,https://www.govinfo.gov/content/pkg/PLAW-117publ229/html/PLAW-117publ229.htm,PLAW-117publ229,https://www.govinfo.gov/content/pkg/PLAW-117publ229/html/PLAW-117publ229.htm,https://www.govinfo.gov/app/details/PLAW-117publ229,27d31b4567540e6cdd661f8e8f264a90f8ae2669b4a2ba0edb9256bbddd8b376,24182,https://uscode.house.gov/view.xhtml?edition=2021&num=0&req=granuleid%3AUSC-2021-title42-section1396d,https://uscode.house.gov/view.xhtml?edition=2022&num=0&req=granuleid%3AUSC-2022-title42-section1396d,https://uscode.house.gov/view.xhtml?edition=prelim&num=0&req=granuleid%3AUSC-prelim-title42-section1396d,320138e4af7dd22b59c042dd6caed06ef842887586c684447483fa5bc7d9677c,06d068b899b033f2bb3d4dfe554e421935494e69eca6881f76df6fe6ce1d3eed,pre_post_normalized_text_changed,14865,3,3,post_only_public_law_marker_on_changed_annual_page,normalized_section_changed_with_post_only_public_law_marker,priority_1_review_post_public_law_context_and_target_section,reviewed_current_effective_text_source_with_public_law_note,current_page_mentions_public_law,reviewed_target_section_diff_attributed_to_queued_public_law,1,source_reviewed_target_section_diff; official_govinfo_public_law_text; official_olrc_annual_pre_post_text_diff; post_only_public_law_marker; official_olrc_current_effective_text_review,"Reviewed target-section diff is attributed to the queued public law because the official public-law text was scanned, annual OLRC target text changed, the post annual page introduced the queued public-law marker, and the current OLRC page retains public-law note evidence.","Attribution is limited to the reviewed target-section diff row. It is not a complete codification history, implementation outcome, direct court review, welfare assessment, or model-validation finding.",statutory_lineage_source_reviewed_target_section_diff; official_govinfo_public_law_text_scan; official_olrc_annual_us_code_text_diff; statutory_lineage_effective_text_source_review; statutory_lineage_public_law_attribution_review,complete_codified_usc_lineage_review; implementation_outcomes; direct_target_section_court_review; welfare_or_public_benefit; model_validation,"Target-section public-law attribution review only. Rows confirm that a source-reviewed target-section diff also has official GovInfo public-law source text, changed annual OLRC target text, a post-only public-law marker, and effective-text source review. This artifact does not establish complete codified lineage, exclusive current-section causation outside the reviewed target diff, implementation outcomes, direct target-section court review, welfare evidence, causal effects, or model validation."
18,18,18,12,12,117-hr-1437,117-229,2022-12-16,42 USC 282 note,direct_us_code_reference,42,282,amended_existing_target_section,reviewed_pre_post_target_section_diff,1,1,2021,2022,https://www.govinfo.gov/content/pkg/PLAW-117publ229/html/PLAW-117publ229.htm,PLAW-117publ229,https://www.govinfo.gov/content/pkg/PLAW-117publ229/html/PLAW-117publ229.htm,https://www.govinfo.gov/app/details/PLAW-117publ229,27d31b4567540e6cdd661f8e8f264a90f8ae2669b4a2ba0edb9256bbddd8b376,24182,https://uscode.house.gov/view.xhtml?edition=2021&num=0&req=granuleid%3AUSC-2021-title42-section282,https://uscode.house.gov/view.xhtml?edition=2022&num=0&req=granuleid%3AUSC-2022-title42-section282,https://uscode.house.gov/view.xhtml?edition=prelim&num=0&req=granuleid%3AUSC-prelim-title42-section282,39b2dfb4e53e864fafb7b5118f49cf5e63e95117fc25fc608de27a4ebaf81c65,5bfa7e79d109cf10a0cdf0197594ca4c29aee11dc532643aed7116c58835515f,pre_post_normalized_text_changed,2713,2,2,post_only_public_law_marker_on_changed_annual_page,normalized_section_changed_with_post_only_public_law_marker,priority_1_review_post_public_law_context_and_target_section,reviewed_current_effective_text_source_with_public_law_note,current_page_mentions_public_law,reviewed_target_section_diff_attributed_to_queued_public_law,1,source_reviewed_target_section_diff; official_govinfo_public_law_text; official_olrc_annual_pre_post_text_diff; post_only_public_law_marker; official_olrc_current_effective_text_review,"Reviewed target-section diff is attributed to the queued public law because the official public-law text was scanned, annual OLRC target text changed, the post annual page introduced the queued public-law marker, and the current OLRC page retains public-law note evidence.","Attribution is limited to the reviewed target-section diff row. It is not a complete codification history, implementation outcome, direct court review, welfare assessment, or model-validation finding.",statutory_lineage_source_reviewed_target_section_diff; official_govinfo_public_law_text_scan; official_olrc_annual_us_code_text_diff; statutory_lineage_effective_text_source_review; statutory_lineage_public_law_attribution_review,complete_codified_usc_lineage_review; implementation_outcomes; direct_target_section_court_review; welfare_or_public_benefit; model_validation,"Target-section public-law attribution review only. Rows confirm that a source-reviewed target-section diff also has official GovInfo public-law source text, changed annual OLRC target text, a post-only public-law marker, and effective-text source review. This artifact does not establish complete codified lineage, exclusive current-section causation outside the reviewed target diff, implementation outcomes, direct target-section court review, welfare evidence, causal effects, or model validation."
19,19,19,23,23,117-hr-6833,117-180,2022-09-30,18 USC 3551 note,direct_us_code_reference,18,3551,amended_existing_target_section,reviewed_pre_post_target_section_diff,1,1,2021,2022,https://www.govinfo.gov/content/pkg/PLAW-117publ180/html/PLAW-117publ180.htm,PLAW-117publ180,https://www.govinfo.gov/content/pkg/PLAW-117publ180/html/PLAW-117publ180.htm,https://www.govinfo.gov/app/details/PLAW-117publ180,bfef960e0f9051f32c1384ddcdf7c649df02ff2f7f37ff2f44cd111758e74efa,219480,https://uscode.house.gov/view.xhtml?edition=2021&num=0&req=granuleid%3AUSC-2021-title18-section3551,https://uscode.house.gov/view.xhtml?edition=2022&num=0&req=granuleid%3AUSC-2022-title18-section3551,https://uscode.house.gov/view.xhtml?edition=prelim&num=0&req=granuleid%3AUSC-prelim-title18-section3551,7110ab271c77099c3532c6b96cb8fa3ccd0f6b27c08c3162928c4b35509f20fa,910ac189f480c85da4d93c768f202cfd6376335578598952983906b641c8aaff,pre_post_normalized_text_changed,3004,1,1,post_only_public_law_marker_on_changed_annual_page,normalized_section_changed_with_post_only_public_law_marker,priority_1_review_post_public_law_context_and_target_section,reviewed_current_effective_text_source_with_public_law_note,current_page_mentions_public_law,reviewed_target_section_diff_attributed_to_queued_public_law,1,source_reviewed_target_section_diff; official_govinfo_public_law_text; official_olrc_annual_pre_post_text_diff; post_only_public_law_marker; official_olrc_current_effective_text_review,"Reviewed target-section diff is attributed to the queued public law because the official public-law text was scanned, annual OLRC target text changed, the post annual page introduced the queued public-law marker, and the current OLRC page retains public-law note evidence.","Attribution is limited to the reviewed target-section diff row. It is not a complete codification history, implementation outcome, direct court review, welfare assessment, or model-validation finding.",statutory_lineage_source_reviewed_target_section_diff; official_govinfo_public_law_text_scan; official_olrc_annual_us_code_text_diff; statutory_lineage_effective_text_source_review; statutory_lineage_public_law_attribution_review,complete_codified_usc_lineage_review; implementation_outcomes; direct_target_section_court_review; welfare_or_public_benefit; model_validation,"Target-section public-law attribution review only. Rows confirm that a source-reviewed target-section diff also has official GovInfo public-law source text, changed annual OLRC target text, a post-only public-law marker, and effective-text source review. This artifact does not establish complete codified lineage, exclusive current-section causation outside the reviewed target diff, implementation outcomes, direct target-section court review, welfare evidence, causal effects, or model validation."
20,20,20,24,24,117-hr-6833,117-180,2022-09-30,18 USC 1 note,direct_us_code_reference,18,1,amended_existing_target_section,reviewed_pre_post_target_section_diff,1,1,2021,2022,https://www.govinfo.gov/content/pkg/PLAW-117publ180/html/PLAW-117publ180.htm,PLAW-117publ180,https://www.govinfo.gov/content/pkg/PLAW-117publ180/html/PLAW-117publ180.htm,https://www.govinfo.gov/app/details/PLAW-117publ180,bfef960e0f9051f32c1384ddcdf7c649df02ff2f7f37ff2f44cd111758e74efa,219480,https://uscode.house.gov/view.xhtml?edition=2021&num=0&req=granuleid%3AUSC-2021-title18-section1,https://uscode.house.gov/view.xhtml?edition=2022&num=0&req=granuleid%3AUSC-2022-title18-section1,https://uscode.house.gov/view.xhtml?edition=prelim&num=0&req=granuleid%3AUSC-prelim-title18-section1,e8e3968131a556d76f8e2b1263708b7d0019818cab3a2b4b281d40e824b53aae,94b2a1bcf04610dab847aa92dfd7082f3ca0f35dc0bb07d73c3c7ec715b756aa,pre_post_normalized_text_changed,3503,1,1,post_only_public_law_marker_on_changed_annual_page,normalized_section_changed_with_post_only_public_law_marker,priority_1_review_post_public_law_context_and_target_section,reviewed_current_effective_text_source_with_public_law_note,current_page_mentions_public_law,reviewed_target_section_diff_attributed_to_queued_public_law,1,source_reviewed_target_section_diff; official_govinfo_public_law_text; official_olrc_annual_pre_post_text_diff; post_only_public_law_marker; official_olrc_current_effective_text_review,"Reviewed target-section diff is attributed to the queued public law because the official public-law text was scanned, annual OLRC target text changed, the post annual page introduced the queued public-law marker, and the current OLRC page retains public-law note evidence.","Attribution is limited to the reviewed target-section diff row. It is not a complete codification history, implementation outcome, direct court review, welfare assessment, or model-validation finding.",statutory_lineage_source_reviewed_target_section_diff; official_govinfo_public_law_text_scan; official_olrc_annual_us_code_text_diff; statutory_lineage_effective_text_source_review; statutory_lineage_public_law_attribution_review,complete_codified_usc_lineage_review; implementation_outcomes; direct_target_section_court_review; welfare_or_public_benefit; model_validation,"Target-section public-law attribution review only. Rows confirm that a source-reviewed target-section diff also has official GovInfo public-law source text, changed annual OLRC target text, a post-only public-law marker, and effective-text source review. This artifact does not establish complete codified lineage, exclusive current-section causation outside the reviewed target diff, implementation outcomes, direct target-section court review, welfare evidence, causal effects, or model validation."
21,21,21,25,25,117-hr-6833,117-180,2022-09-30,18 USC 3014(a),title_code_section_phrase,18,3014,amended_existing_target_section,reviewed_pre_post_target_section_diff,1,1,2021,2022,https://www.govinfo.gov/content/pkg/PLAW-117publ180/html/PLAW-117publ180.htm,PLAW-117publ180,https://www.govinfo.gov/content/pkg/PLAW-117publ180/html/PLAW-117publ180.htm,https://www.govinfo.gov/app/details/PLAW-117publ180,bfef960e0f9051f32c1384ddcdf7c649df02ff2f7f37ff2f44cd111758e74efa,219480,https://uscode.house.gov/view.xhtml?edition=2021&num=0&req=granuleid%3AUSC-2021-title18-section3014,https://uscode.house.gov/view.xhtml?edition=2022&num=0&req=granuleid%3AUSC-2022-title18-section3014,https://uscode.house.gov/view.xhtml?edition=prelim&num=0&req=granuleid%3AUSC-prelim-title18-section3014,5eb9535644d54d03b944190ed2d9b25b14811a85e2e24453f6d924ed5ec5108b,6d9810a65cebc0321f416e0f41fe8af25b2e59dc8d7f79506baa4aa35e23fc2c,pre_post_normalized_text_changed,1581,2,2,post_only_public_law_marker_on_changed_annual_page,normalized_section_changed_with_post_only_public_law_marker,priority_1_review_post_public_law_context_and_target_section,reviewed_current_effective_text_source_with_public_law_note,current_page_mentions_public_law,reviewed_target_section_diff_attributed_to_queued_public_law,1,source_reviewed_target_section_diff; official_govinfo_public_law_text; official_olrc_annual_pre_post_text_diff; post_only_public_law_marker; official_olrc_current_effective_text_review,"Reviewed target-section diff is attributed to the queued public law because the official public-law text was scanned, annual OLRC target text changed, the post annual page introduced the queued public-law marker, and the current OLRC page retains public-law note evidence.","Attribution is limited to the reviewed target-section diff row. It is not a complete codification history, implementation outcome, direct court review, welfare assessment, or model-validation finding.",statutory_lineage_source_reviewed_target_section_diff; official_govinfo_public_law_text_scan; official_olrc_annual_us_code_text_diff; statutory_lineage_effective_text_source_review; statutory_lineage_public_law_attribution_review,complete_codified_usc_lineage_review; implementation_outcomes; direct_target_section_court_review; welfare_or_public_benefit; model_validation,"Target-section public-law attribution review only. Rows confirm that a source-reviewed target-section diff also has official GovInfo public-law source text, changed annual OLRC target text, a post-only public-law marker, and effective-text source review. This artifact does not establish complete codified lineage, exclusive current-section causation outside the reviewed target diff, implementation outcomes, direct target-section court review, welfare evidence, causal effects, or model validation."
22,22,22,28,28,117-hr-7776,117-263,2022-12-23,10 USC 101 note,direct_us_code_reference,10,101,amended_existing_target_section,reviewed_pre_post_target_section_diff,1,1,2021,2022,https://www.govinfo.gov/content/pkg/PLAW-117publ263/html/PLAW-117publ263.htm,PLAW-117publ263,https://www.govinfo.gov/content/pkg/PLAW-117publ263/html/PLAW-117publ263.htm,https://www.govinfo.gov/app/details/PLAW-117publ263,2a74f5e0c828ac5704c31936a795cc507c62c585a832f4a4117be009f6163a89,6520561,https://uscode.house.gov/view.xhtml?edition=2021&num=0&req=granuleid%3AUSC-2021-title10-section101,https://uscode.house.gov/view.xhtml?edition=2022&num=0&req=granuleid%3AUSC-2022-title10-section101,https://uscode.house.gov/view.xhtml?edition=prelim&num=0&req=granuleid%3AUSC-prelim-title10-section101,0042f296fb5ee9bb5756fa84cb51d11b0825450c9d12b3b7544af2de9086a1ec,287d0d27291dc31458f9a7c509cc017d556b4847d4599a765039042dc1bd70bf,pre_post_normalized_text_changed,530,3,3,post_only_public_law_marker_on_changed_annual_page,normalized_section_changed_with_post_only_public_law_marker,priority_1_review_post_public_law_context_and_target_section,reviewed_current_effective_text_source_with_public_law_note,current_page_mentions_public_law,reviewed_target_section_diff_attributed_to_queued_public_law,1,source_reviewed_target_section_diff; official_govinfo_public_law_text; official_olrc_annual_pre_post_text_diff; post_only_public_law_marker; official_olrc_current_effective_text_review,"Reviewed target-section diff is attributed to the queued public law because the official public-law text was scanned, annual OLRC target text changed, the post annual page introduced the queued public-law marker, and the current OLRC page retains public-law note evidence.","Attribution is limited to the reviewed target-section diff row. It is not a complete codification history, implementation outcome, direct court review, welfare assessment, or model-validation finding.",statutory_lineage_source_reviewed_target_section_diff; official_govinfo_public_law_text_scan; official_olrc_annual_us_code_text_diff; statutory_lineage_effective_text_source_review; statutory_lineage_public_law_attribution_review,complete_codified_usc_lineage_review; implementation_outcomes; direct_target_section_court_review; welfare_or_public_benefit; model_validation,"Target-section public-law attribution review only. Rows confirm that a source-reviewed target-section diff also has official GovInfo public-law source text, changed annual OLRC target text, a post-only public-law marker, and effective-text source review. This artifact does not establish complete codified lineage, exclusive current-section causation outside the reviewed target diff, implementation outcomes, direct target-section court review, welfare evidence, causal effects, or model validation."
23,23,23,29,29,117-hr-7776,117-263,2022-12-23,10 USC 8696,direct_us_code_reference,10,8696,added_target_section,reviewed_added_target_section_diff,1,1,2021,2022,https://www.govinfo.gov/content/pkg/PLAW-117publ263/html/PLAW-117publ263.htm,PLAW-117publ263,https://www.govinfo.gov/content/pkg/PLAW-117publ263/html/PLAW-117publ263.htm,https://www.govinfo.gov/app/details/PLAW-117publ263,2a74f5e0c828ac5704c31936a795cc507c62c585a832f4a4117be009f6163a89,6520561,https://uscode.house.gov/view.xhtml?edition=2021&num=0&req=granuleid%3AUSC-2021-title10-section8696,https://uscode.house.gov/view.xhtml?edition=2022&num=0&req=granuleid%3AUSC-2022-title10-section8696,https://uscode.house.gov/view.xhtml?edition=prelim&num=0&req=granuleid%3AUSC-prelim-title10-section8696,7d641292e606ea628de81f96717988db7562a0f46dcea58db5884c59b05272b1,7742772510a2a83584f92b5c61cc73ea04d36e7f41236093263ade0b1fb88e1b,pre_post_normalized_text_changed,5758,2,2,post_only_public_law_marker_on_changed_annual_page,normalized_section_changed_with_post_only_public_law_marker,priority_1_review_post_public_law_context_and_target_section,reviewed_current_effective_text_source_with_public_law_note,current_page_mentions_public_law,reviewed_target_section_diff_attributed_to_queued_public_law,1,source_reviewed_target_section_diff; official_govinfo_public_law_text; official_olrc_annual_pre_post_text_diff; post_only_public_law_marker; official_olrc_current_effective_text_review,"Reviewed target-section diff is attributed to the queued public law because the official public-law text was scanned, annual OLRC target text changed, the post annual page introduced the queued public-law marker, and the current OLRC page retains public-law note evidence.","Attribution is limited to the reviewed target-section diff row. It is not a complete codification history, implementation outcome, direct court review, welfare assessment, or model-validation finding.",statutory_lineage_source_reviewed_target_section_diff; official_govinfo_public_law_text_scan; official_olrc_annual_us_code_text_diff; statutory_lineage_effective_text_source_review; statutory_lineage_public_law_attribution_review,complete_codified_usc_lineage_review; implementation_outcomes; direct_target_section_court_review; welfare_or_public_benefit; model_validation,"Target-section public-law attribution review only. Rows confirm that a source-reviewed target-section diff also has official GovInfo public-law source text, changed annual OLRC target text, a post-only public-law marker, and effective-text source review. This artifact does not establish complete codified lineage, exclusive current-section causation outside the reviewed target diff, implementation outcomes, direct target-section court review, welfare evidence, causal effects, or model validation."
24,24,24,31,31,117-hr-7776,117-263,2022-12-23,10 USC 8696 note,direct_us_code_reference,10,8696,added_target_section_with_effective_date_note,reviewed_added_target_section_diff,1,1,2021,2022,https://www.govinfo.gov/content/pkg/PLAW-117publ263/html/PLAW-117publ263.htm,PLAW-117publ263,https://www.govinfo.gov/content/pkg/PLAW-117publ263/html/PLAW-117publ263.htm,https://www.govinfo.gov/app/details/PLAW-117publ263,2a74f5e0c828ac5704c31936a795cc507c62c585a832f4a4117be009f6163a89,6520561,https://uscode.house.gov/view.xhtml?edition=2021&num=0&req=granuleid%3AUSC-2021-title10-section8696,https://uscode.house.gov/view.xhtml?edition=2022&num=0&req=granuleid%3AUSC-2022-title10-section8696,https://uscode.house.gov/view.xhtml?edition=prelim&num=0&req=granuleid%3AUSC-prelim-title10-section8696,7d641292e606ea628de81f96717988db7562a0f46dcea58db5884c59b05272b1,7742772510a2a83584f92b5c61cc73ea04d36e7f41236093263ade0b1fb88e1b,pre_post_normalized_text_changed,5758,2,2,post_only_public_law_marker_on_changed_annual_page,normalized_section_changed_with_post_only_public_law_marker,priority_1_review_post_public_law_context_and_target_section,reviewed_current_effective_text_source_with_public_law_note,current_page_mentions_public_law,reviewed_target_section_diff_attributed_to_queued_public_law,1,source_reviewed_target_section_diff; official_govinfo_public_law_text; official_olrc_annual_pre_post_text_diff; post_only_public_law_marker; official_olrc_current_effective_text_review,"Reviewed target-section diff is attributed to the queued public law because the official public-law text was scanned, annual OLRC target text changed, the post annual page introduced the queued public-law marker, and the current OLRC page retains public-law note evidence.","Attribution is limited to the reviewed target-section diff row. It is not a complete codification history, implementation outcome, direct court review, welfare assessment, or model-validation finding.",statutory_lineage_source_reviewed_target_section_diff; official_govinfo_public_law_text_scan; official_olrc_annual_us_code_text_diff; statutory_lineage_effective_text_source_review; statutory_lineage_public_law_attribution_review,complete_codified_usc_lineage_review; implementation_outcomes; direct_target_section_court_review; welfare_or_public_benefit; model_validation,"Target-section public-law attribution review only. Rows confirm that a source-reviewed target-section diff also has official GovInfo public-law source text, changed annual OLRC target text, a post-only public-law marker, and effective-text source review. This artifact does not establish complete codified lineage, exclusive current-section causation outside the reviewed target diff, implementation outcomes, direct target-section court review, welfare evidence, causal effects, or model validation."
25,25,25,32,32,117-hr-7776,117-263,2022-12-23,10 USC 9062(j),title_code_section_phrase,10,9062,amended_existing_target_section,reviewed_pre_post_target_section_diff,1,1,2021,2022,https://www.govinfo.gov/content/pkg/PLAW-117publ263/html/PLAW-117publ263.htm,PLAW-117publ263,https://www.govinfo.gov/content/pkg/PLAW-117publ263/html/PLAW-117publ263.htm,https://www.govinfo.gov/app/details/PLAW-117publ263,2a74f5e0c828ac5704c31936a795cc507c62c585a832f4a4117be009f6163a89,6520561,https://uscode.house.gov/view.xhtml?edition=2021&num=0&req=granuleid%3AUSC-2021-title10-section9062,https://uscode.house.gov/view.xhtml?edition=2022&num=0&req=granuleid%3AUSC-2022-title10-section9062,https://uscode.house.gov/view.xhtml?edition=prelim&num=0&req=granuleid%3AUSC-prelim-title10-section9062,6a67ce1e69ec1d4254d555a1fc8748a56b0d196e4b33b77851369545f397ea2d,286312a5ed4cd4ac7a8c9bab1a76e07734628094b39196e64b732f92cb3210ce,pre_post_normalized_text_changed,1749,6,3,post_only_public_law_marker_on_changed_annual_page,normalized_section_changed_with_post_only_public_law_marker,priority_1_review_post_public_law_context_and_target_section,reviewed_current_effective_text_source_with_public_law_note,current_page_mentions_public_law,reviewed_target_section_diff_attributed_to_queued_public_law,1,source_reviewed_target_section_diff; official_govinfo_public_law_text; official_olrc_annual_pre_post_text_diff; post_only_public_law_marker; official_olrc_current_effective_text_review,"Reviewed target-section diff is attributed to the queued public law because the official public-law text was scanned, annual OLRC target text changed, the post annual page introduced the queued public-law marker, and the current OLRC page retains public-law note evidence.","Attribution is limited to the reviewed target-section diff row. It is not a complete codification history, implementation outcome, direct court review, welfare assessment, or model-validation finding.",statutory_lineage_source_reviewed_target_section_diff; official_govinfo_public_law_text_scan; official_olrc_annual_us_code_text_diff; statutory_lineage_effective_text_source_review; statutory_lineage_public_law_attribution_review,complete_codified_usc_lineage_review; implementation_outcomes; direct_target_section_court_review; welfare_or_public_benefit; model_validation,"Target-section public-law attribution review only. Rows confirm that a source-reviewed target-section diff also has official GovInfo public-law source text, changed annual OLRC target text, a post-only public-law marker, and effective-text source review. This artifact does not establish complete codified lineage, exclusive current-section causation outside the reviewed target diff, implementation outcomes, direct target-section court review, welfare evidence, causal effects, or model validation."
26,26,26,33,33,117-hr-6604,117-297,2022-12-27,38 USC 101 note,direct_us_code_reference,38,101,amended_existing_target_section,reviewed_pre_post_target_section_diff,1,1,2021,2022,https://www.govinfo.gov/content/pkg/PLAW-117publ297/html/PLAW-117publ297.htm,PLAW-117publ297,https://www.govinfo.gov/content/pkg/PLAW-117publ297/html/PLAW-117publ297.htm,https://www.govinfo.gov/app/details/PLAW-117publ297,64a6c463a11957f8bd4f29ae137477191b243381fe00f77afc3fee768caafd27,4322,https://uscode.house.gov/view.xhtml?edition=2021&num=0&req=granuleid%3AUSC-2021-title38-section101,https://uscode.house.gov/view.xhtml?edition=2022&num=0&req=granuleid%3AUSC-2022-title38-section101,https://uscode.house.gov/view.xhtml?edition=prelim&num=0&req=granuleid%3AUSC-prelim-title38-section101,d1a50ec444e2ff7786ac1f76ed83b62c1c6fc0691d805c023289a4daec8ddf60,c461038f546f0c6e1923ece7540de92d84118ac06c8757f016e56776700876d9,pre_post_normalized_text_changed,10511,1,1,post_only_public_law_marker_on_changed_annual_page,normalized_section_changed_with_post_only_public_law_marker,priority_1_review_post_public_law_context_and_target_section,reviewed_current_effective_text_source_with_public_law_note,current_page_mentions_public_law,reviewed_target_section_diff_attributed_to_queued_public_law,1,source_reviewed_target_section_diff; official_govinfo_public_law_text; official_olrc_annual_pre_post_text_diff; post_only_public_law_marker; official_olrc_current_effective_text_review,"Reviewed target-section diff is attributed to the queued public law because the official public-law text was scanned, annual OLRC target text changed, the post annual page introduced the queued public-law marker, and the current OLRC page retains public-law note evidence.","Attribution is limited to the reviewed target-section diff row. It is not a complete codification history, implementation outcome, direct court review, welfare assessment, or model-validation finding.",statutory_lineage_source_reviewed_target_section_diff; official_govinfo_public_law_text_scan; official_olrc_annual_us_code_text_diff; statutory_lineage_effective_text_source_review; statutory_lineage_public_law_attribution_review,complete_codified_usc_lineage_review; implementation_outcomes; direct_target_section_court_review; welfare_or_public_benefit; model_validation,"Target-section public-law attribution review only. Rows confirm that a source-reviewed target-section diff also has official GovInfo public-law source text, changed annual OLRC target text, a post-only public-law marker, and effective-text source review. This artifact does not establish complete codified lineage, exclusive current-section causation outside the reviewed target diff, implementation outcomes, direct target-section court review, welfare evidence, causal effects, or model validation."
27,27,27,34,34,117-hr-6604,117-297,2022-12-27,38 USC 3319(e),title_code_section_phrase,38,3319,amended_existing_target_section,reviewed_pre_post_target_section_diff,1,1,2021,2022,https://www.govinfo.gov/content/pkg/PLAW-117publ297/html/PLAW-117publ297.htm,PLAW-117publ297,https://www.govinfo.gov/content/pkg/PLAW-117publ297/html/PLAW-117publ297.htm,https://www.govinfo.gov/app/details/PLAW-117publ297,64a6c463a11957f8bd4f29ae137477191b243381fe00f77afc3fee768caafd27,4322,https://uscode.house.gov/view.xhtml?edition=2021&num=0&req=granuleid%3AUSC-2021-title38-section3319,https://uscode.house.gov/view.xhtml?edition=2022&num=0&req=granuleid%3AUSC-2022-title38-section3319,https://uscode.house.gov/view.xhtml?edition=prelim&num=0&req=granuleid%3AUSC-prelim-title38-section3319,03567141926bb6c13a91a376183ade3ef4a2bc25671f3b13c031235b683506e9,1d081219f61c463d6f59c9e1194f342375ca99003a90ae08ffc86d1ab3db0e65,pre_post_normalized_text_changed,1873,2,2,post_only_public_law_marker_on_changed_annual_page,normalized_section_changed_with_post_only_public_law_marker,priority_1_review_post_public_law_context_and_target_section,reviewed_current_effective_text_source_with_public_law_note,current_page_mentions_public_law,reviewed_target_section_diff_attributed_to_queued_public_law,1,source_reviewed_target_section_diff; official_govinfo_public_law_text; official_olrc_annual_pre_post_text_diff; post_only_public_law_marker; official_olrc_current_effective_text_review,"Reviewed target-section diff is attributed to the queued public law because the official public-law text was scanned, annual OLRC target text changed, the post annual page introduced the queued public-law marker, and the current OLRC page retains public-law note evidence.","Attribution is limited to the reviewed target-section diff row. It is not a complete codification history, implementation outcome, direct court review, welfare assessment, or model-validation finding.",statutory_lineage_source_reviewed_target_section_diff; official_govinfo_public_law_text_scan; official_olrc_annual_us_code_text_diff; statutory_lineage_effective_text_source_review; statutory_lineage_public_law_attribution_review,complete_codified_usc_lineage_review; implementation_outcomes; direct_target_section_court_review; welfare_or_public_benefit; model_validation,"Target-section public-law attribution review only. Rows confirm that a source-reviewed target-section diff also has official GovInfo public-law source text, changed annual OLRC target text, a post-only public-law marker, and effective-text source review. This artifact does not establish complete codified lineage, exclusive current-section causation outside the reviewed target diff, implementation outcomes, direct target-section court review, welfare evidence, causal effects, or model validation."
28,28,28,35,35,117-hr-6604,117-297,2022-12-27,38 USC 3699(c)(2)(A),title_code_section_phrase,38,3699,amended_existing_target_section,reviewed_pre_post_target_section_diff,1,1,2021,2022,https://www.govinfo.gov/content/pkg/PLAW-117publ297/html/PLAW-117publ297.htm,PLAW-117publ297,https://www.govinfo.gov/content/pkg/PLAW-117publ297/html/PLAW-117publ297.htm,https://www.govinfo.gov/app/details/PLAW-117publ297,64a6c463a11957f8bd4f29ae137477191b243381fe00f77afc3fee768caafd27,4322,https://uscode.house.gov/view.xhtml?edition=2021&num=0&req=granuleid%3AUSC-2021-title38-section3699,https://uscode.house.gov/view.xhtml?edition=2022&num=0&req=granuleid%3AUSC-2022-title38-section3699,https://uscode.house.gov/view.xhtml?edition=prelim&num=0&req=granuleid%3AUSC-prelim-title38-section3699,b85ae0cf49ed594405ea39d6991f9e086f2911cb82d4207f574fa8dfc0e482ef,40cb5350d86bb0e0579fda6854264aaa72dc4e6d913484ab0ffd203403c96119,pre_post_normalized_text_changed,1102,2,2,post_only_public_law_marker_on_changed_annual_page,normalized_section_changed_with_post_only_public_law_marker,priority_1_review_post_public_law_context_and_target_section,reviewed_current_effective_text_source_with_public_law_note,current_page_mentions_public_law,reviewed_target_section_diff_attributed_to_queued_public_law,1,source_reviewed_target_section_diff; official_govinfo_public_law_text; official_olrc_annual_pre_post_text_diff; post_only_public_law_marker; official_olrc_current_effective_text_review,"Reviewed target-section diff is attributed to the queued public law because the official public-law text was scanned, annual OLRC target text changed, the post annual page introduced the queued public-law marker, and the current OLRC page retains public-law note evidence.","Attribution is limited to the reviewed target-section diff row. It is not a complete codification history, implementation outcome, direct court review, welfare assessment, or model-validation finding.",statutory_lineage_source_reviewed_target_section_diff; official_govinfo_public_law_text_scan; official_olrc_annual_us_code_text_diff; statutory_lineage_effective_text_source_review; statutory_lineage_public_law_attribution_review,complete_codified_usc_lineage_review; implementation_outcomes; direct_target_section_court_review; welfare_or_public_benefit; model_validation,"Target-section public-law attribution review only. Rows confirm that a source-reviewed target-section diff also has official GovInfo public-law source text, changed annual OLRC target text, a post-only public-law marker, and effective-text source review. This artifact does not establish complete codified lineage, exclusive current-section causation outside the reviewed target diff, implementation outcomes, direct target-section court review, welfare evidence, causal effects, or model validation."
29,29,29,36,36,117-hr-7132,117-223,2022-12-07,47 USC 345 note,direct_us_code_reference,47,345,added_target_section_with_effective_date_note,reviewed_added_target_section_diff,1,1,2021,2022,https://www.govinfo.gov/content/pkg/PLAW-117publ223/html/PLAW-117publ223.htm,PLAW-117publ223,https://www.govinfo.gov/content/pkg/PLAW-117publ223/html/PLAW-117publ223.htm,https://www.govinfo.gov/app/details/PLAW-117publ223,8653d9ccdafede4d47b6fe1f9de6234928c7f7c5d07f199f7d8f5b2d67c38028,33850,https://uscode.house.gov/view.xhtml?edition=2021&num=0&req=granuleid%3AUSC-2021-title47-section345,https://uscode.house.gov/view.xhtml?edition=2022&num=0&req=granuleid%3AUSC-2022-title47-section345,https://uscode.house.gov/view.xhtml?edition=prelim&num=0&req=granuleid%3AUSC-prelim-title47-section345,7d641292e606ea628de81f96717988db7562a0f46dcea58db5884c59b05272b1,b798c8c028cee714b62ffc252e97203568815b2f8739636a45d7b2e54d4cc4d6,pre_post_normalized_text_changed,23869,7,3,post_only_public_law_marker_on_changed_annual_page,normalized_section_changed_with_post_only_public_law_marker,priority_1_review_post_public_law_context_and_target_section,reviewed_current_effective_text_source_with_public_law_note,current_page_mentions_public_law,reviewed_target_section_diff_attributed_to_queued_public_law,1,source_reviewed_target_section_diff; official_govinfo_public_law_text; official_olrc_annual_pre_post_text_diff; post_only_public_law_marker; official_olrc_current_effective_text_review,"Reviewed target-section diff is attributed to the queued public law because the official public-law text was scanned, annual OLRC target text changed, the post annual page introduced the queued public-law marker, and the current OLRC page retains public-law note evidence.","Attribution is limited to the reviewed target-section diff row. It is not a complete codification history, implementation outcome, direct court review, welfare assessment, or model-validation finding.",statutory_lineage_source_reviewed_target_section_diff; official_govinfo_public_law_text_scan; official_olrc_annual_us_code_text_diff; statutory_lineage_effective_text_source_review; statutory_lineage_public_law_attribution_review,complete_codified_usc_lineage_review; implementation_outcomes; direct_target_section_court_review; welfare_or_public_benefit; model_validation,"Target-section public-law attribution review only. Rows confirm that a source-reviewed target-section diff also has official GovInfo public-law source text, changed annual OLRC target text, a post-only public-law marker, and effective-text source review. This artifact does not establish complete codified lineage, exclusive current-section causation outside the reviewed target diff, implementation outcomes, direct target-section court review, welfare evidence, causal effects, or model validation."
30,30,30,37,37,117-hr-7132,117-223,2022-12-07,47 USC 345,direct_us_code_reference,47,345,added_target_section,reviewed_added_target_section_diff,1,1,2021,2022,https://www.govinfo.gov/content/pkg/PLAW-117publ223/html/PLAW-117publ223.htm,PLAW-117publ223,https://www.govinfo.gov/content/pkg/PLAW-117publ223/html/PLAW-117publ223.htm,https://www.govinfo.gov/app/details/PLAW-117publ223,8653d9ccdafede4d47b6fe1f9de6234928c7f7c5d07f199f7d8f5b2d67c38028,33850,https://uscode.house.gov/view.xhtml?edition=2021&num=0&req=granuleid%3AUSC-2021-title47-section345,https://uscode.house.gov/view.xhtml?edition=2022&num=0&req=granuleid%3AUSC-2022-title47-section345,https://uscode.house.gov/view.xhtml?edition=prelim&num=0&req=granuleid%3AUSC-prelim-title47-section345,7d641292e606ea628de81f96717988db7562a0f46dcea58db5884c59b05272b1,b798c8c028cee714b62ffc252e97203568815b2f8739636a45d7b2e54d4cc4d6,pre_post_normalized_text_changed,23869,7,3,post_only_public_law_marker_on_changed_annual_page,normalized_section_changed_with_post_only_public_law_marker,priority_1_review_post_public_law_context_and_target_section,reviewed_current_effective_text_source_with_public_law_note,current_page_mentions_public_law,reviewed_target_section_diff_attributed_to_queued_public_law,1,source_reviewed_target_section_diff; official_govinfo_public_law_text; official_olrc_annual_pre_post_text_diff; post_only_public_law_marker; official_olrc_current_effective_text_review,"Reviewed target-section diff is attributed to the queued public law because the official public-law text was scanned, annual OLRC target text changed, the post annual page introduced the queued public-law marker, and the current OLRC page retains public-law note evidence.","Attribution is limited to the reviewed target-section diff row. It is not a complete codification history, implementation outcome, direct court review, welfare assessment, or model-validation finding.",statutory_lineage_source_reviewed_target_section_diff; official_govinfo_public_law_text_scan; official_olrc_annual_us_code_text_diff; statutory_lineage_effective_text_source_review; statutory_lineage_public_law_attribution_review,complete_codified_usc_lineage_review; implementation_outcomes; direct_target_section_court_review; welfare_or_public_benefit; model_validation,"Target-section public-law attribution review only. Rows confirm that a source-reviewed target-section diff also has official GovInfo public-law source text, changed annual OLRC target text, a post-only public-law marker, and effective-text source review. This artifact does not establish complete codified lineage, exclusive current-section causation outside the reviewed target diff, implementation outcomes, direct target-section court review, welfare evidence, causal effects, or model validation."
31,31,31,38,38,117-hr-7132,117-223,2022-12-07,47 USC 609 note,direct_us_code_reference,47,609,amended_existing_target_section,reviewed_pre_post_target_section_diff,1,1,2021,2022,https://www.govinfo.gov/content/pkg/PLAW-117publ223/html/PLAW-117publ223.htm,PLAW-117publ223,https://www.govinfo.gov/content/pkg/PLAW-117publ223/html/PLAW-117publ223.htm,https://www.govinfo.gov/app/details/PLAW-117publ223,8653d9ccdafede4d47b6fe1f9de6234928c7f7c5d07f199f7d8f5b2d67c38028,33850,https://uscode.house.gov/view.xhtml?edition=2021&num=0&req=granuleid%3AUSC-2021-title47-section609,https://uscode.house.gov/view.xhtml?edition=2022&num=0&req=granuleid%3AUSC-2022-title47-section609,https://uscode.house.gov/view.xhtml?edition=prelim&num=0&req=granuleid%3AUSC-prelim-title47-section609,165d9d51e520d0216f31b0586268169651b24297eca8257975a1028f07af8cad,8f42f7917b1fee70813fd5ef2e56623f3d0c6d2207d844173b053189da80a9ac,pre_post_normalized_text_changed,583,1,1,post_only_public_law_marker_on_changed_annual_page,normalized_section_changed_with_post_only_public_law_marker,priority_1_review_post_public_law_context_and_target_section,reviewed_current_effective_text_source_with_public_law_note,current_page_mentions_public_law,reviewed_target_section_diff_attributed_to_queued_public_law,1,source_reviewed_target_section_diff; official_govinfo_public_law_text; official_olrc_annual_pre_post_text_diff; post_only_public_law_marker; official_olrc_current_effective_text_review,"Reviewed target-section diff is attributed to the queued public law because the official public-law text was scanned, annual OLRC target text changed, the post annual page introduced the queued public-law marker, and the current OLRC page retains public-law note evidence.","Attribution is limited to the reviewed target-section diff row. It is not a complete codification history, implementation outcome, direct court review, welfare assessment, or model-validation finding.",statutory_lineage_source_reviewed_target_section_diff; official_govinfo_public_law_text_scan; official_olrc_annual_us_code_text_diff; statutory_lineage_effective_text_source_review; statutory_lineage_public_law_attribution_review,complete_codified_usc_lineage_review; implementation_outcomes; direct_target_section_court_review; welfare_or_public_benefit; model_validation,"Target-section public-law attribution review only. Rows confirm that a source-reviewed target-section diff also has official GovInfo public-law source text, changed annual OLRC target text, a post-only public-law marker, and effective-text source review. This artifact does not establish complete codified lineage, exclusive current-section causation outside the reviewed target diff, implementation outcomes, direct target-section court review, welfare evidence, causal effects, or model validation."
32,32,32,39,39,117-s-3373,117-168,2022-08-10,38 USC 1710,direct_us_code_reference,38,1710,amended_existing_target_section,reviewed_pre_post_target_section_diff,1,1,2021,2022,https://www.govinfo.gov/content/pkg/PLAW-117publ168/html/PLAW-117publ168.htm,PLAW-117publ168,https://www.govinfo.gov/content/pkg/PLAW-117publ168/html/PLAW-117publ168.htm,https://www.govinfo.gov/app/details/PLAW-117publ168,9bb80ea65b94c5bcc4ecf16da0a27fe4d1ceced867c47463ffa908804b8fe943,203817,https://uscode.house.gov/view.xhtml?edition=2021&num=0&req=granuleid%3AUSC-2021-title38-section1710,https://uscode.house.gov/view.xhtml?edition=2022&num=0&req=granuleid%3AUSC-2022-title38-section1710,https://uscode.house.gov/view.xhtml?edition=prelim&num=0&req=granuleid%3AUSC-prelim-title38-section1710,d041751a0bfda28bf4c6e2bd8a419c91d8572fee9eae0b759f422a8be2d35500,3c0b90f0edd51a23e43df074a2d0622b025379cd0ad8c2d1df4eefc65c6f2fd3,pre_post_normalized_text_changed,13091,15,3,post_only_public_law_marker_on_changed_annual_page,normalized_section_changed_with_post_only_public_law_marker,priority_1_review_post_public_law_context_and_target_section,reviewed_current_effective_text_source_with_public_law_note,current_page_mentions_public_law,reviewed_target_section_diff_attributed_to_queued_public_law,1,source_reviewed_target_section_diff; official_govinfo_public_law_text; official_olrc_annual_pre_post_text_diff; post_only_public_law_marker; official_olrc_current_effective_text_review,"Reviewed target-section diff is attributed to the queued public law because the official public-law text was scanned, annual OLRC target text changed, the post annual page introduced the queued public-law marker, and the current OLRC page retains public-law note evidence.","Attribution is limited to the reviewed target-section diff row. It is not a complete codification history, implementation outcome, direct court review, welfare assessment, or model-validation finding.",statutory_lineage_source_reviewed_target_section_diff; official_govinfo_public_law_text_scan; official_olrc_annual_us_code_text_diff; statutory_lineage_effective_text_source_review; statutory_lineage_public_law_attribution_review,complete_codified_usc_lineage_review; implementation_outcomes; direct_target_section_court_review; welfare_or_public_benefit; model_validation,"Target-section public-law attribution review only. Rows confirm that a source-reviewed target-section diff also has official GovInfo public-law source text, changed annual OLRC target text, a post-only public-law marker, and effective-text source review. This artifact does not establish complete codified lineage, exclusive current-section causation outside the reviewed target diff, implementation outcomes, direct target-section court review, welfare evidence, causal effects, or model validation."
33,33,33,40,40,117-s-3373,117-168,2022-08-10,38 USC 101 note,direct_us_code_reference,38,101,amended_existing_target_section,reviewed_pre_post_target_section_diff,1,1,2021,2022,https://www.govinfo.gov/content/pkg/PLAW-117publ168/html/PLAW-117publ168.htm,PLAW-117publ168,https://www.govinfo.gov/content/pkg/PLAW-117publ168/html/PLAW-117publ168.htm,https://www.govinfo.gov/app/details/PLAW-117publ168,9bb80ea65b94c5bcc4ecf16da0a27fe4d1ceced867c47463ffa908804b8fe943,203817,https://uscode.house.gov/view.xhtml?edition=2021&num=0&req=granuleid%3AUSC-2021-title38-section101,https://uscode.house.gov/view.xhtml?edition=2022&num=0&req=granuleid%3AUSC-2022-title38-section101,https://uscode.house.gov/view.xhtml?edition=prelim&num=0&req=granuleid%3AUSC-prelim-title38-section101,d1a50ec444e2ff7786ac1f76ed83b62c1c6fc0691d805c023289a4daec8ddf60,c461038f546f0c6e1923ece7540de92d84118ac06c8757f016e56776700876d9,pre_post_normalized_text_changed,10511,14,3,post_only_public_law_marker_on_changed_annual_page,normalized_section_changed_with_post_only_public_law_marker,priority_1_review_post_public_law_context_and_target_section,reviewed_current_effective_text_source_with_public_law_note,current_page_mentions_public_law,reviewed_target_section_diff_attributed_to_queued_public_law,1,source_reviewed_target_section_diff; official_govinfo_public_law_text; official_olrc_annual_pre_post_text_diff; post_only_public_law_marker; official_olrc_current_effective_text_review,"Reviewed target-section diff is attributed to the queued public law because the official public-law text was scanned, annual OLRC target text changed, the post annual page introduced the queued public-law marker, and the current OLRC page retains public-law note evidence.","Attribution is limited to the reviewed target-section diff row. It is not a complete codification history, implementation outcome, direct court review, welfare assessment, or model-validation finding.",statutory_lineage_source_reviewed_target_section_diff; official_govinfo_public_law_text_scan; official_olrc_annual_us_code_text_diff; statutory_lineage_effective_text_source_review; statutory_lineage_public_law_attribution_review,complete_codified_usc_lineage_review; implementation_outcomes; direct_target_section_court_review; welfare_or_public_benefit; model_validation,"Target-section public-law attribution review only. Rows confirm that a source-reviewed target-section diff also has official GovInfo public-law source text, changed annual OLRC target text, a post-only public-law marker, and effective-text source review. This artifact does not establish complete codified lineage, exclusive current-section causation outside the reviewed target diff, implementation outcomes, direct target-section court review, welfare evidence, causal effects, or model validation."
34,34,34,41,41,117-s-3373,117-168,2022-08-10,38 USC 1171,direct_us_code_reference,38,1171,added_target_section,reviewed_added_target_section_diff,1,1,2021,2022,https://www.govinfo.gov/content/pkg/PLAW-117publ168/html/PLAW-117publ168.htm,PLAW-117publ168,https://www.govinfo.gov/content/pkg/PLAW-117publ168/html/PLAW-117publ168.htm,https://www.govinfo.gov/app/details/PLAW-117publ168,9bb80ea65b94c5bcc4ecf16da0a27fe4d1ceced867c47463ffa908804b8fe943,203817,https://uscode.house.gov/view.xhtml?edition=2021&num=0&req=granuleid%3AUSC-2021-title38-section1171,https://uscode.house.gov/view.xhtml?edition=2022&num=0&req=granuleid%3AUSC-2022-title38-section1171,https://uscode.house.gov/view.xhtml?edition=prelim&num=0&req=granuleid%3AUSC-prelim-title38-section1171,7d641292e606ea628de81f96717988db7562a0f46dcea58db5884c59b05272b1,38d966a0823e80adcea4fcdd6e1b437995ef2f36698e4bbf0e7d9f3bc698910a,pre_post_normalized_text_changed,3937,2,2,post_only_public_law_marker_on_changed_annual_page,normalized_section_changed_with_post_only_public_law_marker,priority_1_review_post_public_law_context_and_target_section,reviewed_current_effective_text_source_with_public_law_note,current_page_mentions_public_law,reviewed_target_section_diff_attributed_to_queued_public_law,1,source_reviewed_target_section_diff; official_govinfo_public_law_text; official_olrc_annual_pre_post_text_diff; post_only_public_law_marker; official_olrc_current_effective_text_review,"Reviewed target-section diff is attributed to the queued public law because the official public-law text was scanned, annual OLRC target text changed, the post annual page introduced the queued public-law marker, and the current OLRC page retains public-law note evidence.","Attribution is limited to the reviewed target-section diff row. It is not a complete codification history, implementation outcome, direct court review, welfare assessment, or model-validation finding.",statutory_lineage_source_reviewed_target_section_diff; official_govinfo_public_law_text_scan; official_olrc_annual_us_code_text_diff; statutory_lineage_effective_text_source_review; statutory_lineage_public_law_attribution_review,complete_codified_usc_lineage_review; implementation_outcomes; direct_target_section_court_review; welfare_or_public_benefit; model_validation,"Target-section public-law attribution review only. Rows confirm that a source-reviewed target-section diff also has official GovInfo public-law source text, changed annual OLRC target text, a post-only public-law marker, and effective-text source review. This artifact does not establish complete codified lineage, exclusive current-section causation outside the reviewed target diff, implementation outcomes, direct target-section court review, welfare evidence, causal effects, or model validation."
35,35,35,42,42,117-s-3373,117-168,2022-08-10,38 USC 1710 note,direct_us_code_reference,38,1710,amended_existing_target_section_with_effective_date_note,reviewed_pre_post_target_section_diff,1,1,2021,2022,https://www.govinfo.gov/content/pkg/PLAW-117publ168/html/PLAW-117publ168.htm,PLAW-117publ168,https://www.govinfo.gov/content/pkg/PLAW-117publ168/html/PLAW-117publ168.htm,https://www.govinfo.gov/app/details/PLAW-117publ168,9bb80ea65b94c5bcc4ecf16da0a27fe4d1ceced867c47463ffa908804b8fe943,203817,https://uscode.house.gov/view.xhtml?edition=2021&num=0&req=granuleid%3AUSC-2021-title38-section1710,https://uscode.house.gov/view.xhtml?edition=2022&num=0&req=granuleid%3AUSC-2022-title38-section1710,https://uscode.house.gov/view.xhtml?edition=prelim&num=0&req=granuleid%3AUSC-prelim-title38-section1710,d041751a0bfda28bf4c6e2bd8a419c91d8572fee9eae0b759f422a8be2d35500,3c0b90f0edd51a23e43df074a2d0622b025379cd0ad8c2d1df4eefc65c6f2fd3,pre_post_normalized_text_changed,13091,15,3,post_only_public_law_marker_on_changed_annual_page,normalized_section_changed_with_post_only_public_law_marker,priority_1_review_post_public_law_context_and_target_section,reviewed_current_effective_text_source_with_public_law_note,current_page_mentions_public_law,reviewed_target_section_diff_attributed_to_queued_public_law,1,source_reviewed_target_section_diff; official_govinfo_public_law_text; official_olrc_annual_pre_post_text_diff; post_only_public_law_marker; official_olrc_current_effective_text_review,"Reviewed target-section diff is attributed to the queued public law because the official public-law text was scanned, annual OLRC target text changed, the post annual page introduced the queued public-law marker, and the current OLRC page retains public-law note evidence.","Attribution is limited to the reviewed target-section diff row. It is not a complete codification history, implementation outcome, direct court review, welfare assessment, or model-validation finding.",statutory_lineage_source_reviewed_target_section_diff; official_govinfo_public_law_text_scan; official_olrc_annual_us_code_text_diff; statutory_lineage_effective_text_source_review; statutory_lineage_public_law_attribution_review,complete_codified_usc_lineage_review; implementation_outcomes; direct_target_section_court_review; welfare_or_public_benefit; model_validation,"Target-section public-law attribution review only. Rows confirm that a source-reviewed target-section diff also has official GovInfo public-law source text, changed annual OLRC target text, a post-only public-law marker, and effective-text source review. This artifact does not establish complete codified lineage, exclusive current-section causation outside the reviewed target diff, implementation outcomes, direct target-section court review, welfare evidence, causal effects, or model validation."
36,36,36,43,43,117-s-3373,117-168,2022-08-10,38 USC 1116,direct_us_code_reference,38,1116,amended_existing_target_section,reviewed_pre_post_target_section_diff,1,1,2021,2022,https://www.govinfo.gov/content/pkg/PLAW-117publ168/html/PLAW-117publ168.htm,PLAW-117publ168,https://www.govinfo.gov/content/pkg/PLAW-117publ168/html/PLAW-117publ168.htm,https://www.govinfo.gov/app/details/PLAW-117publ168,9bb80ea65b94c5bcc4ecf16da0a27fe4d1ceced867c47463ffa908804b8fe943,203817,https://uscode.house.gov/view.xhtml?edition=2021&num=0&req=granuleid%3AUSC-2021-title38-section1116,https://uscode.house.gov/view.xhtml?edition=2022&num=0&req=granuleid%3AUSC-2022-title38-section1116,https://uscode.house.gov/view.xhtml?edition=prelim&num=0&req=granuleid%3AUSC-prelim-title38-section1116,f7f8ed984250ca7427d7e05a43d079894a5d9443b85e6232358be7da2092cb8e,ccdd434c43c2468fe3343abe611b98c360cbb1cfcd830c1a7b322533dea50113,pre_post_normalized_text_changed,4313,15,3,post_only_public_law_marker_on_changed_annual_page,normalized_section_changed_with_post_only_public_law_marker,priority_1_review_post_public_law_context_and_target_section,reviewed_current_effective_text_source_with_public_law_note,current_page_mentions_public_law,reviewed_target_section_diff_attributed_to_queued_public_law,1,source_reviewed_target_section_diff; official_govinfo_public_law_text; official_olrc_annual_pre_post_text_diff; post_only_public_law_marker; official_olrc_current_effective_text_review,"Reviewed target-section diff is attributed to the queued public law because the official public-law text was scanned, annual OLRC target text changed, the post annual page introduced the queued public-law marker, and the current OLRC page retains public-law note evidence.","Attribution is limited to the reviewed target-section diff row. It is not a complete codification history, implementation outcome, direct court review, welfare assessment, or model-validation finding.",statutory_lineage_source_reviewed_target_section_diff; official_govinfo_public_law_text_scan; official_olrc_annual_us_code_text_diff; statutory_lineage_effective_text_source_review; statutory_lineage_public_law_attribution_review,complete_codified_usc_lineage_review; implementation_outcomes; direct_target_section_court_review; welfare_or_public_benefit; model_validation,"Target-section public-law attribution review only. Rows confirm that a source-reviewed target-section diff also has official GovInfo public-law source text, changed annual OLRC target text, a post-only public-law marker, and effective-text source review. This artifact does not establish complete codified lineage, exclusive current-section causation outside the reviewed target diff, implementation outcomes, direct target-section court review, welfare evidence, causal effects, or model validation."
37,37,37,44,44,117-s-3373,117-168,2022-08-10,38 USC 1172,direct_us_code_reference,38,1172,added_target_section,reviewed_added_target_section_diff,1,1,2021,2022,https://www.govinfo.gov/content/pkg/PLAW-117publ168/html/PLAW-117publ168.htm,PLAW-117publ168,https://www.govinfo.gov/content/pkg/PLAW-117publ168/html/PLAW-117publ168.htm,https://www.govinfo.gov/app/details/PLAW-117publ168,9bb80ea65b94c5bcc4ecf16da0a27fe4d1ceced867c47463ffa908804b8fe943,203817,https://uscode.house.gov/view.xhtml?edition=2021&num=0&req=granuleid%3AUSC-2021-title38-section1172,https://uscode.house.gov/view.xhtml?edition=2022&num=0&req=granuleid%3AUSC-2022-title38-section1172,https://uscode.house.gov/view.xhtml?edition=prelim&num=0&req=granuleid%3AUSC-prelim-title38-section1172,7d641292e606ea628de81f96717988db7562a0f46dcea58db5884c59b05272b1,8f1287ae32354a6db173c92d3616417049a6ef6dd279609aa8ac0eb4f036f8b0,pre_post_normalized_text_changed,5503,1,1,post_only_public_law_marker_on_changed_annual_page,normalized_section_changed_with_post_only_public_law_marker,priority_1_review_post_public_law_context_and_target_section,reviewed_current_effective_text_source_with_public_law_note,current_page_mentions_public_law,reviewed_target_section_diff_attributed_to_queued_public_law,1,source_reviewed_target_section_diff; official_govinfo_public_law_text; official_olrc_annual_pre_post_text_diff; post_only_public_law_marker; official_olrc_current_effective_text_review,"Reviewed target-section diff is attributed to the queued public law because the official public-law text was scanned, annual OLRC target text changed, the post annual page introduced the queued public-law marker, and the current OLRC page retains public-law note evidence.","Attribution is limited to the reviewed target-section diff row. It is not a complete codification history, implementation outcome, direct court review, welfare assessment, or model-validation finding.",statutory_lineage_source_reviewed_target_section_diff; official_govinfo_public_law_text_scan; official_olrc_annual_us_code_text_diff; statutory_lineage_effective_text_source_review; statutory_lineage_public_law_attribution_review,complete_codified_usc_lineage_review; implementation_outcomes; direct_target_section_court_review; welfare_or_public_benefit; model_validation,"Target-section public-law attribution review only. Rows confirm that a source-reviewed target-section diff also has official GovInfo public-law source text, changed annual OLRC target text, a post-only public-law marker, and effective-text source review. This artifact does not establish complete codified lineage, exclusive current-section causation outside the reviewed target diff, implementation outcomes, direct target-section court review, welfare evidence, causal effects, or model validation."
38,38,38,45,45,117-s-3373,117-168,2022-08-10,38 USC 1173,direct_us_code_reference,38,1173,added_target_section,reviewed_added_target_section_diff,1,1,2021,2022,https://www.govinfo.gov/content/pkg/PLAW-117publ168/html/PLAW-117publ168.htm,PLAW-117publ168,https://www.govinfo.gov/content/pkg/PLAW-117publ168/html/PLAW-117publ168.htm,https://www.govinfo.gov/app/details/PLAW-117publ168,9bb80ea65b94c5bcc4ecf16da0a27fe4d1ceced867c47463ffa908804b8fe943,203817,https://uscode.house.gov/view.xhtml?edition=2021&num=0&req=granuleid%3AUSC-2021-title38-section1173,https://uscode.house.gov/view.xhtml?edition=2022&num=0&req=granuleid%3AUSC-2022-title38-section1173,https://uscode.house.gov/view.xhtml?edition=prelim&num=0&req=granuleid%3AUSC-prelim-title38-section1173,7d641292e606ea628de81f96717988db7562a0f46dcea58db5884c59b05272b1,23be9137aabb2e3915efbb52464f5bba69bcc32a2833f58f43aad3bb6bd81d06,pre_post_normalized_text_changed,3606,1,1,post_only_public_law_marker_on_changed_annual_page,normalized_section_changed_with_post_only_public_law_marker,priority_1_review_post_public_law_context_and_target_section,reviewed_current_effective_text_source_with_public_law_note,current_page_mentions_public_law,reviewed_target_section_diff_attributed_to_queued_public_law,1,source_reviewed_target_section_diff; official_govinfo_public_law_text; official_olrc_annual_pre_post_text_diff; post_only_public_law_marker; official_olrc_current_effective_text_review,"Reviewed target-section diff is attributed to the queued public law because the official public-law text was scanned, annual OLRC target text changed, the post annual page introduced the queued public-law marker, and the current OLRC page retains public-law note evidence.","Attribution is limited to the reviewed target-section diff row. It is not a complete codification history, implementation outcome, direct court review, welfare assessment, or model-validation finding.",statutory_lineage_source_reviewed_target_section_diff; official_govinfo_public_law_text_scan; official_olrc_annual_us_code_text_diff; statutory_lineage_effective_text_source_review; statutory_lineage_public_law_attribution_review,complete_codified_usc_lineage_review; implementation_outcomes; direct_target_section_court_review; welfare_or_public_benefit; model_validation,"Target-section public-law attribution review only. Rows confirm that a source-reviewed target-section diff also has official GovInfo public-law source text, changed annual OLRC target text, a post-only public-law marker, and effective-text source review. This artifact does not establish complete codified lineage, exclusive current-section causation outside the reviewed target diff, implementation outcomes, direct target-section court review, welfare evidence, causal effects, or model validation."
39,39,39,46,46,117-s-3373,117-168,2022-08-10,38 USC 1174,direct_us_code_reference,38,1174,added_target_section,reviewed_added_target_section_diff,1,1,2021,2022,https://www.govinfo.gov/content/pkg/PLAW-117publ168/html/PLAW-117publ168.htm,PLAW-117publ168,https://www.govinfo.gov/content/pkg/PLAW-117publ168/html/PLAW-117publ168.htm,https://www.govinfo.gov/app/details/PLAW-117publ168,9bb80ea65b94c5bcc4ecf16da0a27fe4d1ceced867c47463ffa908804b8fe943,203817,https://uscode.house.gov/view.xhtml?edition=2021&num=0&req=granuleid%3AUSC-2021-title38-section1174,https://uscode.house.gov/view.xhtml?edition=2022&num=0&req=granuleid%3AUSC-2022-title38-section1174,https://uscode.house.gov/view.xhtml?edition=prelim&num=0&req=granuleid%3AUSC-prelim-title38-section1174,7d641292e606ea628de81f96717988db7562a0f46dcea58db5884c59b05272b1,25e5cf7d096cbc32b1b22e2baacba102e34a9984854f75615a32cb9a0c4962b4,pre_post_normalized_text_changed,3736,2,2,post_only_public_law_marker_on_changed_annual_page,normalized_section_changed_with_post_only_public_law_marker,priority_1_review_post_public_law_context_and_target_section,reviewed_current_effective_text_source_with_public_law_note,current_page_mentions_public_law,reviewed_target_section_diff_attributed_to_queued_public_law,1,source_reviewed_target_section_diff; official_govinfo_public_law_text; official_olrc_annual_pre_post_text_diff; post_only_public_law_marker; official_olrc_current_effective_text_review,"Reviewed target-section diff is attributed to the queued public law because the official public-law text was scanned, annual OLRC target text changed, the post annual page introduced the queued public-law marker, and the current OLRC page retains public-law note evidence.","Attribution is limited to the reviewed target-section diff row. It is not a complete codification history, implementation outcome, direct court review, welfare assessment, or model-validation finding.",statutory_lineage_source_reviewed_target_section_diff; official_govinfo_public_law_text_scan; official_olrc_annual_us_code_text_diff; statutory_lineage_effective_text_source_review; statutory_lineage_public_law_attribution_review,complete_codified_usc_lineage_review; implementation_outcomes; direct_target_section_court_review; welfare_or_public_benefit; model_validation,"Target-section public-law attribution review only. Rows confirm that a source-reviewed target-section diff also has official GovInfo public-law source text, changed annual OLRC target text, a post-only public-law marker, and effective-text source review. This artifact does not establish complete codified lineage, exclusive current-section causation outside the reviewed target diff, implementation outcomes, direct target-section court review, welfare evidence, causal effects, or model validation."
40,40,40,47,47,117-s-3373,117-168,2022-08-10,38 USC 1175,direct_us_code_reference,38,1175,added_target_section,reviewed_added_target_section_diff,1,1,2021,2022,https://www.govinfo.gov/content/pkg/PLAW-117publ168/html/PLAW-117publ168.htm,PLAW-117publ168,https://www.govinfo.gov/content/pkg/PLAW-117publ168/html/PLAW-117publ168.htm,https://www.govinfo.gov/app/details/PLAW-117publ168,9bb80ea65b94c5bcc4ecf16da0a27fe4d1ceced867c47463ffa908804b8fe943,203817,https://uscode.house.gov/view.xhtml?edition=2021&num=0&req=granuleid%3AUSC-2021-title38-section1175,https://uscode.house.gov/view.xhtml?edition=2022&num=0&req=granuleid%3AUSC-2022-title38-section1175,https://uscode.house.gov/view.xhtml?edition=prelim&num=0&req=granuleid%3AUSC-prelim-title38-section1175,7d641292e606ea628de81f96717988db7562a0f46dcea58db5884c59b05272b1,37141c0741f36d5c55d1d41043ade9b8664e029018b2ec883cd70587f0654e70,pre_post_normalized_text_changed,1874,1,1,post_only_public_law_marker_on_changed_annual_page,normalized_section_changed_with_post_only_public_law_marker,priority_1_review_post_public_law_context_and_target_section,reviewed_current_effective_text_source_with_public_law_note,current_page_mentions_public_law,reviewed_target_section_diff_attributed_to_queued_public_law,1,source_reviewed_target_section_diff; official_govinfo_public_law_text; official_olrc_annual_pre_post_text_diff; post_only_public_law_marker; official_olrc_current_effective_text_review,"Reviewed target-section diff is attributed to the queued public law because the official public-law text was scanned, annual OLRC target text changed, the post annual page introduced the queued public-law marker, and the current OLRC page retains public-law note evidence.","Attribution is limited to the reviewed target-section diff row. It is not a complete codification history, implementation outcome, direct court review, welfare assessment, or model-validation finding.",statutory_lineage_source_reviewed_target_section_diff; official_govinfo_public_law_text_scan; official_olrc_annual_us_code_text_diff; statutory_lineage_effective_text_source_review; statutory_lineage_public_law_attribution_review,complete_codified_usc_lineage_review; implementation_outcomes; direct_target_section_court_review; welfare_or_public_benefit; model_validation,"Target-section public-law attribution review only. Rows confirm that a source-reviewed target-section diff also has official GovInfo public-law source text, changed annual OLRC target text, a post-only public-law marker, and effective-text source review. This artifact does not establish complete codified lineage, exclusive current-section causation outside the reviewed target diff, implementation outcomes, direct target-section court review, welfare evidence, causal effects, or model validation."
41,41,41,48,48,117-s-3373,117-168,2022-08-10,38 USC 1176,direct_us_code_reference,38,1176,added_target_section,reviewed_added_target_section_diff,1,1,2021,2022,https://www.govinfo.gov/content/pkg/PLAW-117publ168/html/PLAW-117publ168.htm,PLAW-117publ168,https://www.govinfo.gov/content/pkg/PLAW-117publ168/html/PLAW-117publ168.htm,https://www.govinfo.gov/app/details/PLAW-117publ168,9bb80ea65b94c5bcc4ecf16da0a27fe4d1ceced867c47463ffa908804b8fe943,203817,https://uscode.house.gov/view.xhtml?edition=2021&num=0&req=granuleid%3AUSC-2021-title38-section1176,https://uscode.house.gov/view.xhtml?edition=2022&num=0&req=granuleid%3AUSC-2022-title38-section1176,https://uscode.house.gov/view.xhtml?edition=prelim&num=0&req=granuleid%3AUSC-prelim-title38-section1176,7d641292e606ea628de81f96717988db7562a0f46dcea58db5884c59b05272b1,0166f50ef2897924c570f001421362ab33f88f6245d74973f5ff24ab7ed2b4df,pre_post_normalized_text_changed,5927,2,2,post_only_public_law_marker_on_changed_annual_page,normalized_section_changed_with_post_only_public_law_marker,priority_1_review_post_public_law_context_and_target_section,reviewed_current_effective_text_source_with_public_law_note,current_page_mentions_public_law,reviewed_target_section_diff_attributed_to_queued_public_law,1,source_reviewed_target_section_diff; official_govinfo_public_law_text; official_olrc_annual_pre_post_text_diff; post_only_public_law_marker; official_olrc_current_effective_text_review,"Reviewed target-section diff is attributed to the queued public law because the official public-law text was scanned, annual OLRC target text changed, the post annual page introduced the queued public-law marker, and the current OLRC page retains public-law note evidence.","Attribution is limited to the reviewed target-section diff row. It is not a complete codification history, implementation outcome, direct court review, welfare assessment, or model-validation finding.",statutory_lineage_source_reviewed_target_section_diff; official_govinfo_public_law_text_scan; official_olrc_annual_us_code_text_diff; statutory_lineage_effective_text_source_review; statutory_lineage_public_law_attribution_review,complete_codified_usc_lineage_review; implementation_outcomes; direct_target_section_court_review; welfare_or_public_benefit; model_validation,"Target-section public-law attribution review only. Rows confirm that a source-reviewed target-section diff also has official GovInfo public-law source text, changed annual OLRC target text, a post-only public-law marker, and effective-text source review. This artifact does not establish complete codified lineage, exclusive current-section causation outside the reviewed target diff, implementation outcomes, direct target-section court review, welfare evidence, causal effects, or model validation."
42,42,42,49,49,117-s-3373,117-168,2022-08-10,38 USC 1710(e)(3)(B),title_code_section_phrase,38,1710,amended_existing_target_section_with_effective_date_note,reviewed_pre_post_target_section_diff,1,1,2021,2022,https://www.govinfo.gov/content/pkg/PLAW-117publ168/html/PLAW-117publ168.htm,PLAW-117publ168,https://www.govinfo.gov/content/pkg/PLAW-117publ168/html/PLAW-117publ168.htm,https://www.govinfo.gov/app/details/PLAW-117publ168,9bb80ea65b94c5bcc4ecf16da0a27fe4d1ceced867c47463ffa908804b8fe943,203817,https://uscode.house.gov/view.xhtml?edition=2021&num=0&req=granuleid%3AUSC-2021-title38-section1710,https://uscode.house.gov/view.xhtml?edition=2022&num=0&req=granuleid%3AUSC-2022-title38-section1710,https://uscode.house.gov/view.xhtml?edition=prelim&num=0&req=granuleid%3AUSC-prelim-title38-section1710,d041751a0bfda28bf4c6e2bd8a419c91d8572fee9eae0b759f422a8be2d35500,3c0b90f0edd51a23e43df074a2d0622b025379cd0ad8c2d1df4eefc65c6f2fd3,pre_post_normalized_text_changed,13091,15,3,post_only_public_law_marker_on_changed_annual_page,normalized_section_changed_with_post_only_public_law_marker,priority_1_review_post_public_law_context_and_target_section,reviewed_current_effective_text_source_with_public_law_note,current_page_mentions_public_law,reviewed_target_section_diff_attributed_to_queued_public_law,1,source_reviewed_target_section_diff; official_govinfo_public_law_text; official_olrc_annual_pre_post_text_diff; post_only_public_law_marker; official_olrc_current_effective_text_review,"Reviewed target-section diff is attributed to the queued public law because the official public-law text was scanned, annual OLRC target text changed, the post annual page introduced the queued public-law marker, and the current OLRC page retains public-law note evidence.","Attribution is limited to the reviewed target-section diff row. It is not a complete codification history, implementation outcome, direct court review, welfare assessment, or model-validation finding.",statutory_lineage_source_reviewed_target_section_diff; official_govinfo_public_law_text_scan; official_olrc_annual_us_code_text_diff; statutory_lineage_effective_text_source_review; statutory_lineage_public_law_attribution_review,complete_codified_usc_lineage_review; implementation_outcomes; direct_target_section_court_review; welfare_or_public_benefit; model_validation,"Target-section public-law attribution review only. Rows confirm that a source-reviewed target-section diff also has official GovInfo public-law source text, changed annual OLRC target text, a post-only public-law marker, and effective-text source review. This artifact does not establish complete codified lineage, exclusive current-section causation outside the reviewed target diff, implementation outcomes, direct target-section court review, welfare evidence, causal effects, or model validation."
43,43,43,50,50,117-hr-4346,117-167,2022-08-09,15 USC 4652,direct_us_code_reference,15,4652,amended_existing_target_section,reviewed_pre_post_target_section_diff,1,1,2021,2022,https://www.govinfo.gov/content/pkg/PLAW-117publ167/html/PLAW-117publ167.htm,PLAW-117publ167,https://www.govinfo.gov/content/pkg/PLAW-117publ167/html/PLAW-117publ167.htm,https://www.govinfo.gov/app/details/PLAW-117publ167,92fec394ce471eddaf306267366644bd70f27ecc385774b2bf0f5e2c0878db2d,1454448,https://uscode.house.gov/view.xhtml?edition=2021&num=0&req=granuleid%3AUSC-2021-title15-section4652,https://uscode.house.gov/view.xhtml?edition=2022&num=0&req=granuleid%3AUSC-2022-title15-section4652,https://uscode.house.gov/view.xhtml?edition=prelim&num=0&req=granuleid%3AUSC-prelim-title15-section4652,b6be0972c62b0b4c3a32645e75d92edb45c72be2f33440f337234d7d6caa1ab1,642c0bbdb955ca327e938d33511f7ef3e2b416670334688c3082212741033e94,pre_post_normalized_text_changed,25638,21,3,post_only_public_law_marker_on_changed_annual_page,normalized_section_changed_with_post_only_public_law_marker,priority_1_review_post_public_law_context_and_target_section,reviewed_current_effective_text_source_with_public_law_note,current_page_mentions_public_law,reviewed_target_section_diff_attributed_to_queued_public_law,1,source_reviewed_target_section_diff; official_govinfo_public_law_text; official_olrc_annual_pre_post_text_diff; post_only_public_law_marker; official_olrc_current_effective_text_review,"Reviewed target-section diff is attributed to the queued public law because the official public-law text was scanned, annual OLRC target text changed, the post annual page introduced the queued public-law marker, and the current OLRC page retains public-law note evidence.","Attribution is limited to the reviewed target-section diff row. It is not a complete codification history, implementation outcome, direct court review, welfare assessment, or model-validation finding.",statutory_lineage_source_reviewed_target_section_diff; official_govinfo_public_law_text_scan; official_olrc_annual_us_code_text_diff; statutory_lineage_effective_text_source_review; statutory_lineage_public_law_attribution_review,complete_codified_usc_lineage_review; implementation_outcomes; direct_target_section_court_review; welfare_or_public_benefit; model_validation,"Target-section public-law attribution review only. Rows confirm that a source-reviewed target-section diff also has official GovInfo public-law source text, changed annual OLRC target text, a post-only public-law marker, and effective-text source review. This artifact does not establish complete codified lineage, exclusive current-section causation outside the reviewed target diff, implementation outcomes, direct target-section court review, welfare evidence, causal effects, or model validation."
44,44,44,51,51,117-hr-4346,117-167,2022-08-09,15 USC 4651,direct_us_code_reference,15,4651,amended_existing_target_section,reviewed_pre_post_target_section_diff,1,1,2021,2022,https://www.govinfo.gov/content/pkg/PLAW-117publ167/html/PLAW-117publ167.htm,PLAW-117publ167,https://www.govinfo.gov/content/pkg/PLAW-117publ167/html/PLAW-117publ167.htm,https://www.govinfo.gov/app/details/PLAW-117publ167,92fec394ce471eddaf306267366644bd70f27ecc385774b2bf0f5e2c0878db2d,1454448,https://uscode.house.gov/view.xhtml?edition=2021&num=0&req=granuleid%3AUSC-2021-title15-section4651,https://uscode.house.gov/view.xhtml?edition=2022&num=0&req=granuleid%3AUSC-2022-title15-section4651,https://uscode.house.gov/view.xhtml?edition=prelim&num=0&req=granuleid%3AUSC-prelim-title15-section4651,a68a2b06a9acb2c041c11e716b65bbf69c8fd152774409ac468f7c9238460819,5f4c18329a59bbbdc18ac11b0a85ad58fb8ca295a5f23cc9e0e44c65f1907754,pre_post_normalized_text_changed,10064,9,3,post_only_public_law_marker_on_changed_annual_page,normalized_section_changed_with_post_only_public_law_marker,priority_1_review_post_public_law_context_and_target_section,reviewed_current_effective_text_source_with_public_law_note,current_page_mentions_public_law,reviewed_target_section_diff_attributed_to_queued_public_law,1,source_reviewed_target_section_diff; official_govinfo_public_law_text; official_olrc_annual_pre_post_text_diff; post_only_public_law_marker; official_olrc_current_effective_text_review,"Reviewed target-section diff is attributed to the queued public law because the official public-law text was scanned, annual OLRC target text changed, the post annual page introduced the queued public-law marker, and the current OLRC page retains public-law note evidence.","Attribution is limited to the reviewed target-section diff row. It is not a complete codification history, implementation outcome, direct court review, welfare assessment, or model-validation finding.",statutory_lineage_source_reviewed_target_section_diff; official_govinfo_public_law_text_scan; official_olrc_annual_us_code_text_diff; statutory_lineage_effective_text_source_review; statutory_lineage_public_law_attribution_review,complete_codified_usc_lineage_review; implementation_outcomes; direct_target_section_court_review; welfare_or_public_benefit; model_validation,"Target-section public-law attribution review only. Rows confirm that a source-reviewed target-section diff also has official GovInfo public-law source text, changed annual OLRC target text, a post-only public-law marker, and effective-text source review. This artifact does not establish complete codified lineage, exclusive current-section causation outside the reviewed target diff, implementation outcomes, direct target-section court review, welfare evidence, causal effects, or model validation."
45,45,45,52,52,117-hr-4346,117-167,2022-08-09,15 USC 4651 note,direct_us_code_reference,15,4651,amended_existing_target_section,reviewed_pre_post_target_section_diff,1,1,2021,2022,https://www.govinfo.gov/content/pkg/PLAW-117publ167/html/PLAW-117publ167.htm,PLAW-117publ167,https://www.govinfo.gov/content/pkg/PLAW-117publ167/html/PLAW-117publ167.htm,https://www.govinfo.gov/app/details/PLAW-117publ167,92fec394ce471eddaf306267366644bd70f27ecc385774b2bf0f5e2c0878db2d,1454448,https://uscode.house.gov/view.xhtml?edition=2021&num=0&req=granuleid%3AUSC-2021-title15-section4651,https://uscode.house.gov/view.xhtml?edition=2022&num=0&req=granuleid%3AUSC-2022-title15-section4651,https://uscode.house.gov/view.xhtml?edition=prelim&num=0&req=granuleid%3AUSC-prelim-title15-section4651,a68a2b06a9acb2c041c11e716b65bbf69c8fd152774409ac468f7c9238460819,5f4c18329a59bbbdc18ac11b0a85ad58fb8ca295a5f23cc9e0e44c65f1907754,pre_post_normalized_text_changed,10064,9,3,post_only_public_law_marker_on_changed_annual_page,normalized_section_changed_with_post_only_public_law_marker,priority_1_review_post_public_law_context_and_target_section,reviewed_current_effective_text_source_with_public_law_note,current_page_mentions_public_law,reviewed_target_section_diff_attributed_to_queued_public_law,1,source_reviewed_target_section_diff; official_govinfo_public_law_text; official_olrc_annual_pre_post_text_diff; post_only_public_law_marker; official_olrc_current_effective_text_review,"Reviewed target-section diff is attributed to the queued public law because the official public-law text was scanned, annual OLRC target text changed, the post annual page introduced the queued public-law marker, and the current OLRC page retains public-law note evidence.","Attribution is limited to the reviewed target-section diff row. It is not a complete codification history, implementation outcome, direct court review, welfare assessment, or model-validation finding.",statutory_lineage_source_reviewed_target_section_diff; official_govinfo_public_law_text_scan; official_olrc_annual_us_code_text_diff; statutory_lineage_effective_text_source_review; statutory_lineage_public_law_attribution_review,complete_codified_usc_lineage_review; implementation_outcomes; direct_target_section_court_review; welfare_or_public_benefit; model_validation,"Target-section public-law attribution review only. Rows confirm that a source-reviewed target-section diff also has official GovInfo public-law source text, changed annual OLRC target text, a post-only public-law marker, and effective-text source review. This artifact does not establish complete codified lineage, exclusive current-section causation outside the reviewed target diff, implementation outcomes, direct target-section court review, welfare evidence, causal effects, or model validation."
46,46,46,53,53,117-hr-4346,117-167,2022-08-09,15 USC 4652 note,direct_us_code_reference,15,4652,amended_existing_target_section,reviewed_pre_post_target_section_diff,1,1,2021,2022,https://www.govinfo.gov/content/pkg/PLAW-117publ167/html/PLAW-117publ167.htm,PLAW-117publ167,https://www.govinfo.gov/content/pkg/PLAW-117publ167/html/PLAW-117publ167.htm,https://www.govinfo.gov/app/details/PLAW-117publ167,92fec394ce471eddaf306267366644bd70f27ecc385774b2bf0f5e2c0878db2d,1454448,https://uscode.house.gov/view.xhtml?edition=2021&num=0&req=granuleid%3AUSC-2021-title15-section4652,https://uscode.house.gov/view.xhtml?edition=2022&num=0&req=granuleid%3AUSC-2022-title15-section4652,https://uscode.house.gov/view.xhtml?edition=prelim&num=0&req=granuleid%3AUSC-prelim-title15-section4652,b6be0972c62b0b4c3a32645e75d92edb45c72be2f33440f337234d7d6caa1ab1,642c0bbdb955ca327e938d33511f7ef3e2b416670334688c3082212741033e94,pre_post_normalized_text_changed,25638,21,3,post_only_public_law_marker_on_changed_annual_page,normalized_section_changed_with_post_only_public_law_marker,priority_1_review_post_public_law_context_and_target_section,reviewed_current_effective_text_source_with_public_law_note,current_page_mentions_public_law,reviewed_target_section_diff_attributed_to_queued_public_law,1,source_reviewed_target_section_diff; official_govinfo_public_law_text; official_olrc_annual_pre_post_text_diff; post_only_public_law_marker; official_olrc_current_effective_text_review,"Reviewed target-section diff is attributed to the queued public law because the official public-law text was scanned, annual OLRC target text changed, the post annual page introduced the queued public-law marker, and the current OLRC page retains public-law note evidence.","Attribution is limited to the reviewed target-section diff row. It is not a complete codification history, implementation outcome, direct court review, welfare assessment, or model-validation finding.",statutory_lineage_source_reviewed_target_section_diff; official_govinfo_public_law_text_scan; official_olrc_annual_us_code_text_diff; statutory_lineage_effective_text_source_review; statutory_lineage_public_law_attribution_review,complete_codified_usc_lineage_review; implementation_outcomes; direct_target_section_court_review; welfare_or_public_benefit; model_validation,"Target-section public-law attribution review only. Rows confirm that a source-reviewed target-section diff also has official GovInfo public-law source text, changed annual OLRC target text, a post-only public-law marker, and effective-text source review. This artifact does not establish complete codified lineage, exclusive current-section causation outside the reviewed target diff, implementation outcomes, direct target-section court review, welfare evidence, causal effects, or model validation."
47,47,47,55,55,117-hr-4346,117-167,2022-08-09,15 USC 4656,direct_us_code_reference,15,4656,amended_existing_target_section,reviewed_pre_post_target_section_diff,1,1,2021,2022,https://www.govinfo.gov/content/pkg/PLAW-117publ167/html/PLAW-117publ167.htm,PLAW-117publ167,https://www.govinfo.gov/content/pkg/PLAW-117publ167/html/PLAW-117publ167.htm,https://www.govinfo.gov/app/details/PLAW-117publ167,92fec394ce471eddaf306267366644bd70f27ecc385774b2bf0f5e2c0878db2d,1454448,https://uscode.house.gov/view.xhtml?edition=2021&num=0&req=granuleid%3AUSC-2021-title15-section4656,https://uscode.house.gov/view.xhtml?edition=2022&num=0&req=granuleid%3AUSC-2022-title15-section4656,https://uscode.house.gov/view.xhtml?edition=prelim&num=0&req=granuleid%3AUSC-prelim-title15-section4656,ac0452d507099f5bab19e5638f6243f338128c4e33a4eb225197a491a55d5431,8da17cff7bb59d67f448653bff64b0ecf1e456536d43196174fa28b53e264cef,pre_post_normalized_text_changed,3367,9,3,post_only_public_law_marker_on_changed_annual_page,normalized_section_changed_with_post_only_public_law_marker,priority_1_review_post_public_law_context_and_target_section,reviewed_current_effective_text_source_with_public_law_note,current_page_mentions_public_law,reviewed_target_section_diff_attributed_to_queued_public_law,1,source_reviewed_target_section_diff; official_govinfo_public_law_text; official_olrc_annual_pre_post_text_diff; post_only_public_law_marker; official_olrc_current_effective_text_review,"Reviewed target-section diff is attributed to the queued public law because the official public-law text was scanned, annual OLRC target text changed, the post annual page introduced the queued public-law marker, and the current OLRC page retains public-law note evidence.","Attribution is limited to the reviewed target-section diff row. It is not a complete codification history, implementation outcome, direct court review, welfare assessment, or model-validation finding.",statutory_lineage_source_reviewed_target_section_diff; official_govinfo_public_law_text_scan; official_olrc_annual_us_code_text_diff; statutory_lineage_effective_text_source_review; statutory_lineage_public_law_attribution_review,complete_codified_usc_lineage_review; implementation_outcomes; direct_target_section_court_review; welfare_or_public_benefit; model_validation,"Target-section public-law attribution review only. Rows confirm that a source-reviewed target-section diff also has official GovInfo public-law source text, changed annual OLRC target text, a post-only public-law marker, and effective-text source review. This artifact does not establish complete codified lineage, exclusive current-section causation outside the reviewed target diff, implementation outcomes, direct target-section court review, welfare evidence, causal effects, or model validation."
48,48,48,56,56,117-hr-4346,117-167,2022-08-09,15 USC 4656(c)(2),direct_us_code_reference,15,4656,amended_existing_target_section,reviewed_pre_post_target_section_diff,1,1,2021,2022,https://www.govinfo.gov/content/pkg/PLAW-117publ167/html/PLAW-117publ167.htm,PLAW-117publ167,https://www.govinfo.gov/content/pkg/PLAW-117publ167/html/PLAW-117publ167.htm,https://www.govinfo.gov/app/details/PLAW-117publ167,92fec394ce471eddaf306267366644bd70f27ecc385774b2bf0f5e2c0878db2d,1454448,https://uscode.house.gov/view.xhtml?edition=2021&num=0&req=granuleid%3AUSC-2021-title15-section4656,https://uscode.house.gov/view.xhtml?edition=2022&num=0&req=granuleid%3AUSC-2022-title15-section4656,https://uscode.house.gov/view.xhtml?edition=prelim&num=0&req=granuleid%3AUSC-prelim-title15-section4656,ac0452d507099f5bab19e5638f6243f338128c4e33a4eb225197a491a55d5431,8da17cff7bb59d67f448653bff64b0ecf1e456536d43196174fa28b53e264cef,pre_post_normalized_text_changed,3367,9,3,post_only_public_law_marker_on_changed_annual_page,normalized_section_changed_with_post_only_public_law_marker,priority_1_review_post_public_law_context_and_target_section,reviewed_current_effective_text_source_with_public_law_note,current_page_mentions_public_law,reviewed_target_section_diff_attributed_to_queued_public_law,1,source_reviewed_target_section_diff; official_govinfo_public_law_text; official_olrc_annual_pre_post_text_diff; post_only_public_law_marker; official_olrc_current_effective_text_review,"Reviewed target-section diff is attributed to the queued public law because the official public-law text was scanned, annual OLRC target text changed, the post annual page introduced the queued public-law marker, and the current OLRC page retains public-law note evidence.","Attribution is limited to the reviewed target-section diff row. It is not a complete codification history, implementation outcome, direct court review, welfare assessment, or model-validation finding.",statutory_lineage_source_reviewed_target_section_diff; official_govinfo_public_law_text_scan; official_olrc_annual_us_code_text_diff; statutory_lineage_effective_text_source_review; statutory_lineage_public_law_attribution_review,complete_codified_usc_lineage_review; implementation_outcomes; direct_target_section_court_review; welfare_or_public_benefit; model_validation,"Target-section public-law attribution review only. Rows confirm that a source-reviewed target-section diff also has official GovInfo public-law source text, changed annual OLRC target text, a post-only public-law marker, and effective-text source review. This artifact does not establish complete codified lineage, exclusive current-section causation outside the reviewed target diff, implementation outcomes, direct target-section court review, welfare evidence, causal effects, or model validation."
49,49,49,57,57,117-hr-4346,117-167,2022-08-09,2 USC 905(g)(1)(A),direct_us_code_reference,2,905,amended_existing_target_section,reviewed_pre_post_target_section_diff,1,1,2021,2022,https://www.govinfo.gov/content/pkg/PLAW-117publ167/html/PLAW-117publ167.htm,PLAW-117publ167,https://www.govinfo.gov/content/pkg/PLAW-117publ167/html/PLAW-117publ167.htm,https://www.govinfo.gov/app/details/PLAW-117publ167,92fec394ce471eddaf306267366644bd70f27ecc385774b2bf0f5e2c0878db2d,1454448,https://uscode.house.gov/view.xhtml?edition=2021&num=0&req=granuleid%3AUSC-2021-title2-section905,https://uscode.house.gov/view.xhtml?edition=2022&num=0&req=granuleid%3AUSC-2022-title2-section905,https://uscode.house.gov/view.xhtml?edition=prelim&num=0&req=granuleid%3AUSC-prelim-title2-section905,75071dd1d3b819167b913b0dea2b0bd4df439854d937a2ac5aabb3aef16f3f95,7edf9fba8bc27506f8391d76c92e6fb0f5e009897b0b7c6e6bdb7fa791f70905,pre_post_normalized_text_changed,2765,5,3,post_only_public_law_marker_on_changed_annual_page,normalized_section_changed_with_post_only_public_law_marker,priority_1_review_post_public_law_context_and_target_section,reviewed_current_effective_text_source_with_public_law_note,current_page_mentions_public_law,reviewed_target_section_diff_attributed_to_queued_public_law,1,source_reviewed_target_section_diff; official_govinfo_public_law_text; official_olrc_annual_pre_post_text_diff; post_only_public_law_marker; official_olrc_current_effective_text_review,"Reviewed target-section diff is attributed to the queued public law because the official public-law text was scanned, annual OLRC target text changed, the post annual page introduced the queued public-law marker, and the current OLRC page retains public-law note evidence.","Attribution is limited to the reviewed target-section diff row. It is not a complete codification history, implementation outcome, direct court review, welfare assessment, or model-validation finding.",statutory_lineage_source_reviewed_target_section_diff; official_govinfo_public_law_text_scan; official_olrc_annual_us_code_text_diff; statutory_lineage_effective_text_source_review; statutory_lineage_public_law_attribution_review,complete_codified_usc_lineage_review; implementation_outcomes; direct_target_section_court_review; welfare_or_public_benefit; model_validation,"Target-section public-law attribution review only. Rows confirm that a source-reviewed target-section diff also has official GovInfo public-law source text, changed annual OLRC target text, a post-only public-law marker, and effective-text source review. This artifact does not establish complete codified lineage, exclusive current-section causation outside the reviewed target diff, implementation outcomes, direct target-section court review, welfare evidence, causal effects, or model validation."
50,50,51,76,76,117-s-1941,117-219,2022-12-05,31 USC 6102 note,direct_us_code_reference,31,6102,amended_existing_target_section,reviewed_pre_post_target_section_diff,1,1,2021,2022,https://www.govinfo.gov/content/pkg/PLAW-117publ219/html/PLAW-117publ219.htm,PLAW-117publ219,https://www.govinfo.gov/content/pkg/PLAW-117publ219/html/PLAW-117publ219.htm,https://www.govinfo.gov/app/details/PLAW-117publ219,aff19b784a93f2f9e17b780d2be90e2bacc2b78ae144597b2393b41ddaeab983,13998,https://uscode.house.gov/view.xhtml?edition=2021&num=0&req=granuleid%3AUSC-2021-title31-section6102,https://uscode.house.gov/view.xhtml?edition=2022&num=0&req=granuleid%3AUSC-2022-title31-section6102,https://uscode.house.gov/view.xhtml?edition=prelim&num=0&req=granuleid%3AUSC-prelim-title31-section6102,0ea466c43f7defa5401dd6dd4f465a683d348905013ac4c66944f1b2795a2b39,6ad48162b38483beb310ae906456eae20c4b76f74334fbd7d3c82d3bab45542d,pre_post_normalized_text_changed,7127,18,3,post_only_public_law_marker_on_changed_annual_page,normalized_section_changed_with_post_only_public_law_marker,priority_1_review_post_public_law_context_and_target_section,reviewed_current_effective_text_source_with_public_law_note,current_page_mentions_public_law,reviewed_target_section_diff_attributed_to_queued_public_law,1,source_reviewed_target_section_diff; official_govinfo_public_law_text; official_olrc_annual_pre_post_text_diff; post_only_public_law_marker; official_olrc_current_effective_text_review,"Reviewed target-section diff is attributed to the queued public law because the official public-law text was scanned, annual OLRC target text changed, the post annual page introduced the queued public-law marker, and the current OLRC page retains public-law note evidence.","Attribution is limited to the reviewed target-section diff row. It is not a complete codification history, implementation outcome, direct court review, welfare assessment, or model-validation finding.",statutory_lineage_source_reviewed_target_section_diff; official_govinfo_public_law_text_scan; official_olrc_annual_us_code_text_diff; statutory_lineage_effective_text_source_review; statutory_lineage_public_law_attribution_review,complete_codified_usc_lineage_review; implementation_outcomes; direct_target_section_court_review; welfare_or_public_benefit; model_validation,"Target-section public-law attribution review only. Rows confirm that a source-reviewed target-section diff also has official GovInfo public-law source text, changed annual OLRC target text, a post-only public-law marker, and effective-text source review. This artifact does not establish complete codified lineage, exclusive current-section causation outside the reviewed target diff, implementation outcomes, direct target-section court review, welfare evidence, causal effects, or model validation."
51,51,52,77,77,117-s-1941,117-219,2022-12-05,31 USC 6309,direct_us_code_reference,31,6309,added_target_section,reviewed_added_target_section_diff,1,1,2021,2022,https://www.govinfo.gov/content/pkg/PLAW-117publ219/html/PLAW-117publ219.htm,PLAW-117publ219,https://www.govinfo.gov/content/pkg/PLAW-117publ219/html/PLAW-117publ219.htm,https://www.govinfo.gov/app/details/PLAW-117publ219,aff19b784a93f2f9e17b780d2be90e2bacc2b78ae144597b2393b41ddaeab983,13998,https://uscode.house.gov/view.xhtml?edition=2021&num=0&req=granuleid%3AUSC-2021-title31-section6309,https://uscode.house.gov/view.xhtml?edition=2022&num=0&req=granuleid%3AUSC-2022-title31-section6309,https://uscode.house.gov/view.xhtml?edition=prelim&num=0&req=granuleid%3AUSC-prelim-title31-section6309,7d641292e606ea628de81f96717988db7562a0f46dcea58db5884c59b05272b1,a0b67cb2a228bb235e005191844c9a0901024d60fb3cfc36bbecb22bda253033,pre_post_normalized_text_changed,1681,3,3,post_only_public_law_marker_on_changed_annual_page,normalized_section_changed_with_post_only_public_law_marker,priority_1_review_post_public_law_context_and_target_section,reviewed_current_effective_text_source_with_public_law_note,current_page_mentions_public_law,reviewed_target_section_diff_attributed_to_queued_public_law,1,source_reviewed_target_section_diff; official_govinfo_public_law_text; official_olrc_annual_pre_post_text_diff; post_only_public_law_marker; official_olrc_current_effective_text_review,"Reviewed target-section diff is attributed to the queued public law because the official public-law text was scanned, annual OLRC target text changed, the post annual page introduced the queued public-law marker, and the current OLRC page retains public-law note evidence.","Attribution is limited to the reviewed target-section diff row. It is not a complete codification history, implementation outcome, direct court review, welfare assessment, or model-validation finding.",statutory_lineage_source_reviewed_target_section_diff; official_govinfo_public_law_text_scan; official_olrc_annual_us_code_text_diff; statutory_lineage_effective_text_source_review; statutory_lineage_public_law_attribution_review,complete_codified_usc_lineage_review; implementation_outcomes; direct_target_section_court_review; welfare_or_public_benefit; model_validation,"Target-section public-law attribution review only. Rows confirm that a source-reviewed target-section diff also has official GovInfo public-law source text, changed annual OLRC target text, a post-only public-law marker, and effective-text source review. This artifact does not establish complete codified lineage, exclusive current-section causation outside the reviewed target diff, implementation outcomes, direct target-section court review, welfare evidence, causal effects, or model validation."
52,52,53,78,78,117-s-1941,117-219,2022-12-05,31 USC 6101 note,direct_us_code_reference,31,6101,amended_existing_target_section,reviewed_pre_post_target_section_diff,1,1,2021,2022,https://www.govinfo.gov/content/pkg/PLAW-117publ219/html/PLAW-117publ219.htm,PLAW-117publ219,https://www.govinfo.gov/content/pkg/PLAW-117publ219/html/PLAW-117publ219.htm,https://www.govinfo.gov/app/details/PLAW-117publ219,aff19b784a93f2f9e17b780d2be90e2bacc2b78ae144597b2393b41ddaeab983,13998,https://uscode.house.gov/view.xhtml?edition=2021&num=0&req=granuleid%3AUSC-2021-title31-section6101,https://uscode.house.gov/view.xhtml?edition=2022&num=0&req=granuleid%3AUSC-2022-title31-section6101,https://uscode.house.gov/view.xhtml?edition=prelim&num=0&req=granuleid%3AUSC-prelim-title31-section6101,33bc1cfa8f3212cb68c71e56bbc66bc96be8d1035c709e836c24d5c50b6d142f,1c816870de89291a33478cf203780497396ed70725fdadd4b15d834bf2050c1a,pre_post_normalized_text_changed,431,1,1,post_only_public_law_marker_on_changed_annual_page,normalized_section_changed_with_post_only_public_law_marker,priority_1_review_post_public_law_context_and_target_section,reviewed_current_effective_text_source_with_public_law_note,current_page_mentions_public_law,reviewed_target_section_diff_attributed_to_queued_public_law,1,source_reviewed_target_section_diff; official_govinfo_public_law_text; official_olrc_annual_pre_post_text_diff; post_only_public_law_marker; official_olrc_current_effective_text_review,"Reviewed target-section diff is attributed to the queued public law because the official public-law text was scanned, annual OLRC target text changed, the post annual page introduced the queued public-law marker, and the current OLRC page retains public-law note evidence.","Attribution is limited to the reviewed target-section diff row. It is not a complete codification history, implementation outcome, direct court review, welfare assessment, or model-validation finding.",statutory_lineage_source_reviewed_target_section_diff; official_govinfo_public_law_text_scan; official_olrc_annual_us_code_text_diff; statutory_lineage_effective_text_source_review; statutory_lineage_public_law_attribution_review,complete_codified_usc_lineage_review; implementation_outcomes; direct_target_section_court_review; welfare_or_public_benefit; model_validation,"Target-section public-law attribution review only. Rows confirm that a source-reviewed target-section diff also has official GovInfo public-law source text, changed annual OLRC target text, a post-only public-law marker, and effective-text source review. This artifact does not establish complete codified lineage, exclusive current-section causation outside the reviewed target diff, implementation outcomes, direct target-section court review, welfare evidence, causal effects, or model validation."
53,53,54,79,79,117-s-1941,117-219,2022-12-05,31 USC 6102(a)(2),title_code_section_phrase,31,6102,amended_existing_target_section,reviewed_pre_post_target_section_diff,1,1,2021,2022,https://www.govinfo.gov/content/pkg/PLAW-117publ219/html/PLAW-117publ219.htm,PLAW-117publ219,https://www.govinfo.gov/content/pkg/PLAW-117publ219/html/PLAW-117publ219.htm,https://www.govinfo.gov/app/details/PLAW-117publ219,aff19b784a93f2f9e17b780d2be90e2bacc2b78ae144597b2393b41ddaeab983,13998,https://uscode.house.gov/view.xhtml?edition=2021&num=0&req=granuleid%3AUSC-2021-title31-section6102,https://uscode.house.gov/view.xhtml?edition=2022&num=0&req=granuleid%3AUSC-2022-title31-section6102,https://uscode.house.gov/view.xhtml?edition=prelim&num=0&req=granuleid%3AUSC-prelim-title31-section6102,0ea466c43f7defa5401dd6dd4f465a683d348905013ac4c66944f1b2795a2b39,6ad48162b38483beb310ae906456eae20c4b76f74334fbd7d3c82d3bab45542d,pre_post_normalized_text_changed,7127,18,3,post_only_public_law_marker_on_changed_annual_page,normalized_section_changed_with_post_only_public_law_marker,priority_1_review_post_public_law_context_and_target_section,reviewed_current_effective_text_source_with_public_law_note,current_page_mentions_public_law,reviewed_target_section_diff_attributed_to_queued_public_law,1,source_reviewed_target_section_diff; official_govinfo_public_law_text; official_olrc_annual_pre_post_text_diff; post_only_public_law_marker; official_olrc_current_effective_text_review,"Reviewed target-section diff is attributed to the queued public law because the official public-law text was scanned, annual OLRC target text changed, the post annual page introduced the queued public-law marker, and the current OLRC page retains public-law note evidence.","Attribution is limited to the reviewed target-section diff row. It is not a complete codification history, implementation outcome, direct court review, welfare assessment, or model-validation finding.",statutory_lineage_source_reviewed_target_section_diff; official_govinfo_public_law_text_scan; official_olrc_annual_us_code_text_diff; statutory_lineage_effective_text_source_review; statutory_lineage_public_law_attribution_review,complete_codified_usc_lineage_review; implementation_outcomes; direct_target_section_court_review; welfare_or_public_benefit; model_validation,"Target-section public-law attribution review only. Rows confirm that a source-reviewed target-section diff also has official GovInfo public-law source text, changed annual OLRC target text, a post-only public-law marker, and effective-text source review. This artifact does not establish complete codified lineage, exclusive current-section causation outside the reviewed target diff, implementation outcomes, direct target-section court review, welfare evidence, causal effects, or model validation."
54,54,55,80,80,117-s-1941,117-219,2022-12-05,44 USC 3504(e),title_code_section_phrase,44,3504,amended_existing_target_section,reviewed_pre_post_target_section_diff,1,1,2021,2022,https://www.govinfo.gov/content/pkg/PLAW-117publ219/html/PLAW-117publ219.htm,PLAW-117publ219,https://www.govinfo.gov/content/pkg/PLAW-117publ219/html/PLAW-117publ219.htm,https://www.govinfo.gov/app/details/PLAW-117publ219,aff19b784a93f2f9e17b780d2be90e2bacc2b78ae144597b2393b41ddaeab983,13998,https://uscode.house.gov/view.xhtml?edition=2021&num=0&req=granuleid%3AUSC-2021-title44-section3504,https://uscode.house.gov/view.xhtml?edition=2022&num=0&req=granuleid%3AUSC-2022-title44-section3504,https://uscode.house.gov/view.xhtml?edition=prelim&num=0&req=granuleid%3AUSC-prelim-title44-section3504,815f614ae6ba7f432e1ae429491c1c7df1bcd44f7e7c9cc37ac409b67f580cc5,9b13c938a4225509a1701b1a110fa2bfaea6701d99445840420bc770a5acfad5,pre_post_normalized_text_changed,1532,3,3,post_only_public_law_marker_on_changed_annual_page,normalized_section_changed_with_post_only_public_law_marker,priority_1_review_post_public_law_context_and_target_section,reviewed_current_effective_text_source_with_public_law_note,current_page_mentions_public_law,reviewed_target_section_diff_attributed_to_queued_public_law,1,source_reviewed_target_section_diff; official_govinfo_public_law_text; official_olrc_annual_pre_post_text_diff; post_only_public_law_marker; official_olrc_current_effective_text_review,"Reviewed target-section diff is attributed to the queued public law because the official public-law text was scanned, annual OLRC target text changed, the post annual page introduced the queued public-law marker, and the current OLRC page retains public-law note evidence.","Attribution is limited to the reviewed target-section diff row. It is not a complete codification history, implementation outcome, direct court review, welfare assessment, or model-validation finding.",statutory_lineage_source_reviewed_target_section_diff; official_govinfo_public_law_text_scan; official_olrc_annual_us_code_text_diff; statutory_lineage_effective_text_source_review; statutory_lineage_public_law_attribution_review,complete_codified_usc_lineage_review; implementation_outcomes; direct_target_section_court_review; welfare_or_public_benefit; model_validation,"Target-section public-law attribution review only. Rows confirm that a source-reviewed target-section diff also has official GovInfo public-law source text, changed annual OLRC target text, a post-only public-law marker, and effective-text source review. This artifact does not establish complete codified lineage, exclusive current-section causation outside the reviewed target diff, implementation outcomes, direct target-section court review, welfare evidence, causal effects, or model validation."
55,55,56,59,59,117-s-516,117-203,2022-10-17,49 USC 40101 note,direct_us_code_reference,49,40101,amended_existing_target_section,reviewed_pre_post_target_section_diff,1,1,2021,2022,https://www.govinfo.gov/content/pkg/PLAW-117publ203/html/PLAW-117publ203.htm,PLAW-117publ203,https://www.govinfo.gov/content/pkg/PLAW-117publ203/html/PLAW-117publ203.htm,https://www.govinfo.gov/app/details/PLAW-117publ203,e3d3b9a7ae49528c11b5893ead366c24d02134b37943276a7f6d9976d1ba1287,12736,https://uscode.house.gov/view.xhtml?edition=2021&num=0&req=granuleid%3AUSC-2021-title49-section40101,https://uscode.house.gov/view.xhtml?edition=2022&num=0&req=granuleid%3AUSC-2022-title49-section40101,https://uscode.house.gov/view.xhtml?edition=prelim&num=0&req=granuleid%3AUSC-prelim-title49-section40101,3663b2b0d806653ddd31316acdfe8adc38db219f238623da937a742dfad8be1b,257b522fb0939c910d36a299ab34757ddd871d13f1f8502a935e0ccc63b4055d,pre_post_normalized_text_changed,27189,4,3,post_only_public_law_marker_on_changed_annual_page,normalized_section_changed_with_post_only_public_law_marker,priority_1_review_post_public_law_context_and_target_section,reviewed_current_effective_text_source_with_public_law_note,current_page_mentions_public_law,reviewed_target_section_diff_attributed_to_queued_public_law,1,source_reviewed_target_section_diff; official_govinfo_public_law_text; official_olrc_annual_pre_post_text_diff; post_only_public_law_marker; official_olrc_current_effective_text_review,"Reviewed target-section diff is attributed to the queued public law because the official public-law text was scanned, annual OLRC target text changed, the post annual page introduced the queued public-law marker, and the current OLRC page retains public-law note evidence.","Attribution is limited to the reviewed target-section diff row. It is not a complete codification history, implementation outcome, direct court review, welfare assessment, or model-validation finding.",statutory_lineage_source_reviewed_target_section_diff; official_govinfo_public_law_text_scan; official_olrc_annual_us_code_text_diff; statutory_lineage_effective_text_source_review; statutory_lineage_public_law_attribution_review,complete_codified_usc_lineage_review; implementation_outcomes; direct_target_section_court_review; welfare_or_public_benefit; model_validation,"Target-section public-law attribution review only. Rows confirm that a source-reviewed target-section diff also has official GovInfo public-law source text, changed annual OLRC target text, a post-only public-law marker, and effective-text source review. This artifact does not establish complete codified lineage, exclusive current-section causation outside the reviewed target diff, implementation outcomes, direct target-section court review, welfare evidence, causal effects, or model validation."
56,56,57,60,60,117-s-4458,117-174,2022-08-26,38 USC 101 note,direct_us_code_reference,38,101,amended_existing_target_section,reviewed_pre_post_target_section_diff,1,1,2021,2022,https://www.govinfo.gov/content/pkg/PLAW-117publ174/html/PLAW-117publ174.htm,PLAW-117publ174,https://www.govinfo.gov/content/pkg/PLAW-117publ174/html/PLAW-117publ174.htm,https://www.govinfo.gov/app/details/PLAW-117publ174,45058797e8b35dc2606da5fb63c26d9c3b2eae0be263d28de0c97bc81babe4c1,7476,https://uscode.house.gov/view.xhtml?edition=2021&num=0&req=granuleid%3AUSC-2021-title38-section101,https://uscode.house.gov/view.xhtml?edition=2022&num=0&req=granuleid%3AUSC-2022-title38-section101,https://uscode.house.gov/view.xhtml?edition=prelim&num=0&req=granuleid%3AUSC-prelim-title38-section101,d1a50ec444e2ff7786ac1f76ed83b62c1c6fc0691d805c023289a4daec8ddf60,c461038f546f0c6e1923ece7540de92d84118ac06c8757f016e56776700876d9,pre_post_normalized_text_changed,10511,1,1,post_only_public_law_marker_on_changed_annual_page,normalized_section_changed_with_post_only_public_law_marker,priority_1_review_post_public_law_context_and_target_section,reviewed_current_effective_text_source_with_public_law_note,current_page_mentions_public_law,reviewed_target_section_diff_attributed_to_queued_public_law,1,source_reviewed_target_section_diff; official_govinfo_public_law_text; official_olrc_annual_pre_post_text_diff; post_only_public_law_marker; official_olrc_current_effective_text_review,"Reviewed target-section diff is attributed to the queued public law because the official public-law text was scanned, annual OLRC target text changed, the post annual page introduced the queued public-law marker, and the current OLRC page retains public-law note evidence.","Attribution is limited to the reviewed target-section diff row. It is not a complete codification history, implementation outcome, direct court review, welfare assessment, or model-validation finding.",statutory_lineage_source_reviewed_target_section_diff; official_govinfo_public_law_text_scan; official_olrc_annual_us_code_text_diff; statutory_lineage_effective_text_source_review; statutory_lineage_public_law_attribution_review,complete_codified_usc_lineage_review; implementation_outcomes; direct_target_section_court_review; welfare_or_public_benefit; model_validation,"Target-section public-law attribution review only. Rows confirm that a source-reviewed target-section diff also has official GovInfo public-law source text, changed annual OLRC target text, a post-only public-law marker, and effective-text source review. This artifact does not establish complete codified lineage, exclusive current-section causation outside the reviewed target diff, implementation outcomes, direct target-section court review, welfare evidence, causal effects, or model validation."
57,57,58,61,61,117-s-4458,117-174,2022-08-26,38 USC 3680A note,direct_us_code_reference,38,3680A,amended_existing_target_section_with_effective_date_note,reviewed_pre_post_target_section_diff,1,1,2021,2022,https://www.govinfo.gov/content/pkg/PLAW-117publ174/html/PLAW-117publ174.htm,PLAW-117publ174,https://www.govinfo.gov/content/pkg/PLAW-117publ174/html/PLAW-117publ174.htm,https://www.govinfo.gov/app/details/PLAW-117publ174,45058797e8b35dc2606da5fb63c26d9c3b2eae0be263d28de0c97bc81babe4c1,7476,https://uscode.house.gov/view.xhtml?edition=2021&num=0&req=granuleid%3AUSC-2021-title38-section3680A,https://uscode.house.gov/view.xhtml?edition=2022&num=0&req=granuleid%3AUSC-2022-title38-section3680A,https://uscode.house.gov/view.xhtml?edition=prelim&num=0&req=granuleid%3AUSC-prelim-title38-section3680A,0e4f4afe3f0ada690f1ee0e098747ce9ef0d176bcc891446a70827e8b6038730,c86671cf690890a266f78bfb7a525c1ad7841bf4a5f1deaa112c68473eed19f6,pre_post_normalized_text_changed,5979,3,3,post_only_public_law_marker_on_changed_annual_page,normalized_section_changed_with_post_only_public_law_marker,priority_1_review_post_public_law_context_and_target_section,reviewed_current_effective_text_source_with_public_law_note,current_page_mentions_public_law,reviewed_target_section_diff_attributed_to_queued_public_law,1,source_reviewed_target_section_diff; official_govinfo_public_law_text; official_olrc_annual_pre_post_text_diff; post_only_public_law_marker; official_olrc_current_effective_text_review,"Reviewed target-section diff is attributed to the queued public law because the official public-law text was scanned, annual OLRC target text changed, the post annual page introduced the queued public-law marker, and the current OLRC page retains public-law note evidence.","Attribution is limited to the reviewed target-section diff row. It is not a complete codification history, implementation outcome, direct court review, welfare assessment, or model-validation finding.",statutory_lineage_source_reviewed_target_section_diff; official_govinfo_public_law_text_scan; official_olrc_annual_us_code_text_diff; statutory_lineage_effective_text_source_review; statutory_lineage_public_law_attribution_review,complete_codified_usc_lineage_review; implementation_outcomes; direct_target_section_court_review; welfare_or_public_benefit; model_validation,"Target-section public-law attribution review only. Rows confirm that a source-reviewed target-section diff also has official GovInfo public-law source text, changed annual OLRC target text, a post-only public-law marker, and effective-text source review. This artifact does not establish complete codified lineage, exclusive current-section causation outside the reviewed target diff, implementation outcomes, direct target-section court review, welfare evidence, causal effects, or model validation."
58,58,59,62,62,117-s-3580,117-146,2022-06-16,46 USC 40504,direct_us_code_reference,46,40504,added_target_section,reviewed_added_target_section_diff,1,1,2021,2022,https://www.govinfo.gov/content/pkg/PLAW-117publ146/html/PLAW-117publ146.htm,PLAW-117publ146,https://www.govinfo.gov/content/pkg/PLAW-117publ146/html/PLAW-117publ146.htm,https://www.govinfo.gov/app/details/PLAW-117publ146,7e3c7d5ebc093a81c8af6431009629c89e9b3ed42208f3d87627ee240319c410,49847,https://uscode.house.gov/view.xhtml?edition=2021&num=0&req=granuleid%3AUSC-2021-title46-section40504,https://uscode.house.gov/view.xhtml?edition=2022&num=0&req=granuleid%3AUSC-2022-title46-section40504,https://uscode.house.gov/view.xhtml?edition=prelim&num=0&req=granuleid%3AUSC-prelim-title46-section40504,7d641292e606ea628de81f96717988db7562a0f46dcea58db5884c59b05272b1,0ad6c3881a98dcaf728a942b50c711c5e7c107f181e084b1db700082d64252ef,pre_post_normalized_text_changed,2786,3,3,post_only_public_law_marker_on_changed_annual_page,normalized_section_changed_with_post_only_public_law_marker,priority_1_review_post_public_law_context_and_target_section,reviewed_current_effective_text_source_with_public_law_note,current_page_mentions_public_law,reviewed_target_section_diff_attributed_to_queued_public_law,1,source_reviewed_target_section_diff; official_govinfo_public_law_text; official_olrc_annual_pre_post_text_diff; post_only_public_law_marker; official_olrc_current_effective_text_review,"Reviewed target-section diff is attributed to the queued public law because the official public-law text was scanned, annual OLRC target text changed, the post annual page introduced the queued public-law marker, and the current OLRC page retains public-law note evidence.","Attribution is limited to the reviewed target-section diff row. It is not a complete codification history, implementation outcome, direct court review, welfare assessment, or model-validation finding.",statutory_lineage_source_reviewed_target_section_diff; official_govinfo_public_law_text_scan; official_olrc_annual_us_code_text_diff; statutory_lineage_effective_text_source_review; statutory_lineage_public_law_attribution_review,complete_codified_usc_lineage_review; implementation_outcomes; direct_target_section_court_review; welfare_or_public_benefit; model_validation,"Target-section public-law attribution review only. Rows confirm that a source-reviewed target-section diff also has official GovInfo public-law source text, changed annual OLRC target text, a post-only public-law marker, and effective-text source review. This artifact does not establish complete codified lineage, exclusive current-section causation outside the reviewed target diff, implementation outcomes, direct target-section court review, welfare evidence, causal effects, or model validation."
59,59,60,63,63,117-s-3580,117-146,2022-06-16,46 USC 41110,direct_us_code_reference,46,41110,added_target_section,reviewed_added_target_section_diff,1,1,2021,2022,https://www.govinfo.gov/content/pkg/PLAW-117publ146/html/PLAW-117publ146.htm,PLAW-117publ146,https://www.govinfo.gov/content/pkg/PLAW-117publ146/html/PLAW-117publ146.htm,https://www.govinfo.gov/app/details/PLAW-117publ146,7e3c7d5ebc093a81c8af6431009629c89e9b3ed42208f3d87627ee240319c410,49847,https://uscode.house.gov/view.xhtml?edition=2021&num=0&req=granuleid%3AUSC-2021-title46-section41110,https://uscode.house.gov/view.xhtml?edition=2022&num=0&req=granuleid%3AUSC-2022-title46-section41110,https://uscode.house.gov/view.xhtml?edition=prelim&num=0&req=granuleid%3AUSC-prelim-title46-section41110,7d641292e606ea628de81f96717988db7562a0f46dcea58db5884c59b05272b1,e0d26990b901716258ccf02ae17e7c1ab6e4c4382c6414b701d7637e495068ff,pre_post_normalized_text_changed,1103,2,2,post_only_public_law_marker_on_changed_annual_page,normalized_section_changed_with_post_only_public_law_marker,priority_1_review_post_public_law_context_and_target_section,reviewed_current_effective_text_source_with_public_law_note,current_page_mentions_public_law,reviewed_target_section_diff_attributed_to_queued_public_law,1,source_reviewed_target_section_diff; official_govinfo_public_law_text; official_olrc_annual_pre_post_text_diff; post_only_public_law_marker; official_olrc_current_effective_text_review,"Reviewed target-section diff is attributed to the queued public law because the official public-law text was scanned, annual OLRC target text changed, the post annual page introduced the queued public-law marker, and the current OLRC page retains public-law note evidence.","Attribution is limited to the reviewed target-section diff row. It is not a complete codification history, implementation outcome, direct court review, welfare assessment, or model-validation finding.",statutory_lineage_source_reviewed_target_section_diff; official_govinfo_public_law_text_scan; official_olrc_annual_us_code_text_diff; statutory_lineage_effective_text_source_review; statutory_lineage_public_law_attribution_review,complete_codified_usc_lineage_review; implementation_outcomes; direct_target_section_court_review; welfare_or_public_benefit; model_validation,"Target-section public-law attribution review only. Rows confirm that a source-reviewed target-section diff also has official GovInfo public-law source text, changed annual OLRC target text, a post-only public-law marker, and effective-text source review. This artifact does not establish complete codified lineage, exclusive current-section causation outside the reviewed target diff, implementation outcomes, direct target-section court review, welfare evidence, causal effects, or model validation."
60,60,61,64,64,117-s-3580,117-146,2022-06-16,46 USC 101 note,direct_us_code_reference,46,101,amended_existing_target_section,reviewed_pre_post_target_section_diff,1,1,2021,2022,https://www.govinfo.gov/content/pkg/PLAW-117publ146/html/PLAW-117publ146.htm,PLAW-117publ146,https://www.govinfo.gov/content/pkg/PLAW-117publ146/html/PLAW-117publ146.htm,https://www.govinfo.gov/app/details/PLAW-117publ146,7e3c7d5ebc093a81c8af6431009629c89e9b3ed42208f3d87627ee240319c410,49847,https://uscode.house.gov/view.xhtml?edition=2021&num=0&req=granuleid%3AUSC-2021-title46-section101,https://uscode.house.gov/view.xhtml?edition=2022&num=0&req=granuleid%3AUSC-2022-title46-section101,https://uscode.house.gov/view.xhtml?edition=prelim&num=0&req=granuleid%3AUSC-prelim-title46-section101,3bf702bad6176902ec77beafc23ae4ce48632299c12a47763d72e7969f860d31,c80dde321b7151070a24fc7465a3387109d816a53393c3e3f643d82b3db67c2e,pre_post_normalized_text_changed,200,1,1,post_only_public_law_marker_on_changed_annual_page,normalized_section_changed_with_post_only_public_law_marker,priority_1_review_post_public_law_context_and_target_section,reviewed_current_effective_text_source_with_public_law_note,current_page_mentions_public_law,reviewed_target_section_diff_attributed_to_queued_public_law,1,source_reviewed_target_section_diff; official_govinfo_public_law_text; official_olrc_annual_pre_post_text_diff; post_only_public_law_marker; official_olrc_current_effective_text_review,"Reviewed target-section diff is attributed to the queued public law because the official public-law text was scanned, annual OLRC target text changed, the post annual page introduced the queued public-law marker, and the current OLRC page retains public-law note evidence.","Attribution is limited to the reviewed target-section diff row. It is not a complete codification history, implementation outcome, direct court review, welfare assessment, or model-validation finding.",statutory_lineage_source_reviewed_target_section_diff; official_govinfo_public_law_text_scan; official_olrc_annual_us_code_text_diff; statutory_lineage_effective_text_source_review; statutory_lineage_public_law_attribution_review,complete_codified_usc_lineage_review; implementation_outcomes; direct_target_section_court_review; welfare_or_public_benefit; model_validation,"Target-section public-law attribution review only. Rows confirm that a source-reviewed target-section diff also has official GovInfo public-law source text, changed annual OLRC target text, a post-only public-law marker, and effective-text source review. This artifact does not establish complete codified lineage, exclusive current-section causation outside the reviewed target diff, implementation outcomes, direct target-section court review, welfare evidence, causal effects, or model validation."
61,61,62,65,65,117-s-3580,117-146,2022-06-16,46 USC 40101,title_code_section_phrase,46,40101,amended_existing_target_section,reviewed_pre_post_target_section_diff,1,1,2021,2022,https://www.govinfo.gov/content/pkg/PLAW-117publ146/html/PLAW-117publ146.htm,PLAW-117publ146,https://www.govinfo.gov/content/pkg/PLAW-117publ146/html/PLAW-117publ146.htm,https://www.govinfo.gov/app/details/PLAW-117publ146,7e3c7d5ebc093a81c8af6431009629c89e9b3ed42208f3d87627ee240319c410,49847,https://uscode.house.gov/view.xhtml?edition=2021&num=0&req=granuleid%3AUSC-2021-title46-section40101,https://uscode.house.gov/view.xhtml?edition=2022&num=0&req=granuleid%3AUSC-2022-title46-section40101,https://uscode.house.gov/view.xhtml?edition=prelim&num=0&req=granuleid%3AUSC-prelim-title46-section40101,c6d7618d3c9d8c6f3e3821cabce9316175c08d70cc8a54102b5e1df248f88f2a,46bc2e0a6be77118ed7c06ac0495664770eb8b1aa1c055d6518ec5c07a292387,pre_post_normalized_text_changed,769,4,3,post_only_public_law_marker_on_changed_annual_page,normalized_section_changed_with_post_only_public_law_marker,priority_1_review_post_public_law_context_and_target_section,reviewed_current_effective_text_source_with_public_law_note,current_page_mentions_public_law,reviewed_target_section_diff_attributed_to_queued_public_law,1,source_reviewed_target_section_diff; official_govinfo_public_law_text; official_olrc_annual_pre_post_text_diff; post_only_public_law_marker; official_olrc_current_effective_text_review,"Reviewed target-section diff is attributed to the queued public law because the official public-law text was scanned, annual OLRC target text changed, the post annual page introduced the queued public-law marker, and the current OLRC page retains public-law note evidence.","Attribution is limited to the reviewed target-section diff row. It is not a complete codification history, implementation outcome, direct court review, welfare assessment, or model-validation finding.",statutory_lineage_source_reviewed_target_section_diff; official_govinfo_public_law_text_scan; official_olrc_annual_us_code_text_diff; statutory_lineage_effective_text_source_review; statutory_lineage_public_law_attribution_review,complete_codified_usc_lineage_review; implementation_outcomes; direct_target_section_court_review; welfare_or_public_benefit; model_validation,"Target-section public-law attribution review only. Rows confirm that a source-reviewed target-section diff also has official GovInfo public-law source text, changed annual OLRC target text, a post-only public-law marker, and effective-text source review. This artifact does not establish complete codified lineage, exclusive current-section causation outside the reviewed target diff, implementation outcomes, direct target-section court review, welfare evidence, causal effects, or model validation."
62,62,63,66,66,117-s-3580,117-146,2022-06-16,46 USC 40502(c),title_code_section_phrase,46,40502,amended_existing_target_section,reviewed_pre_post_target_section_diff,1,1,2021,2022,https://www.govinfo.gov/content/pkg/PLAW-117publ146/html/PLAW-117publ146.htm,PLAW-117publ146,https://www.govinfo.gov/content/pkg/PLAW-117publ146/html/PLAW-117publ146.htm,https://www.govinfo.gov/app/details/PLAW-117publ146,7e3c7d5ebc093a81c8af6431009629c89e9b3ed42208f3d87627ee240319c410,49847,https://uscode.house.gov/view.xhtml?edition=2021&num=0&req=granuleid%3AUSC-2021-title46-section40502,https://uscode.house.gov/view.xhtml?edition=2022&num=0&req=granuleid%3AUSC-2022-title46-section40502,https://uscode.house.gov/view.xhtml?edition=prelim&num=0&req=granuleid%3AUSC-prelim-title46-section40502,4044b7d3b0fb4dcf248887c303e3602b35aebc24e99f99ef18a90b2f8a3d2889,45ee274adc7bc08fdc07db0902e54bddd929069971d83aa34b34f782ff1634e2,pre_post_normalized_text_changed,262,2,2,post_only_public_law_marker_on_changed_annual_page,normalized_section_changed_with_post_only_public_law_marker,priority_1_review_post_public_law_context_and_target_section,reviewed_current_effective_text_source_with_public_law_note,current_page_mentions_public_law,reviewed_target_section_diff_attributed_to_queued_public_law,1,source_reviewed_target_section_diff; official_govinfo_public_law_text; official_olrc_annual_pre_post_text_diff; post_only_public_law_marker; official_olrc_current_effective_text_review,"Reviewed target-section diff is attributed to the queued public law because the official public-law text was scanned, annual OLRC target text changed, the post annual page introduced the queued public-law marker, and the current OLRC page retains public-law note evidence.","Attribution is limited to the reviewed target-section diff row. It is not a complete codification history, implementation outcome, direct court review, welfare assessment, or model-validation finding.",statutory_lineage_source_reviewed_target_section_diff; official_govinfo_public_law_text_scan; official_olrc_annual_us_code_text_diff; statutory_lineage_effective_text_source_review; statutory_lineage_public_law_attribution_review,complete_codified_usc_lineage_review; implementation_outcomes; direct_target_section_court_review; welfare_or_public_benefit; model_validation,"Target-section public-law attribution review only. Rows confirm that a source-reviewed target-section diff also has official GovInfo public-law source text, changed annual OLRC target text, a post-only public-law marker, and effective-text source review. This artifact does not establish complete codified lineage, exclusive current-section causation outside the reviewed target diff, implementation outcomes, direct target-section court review, welfare evidence, causal effects, or model validation."
63,63,64,67,67,117-s-3580,117-146,2022-06-16,46 USC 40504 note,direct_us_code_reference,46,40504,added_target_section,reviewed_added_target_section_diff,1,1,2021,2022,https://www.govinfo.gov/content/pkg/PLAW-117publ146/html/PLAW-117publ146.htm,PLAW-117publ146,https://www.govinfo.gov/content/pkg/PLAW-117publ146/html/PLAW-117publ146.htm,https://www.govinfo.gov/app/details/PLAW-117publ146,7e3c7d5ebc093a81c8af6431009629c89e9b3ed42208f3d87627ee240319c410,49847,https://uscode.house.gov/view.xhtml?edition=2021&num=0&req=granuleid%3AUSC-2021-title46-section40504,https://uscode.house.gov/view.xhtml?edition=2022&num=0&req=granuleid%3AUSC-2022-title46-section40504,https://uscode.house.gov/view.xhtml?edition=prelim&num=0&req=granuleid%3AUSC-prelim-title46-section40504,7d641292e606ea628de81f96717988db7562a0f46dcea58db5884c59b05272b1,0ad6c3881a98dcaf728a942b50c711c5e7c107f181e084b1db700082d64252ef,pre_post_normalized_text_changed,2786,3,3,post_only_public_law_marker_on_changed_annual_page,normalized_section_changed_with_post_only_public_law_marker,priority_1_review_post_public_law_context_and_target_section,reviewed_current_effective_text_source_with_public_law_note,current_page_mentions_public_law,reviewed_target_section_diff_attributed_to_queued_public_law,1,source_reviewed_target_section_diff; official_govinfo_public_law_text; official_olrc_annual_pre_post_text_diff; post_only_public_law_marker; official_olrc_current_effective_text_review,"Reviewed target-section diff is attributed to the queued public law because the official public-law text was scanned, annual OLRC target text changed, the post annual page introduced the queued public-law marker, and the current OLRC page retains public-law note evidence.","Attribution is limited to the reviewed target-section diff row. It is not a complete codification history, implementation outcome, direct court review, welfare assessment, or model-validation finding.",statutory_lineage_source_reviewed_target_section_diff; official_govinfo_public_law_text_scan; official_olrc_annual_us_code_text_diff; statutory_lineage_effective_text_source_review; statutory_lineage_public_law_attribution_review,complete_codified_usc_lineage_review; implementation_outcomes; direct_target_section_court_review; welfare_or_public_benefit; model_validation,"Target-section public-law attribution review only. Rows confirm that a source-reviewed target-section diff also has official GovInfo public-law source text, changed annual OLRC target text, a post-only public-law marker, and effective-text source review. This artifact does not establish complete codified lineage, exclusive current-section causation outside the reviewed target diff, implementation outcomes, direct target-section court review, welfare evidence, causal effects, or model validation."
64,64,65,68,68,117-s-3580,117-146,2022-06-16,46 USC 41102,title_code_section_phrase,46,41102,amended_existing_target_section,reviewed_pre_post_target_section_diff,1,1,2021,2022,https://www.govinfo.gov/content/pkg/PLAW-117publ146/html/PLAW-117publ146.htm,PLAW-117publ146,https://www.govinfo.gov/content/pkg/PLAW-117publ146/html/PLAW-117publ146.htm,https://www.govinfo.gov/app/details/PLAW-117publ146,7e3c7d5ebc093a81c8af6431009629c89e9b3ed42208f3d87627ee240319c410,49847,https://uscode.house.gov/view.xhtml?edition=2021&num=0&req=granuleid%3AUSC-2021-title46-section41102,https://uscode.house.gov/view.xhtml?edition=2022&num=0&req=granuleid%3AUSC-2022-title46-section41102,https://uscode.house.gov/view.xhtml?edition=prelim&num=0&req=granuleid%3AUSC-prelim-title46-section41102,217d5b7e2be7477c779f0b5b41f41b0310bba3d68c2573c31eb8359137e96e06,2d96438dc00ff0c859fa8cf7ae49fe845509a07283494d4cac159fca56438624,pre_post_normalized_text_changed,2138,3,3,post_only_public_law_marker_on_changed_annual_page,normalized_section_changed_with_post_only_public_law_marker,priority_1_review_post_public_law_context_and_target_section,reviewed_current_effective_text_source_with_public_law_note,current_page_mentions_public_law,reviewed_target_section_diff_attributed_to_queued_public_law,1,source_reviewed_target_section_diff; official_govinfo_public_law_text; official_olrc_annual_pre_post_text_diff; post_only_public_law_marker; official_olrc_current_effective_text_review,"Reviewed target-section diff is attributed to the queued public law because the official public-law text was scanned, annual OLRC target text changed, the post annual page introduced the queued public-law marker, and the current OLRC page retains public-law note evidence.","Attribution is limited to the reviewed target-section diff row. It is not a complete codification history, implementation outcome, direct court review, welfare assessment, or model-validation finding.",statutory_lineage_source_reviewed_target_section_diff; official_govinfo_public_law_text_scan; official_olrc_annual_us_code_text_diff; statutory_lineage_effective_text_source_review; statutory_lineage_public_law_attribution_review,complete_codified_usc_lineage_review; implementation_outcomes; direct_target_section_court_review; welfare_or_public_benefit; model_validation,"Target-section public-law attribution review only. Rows confirm that a source-reviewed target-section diff also has official GovInfo public-law source text, changed annual OLRC target text, a post-only public-law marker, and effective-text source review. This artifact does not establish complete codified lineage, exclusive current-section causation outside the reviewed target diff, implementation outcomes, direct target-section court review, welfare evidence, causal effects, or model validation."
65,65,66,69,69,117-s-3580,117-146,2022-06-16,46 USC 41102 note,direct_us_code_reference,46,41102,amended_existing_target_section,reviewed_pre_post_target_section_diff,1,1,2021,2022,https://www.govinfo.gov/content/pkg/PLAW-117publ146/html/PLAW-117publ146.htm,PLAW-117publ146,https://www.govinfo.gov/content/pkg/PLAW-117publ146/html/PLAW-117publ146.htm,https://www.govinfo.gov/app/details/PLAW-117publ146,7e3c7d5ebc093a81c8af6431009629c89e9b3ed42208f3d87627ee240319c410,49847,https://uscode.house.gov/view.xhtml?edition=2021&num=0&req=granuleid%3AUSC-2021-title46-section41102,https://uscode.house.gov/view.xhtml?edition=2022&num=0&req=granuleid%3AUSC-2022-title46-section41102,https://uscode.house.gov/view.xhtml?edition=prelim&num=0&req=granuleid%3AUSC-prelim-title46-section41102,217d5b7e2be7477c779f0b5b41f41b0310bba3d68c2573c31eb8359137e96e06,2d96438dc00ff0c859fa8cf7ae49fe845509a07283494d4cac159fca56438624,pre_post_normalized_text_changed,2138,3,3,post_only_public_law_marker_on_changed_annual_page,normalized_section_changed_with_post_only_public_law_marker,priority_1_review_post_public_law_context_and_target_section,reviewed_current_effective_text_source_with_public_law_note,current_page_mentions_public_law,reviewed_target_section_diff_attributed_to_queued_public_law,1,source_reviewed_target_section_diff; official_govinfo_public_law_text; official_olrc_annual_pre_post_text_diff; post_only_public_law_marker; official_olrc_current_effective_text_review,"Reviewed target-section diff is attributed to the queued public law because the official public-law text was scanned, annual OLRC target text changed, the post annual page introduced the queued public-law marker, and the current OLRC page retains public-law note evidence.","Attribution is limited to the reviewed target-section diff row. It is not a complete codification history, implementation outcome, direct court review, welfare assessment, or model-validation finding.",statutory_lineage_source_reviewed_target_section_diff; official_govinfo_public_law_text_scan; official_olrc_annual_us_code_text_diff; statutory_lineage_effective_text_source_review; statutory_lineage_public_law_attribution_review,complete_codified_usc_lineage_review; implementation_outcomes; direct_target_section_court_review; welfare_or_public_benefit; model_validation,"Target-section public-law attribution review only. Rows confirm that a source-reviewed target-section diff also has official GovInfo public-law source text, changed annual OLRC target text, a post-only public-law marker, and effective-text source review. This artifact does not establish complete codified lineage, exclusive current-section causation outside the reviewed target diff, implementation outcomes, direct target-section court review, welfare evidence, causal effects, or model validation."
66,66,68,71,71,117-s-3580,117-146,2022-06-16,46 USC 41104,title_code_section_phrase,46,41104,amended_existing_target_section,reviewed_pre_post_target_section_diff,1,1,2021,2022,https://www.govinfo.gov/content/pkg/PLAW-117publ146/html/PLAW-117publ146.htm,PLAW-117publ146,https://www.govinfo.gov/content/pkg/PLAW-117publ146/html/PLAW-117publ146.htm,https://www.govinfo.gov/app/details/PLAW-117publ146,7e3c7d5ebc093a81c8af6431009629c89e9b3ed42208f3d87627ee240319c410,49847,https://uscode.house.gov/view.xhtml?edition=2021&num=0&req=granuleid%3AUSC-2021-title46-section41104,https://uscode.house.gov/view.xhtml?edition=2022&num=0&req=granuleid%3AUSC-2022-title46-section41104,https://uscode.house.gov/view.xhtml?edition=prelim&num=0&req=granuleid%3AUSC-prelim-title46-section41104,5b97243161040ed05542788cde9d3b4da1f15a42e6868e0ad998ea129992b4ba,73340968096c0f6c43f7886d275a68050a65b3f164f054e7b2d0fdccbacc35e4,pre_post_normalized_text_changed,5112,8,3,post_only_public_law_marker_on_changed_annual_page,normalized_section_changed_with_post_only_public_law_marker,priority_1_review_post_public_law_context_and_target_section,reviewed_current_effective_text_source_with_public_law_note,current_page_mentions_public_law,reviewed_target_section_diff_attributed_to_queued_public_law,1,source_reviewed_target_section_diff; official_govinfo_public_law_text; official_olrc_annual_pre_post_text_diff; post_only_public_law_marker; official_olrc_current_effective_text_review,"Reviewed target-section diff is attributed to the queued public law because the official public-law text was scanned, annual OLRC target text changed, the post annual page introduced the queued public-law marker, and the current OLRC page retains public-law note evidence.","Attribution is limited to the reviewed target-section diff row. It is not a complete codification history, implementation outcome, direct court review, welfare assessment, or model-validation finding.",statutory_lineage_source_reviewed_target_section_diff; official_govinfo_public_law_text_scan; official_olrc_annual_us_code_text_diff; statutory_lineage_effective_text_source_review; statutory_lineage_public_law_attribution_review,complete_codified_usc_lineage_review; implementation_outcomes; direct_target_section_court_review; welfare_or_public_benefit; model_validation,"Target-section public-law attribution review only. Rows confirm that a source-reviewed target-section diff also has official GovInfo public-law source text, changed annual OLRC target text, a post-only public-law marker, and effective-text source review. This artifact does not establish complete codified lineage, exclusive current-section causation outside the reviewed target diff, implementation outcomes, direct target-section court review, welfare evidence, causal effects, or model validation."
67,67,69,72,72,117-s-3580,117-146,2022-06-16,46 USC 41104 note,direct_us_code_reference,46,41104,amended_existing_target_section,reviewed_pre_post_target_section_diff,1,1,2021,2022,https://www.govinfo.gov/content/pkg/PLAW-117publ146/html/PLAW-117publ146.htm,PLAW-117publ146,https://www.govinfo.gov/content/pkg/PLAW-117publ146/html/PLAW-117publ146.htm,https://www.govinfo.gov/app/details/PLAW-117publ146,7e3c7d5ebc093a81c8af6431009629c89e9b3ed42208f3d87627ee240319c410,49847,https://uscode.house.gov/view.xhtml?edition=2021&num=0&req=granuleid%3AUSC-2021-title46-section41104,https://uscode.house.gov/view.xhtml?edition=2022&num=0&req=granuleid%3AUSC-2022-title46-section41104,https://uscode.house.gov/view.xhtml?edition=prelim&num=0&req=granuleid%3AUSC-prelim-title46-section41104,5b97243161040ed05542788cde9d3b4da1f15a42e6868e0ad998ea129992b4ba,73340968096c0f6c43f7886d275a68050a65b3f164f054e7b2d0fdccbacc35e4,pre_post_normalized_text_changed,5112,8,3,post_only_public_law_marker_on_changed_annual_page,normalized_section_changed_with_post_only_public_law_marker,priority_1_review_post_public_law_context_and_target_section,reviewed_current_effective_text_source_with_public_law_note,current_page_mentions_public_law,reviewed_target_section_diff_attributed_to_queued_public_law,1,source_reviewed_target_section_diff; official_govinfo_public_law_text; official_olrc_annual_pre_post_text_diff; post_only_public_law_marker; official_olrc_current_effective_text_review,"Reviewed target-section diff is attributed to the queued public law because the official public-law text was scanned, annual OLRC target text changed, the post annual page introduced the queued public-law marker, and the current OLRC page retains public-law note evidence.","Attribution is limited to the reviewed target-section diff row. It is not a complete codification history, implementation outcome, direct court review, welfare assessment, or model-validation finding.",statutory_lineage_source_reviewed_target_section_diff; official_govinfo_public_law_text_scan; official_olrc_annual_us_code_text_diff; statutory_lineage_effective_text_source_review; statutory_lineage_public_law_attribution_review,complete_codified_usc_lineage_review; implementation_outcomes; direct_target_section_court_review; welfare_or_public_benefit; model_validation,"Target-section public-law attribution review only. Rows confirm that a source-reviewed target-section diff also has official GovInfo public-law source text, changed annual OLRC target text, a post-only public-law marker, and effective-text source review. This artifact does not establish complete codified lineage, exclusive current-section causation outside the reviewed target diff, implementation outcomes, direct target-section court review, welfare evidence, causal effects, or model validation."
68,68,70,73,73,117-s-3580,117-146,2022-06-16,46 USC 41104(a)(3),title_code_section_phrase,46,41104,amended_existing_target_section,reviewed_pre_post_target_section_diff,1,1,2021,2022,https://www.govinfo.gov/content/pkg/PLAW-117publ146/html/PLAW-117publ146.htm,PLAW-117publ146,https://www.govinfo.gov/content/pkg/PLAW-117publ146/html/PLAW-117publ146.htm,https://www.govinfo.gov/app/details/PLAW-117publ146,7e3c7d5ebc093a81c8af6431009629c89e9b3ed42208f3d87627ee240319c410,49847,https://uscode.house.gov/view.xhtml?edition=2021&num=0&req=granuleid%3AUSC-2021-title46-section41104,https://uscode.house.gov/view.xhtml?edition=2022&num=0&req=granuleid%3AUSC-2022-title46-section41104,https://uscode.house.gov/view.xhtml?edition=prelim&num=0&req=granuleid%3AUSC-prelim-title46-section41104,5b97243161040ed05542788cde9d3b4da1f15a42e6868e0ad998ea129992b4ba,73340968096c0f6c43f7886d275a68050a65b3f164f054e7b2d0fdccbacc35e4,pre_post_normalized_text_changed,5112,8,3,post_only_public_law_marker_on_changed_annual_page,normalized_section_changed_with_post_only_public_law_marker,priority_1_review_post_public_law_context_and_target_section,reviewed_current_effective_text_source_with_public_law_note,current_page_mentions_public_law,reviewed_target_section_diff_attributed_to_queued_public_law,1,source_reviewed_target_section_diff; official_govinfo_public_law_text; official_olrc_annual_pre_post_text_diff; post_only_public_law_marker; official_olrc_current_effective_text_review,"Reviewed target-section diff is attributed to the queued public law because the official public-law text was scanned, annual OLRC target text changed, the post annual page introduced the queued public-law marker, and the current OLRC page retains public-law note evidence.","Attribution is limited to the reviewed target-section diff row. It is not a complete codification history, implementation outcome, direct court review, welfare assessment, or model-validation finding.",statutory_lineage_source_reviewed_target_section_diff; official_govinfo_public_law_text_scan; official_olrc_annual_us_code_text_diff; statutory_lineage_effective_text_source_review; statutory_lineage_public_law_attribution_review,complete_codified_usc_lineage_review; implementation_outcomes; direct_target_section_court_review; welfare_or_public_benefit; model_validation,"Target-section public-law attribution review only. Rows confirm that a source-reviewed target-section diff also has official GovInfo public-law source text, changed annual OLRC target text, a post-only public-law marker, and effective-text source review. This artifact does not establish complete codified lineage, exclusive current-section causation outside the reviewed target diff, implementation outcomes, direct target-section court review, welfare evidence, causal effects, or model validation."
69,69,71,74,74,117-s-3580,117-146,2022-06-16,46 USC 41110 note,direct_us_code_reference,46,41110,added_target_section,reviewed_added_target_section_diff,1,1,2021,2022,https://www.govinfo.gov/content/pkg/PLAW-117publ146/html/PLAW-117publ146.htm,PLAW-117publ146,https://www.govinfo.gov/content/pkg/PLAW-117publ146/html/PLAW-117publ146.htm,https://www.govinfo.gov/app/details/PLAW-117publ146,7e3c7d5ebc093a81c8af6431009629c89e9b3ed42208f3d87627ee240319c410,49847,https://uscode.house.gov/view.xhtml?edition=2021&num=0&req=granuleid%3AUSC-2021-title46-section41110,https://uscode.house.gov/view.xhtml?edition=2022&num=0&req=granuleid%3AUSC-2022-title46-section41110,https://uscode.house.gov/view.xhtml?edition=prelim&num=0&req=granuleid%3AUSC-prelim-title46-section41110,7d641292e606ea628de81f96717988db7562a0f46dcea58db5884c59b05272b1,e0d26990b901716258ccf02ae17e7c1ab6e4c4382c6414b701d7637e495068ff,pre_post_normalized_text_changed,1103,2,2,post_only_public_law_marker_on_changed_annual_page,normalized_section_changed_with_post_only_public_law_marker,priority_1_review_post_public_law_context_and_target_section,reviewed_current_effective_text_source_with_public_law_note,current_page_mentions_public_law,reviewed_target_section_diff_attributed_to_queued_public_law,1,source_reviewed_target_section_diff; official_govinfo_public_law_text; official_olrc_annual_pre_post_text_diff; post_only_public_law_marker; official_olrc_current_effective_text_review,"Reviewed target-section diff is attributed to the queued public law because the official public-law text was scanned, annual OLRC target text changed, the post annual page introduced the queued public-law marker, and the current OLRC page retains public-law note evidence.","Attribution is limited to the reviewed target-section diff row. It is not a complete codification history, implementation outcome, direct court review, welfare assessment, or model-validation finding.",statutory_lineage_source_reviewed_target_section_diff; official_govinfo_public_law_text_scan; official_olrc_annual_us_code_text_diff; statutory_lineage_effective_text_source_review; statutory_lineage_public_law_attribution_review,complete_codified_usc_lineage_review; implementation_outcomes; direct_target_section_court_review; welfare_or_public_benefit; model_validation,"Target-section public-law attribution review only. Rows confirm that a source-reviewed target-section diff also has official GovInfo public-law source text, changed annual OLRC target text, a post-only public-law marker, and effective-text source review. This artifact does not establish complete codified lineage, exclusive current-section causation outside the reviewed target diff, implementation outcomes, direct target-section court review, welfare evidence, causal effects, or model validation."
70,70,72,75,75,117-s-3580,117-146,2022-06-16,46 USC 46106,title_code_section_phrase,46,46106,amended_existing_target_section,reviewed_pre_post_target_section_diff,1,1,2021,2022,https://www.govinfo.gov/content/pkg/PLAW-117publ146/html/PLAW-117publ146.htm,PLAW-117publ146,https://www.govinfo.gov/content/pkg/PLAW-117publ146/html/PLAW-117publ146.htm,https://www.govinfo.gov/app/details/PLAW-117publ146,7e3c7d5ebc093a81c8af6431009629c89e9b3ed42208f3d87627ee240319c410,49847,https://uscode.house.gov/view.xhtml?edition=2021&num=0&req=granuleid%3AUSC-2021-title46-section46106,https://uscode.house.gov/view.xhtml?edition=2022&num=0&req=granuleid%3AUSC-2022-title46-section46106,https://uscode.house.gov/view.xhtml?edition=prelim&num=0&req=granuleid%3AUSC-prelim-title46-section46106,db78e3eb447f0b34ecd0d7d974501408026ebac529d2f772b2f7cdf907a63969,4305a3fbd39acffedb618bd3b3b84fa9fd909f064d3b4c3a35d6f01675d88196,pre_post_normalized_text_changed,2145,4,3,post_only_public_law_marker_on_changed_annual_page,normalized_section_changed_with_post_only_public_law_marker,priority_1_review_post_public_law_context_and_target_section,reviewed_current_effective_text_source_with_public_law_note,current_page_mentions_public_law,reviewed_target_section_diff_attributed_to_queued_public_law,1,source_reviewed_target_section_diff; official_govinfo_public_law_text; official_olrc_annual_pre_post_text_diff; post_only_public_law_marker; official_olrc_current_effective_text_review,"Reviewed target-section diff is attributed to the queued public law because the official public-law text was scanned, annual OLRC target text changed, the post annual page introduced the queued public-law marker, and the current OLRC page retains public-law note evidence.","Attribution is limited to the reviewed target-section diff row. It is not a complete codification history, implementation outcome, direct court review, welfare assessment, or model-validation finding.",statutory_lineage_source_reviewed_target_section_diff; official_govinfo_public_law_text_scan; official_olrc_annual_us_code_text_diff; statutory_lineage_effective_text_source_review; statutory_lineage_public_law_attribution_review,complete_codified_usc_lineage_review; implementation_outcomes; direct_target_section_court_review; welfare_or_public_benefit; model_validation,"Target-section public-law attribution review only. Rows confirm that a source-reviewed target-section diff also has official GovInfo public-law source text, changed annual OLRC target text, a post-only public-law marker, and effective-text source review. This artifact does not establish complete codified lineage, exclusive current-section causation outside the reviewed target diff, implementation outcomes, direct target-section court review, welfare evidence, causal effects, or model validation."
71,71,73,81,81,117-hr-7352,117-166,2022-08-05,15 USC 631 note,direct_us_code_reference,15,631,amended_existing_target_section,reviewed_pre_post_target_section_diff,1,1,2021,2022,https://www.govinfo.gov/content/pkg/PLAW-117publ166/html/PLAW-117publ166.htm,PLAW-117publ166,https://www.govinfo.gov/content/pkg/PLAW-117publ166/html/PLAW-117publ166.htm,https://www.govinfo.gov/app/details/PLAW-117publ166,9ee05163ad1144a8c30851292140b43d5ce359ded3d541c0ff49e2c2496e6883,2547,https://uscode.house.gov/view.xhtml?edition=2021&num=0&req=granuleid%3AUSC-2021-title15-section631,https://uscode.house.gov/view.xhtml?edition=2022&num=0&req=granuleid%3AUSC-2022-title15-section631,https://uscode.house.gov/view.xhtml?edition=prelim&num=0&req=granuleid%3AUSC-prelim-title15-section631,f7d3d7d1059c80651c9893347f62daf2375b4009290275dfc3f02922ebe76a5e,510f7ae696e3978c83240b8e69388f0d8a60eb2da7e10281bc66b93a42dcb41f,pre_post_normalized_text_changed,1244,1,1,post_only_public_law_marker_on_changed_annual_page,normalized_section_changed_with_post_only_public_law_marker,priority_1_review_post_public_law_context_and_target_section,reviewed_current_effective_text_source_with_public_law_note,current_page_mentions_public_law,reviewed_target_section_diff_attributed_to_queued_public_law,1,source_reviewed_target_section_diff; official_govinfo_public_law_text; official_olrc_annual_pre_post_text_diff; post_only_public_law_marker; official_olrc_current_effective_text_review,"Reviewed target-section diff is attributed to the queued public law because the official public-law text was scanned, annual OLRC target text changed, the post annual page introduced the queued public-law marker, and the current OLRC page retains public-law note evidence.","Attribution is limited to the reviewed target-section diff row. It is not a complete codification history, implementation outcome, direct court review, welfare assessment, or model-validation finding.",statutory_lineage_source_reviewed_target_section_diff; official_govinfo_public_law_text_scan; official_olrc_annual_us_code_text_diff; statutory_lineage_effective_text_source_review; statutory_lineage_public_law_attribution_review,complete_codified_usc_lineage_review; implementation_outcomes; direct_target_section_court_review; welfare_or_public_benefit; model_validation,"Target-section public-law attribution review only. Rows confirm that a source-reviewed target-section diff also has official GovInfo public-law source text, changed annual OLRC target text, a post-only public-law marker, and effective-text source review. This artifact does not establish complete codified lineage, exclusive current-section causation outside the reviewed target diff, implementation outcomes, direct target-section court review, welfare evidence, causal effects, or model validation."
72,72,74,82,82,117-hr-7352,117-166,2022-08-05,15 USC 636(a)(36),direct_us_code_reference,15,636,amended_existing_target_section,reviewed_pre_post_target_section_diff,1,1,2021,2022,https://www.govinfo.gov/content/pkg/PLAW-117publ166/html/PLAW-117publ166.htm,PLAW-117publ166,https://www.govinfo.gov/content/pkg/PLAW-117publ166/html/PLAW-117publ166.htm,https://www.govinfo.gov/app/details/PLAW-117publ166,9ee05163ad1144a8c30851292140b43d5ce359ded3d541c0ff49e2c2496e6883,2547,https://uscode.house.gov/view.xhtml?edition=2021&num=0&req=granuleid%3AUSC-2021-title15-section636,https://uscode.house.gov/view.xhtml?edition=2022&num=0&req=granuleid%3AUSC-2022-title15-section636,https://uscode.house.gov/view.xhtml?edition=prelim&num=0&req=granuleid%3AUSC-prelim-title15-section636,10d4d29fd65d2bca6c4d2c322617da90ec3e236a528b4a5dd772c13be6d46ddf,9699566bbc870ef5d1779641238415748ad362cf7f761281bfda1a6971f1fa21,pre_post_normalized_text_changed,3474,3,3,post_only_public_law_marker_on_changed_annual_page,normalized_section_changed_with_post_only_public_law_marker,priority_1_review_post_public_law_context_and_target_section,reviewed_current_effective_text_source_with_public_law_note,current_page_mentions_public_law,reviewed_target_section_diff_attributed_to_queued_public_law,1,source_reviewed_target_section_diff; official_govinfo_public_law_text; official_olrc_annual_pre_post_text_diff; post_only_public_law_marker; official_olrc_current_effective_text_review,"Reviewed target-section diff is attributed to the queued public law because the official public-law text was scanned, annual OLRC target text changed, the post annual page introduced the queued public-law marker, and the current OLRC page retains public-law note evidence.","Attribution is limited to the reviewed target-section diff row. It is not a complete codification history, implementation outcome, direct court review, welfare assessment, or model-validation finding.",statutory_lineage_source_reviewed_target_section_diff; official_govinfo_public_law_text_scan; official_olrc_annual_us_code_text_diff; statutory_lineage_effective_text_source_review; statutory_lineage_public_law_attribution_review,complete_codified_usc_lineage_review; implementation_outcomes; direct_target_section_court_review; welfare_or_public_benefit; model_validation,"Target-section public-law attribution review only. Rows confirm that a source-reviewed target-section diff also has official GovInfo public-law source text, changed annual OLRC target text, a post-only public-law marker, and effective-text source review. This artifact does not establish complete codified lineage, exclusive current-section causation outside the reviewed target diff, implementation outcomes, direct target-section court review, welfare evidence, causal effects, or model validation."
73,73,75,83,83,117-hr-7352,117-166,2022-08-05,15 USC 636(a)(37),direct_us_code_reference,15,636,amended_existing_target_section,reviewed_pre_post_target_section_diff,1,1,2021,2022,https://www.govinfo.gov/content/pkg/PLAW-117publ166/html/PLAW-117publ166.htm,PLAW-117publ166,https://www.govinfo.gov/content/pkg/PLAW-117publ166/html/PLAW-117publ166.htm,https://www.govinfo.gov/app/details/PLAW-117publ166,9ee05163ad1144a8c30851292140b43d5ce359ded3d541c0ff49e2c2496e6883,2547,https://uscode.house.gov/view.xhtml?edition=2021&num=0&req=granuleid%3AUSC-2021-title15-section636,https://uscode.house.gov/view.xhtml?edition=2022&num=0&req=granuleid%3AUSC-2022-title15-section636,https://uscode.house.gov/view.xhtml?edition=prelim&num=0&req=granuleid%3AUSC-prelim-title15-section636,10d4d29fd65d2bca6c4d2c322617da90ec3e236a528b4a5dd772c13be6d46ddf,9699566bbc870ef5d1779641238415748ad362cf7f761281bfda1a6971f1fa21,pre_post_normalized_text_changed,3474,3,3,post_only_public_law_marker_on_changed_annual_page,normalized_section_changed_with_post_only_public_law_marker,priority_1_review_post_public_law_context_and_target_section,reviewed_current_effective_text_source_with_public_law_note,current_page_mentions_public_law,reviewed_target_section_diff_attributed_to_queued_public_law,1,source_reviewed_target_section_diff; official_govinfo_public_law_text; official_olrc_annual_pre_post_text_diff; post_only_public_law_marker; official_olrc_current_effective_text_review,"Reviewed target-section diff is attributed to the queued public law because the official public-law text was scanned, annual OLRC target text changed, the post annual page introduced the queued public-law marker, and the current OLRC page retains public-law note evidence.","Attribution is limited to the reviewed target-section diff row. It is not a complete codification history, implementation outcome, direct court review, welfare assessment, or model-validation finding.",statutory_lineage_source_reviewed_target_section_diff; official_govinfo_public_law_text_scan; official_olrc_annual_us_code_text_diff; statutory_lineage_effective_text_source_review; statutory_lineage_public_law_attribution_review,complete_codified_usc_lineage_review; implementation_outcomes; direct_target_section_court_review; welfare_or_public_benefit; model_validation,"Target-section public-law attribution review only. Rows confirm that a source-reviewed target-section diff also has official GovInfo public-law source text, changed annual OLRC target text, a post-only public-law marker, and effective-text source review. This artifact does not establish complete codified lineage, exclusive current-section causation outside the reviewed target diff, implementation outcomes, direct target-section court review, welfare evidence, causal effects, or model validation."
