review_rank,target_review_packet_rank,lineage_adjudication_rank,text_diff_rank,bill_id,public_law_number,enacted_date,target_reference,target_reference_type,normalized_title,normalized_section,pre_edition,post_edition,review_status,source_reviewed_target_section_diff,codified_lineage_relationship,public_law_source_url,pre_olrc_url,post_olrc_url,pre_text_sha256,post_text_sha256,pre_normalized_text_sha256,post_normalized_text_sha256,pre_section_anchor_status,post_section_anchor_status,post_public_law_context_count,public_law_source_summary,pre_olrc_source_summary,post_olrc_source_summary,target_section_diff_summary,public_law_causal_attribution,law_revision_effective_text_reviewed,source_review_notes,evidence_layers,missing_links,claim_boundary
1,15,15,15,117-hr-5376,117-169,2022-08-16,26 USC 4501,direct_us_code_reference,26,4501,2021,2022,reviewed_added_target_section_diff,1,added_target_section,https://www.govinfo.gov/content/pkg/PLAW-117publ169/html/PLAW-117publ169.htm,https://uscode.house.gov/view.xhtml?edition=2021&num=0&req=granuleid%3AUSC-2021-title26-section4501,https://uscode.house.gov/view.xhtml?edition=2022&num=0&req=granuleid%3AUSC-2022-title26-section4501,367ee677789f6dd68102540542e16a1e6dea5f972f3187e561ec0e94b3eb558e,3af40e54a23d0d5c1f3f820ee33c2b0e375fa54eb0e05b4360fe8469c519836a,39d6efccad7c08d922f6c4816c30ce6c68f665c3520efcda26e06c306af9836a,4a29e0768a16d496e7821b1c3da1b86ac24e9f3c48d8f329869d1eae47255fdf,section_anchor_not_found,section_anchor_found,2,GovInfo Public Law 117-169 section 10201 inserts chapter 37 and section 4501 for repurchase of corporate stock.,The 2021 OLRC page reports prior sections 4501 to 4503 as repealed.,"The 2022 OLRC page contains section 4501, Repurchase of corporate stock, with a source credit to Pub. L. 117-169 section 10201(a).",Reviewed official sources show a post-edition target section where the pre-edition page did not contain an active section 4501 target text.,not_reviewed_for_exclusive_public_law_causation,0,Counted as a source-reviewed target-section diff for the bounded pilot; not counted as exclusive causation or effective-text validation.,statutory_lineage_target_section_review_packet; statutory_lineage_target_section_diff_review; statutory_lineage_source_reviewed_target_section_diff,public_law_causal_attribution; law_revision_effective_text; complete_codified_usc_lineage_review; implementation_outcomes; court_review; model_validation,"Source-reviewed official OLRC/GovInfo target-section diff disposition only. Rows record whether a bounded target-review packet has reviewed official-source evidence of added or changed target-section text. The artifact does not establish exclusive public-law causal attribution, law-revision effective text, implementation outcomes, court review, welfare, causal effects, or model validation."
2,16,16,16,117-hr-5376,117-169,2022-08-16,26 USC 55,direct_us_code_reference,26,55,2021,2022,reviewed_pre_post_target_section_diff,1,amended_existing_target_section,https://www.govinfo.gov/content/pkg/PLAW-117publ169/html/PLAW-117publ169.htm,https://uscode.house.gov/view.xhtml?edition=2021&num=0&req=granuleid%3AUSC-2021-title26-section55,https://uscode.house.gov/view.xhtml?edition=2022&num=0&req=granuleid%3AUSC-2022-title26-section55,afc2d3e4ecb5021ca7e49d0774307a7a55c7e3ae360d956d3ad127e582ac346f,755641895eddf1a48c539033dca2ce568b359d51a46c671ede63fec2d679dd59,07bf11df8255551d4d4ae809eebbe4ba7d0c636f6bb0634557b0d0dc208dcf1f,80aca1df880e69d1afa67901f7f7fbd31a44a419403b2af1c6711e51f93f3a29,section_anchor_found,section_anchor_found,3,GovInfo Public Law 117-169 section 10101 amends section 55 and related corporate alternative-minimum-tax provisions.,The 2021 OLRC section 55 text begins the general rule with taxpayers other than corporations.,"The 2022 OLRC section 55 text changes the general rule and adds corporate tax coordination language tied to applicable corporations, with Pub. L. 117-169 amendment notes.",Reviewed official sources show changed target-section text between the 2021 and 2022 OLRC editions for section 55.,not_reviewed_for_exclusive_public_law_causation,0,Counted as a source-reviewed pre/post target-section diff for the bounded pilot; not counted as full statutory-lineage causation.,statutory_lineage_target_section_review_packet; statutory_lineage_target_section_diff_review; statutory_lineage_source_reviewed_target_section_diff,public_law_causal_attribution; law_revision_effective_text; complete_codified_usc_lineage_review; implementation_outcomes; court_review; model_validation,"Source-reviewed official OLRC/GovInfo target-section diff disposition only. Rows record whether a bounded target-review packet has reviewed official-source evidence of added or changed target-section text. The artifact does not establish exclusive public-law causal attribution, law-revision effective text, implementation outcomes, court review, welfare, causal effects, or model validation."
3,17,17,17,117-hr-5376,117-169,2022-08-16,26 USC 56A,direct_us_code_reference,26,56A,2021,2022,reviewed_added_target_section_diff,1,added_target_section,https://www.govinfo.gov/content/pkg/PLAW-117publ169/html/PLAW-117publ169.htm,https://uscode.house.gov/view.xhtml?edition=2021&num=0&req=granuleid%3AUSC-2021-title26-section56A,https://uscode.house.gov/view.xhtml?edition=2022&num=0&req=granuleid%3AUSC-2022-title26-section56A,1ffdbf07d6e5c027ef6d6be9a5b254628f1c66e4e0b5845232e6c70ae7a5ed06,bee9a0e728765fd0f93399c8f73461f3afda5e3a99e7b2c7b02b580365001cd5,7d641292e606ea628de81f96717988db7562a0f46dcea58db5884c59b05272b1,2f31769e6e0974cee04a4cfe7c1ad983b450a834c7f1696e35791b5094f16735,section_anchor_not_found,section_anchor_found,3,GovInfo Public Law 117-169 section 10101 inserts new section 56A for adjusted financial statement income.,The 2021 OLRC target page returns Document not Found for section 56A.,The 2022 OLRC section 56A page exists and includes a source credit to Pub. L. 117-169 section 10101(b)(1).,Reviewed official sources show a new post-edition target section where no pre-edition section 56A page was available.,not_reviewed_for_exclusive_public_law_causation,0,Counted as a source-reviewed added-section diff for the bounded pilot; not counted as complete effective-text validation.,statutory_lineage_target_section_review_packet; statutory_lineage_target_section_diff_review; statutory_lineage_source_reviewed_target_section_diff,public_law_causal_attribution; law_revision_effective_text; complete_codified_usc_lineage_review; implementation_outcomes; court_review; model_validation,"Source-reviewed official OLRC/GovInfo target-section diff disposition only. Rows record whether a bounded target-review packet has reviewed official-source evidence of added or changed target-section text. The artifact does not establish exclusive public-law causal attribution, law-revision effective text, implementation outcomes, court review, welfare, causal effects, or model validation."
4,18,18,18,117-hr-5376,117-169,2022-08-16,26 USC 59,direct_us_code_reference,26,59,2021,2022,reviewed_pre_post_target_section_diff,1,amended_existing_target_section,https://www.govinfo.gov/content/pkg/PLAW-117publ169/html/PLAW-117publ169.htm,https://uscode.house.gov/view.xhtml?edition=2021&num=0&req=granuleid%3AUSC-2021-title26-section59,https://uscode.house.gov/view.xhtml?edition=2022&num=0&req=granuleid%3AUSC-2022-title26-section59,3af1c97419cfbf2f4d8ca41a53438dc15a9c4b1924a6eb990b3accdcda349d61,ee1627f0344c2ff64511a72ee691f855f3928fd70dbfcf8864e028ef88459cea,669e6fa9575bafc43347ae653410086c5468941908ee969317c8bfd1e0ba4643,91f5303443cce6a954ad0b747def11a8ac76cf32c241fb5bde73cbb995a62eee,section_anchor_found,section_anchor_found,3,GovInfo Public Law 117-169 section 10101 amends section 59 by adding an applicable-corporation subsection and related foreign-tax-credit provisions.,The 2021 OLRC first-change window reaches the preexisting section 59 text without subsection (k).,"The 2022 OLRC first-change window includes new subsection (k), Applicable corporation, and amendment notes for Pub. L. 117-169.",Reviewed official sources show changed target-section text between annual editions for section 59.,not_reviewed_for_exclusive_public_law_causation,0,Counted as a source-reviewed pre/post target-section diff for the bounded pilot; not counted as full causal attribution.,statutory_lineage_target_section_review_packet; statutory_lineage_target_section_diff_review; statutory_lineage_source_reviewed_target_section_diff,public_law_causal_attribution; law_revision_effective_text; complete_codified_usc_lineage_review; implementation_outcomes; court_review; model_validation,"Source-reviewed official OLRC/GovInfo target-section diff disposition only. Rows record whether a bounded target-review packet has reviewed official-source evidence of added or changed target-section text. The artifact does not establish exclusive public-law causal attribution, law-revision effective text, implementation outcomes, court review, welfare, causal effects, or model validation."
5,19,19,19,117-hr-5376,117-169,2022-08-16,26 USC 11 note,direct_us_code_reference,26,11,2021,2022,reviewed_pre_post_target_section_diff,1,amended_existing_target_section_with_effective_date_note,https://www.govinfo.gov/content/pkg/PLAW-117publ169/html/PLAW-117publ169.htm,https://uscode.house.gov/view.xhtml?edition=2021&num=0&req=granuleid%3AUSC-2021-title26-section11,https://uscode.house.gov/view.xhtml?edition=2022&num=0&req=granuleid%3AUSC-2022-title26-section11,cb9c85951ab95bea18f5c7d3ca00300cea6d72a0cf668993aa6d2594f6bdcdc7,b2f3187930871ea5abea8ed5d163c7e62b8423bd430f1d25d87f93a60ec2c45f,5220cb6bc130c627fbc9c2177e495505408e4cff7663f00554219cbf6c333b6b,e4bb90bda0b96a4775e395741ddacd67c67c4c744eac7d9beb7d1fbe1382a302,section_anchor_found,section_anchor_found,3,GovInfo Public Law 117-169 section 10101 amends section 11(d) and includes an effective-date note for corporate alternative-minimum-tax amendments.,The 2021 OLRC section 11 text says the tax imposed by subsection (a) applies only as provided by section 882 for foreign corporations.,"The 2022 OLRC section 11 text says the taxes imposed by subsection (a) and section 55 apply only as provided by section 882, with Pub. L. 117-169 amendment and effective-date notes.",Reviewed official sources show changed target-section text for section 11 and an attached effective-date note context.,not_reviewed_for_exclusive_public_law_causation,0,Counted as a source-reviewed pre/post target-section diff for the bounded pilot; effective text and applicability are not independently reviewed.,statutory_lineage_target_section_review_packet; statutory_lineage_target_section_diff_review; statutory_lineage_source_reviewed_target_section_diff,public_law_causal_attribution; law_revision_effective_text; complete_codified_usc_lineage_review; implementation_outcomes; court_review; model_validation,"Source-reviewed official OLRC/GovInfo target-section diff disposition only. Rows record whether a bounded target-review packet has reviewed official-source evidence of added or changed target-section text. The artifact does not establish exclusive public-law causal attribution, law-revision effective text, implementation outcomes, court review, welfare, causal effects, or model validation."
6,20,20,20,117-hr-5376,117-169,2022-08-16,26 USC 38,direct_us_code_reference,26,38,2021,2022,reviewed_pre_post_target_section_diff,1,amended_existing_target_section,https://www.govinfo.gov/content/pkg/PLAW-117publ169/html/PLAW-117publ169.htm,https://uscode.house.gov/view.xhtml?edition=2021&num=0&req=granuleid%3AUSC-2021-title26-section38,https://uscode.house.gov/view.xhtml?edition=2022&num=0&req=granuleid%3AUSC-2022-title26-section38,bc0f05f6cc070eee829e7782f472279dcd2cd4642af5fed974f802b453786e88,cbe1d0a785aa651ef0499bf1a706c0956388fa37fac769021e3cd26566952e5b,8950284a1ae9ba3d905815ef59047bf9905f4826c7d24fbf3cce3dc3cc9bd0b2,3c6fd539ed8a886946d6273f405e66719c973f070da134884c8572a5727e1033,section_anchor_found,section_anchor_found,3,"GovInfo Public Law 117-169 directly amends section 38(b) and section 38(c)(6)(E), including conforming amendments for new clean-energy credit paragraphs.",The 2021 OLRC section 38 page contains the pre-Inflation Reduction Act general business credit list without the Pub. L. 117-169 clean-energy credit paragraphs.,"The 2022 OLRC section 38 page includes Pub. L. 117-169 amendment notes for subsection (b) paragraphs (30), (34), (35), (36), (37), (38), (39), and (40), plus subsection (c)(6)(E), and the post-edition text includes new clean-energy credit entries including the advanced manufacturing production credit under section 45X(a).",Reviewed official sources show changed target-section text between annual editions for section 38.,not_reviewed_for_exclusive_public_law_causation,0,Counted as a source-reviewed pre/post target-section diff after deeper section-level review; not counted as exclusive public-law causation or effective-text validation.,statutory_lineage_target_section_review_packet; statutory_lineage_target_section_diff_review; statutory_lineage_source_reviewed_target_section_diff,public_law_causal_attribution; law_revision_effective_text; complete_codified_usc_lineage_review; implementation_outcomes; court_review; model_validation,"Source-reviewed official OLRC/GovInfo target-section diff disposition only. Rows record whether a bounded target-review packet has reviewed official-source evidence of added or changed target-section text. The artifact does not establish exclusive public-law causal attribution, law-revision effective text, implementation outcomes, court review, welfare, causal effects, or model validation."
7,21,21,21,117-hr-5376,117-169,2022-08-16,26 USC 4501 note,direct_us_code_reference,26,4501,2021,2022,reviewed_added_target_section_diff,1,added_target_section_with_effective_date_note,https://www.govinfo.gov/content/pkg/PLAW-117publ169/html/PLAW-117publ169.htm,https://uscode.house.gov/view.xhtml?edition=2021&num=0&req=granuleid%3AUSC-2021-title26-section4501,https://uscode.house.gov/view.xhtml?edition=2022&num=0&req=granuleid%3AUSC-2022-title26-section4501,367ee677789f6dd68102540542e16a1e6dea5f972f3187e561ec0e94b3eb558e,3af40e54a23d0d5c1f3f820ee33c2b0e375fa54eb0e05b4360fe8469c519836a,39d6efccad7c08d922f6c4816c30ce6c68f665c3520efcda26e06c306af9836a,4a29e0768a16d496e7821b1c3da1b86ac24e9f3c48d8f329869d1eae47255fdf,section_anchor_not_found,section_anchor_found,2,GovInfo Public Law 117-169 section 10201 creates section 4501 and includes an effective-date provision for chapter 37.,The 2021 OLRC page reports prior sections 4501 to 4503 as repealed.,"The 2022 OLRC section 4501 page includes section text, source credit to Pub. L. 117-169, and an effective-date note for section 10201(d).",Reviewed official sources show the section 4501 post-edition text and note context were added after the pre-edition repealed-section page.,not_reviewed_for_exclusive_public_law_causation,0,Counted as a source-reviewed added-section/note diff for the bounded pilot; not counted as independent effective-text validation.,statutory_lineage_target_section_review_packet; statutory_lineage_target_section_diff_review; statutory_lineage_source_reviewed_target_section_diff,public_law_causal_attribution; law_revision_effective_text; complete_codified_usc_lineage_review; implementation_outcomes; court_review; model_validation,"Source-reviewed official OLRC/GovInfo target-section diff disposition only. Rows record whether a bounded target-review packet has reviewed official-source evidence of added or changed target-section text. The artifact does not establish exclusive public-law causal attribution, law-revision effective text, implementation outcomes, court review, welfare, causal effects, or model validation."
8,22,22,22,117-hr-5376,117-169,2022-08-16,26 USC 860E,direct_us_code_reference,26,860E,2021,2022,reviewed_pre_post_target_section_diff,1,amended_existing_target_section,https://www.govinfo.gov/content/pkg/PLAW-117publ169/html/PLAW-117publ169.htm,https://uscode.house.gov/view.xhtml?edition=2021&num=0&req=granuleid%3AUSC-2021-title26-section860E,https://uscode.house.gov/view.xhtml?edition=2022&num=0&req=granuleid%3AUSC-2022-title26-section860E,9dd365f901416291f64d7117767e630abdf4aee2476fd8cb6dad985f213a8db5,bd8953a9c35690a29545e6d4828a66f034dc9b1f64f32e3c91b94ccd02cb1640,7c86605386cb7cf5af44951bcaa4699f80214f64066abe51207f8711126f5f82,a35bc3213243338c3e0ad8d4c61dfd8c565f05568c727d968dd2a66f9244e32b,section_anchor_found,section_anchor_found,3,GovInfo Public Law 117-169 section 10101 includes a conforming amendment to section 860E(a)(4).,The 2021 OLRC section 860E text references section 55(b)(2) in subsection (a)(4)(A).,"The 2022 OLRC section 860E text references section 55(b)(1)(D) in subsection (a)(4)(A), with a Pub. L. 117-169 amendment note.",Reviewed official sources show changed target-section text between annual editions for section 860E.,not_reviewed_for_exclusive_public_law_causation,0,Counted as a source-reviewed pre/post target-section diff for the bounded pilot; not counted as complete statutory-lineage or causation evidence.,statutory_lineage_target_section_review_packet; statutory_lineage_target_section_diff_review; statutory_lineage_source_reviewed_target_section_diff,public_law_causal_attribution; law_revision_effective_text; complete_codified_usc_lineage_review; implementation_outcomes; court_review; model_validation,"Source-reviewed official OLRC/GovInfo target-section diff disposition only. Rows record whether a bounded target-review packet has reviewed official-source evidence of added or changed target-section text. The artifact does not establish exclusive public-law causal attribution, law-revision effective text, implementation outcomes, court review, welfare, causal effects, or model validation."
9,1,1,1,117-hr-1437,117-229,2022-12-16,18 USC 3551 note,direct_us_code_reference,18,3551,2021,2022,reviewed_pre_post_target_section_diff,1,amended_existing_target_section_with_effective_date_note,https://www.govinfo.gov/content/pkg/PLAW-117publ229/html/PLAW-117publ229.htm,https://uscode.house.gov/view.xhtml?edition=2021&num=0&req=granuleid%3AUSC-2021-title18-section3551,https://uscode.house.gov/view.xhtml?edition=2022&num=0&req=granuleid%3AUSC-2022-title18-section3551,af7ef7358766165cb43418d2fc9e56292e41ab8e1f71e0956c244b59d9a99423,ce984639d183f200f6589a6755b3ecb03a0d7b4fe98fa400e8b10870e8d52bf4,7110ab271c77099c3532c6b96cb8fa3ccd0f6b27c08c3162928c4b35509f20fa,910ac189f480c85da4d93c768f202cfd6376335578598952983906b641c8aaff,section_anchor_found,section_anchor_found,3,GovInfo Public Law 117-229 division B title I section 103(b) extends Sentencing Reform Act parole-commission references by deeming 35-year references to include an additional 53 days.,The 2021 OLRC section 3551 note lacks a Pub. L. 117-229 marker and reflects the pre-117-229 parole-commission extension note context.,The 2022 OLRC section 3551 note contains Pub. L. 117-229 section 103(b) marker context and later effective-date context for the same note lineage.,Reviewed official sources show changed target-note text between annual editions for the section 3551 note packet.,not_reviewed_for_exclusive_public_law_causation,0,Counted as a source-reviewed pre/post target-note diff for the bounded pilot; not counted as exclusive public-law causation or effective-text validation.,statutory_lineage_target_section_review_packet; statutory_lineage_target_section_diff_review; statutory_lineage_source_reviewed_target_section_diff,public_law_causal_attribution; law_revision_effective_text; complete_codified_usc_lineage_review; implementation_outcomes; court_review; model_validation,"Source-reviewed official OLRC/GovInfo target-section diff disposition only. Rows record whether a bounded target-review packet has reviewed official-source evidence of added or changed target-section text. The artifact does not establish exclusive public-law causal attribution, law-revision effective text, implementation outcomes, court review, welfare, causal effects, or model validation."
10,2,2,2,117-hr-1437,117-229,2022-12-16,42 USC 1395ww note,direct_us_code_reference,42,1395ww,2021,2022,reviewed_pre_post_target_section_diff,1,amended_existing_target_section_with_effective_date_note,https://www.govinfo.gov/content/pkg/PLAW-117publ229/html/PLAW-117publ229.htm,https://uscode.house.gov/view.xhtml?edition=2021&num=0&req=granuleid%3AUSC-2021-title42-section1395ww,https://uscode.house.gov/view.xhtml?edition=2022&num=0&req=granuleid%3AUSC-2022-title42-section1395ww,38ce823d923f4ad1ebf67a2b1f8e1a2d2e2a18be0979063b0da289595dbda462,7db19afe4888415aca1f15724c7cc732e53b5d162d1aeb547763b0e88a502848,1217b097461d3142fa62da16449b6eb0ae483d536f26416e37b49483a20ecf3f,da2ce910ea37a00c9f5a3fc622f48aa7d1306933c57fa14da80d6a981c432691,section_anchor_found,section_anchor_found,3,GovInfo Public Law 117-229 division C title I sections 101 and 102 amend Social Security Act section 1886 date references and include implementation-note authority.,The 2021 OLRC section 1395ww page lacks a Pub. L. 117-229 marker in the target note context.,The 2022 OLRC section 1395ww page includes Pub. L. 117-229 section 101 and 102 amendment-note context and an implementation note under section 1395ww.,Reviewed official sources show changed target-section and note text between annual editions for the section 1395ww packet.,not_reviewed_for_exclusive_public_law_causation,0,Counted as a source-reviewed pre/post target-section and note diff for the bounded pilot; not counted as complete statutory-lineage causation.,statutory_lineage_target_section_review_packet; statutory_lineage_target_section_diff_review; statutory_lineage_source_reviewed_target_section_diff,public_law_causal_attribution; law_revision_effective_text; complete_codified_usc_lineage_review; implementation_outcomes; court_review; model_validation,"Source-reviewed official OLRC/GovInfo target-section diff disposition only. Rows record whether a bounded target-review packet has reviewed official-source evidence of added or changed target-section text. The artifact does not establish exclusive public-law causal attribution, law-revision effective text, implementation outcomes, court review, welfare, causal effects, or model validation."
11,3,3,3,117-hr-1437,117-229,2022-12-16,1 USC 1 note,direct_us_code_reference,1,1,2021,2022,reviewed_pre_post_target_section_diff,1,amended_existing_target_section,https://www.govinfo.gov/content/pkg/PLAW-117publ229/html/PLAW-117publ229.htm,https://uscode.house.gov/view.xhtml?edition=2021&num=0&req=granuleid%3AUSC-2021-title1-section1,https://uscode.house.gov/view.xhtml?edition=2022&num=0&req=granuleid%3AUSC-2022-title1-section1,251c342ac19a484cdc6781b05c91ff7155df1be21a1535a36997be9cec3709fb,c80ccfc06a54075db0de855313ed0581bca71de63ce2122a8be7824111a3e3d4,0ffddd3c36a95c63d1ebc628fa7c2578d9abf57f835de3ed906418f8eb75e23c,715737a905a3c3deb3731868b7fc75a40a8fe923f64e001d17ed227b83282bbf,section_anchor_found,section_anchor_found,2,GovInfo Public Law 117-229 section 3 adds a references rule for references to this Act within each division of the Act.,The 2021 OLRC section 1 note context lacks the Pub. L. 117-229 references note.,The 2022 OLRC section 1 note context includes a References in Pub. L. 117-229 note tied to section 3.,Reviewed official sources show changed target-note text between annual editions for the section 1 note packet.,not_reviewed_for_exclusive_public_law_causation,0,Counted as a source-reviewed pre/post target-note diff for the bounded pilot; not counted as exclusive causation or effective-text validation.,statutory_lineage_target_section_review_packet; statutory_lineage_target_section_diff_review; statutory_lineage_source_reviewed_target_section_diff,public_law_causal_attribution; law_revision_effective_text; complete_codified_usc_lineage_review; implementation_outcomes; court_review; model_validation,"Source-reviewed official OLRC/GovInfo target-section diff disposition only. Rows record whether a bounded target-review packet has reviewed official-source evidence of added or changed target-section text. The artifact does not establish exclusive public-law causal attribution, law-revision effective text, implementation outcomes, court review, welfare, causal effects, or model validation."
12,4,4,4,117-hr-1437,117-229,2022-12-16,18 USC 1 note,direct_us_code_reference,18,1,2021,2022,reviewed_pre_post_target_section_diff,1,amended_existing_target_section,https://www.govinfo.gov/content/pkg/PLAW-117publ229/html/PLAW-117publ229.htm,https://uscode.house.gov/view.xhtml?edition=2021&num=0&req=granuleid%3AUSC-2021-title18-section1,https://uscode.house.gov/view.xhtml?edition=2022&num=0&req=granuleid%3AUSC-2022-title18-section1,7bb7c43fd9e7eb04ccf2865b99a2c2cd938464edcf6546bb05759c2a2b3d5e79,8a21d5ab64eecb33b96312a81eb46bb5bb3dc2a2cf6d1e2e635ca5e1de607f17,e8e3968131a556d76f8e2b1263708b7d0019818cab3a2b4b281d40e824b53aae,94b2a1bcf04610dab847aa92dfd7082f3ca0f35dc0bb07d73c3c7ec715b756aa,section_anchor_found,section_anchor_found,2,GovInfo Public Law 117-229 division B title I section 103(a) provides the United States Parole Commission Further Extension Act of 2022 short title.,The 2021 OLRC section 1 note context lacks the Pub. L. 117-229 short-title marker.,The 2022 OLRC section 1 note context includes Pub. L. 117-229 section 103(a) short-title marker context and later note treatment.,Reviewed official sources show changed title-note text between annual editions for the section 1 note packet.,not_reviewed_for_exclusive_public_law_causation,0,Counted as a source-reviewed pre/post target-note diff for the bounded pilot; later superseding note treatment is not counted as independent effective-text validation.,statutory_lineage_target_section_review_packet; statutory_lineage_target_section_diff_review; statutory_lineage_source_reviewed_target_section_diff,public_law_causal_attribution; law_revision_effective_text; complete_codified_usc_lineage_review; implementation_outcomes; court_review; model_validation,"Source-reviewed official OLRC/GovInfo target-section diff disposition only. Rows record whether a bounded target-review packet has reviewed official-source evidence of added or changed target-section text. The artifact does not establish exclusive public-law causal attribution, law-revision effective text, implementation outcomes, court review, welfare, causal effects, or model validation."
13,5,5,5,117-hr-1437,117-229,2022-12-16,18 USC 3014(a),title_code_section_phrase,18,3014,2021,2022,reviewed_pre_post_target_section_diff,1,amended_existing_target_section,https://www.govinfo.gov/content/pkg/PLAW-117publ229/html/PLAW-117publ229.htm,https://uscode.house.gov/view.xhtml?edition=2021&num=0&req=granuleid%3AUSC-2021-title18-section3014,https://uscode.house.gov/view.xhtml?edition=2022&num=0&req=granuleid%3AUSC-2022-title18-section3014,e661929eb31450805672fa601500c307c8b64583f9f3ce834f54fef06c239e33,a83ccba34ec5a2ec645971f8cedbb8bf3ea376b4c05f26cf25ea258ad95e3a73,5eb9535644d54d03b944190ed2d9b25b14811a85e2e24453f6d924ed5ec5108b,6d9810a65cebc0321f416e0f41fe8af25b2e59dc8d7f79506baa4aa35e23fc2c,section_anchor_found,section_anchor_found,3,GovInfo Public Law 117-229 division B title I section 102 amends 18 U.S.C. 3014(a) by extending the Domestic Trafficking Victims Fund special-assessment authorization date.,The 2021 OLRC section 3014(a) text has a pre-2022 terminal date in the introductory clause.,The 2022 OLRC section 3014(a) text has a later terminal date and amendment notes including Pub. L. 117-229 section 102.,Reviewed official sources show changed target-section text between annual editions for section 3014(a).,not_reviewed_for_exclusive_public_law_causation,0,Counted as a source-reviewed pre/post target-section diff for the bounded pilot; cumulative later amendments remain outside the causal-attribution claim.,statutory_lineage_target_section_review_packet; statutory_lineage_target_section_diff_review; statutory_lineage_source_reviewed_target_section_diff,public_law_causal_attribution; law_revision_effective_text; complete_codified_usc_lineage_review; implementation_outcomes; court_review; model_validation,"Source-reviewed official OLRC/GovInfo target-section diff disposition only. Rows record whether a bounded target-review packet has reviewed official-source evidence of added or changed target-section text. The artifact does not establish exclusive public-law causal attribution, law-revision effective text, implementation outcomes, court review, welfare, causal effects, or model validation."
14,7,7,7,117-hr-1437,117-229,2022-12-16,21 USC 360j(m)(6)(A)(iv),direct_us_code_reference,21,360j,2021,2022,reviewed_pre_post_target_section_diff,1,amended_existing_target_section,https://www.govinfo.gov/content/pkg/PLAW-117publ229/html/PLAW-117publ229.htm,https://uscode.house.gov/view.xhtml?edition=2021&num=0&req=granuleid%3AUSC-2021-title21-section360j,https://uscode.house.gov/view.xhtml?edition=2022&num=0&req=granuleid%3AUSC-2022-title21-section360j,76293519065255c1baf98343321550f184ff5c019a55b139af2e445833f0c126,88bb20803deff02810b2b9e165e780c41c11d61dbdce8ac91d2630300c6dd2ab,2aeddf5601cb1be7a4b4fd42b07169e8ef99245a3bdb33be8c28cb08c80a6c2b,06bc526c967704aa40315c7167e3bc8c7dcf64e18c7d633450771e5363a65b5c,section_anchor_found,section_anchor_found,2,GovInfo Public Law 117-229 division C title III section 303 amends 21 U.S.C. 360j(m)(6)(A)(iv) by extending the humanitarian-device-exemption incentive date.,The 2021 OLRC section 360j page lacks the Pub. L. 117-229 marker and reflects the pre-117-229 authorization-date context.,The 2022 OLRC section 360j page includes Pub. L. 117-229 section 303 amendment-note context for subsection (m)(6)(A)(iv).,Reviewed official sources show changed target-section text and amendment-note context between annual editions for section 360j.,not_reviewed_for_exclusive_public_law_causation,0,Counted as a source-reviewed pre/post target-section diff for the bounded pilot; not counted as complete effective-text validation.,statutory_lineage_target_section_review_packet; statutory_lineage_target_section_diff_review; statutory_lineage_source_reviewed_target_section_diff,public_law_causal_attribution; law_revision_effective_text; complete_codified_usc_lineage_review; implementation_outcomes; court_review; model_validation,"Source-reviewed official OLRC/GovInfo target-section diff disposition only. Rows record whether a bounded target-review packet has reviewed official-source evidence of added or changed target-section text. The artifact does not establish exclusive public-law causal attribution, law-revision effective text, implementation outcomes, court review, welfare, causal effects, or model validation."
15,9,9,9,117-hr-1437,117-229,2022-12-16,42 USC 1395ww(b)(3)(D),direct_us_code_reference,42,1395ww,2021,2022,reviewed_pre_post_target_section_diff,1,amended_existing_target_section,https://www.govinfo.gov/content/pkg/PLAW-117publ229/html/PLAW-117publ229.htm,https://uscode.house.gov/view.xhtml?edition=2021&num=0&req=granuleid%3AUSC-2021-title42-section1395ww,https://uscode.house.gov/view.xhtml?edition=2022&num=0&req=granuleid%3AUSC-2022-title42-section1395ww,38ce823d923f4ad1ebf67a2b1f8e1a2d2e2a18be0979063b0da289595dbda462,7db19afe4888415aca1f15724c7cc732e53b5d162d1aeb547763b0e88a502848,1217b097461d3142fa62da16449b6eb0ae483d536f26416e37b49483a20ecf3f,da2ce910ea37a00c9f5a3fc622f48aa7d1306933c57fa14da80d6a981c432691,section_anchor_found,section_anchor_found,3,GovInfo Public Law 117-229 division C title I section 102(b)(1) amends Social Security Act section 1886(b)(3)(D) date references for Medicare-dependent hospitals.,The 2021 OLRC section 1395ww page lacks Pub. L. 117-229 amendment-note context for subsection (b)(3)(D).,The 2022 OLRC section 1395ww page includes Pub. L. 117-229 section 102(b)(1) amendment-note context for subsection (b)(3)(D).,Reviewed official sources show changed target-section text and amendment-note context between annual editions for section 1395ww(b)(3)(D).,not_reviewed_for_exclusive_public_law_causation,0,Counted as a source-reviewed pre/post target-section diff for the bounded pilot; not counted as exclusive public-law causation.,statutory_lineage_target_section_review_packet; statutory_lineage_target_section_diff_review; statutory_lineage_source_reviewed_target_section_diff,public_law_causal_attribution; law_revision_effective_text; complete_codified_usc_lineage_review; implementation_outcomes; court_review; model_validation,"Source-reviewed official OLRC/GovInfo target-section diff disposition only. Rows record whether a bounded target-review packet has reviewed official-source evidence of added or changed target-section text. The artifact does not establish exclusive public-law causal attribution, law-revision effective text, implementation outcomes, court review, welfare, causal effects, or model validation."
16,10,10,10,117-hr-1437,117-229,2022-12-16,42 USC 1395ww(d)(5)(G),direct_us_code_reference,42,1395ww,2021,2022,reviewed_pre_post_target_section_diff,1,amended_existing_target_section,https://www.govinfo.gov/content/pkg/PLAW-117publ229/html/PLAW-117publ229.htm,https://uscode.house.gov/view.xhtml?edition=2021&num=0&req=granuleid%3AUSC-2021-title42-section1395ww,https://uscode.house.gov/view.xhtml?edition=2022&num=0&req=granuleid%3AUSC-2022-title42-section1395ww,38ce823d923f4ad1ebf67a2b1f8e1a2d2e2a18be0979063b0da289595dbda462,7db19afe4888415aca1f15724c7cc732e53b5d162d1aeb547763b0e88a502848,1217b097461d3142fa62da16449b6eb0ae483d536f26416e37b49483a20ecf3f,da2ce910ea37a00c9f5a3fc622f48aa7d1306933c57fa14da80d6a981c432691,section_anchor_found,section_anchor_found,3,GovInfo Public Law 117-229 division C title I section 102(a) amends Social Security Act section 1886(d)(5)(G) date references for the Medicare-dependent hospital program.,The 2021 OLRC section 1395ww page lacks Pub. L. 117-229 amendment-note context for subsection (d)(5)(G).,The 2022 OLRC section 1395ww page includes Pub. L. 117-229 section 102(a) amendment-note context for subsection (d)(5)(G).,Reviewed official sources show changed target-section text and amendment-note context between annual editions for section 1395ww(d)(5)(G).,not_reviewed_for_exclusive_public_law_causation,0,Counted as a source-reviewed pre/post target-section diff for the bounded pilot; not counted as exclusive public-law causation.,statutory_lineage_target_section_review_packet; statutory_lineage_target_section_diff_review; statutory_lineage_source_reviewed_target_section_diff,public_law_causal_attribution; law_revision_effective_text; complete_codified_usc_lineage_review; implementation_outcomes; court_review; model_validation,"Source-reviewed official OLRC/GovInfo target-section diff disposition only. Rows record whether a bounded target-review packet has reviewed official-source evidence of added or changed target-section text. The artifact does not establish exclusive public-law causal attribution, law-revision effective text, implementation outcomes, court review, welfare, causal effects, or model validation."
17,11,11,11,117-hr-1437,117-229,2022-12-16,42 USC 1396d(ff),direct_us_code_reference,42,1396d,2021,2022,reviewed_pre_post_target_section_diff,1,amended_existing_target_section,https://www.govinfo.gov/content/pkg/PLAW-117publ229/html/PLAW-117publ229.htm,https://uscode.house.gov/view.xhtml?edition=2021&num=0&req=granuleid%3AUSC-2021-title42-section1396d,https://uscode.house.gov/view.xhtml?edition=2022&num=0&req=granuleid%3AUSC-2022-title42-section1396d,2a8d15802ed7fc645cae5181078ff143698ef351822178fb1ddbcbcebce458ba,fc9c9eb358b29952c0d7eb19dc323fe44b24dfdae694ebe66c984bcb2f712784,320138e4af7dd22b59c042dd6caed06ef842887586c684447483fa5bc7d9677c,06d068b899b033f2bb3d4dfe554e421935494e69eca6881f76df6fe6ce1d3eed,section_anchor_found,section_anchor_found,3,GovInfo Public Law 117-229 division C title I section 103 amends Social Security Act section 1905(ff) date references for increased Medicaid FMAPs for the territories.,The 2021 OLRC section 1396d page lacks Pub. L. 117-229 amendment-note context for subsection (ff).,The 2022 OLRC section 1396d page includes Pub. L. 117-229 section 103 amendment-note context for subsection (ff).,Reviewed official sources show changed target-section text and amendment-note context between annual editions for section 1396d(ff).,not_reviewed_for_exclusive_public_law_causation,0,Counted as a source-reviewed pre/post target-section diff for the bounded pilot; not counted as exclusive public-law causation.,statutory_lineage_target_section_review_packet; statutory_lineage_target_section_diff_review; statutory_lineage_source_reviewed_target_section_diff,public_law_causal_attribution; law_revision_effective_text; complete_codified_usc_lineage_review; implementation_outcomes; court_review; model_validation,"Source-reviewed official OLRC/GovInfo target-section diff disposition only. Rows record whether a bounded target-review packet has reviewed official-source evidence of added or changed target-section text. The artifact does not establish exclusive public-law causal attribution, law-revision effective text, implementation outcomes, court review, welfare, causal effects, or model validation."
18,12,12,12,117-hr-1437,117-229,2022-12-16,42 USC 282 note,direct_us_code_reference,42,282,2021,2022,reviewed_pre_post_target_section_diff,1,amended_existing_target_section,https://www.govinfo.gov/content/pkg/PLAW-117publ229/html/PLAW-117publ229.htm,https://uscode.house.gov/view.xhtml?edition=2021&num=0&req=granuleid%3AUSC-2021-title42-section282,https://uscode.house.gov/view.xhtml?edition=2022&num=0&req=granuleid%3AUSC-2022-title42-section282,b6fca138bfcce664adba9bde3519217b1c8f5930106859b17667638422e85e54,f77ed22beb2f9aaff0b11958a77426d5acb4b4c43b19b36be089e58f1460f503,39b2dfb4e53e864fafb7b5118f49cf5e63e95117fc25fc608de27a4ebaf81c65,5bfa7e79d109cf10a0cdf0197594ca4c29aee11dc532643aed7116c58835515f,section_anchor_found,section_anchor_found,2,GovInfo Public Law 117-229 division C title III section 304 amends the Pediatric Medical Device Safety Improvement Act of 2007 section 305(e) funding-period language associated with 42 U.S.C. 282 note.,The 2021 OLRC section 282 note context lacks Pub. L. 117-229 section 304 marker context.,The 2022 OLRC section 282 note context includes Pub. L. 117-229 section 304 marker context and later amendment-note treatment.,Reviewed official sources show changed target-note text between annual editions for the section 282 note packet.,not_reviewed_for_exclusive_public_law_causation,0,Counted as a source-reviewed pre/post target-note diff for the bounded pilot; not counted as complete effective-text or causation evidence.,statutory_lineage_target_section_review_packet; statutory_lineage_target_section_diff_review; statutory_lineage_source_reviewed_target_section_diff,public_law_causal_attribution; law_revision_effective_text; complete_codified_usc_lineage_review; implementation_outcomes; court_review; model_validation,"Source-reviewed official OLRC/GovInfo target-section diff disposition only. Rows record whether a bounded target-review packet has reviewed official-source evidence of added or changed target-section text. The artifact does not establish exclusive public-law causal attribution, law-revision effective text, implementation outcomes, court review, welfare, causal effects, or model validation."
19,23,23,23,117-hr-6833,117-180,2022-09-30,18 USC 3551 note,direct_us_code_reference,18,3551,2021,2022,reviewed_pre_post_target_section_diff,1,amended_existing_target_section,https://www.govinfo.gov/content/pkg/PLAW-117publ180/html/PLAW-117publ180.htm,https://uscode.house.gov/view.xhtml?edition=2021&num=0&req=granuleid%3AUSC-2021-title18-section3551,https://uscode.house.gov/view.xhtml?edition=2022&num=0&req=granuleid%3AUSC-2022-title18-section3551,af7ef7358766165cb43418d2fc9e56292e41ab8e1f71e0956c244b59d9a99423,ce984639d183f200f6589a6755b3ecb03a0d7b4fe98fa400e8b10870e8d52bf4,7110ab271c77099c3532c6b96cb8fa3ccd0f6b27c08c3162928c4b35509f20fa,910ac189f480c85da4d93c768f202cfd6376335578598952983906b641c8aaff,section_anchor_found,section_anchor_found,1,GovInfo Public Law 117-180 division C title I section 103(b) extends Sentencing Reform Act parole-commission references by deeming 35-year references to include 35 years and 46 days.,The 2021 OLRC section 3551 note lacks a Pub. L. 117-180 marker and reflects the pre-117-180 parole-commission extension note context.,"The 2022 OLRC section 3551 note includes Pub. L. 117-180 section 103(b) marker text deeming 35-year references to mean 35 years and 46 days, alongside later 2022 extension notes.",Reviewed official sources show changed target-note text between annual editions for the section 3551 note packet.,not_reviewed_for_exclusive_public_law_causation,0,Counted as a source-reviewed pre/post target-note diff for the bounded pilot; not counted as exclusive public-law causation or effective-text validation.,statutory_lineage_target_section_review_packet; statutory_lineage_target_section_diff_review; statutory_lineage_source_reviewed_target_section_diff,public_law_causal_attribution; law_revision_effective_text; complete_codified_usc_lineage_review; implementation_outcomes; court_review; model_validation,"Source-reviewed official OLRC/GovInfo target-section diff disposition only. Rows record whether a bounded target-review packet has reviewed official-source evidence of added or changed target-section text. The artifact does not establish exclusive public-law causal attribution, law-revision effective text, implementation outcomes, court review, welfare, causal effects, or model validation."
20,24,24,24,117-hr-6833,117-180,2022-09-30,18 USC 1 note,direct_us_code_reference,18,1,2021,2022,reviewed_pre_post_target_section_diff,1,amended_existing_target_section,https://www.govinfo.gov/content/pkg/PLAW-117publ180/html/PLAW-117publ180.htm,https://uscode.house.gov/view.xhtml?edition=2021&num=0&req=granuleid%3AUSC-2021-title18-section1,https://uscode.house.gov/view.xhtml?edition=2022&num=0&req=granuleid%3AUSC-2022-title18-section1,7bb7c43fd9e7eb04ccf2865b99a2c2cd938464edcf6546bb05759c2a2b3d5e79,8a21d5ab64eecb33b96312a81eb46bb5bb3dc2a2cf6d1e2e635ca5e1de607f17,e8e3968131a556d76f8e2b1263708b7d0019818cab3a2b4b281d40e824b53aae,94b2a1bcf04610dab847aa92dfd7082f3ca0f35dc0bb07d73c3c7ec715b756aa,section_anchor_found,section_anchor_found,1,GovInfo Public Law 117-180 division C title I section 103(a) provides the United States Parole Commission Extension Act of 2022 short title.,The 2021 OLRC section 1 note context lacks the Pub. L. 117-180 short-title marker.,"The 2022 OLRC section 1 note context includes Pub. L. 117-180 section 103(a) short-title marker context, with later 2022 parole-commission title notes also present.",Reviewed official sources show changed title-note text between annual editions for the section 1 note packet.,not_reviewed_for_exclusive_public_law_causation,0,Counted as a source-reviewed pre/post target-note diff for the bounded pilot; later superseding note treatment is not counted as independent effective-text validation.,statutory_lineage_target_section_review_packet; statutory_lineage_target_section_diff_review; statutory_lineage_source_reviewed_target_section_diff,public_law_causal_attribution; law_revision_effective_text; complete_codified_usc_lineage_review; implementation_outcomes; court_review; model_validation,"Source-reviewed official OLRC/GovInfo target-section diff disposition only. Rows record whether a bounded target-review packet has reviewed official-source evidence of added or changed target-section text. The artifact does not establish exclusive public-law causal attribution, law-revision effective text, implementation outcomes, court review, welfare, causal effects, or model validation."
21,25,25,25,117-hr-6833,117-180,2022-09-30,18 USC 3014(a),title_code_section_phrase,18,3014,2021,2022,reviewed_pre_post_target_section_diff,1,amended_existing_target_section,https://www.govinfo.gov/content/pkg/PLAW-117publ180/html/PLAW-117publ180.htm,https://uscode.house.gov/view.xhtml?edition=2021&num=0&req=granuleid%3AUSC-2021-title18-section3014,https://uscode.house.gov/view.xhtml?edition=2022&num=0&req=granuleid%3AUSC-2022-title18-section3014,e661929eb31450805672fa601500c307c8b64583f9f3ce834f54fef06c239e33,a83ccba34ec5a2ec645971f8cedbb8bf3ea376b4c05f26cf25ea258ad95e3a73,5eb9535644d54d03b944190ed2d9b25b14811a85e2e24453f6d924ed5ec5108b,6d9810a65cebc0321f416e0f41fe8af25b2e59dc8d7f79506baa4aa35e23fc2c,section_anchor_found,section_anchor_found,2,"GovInfo Public Law 117-180 division C title I section 102 amends 18 U.S.C. 3014(a) by extending the Domestic Trafficking Victims Fund special-assessment authorization date from September 30, 2022 to December 16, 2022.",The 2021 OLRC section 3014(a) text has an earlier terminal date in the introductory clause and lacks Pub. L. 117-180 amendment-note context.,"The 2022 OLRC section 3014(a) page includes Pub. L. 117-180 amendment-note context for the December 16, 2022 extension, while later 2022 amendments further change the displayed terminal date.",Reviewed official sources show changed target-section text and amendment-note context between annual editions for section 3014(a).,not_reviewed_for_exclusive_public_law_causation,0,Counted as a source-reviewed pre/post target-section diff for the bounded pilot; cumulative later amendments remain outside the causal-attribution claim.,statutory_lineage_target_section_review_packet; statutory_lineage_target_section_diff_review; statutory_lineage_source_reviewed_target_section_diff,public_law_causal_attribution; law_revision_effective_text; complete_codified_usc_lineage_review; implementation_outcomes; court_review; model_validation,"Source-reviewed official OLRC/GovInfo target-section diff disposition only. Rows record whether a bounded target-review packet has reviewed official-source evidence of added or changed target-section text. The artifact does not establish exclusive public-law causal attribution, law-revision effective text, implementation outcomes, court review, welfare, causal effects, or model validation."
22,28,28,28,117-hr-7776,117-263,2022-12-23,10 USC 101 note,direct_us_code_reference,10,101,2021,2022,reviewed_pre_post_target_section_diff,1,amended_existing_target_section,https://www.govinfo.gov/content/pkg/PLAW-117publ263/html/PLAW-117publ263.htm,https://uscode.house.gov/view.xhtml?edition=2021&num=0&req=granuleid%3AUSC-2021-title10-section101,https://uscode.house.gov/view.xhtml?edition=2022&num=0&req=granuleid%3AUSC-2022-title10-section101,ead5686c69bda9bb075682091834b97baa9528c195fb444adfd287ea568b0c6f,d38f9ef1f0cd0216d498337c6f6e7f9138381c072ed2bea34e6ee3dc50eca812,0042f296fb5ee9bb5756fa84cb51d11b0825450c9d12b3b7544af2de9086a1ec,287d0d27291dc31458f9a7c509cc017d556b4847d4599a765039042dc1bd70bf,section_anchor_found,section_anchor_found,3,GovInfo Public Law 117-263 division A title VII section 740 adds a standardized definition and notification requirement for suicide clusters for use by the Department of Defense.,The 2021 OLRC section 101 page lacks the Pub. L. 117-263 suicide-cluster note and fiscal year 2023 NDAA reference note.,The 2022 OLRC section 101 page includes Pub. L. 117-263 section 740 suicide-cluster note text and a Pub. L. 117-263 fiscal year 2023 NDAA reference note.,Reviewed official sources show changed target-note text between annual editions for the section 101 note packet.,not_reviewed_for_exclusive_public_law_causation,0,"Counted as a source-reviewed pre/post target-note diff for the bounded pilot; not counted as implementation, enforcement, or effective-text validation.",statutory_lineage_target_section_review_packet; statutory_lineage_target_section_diff_review; statutory_lineage_source_reviewed_target_section_diff,public_law_causal_attribution; law_revision_effective_text; complete_codified_usc_lineage_review; implementation_outcomes; court_review; model_validation,"Source-reviewed official OLRC/GovInfo target-section diff disposition only. Rows record whether a bounded target-review packet has reviewed official-source evidence of added or changed target-section text. The artifact does not establish exclusive public-law causal attribution, law-revision effective text, implementation outcomes, court review, welfare, causal effects, or model validation."
23,29,29,29,117-hr-7776,117-263,2022-12-23,10 USC 8696,direct_us_code_reference,10,8696,2021,2022,reviewed_added_target_section_diff,1,added_target_section,https://www.govinfo.gov/content/pkg/PLAW-117publ263/html/PLAW-117publ263.htm,https://uscode.house.gov/view.xhtml?edition=2021&num=0&req=granuleid%3AUSC-2021-title10-section8696,https://uscode.house.gov/view.xhtml?edition=2022&num=0&req=granuleid%3AUSC-2022-title10-section8696,4d8951c0e2bd6a51f02f6edaff259568ccda5f7649bbf52dbf41b94f8b238cc6,b0c617b9949c72a2b53d72b55ec660f9e916c8e512eb1e657daff716edfab2b7,7d641292e606ea628de81f96717988db7562a0f46dcea58db5884c59b05272b1,7742772510a2a83584f92b5c61cc73ea04d36e7f41236093263ade0b1fb88e1b,section_anchor_not_found,section_anchor_found,2,GovInfo Public Law 117-263 division A title I section 122(a) adds 10 U.S.C. 8696 for a Navy shipbuilding workforce development special incentive.,The 2021 OLRC target page returns Document not Found for section 8696.,"The 2022 OLRC section 8696 page exists, contains Navy shipbuilding workforce development special incentive text, and credits Pub. L. 117-263 section 122(a) as the added source.",Reviewed official sources show a new post-edition target section where no pre-edition section 8696 page was available.,not_reviewed_for_exclusive_public_law_causation,0,Counted as a source-reviewed added-section diff for the bounded pilot; the OLRC footnote that another section 8696 is set out after this section is not resolved as effective-text validation.,statutory_lineage_target_section_review_packet; statutory_lineage_target_section_diff_review; statutory_lineage_source_reviewed_target_section_diff,public_law_causal_attribution; law_revision_effective_text; complete_codified_usc_lineage_review; implementation_outcomes; court_review; model_validation,"Source-reviewed official OLRC/GovInfo target-section diff disposition only. Rows record whether a bounded target-review packet has reviewed official-source evidence of added or changed target-section text. The artifact does not establish exclusive public-law causal attribution, law-revision effective text, implementation outcomes, court review, welfare, causal effects, or model validation."
24,31,31,31,117-hr-7776,117-263,2022-12-23,10 USC 8696 note,direct_us_code_reference,10,8696,2021,2022,reviewed_added_target_section_diff,1,added_target_section_with_effective_date_note,https://www.govinfo.gov/content/pkg/PLAW-117publ263/html/PLAW-117publ263.htm,https://uscode.house.gov/view.xhtml?edition=2021&num=0&req=granuleid%3AUSC-2021-title10-section8696,https://uscode.house.gov/view.xhtml?edition=2022&num=0&req=granuleid%3AUSC-2022-title10-section8696,4d8951c0e2bd6a51f02f6edaff259568ccda5f7649bbf52dbf41b94f8b238cc6,b0c617b9949c72a2b53d72b55ec660f9e916c8e512eb1e657daff716edfab2b7,7d641292e606ea628de81f96717988db7562a0f46dcea58db5884c59b05272b1,7742772510a2a83584f92b5c61cc73ea04d36e7f41236093263ade0b1fb88e1b,section_anchor_not_found,section_anchor_found,2,"GovInfo Public Law 117-263 division A title I section 122(c) provides applicability language for section 8696, including solicitations made on or after June 1, 2023.",The 2021 OLRC target page returns Document not Found for section 8696 and has no corresponding applicability note.,"The 2022 OLRC section 8696 page includes an Effective Date note crediting Pub. L. 117-263 section 122(c) and applying section 8696 to covered-contract solicitations on or after June 1, 2023.",Reviewed official sources show the section 8696 post-edition text and note context were added after the pre-edition missing-section page.,not_reviewed_for_exclusive_public_law_causation,0,Counted as a source-reviewed added-section/note diff for the bounded pilot; not counted as independent effective-text validation.,statutory_lineage_target_section_review_packet; statutory_lineage_target_section_diff_review; statutory_lineage_source_reviewed_target_section_diff,public_law_causal_attribution; law_revision_effective_text; complete_codified_usc_lineage_review; implementation_outcomes; court_review; model_validation,"Source-reviewed official OLRC/GovInfo target-section diff disposition only. Rows record whether a bounded target-review packet has reviewed official-source evidence of added or changed target-section text. The artifact does not establish exclusive public-law causal attribution, law-revision effective text, implementation outcomes, court review, welfare, causal effects, or model validation."
25,32,32,32,117-hr-7776,117-263,2022-12-23,10 USC 9062(j),title_code_section_phrase,10,9062,2021,2022,reviewed_pre_post_target_section_diff,1,amended_existing_target_section,https://www.govinfo.gov/content/pkg/PLAW-117publ263/html/PLAW-117publ263.htm,https://uscode.house.gov/view.xhtml?edition=2021&num=0&req=granuleid%3AUSC-2021-title10-section9062,https://uscode.house.gov/view.xhtml?edition=2022&num=0&req=granuleid%3AUSC-2022-title10-section9062,419ecce6ea89be7b8167e16131fcb1602c378e4d453f9663f4b977abec49a743,68ab0b68530a1eede8a74bd9ed7765cb6832dc04c0cbd70eca4ded61a018ba71,6a67ce1e69ec1d4254d555a1fc8748a56b0d196e4b33b77851369545f397ea2d,286312a5ed4cd4ac7a8c9bab1a76e07734628094b39196e64b732f92cb3210ce,section_anchor_found,section_anchor_found,3,"GovInfo Public Law 117-263 division A title I section 142(a) amends 10 U.S.C. 9062(j) by removing effective October 1, 2019 language and substituting 466 for 479 in air-refueling tanker inventory requirements.","The 2021 OLRC section 9062(j) text includes effective October 1, 2019 language and a 479-aircraft tanker inventory threshold.","The 2022 OLRC section 9062(j) text removes that effective-date phrase, uses a 466-aircraft threshold, and includes Pub. L. 117-263 amendment-note context.",Reviewed official sources show changed target-section text between annual editions for section 9062(j).,not_reviewed_for_exclusive_public_law_causation,0,Counted as a source-reviewed pre/post target-section diff for the bounded pilot; related section 9062(i) and 9062(k) changes are outside this target-reference disposition.,statutory_lineage_target_section_review_packet; statutory_lineage_target_section_diff_review; statutory_lineage_source_reviewed_target_section_diff,public_law_causal_attribution; law_revision_effective_text; complete_codified_usc_lineage_review; implementation_outcomes; court_review; model_validation,"Source-reviewed official OLRC/GovInfo target-section diff disposition only. Rows record whether a bounded target-review packet has reviewed official-source evidence of added or changed target-section text. The artifact does not establish exclusive public-law causal attribution, law-revision effective text, implementation outcomes, court review, welfare, causal effects, or model validation."
26,33,33,33,117-hr-6604,117-297,2022-12-27,38 USC 101 note,direct_us_code_reference,38,101,2021,2022,reviewed_pre_post_target_section_diff,1,amended_existing_target_section,https://www.govinfo.gov/content/pkg/PLAW-117publ297/html/PLAW-117publ297.htm,https://uscode.house.gov/view.xhtml?edition=2021&num=0&req=granuleid%3AUSC-2021-title38-section101,https://uscode.house.gov/view.xhtml?edition=2022&num=0&req=granuleid%3AUSC-2022-title38-section101,1971dc2f0b2d00c0a4abb5b4a86301d7aa7551b6f49f66cfd6c2a7c15dd783f2,2ee9fa2de090a15ceeedc4bb02f9b89d7ef31c2f7c159174a87c5e6c9e8be730,d1a50ec444e2ff7786ac1f76ed83b62c1c6fc0691d805c023289a4daec8ddf60,c461038f546f0c6e1923ece7540de92d84118ac06c8757f016e56776700876d9,section_anchor_found,section_anchor_found,1,GovInfo Public Law 117-297 section 1 supplies the VETS Credit Act short title and notes that the Act amends 38 U.S.C. 3319 and 3699.,The 2021 OLRC section 101 note context lacks the Pub. L. 117-297 short-title marker.,The 2022 OLRC section 101 note context includes a Pub. L. 117-297 section 1 short-title note for the Veterans Eligible to Transfer School (VETS) Credit Act.,Reviewed official sources show changed target-note context between annual editions for the section 101 note packet.,not_reviewed_for_exclusive_public_law_causation,0,Counted as a source-reviewed pre/post target-note diff for the bounded pilot; not counted as target-section causal attribution or effective-text validation.,statutory_lineage_target_section_review_packet; statutory_lineage_target_section_diff_review; statutory_lineage_source_reviewed_target_section_diff,public_law_causal_attribution; law_revision_effective_text; complete_codified_usc_lineage_review; implementation_outcomes; court_review; model_validation,"Source-reviewed official OLRC/GovInfo target-section diff disposition only. Rows record whether a bounded target-review packet has reviewed official-source evidence of added or changed target-section text. The artifact does not establish exclusive public-law causal attribution, law-revision effective text, implementation outcomes, court review, welfare, causal effects, or model validation."
27,34,34,34,117-hr-6604,117-297,2022-12-27,38 USC 3319(e),title_code_section_phrase,38,3319,2021,2022,reviewed_pre_post_target_section_diff,1,amended_existing_target_section,https://www.govinfo.gov/content/pkg/PLAW-117publ297/html/PLAW-117publ297.htm,https://uscode.house.gov/view.xhtml?edition=2021&num=0&req=granuleid%3AUSC-2021-title38-section3319,https://uscode.house.gov/view.xhtml?edition=2022&num=0&req=granuleid%3AUSC-2022-title38-section3319,aa639eb540aa8648b522ce8c0703398b54d94f6f153ee459e97635a1331ce356,8baaa65c9324264acd36c238cf4aa48a515abdc1aa54146f53a6d5c7f4e9266a,03567141926bb6c13a91a376183ade3ef4a2bc25671f3b13c031235b683506e9,1d081219f61c463d6f59c9e1194f342375ca99003a90ae08ffc86d1ab3db0e65,section_anchor_found,section_anchor_found,2,"GovInfo Public Law 117-297 section 3 amends 38 U.S.C. 3319(e) by removing paragraph (3), which had required specification of the transfer effective period.",The 2021 OLRC section 3319(e) text includes three designation requirements including specification of the effective period for each dependent.,The 2022 OLRC section 3319(e) text contains two designation requirements and includes Pub. L. 117-297 amendment-note context for striking subsection (e)(3).,Reviewed official sources show changed target-section text between annual editions for section 3319(e).,not_reviewed_for_exclusive_public_law_causation,0,Counted as a source-reviewed pre/post target-section diff for the bounded pilot; not counted as exclusive public-law causation or effective-text validation.,statutory_lineage_target_section_review_packet; statutory_lineage_target_section_diff_review; statutory_lineage_source_reviewed_target_section_diff,public_law_causal_attribution; law_revision_effective_text; complete_codified_usc_lineage_review; implementation_outcomes; court_review; model_validation,"Source-reviewed official OLRC/GovInfo target-section diff disposition only. Rows record whether a bounded target-review packet has reviewed official-source evidence of added or changed target-section text. The artifact does not establish exclusive public-law causal attribution, law-revision effective text, implementation outcomes, court review, welfare, causal effects, or model validation."
28,35,35,35,117-hr-6604,117-297,2022-12-27,38 USC 3699(c)(2)(A),title_code_section_phrase,38,3699,2021,2022,reviewed_pre_post_target_section_diff,1,amended_existing_target_section,https://www.govinfo.gov/content/pkg/PLAW-117publ297/html/PLAW-117publ297.htm,https://uscode.house.gov/view.xhtml?edition=2021&num=0&req=granuleid%3AUSC-2021-title38-section3699,https://uscode.house.gov/view.xhtml?edition=2022&num=0&req=granuleid%3AUSC-2022-title38-section3699,1958706ceda0c0e1b86dcef3df61daf73751ea24f36b2b6eb1662bcd5c375666,7c7566500743c235b5060fa315390713c07591c1830d61b8d25c56b8b9ea7a14,b85ae0cf49ed594405ea39d6991f9e086f2911cb82d4207f574fa8dfc0e482ef,40cb5350d86bb0e0579fda6854264aaa72dc4e6d913484ab0ffd203403c96119,section_anchor_found,section_anchor_found,2,GovInfo Public Law 117-297 section 2 amends 38 U.S.C. 3699(c)(2)(A) by designating existing sentences as clauses and adding certification and acknowledgement clauses after clause (i).,The 2021 OLRC section 3699 page lacks Pub. L. 117-297 subsection (c)(2)(A) amendment-note context.,The 2022 OLRC section 3699 page includes Pub. L. 117-297 section 2 amendment-note context for subsection (c)(2)(A) and changed surrounding section text.,Reviewed official sources show changed target-section text and amendment-note context between annual editions for section 3699(c)(2)(A).,not_reviewed_for_exclusive_public_law_causation,0,Counted as a source-reviewed pre/post target-section diff for the bounded pilot; not counted as exclusive public-law causation or effective-text validation.,statutory_lineage_target_section_review_packet; statutory_lineage_target_section_diff_review; statutory_lineage_source_reviewed_target_section_diff,public_law_causal_attribution; law_revision_effective_text; complete_codified_usc_lineage_review; implementation_outcomes; court_review; model_validation,"Source-reviewed official OLRC/GovInfo target-section diff disposition only. Rows record whether a bounded target-review packet has reviewed official-source evidence of added or changed target-section text. The artifact does not establish exclusive public-law causal attribution, law-revision effective text, implementation outcomes, court review, welfare, causal effects, or model validation."
29,36,36,36,117-hr-7132,117-223,2022-12-07,47 USC 345 note,direct_us_code_reference,47,345,2021,2022,reviewed_added_target_section_diff,1,added_target_section_with_effective_date_note,https://www.govinfo.gov/content/pkg/PLAW-117publ223/html/PLAW-117publ223.htm,https://uscode.house.gov/view.xhtml?edition=2021&num=0&req=granuleid%3AUSC-2021-title47-section345,https://uscode.house.gov/view.xhtml?edition=2022&num=0&req=granuleid%3AUSC-2022-title47-section345,141235d0640b7b3ae1e5e0a8e61cc52c8d78e3a9be7a0f84b5425c5e0436df80,ffa6753a4f2dfc5a50d2316f8cf5d7188ef8caf7fe42166013d01e76a3533b28,7d641292e606ea628de81f96717988db7562a0f46dcea58db5884c59b05272b1,b798c8c028cee714b62ffc252e97203568815b2f8739636a45d7b2e54d4cc4d6,section_anchor_not_found,section_anchor_found,3,"GovInfo Public Law 117-223 sections 2, 3, 5, 6, and 7 add statutory-note material around 47 U.S.C. 345, including definitions, findings, rulemaking, effective-date, and savings-clause notes.",The 2021 OLRC target page returns Document not Found for section 345 and has no corresponding section 345 note context.,The 2022 OLRC section 345 page exists and includes Pub. L. 117-223 effective-date and savings-clause note context tied to the newly added section 345.,Reviewed official sources show new post-edition section 345 note context where no pre-edition section 345 page was available.,not_reviewed_for_exclusive_public_law_causation,0,Counted as a source-reviewed added-section/note diff for the bounded pilot; not counted as independent effective-text validation.,statutory_lineage_target_section_review_packet; statutory_lineage_target_section_diff_review; statutory_lineage_source_reviewed_target_section_diff,public_law_causal_attribution; law_revision_effective_text; complete_codified_usc_lineage_review; implementation_outcomes; court_review; model_validation,"Source-reviewed official OLRC/GovInfo target-section diff disposition only. Rows record whether a bounded target-review packet has reviewed official-source evidence of added or changed target-section text. The artifact does not establish exclusive public-law causal attribution, law-revision effective text, implementation outcomes, court review, welfare, causal effects, or model validation."
30,37,37,37,117-hr-7132,117-223,2022-12-07,47 USC 345,direct_us_code_reference,47,345,2021,2022,reviewed_added_target_section_diff,1,added_target_section,https://www.govinfo.gov/content/pkg/PLAW-117publ223/html/PLAW-117publ223.htm,https://uscode.house.gov/view.xhtml?edition=2021&num=0&req=granuleid%3AUSC-2021-title47-section345,https://uscode.house.gov/view.xhtml?edition=2022&num=0&req=granuleid%3AUSC-2022-title47-section345,141235d0640b7b3ae1e5e0a8e61cc52c8d78e3a9be7a0f84b5425c5e0436df80,ffa6753a4f2dfc5a50d2316f8cf5d7188ef8caf7fe42166013d01e76a3533b28,7d641292e606ea628de81f96717988db7562a0f46dcea58db5884c59b05272b1,b798c8c028cee714b62ffc252e97203568815b2f8739636a45d7b2e54d4cc4d6,section_anchor_not_found,section_anchor_found,3,"GovInfo Public Law 117-223 section 4 adds 47 U.S.C. 345 for protection of survivors of domestic violence, human trafficking, and related crimes.",The 2021 OLRC target page returns Document not Found for section 345.,The 2022 OLRC section 345 page exists and contains protection-of-survivors text with a source credit to Pub. L. 117-223 section 4.,Reviewed official sources show a new post-edition target section where no pre-edition section 345 page was available.,not_reviewed_for_exclusive_public_law_causation,0,Counted as a source-reviewed added-section diff for the bounded pilot; not counted as complete effective-text or implementation evidence.,statutory_lineage_target_section_review_packet; statutory_lineage_target_section_diff_review; statutory_lineage_source_reviewed_target_section_diff,public_law_causal_attribution; law_revision_effective_text; complete_codified_usc_lineage_review; implementation_outcomes; court_review; model_validation,"Source-reviewed official OLRC/GovInfo target-section diff disposition only. Rows record whether a bounded target-review packet has reviewed official-source evidence of added or changed target-section text. The artifact does not establish exclusive public-law causal attribution, law-revision effective text, implementation outcomes, court review, welfare, causal effects, or model validation."
31,38,38,38,117-hr-7132,117-223,2022-12-07,47 USC 609 note,direct_us_code_reference,47,609,2021,2022,reviewed_pre_post_target_section_diff,1,amended_existing_target_section,https://www.govinfo.gov/content/pkg/PLAW-117publ223/html/PLAW-117publ223.htm,https://uscode.house.gov/view.xhtml?edition=2021&num=0&req=granuleid%3AUSC-2021-title47-section609,https://uscode.house.gov/view.xhtml?edition=2022&num=0&req=granuleid%3AUSC-2022-title47-section609,6710abfdc02b144077d03ca1a016ec96ec7a82b8072bead09b4513a787f606f8,0b5b4899c8997c51edd898d9adc14091fe452cd248f563a308ecd70600b94295,165d9d51e520d0216f31b0586268169651b24297eca8257975a1028f07af8cad,8f42f7917b1fee70813fd5ef2e56623f3d0c6d2207d844173b053189da80a9ac,section_anchor_found,section_anchor_found,1,GovInfo Public Law 117-223 section 1 provides the Safe Connections Act of 2022 short title and notes that the Act enacts 47 U.S.C. 345 and related section 345 notes.,The 2021 OLRC section 609 note context lacks the Pub. L. 117-223 short-title marker.,The 2022 OLRC section 609 note context includes a Short Title of 2022 Amendment entry crediting Pub. L. 117-223 section 1 for the Safe Connections Act of 2022.,Reviewed official sources show changed target-note context between annual editions for the section 609 note packet.,not_reviewed_for_exclusive_public_law_causation,0,Counted as a source-reviewed pre/post target-note diff for the bounded pilot; not counted as target-section causal attribution or effective-text validation.,statutory_lineage_target_section_review_packet; statutory_lineage_target_section_diff_review; statutory_lineage_source_reviewed_target_section_diff,public_law_causal_attribution; law_revision_effective_text; complete_codified_usc_lineage_review; implementation_outcomes; court_review; model_validation,"Source-reviewed official OLRC/GovInfo target-section diff disposition only. Rows record whether a bounded target-review packet has reviewed official-source evidence of added or changed target-section text. The artifact does not establish exclusive public-law causal attribution, law-revision effective text, implementation outcomes, court review, welfare, causal effects, or model validation."
32,39,39,39,117-s-3373,117-168,2022-08-10,38 USC 1710,direct_us_code_reference,38,1710,2021,2022,reviewed_pre_post_target_section_diff,1,amended_existing_target_section,https://www.govinfo.gov/content/pkg/PLAW-117publ168/html/PLAW-117publ168.htm,https://uscode.house.gov/view.xhtml?edition=2021&num=0&req=granuleid%3AUSC-2021-title38-section1710,https://uscode.house.gov/view.xhtml?edition=2022&num=0&req=granuleid%3AUSC-2022-title38-section1710,c758a495a09bcc1b752dcdf84ca37630e95320d3d1d3e28cad9406638739da4d,08dd007c0ecb5a09a87387bc228555a7a905b9e6de6736b51e69c69a8743b300,d041751a0bfda28bf4c6e2bd8a419c91d8572fee9eae0b759f422a8be2d35500,3c0b90f0edd51a23e43df074a2d0622b025379cd0ad8c2d1df4eefc65c6f2fd3,section_anchor_found,section_anchor_found,3,"GovInfo Public Law 117-168 sections 102, 103, 111, and 403 amend 38 U.S.C. 1710 health-care eligibility provisions and related toxic-exposure and covered-service language.","The 2021 OLRC section 1710 text includes pre-PACT eligibility language for veterans exposed to toxic substances, radiation, or other conditions.","The 2022 OLRC section 1710 text includes Pub. L. 117-168 amendment-note context and changed eligibility language for toxic-exposed veterans, added subparagraphs (G) through (I), and revised combat-service timing provisions.",Reviewed official sources show changed target-section text between annual editions for section 1710.,not_reviewed_for_exclusive_public_law_causation,0,Counted as a source-reviewed pre/post target-section diff for the bounded pilot; not counted as complete statutory-lineage causation or implementation evidence.,statutory_lineage_target_section_review_packet; statutory_lineage_target_section_diff_review; statutory_lineage_source_reviewed_target_section_diff,public_law_causal_attribution; law_revision_effective_text; complete_codified_usc_lineage_review; implementation_outcomes; court_review; model_validation,"Source-reviewed official OLRC/GovInfo target-section diff disposition only. Rows record whether a bounded target-review packet has reviewed official-source evidence of added or changed target-section text. The artifact does not establish exclusive public-law causal attribution, law-revision effective text, implementation outcomes, court review, welfare, causal effects, or model validation."
33,40,40,40,117-s-3373,117-168,2022-08-10,38 USC 101 note,direct_us_code_reference,38,101,2021,2022,reviewed_pre_post_target_section_diff,1,amended_existing_target_section,https://www.govinfo.gov/content/pkg/PLAW-117publ168/html/PLAW-117publ168.htm,https://uscode.house.gov/view.xhtml?edition=2021&num=0&req=granuleid%3AUSC-2021-title38-section101,https://uscode.house.gov/view.xhtml?edition=2022&num=0&req=granuleid%3AUSC-2022-title38-section101,1971dc2f0b2d00c0a4abb5b4a86301d7aa7551b6f49f66cfd6c2a7c15dd783f2,2ee9fa2de090a15ceeedc4bb02f9b89d7ef31c2f7c159174a87c5e6c9e8be730,d1a50ec444e2ff7786ac1f76ed83b62c1c6fc0691d805c023289a4daec8ddf60,c461038f546f0c6e1923ece7540de92d84118ac06c8757f016e56776700876d9,section_anchor_found,section_anchor_found,3,GovInfo Public Law 117-168 section 102(b) amends 38 U.S.C. 101 by adding definitions for toxic exposure and toxic-exposed veteran.,The 2021 OLRC section 101 page lacks the Pub. L. 117-168 toxic-exposure definition paragraphs and amendment-note marker.,"The 2022 OLRC section 101 page includes paragraphs (37) and (38) defining toxic exposure and toxic-exposed veteran, with Pub. L. 117-168 section 102(b) amendment-note context.",Reviewed official sources show changed target-definition text and note context between annual editions for the section 101 packet.,not_reviewed_for_exclusive_public_law_causation,0,Counted as a source-reviewed pre/post target-definition diff for the bounded pilot; not counted as exclusive public-law causation or effective-text validation.,statutory_lineage_target_section_review_packet; statutory_lineage_target_section_diff_review; statutory_lineage_source_reviewed_target_section_diff,public_law_causal_attribution; law_revision_effective_text; complete_codified_usc_lineage_review; implementation_outcomes; court_review; model_validation,"Source-reviewed official OLRC/GovInfo target-section diff disposition only. Rows record whether a bounded target-review packet has reviewed official-source evidence of added or changed target-section text. The artifact does not establish exclusive public-law causal attribution, law-revision effective text, implementation outcomes, court review, welfare, causal effects, or model validation."
34,41,41,41,117-s-3373,117-168,2022-08-10,38 USC 1171,direct_us_code_reference,38,1171,2021,2022,reviewed_added_target_section_diff,1,added_target_section,https://www.govinfo.gov/content/pkg/PLAW-117publ168/html/PLAW-117publ168.htm,https://uscode.house.gov/view.xhtml?edition=2021&num=0&req=granuleid%3AUSC-2021-title38-section1171,https://uscode.house.gov/view.xhtml?edition=2022&num=0&req=granuleid%3AUSC-2022-title38-section1171,6e6b8671cd59743e5ffdeb852fe185699cfe5a8e98501b0a75efd2ef183aafd3,5c684038d7e0e9d4550e6c9b27fad482f3b660d9d52ebf00e6c9145e712371b6,7d641292e606ea628de81f96717988db7562a0f46dcea58db5884c59b05272b1,38d966a0823e80adcea4fcdd6e1b437995ef2f36698e4bbf0e7d9f3bc698910a,section_anchor_not_found,section_anchor_found,2,GovInfo Public Law 117-168 section 202(a) adds chapter 11 subchapter VII and 38 U.S.C. 1171 for procedures to determine toxic-exposure presumptions.,The 2021 OLRC target page returns Document not Found for section 1171.,The 2022 OLRC section 1171 page exists and contains procedures and definitions text with a source credit to Pub. L. 117-168 section 202(a).,Reviewed official sources show a new post-edition target section where no pre-edition section 1171 page was available.,not_reviewed_for_exclusive_public_law_causation,0,Counted as a source-reviewed added-section diff for the bounded pilot; not counted as complete effective-text or implementation evidence.,statutory_lineage_target_section_review_packet; statutory_lineage_target_section_diff_review; statutory_lineage_source_reviewed_target_section_diff,public_law_causal_attribution; law_revision_effective_text; complete_codified_usc_lineage_review; implementation_outcomes; court_review; model_validation,"Source-reviewed official OLRC/GovInfo target-section diff disposition only. Rows record whether a bounded target-review packet has reviewed official-source evidence of added or changed target-section text. The artifact does not establish exclusive public-law causal attribution, law-revision effective text, implementation outcomes, court review, welfare, causal effects, or model validation."
35,42,42,42,117-s-3373,117-168,2022-08-10,38 USC 1710 note,direct_us_code_reference,38,1710,2021,2022,reviewed_pre_post_target_section_diff,1,amended_existing_target_section_with_effective_date_note,https://www.govinfo.gov/content/pkg/PLAW-117publ168/html/PLAW-117publ168.htm,https://uscode.house.gov/view.xhtml?edition=2021&num=0&req=granuleid%3AUSC-2021-title38-section1710,https://uscode.house.gov/view.xhtml?edition=2022&num=0&req=granuleid%3AUSC-2022-title38-section1710,c758a495a09bcc1b752dcdf84ca37630e95320d3d1d3e28cad9406638739da4d,08dd007c0ecb5a09a87387bc228555a7a905b9e6de6736b51e69c69a8743b300,d041751a0bfda28bf4c6e2bd8a419c91d8572fee9eae0b759f422a8be2d35500,3c0b90f0edd51a23e43df074a2d0622b025379cd0ad8c2d1df4eefc65c6f2fd3,section_anchor_found,section_anchor_found,3,"GovInfo Public Law 117-168 section 104 adds a 38 U.S.C. 1710 note for assessments of implementation and operation, and section 111(e) adds an effective-date note for the section 111 amendments.",The 2021 OLRC section 1710 page lacks the Pub. L. 117-168 section 104 implementation-assessment note and section 111 effective-date note.,The 2022 OLRC section 1710 page includes Assessments of Implementation and Operation note text crediting Pub. L. 117-168 section 104 and PACT Act amendment-note context.,Reviewed official sources show changed target-note context between annual editions for the section 1710 note packet.,not_reviewed_for_exclusive_public_law_causation,0,Counted as a source-reviewed pre/post target-note diff for the bounded pilot; not counted as implementation outcome validation or effective-text review.,statutory_lineage_target_section_review_packet; statutory_lineage_target_section_diff_review; statutory_lineage_source_reviewed_target_section_diff,public_law_causal_attribution; law_revision_effective_text; complete_codified_usc_lineage_review; implementation_outcomes; court_review; model_validation,"Source-reviewed official OLRC/GovInfo target-section diff disposition only. Rows record whether a bounded target-review packet has reviewed official-source evidence of added or changed target-section text. The artifact does not establish exclusive public-law causal attribution, law-revision effective text, implementation outcomes, court review, welfare, causal effects, or model validation."
36,43,43,43,117-s-3373,117-168,2022-08-10,38 USC 1116,direct_us_code_reference,38,1116,2021,2022,reviewed_pre_post_target_section_diff,1,amended_existing_target_section,https://www.govinfo.gov/content/pkg/PLAW-117publ168/html/PLAW-117publ168.htm,https://uscode.house.gov/view.xhtml?edition=2021&num=0&req=granuleid%3AUSC-2021-title38-section1116,https://uscode.house.gov/view.xhtml?edition=2022&num=0&req=granuleid%3AUSC-2022-title38-section1116,0c62d4746f089ea8796aade9888f6d0ceed966675b49c16392200d0b4ed4c8b1,5dc4e8aaf95a6dd8fe8a58463aa2d8ea7e71679a6ae883039fe79f295563371e,f7f8ed984250ca7427d7e05a43d079894a5d9443b85e6232358be7da2092cb8e,ccdd434c43c2468fe3343abe611b98c360cbb1cfcd830c1a7b322533dea50113,section_anchor_found,section_anchor_found,3,"GovInfo Public Law 117-168 sections 202(d)(1), 403, and 404 amend 38 U.S.C. 1116 herbicide-agent presumption provisions and related title 38 notes.",The 2021 OLRC section 1116 heading and text refer to veterans who served in the Republic of Vietnam.,"The 2022 OLRC section 1116 heading and text refer to veterans who served in certain locations, include covered-service language, and include Pub. L. 117-168 amendment-note context.",Reviewed official sources show changed target-section text between annual editions for section 1116.,not_reviewed_for_exclusive_public_law_causation,0,Counted as a source-reviewed pre/post target-section diff for the bounded pilot; not counted as exclusive public-law causation or benefits-outcome validation.,statutory_lineage_target_section_review_packet; statutory_lineage_target_section_diff_review; statutory_lineage_source_reviewed_target_section_diff,public_law_causal_attribution; law_revision_effective_text; complete_codified_usc_lineage_review; implementation_outcomes; court_review; model_validation,"Source-reviewed official OLRC/GovInfo target-section diff disposition only. Rows record whether a bounded target-review packet has reviewed official-source evidence of added or changed target-section text. The artifact does not establish exclusive public-law causal attribution, law-revision effective text, implementation outcomes, court review, welfare, causal effects, or model validation."
37,44,44,44,117-s-3373,117-168,2022-08-10,38 USC 1172,direct_us_code_reference,38,1172,2021,2022,reviewed_added_target_section_diff,1,added_target_section,https://www.govinfo.gov/content/pkg/PLAW-117publ168/html/PLAW-117publ168.htm,https://uscode.house.gov/view.xhtml?edition=2021&num=0&req=granuleid%3AUSC-2021-title38-section1172,https://uscode.house.gov/view.xhtml?edition=2022&num=0&req=granuleid%3AUSC-2022-title38-section1172,f06e354fb2a5b9e976f4bc6bc125d86ddbd21b064cbc99e3f215b94c382ad400,12dfdbed735122a24f6b11f7f39d8035669af5afa441f8ff1310616a9383d094,7d641292e606ea628de81f96717988db7562a0f46dcea58db5884c59b05272b1,8f1287ae32354a6db173c92d3616417049a6ef6dd279609aa8ac0eb4f036f8b0,section_anchor_not_found,section_anchor_found,1,GovInfo Public Law 117-168 section 202(a) adds 38 U.S.C. 1172 for annual notice and public comment in the toxic-exposure presumption process.,The 2021 OLRC target page returns Document not Found for section 1172.,The 2022 OLRC section 1172 page exists and contains annual notice and opportunity-for-public-comment text with a source credit to Pub. L. 117-168 section 202(a).,Reviewed official sources show a new post-edition target section where no pre-edition section 1172 page was available.,not_reviewed_for_exclusive_public_law_causation,0,Counted as a source-reviewed added-section diff for the bounded pilot; not counted as complete effective-text or rulemaking-outcome evidence.,statutory_lineage_target_section_review_packet; statutory_lineage_target_section_diff_review; statutory_lineage_source_reviewed_target_section_diff,public_law_causal_attribution; law_revision_effective_text; complete_codified_usc_lineage_review; implementation_outcomes; court_review; model_validation,"Source-reviewed official OLRC/GovInfo target-section diff disposition only. Rows record whether a bounded target-review packet has reviewed official-source evidence of added or changed target-section text. The artifact does not establish exclusive public-law causal attribution, law-revision effective text, implementation outcomes, court review, welfare, causal effects, or model validation."
38,45,45,45,117-s-3373,117-168,2022-08-10,38 USC 1173,direct_us_code_reference,38,1173,2021,2022,reviewed_added_target_section_diff,1,added_target_section,https://www.govinfo.gov/content/pkg/PLAW-117publ168/html/PLAW-117publ168.htm,https://uscode.house.gov/view.xhtml?edition=2021&num=0&req=granuleid%3AUSC-2021-title38-section1173,https://uscode.house.gov/view.xhtml?edition=2022&num=0&req=granuleid%3AUSC-2022-title38-section1173,3d0b0e673bdea6b4f2b802888b9616317e8734edd927761c9e3ad7f255742ad4,f54311eccb194980e19baf72a5b14b016919d0172d18af82a062655b92e58817,7d641292e606ea628de81f96717988db7562a0f46dcea58db5884c59b05272b1,23be9137aabb2e3915efbb52464f5bba69bcc32a2833f58f43aad3bb6bd81d06,section_anchor_not_found,section_anchor_found,1,GovInfo Public Law 117-168 section 202(a) adds 38 U.S.C. 1173 for formal evaluation of toxic-exposure presumption recommendations.,The 2021 OLRC target page returns Document not Found for section 1173.,The 2022 OLRC section 1173 page exists and contains formal-evaluation text with a source credit to Pub. L. 117-168 section 202(a).,Reviewed official sources show a new post-edition target section where no pre-edition section 1173 page was available.,not_reviewed_for_exclusive_public_law_causation,0,Counted as a source-reviewed added-section diff for the bounded pilot; not counted as complete effective-text or scientific-evidence validation.,statutory_lineage_target_section_review_packet; statutory_lineage_target_section_diff_review; statutory_lineage_source_reviewed_target_section_diff,public_law_causal_attribution; law_revision_effective_text; complete_codified_usc_lineage_review; implementation_outcomes; court_review; model_validation,"Source-reviewed official OLRC/GovInfo target-section diff disposition only. Rows record whether a bounded target-review packet has reviewed official-source evidence of added or changed target-section text. The artifact does not establish exclusive public-law causal attribution, law-revision effective text, implementation outcomes, court review, welfare, causal effects, or model validation."
39,46,46,46,117-s-3373,117-168,2022-08-10,38 USC 1174,direct_us_code_reference,38,1174,2021,2022,reviewed_added_target_section_diff,1,added_target_section,https://www.govinfo.gov/content/pkg/PLAW-117publ168/html/PLAW-117publ168.htm,https://uscode.house.gov/view.xhtml?edition=2021&num=0&req=granuleid%3AUSC-2021-title38-section1174,https://uscode.house.gov/view.xhtml?edition=2022&num=0&req=granuleid%3AUSC-2022-title38-section1174,b88f5c66d58045ab99b755a784ed4081bc97d3d31796d6d4d6163867373ab34c,b7028df4a0177aa46e0296b65be459a93a636e92ddf112c1e00151bad0c31923,7d641292e606ea628de81f96717988db7562a0f46dcea58db5884c59b05272b1,25e5cf7d096cbc32b1b22e2baacba102e34a9984854f75615a32cb9a0c4962b4,section_anchor_not_found,section_anchor_found,2,GovInfo Public Law 117-168 section 202(a) adds 38 U.S.C. 1174 for regulations regarding toxic-exposure presumptions of service connection.,The 2021 OLRC target page returns Document not Found for section 1174.,The 2022 OLRC section 1174 page exists and contains regulations text with a source credit to Pub. L. 117-168 section 202(a) plus references to title IV of Pub. L. 117-168.,Reviewed official sources show a new post-edition target section where no pre-edition section 1174 page was available.,not_reviewed_for_exclusive_public_law_causation,0,"Counted as a source-reviewed added-section diff for the bounded pilot; not counted as complete rulemaking, implementation, or effective-text validation.",statutory_lineage_target_section_review_packet; statutory_lineage_target_section_diff_review; statutory_lineage_source_reviewed_target_section_diff,public_law_causal_attribution; law_revision_effective_text; complete_codified_usc_lineage_review; implementation_outcomes; court_review; model_validation,"Source-reviewed official OLRC/GovInfo target-section diff disposition only. Rows record whether a bounded target-review packet has reviewed official-source evidence of added or changed target-section text. The artifact does not establish exclusive public-law causal attribution, law-revision effective text, implementation outcomes, court review, welfare, causal effects, or model validation."
40,47,47,47,117-s-3373,117-168,2022-08-10,38 USC 1175,direct_us_code_reference,38,1175,2021,2022,reviewed_added_target_section_diff,1,added_target_section,https://www.govinfo.gov/content/pkg/PLAW-117publ168/html/PLAW-117publ168.htm,https://uscode.house.gov/view.xhtml?edition=2021&num=0&req=granuleid%3AUSC-2021-title38-section1175,https://uscode.house.gov/view.xhtml?edition=2022&num=0&req=granuleid%3AUSC-2022-title38-section1175,c5b28c4bdec402d39abdb70d1e754932d04259e7fbc130548beaaccfb455faa4,44c6487725036f88622b0bbfb0562fc730cc8c15d5b7ae0ef7aa1095be0e73c3,7d641292e606ea628de81f96717988db7562a0f46dcea58db5884c59b05272b1,37141c0741f36d5c55d1d41043ade9b8664e029018b2ec883cd70587f0654e70,section_anchor_not_found,section_anchor_found,1,GovInfo Public Law 117-168 section 202(a) adds 38 U.S.C. 1175 for authority to modify the presumption process and congressional oversight.,The 2021 OLRC target page returns Document not Found for section 1175.,The 2022 OLRC section 1175 page exists and contains process-modification and congressional-oversight text with a source credit to Pub. L. 117-168 section 202(a).,Reviewed official sources show a new post-edition target section where no pre-edition section 1175 page was available.,not_reviewed_for_exclusive_public_law_causation,0,"Counted as a source-reviewed added-section diff for the bounded pilot; not counted as complete oversight, implementation, or effective-text validation.",statutory_lineage_target_section_review_packet; statutory_lineage_target_section_diff_review; statutory_lineage_source_reviewed_target_section_diff,public_law_causal_attribution; law_revision_effective_text; complete_codified_usc_lineage_review; implementation_outcomes; court_review; model_validation,"Source-reviewed official OLRC/GovInfo target-section diff disposition only. Rows record whether a bounded target-review packet has reviewed official-source evidence of added or changed target-section text. The artifact does not establish exclusive public-law causal attribution, law-revision effective text, implementation outcomes, court review, welfare, causal effects, or model validation."
41,48,48,48,117-s-3373,117-168,2022-08-10,38 USC 1176,direct_us_code_reference,38,1176,2021,2022,reviewed_added_target_section_diff,1,added_target_section,https://www.govinfo.gov/content/pkg/PLAW-117publ168/html/PLAW-117publ168.htm,https://uscode.house.gov/view.xhtml?edition=2021&num=0&req=granuleid%3AUSC-2021-title38-section1176,https://uscode.house.gov/view.xhtml?edition=2022&num=0&req=granuleid%3AUSC-2022-title38-section1176,3ed8c626729d01b50d389407854b2767bb1734e23d2af6d2ee8e58d25f663e9f,ff66fd34d07fc6b2b9deee1edc4f26915e3d7f1615a8bff2dc09ff60fa4ef206,7d641292e606ea628de81f96717988db7562a0f46dcea58db5884c59b05272b1,0166f50ef2897924c570f001421362ab33f88f6245d74973f5ff24ab7ed2b4df,section_anchor_not_found,section_anchor_found,2,GovInfo Public Law 117-168 section 202(a) adds 38 U.S.C. 1176 for an agreement with the National Academies concerning toxic exposures.,The 2021 OLRC target page returns Document not Found for section 1176.,The 2022 OLRC section 1176 page exists and contains National Academies review-and-evaluation text with a source credit to Pub. L. 117-168 section 202(a).,Reviewed official sources show a new post-edition target section where no pre-edition section 1176 page was available.,not_reviewed_for_exclusive_public_law_causation,0,"Counted as a source-reviewed added-section diff for the bounded pilot; not counted as complete scientific-review, implementation, or effective-text validation.",statutory_lineage_target_section_review_packet; statutory_lineage_target_section_diff_review; statutory_lineage_source_reviewed_target_section_diff,public_law_causal_attribution; law_revision_effective_text; complete_codified_usc_lineage_review; implementation_outcomes; court_review; model_validation,"Source-reviewed official OLRC/GovInfo target-section diff disposition only. Rows record whether a bounded target-review packet has reviewed official-source evidence of added or changed target-section text. The artifact does not establish exclusive public-law causal attribution, law-revision effective text, implementation outcomes, court review, welfare, causal effects, or model validation."
42,49,49,49,117-s-3373,117-168,2022-08-10,38 USC 1710(e)(3)(B),title_code_section_phrase,38,1710,2021,2022,reviewed_pre_post_target_section_diff,1,amended_existing_target_section_with_effective_date_note,https://www.govinfo.gov/content/pkg/PLAW-117publ168/html/PLAW-117publ168.htm,https://uscode.house.gov/view.xhtml?edition=2021&num=0&req=granuleid%3AUSC-2021-title38-section1710,https://uscode.house.gov/view.xhtml?edition=2022&num=0&req=granuleid%3AUSC-2022-title38-section1710,c758a495a09bcc1b752dcdf84ca37630e95320d3d1d3e28cad9406638739da4d,08dd007c0ecb5a09a87387bc228555a7a905b9e6de6736b51e69c69a8743b300,d041751a0bfda28bf4c6e2bd8a419c91d8572fee9eae0b759f422a8be2d35500,3c0b90f0edd51a23e43df074a2d0622b025379cd0ad8c2d1df4eefc65c6f2fd3,section_anchor_found,section_anchor_found,3,GovInfo Public Law 117-168 section 111(a)(2) amends 38 U.S.C. 1710(e)(3)(B) and section 111(e) supplies an effective-date note for the combat-service eligibility expansion.,The 2021 OLRC section 1710(e)(3)(B) context reflects the pre-PACT combat-service eligibility period and lacks Pub. L. 117-168 section 111 note context.,"The 2022 OLRC section 1710(e)(3)(B) context reflects the new one-year period beginning October 1, 2022 for specified veterans and includes Pub. L. 117-168 amendment-note context.",Reviewed official sources show changed target-subsection text and effective-date note context between annual editions for section 1710(e)(3)(B).,not_reviewed_for_exclusive_public_law_causation,0,"Counted as a source-reviewed pre/post target-subsection diff for the bounded pilot; not counted as exclusive public-law causation, eligibility-outcome, or effective-text validation.",statutory_lineage_target_section_review_packet; statutory_lineage_target_section_diff_review; statutory_lineage_source_reviewed_target_section_diff,public_law_causal_attribution; law_revision_effective_text; complete_codified_usc_lineage_review; implementation_outcomes; court_review; model_validation,"Source-reviewed official OLRC/GovInfo target-section diff disposition only. Rows record whether a bounded target-review packet has reviewed official-source evidence of added or changed target-section text. The artifact does not establish exclusive public-law causal attribution, law-revision effective text, implementation outcomes, court review, welfare, causal effects, or model validation."
43,50,50,50,117-hr-4346,117-167,2022-08-09,15 USC 4652,direct_us_code_reference,15,4652,2021,2022,reviewed_pre_post_target_section_diff,1,amended_existing_target_section,https://www.govinfo.gov/content/pkg/PLAW-117publ167/html/PLAW-117publ167.htm,https://uscode.house.gov/view.xhtml?edition=2021&num=0&req=granuleid%3AUSC-2021-title15-section4652,https://uscode.house.gov/view.xhtml?edition=2022&num=0&req=granuleid%3AUSC-2022-title15-section4652,265cf9bd2cf4159cd78b9805c1b26d7a6bff971e8dbd374b55a414a657d7f4a3,b8c0ad764135c77a6b0bf14cf78ae324a396722e6696fc242b86e21cb39e2c84,b6be0972c62b0b4c3a32645e75d92edb45c72be2f33440f337234d7d6caa1ab1,642c0bbdb955ca327e938d33511f7ef3e2b416670334688c3082212741033e94,section_anchor_found,section_anchor_found,3,"GovInfo Public Law 117-167 sections 103(b) and 105(a) amend William M. (Mac) Thornberry NDAA section 9902, codified at 15 U.S.C. 4652, expanding semiconductor incentives and GAO reporting requirements.",The 2021 OLRC section 4652 page contains pre-CHIPS semiconductor incentives text and lacks Pub. L. 117-167 amendment-note context.,The 2022 OLRC section 4652 page includes Pub. L. 117-167 sections 103(b) and 105(a) source credit and amendment-note context for semiconductor incentive program and reporting changes.,Reviewed official sources show changed target-section text between annual editions for section 4652.,not_reviewed_for_exclusive_public_law_causation,0,"Counted as a source-reviewed pre/post target-section diff for the bounded pilot; not counted as implementation, funding-outcome, or effective-text validation.",statutory_lineage_target_section_review_packet; statutory_lineage_target_section_diff_review; statutory_lineage_source_reviewed_target_section_diff,public_law_causal_attribution; law_revision_effective_text; complete_codified_usc_lineage_review; implementation_outcomes; court_review; model_validation,"Source-reviewed official OLRC/GovInfo target-section diff disposition only. Rows record whether a bounded target-review packet has reviewed official-source evidence of added or changed target-section text. The artifact does not establish exclusive public-law causal attribution, law-revision effective text, implementation outcomes, court review, welfare, causal effects, or model validation."
44,51,51,51,117-hr-4346,117-167,2022-08-09,15 USC 4651,direct_us_code_reference,15,4651,2021,2022,reviewed_pre_post_target_section_diff,1,amended_existing_target_section,https://www.govinfo.gov/content/pkg/PLAW-117publ167/html/PLAW-117publ167.htm,https://uscode.house.gov/view.xhtml?edition=2021&num=0&req=granuleid%3AUSC-2021-title15-section4651,https://uscode.house.gov/view.xhtml?edition=2022&num=0&req=granuleid%3AUSC-2022-title15-section4651,ae669a28624ebf88756dc4a32669fa984f4e660eb937818cd738a5655356dcc6,50dfded7be5fb1edeb022dbf5445e0a92eddf9ad4aff3516399baa40d911f522,a68a2b06a9acb2c041c11e716b65bbf69c8fd152774409ac468f7c9238460819,5f4c18329a59bbbdc18ac11b0a85ad58fb8ca295a5f23cc9e0e44c65f1907754,section_anchor_found,section_anchor_found,3,"GovInfo Public Law 117-167 section 103(a) amends William M. (Mac) Thornberry NDAA section 9901, codified at 15 U.S.C. 4651, revising and adding semiconductor program definitions.",The 2021 OLRC section 4651 page contains the pre-CHIPS definitions and lacks Pub. L. 117-167 amendment-note context.,The 2022 OLRC section 4651 page includes Pub. L. 117-167 section 103(a) source credit and amendment notes adding and redesignating definition paragraphs.,Reviewed official sources show changed target-section definition text between annual editions for section 4651.,not_reviewed_for_exclusive_public_law_causation,0,Counted as a source-reviewed pre/post target-section diff for the bounded pilot; not counted as complete program-definition or implementation validation.,statutory_lineage_target_section_review_packet; statutory_lineage_target_section_diff_review; statutory_lineage_source_reviewed_target_section_diff,public_law_causal_attribution; law_revision_effective_text; complete_codified_usc_lineage_review; implementation_outcomes; court_review; model_validation,"Source-reviewed official OLRC/GovInfo target-section diff disposition only. Rows record whether a bounded target-review packet has reviewed official-source evidence of added or changed target-section text. The artifact does not establish exclusive public-law causal attribution, law-revision effective text, implementation outcomes, court review, welfare, causal effects, or model validation."
45,52,52,52,117-hr-4346,117-167,2022-08-09,15 USC 4651 note,direct_us_code_reference,15,4651,2021,2022,reviewed_pre_post_target_section_diff,1,amended_existing_target_section,https://www.govinfo.gov/content/pkg/PLAW-117publ167/html/PLAW-117publ167.htm,https://uscode.house.gov/view.xhtml?edition=2021&num=0&req=granuleid%3AUSC-2021-title15-section4651,https://uscode.house.gov/view.xhtml?edition=2022&num=0&req=granuleid%3AUSC-2022-title15-section4651,ae669a28624ebf88756dc4a32669fa984f4e660eb937818cd738a5655356dcc6,50dfded7be5fb1edeb022dbf5445e0a92eddf9ad4aff3516399baa40d911f522,a68a2b06a9acb2c041c11e716b65bbf69c8fd152774409ac468f7c9238460819,5f4c18329a59bbbdc18ac11b0a85ad58fb8ca295a5f23cc9e0e44c65f1907754,section_anchor_found,section_anchor_found,3,GovInfo Public Law 117-167 section 101 supplies the CHIPS Act of 2022 short-title note associated with 15 U.S.C. 4651.,The 2021 OLRC section 4651 page lacks the Pub. L. 117-167 Short Title of 2022 Amendment note.,"The 2022 OLRC section 4651 page includes a Short Title of 2022 Amendment note crediting Pub. L. 117-167 division A, section 101, and related CHIPS Act executive-document context.",Reviewed official sources show changed target-note context between annual editions for the section 4651 note packet.,not_reviewed_for_exclusive_public_law_causation,0,"Counted as a source-reviewed pre/post target-note diff for the bounded pilot; not counted as effective-text, implementation, or program-outcome validation.",statutory_lineage_target_section_review_packet; statutory_lineage_target_section_diff_review; statutory_lineage_source_reviewed_target_section_diff,public_law_causal_attribution; law_revision_effective_text; complete_codified_usc_lineage_review; implementation_outcomes; court_review; model_validation,"Source-reviewed official OLRC/GovInfo target-section diff disposition only. Rows record whether a bounded target-review packet has reviewed official-source evidence of added or changed target-section text. The artifact does not establish exclusive public-law causal attribution, law-revision effective text, implementation outcomes, court review, welfare, causal effects, or model validation."
46,53,53,53,117-hr-4346,117-167,2022-08-09,15 USC 4652 note,direct_us_code_reference,15,4652,2021,2022,reviewed_pre_post_target_section_diff,1,amended_existing_target_section,https://www.govinfo.gov/content/pkg/PLAW-117publ167/html/PLAW-117publ167.htm,https://uscode.house.gov/view.xhtml?edition=2021&num=0&req=granuleid%3AUSC-2021-title15-section4652,https://uscode.house.gov/view.xhtml?edition=2022&num=0&req=granuleid%3AUSC-2022-title15-section4652,265cf9bd2cf4159cd78b9805c1b26d7a6bff971e8dbd374b55a414a657d7f4a3,b8c0ad764135c77a6b0bf14cf78ae324a396722e6696fc242b86e21cb39e2c84,b6be0972c62b0b4c3a32645e75d92edb45c72be2f33440f337234d7d6caa1ab1,642c0bbdb955ca327e938d33511f7ef3e2b416670334688c3082212741033e94,section_anchor_found,section_anchor_found,3,"GovInfo Public Law 117-167 section 2 supplies a references note associated with 15 U.S.C. 4652, and section 102 establishes CHIPS for America funds for sections including 9902.",The 2021 OLRC section 4652 page lacks the Pub. L. 117-167 references note and CHIPS Act 2022 statutory-note context.,"The 2022 OLRC section 4652 page includes statutory-note context for Pub. L. 117-167, including Opportunity and Inclusion and References in Pub. L. 117-167 notes.",Reviewed official sources show changed target-note context between annual editions for the section 4652 note packet.,not_reviewed_for_exclusive_public_law_causation,0,"Counted as a source-reviewed pre/post target-note diff for the bounded pilot; not counted as appropriation, implementation, or effective-text validation.",statutory_lineage_target_section_review_packet; statutory_lineage_target_section_diff_review; statutory_lineage_source_reviewed_target_section_diff,public_law_causal_attribution; law_revision_effective_text; complete_codified_usc_lineage_review; implementation_outcomes; court_review; model_validation,"Source-reviewed official OLRC/GovInfo target-section diff disposition only. Rows record whether a bounded target-review packet has reviewed official-source evidence of added or changed target-section text. The artifact does not establish exclusive public-law causal attribution, law-revision effective text, implementation outcomes, court review, welfare, causal effects, or model validation."
47,55,55,55,117-hr-4346,117-167,2022-08-09,15 USC 4656,direct_us_code_reference,15,4656,2021,2022,reviewed_pre_post_target_section_diff,1,amended_existing_target_section,https://www.govinfo.gov/content/pkg/PLAW-117publ167/html/PLAW-117publ167.htm,https://uscode.house.gov/view.xhtml?edition=2021&num=0&req=granuleid%3AUSC-2021-title15-section4656,https://uscode.house.gov/view.xhtml?edition=2022&num=0&req=granuleid%3AUSC-2022-title15-section4656,193faa3f94325d91eb05698b5ac9ba52c03a7e32c58490ceedbe6002724fcfb2,84ae182008b8ce269bfe289c307a4ceb6d23d2bff1d9b3b0ba30f962b57fc21c,ac0452d507099f5bab19e5638f6243f338128c4e33a4eb225197a491a55d5431,8da17cff7bb59d67f448653bff64b0ecf1e456536d43196174fa28b53e264cef,section_anchor_found,section_anchor_found,3,"GovInfo Public Law 117-167 section 103(c) amends William M. (Mac) Thornberry NDAA section 9906, codified at 15 U.S.C. 4656, changing advanced microelectronics research and development provisions.",The 2021 OLRC section 4656 page contains the pre-CHIPS advanced microelectronics research and development text and lacks Pub. L. 117-167 amendment-note context.,"The 2022 OLRC section 4656 page includes Pub. L. 117-167 section 103(c) source credit and amendment notes for subsection (a), subsection (c), and related provisions.",Reviewed official sources show changed target-section text between annual editions for section 4656.,not_reviewed_for_exclusive_public_law_causation,0,"Counted as a source-reviewed pre/post target-section diff for the bounded pilot; not counted as research-program, workforce, or implementation-outcome validation.",statutory_lineage_target_section_review_packet; statutory_lineage_target_section_diff_review; statutory_lineage_source_reviewed_target_section_diff,public_law_causal_attribution; law_revision_effective_text; complete_codified_usc_lineage_review; implementation_outcomes; court_review; model_validation,"Source-reviewed official OLRC/GovInfo target-section diff disposition only. Rows record whether a bounded target-review packet has reviewed official-source evidence of added or changed target-section text. The artifact does not establish exclusive public-law causal attribution, law-revision effective text, implementation outcomes, court review, welfare, causal effects, or model validation."
48,56,56,56,117-hr-4346,117-167,2022-08-09,15 USC 4656(c)(2),direct_us_code_reference,15,4656,2021,2022,reviewed_pre_post_target_section_diff,1,amended_existing_target_section,https://www.govinfo.gov/content/pkg/PLAW-117publ167/html/PLAW-117publ167.htm,https://uscode.house.gov/view.xhtml?edition=2021&num=0&req=granuleid%3AUSC-2021-title15-section4656,https://uscode.house.gov/view.xhtml?edition=2022&num=0&req=granuleid%3AUSC-2022-title15-section4656,193faa3f94325d91eb05698b5ac9ba52c03a7e32c58490ceedbe6002724fcfb2,84ae182008b8ce269bfe289c307a4ceb6d23d2bff1d9b3b0ba30f962b57fc21c,ac0452d507099f5bab19e5638f6243f338128c4e33a4eb225197a491a55d5431,8da17cff7bb59d67f448653bff64b0ecf1e456536d43196174fa28b53e264cef,section_anchor_found,section_anchor_found,3,"GovInfo Public Law 117-167 section 103(c)(2) amends 15 U.S.C. 4656(c), including national semiconductor technology center and investment-fund provisions.",The 2021 OLRC section 4656(c)(2) context contains the pre-CHIPS investment-fund text and lacks Pub. L. 117-167 subsection (c)(2) amendment-note context.,"The 2022 OLRC section 4656 amendment notes identify Pub. L. 117-167 section 103(c)(2) changes to subsection (c)(1), subsection (c)(2)(B), and subsection (c)(2)(C).",Reviewed official sources show changed target-subsection context between annual editions for section 4656(c)(2).,not_reviewed_for_exclusive_public_law_causation,0,"Counted as a source-reviewed pre/post target-subsection diff for the bounded pilot; not counted as complete technology-center, investment-fund, or implementation validation.",statutory_lineage_target_section_review_packet; statutory_lineage_target_section_diff_review; statutory_lineage_source_reviewed_target_section_diff,public_law_causal_attribution; law_revision_effective_text; complete_codified_usc_lineage_review; implementation_outcomes; court_review; model_validation,"Source-reviewed official OLRC/GovInfo target-section diff disposition only. Rows record whether a bounded target-review packet has reviewed official-source evidence of added or changed target-section text. The artifact does not establish exclusive public-law causal attribution, law-revision effective text, implementation outcomes, court review, welfare, causal effects, or model validation."
49,57,57,57,117-hr-4346,117-167,2022-08-09,2 USC 905(g)(1)(A),direct_us_code_reference,2,905,2021,2022,reviewed_pre_post_target_section_diff,1,amended_existing_target_section,https://www.govinfo.gov/content/pkg/PLAW-117publ167/html/PLAW-117publ167.htm,https://uscode.house.gov/view.xhtml?edition=2021&num=0&req=granuleid%3AUSC-2021-title2-section905,https://uscode.house.gov/view.xhtml?edition=2022&num=0&req=granuleid%3AUSC-2022-title2-section905,7035344bcef7e80cdc58442309fe3f1e127969c9c252c8268c0f76b9c09d1ae3,bb6823d7a72bd857d57c969af47ccd226602b3204634d73599d3ad38e5a99fb7,75071dd1d3b819167b913b0dea2b0bd4df439854d937a2ac5aabb3aef16f3f95,7edf9fba8bc27506f8391d76c92e6fb0f5e009897b0b7c6e6bdb7fa791f70905,section_anchor_found,section_anchor_found,3,GovInfo Public Law 117-167 sections 102(e) and 106(d) amend 2 U.S.C. 905(g)(1)(A) by adding CHIPS funds and the Public Wireless Supply Chain Innovation Fund to exempt-program text; section 107(c) also amends section 905(d).,The 2021 OLRC section 905(g)(1)(A) text lacks the CHIPS funds and Public Wireless Supply Chain Innovation Fund items.,The 2022 OLRC section 905 page includes Pub. L. 117-167 amendment notes for subsection (g)(1)(A) and the added CHIPS and Public Wireless Supply Chain Innovation Fund items.,Reviewed official sources show changed target-subsection text between annual editions for section 905(g)(1)(A).,not_reviewed_for_exclusive_public_law_causation,0,"Counted as a source-reviewed pre/post target-subsection diff for the bounded pilot; not counted as budgetary-effect, sequestration, or funding-outcome validation.",statutory_lineage_target_section_review_packet; statutory_lineage_target_section_diff_review; statutory_lineage_source_reviewed_target_section_diff,public_law_causal_attribution; law_revision_effective_text; complete_codified_usc_lineage_review; implementation_outcomes; court_review; model_validation,"Source-reviewed official OLRC/GovInfo target-section diff disposition only. Rows record whether a bounded target-review packet has reviewed official-source evidence of added or changed target-section text. The artifact does not establish exclusive public-law causal attribution, law-revision effective text, implementation outcomes, court review, welfare, causal effects, or model validation."
50,58,58,58,117-hr-4346,117-167,2022-08-09,47 USC 906(a)(2),direct_us_code_reference,47,906,2021,2022,reviewed_related_section_context_no_exact_target_diff,0,related_section_context_only_no_exact_target_diff,https://www.govinfo.gov/content/pkg/PLAW-117publ167/html/PLAW-117publ167.htm,https://uscode.house.gov/view.xhtml?edition=2021&num=0&req=granuleid%3AUSC-2021-title47-section906,https://uscode.house.gov/view.xhtml?edition=2022&num=0&req=granuleid%3AUSC-2022-title47-section906,ed535a2512a6421947136268555f22dfaff741e60a0daed589b78d5affa3f550,93f5d0d548830190eb4baa91d2b833f545ac33aac844a4eaf338ee61405d6029,ab149518ec40bf5199f43dda1976bb7e79c4fef85152e4de5303a54857e4cc49,3e597c6cf6fef4e9d3f92f085b8f9c1f815882ec1a2779d0e2e4dacbc794a54f,section_anchor_found,section_anchor_found,2,"GovInfo Public Law 117-167 section 105(b) amends 47 U.S.C. 906(a)(1)(G)(ii)(I), and section 106 appropriates to the Public Wireless Supply Chain Innovation Fund; the reviewed public-law text did not show a direct amendment to 47 U.S.C. 906(a)(2).",The 2021 OLRC section 906(a)(2) Multilateral Telecommunications Security Fund text exists.,"The 2022 OLRC section 906 page includes a Pub. L. 117-167 amendment note for subsection (a)(1)(G)(ii)(I), while the reviewed section 906(a)(2) text window remains unchanged.",Reviewed official sources show section-level Pub. L. 117-167 context but no exact-target evidence for a 47 U.S.C. 906(a)(2) text diff.,not_reviewed_for_exclusive_public_law_causation,0,"Reviewed as related-section context only; not counted as a source-reviewed target-section diff because the official amendment note points to subsection (a)(1)(G)(ii)(I), not subsection (a)(2).",statutory_lineage_target_section_review_packet; statutory_lineage_target_section_diff_review,source_reviewed_target_section_diff; public_law_causal_attribution; law_revision_effective_text; complete_codified_usc_lineage_review; implementation_outcomes; court_review; model_validation,"Source-reviewed official OLRC/GovInfo target-section diff disposition only. Rows record whether a bounded target-review packet has reviewed official-source evidence of added or changed target-section text. The artifact does not establish exclusive public-law causal attribution, law-revision effective text, implementation outcomes, court review, welfare, causal effects, or model validation."
51,76,76,76,117-s-1941,117-219,2022-12-05,31 USC 6102 note,direct_us_code_reference,31,6102,2021,2022,reviewed_pre_post_target_section_diff,1,amended_existing_target_section,https://www.govinfo.gov/content/pkg/PLAW-117publ219/html/PLAW-117publ219.htm,https://uscode.house.gov/view.xhtml?edition=2021&num=0&req=granuleid%3AUSC-2021-title31-section6102,https://uscode.house.gov/view.xhtml?edition=2022&num=0&req=granuleid%3AUSC-2022-title31-section6102,a2f4646d6cd8c95b7ccd71aebd343abcc98a4599f87cd1275c50035e02690b94,11734844489ad8df77b789696d637ad16f35949f2064dd06932a6f8bad82a210,0ea466c43f7defa5401dd6dd4f465a683d348905013ac4c66944f1b2795a2b39,6ad48162b38483beb310ae906456eae20c4b76f74334fbd7d3c82d3bab45542d,section_anchor_found,section_anchor_found,3,"GovInfo Public Law 117-219 sections 2 through 4 and 6(b) through 6(d) set note provisions tied to 31 U.S.C. 6102, while section 6(a) amends 31 U.S.C. 6102(a)(2).",The 2021 OLRC section 6102 page contains the pre-amendment program information text and lacks the Public Law 117-219 MAPS Act note package.,"The 2022 OLRC section 6102 page contains the added MAPS Act note package, references section 4 of Public Law 117-219, and records the 2022 amendment adding subparagraph (a)(2)(G).",Reviewed official sources show changed 31 U.S.C. 6102 target-note context between the 2021 and 2022 OLRC editions.,not_reviewed_for_exclusive_public_law_causation,0,"Counted as a source-reviewed pre/post target-note diff for the bounded pilot; not counted as exclusive causation, implementation, or effective-text validation.",statutory_lineage_target_section_review_packet; statutory_lineage_target_section_diff_review; statutory_lineage_source_reviewed_target_section_diff,public_law_causal_attribution; law_revision_effective_text; complete_codified_usc_lineage_review; implementation_outcomes; court_review; model_validation,"Source-reviewed official OLRC/GovInfo target-section diff disposition only. Rows record whether a bounded target-review packet has reviewed official-source evidence of added or changed target-section text. The artifact does not establish exclusive public-law causal attribution, law-revision effective text, implementation outcomes, court review, welfare, causal effects, or model validation."
52,77,77,77,117-s-1941,117-219,2022-12-05,31 USC 6309,direct_us_code_reference,31,6309,2021,2022,reviewed_added_target_section_diff,1,added_target_section,https://www.govinfo.gov/content/pkg/PLAW-117publ219/html/PLAW-117publ219.htm,https://uscode.house.gov/view.xhtml?edition=2021&num=0&req=granuleid%3AUSC-2021-title31-section6309,https://uscode.house.gov/view.xhtml?edition=2022&num=0&req=granuleid%3AUSC-2022-title31-section6309,d958516edfc748ba6f476cb4921a1a6441f84f1b80954ddd0496d5f7dad8b945,a5569b35d8323aa3e67dbd721eb4daf7c949e8b33ea6be50e00e39fe64cd2b5b,7d641292e606ea628de81f96717988db7562a0f46dcea58db5884c59b05272b1,a0b67cb2a228bb235e005191844c9a0901024d60fb3cfc36bbecb22bda253033,section_anchor_not_found,section_anchor_found,3,GovInfo Public Law 117-219 section 5(a) adds 31 U.S.C. 6309 and section 5(b) adds the corresponding chapter 63 table item.,The 2021 OLRC target page returns Document not Found for section 6309.,"The 2022 OLRC section 6309 page exists, contains non-propagation text for core-based statistical area delineations, and credits Public Law 117-219 section 5(a).",Reviewed official sources show a new post-edition target section where no pre-edition section 6309 page was available.,not_reviewed_for_exclusive_public_law_causation,0,"Counted as a source-reviewed added-section diff for the bounded pilot; not counted as implementation, rulemaking, or effective-text validation.",statutory_lineage_target_section_review_packet; statutory_lineage_target_section_diff_review; statutory_lineage_source_reviewed_target_section_diff,public_law_causal_attribution; law_revision_effective_text; complete_codified_usc_lineage_review; implementation_outcomes; court_review; model_validation,"Source-reviewed official OLRC/GovInfo target-section diff disposition only. Rows record whether a bounded target-review packet has reviewed official-source evidence of added or changed target-section text. The artifact does not establish exclusive public-law causal attribution, law-revision effective text, implementation outcomes, court review, welfare, causal effects, or model validation."
53,78,78,78,117-s-1941,117-219,2022-12-05,31 USC 6101 note,direct_us_code_reference,31,6101,2021,2022,reviewed_pre_post_target_section_diff,1,amended_existing_target_section,https://www.govinfo.gov/content/pkg/PLAW-117publ219/html/PLAW-117publ219.htm,https://uscode.house.gov/view.xhtml?edition=2021&num=0&req=granuleid%3AUSC-2021-title31-section6101,https://uscode.house.gov/view.xhtml?edition=2022&num=0&req=granuleid%3AUSC-2022-title31-section6101,09347650640ec3986e8b3a9af9792307d7ffd7459748524cd3ddea63c19def9f,d42327cb1b7c160c5deed05d37120de24764385db16d9b6e035c31d9a4dde6f9,33bc1cfa8f3212cb68c71e56bbc66bc96be8d1035c709e836c24d5c50b6d142f,1c816870de89291a33478cf203780497396ed70725fdadd4b15d834bf2050c1a,section_anchor_found,section_anchor_found,1,GovInfo Public Law 117-219 section 1 provides the MAPS Act short title note tied to 31 U.S.C. 6101.,The 2021 OLRC section 6101 page does not contain the Public Law 117-219 short-title note.,"The 2022 OLRC section 6101 page contains a Short Title of 2022 Amendment note for Public Law 117-219 and describes the Act as enacting 31 U.S.C. 6309, amending 31 U.S.C. 6102 and 44 U.S.C. 3504, and adding notes under 31 U.S.C. 6102.",Reviewed official sources show changed 31 U.S.C. 6101 target-note context between the 2021 and 2022 OLRC editions.,not_reviewed_for_exclusive_public_law_causation,0,Counted as a source-reviewed pre/post target-note diff for the bounded pilot; not counted as complete statutory-lineage causation or effective-text validation.,statutory_lineage_target_section_review_packet; statutory_lineage_target_section_diff_review; statutory_lineage_source_reviewed_target_section_diff,public_law_causal_attribution; law_revision_effective_text; complete_codified_usc_lineage_review; implementation_outcomes; court_review; model_validation,"Source-reviewed official OLRC/GovInfo target-section diff disposition only. Rows record whether a bounded target-review packet has reviewed official-source evidence of added or changed target-section text. The artifact does not establish exclusive public-law causal attribution, law-revision effective text, implementation outcomes, court review, welfare, causal effects, or model validation."
54,79,79,79,117-s-1941,117-219,2022-12-05,31 USC 6102(a)(2),title_code_section_phrase,31,6102,2021,2022,reviewed_pre_post_target_section_diff,1,amended_existing_target_section,https://www.govinfo.gov/content/pkg/PLAW-117publ219/html/PLAW-117publ219.htm,https://uscode.house.gov/view.xhtml?edition=2021&num=0&req=granuleid%3AUSC-2021-title31-section6102,https://uscode.house.gov/view.xhtml?edition=2022&num=0&req=granuleid%3AUSC-2022-title31-section6102,a2f4646d6cd8c95b7ccd71aebd343abcc98a4599f87cd1275c50035e02690b94,11734844489ad8df77b789696d637ad16f35949f2064dd06932a6f8bad82a210,0ea466c43f7defa5401dd6dd4f465a683d348905013ac4c66944f1b2795a2b39,6ad48162b38483beb310ae906456eae20c4b76f74334fbd7d3c82d3bab45542d,section_anchor_found,section_anchor_found,3,GovInfo Public Law 117-219 section 6(a) amends 31 U.S.C. 6102(a)(2) by redesignating subparagraph (G) as (H) and inserting a new subparagraph (G).,The 2021 OLRC section 6102 page contains the pre-amendment subsection (a)(2) structure without the MAPS Act core-based statistical area use subparagraph.,The 2022 OLRC section 6102 page contains subsection (a)(2)(G) on uses of core-based statistical area delineations and an amendment note crediting Public Law 117-219.,Reviewed official sources show changed target-section text for 31 U.S.C. 6102(a)(2) between the 2021 and 2022 OLRC editions.,not_reviewed_for_exclusive_public_law_causation,0,Counted as a source-reviewed pre/post target-section diff for the bounded pilot; not counted as exclusive causation or implementation validation.,statutory_lineage_target_section_review_packet; statutory_lineage_target_section_diff_review; statutory_lineage_source_reviewed_target_section_diff,public_law_causal_attribution; law_revision_effective_text; complete_codified_usc_lineage_review; implementation_outcomes; court_review; model_validation,"Source-reviewed official OLRC/GovInfo target-section diff disposition only. Rows record whether a bounded target-review packet has reviewed official-source evidence of added or changed target-section text. The artifact does not establish exclusive public-law causal attribution, law-revision effective text, implementation outcomes, court review, welfare, causal effects, or model validation."
55,80,80,80,117-s-1941,117-219,2022-12-05,44 USC 3504(e),title_code_section_phrase,44,3504,2021,2022,reviewed_pre_post_target_section_diff,1,amended_existing_target_section,https://www.govinfo.gov/content/pkg/PLAW-117publ219/html/PLAW-117publ219.htm,https://uscode.house.gov/view.xhtml?edition=2021&num=0&req=granuleid%3AUSC-2021-title44-section3504,https://uscode.house.gov/view.xhtml?edition=2022&num=0&req=granuleid%3AUSC-2022-title44-section3504,09a8d8a92276ea8567e939f24ff81483fe4b243e7dcc9d7a478c6f5589408492,ffcbf2ecca3934a0ebdd2ea4cffe15e618c38078b0dbf7f237d54e4832ca19c3,815f614ae6ba7f432e1ae429491c1c7df1bcd44f7e7c9cc37ac409b67f580cc5,9b13c938a4225509a1701b1a110fa2bfaea6701d99445840420bc770a5acfad5,section_anchor_found,section_anchor_found,3,GovInfo Public Law 117-219 section 7 amends 44 U.S.C. 3504(e) by revising paragraph endings and adding paragraph (10).,The 2021 OLRC section 3504 page contains the pre-amendment subsection (e) ending without paragraph (10).,The 2022 OLRC section 3504 page contains new subsection (e)(10) on changes to core-based statistical area standards and an amendment note crediting Public Law 117-219.,Reviewed official sources show changed target-section text for 44 U.S.C. 3504(e) between the 2021 and 2022 OLRC editions.,not_reviewed_for_exclusive_public_law_causation,0,"Counted as a source-reviewed pre/post target-section diff for the bounded pilot; not counted as effective-text, implementation, or model-validation evidence.",statutory_lineage_target_section_review_packet; statutory_lineage_target_section_diff_review; statutory_lineage_source_reviewed_target_section_diff,public_law_causal_attribution; law_revision_effective_text; complete_codified_usc_lineage_review; implementation_outcomes; court_review; model_validation,"Source-reviewed official OLRC/GovInfo target-section diff disposition only. Rows record whether a bounded target-review packet has reviewed official-source evidence of added or changed target-section text. The artifact does not establish exclusive public-law causal attribution, law-revision effective text, implementation outcomes, court review, welfare, causal effects, or model validation."
56,59,59,59,117-s-516,117-203,2022-10-17,49 USC 40101 note,direct_us_code_reference,49,40101,2021,2022,reviewed_pre_post_target_section_diff,1,amended_existing_target_section,https://www.govinfo.gov/content/pkg/PLAW-117publ203/html/PLAW-117publ203.htm,https://uscode.house.gov/view.xhtml?edition=2021&num=0&req=granuleid%3AUSC-2021-title49-section40101,https://uscode.house.gov/view.xhtml?edition=2022&num=0&req=granuleid%3AUSC-2022-title49-section40101,03e762d46fcf6d95a2ee918c57288826d183e52862a8f547eab52a6627ffe1ed,9d6a8b871794b03a077cf28011e4041c7e308f3fb084642289ab06c11cfe2059,3663b2b0d806653ddd31316acdfe8adc38db219f238623da937a742dfad8be1b,257b522fb0939c910d36a299ab34757ddd871d13f1f8502a935e0ccc63b4055d,section_anchor_found,section_anchor_found,3,GovInfo Public Law 117-203 sections 1 and 2 add Advanced Air Mobility notes tied to 49 U.S.C. 40101.,The 2021 OLRC section 40101 page lacks Public Law 117-203 Advanced Air Mobility note context.,The 2022 OLRC section 40101 page contains Public Law 117-203 short-title and Advanced Air Mobility Working Group note context.,Reviewed official sources show changed target-note context for 49 U.S.C. 40101 between annual editions.,not_reviewed_for_exclusive_public_law_causation,0,Counted as a source-reviewed pre/post target-note diff for the bounded pilot; not counted as public-law causation or implementation validation.,statutory_lineage_target_section_review_packet; statutory_lineage_target_section_diff_review; statutory_lineage_source_reviewed_target_section_diff,public_law_causal_attribution; law_revision_effective_text; complete_codified_usc_lineage_review; implementation_outcomes; court_review; model_validation,"Source-reviewed official OLRC/GovInfo target-section diff disposition only. Rows record whether a bounded target-review packet has reviewed official-source evidence of added or changed target-section text. The artifact does not establish exclusive public-law causal attribution, law-revision effective text, implementation outcomes, court review, welfare, causal effects, or model validation."
57,60,60,60,117-s-4458,117-174,2022-08-26,38 USC 101 note,direct_us_code_reference,38,101,2021,2022,reviewed_pre_post_target_section_diff,1,amended_existing_target_section,https://www.govinfo.gov/content/pkg/PLAW-117publ174/html/PLAW-117publ174.htm,https://uscode.house.gov/view.xhtml?edition=2021&num=0&req=granuleid%3AUSC-2021-title38-section101,https://uscode.house.gov/view.xhtml?edition=2022&num=0&req=granuleid%3AUSC-2022-title38-section101,1971dc2f0b2d00c0a4abb5b4a86301d7aa7551b6f49f66cfd6c2a7c15dd783f2,2ee9fa2de090a15ceeedc4bb02f9b89d7ef31c2f7c159174a87c5e6c9e8be730,d1a50ec444e2ff7786ac1f76ed83b62c1c6fc0691d805c023289a4daec8ddf60,c461038f546f0c6e1923ece7540de92d84118ac06c8757f016e56776700876d9,section_anchor_found,section_anchor_found,1,GovInfo Public Law 117-174 section 1 provides the Ensuring the Best Schools for Veterans Act of 2022 short title note tied to 38 U.S.C. 101.,The 2021 OLRC section 101 page lacks the Public Law 117-174 short-title note.,The 2022 OLRC section 101 page contains the Public Law 117-174 short-title note.,Reviewed official sources show changed target-note context for 38 U.S.C. 101 between annual editions.,not_reviewed_for_exclusive_public_law_causation,0,Counted as a source-reviewed pre/post target-note diff for the bounded pilot; not counted as education-benefit outcome validation.,statutory_lineage_target_section_review_packet; statutory_lineage_target_section_diff_review; statutory_lineage_source_reviewed_target_section_diff,public_law_causal_attribution; law_revision_effective_text; complete_codified_usc_lineage_review; implementation_outcomes; court_review; model_validation,"Source-reviewed official OLRC/GovInfo target-section diff disposition only. Rows record whether a bounded target-review packet has reviewed official-source evidence of added or changed target-section text. The artifact does not establish exclusive public-law causal attribution, law-revision effective text, implementation outcomes, court review, welfare, causal effects, or model validation."
58,61,61,61,117-s-4458,117-174,2022-08-26,38 USC 3680A note,direct_us_code_reference,38,3680A,2021,2022,reviewed_pre_post_target_section_diff,1,amended_existing_target_section_with_effective_date_note,https://www.govinfo.gov/content/pkg/PLAW-117publ174/html/PLAW-117publ174.htm,https://uscode.house.gov/view.xhtml?edition=2021&num=0&req=granuleid%3AUSC-2021-title38-section3680A,https://uscode.house.gov/view.xhtml?edition=2022&num=0&req=granuleid%3AUSC-2022-title38-section3680A,020641491d053378bfcc2c899597a541c58787a64b2e2e78e1908e0205a53d43,679aab65b360eb2842a2fe4e0640afa1c4066f87b95ef6737e88456a701982d6,0e4f4afe3f0ada690f1ee0e098747ce9ef0d176bcc891446a70827e8b6038730,c86671cf690890a266f78bfb7a525c1ad7841bf4a5f1deaa112c68473eed19f6,section_anchor_found,section_anchor_found,3,GovInfo Public Law 117-174 section 2 amends 38 U.S.C. 3680A(d) and adds an application note.,The 2021 OLRC section 3680A page has the pre-amendment subsection (d) context.,The 2022 OLRC section 3680A page credits Public Law 117-174 section 2(a) and includes the section 2(b) application note.,Reviewed official sources show changed target-section and note context for 38 U.S.C. 3680A between annual editions.,not_reviewed_for_exclusive_public_law_causation,0,Counted as a source-reviewed pre/post target-section and note diff for the bounded pilot; not counted as effective-text validation.,statutory_lineage_target_section_review_packet; statutory_lineage_target_section_diff_review; statutory_lineage_source_reviewed_target_section_diff,public_law_causal_attribution; law_revision_effective_text; complete_codified_usc_lineage_review; implementation_outcomes; court_review; model_validation,"Source-reviewed official OLRC/GovInfo target-section diff disposition only. Rows record whether a bounded target-review packet has reviewed official-source evidence of added or changed target-section text. The artifact does not establish exclusive public-law causal attribution, law-revision effective text, implementation outcomes, court review, welfare, causal effects, or model validation."
59,62,62,62,117-s-3580,117-146,2022-06-16,46 USC 40504,direct_us_code_reference,46,40504,2021,2022,reviewed_added_target_section_diff,1,added_target_section,https://www.govinfo.gov/content/pkg/PLAW-117publ146/html/PLAW-117publ146.htm,https://uscode.house.gov/view.xhtml?edition=2021&num=0&req=granuleid%3AUSC-2021-title46-section40504,https://uscode.house.gov/view.xhtml?edition=2022&num=0&req=granuleid%3AUSC-2022-title46-section40504,62836334c5c2b38ce99aa993b563c19089dff87e8e99925610f9ba9ddbbd1c2c,5767a2f9ef4ab0cd3ff0a324744a94df35674b6b20fa066d960c50ef0bcc06ca,7d641292e606ea628de81f96717988db7562a0f46dcea58db5884c59b05272b1,0ad6c3881a98dcaf728a942b50c711c5e7c107f181e084b1db700082d64252ef,section_anchor_not_found,section_anchor_found,3,GovInfo Public Law 117-146 section 4(a) adds 46 U.S.C. 40504 for shipping exchange registration.,The 2021 OLRC target page returns Document not Found for section 40504.,The 2022 OLRC section 40504 page exists and credits Public Law 117-146 section 4(a).,Reviewed official sources show a new post-edition target section where no pre-edition section 40504 page was available.,not_reviewed_for_exclusive_public_law_causation,0,Counted as a source-reviewed added-section diff for the bounded pilot; not counted as shipping-market implementation validation.,statutory_lineage_target_section_review_packet; statutory_lineage_target_section_diff_review; statutory_lineage_source_reviewed_target_section_diff,public_law_causal_attribution; law_revision_effective_text; complete_codified_usc_lineage_review; implementation_outcomes; court_review; model_validation,"Source-reviewed official OLRC/GovInfo target-section diff disposition only. Rows record whether a bounded target-review packet has reviewed official-source evidence of added or changed target-section text. The artifact does not establish exclusive public-law causal attribution, law-revision effective text, implementation outcomes, court review, welfare, causal effects, or model validation."
60,63,63,63,117-s-3580,117-146,2022-06-16,46 USC 41110,direct_us_code_reference,46,41110,2021,2022,reviewed_added_target_section_diff,1,added_target_section,https://www.govinfo.gov/content/pkg/PLAW-117publ146/html/PLAW-117publ146.htm,https://uscode.house.gov/view.xhtml?edition=2021&num=0&req=granuleid%3AUSC-2021-title46-section41110,https://uscode.house.gov/view.xhtml?edition=2022&num=0&req=granuleid%3AUSC-2022-title46-section41110,e5f762b7a03048869ba9e7d7a9b23c19aa4ade86d37dd50dcf752718bd1b0cca,b6904a6c144cbe60b01c346e1e9a839f1ae5ada5a22e87d88a1504ce9b17b008,7d641292e606ea628de81f96717988db7562a0f46dcea58db5884c59b05272b1,e0d26990b901716258ccf02ae17e7c1ab6e4c4382c6414b701d7637e495068ff,section_anchor_not_found,section_anchor_found,2,GovInfo Public Law 117-146 section 9(a) adds 46 U.S.C. 41110 for data collection.,The 2021 OLRC target page returns Document not Found for section 41110.,The 2022 OLRC section 41110 page exists and credits Public Law 117-146 section 9(a).,Reviewed official sources show a new post-edition target section where no pre-edition section 41110 page was available.,not_reviewed_for_exclusive_public_law_causation,0,Counted as a source-reviewed added-section diff for the bounded pilot; not counted as implementation or data-collection outcome validation.,statutory_lineage_target_section_review_packet; statutory_lineage_target_section_diff_review; statutory_lineage_source_reviewed_target_section_diff,public_law_causal_attribution; law_revision_effective_text; complete_codified_usc_lineage_review; implementation_outcomes; court_review; model_validation,"Source-reviewed official OLRC/GovInfo target-section diff disposition only. Rows record whether a bounded target-review packet has reviewed official-source evidence of added or changed target-section text. The artifact does not establish exclusive public-law causal attribution, law-revision effective text, implementation outcomes, court review, welfare, causal effects, or model validation."
61,64,64,64,117-s-3580,117-146,2022-06-16,46 USC 101 note,direct_us_code_reference,46,101,2021,2022,reviewed_pre_post_target_section_diff,1,amended_existing_target_section,https://www.govinfo.gov/content/pkg/PLAW-117publ146/html/PLAW-117publ146.htm,https://uscode.house.gov/view.xhtml?edition=2021&num=0&req=granuleid%3AUSC-2021-title46-section101,https://uscode.house.gov/view.xhtml?edition=2022&num=0&req=granuleid%3AUSC-2022-title46-section101,f63892ddd716a65c9074ddab2dcfcd0d333c38c62d8e8ff4b65d3db01f6968a3,a9813f83fe3d6ccadb3034fe2cd1cfe6331550a991e7921d5dbe7dc1ff423691,3bf702bad6176902ec77beafc23ae4ce48632299c12a47763d72e7969f860d31,c80dde321b7151070a24fc7465a3387109d816a53393c3e3f643d82b3db67c2e,section_anchor_found,section_anchor_found,1,GovInfo Public Law 117-146 section 1 provides the Ocean Shipping Reform Act of 2022 short title.,The 2021 OLRC section 101 page lacks the Public Law 117-146 short-title note.,The 2022 OLRC section 101 page contains the Public Law 117-146 short-title note.,Reviewed official sources show changed target-note context for 46 U.S.C. 101 between annual editions.,not_reviewed_for_exclusive_public_law_causation,0,Counted as a source-reviewed pre/post target-note diff for the bounded pilot; not counted as ocean-shipping outcome validation.,statutory_lineage_target_section_review_packet; statutory_lineage_target_section_diff_review; statutory_lineage_source_reviewed_target_section_diff,public_law_causal_attribution; law_revision_effective_text; complete_codified_usc_lineage_review; implementation_outcomes; court_review; model_validation,"Source-reviewed official OLRC/GovInfo target-section diff disposition only. Rows record whether a bounded target-review packet has reviewed official-source evidence of added or changed target-section text. The artifact does not establish exclusive public-law causal attribution, law-revision effective text, implementation outcomes, court review, welfare, causal effects, or model validation."
62,65,65,65,117-s-3580,117-146,2022-06-16,46 USC 40101,title_code_section_phrase,46,40101,2021,2022,reviewed_pre_post_target_section_diff,1,amended_existing_target_section,https://www.govinfo.gov/content/pkg/PLAW-117publ146/html/PLAW-117publ146.htm,https://uscode.house.gov/view.xhtml?edition=2021&num=0&req=granuleid%3AUSC-2021-title46-section40101,https://uscode.house.gov/view.xhtml?edition=2022&num=0&req=granuleid%3AUSC-2022-title46-section40101,11a35419d8ae58a6c0c60f87d3d84355704f267a41d4de3c03ab3baaaa970b27,f46bbc10639e6bbc3fef37ffde7dd28f83c2691d1ccc85b3fff0272dbda75a1a,c6d7618d3c9d8c6f3e3821cabce9316175c08d70cc8a54102b5e1df248f88f2a,46bc2e0a6be77118ed7c06ac0495664770eb8b1aa1c055d6518ec5c07a292387,section_anchor_found,section_anchor_found,3,GovInfo Public Law 117-146 section 2 amends 46 U.S.C. 40101 purposes.,The 2021 OLRC section 40101 page has the pre-amendment purposes text.,The 2022 OLRC section 40101 page credits Public Law 117-146 section 2 and includes revised purpose text.,Reviewed official sources show changed target-section text for 46 U.S.C. 40101 between annual editions.,not_reviewed_for_exclusive_public_law_causation,0,Counted as a source-reviewed pre/post target-section diff for the bounded pilot; not counted as maritime policy outcome validation.,statutory_lineage_target_section_review_packet; statutory_lineage_target_section_diff_review; statutory_lineage_source_reviewed_target_section_diff,public_law_causal_attribution; law_revision_effective_text; complete_codified_usc_lineage_review; implementation_outcomes; court_review; model_validation,"Source-reviewed official OLRC/GovInfo target-section diff disposition only. Rows record whether a bounded target-review packet has reviewed official-source evidence of added or changed target-section text. The artifact does not establish exclusive public-law causal attribution, law-revision effective text, implementation outcomes, court review, welfare, causal effects, or model validation."
63,66,66,66,117-s-3580,117-146,2022-06-16,46 USC 40502(c),title_code_section_phrase,46,40502,2021,2022,reviewed_pre_post_target_section_diff,1,amended_existing_target_section,https://www.govinfo.gov/content/pkg/PLAW-117publ146/html/PLAW-117publ146.htm,https://uscode.house.gov/view.xhtml?edition=2021&num=0&req=granuleid%3AUSC-2021-title46-section40502,https://uscode.house.gov/view.xhtml?edition=2022&num=0&req=granuleid%3AUSC-2022-title46-section40502,9946a5930a74bf1cb693933cf2c5688347b5ca6d85c997c2fad01532a58d53df,d3fc88a8733a41578c396a0deaaafe8e5c567cf8b07884c8998697bba84a11d5,4044b7d3b0fb4dcf248887c303e3602b35aebc24e99f99ef18a90b2f8a3d2889,45ee274adc7bc08fdc07db0902e54bddd929069971d83aa34b34f782ff1634e2,section_anchor_found,section_anchor_found,2,GovInfo Public Law 117-146 section 3 amends 46 U.S.C. 40502(c) by adding paragraph (9).,The 2021 OLRC section 40502(c) page lacks paragraph (9).,The 2022 OLRC section 40502 page credits Public Law 117-146 section 3 and includes subsection (c)(9).,Reviewed official sources show changed target-subsection text for 46 U.S.C. 40502(c) between annual editions.,not_reviewed_for_exclusive_public_law_causation,0,Counted as a source-reviewed pre/post target-subsection diff for the bounded pilot; not counted as agreement-oversight outcome validation.,statutory_lineage_target_section_review_packet; statutory_lineage_target_section_diff_review; statutory_lineage_source_reviewed_target_section_diff,public_law_causal_attribution; law_revision_effective_text; complete_codified_usc_lineage_review; implementation_outcomes; court_review; model_validation,"Source-reviewed official OLRC/GovInfo target-section diff disposition only. Rows record whether a bounded target-review packet has reviewed official-source evidence of added or changed target-section text. The artifact does not establish exclusive public-law causal attribution, law-revision effective text, implementation outcomes, court review, welfare, causal effects, or model validation."
64,67,67,67,117-s-3580,117-146,2022-06-16,46 USC 40504 note,direct_us_code_reference,46,40504,2021,2022,reviewed_added_target_section_diff,1,added_target_section,https://www.govinfo.gov/content/pkg/PLAW-117publ146/html/PLAW-117publ146.htm,https://uscode.house.gov/view.xhtml?edition=2021&num=0&req=granuleid%3AUSC-2021-title46-section40504,https://uscode.house.gov/view.xhtml?edition=2022&num=0&req=granuleid%3AUSC-2022-title46-section40504,62836334c5c2b38ce99aa993b563c19089dff87e8e99925610f9ba9ddbbd1c2c,5767a2f9ef4ab0cd3ff0a324744a94df35674b6b20fa066d960c50ef0bcc06ca,7d641292e606ea628de81f96717988db7562a0f46dcea58db5884c59b05272b1,0ad6c3881a98dcaf728a942b50c711c5e7c107f181e084b1db700082d64252ef,section_anchor_not_found,section_anchor_found,3,GovInfo Public Law 117-146 section 4(b) adds an applicability note for shipping exchange registration.,The 2021 OLRC target page returns Document not Found for section 40504 and its note context.,The 2022 OLRC section 40504 page includes the section 4(b) applicability note.,Reviewed official sources show new post-edition target-note context tied to added section 40504.,not_reviewed_for_exclusive_public_law_causation,0,Counted as a source-reviewed added-section and note diff for the bounded pilot; not counted as effective applicability validation.,statutory_lineage_target_section_review_packet; statutory_lineage_target_section_diff_review; statutory_lineage_source_reviewed_target_section_diff,public_law_causal_attribution; law_revision_effective_text; complete_codified_usc_lineage_review; implementation_outcomes; court_review; model_validation,"Source-reviewed official OLRC/GovInfo target-section diff disposition only. Rows record whether a bounded target-review packet has reviewed official-source evidence of added or changed target-section text. The artifact does not establish exclusive public-law causal attribution, law-revision effective text, implementation outcomes, court review, welfare, causal effects, or model validation."
65,68,68,68,117-s-3580,117-146,2022-06-16,46 USC 41102,title_code_section_phrase,46,41102,2021,2022,reviewed_pre_post_target_section_diff,1,amended_existing_target_section,https://www.govinfo.gov/content/pkg/PLAW-117publ146/html/PLAW-117publ146.htm,https://uscode.house.gov/view.xhtml?edition=2021&num=0&req=granuleid%3AUSC-2021-title46-section41102,https://uscode.house.gov/view.xhtml?edition=2022&num=0&req=granuleid%3AUSC-2022-title46-section41102,5b870e7d13f2441ad6717435e95c387dc9a849f25c7cb02668cae7b588efbda5,2271aaec3271435728e1e66f632aecc037136e85622f630dbf8bf6e228ab3146,217d5b7e2be7477c779f0b5b41f41b0310bba3d68c2573c31eb8359137e96e06,2d96438dc00ff0c859fa8cf7ae49fe845509a07283494d4cac159fca56438624,section_anchor_found,section_anchor_found,3,GovInfo Public Law 117-146 section 5 adds 46 U.S.C. 41102(d).,The 2021 OLRC section 41102 page lacks subsection (d).,The 2022 OLRC section 41102 page includes new subsection (d) and credits Public Law 117-146 section 5.,Reviewed official sources show changed target-section text for 46 U.S.C. 41102 between annual editions.,not_reviewed_for_exclusive_public_law_causation,0,Counted as a source-reviewed pre/post target-section diff for the bounded pilot; not counted as retaliation enforcement validation.,statutory_lineage_target_section_review_packet; statutory_lineage_target_section_diff_review; statutory_lineage_source_reviewed_target_section_diff,public_law_causal_attribution; law_revision_effective_text; complete_codified_usc_lineage_review; implementation_outcomes; court_review; model_validation,"Source-reviewed official OLRC/GovInfo target-section diff disposition only. Rows record whether a bounded target-review packet has reviewed official-source evidence of added or changed target-section text. The artifact does not establish exclusive public-law causal attribution, law-revision effective text, implementation outcomes, court review, welfare, causal effects, or model validation."
66,69,69,69,117-s-3580,117-146,2022-06-16,46 USC 41102 note,direct_us_code_reference,46,41102,2021,2022,reviewed_pre_post_target_section_diff,1,amended_existing_target_section,https://www.govinfo.gov/content/pkg/PLAW-117publ146/html/PLAW-117publ146.htm,https://uscode.house.gov/view.xhtml?edition=2021&num=0&req=granuleid%3AUSC-2021-title46-section41102,https://uscode.house.gov/view.xhtml?edition=2022&num=0&req=granuleid%3AUSC-2022-title46-section41102,5b870e7d13f2441ad6717435e95c387dc9a849f25c7cb02668cae7b588efbda5,2271aaec3271435728e1e66f632aecc037136e85622f630dbf8bf6e228ab3146,217d5b7e2be7477c779f0b5b41f41b0310bba3d68c2573c31eb8359137e96e06,2d96438dc00ff0c859fa8cf7ae49fe845509a07283494d4cac159fca56438624,section_anchor_found,section_anchor_found,3,GovInfo Public Law 117-146 section 7(b) adds rulemaking note context tied to 46 U.S.C. 41102.,The 2021 OLRC section 41102 page lacks the Public Law 117-146 rulemaking note.,The 2022 OLRC section 41102 page includes the section 7(b) rulemaking note.,Reviewed official sources show changed target-note context for 46 U.S.C. 41102 between annual editions.,not_reviewed_for_exclusive_public_law_causation,0,Counted as a source-reviewed pre/post target-note diff for the bounded pilot; not counted as completed rulemaking or implementation validation.,statutory_lineage_target_section_review_packet; statutory_lineage_target_section_diff_review; statutory_lineage_source_reviewed_target_section_diff,public_law_causal_attribution; law_revision_effective_text; complete_codified_usc_lineage_review; implementation_outcomes; court_review; model_validation,"Source-reviewed official OLRC/GovInfo target-section diff disposition only. Rows record whether a bounded target-review packet has reviewed official-source evidence of added or changed target-section text. The artifact does not establish exclusive public-law causal attribution, law-revision effective text, implementation outcomes, court review, welfare, causal effects, or model validation."
67,70,70,70,117-s-3580,117-146,2022-06-16,46 USC 41102(c),title_code_section_phrase,46,41102,2021,2022,reviewed_related_section_context_no_exact_target_diff,0,related_section_context_only_no_exact_target_diff,https://www.govinfo.gov/content/pkg/PLAW-117publ146/html/PLAW-117publ146.htm,https://uscode.house.gov/view.xhtml?edition=2021&num=0&req=granuleid%3AUSC-2021-title46-section41102,https://uscode.house.gov/view.xhtml?edition=2022&num=0&req=granuleid%3AUSC-2022-title46-section41102,5b870e7d13f2441ad6717435e95c387dc9a849f25c7cb02668cae7b588efbda5,2271aaec3271435728e1e66f632aecc037136e85622f630dbf8bf6e228ab3146,217d5b7e2be7477c779f0b5b41f41b0310bba3d68c2573c31eb8359137e96e06,2d96438dc00ff0c859fa8cf7ae49fe845509a07283494d4cac159fca56438624,section_anchor_found,section_anchor_found,3,GovInfo Public Law 117-146 adds subsection (d) and a section 7(b) rulemaking note that references demurrage or detention practices.,The 2021 OLRC section 41102(c) text exists as Practices in Handling Property.,The 2022 OLRC section 41102(c) text remains the same in the reviewed cue window while subsection (d) and note context are added elsewhere.,Reviewed official sources show section-level context but no exact-target evidence for a 46 U.S.C. 41102(c) text diff.,not_reviewed_for_exclusive_public_law_causation,0,Reviewed as related-section context only; not counted as a source-reviewed target-subsection diff because Public Law 117-146 adds subsection (d) and note context rather than changing subsection (c).,statutory_lineage_target_section_review_packet; statutory_lineage_target_section_diff_review,source_reviewed_target_section_diff; public_law_causal_attribution; law_revision_effective_text; complete_codified_usc_lineage_review; implementation_outcomes; court_review; model_validation,"Source-reviewed official OLRC/GovInfo target-section diff disposition only. Rows record whether a bounded target-review packet has reviewed official-source evidence of added or changed target-section text. The artifact does not establish exclusive public-law causal attribution, law-revision effective text, implementation outcomes, court review, welfare, causal effects, or model validation."
68,71,71,71,117-s-3580,117-146,2022-06-16,46 USC 41104,title_code_section_phrase,46,41104,2021,2022,reviewed_pre_post_target_section_diff,1,amended_existing_target_section,https://www.govinfo.gov/content/pkg/PLAW-117publ146/html/PLAW-117publ146.htm,https://uscode.house.gov/view.xhtml?edition=2021&num=0&req=granuleid%3AUSC-2021-title46-section41104,https://uscode.house.gov/view.xhtml?edition=2022&num=0&req=granuleid%3AUSC-2022-title46-section41104,e1077d7e2eb55b922e7d6393624c392c8279ff99ecedc726b3236b92d7552a02,71b67a177f81c509b4a58395da6c8de1a5b50d07f65b91da172023ab83285757,5b97243161040ed05542788cde9d3b4da1f15a42e6868e0ad998ea129992b4ba,73340968096c0f6c43f7886d275a68050a65b3f164f054e7b2d0fdccbacc35e4,section_anchor_found,section_anchor_found,3,GovInfo Public Law 117-146 section 7(a) extensively amends 46 U.S.C. 41104.,The 2021 OLRC section 41104 page has the pre-amendment prohibited-acts structure.,The 2022 OLRC section 41104 page includes revised text and amendment notes crediting Public Law 117-146 section 7(a).,Reviewed official sources show changed target-section text for 46 U.S.C. 41104 between annual editions.,not_reviewed_for_exclusive_public_law_causation,0,Counted as a source-reviewed pre/post target-section diff for the bounded pilot; not counted as carrier-practice outcome validation.,statutory_lineage_target_section_review_packet; statutory_lineage_target_section_diff_review; statutory_lineage_source_reviewed_target_section_diff,public_law_causal_attribution; law_revision_effective_text; complete_codified_usc_lineage_review; implementation_outcomes; court_review; model_validation,"Source-reviewed official OLRC/GovInfo target-section diff disposition only. Rows record whether a bounded target-review packet has reviewed official-source evidence of added or changed target-section text. The artifact does not establish exclusive public-law causal attribution, law-revision effective text, implementation outcomes, court review, welfare, causal effects, or model validation."
69,72,72,72,117-s-3580,117-146,2022-06-16,46 USC 41104 note,direct_us_code_reference,46,41104,2021,2022,reviewed_pre_post_target_section_diff,1,amended_existing_target_section,https://www.govinfo.gov/content/pkg/PLAW-117publ146/html/PLAW-117publ146.htm,https://uscode.house.gov/view.xhtml?edition=2021&num=0&req=granuleid%3AUSC-2021-title46-section41104,https://uscode.house.gov/view.xhtml?edition=2022&num=0&req=granuleid%3AUSC-2022-title46-section41104,e1077d7e2eb55b922e7d6393624c392c8279ff99ecedc726b3236b92d7552a02,71b67a177f81c509b4a58395da6c8de1a5b50d07f65b91da172023ab83285757,5b97243161040ed05542788cde9d3b4da1f15a42e6868e0ad998ea129992b4ba,73340968096c0f6c43f7886d275a68050a65b3f164f054e7b2d0fdccbacc35e4,section_anchor_found,section_anchor_found,3,GovInfo Public Law 117-146 sections 7(c) and 7(d) add rulemaking note context tied to 46 U.S.C. 41104.,The 2021 OLRC section 41104 page lacks the Public Law 117-146 rulemaking notes.,The 2022 OLRC section 41104 page includes rulemaking notes for section 7(c) and section 7(d).,Reviewed official sources show changed target-note context for 46 U.S.C. 41104 between annual editions.,not_reviewed_for_exclusive_public_law_causation,0,Counted as a source-reviewed pre/post target-note diff for the bounded pilot; not counted as completed rulemaking or implementation validation.,statutory_lineage_target_section_review_packet; statutory_lineage_target_section_diff_review; statutory_lineage_source_reviewed_target_section_diff,public_law_causal_attribution; law_revision_effective_text; complete_codified_usc_lineage_review; implementation_outcomes; court_review; model_validation,"Source-reviewed official OLRC/GovInfo target-section diff disposition only. Rows record whether a bounded target-review packet has reviewed official-source evidence of added or changed target-section text. The artifact does not establish exclusive public-law causal attribution, law-revision effective text, implementation outcomes, court review, welfare, causal effects, or model validation."
70,73,73,73,117-s-3580,117-146,2022-06-16,46 USC 41104(a)(3),title_code_section_phrase,46,41104,2021,2022,reviewed_pre_post_target_section_diff,1,amended_existing_target_section,https://www.govinfo.gov/content/pkg/PLAW-117publ146/html/PLAW-117publ146.htm,https://uscode.house.gov/view.xhtml?edition=2021&num=0&req=granuleid%3AUSC-2021-title46-section41104,https://uscode.house.gov/view.xhtml?edition=2022&num=0&req=granuleid%3AUSC-2022-title46-section41104,e1077d7e2eb55b922e7d6393624c392c8279ff99ecedc726b3236b92d7552a02,71b67a177f81c509b4a58395da6c8de1a5b50d07f65b91da172023ab83285757,5b97243161040ed05542788cde9d3b4da1f15a42e6868e0ad998ea129992b4ba,73340968096c0f6c43f7886d275a68050a65b3f164f054e7b2d0fdccbacc35e4,section_anchor_found,section_anchor_found,3,GovInfo Public Law 117-146 section 7(a) replaces 46 U.S.C. 41104(a)(3).,The 2021 OLRC section 41104(a)(3) page has the pre-amendment refusal text.,The 2022 OLRC section 41104(a)(3) text reads unreasonably refuse cargo space accommodations when available.,Reviewed official sources show changed target-subsection text for 46 U.S.C. 41104(a)(3) between annual editions.,not_reviewed_for_exclusive_public_law_causation,0,Counted as a source-reviewed pre/post target-subsection diff for the bounded pilot; not counted as enforcement outcome validation.,statutory_lineage_target_section_review_packet; statutory_lineage_target_section_diff_review; statutory_lineage_source_reviewed_target_section_diff,public_law_causal_attribution; law_revision_effective_text; complete_codified_usc_lineage_review; implementation_outcomes; court_review; model_validation,"Source-reviewed official OLRC/GovInfo target-section diff disposition only. Rows record whether a bounded target-review packet has reviewed official-source evidence of added or changed target-section text. The artifact does not establish exclusive public-law causal attribution, law-revision effective text, implementation outcomes, court review, welfare, causal effects, or model validation."
71,74,74,74,117-s-3580,117-146,2022-06-16,46 USC 41110 note,direct_us_code_reference,46,41110,2021,2022,reviewed_added_target_section_diff,1,added_target_section,https://www.govinfo.gov/content/pkg/PLAW-117publ146/html/PLAW-117publ146.htm,https://uscode.house.gov/view.xhtml?edition=2021&num=0&req=granuleid%3AUSC-2021-title46-section41110,https://uscode.house.gov/view.xhtml?edition=2022&num=0&req=granuleid%3AUSC-2022-title46-section41110,e5f762b7a03048869ba9e7d7a9b23c19aa4ade86d37dd50dcf752718bd1b0cca,b6904a6c144cbe60b01c346e1e9a839f1ae5ada5a22e87d88a1504ce9b17b008,7d641292e606ea628de81f96717988db7562a0f46dcea58db5884c59b05272b1,e0d26990b901716258ccf02ae17e7c1ab6e4c4382c6414b701d7637e495068ff,section_anchor_not_found,section_anchor_found,2,GovInfo Public Law 117-146 section 9(b) adds a rule-of-construction note tied to 46 U.S.C. 41110.,The 2021 OLRC target page returns Document not Found for section 41110 and its note context.,The 2022 OLRC section 41110 page includes the section 9(b) rule-of-construction note.,Reviewed official sources show new post-edition target-note context tied to added section 41110.,not_reviewed_for_exclusive_public_law_causation,0,Counted as a source-reviewed added-section and note diff for the bounded pilot; not counted as data-collection outcome validation.,statutory_lineage_target_section_review_packet; statutory_lineage_target_section_diff_review; statutory_lineage_source_reviewed_target_section_diff,public_law_causal_attribution; law_revision_effective_text; complete_codified_usc_lineage_review; implementation_outcomes; court_review; model_validation,"Source-reviewed official OLRC/GovInfo target-section diff disposition only. Rows record whether a bounded target-review packet has reviewed official-source evidence of added or changed target-section text. The artifact does not establish exclusive public-law causal attribution, law-revision effective text, implementation outcomes, court review, welfare, causal effects, or model validation."
72,75,75,75,117-s-3580,117-146,2022-06-16,46 USC 46106,title_code_section_phrase,46,46106,2021,2022,reviewed_pre_post_target_section_diff,1,amended_existing_target_section,https://www.govinfo.gov/content/pkg/PLAW-117publ146/html/PLAW-117publ146.htm,https://uscode.house.gov/view.xhtml?edition=2021&num=0&req=granuleid%3AUSC-2021-title46-section46106,https://uscode.house.gov/view.xhtml?edition=2022&num=0&req=granuleid%3AUSC-2022-title46-section46106,be3f16a6273c072b1c60d74ad814b5075f4c6151e2ac819759711ddd13e28c09,979d06cc174ecfd05d5c110c1e473fcbe66aaceea4654965b2c383cbd43fbae3,db78e3eb447f0b34ecd0d7d974501408026ebac529d2f772b2f7cdf907a63969,4305a3fbd39acffedb618bd3b3b84fa9fd909f064d3b4c3a35d6f01675d88196,section_anchor_found,section_anchor_found,3,GovInfo Public Law 117-146 sections 6 and 14 amend 46 U.S.C. 46106.,The 2021 OLRC section 46106 page lacks subsection (d) and paragraph (b)(7).,The 2022 OLRC section 46106 page includes new subsection (d) and paragraph (b)(7) with Public Law 117-146 amendment notes.,Reviewed official sources show changed target-section text for 46 U.S.C. 46106 between annual editions.,not_reviewed_for_exclusive_public_law_causation,0,Counted as a source-reviewed pre/post target-section diff for the bounded pilot; not counted as public-disclosure implementation validation.,statutory_lineage_target_section_review_packet; statutory_lineage_target_section_diff_review; statutory_lineage_source_reviewed_target_section_diff,public_law_causal_attribution; law_revision_effective_text; complete_codified_usc_lineage_review; implementation_outcomes; court_review; model_validation,"Source-reviewed official OLRC/GovInfo target-section diff disposition only. Rows record whether a bounded target-review packet has reviewed official-source evidence of added or changed target-section text. The artifact does not establish exclusive public-law causal attribution, law-revision effective text, implementation outcomes, court review, welfare, causal effects, or model validation."
73,81,81,81,117-hr-7352,117-166,2022-08-05,15 USC 631 note,direct_us_code_reference,15,631,2021,2022,reviewed_pre_post_target_section_diff,1,amended_existing_target_section,https://www.govinfo.gov/content/pkg/PLAW-117publ166/html/PLAW-117publ166.htm,https://uscode.house.gov/view.xhtml?edition=2021&num=0&req=granuleid%3AUSC-2021-title15-section631,https://uscode.house.gov/view.xhtml?edition=2022&num=0&req=granuleid%3AUSC-2022-title15-section631,aa72811d69382c4e2f1f446160d2d359dc5a43d5f2d8c4744fd02374a72bd5f1,d9839ec3f1f6bde3872e23e67febe867ccdcafb095a1a9d1e402b70a54b7ee17,f7d3d7d1059c80651c9893347f62daf2375b4009290275dfc3f02922ebe76a5e,510f7ae696e3978c83240b8e69388f0d8a60eb2da7e10281bc66b93a42dcb41f,section_anchor_found,section_anchor_found,1,GovInfo Public Law 117-166 section 1 provides the PPP and Bank Fraud Enforcement Harmonization Act of 2022 short title note tied to 15 U.S.C. 631.,The 2021 OLRC section 631 page lacks the Public Law 117-166 short-title note.,The 2022 OLRC section 631 page contains the Public Law 117-166 short-title note.,Reviewed official sources show changed target-note context for 15 U.S.C. 631 between annual editions.,not_reviewed_for_exclusive_public_law_causation,0,Counted as a source-reviewed pre/post target-note diff for the bounded pilot; not counted as fraud-enforcement outcome validation.,statutory_lineage_target_section_review_packet; statutory_lineage_target_section_diff_review; statutory_lineage_source_reviewed_target_section_diff,public_law_causal_attribution; law_revision_effective_text; complete_codified_usc_lineage_review; implementation_outcomes; court_review; model_validation,"Source-reviewed official OLRC/GovInfo target-section diff disposition only. Rows record whether a bounded target-review packet has reviewed official-source evidence of added or changed target-section text. The artifact does not establish exclusive public-law causal attribution, law-revision effective text, implementation outcomes, court review, welfare, causal effects, or model validation."
74,82,82,82,117-hr-7352,117-166,2022-08-05,15 USC 636(a)(36),direct_us_code_reference,15,636,2021,2022,reviewed_pre_post_target_section_diff,1,amended_existing_target_section,https://www.govinfo.gov/content/pkg/PLAW-117publ166/html/PLAW-117publ166.htm,https://uscode.house.gov/view.xhtml?edition=2021&num=0&req=granuleid%3AUSC-2021-title15-section636,https://uscode.house.gov/view.xhtml?edition=2022&num=0&req=granuleid%3AUSC-2022-title15-section636,a1c0a17a9d55d774df996782f2018b590ee7854a0093d84c92536a3faca83214,ee9e9c9ff969899637043eff61f42b818aff4d260fd7bef4b02da539c62b2813,10d4d29fd65d2bca6c4d2c322617da90ec3e236a528b4a5dd772c13be6d46ddf,9699566bbc870ef5d1779641238415748ad362cf7f761281bfda1a6971f1fa21,section_anchor_found,section_anchor_found,3,GovInfo Public Law 117-166 section 2(a) amends 15 U.S.C. 636(a)(36) by adding subparagraph (W).,The 2021 OLRC section 636(a)(36) page lacks subparagraph (W).,The 2022 OLRC section 636 page includes subparagraph (a)(36)(W) and an amendment note crediting Public Law 117-166 section 2(a).,Reviewed official sources show changed target-subsection text for 15 U.S.C. 636(a)(36) between annual editions.,not_reviewed_for_exclusive_public_law_causation,0,Counted as a source-reviewed pre/post target-subsection diff for the bounded pilot; not counted as enforcement or loan-program outcome validation.,statutory_lineage_target_section_review_packet; statutory_lineage_target_section_diff_review; statutory_lineage_source_reviewed_target_section_diff,public_law_causal_attribution; law_revision_effective_text; complete_codified_usc_lineage_review; implementation_outcomes; court_review; model_validation,"Source-reviewed official OLRC/GovInfo target-section diff disposition only. Rows record whether a bounded target-review packet has reviewed official-source evidence of added or changed target-section text. The artifact does not establish exclusive public-law causal attribution, law-revision effective text, implementation outcomes, court review, welfare, causal effects, or model validation."
75,83,83,83,117-hr-7352,117-166,2022-08-05,15 USC 636(a)(37),direct_us_code_reference,15,636,2021,2022,reviewed_pre_post_target_section_diff,1,amended_existing_target_section,https://www.govinfo.gov/content/pkg/PLAW-117publ166/html/PLAW-117publ166.htm,https://uscode.house.gov/view.xhtml?edition=2021&num=0&req=granuleid%3AUSC-2021-title15-section636,https://uscode.house.gov/view.xhtml?edition=2022&num=0&req=granuleid%3AUSC-2022-title15-section636,a1c0a17a9d55d774df996782f2018b590ee7854a0093d84c92536a3faca83214,ee9e9c9ff969899637043eff61f42b818aff4d260fd7bef4b02da539c62b2813,10d4d29fd65d2bca6c4d2c322617da90ec3e236a528b4a5dd772c13be6d46ddf,9699566bbc870ef5d1779641238415748ad362cf7f761281bfda1a6971f1fa21,section_anchor_found,section_anchor_found,3,GovInfo Public Law 117-166 section 2(b) amends 15 U.S.C. 636(a)(37) by adding subparagraph (P).,The 2021 OLRC section 636(a)(37) page lacks subparagraph (P).,The 2022 OLRC section 636 page includes subparagraph (a)(37)(P) and an amendment note crediting Public Law 117-166 section 2(b).,Reviewed official sources show changed target-subsection text for 15 U.S.C. 636(a)(37) between annual editions.,not_reviewed_for_exclusive_public_law_causation,0,Counted as a source-reviewed pre/post target-subsection diff for the bounded pilot; not counted as enforcement or loan-program outcome validation.,statutory_lineage_target_section_review_packet; statutory_lineage_target_section_diff_review; statutory_lineage_source_reviewed_target_section_diff,public_law_causal_attribution; law_revision_effective_text; complete_codified_usc_lineage_review; implementation_outcomes; court_review; model_validation,"Source-reviewed official OLRC/GovInfo target-section diff disposition only. Rows record whether a bounded target-review packet has reviewed official-source evidence of added or changed target-section text. The artifact does not establish exclusive public-law causal attribution, law-revision effective text, implementation outcomes, court review, welfare, causal effects, or model validation."
