bridge_rank,review_rank,target_review_packet_rank,bill_id,public_law_number,enacted_date,target_reference,target_reference_type,target_section_key,target_base_section_key,target_subsection,target_reference_key,normalized_title,normalized_section,target_is_note,review_status,source_reviewed_target_section_diff,codified_lineage_relationship,target_lifecycle_status,bridge_evidence_grade,authority_base_section_match,authority_base_section_citations,authority_exact_target_reference_match,authority_exact_target_reference_citations,public_law_authority_rule_rows,public_law_authority_text_verified_rows,public_law_authority_document_numbers,public_law_authority_usc_citation_count,implementation_history_final_rule_rows,implementation_history_matched_final_rule_rows,implementation_history_proposed_rule_links,implementation_history_proposed_document_numbers,implementation_comment_metadata_rows,implementation_comment_metadata_statuses,implementation_comment_metadata_final_comment_count_rows,implementation_comment_metadata_final_comment_count_total,implementation_comment_metadata_proposed_comment_url_count,implementation_comment_metadata_proposed_comment_urls,court_base_section_overlap,court_base_section_overlap_case_count,court_base_section_overlap_case_ids,court_base_section_overlap_usc_sections,court_exact_target_reference_overlap,court_exact_target_reference_case_count,court_exact_target_reference_case_ids,raw_scdb_target_base_section_overlap,raw_scdb_target_base_section_case_count,raw_scdb_target_base_section_case_ids,raw_scdb_target_base_section_usc_sections,raw_scdb_target_base_section_pre_enactment_case_count,raw_scdb_target_base_section_post_enactment_case_count,raw_scdb_target_base_section_missing_date_case_count,raw_scdb_target_base_section_decision_range,raw_scdb_target_reference_overlap,raw_scdb_target_reference_case_count,raw_scdb_target_reference_case_ids,raw_scdb_target_reference_post_enactment_case_count,public_law_court_overlap_case_count,public_law_court_overlap_case_ids,public_law_court_overlap_usc_sections,public_law_direct_review_rows,public_law_direct_review_direct_rows,public_law_direct_review_not_direct_rows,public_law_direct_review_determinations,spine_evidence_layers,evidence_layers,missing_links,claim_boundary
1,1,15,117-hr-5376,117-169,2022-08-16,26 USC 4501,direct_us_code_reference,26 USC 4501,26 USC 4501,,26 USC 4501,26,4501,0,reviewed_added_target_section_diff,1,added_target_section,target_diff_with_public_law_lifecycle_context_only,public_law_context_only,0,,0,,6,6,2026-07088; 2026-08280; 2025-14621; 2023-28775; 2025-19675; 2024-09105,37,6,1,1,2026-01926,6,final_and_proposed_comment_metadata; final_comment_metadata_only,6,4273,1,https://www.regulations.gov/docketBrowser?rpp=50&so=DESC&sb=postedDate&po=0&dct=PS&D=BLM-2025-0070,0,0,,,0,0,,0,0,,,0,0,0,,0,0,,0,6,1962-122; 1965-093; 1979-098; 1989-030; 2018-018; 2019-041,16 U.S.C. 3101; 30 U.S.C. 181; 44 U.S.C. 3501,6,0,6,temporally_excluded_before_public_law_enactment,bill_action_metadata; law_revision_text_proxy; official_olrc_public_law_marker_adjudication; official_olrc_post_only_public_law_marker; statutory_lineage_target_section_review_packet; statutory_lineage_target_section_diff_review; statutory_lineage_source_reviewed_target_section_diff; sponsor_district_public_opinion_metadata; sponsor_district_bill_policy_area_context; topic_throughput_policy_area; campaign_finance_sponsor_policy_area_context; lobbying_issue_bill_policy_area_context; official_lda_filing_text_bill_identifier; federal_register_authority_search_match; federal_register_authority_text_verified; federal_register_proposed_rule_history_match; proposed_rule_shared_identifier_match; proposed_rule_regulations_gov_comment_portal_metadata; federal_register_exposed_regulations_gov_comment_metadata; federal_register_final_effective_date_timing; federal_register_proposed_to_final_timing; court_review_usc_section_authority_overlap; scdb_law_minor_usc_section,statutory_lineage_target_section_diff_review; statutory_lineage_source_reviewed_target_section_diff; public_law_federal_register_authority_context; public_law_rulemaking_history_context; public_law_federal_register_comment_metadata_context; public_law_court_usc_section_overlap_context; court_public_law_direct_review_disposition; bill_law_evidence_spine_context,public_law_causal_attribution; law_revision_effective_text; complete_codified_usc_lineage_review; complete_regulations_comments; implementation_outcomes_or_enforcement; direct_court_review_of_target_section; welfare_or_public_benefit; model_validation; exact_target_reference_implementation_authority; exact_target_reference_court_overlap; direct_case_to_public_law_identifier,"Target-section lifecycle bridge only; base U.S.C. section overlaps are metadata context and are not exact target-reference or subsection evidence. Raw SCDB target-section overlaps are date-screened section-citation context and do not prove review of the queued public law, bill, note, or subsection. Public-law-level rows remain context. This artifact does not establish implementation outcomes, direct court review of the target section, public-law causal attribution, law-revision effective text, welfare, causal effects, or model validation."
2,2,16,117-hr-5376,117-169,2022-08-16,26 USC 55,direct_us_code_reference,26 USC 55,26 USC 55,,26 USC 55,26,55,0,reviewed_pre_post_target_section_diff,1,amended_existing_target_section,target_diff_with_public_law_lifecycle_context_only,public_law_context_only,0,,0,,6,6,2026-07088; 2026-08280; 2025-14621; 2023-28775; 2025-19675; 2024-09105,37,6,1,1,2026-01926,6,final_and_proposed_comment_metadata; final_comment_metadata_only,6,4273,1,https://www.regulations.gov/docketBrowser?rpp=50&so=DESC&sb=postedDate&po=0&dct=PS&D=BLM-2025-0070,0,0,,,0,0,,0,0,,,0,0,0,,0,0,,0,6,1962-122; 1965-093; 1979-098; 1989-030; 2018-018; 2019-041,16 U.S.C. 3101; 30 U.S.C. 181; 44 U.S.C. 3501,6,0,6,temporally_excluded_before_public_law_enactment,bill_action_metadata; law_revision_text_proxy; official_olrc_public_law_marker_adjudication; official_olrc_post_only_public_law_marker; statutory_lineage_target_section_review_packet; statutory_lineage_target_section_diff_review; statutory_lineage_source_reviewed_target_section_diff; sponsor_district_public_opinion_metadata; sponsor_district_bill_policy_area_context; topic_throughput_policy_area; campaign_finance_sponsor_policy_area_context; lobbying_issue_bill_policy_area_context; official_lda_filing_text_bill_identifier; federal_register_authority_search_match; federal_register_authority_text_verified; federal_register_proposed_rule_history_match; proposed_rule_shared_identifier_match; proposed_rule_regulations_gov_comment_portal_metadata; federal_register_exposed_regulations_gov_comment_metadata; federal_register_final_effective_date_timing; federal_register_proposed_to_final_timing; court_review_usc_section_authority_overlap; scdb_law_minor_usc_section,statutory_lineage_target_section_diff_review; statutory_lineage_source_reviewed_target_section_diff; public_law_federal_register_authority_context; public_law_rulemaking_history_context; public_law_federal_register_comment_metadata_context; public_law_court_usc_section_overlap_context; court_public_law_direct_review_disposition; bill_law_evidence_spine_context,public_law_causal_attribution; law_revision_effective_text; complete_codified_usc_lineage_review; complete_regulations_comments; implementation_outcomes_or_enforcement; direct_court_review_of_target_section; welfare_or_public_benefit; model_validation; exact_target_reference_implementation_authority; exact_target_reference_court_overlap; direct_case_to_public_law_identifier,"Target-section lifecycle bridge only; base U.S.C. section overlaps are metadata context and are not exact target-reference or subsection evidence. Raw SCDB target-section overlaps are date-screened section-citation context and do not prove review of the queued public law, bill, note, or subsection. Public-law-level rows remain context. This artifact does not establish implementation outcomes, direct court review of the target section, public-law causal attribution, law-revision effective text, welfare, causal effects, or model validation."
3,3,17,117-hr-5376,117-169,2022-08-16,26 USC 56A,direct_us_code_reference,26 USC 56A,26 USC 56A,,26 USC 56A,26,56A,0,reviewed_added_target_section_diff,1,added_target_section,target_diff_with_public_law_lifecycle_context_only,public_law_context_only,0,,0,,6,6,2026-07088; 2026-08280; 2025-14621; 2023-28775; 2025-19675; 2024-09105,37,6,1,1,2026-01926,6,final_and_proposed_comment_metadata; final_comment_metadata_only,6,4273,1,https://www.regulations.gov/docketBrowser?rpp=50&so=DESC&sb=postedDate&po=0&dct=PS&D=BLM-2025-0070,0,0,,,0,0,,0,0,,,0,0,0,,0,0,,0,6,1962-122; 1965-093; 1979-098; 1989-030; 2018-018; 2019-041,16 U.S.C. 3101; 30 U.S.C. 181; 44 U.S.C. 3501,6,0,6,temporally_excluded_before_public_law_enactment,bill_action_metadata; law_revision_text_proxy; official_olrc_public_law_marker_adjudication; official_olrc_post_only_public_law_marker; statutory_lineage_target_section_review_packet; statutory_lineage_target_section_diff_review; statutory_lineage_source_reviewed_target_section_diff; sponsor_district_public_opinion_metadata; sponsor_district_bill_policy_area_context; topic_throughput_policy_area; campaign_finance_sponsor_policy_area_context; lobbying_issue_bill_policy_area_context; official_lda_filing_text_bill_identifier; federal_register_authority_search_match; federal_register_authority_text_verified; federal_register_proposed_rule_history_match; proposed_rule_shared_identifier_match; proposed_rule_regulations_gov_comment_portal_metadata; federal_register_exposed_regulations_gov_comment_metadata; federal_register_final_effective_date_timing; federal_register_proposed_to_final_timing; court_review_usc_section_authority_overlap; scdb_law_minor_usc_section,statutory_lineage_target_section_diff_review; statutory_lineage_source_reviewed_target_section_diff; public_law_federal_register_authority_context; public_law_rulemaking_history_context; public_law_federal_register_comment_metadata_context; public_law_court_usc_section_overlap_context; court_public_law_direct_review_disposition; bill_law_evidence_spine_context,public_law_causal_attribution; law_revision_effective_text; complete_codified_usc_lineage_review; complete_regulations_comments; implementation_outcomes_or_enforcement; direct_court_review_of_target_section; welfare_or_public_benefit; model_validation; exact_target_reference_implementation_authority; exact_target_reference_court_overlap; direct_case_to_public_law_identifier,"Target-section lifecycle bridge only; base U.S.C. section overlaps are metadata context and are not exact target-reference or subsection evidence. Raw SCDB target-section overlaps are date-screened section-citation context and do not prove review of the queued public law, bill, note, or subsection. Public-law-level rows remain context. This artifact does not establish implementation outcomes, direct court review of the target section, public-law causal attribution, law-revision effective text, welfare, causal effects, or model validation."
4,4,18,117-hr-5376,117-169,2022-08-16,26 USC 59,direct_us_code_reference,26 USC 59,26 USC 59,,26 USC 59,26,59,0,reviewed_pre_post_target_section_diff,1,amended_existing_target_section,target_diff_with_public_law_lifecycle_context_only,public_law_context_only,0,,0,,6,6,2026-07088; 2026-08280; 2025-14621; 2023-28775; 2025-19675; 2024-09105,37,6,1,1,2026-01926,6,final_and_proposed_comment_metadata; final_comment_metadata_only,6,4273,1,https://www.regulations.gov/docketBrowser?rpp=50&so=DESC&sb=postedDate&po=0&dct=PS&D=BLM-2025-0070,0,0,,,0,0,,0,0,,,0,0,0,,0,0,,0,6,1962-122; 1965-093; 1979-098; 1989-030; 2018-018; 2019-041,16 U.S.C. 3101; 30 U.S.C. 181; 44 U.S.C. 3501,6,0,6,temporally_excluded_before_public_law_enactment,bill_action_metadata; law_revision_text_proxy; official_olrc_public_law_marker_adjudication; official_olrc_post_only_public_law_marker; statutory_lineage_target_section_review_packet; statutory_lineage_target_section_diff_review; statutory_lineage_source_reviewed_target_section_diff; sponsor_district_public_opinion_metadata; sponsor_district_bill_policy_area_context; topic_throughput_policy_area; campaign_finance_sponsor_policy_area_context; lobbying_issue_bill_policy_area_context; official_lda_filing_text_bill_identifier; federal_register_authority_search_match; federal_register_authority_text_verified; federal_register_proposed_rule_history_match; proposed_rule_shared_identifier_match; proposed_rule_regulations_gov_comment_portal_metadata; federal_register_exposed_regulations_gov_comment_metadata; federal_register_final_effective_date_timing; federal_register_proposed_to_final_timing; court_review_usc_section_authority_overlap; scdb_law_minor_usc_section,statutory_lineage_target_section_diff_review; statutory_lineage_source_reviewed_target_section_diff; public_law_federal_register_authority_context; public_law_rulemaking_history_context; public_law_federal_register_comment_metadata_context; public_law_court_usc_section_overlap_context; court_public_law_direct_review_disposition; bill_law_evidence_spine_context,public_law_causal_attribution; law_revision_effective_text; complete_codified_usc_lineage_review; complete_regulations_comments; implementation_outcomes_or_enforcement; direct_court_review_of_target_section; welfare_or_public_benefit; model_validation; exact_target_reference_implementation_authority; exact_target_reference_court_overlap; direct_case_to_public_law_identifier,"Target-section lifecycle bridge only; base U.S.C. section overlaps are metadata context and are not exact target-reference or subsection evidence. Raw SCDB target-section overlaps are date-screened section-citation context and do not prove review of the queued public law, bill, note, or subsection. Public-law-level rows remain context. This artifact does not establish implementation outcomes, direct court review of the target section, public-law causal attribution, law-revision effective text, welfare, causal effects, or model validation."
5,5,19,117-hr-5376,117-169,2022-08-16,26 USC 11 note,direct_us_code_reference,26 USC 11 note,26 USC 11 note,,26 USC 11 note,26,11,1,reviewed_pre_post_target_section_diff,1,amended_existing_target_section_with_effective_date_note,target_diff_with_public_law_lifecycle_context_only,public_law_context_only,0,,0,,6,6,2026-07088; 2026-08280; 2025-14621; 2023-28775; 2025-19675; 2024-09105,37,6,1,1,2026-01926,6,final_and_proposed_comment_metadata; final_comment_metadata_only,6,4273,1,https://www.regulations.gov/docketBrowser?rpp=50&so=DESC&sb=postedDate&po=0&dct=PS&D=BLM-2025-0070,0,0,,,0,0,,0,0,,,0,0,0,,0,0,,0,6,1962-122; 1965-093; 1979-098; 1989-030; 2018-018; 2019-041,16 U.S.C. 3101; 30 U.S.C. 181; 44 U.S.C. 3501,6,0,6,temporally_excluded_before_public_law_enactment,bill_action_metadata; law_revision_text_proxy; official_olrc_public_law_marker_adjudication; official_olrc_post_only_public_law_marker; statutory_lineage_target_section_review_packet; statutory_lineage_target_section_diff_review; statutory_lineage_source_reviewed_target_section_diff; sponsor_district_public_opinion_metadata; sponsor_district_bill_policy_area_context; topic_throughput_policy_area; campaign_finance_sponsor_policy_area_context; lobbying_issue_bill_policy_area_context; official_lda_filing_text_bill_identifier; federal_register_authority_search_match; federal_register_authority_text_verified; federal_register_proposed_rule_history_match; proposed_rule_shared_identifier_match; proposed_rule_regulations_gov_comment_portal_metadata; federal_register_exposed_regulations_gov_comment_metadata; federal_register_final_effective_date_timing; federal_register_proposed_to_final_timing; court_review_usc_section_authority_overlap; scdb_law_minor_usc_section,statutory_lineage_target_section_diff_review; statutory_lineage_source_reviewed_target_section_diff; public_law_federal_register_authority_context; public_law_rulemaking_history_context; public_law_federal_register_comment_metadata_context; public_law_court_usc_section_overlap_context; court_public_law_direct_review_disposition; bill_law_evidence_spine_context,public_law_causal_attribution; law_revision_effective_text; complete_codified_usc_lineage_review; complete_regulations_comments; implementation_outcomes_or_enforcement; direct_court_review_of_target_section; welfare_or_public_benefit; model_validation; exact_target_reference_implementation_authority; exact_target_reference_court_overlap; direct_case_to_public_law_identifier,"Target-section lifecycle bridge only; base U.S.C. section overlaps are metadata context and are not exact target-reference or subsection evidence. Raw SCDB target-section overlaps are date-screened section-citation context and do not prove review of the queued public law, bill, note, or subsection. Public-law-level rows remain context. This artifact does not establish implementation outcomes, direct court review of the target section, public-law causal attribution, law-revision effective text, welfare, causal effects, or model validation."
6,6,20,117-hr-5376,117-169,2022-08-16,26 USC 38,direct_us_code_reference,26 USC 38,26 USC 38,,26 USC 38,26,38,0,reviewed_pre_post_target_section_diff,1,amended_existing_target_section,target_diff_with_public_law_lifecycle_context_only,public_law_context_only,0,,0,,6,6,2026-07088; 2026-08280; 2025-14621; 2023-28775; 2025-19675; 2024-09105,37,6,1,1,2026-01926,6,final_and_proposed_comment_metadata; final_comment_metadata_only,6,4273,1,https://www.regulations.gov/docketBrowser?rpp=50&so=DESC&sb=postedDate&po=0&dct=PS&D=BLM-2025-0070,0,0,,,0,0,,0,0,,,0,0,0,,0,0,,0,6,1962-122; 1965-093; 1979-098; 1989-030; 2018-018; 2019-041,16 U.S.C. 3101; 30 U.S.C. 181; 44 U.S.C. 3501,6,0,6,temporally_excluded_before_public_law_enactment,bill_action_metadata; law_revision_text_proxy; official_olrc_public_law_marker_adjudication; official_olrc_post_only_public_law_marker; statutory_lineage_target_section_review_packet; statutory_lineage_target_section_diff_review; statutory_lineage_source_reviewed_target_section_diff; sponsor_district_public_opinion_metadata; sponsor_district_bill_policy_area_context; topic_throughput_policy_area; campaign_finance_sponsor_policy_area_context; lobbying_issue_bill_policy_area_context; official_lda_filing_text_bill_identifier; federal_register_authority_search_match; federal_register_authority_text_verified; federal_register_proposed_rule_history_match; proposed_rule_shared_identifier_match; proposed_rule_regulations_gov_comment_portal_metadata; federal_register_exposed_regulations_gov_comment_metadata; federal_register_final_effective_date_timing; federal_register_proposed_to_final_timing; court_review_usc_section_authority_overlap; scdb_law_minor_usc_section,statutory_lineage_target_section_diff_review; statutory_lineage_source_reviewed_target_section_diff; public_law_federal_register_authority_context; public_law_rulemaking_history_context; public_law_federal_register_comment_metadata_context; public_law_court_usc_section_overlap_context; court_public_law_direct_review_disposition; bill_law_evidence_spine_context,public_law_causal_attribution; law_revision_effective_text; complete_codified_usc_lineage_review; complete_regulations_comments; implementation_outcomes_or_enforcement; direct_court_review_of_target_section; welfare_or_public_benefit; model_validation; exact_target_reference_implementation_authority; exact_target_reference_court_overlap; direct_case_to_public_law_identifier,"Target-section lifecycle bridge only; base U.S.C. section overlaps are metadata context and are not exact target-reference or subsection evidence. Raw SCDB target-section overlaps are date-screened section-citation context and do not prove review of the queued public law, bill, note, or subsection. Public-law-level rows remain context. This artifact does not establish implementation outcomes, direct court review of the target section, public-law causal attribution, law-revision effective text, welfare, causal effects, or model validation."
7,7,21,117-hr-5376,117-169,2022-08-16,26 USC 4501 note,direct_us_code_reference,26 USC 4501 note,26 USC 4501 note,,26 USC 4501 note,26,4501,1,reviewed_added_target_section_diff,1,added_target_section_with_effective_date_note,target_diff_with_public_law_lifecycle_context_only,public_law_context_only,0,,0,,6,6,2026-07088; 2026-08280; 2025-14621; 2023-28775; 2025-19675; 2024-09105,37,6,1,1,2026-01926,6,final_and_proposed_comment_metadata; final_comment_metadata_only,6,4273,1,https://www.regulations.gov/docketBrowser?rpp=50&so=DESC&sb=postedDate&po=0&dct=PS&D=BLM-2025-0070,0,0,,,0,0,,0,0,,,0,0,0,,0,0,,0,6,1962-122; 1965-093; 1979-098; 1989-030; 2018-018; 2019-041,16 U.S.C. 3101; 30 U.S.C. 181; 44 U.S.C. 3501,6,0,6,temporally_excluded_before_public_law_enactment,bill_action_metadata; law_revision_text_proxy; official_olrc_public_law_marker_adjudication; official_olrc_post_only_public_law_marker; statutory_lineage_target_section_review_packet; statutory_lineage_target_section_diff_review; statutory_lineage_source_reviewed_target_section_diff; sponsor_district_public_opinion_metadata; sponsor_district_bill_policy_area_context; topic_throughput_policy_area; campaign_finance_sponsor_policy_area_context; lobbying_issue_bill_policy_area_context; official_lda_filing_text_bill_identifier; federal_register_authority_search_match; federal_register_authority_text_verified; federal_register_proposed_rule_history_match; proposed_rule_shared_identifier_match; proposed_rule_regulations_gov_comment_portal_metadata; federal_register_exposed_regulations_gov_comment_metadata; federal_register_final_effective_date_timing; federal_register_proposed_to_final_timing; court_review_usc_section_authority_overlap; scdb_law_minor_usc_section,statutory_lineage_target_section_diff_review; statutory_lineage_source_reviewed_target_section_diff; public_law_federal_register_authority_context; public_law_rulemaking_history_context; public_law_federal_register_comment_metadata_context; public_law_court_usc_section_overlap_context; court_public_law_direct_review_disposition; bill_law_evidence_spine_context,public_law_causal_attribution; law_revision_effective_text; complete_codified_usc_lineage_review; complete_regulations_comments; implementation_outcomes_or_enforcement; direct_court_review_of_target_section; welfare_or_public_benefit; model_validation; exact_target_reference_implementation_authority; exact_target_reference_court_overlap; direct_case_to_public_law_identifier,"Target-section lifecycle bridge only; base U.S.C. section overlaps are metadata context and are not exact target-reference or subsection evidence. Raw SCDB target-section overlaps are date-screened section-citation context and do not prove review of the queued public law, bill, note, or subsection. Public-law-level rows remain context. This artifact does not establish implementation outcomes, direct court review of the target section, public-law causal attribution, law-revision effective text, welfare, causal effects, or model validation."
8,8,22,117-hr-5376,117-169,2022-08-16,26 USC 860E,direct_us_code_reference,26 USC 860E,26 USC 860E,,26 USC 860E,26,860E,0,reviewed_pre_post_target_section_diff,1,amended_existing_target_section,target_diff_with_public_law_lifecycle_context_only,public_law_context_only,0,,0,,6,6,2026-07088; 2026-08280; 2025-14621; 2023-28775; 2025-19675; 2024-09105,37,6,1,1,2026-01926,6,final_and_proposed_comment_metadata; final_comment_metadata_only,6,4273,1,https://www.regulations.gov/docketBrowser?rpp=50&so=DESC&sb=postedDate&po=0&dct=PS&D=BLM-2025-0070,0,0,,,0,0,,0,0,,,0,0,0,,0,0,,0,6,1962-122; 1965-093; 1979-098; 1989-030; 2018-018; 2019-041,16 U.S.C. 3101; 30 U.S.C. 181; 44 U.S.C. 3501,6,0,6,temporally_excluded_before_public_law_enactment,bill_action_metadata; law_revision_text_proxy; official_olrc_public_law_marker_adjudication; official_olrc_post_only_public_law_marker; statutory_lineage_target_section_review_packet; statutory_lineage_target_section_diff_review; statutory_lineage_source_reviewed_target_section_diff; sponsor_district_public_opinion_metadata; sponsor_district_bill_policy_area_context; topic_throughput_policy_area; campaign_finance_sponsor_policy_area_context; lobbying_issue_bill_policy_area_context; official_lda_filing_text_bill_identifier; federal_register_authority_search_match; federal_register_authority_text_verified; federal_register_proposed_rule_history_match; proposed_rule_shared_identifier_match; proposed_rule_regulations_gov_comment_portal_metadata; federal_register_exposed_regulations_gov_comment_metadata; federal_register_final_effective_date_timing; federal_register_proposed_to_final_timing; court_review_usc_section_authority_overlap; scdb_law_minor_usc_section,statutory_lineage_target_section_diff_review; statutory_lineage_source_reviewed_target_section_diff; public_law_federal_register_authority_context; public_law_rulemaking_history_context; public_law_federal_register_comment_metadata_context; public_law_court_usc_section_overlap_context; court_public_law_direct_review_disposition; bill_law_evidence_spine_context,public_law_causal_attribution; law_revision_effective_text; complete_codified_usc_lineage_review; complete_regulations_comments; implementation_outcomes_or_enforcement; direct_court_review_of_target_section; welfare_or_public_benefit; model_validation; exact_target_reference_implementation_authority; exact_target_reference_court_overlap; direct_case_to_public_law_identifier,"Target-section lifecycle bridge only; base U.S.C. section overlaps are metadata context and are not exact target-reference or subsection evidence. Raw SCDB target-section overlaps are date-screened section-citation context and do not prove review of the queued public law, bill, note, or subsection. Public-law-level rows remain context. This artifact does not establish implementation outcomes, direct court review of the target section, public-law causal attribution, law-revision effective text, welfare, causal effects, or model validation."
9,9,1,117-hr-1437,117-229,2022-12-16,18 USC 3551 note,direct_us_code_reference,18 USC 3551 note,18 USC 3551 note,,18 USC 3551 note,18,3551,1,reviewed_pre_post_target_section_diff,1,amended_existing_target_section_with_effective_date_note,target_diff_with_public_law_lifecycle_context_only,public_law_context_only,0,,0,,3,3,2025-14681; 2023-16252; 2024-17021,23,3,1,2,2024-07567; 2024-12164,3,final_and_proposed_comment_metadata; final_comment_metadata_only,3,0,1,https://www.regulations.gov/docketBrowser?rpp=50&so=DESC&sb=postedDate&po=0&dct=PS&D=CMS-2024-0131,0,0,,,0,0,,1,2,1988-023; 1991-043,18 U.S.C. 3551,2,0,0,1989-01-18..1992-03-09,0,0,,0,10,1952-008; 1954-048; 1961-012; 1969-007; 1983-084; 1983-145; 1994-055; 1997-024; 2003-032; 2010-010,18 U.S.C. 1001; 5 U.S.C. 552,10,0,10,temporally_excluded_before_public_law_enactment,bill_action_metadata; law_revision_text_proxy; official_olrc_public_law_marker_adjudication; official_olrc_post_only_public_law_marker; statutory_lineage_target_section_review_packet; statutory_lineage_target_section_diff_review; statutory_lineage_source_reviewed_target_section_diff; sponsor_district_public_opinion_metadata; sponsor_district_bill_policy_area_context; topic_throughput_policy_area; campaign_finance_sponsor_policy_area_context; lobbying_issue_bill_policy_area_context; official_lda_filing_text_bill_identifier; federal_register_authority_search_match; federal_register_authority_text_verified; federal_register_proposed_rule_history_match; proposed_rule_shared_identifier_match; proposed_rule_regulations_gov_comment_portal_metadata; federal_register_exposed_regulations_gov_comment_metadata; federal_register_final_effective_date_timing; federal_register_proposed_to_final_timing; court_review_usc_section_authority_overlap; scdb_law_minor_usc_section,statutory_lineage_target_section_diff_review; statutory_lineage_source_reviewed_target_section_diff; public_law_federal_register_authority_context; public_law_rulemaking_history_context; public_law_federal_register_comment_metadata_context; public_law_court_usc_section_overlap_context; raw_scdb_target_base_section_overlap_context; court_public_law_direct_review_disposition; bill_law_evidence_spine_context,public_law_causal_attribution; law_revision_effective_text; complete_codified_usc_lineage_review; complete_regulations_comments; implementation_outcomes_or_enforcement; direct_court_review_of_target_section; welfare_or_public_benefit; model_validation; exact_target_reference_implementation_authority; exact_target_reference_court_overlap; source_reviewed_raw_scdb_target_section_disposition; direct_case_to_public_law_identifier,"Target-section lifecycle bridge only; base U.S.C. section overlaps are metadata context and are not exact target-reference or subsection evidence. Raw SCDB target-section overlaps are date-screened section-citation context and do not prove review of the queued public law, bill, note, or subsection. Public-law-level rows remain context. This artifact does not establish implementation outcomes, direct court review of the target section, public-law causal attribution, law-revision effective text, welfare, causal effects, or model validation."
10,10,2,117-hr-1437,117-229,2022-12-16,42 USC 1395ww note,direct_us_code_reference,42 USC 1395ww note,42 USC 1395ww note,,42 USC 1395ww note,42,1395ww,1,reviewed_pre_post_target_section_diff,1,amended_existing_target_section_with_effective_date_note,target_diff_with_public_law_lifecycle_context_only,public_law_context_only,0,,0,,3,3,2025-14681; 2023-16252; 2024-17021,23,3,1,2,2024-07567; 2024-12164,3,final_and_proposed_comment_metadata; final_comment_metadata_only,3,0,1,https://www.regulations.gov/docketBrowser?rpp=50&so=DESC&sb=postedDate&po=0&dct=PS&D=CMS-2024-0131,0,0,,,0,0,,0,0,,,0,0,0,,0,0,,0,10,1952-008; 1954-048; 1961-012; 1969-007; 1983-084; 1983-145; 1994-055; 1997-024; 2003-032; 2010-010,18 U.S.C. 1001; 5 U.S.C. 552,10,0,10,temporally_excluded_before_public_law_enactment,bill_action_metadata; law_revision_text_proxy; official_olrc_public_law_marker_adjudication; official_olrc_post_only_public_law_marker; statutory_lineage_target_section_review_packet; statutory_lineage_target_section_diff_review; statutory_lineage_source_reviewed_target_section_diff; sponsor_district_public_opinion_metadata; sponsor_district_bill_policy_area_context; topic_throughput_policy_area; campaign_finance_sponsor_policy_area_context; lobbying_issue_bill_policy_area_context; official_lda_filing_text_bill_identifier; federal_register_authority_search_match; federal_register_authority_text_verified; federal_register_proposed_rule_history_match; proposed_rule_shared_identifier_match; proposed_rule_regulations_gov_comment_portal_metadata; federal_register_exposed_regulations_gov_comment_metadata; federal_register_final_effective_date_timing; federal_register_proposed_to_final_timing; court_review_usc_section_authority_overlap; scdb_law_minor_usc_section,statutory_lineage_target_section_diff_review; statutory_lineage_source_reviewed_target_section_diff; public_law_federal_register_authority_context; public_law_rulemaking_history_context; public_law_federal_register_comment_metadata_context; public_law_court_usc_section_overlap_context; court_public_law_direct_review_disposition; bill_law_evidence_spine_context,public_law_causal_attribution; law_revision_effective_text; complete_codified_usc_lineage_review; complete_regulations_comments; implementation_outcomes_or_enforcement; direct_court_review_of_target_section; welfare_or_public_benefit; model_validation; exact_target_reference_implementation_authority; exact_target_reference_court_overlap; direct_case_to_public_law_identifier,"Target-section lifecycle bridge only; base U.S.C. section overlaps are metadata context and are not exact target-reference or subsection evidence. Raw SCDB target-section overlaps are date-screened section-citation context and do not prove review of the queued public law, bill, note, or subsection. Public-law-level rows remain context. This artifact does not establish implementation outcomes, direct court review of the target section, public-law causal attribution, law-revision effective text, welfare, causal effects, or model validation."
11,11,3,117-hr-1437,117-229,2022-12-16,1 USC 1 note,direct_us_code_reference,1 USC 1 note,1 USC 1 note,,1 USC 1 note,1,1,1,reviewed_pre_post_target_section_diff,1,amended_existing_target_section,target_diff_with_public_law_lifecycle_context_only,public_law_context_only,0,,0,,3,3,2025-14681; 2023-16252; 2024-17021,23,3,1,2,2024-07567; 2024-12164,3,final_and_proposed_comment_metadata; final_comment_metadata_only,3,0,1,https://www.regulations.gov/docketBrowser?rpp=50&so=DESC&sb=postedDate&po=0&dct=PS&D=CMS-2024-0131,0,0,,,0,0,,0,0,,,0,0,0,,0,0,,0,10,1952-008; 1954-048; 1961-012; 1969-007; 1983-084; 1983-145; 1994-055; 1997-024; 2003-032; 2010-010,18 U.S.C. 1001; 5 U.S.C. 552,10,0,10,temporally_excluded_before_public_law_enactment,bill_action_metadata; law_revision_text_proxy; official_olrc_public_law_marker_adjudication; official_olrc_post_only_public_law_marker; statutory_lineage_target_section_review_packet; statutory_lineage_target_section_diff_review; statutory_lineage_source_reviewed_target_section_diff; sponsor_district_public_opinion_metadata; sponsor_district_bill_policy_area_context; topic_throughput_policy_area; campaign_finance_sponsor_policy_area_context; lobbying_issue_bill_policy_area_context; official_lda_filing_text_bill_identifier; federal_register_authority_search_match; federal_register_authority_text_verified; federal_register_proposed_rule_history_match; proposed_rule_shared_identifier_match; proposed_rule_regulations_gov_comment_portal_metadata; federal_register_exposed_regulations_gov_comment_metadata; federal_register_final_effective_date_timing; federal_register_proposed_to_final_timing; court_review_usc_section_authority_overlap; scdb_law_minor_usc_section,statutory_lineage_target_section_diff_review; statutory_lineage_source_reviewed_target_section_diff; public_law_federal_register_authority_context; public_law_rulemaking_history_context; public_law_federal_register_comment_metadata_context; public_law_court_usc_section_overlap_context; court_public_law_direct_review_disposition; bill_law_evidence_spine_context,public_law_causal_attribution; law_revision_effective_text; complete_codified_usc_lineage_review; complete_regulations_comments; implementation_outcomes_or_enforcement; direct_court_review_of_target_section; welfare_or_public_benefit; model_validation; exact_target_reference_implementation_authority; exact_target_reference_court_overlap; direct_case_to_public_law_identifier,"Target-section lifecycle bridge only; base U.S.C. section overlaps are metadata context and are not exact target-reference or subsection evidence. Raw SCDB target-section overlaps are date-screened section-citation context and do not prove review of the queued public law, bill, note, or subsection. Public-law-level rows remain context. This artifact does not establish implementation outcomes, direct court review of the target section, public-law causal attribution, law-revision effective text, welfare, causal effects, or model validation."
12,12,4,117-hr-1437,117-229,2022-12-16,18 USC 1 note,direct_us_code_reference,18 USC 1 note,18 USC 1 note,,18 USC 1 note,18,1,1,reviewed_pre_post_target_section_diff,1,amended_existing_target_section,target_diff_with_public_law_lifecycle_context_only,public_law_context_only,0,,0,,3,3,2025-14681; 2023-16252; 2024-17021,23,3,1,2,2024-07567; 2024-12164,3,final_and_proposed_comment_metadata; final_comment_metadata_only,3,0,1,https://www.regulations.gov/docketBrowser?rpp=50&so=DESC&sb=postedDate&po=0&dct=PS&D=CMS-2024-0131,0,0,,,0,0,,0,0,,,0,0,0,,0,0,,0,10,1952-008; 1954-048; 1961-012; 1969-007; 1983-084; 1983-145; 1994-055; 1997-024; 2003-032; 2010-010,18 U.S.C. 1001; 5 U.S.C. 552,10,0,10,temporally_excluded_before_public_law_enactment,bill_action_metadata; law_revision_text_proxy; official_olrc_public_law_marker_adjudication; official_olrc_post_only_public_law_marker; statutory_lineage_target_section_review_packet; statutory_lineage_target_section_diff_review; statutory_lineage_source_reviewed_target_section_diff; sponsor_district_public_opinion_metadata; sponsor_district_bill_policy_area_context; topic_throughput_policy_area; campaign_finance_sponsor_policy_area_context; lobbying_issue_bill_policy_area_context; official_lda_filing_text_bill_identifier; federal_register_authority_search_match; federal_register_authority_text_verified; federal_register_proposed_rule_history_match; proposed_rule_shared_identifier_match; proposed_rule_regulations_gov_comment_portal_metadata; federal_register_exposed_regulations_gov_comment_metadata; federal_register_final_effective_date_timing; federal_register_proposed_to_final_timing; court_review_usc_section_authority_overlap; scdb_law_minor_usc_section,statutory_lineage_target_section_diff_review; statutory_lineage_source_reviewed_target_section_diff; public_law_federal_register_authority_context; public_law_rulemaking_history_context; public_law_federal_register_comment_metadata_context; public_law_court_usc_section_overlap_context; court_public_law_direct_review_disposition; bill_law_evidence_spine_context,public_law_causal_attribution; law_revision_effective_text; complete_codified_usc_lineage_review; complete_regulations_comments; implementation_outcomes_or_enforcement; direct_court_review_of_target_section; welfare_or_public_benefit; model_validation; exact_target_reference_implementation_authority; exact_target_reference_court_overlap; direct_case_to_public_law_identifier,"Target-section lifecycle bridge only; base U.S.C. section overlaps are metadata context and are not exact target-reference or subsection evidence. Raw SCDB target-section overlaps are date-screened section-citation context and do not prove review of the queued public law, bill, note, or subsection. Public-law-level rows remain context. This artifact does not establish implementation outcomes, direct court review of the target section, public-law causal attribution, law-revision effective text, welfare, causal effects, or model validation."
13,13,5,117-hr-1437,117-229,2022-12-16,18 USC 3014(a),title_code_section_phrase,18 USC 3014,18 USC 3014,(a),18 USC 3014(a),18,3014,0,reviewed_pre_post_target_section_diff,1,amended_existing_target_section,target_diff_with_public_law_lifecycle_context_only,public_law_context_only,0,,0,,3,3,2025-14681; 2023-16252; 2024-17021,23,3,1,2,2024-07567; 2024-12164,3,final_and_proposed_comment_metadata; final_comment_metadata_only,3,0,1,https://www.regulations.gov/docketBrowser?rpp=50&so=DESC&sb=postedDate&po=0&dct=PS&D=CMS-2024-0131,0,0,,,0,0,,0,0,,,0,0,0,,0,0,,0,10,1952-008; 1954-048; 1961-012; 1969-007; 1983-084; 1983-145; 1994-055; 1997-024; 2003-032; 2010-010,18 U.S.C. 1001; 5 U.S.C. 552,10,0,10,temporally_excluded_before_public_law_enactment,bill_action_metadata; law_revision_text_proxy; official_olrc_public_law_marker_adjudication; official_olrc_post_only_public_law_marker; statutory_lineage_target_section_review_packet; statutory_lineage_target_section_diff_review; statutory_lineage_source_reviewed_target_section_diff; sponsor_district_public_opinion_metadata; sponsor_district_bill_policy_area_context; topic_throughput_policy_area; campaign_finance_sponsor_policy_area_context; lobbying_issue_bill_policy_area_context; official_lda_filing_text_bill_identifier; federal_register_authority_search_match; federal_register_authority_text_verified; federal_register_proposed_rule_history_match; proposed_rule_shared_identifier_match; proposed_rule_regulations_gov_comment_portal_metadata; federal_register_exposed_regulations_gov_comment_metadata; federal_register_final_effective_date_timing; federal_register_proposed_to_final_timing; court_review_usc_section_authority_overlap; scdb_law_minor_usc_section,statutory_lineage_target_section_diff_review; statutory_lineage_source_reviewed_target_section_diff; public_law_federal_register_authority_context; public_law_rulemaking_history_context; public_law_federal_register_comment_metadata_context; public_law_court_usc_section_overlap_context; court_public_law_direct_review_disposition; bill_law_evidence_spine_context,public_law_causal_attribution; law_revision_effective_text; complete_codified_usc_lineage_review; complete_regulations_comments; implementation_outcomes_or_enforcement; direct_court_review_of_target_section; welfare_or_public_benefit; model_validation; exact_target_reference_implementation_authority; exact_target_reference_court_overlap; direct_case_to_public_law_identifier,"Target-section lifecycle bridge only; base U.S.C. section overlaps are metadata context and are not exact target-reference or subsection evidence. Raw SCDB target-section overlaps are date-screened section-citation context and do not prove review of the queued public law, bill, note, or subsection. Public-law-level rows remain context. This artifact does not establish implementation outcomes, direct court review of the target section, public-law causal attribution, law-revision effective text, welfare, causal effects, or model validation."
14,14,7,117-hr-1437,117-229,2022-12-16,21 USC 360j(m)(6)(A)(iv),direct_us_code_reference,21 USC 360j,21 USC 360j,(m)(6)(A)(iv),21 USC 360j(m)(6)(A)(iv),21,360j,0,reviewed_pre_post_target_section_diff,1,amended_existing_target_section,target_diff_with_public_law_lifecycle_context_only,public_law_context_only,0,,0,,3,3,2025-14681; 2023-16252; 2024-17021,23,3,1,2,2024-07567; 2024-12164,3,final_and_proposed_comment_metadata; final_comment_metadata_only,3,0,1,https://www.regulations.gov/docketBrowser?rpp=50&so=DESC&sb=postedDate&po=0&dct=PS&D=CMS-2024-0131,0,0,,,0,0,,0,0,,,0,0,0,,0,0,,0,10,1952-008; 1954-048; 1961-012; 1969-007; 1983-084; 1983-145; 1994-055; 1997-024; 2003-032; 2010-010,18 U.S.C. 1001; 5 U.S.C. 552,10,0,10,temporally_excluded_before_public_law_enactment,bill_action_metadata; law_revision_text_proxy; official_olrc_public_law_marker_adjudication; official_olrc_post_only_public_law_marker; statutory_lineage_target_section_review_packet; statutory_lineage_target_section_diff_review; statutory_lineage_source_reviewed_target_section_diff; sponsor_district_public_opinion_metadata; sponsor_district_bill_policy_area_context; topic_throughput_policy_area; campaign_finance_sponsor_policy_area_context; lobbying_issue_bill_policy_area_context; official_lda_filing_text_bill_identifier; federal_register_authority_search_match; federal_register_authority_text_verified; federal_register_proposed_rule_history_match; proposed_rule_shared_identifier_match; proposed_rule_regulations_gov_comment_portal_metadata; federal_register_exposed_regulations_gov_comment_metadata; federal_register_final_effective_date_timing; federal_register_proposed_to_final_timing; court_review_usc_section_authority_overlap; scdb_law_minor_usc_section,statutory_lineage_target_section_diff_review; statutory_lineage_source_reviewed_target_section_diff; public_law_federal_register_authority_context; public_law_rulemaking_history_context; public_law_federal_register_comment_metadata_context; public_law_court_usc_section_overlap_context; court_public_law_direct_review_disposition; bill_law_evidence_spine_context,public_law_causal_attribution; law_revision_effective_text; complete_codified_usc_lineage_review; complete_regulations_comments; implementation_outcomes_or_enforcement; direct_court_review_of_target_section; welfare_or_public_benefit; model_validation; exact_target_reference_implementation_authority; exact_target_reference_court_overlap; direct_case_to_public_law_identifier,"Target-section lifecycle bridge only; base U.S.C. section overlaps are metadata context and are not exact target-reference or subsection evidence. Raw SCDB target-section overlaps are date-screened section-citation context and do not prove review of the queued public law, bill, note, or subsection. Public-law-level rows remain context. This artifact does not establish implementation outcomes, direct court review of the target section, public-law causal attribution, law-revision effective text, welfare, causal effects, or model validation."
15,15,9,117-hr-1437,117-229,2022-12-16,42 USC 1395ww(b)(3)(D),direct_us_code_reference,42 USC 1395ww,42 USC 1395ww,(b)(3)(D),42 USC 1395ww(b)(3)(D),42,1395ww,0,reviewed_pre_post_target_section_diff,1,amended_existing_target_section,target_diff_with_authority_base_section_context,base_section_context,1,42 U.S.C. 1395ww(d)(3)(E)(i; 42 U.S.C. 1395ww(m,0,,3,3,2025-14681; 2023-16252; 2024-17021,23,3,1,2,2024-07567; 2024-12164,3,final_and_proposed_comment_metadata; final_comment_metadata_only,3,0,1,https://www.regulations.gov/docketBrowser?rpp=50&so=DESC&sb=postedDate&po=0&dct=PS&D=CMS-2024-0131,0,0,,,0,0,,0,0,,,0,0,0,,0,0,,0,10,1952-008; 1954-048; 1961-012; 1969-007; 1983-084; 1983-145; 1994-055; 1997-024; 2003-032; 2010-010,18 U.S.C. 1001; 5 U.S.C. 552,10,0,10,temporally_excluded_before_public_law_enactment,bill_action_metadata; law_revision_text_proxy; official_olrc_public_law_marker_adjudication; official_olrc_post_only_public_law_marker; statutory_lineage_target_section_review_packet; statutory_lineage_target_section_diff_review; statutory_lineage_source_reviewed_target_section_diff; sponsor_district_public_opinion_metadata; sponsor_district_bill_policy_area_context; topic_throughput_policy_area; campaign_finance_sponsor_policy_area_context; lobbying_issue_bill_policy_area_context; official_lda_filing_text_bill_identifier; federal_register_authority_search_match; federal_register_authority_text_verified; federal_register_proposed_rule_history_match; proposed_rule_shared_identifier_match; proposed_rule_regulations_gov_comment_portal_metadata; federal_register_exposed_regulations_gov_comment_metadata; federal_register_final_effective_date_timing; federal_register_proposed_to_final_timing; court_review_usc_section_authority_overlap; scdb_law_minor_usc_section,statutory_lineage_target_section_diff_review; statutory_lineage_source_reviewed_target_section_diff; public_law_federal_register_authority_context; target_base_section_authority_usc_overlap; public_law_rulemaking_history_context; public_law_federal_register_comment_metadata_context; public_law_court_usc_section_overlap_context; court_public_law_direct_review_disposition; bill_law_evidence_spine_context,public_law_causal_attribution; law_revision_effective_text; complete_codified_usc_lineage_review; complete_regulations_comments; implementation_outcomes_or_enforcement; direct_court_review_of_target_section; welfare_or_public_benefit; model_validation; exact_target_reference_implementation_authority; exact_target_reference_court_overlap; direct_case_to_public_law_identifier,"Target-section lifecycle bridge only; base U.S.C. section overlaps are metadata context and are not exact target-reference or subsection evidence. Raw SCDB target-section overlaps are date-screened section-citation context and do not prove review of the queued public law, bill, note, or subsection. Public-law-level rows remain context. This artifact does not establish implementation outcomes, direct court review of the target section, public-law causal attribution, law-revision effective text, welfare, causal effects, or model validation."
16,16,10,117-hr-1437,117-229,2022-12-16,42 USC 1395ww(d)(5)(G),direct_us_code_reference,42 USC 1395ww,42 USC 1395ww,(d)(5)(G),42 USC 1395ww(d)(5)(G),42,1395ww,0,reviewed_pre_post_target_section_diff,1,amended_existing_target_section,target_diff_with_authority_base_section_context,base_section_context,1,42 U.S.C. 1395ww(d)(3)(E)(i; 42 U.S.C. 1395ww(m,0,,3,3,2025-14681; 2023-16252; 2024-17021,23,3,1,2,2024-07567; 2024-12164,3,final_and_proposed_comment_metadata; final_comment_metadata_only,3,0,1,https://www.regulations.gov/docketBrowser?rpp=50&so=DESC&sb=postedDate&po=0&dct=PS&D=CMS-2024-0131,0,0,,,0,0,,0,0,,,0,0,0,,0,0,,0,10,1952-008; 1954-048; 1961-012; 1969-007; 1983-084; 1983-145; 1994-055; 1997-024; 2003-032; 2010-010,18 U.S.C. 1001; 5 U.S.C. 552,10,0,10,temporally_excluded_before_public_law_enactment,bill_action_metadata; law_revision_text_proxy; official_olrc_public_law_marker_adjudication; official_olrc_post_only_public_law_marker; statutory_lineage_target_section_review_packet; statutory_lineage_target_section_diff_review; statutory_lineage_source_reviewed_target_section_diff; sponsor_district_public_opinion_metadata; sponsor_district_bill_policy_area_context; topic_throughput_policy_area; campaign_finance_sponsor_policy_area_context; lobbying_issue_bill_policy_area_context; official_lda_filing_text_bill_identifier; federal_register_authority_search_match; federal_register_authority_text_verified; federal_register_proposed_rule_history_match; proposed_rule_shared_identifier_match; proposed_rule_regulations_gov_comment_portal_metadata; federal_register_exposed_regulations_gov_comment_metadata; federal_register_final_effective_date_timing; federal_register_proposed_to_final_timing; court_review_usc_section_authority_overlap; scdb_law_minor_usc_section,statutory_lineage_target_section_diff_review; statutory_lineage_source_reviewed_target_section_diff; public_law_federal_register_authority_context; target_base_section_authority_usc_overlap; public_law_rulemaking_history_context; public_law_federal_register_comment_metadata_context; public_law_court_usc_section_overlap_context; court_public_law_direct_review_disposition; bill_law_evidence_spine_context,public_law_causal_attribution; law_revision_effective_text; complete_codified_usc_lineage_review; complete_regulations_comments; implementation_outcomes_or_enforcement; direct_court_review_of_target_section; welfare_or_public_benefit; model_validation; exact_target_reference_implementation_authority; exact_target_reference_court_overlap; direct_case_to_public_law_identifier,"Target-section lifecycle bridge only; base U.S.C. section overlaps are metadata context and are not exact target-reference or subsection evidence. Raw SCDB target-section overlaps are date-screened section-citation context and do not prove review of the queued public law, bill, note, or subsection. Public-law-level rows remain context. This artifact does not establish implementation outcomes, direct court review of the target section, public-law causal attribution, law-revision effective text, welfare, causal effects, or model validation."
17,17,11,117-hr-1437,117-229,2022-12-16,42 USC 1396d(ff),direct_us_code_reference,42 USC 1396d,42 USC 1396d,(ff),42 USC 1396d(ff),42,1396d,0,reviewed_pre_post_target_section_diff,1,amended_existing_target_section,target_diff_with_public_law_lifecycle_context_only,public_law_context_only,0,,0,,3,3,2025-14681; 2023-16252; 2024-17021,23,3,1,2,2024-07567; 2024-12164,3,final_and_proposed_comment_metadata; final_comment_metadata_only,3,0,1,https://www.regulations.gov/docketBrowser?rpp=50&so=DESC&sb=postedDate&po=0&dct=PS&D=CMS-2024-0131,0,0,,,0,0,,0,0,,,0,0,0,,0,0,,0,10,1952-008; 1954-048; 1961-012; 1969-007; 1983-084; 1983-145; 1994-055; 1997-024; 2003-032; 2010-010,18 U.S.C. 1001; 5 U.S.C. 552,10,0,10,temporally_excluded_before_public_law_enactment,bill_action_metadata; law_revision_text_proxy; official_olrc_public_law_marker_adjudication; official_olrc_post_only_public_law_marker; statutory_lineage_target_section_review_packet; statutory_lineage_target_section_diff_review; statutory_lineage_source_reviewed_target_section_diff; sponsor_district_public_opinion_metadata; sponsor_district_bill_policy_area_context; topic_throughput_policy_area; campaign_finance_sponsor_policy_area_context; lobbying_issue_bill_policy_area_context; official_lda_filing_text_bill_identifier; federal_register_authority_search_match; federal_register_authority_text_verified; federal_register_proposed_rule_history_match; proposed_rule_shared_identifier_match; proposed_rule_regulations_gov_comment_portal_metadata; federal_register_exposed_regulations_gov_comment_metadata; federal_register_final_effective_date_timing; federal_register_proposed_to_final_timing; court_review_usc_section_authority_overlap; scdb_law_minor_usc_section,statutory_lineage_target_section_diff_review; statutory_lineage_source_reviewed_target_section_diff; public_law_federal_register_authority_context; public_law_rulemaking_history_context; public_law_federal_register_comment_metadata_context; public_law_court_usc_section_overlap_context; court_public_law_direct_review_disposition; bill_law_evidence_spine_context,public_law_causal_attribution; law_revision_effective_text; complete_codified_usc_lineage_review; complete_regulations_comments; implementation_outcomes_or_enforcement; direct_court_review_of_target_section; welfare_or_public_benefit; model_validation; exact_target_reference_implementation_authority; exact_target_reference_court_overlap; direct_case_to_public_law_identifier,"Target-section lifecycle bridge only; base U.S.C. section overlaps are metadata context and are not exact target-reference or subsection evidence. Raw SCDB target-section overlaps are date-screened section-citation context and do not prove review of the queued public law, bill, note, or subsection. Public-law-level rows remain context. This artifact does not establish implementation outcomes, direct court review of the target section, public-law causal attribution, law-revision effective text, welfare, causal effects, or model validation."
18,18,12,117-hr-1437,117-229,2022-12-16,42 USC 282 note,direct_us_code_reference,42 USC 282 note,42 USC 282 note,,42 USC 282 note,42,282,1,reviewed_pre_post_target_section_diff,1,amended_existing_target_section,target_diff_with_public_law_lifecycle_context_only,public_law_context_only,0,,0,,3,3,2025-14681; 2023-16252; 2024-17021,23,3,1,2,2024-07567; 2024-12164,3,final_and_proposed_comment_metadata; final_comment_metadata_only,3,0,1,https://www.regulations.gov/docketBrowser?rpp=50&so=DESC&sb=postedDate&po=0&dct=PS&D=CMS-2024-0131,0,0,,,0,0,,0,0,,,0,0,0,,0,0,,0,10,1952-008; 1954-048; 1961-012; 1969-007; 1983-084; 1983-145; 1994-055; 1997-024; 2003-032; 2010-010,18 U.S.C. 1001; 5 U.S.C. 552,10,0,10,temporally_excluded_before_public_law_enactment,bill_action_metadata; law_revision_text_proxy; official_olrc_public_law_marker_adjudication; official_olrc_post_only_public_law_marker; statutory_lineage_target_section_review_packet; statutory_lineage_target_section_diff_review; statutory_lineage_source_reviewed_target_section_diff; sponsor_district_public_opinion_metadata; sponsor_district_bill_policy_area_context; topic_throughput_policy_area; campaign_finance_sponsor_policy_area_context; lobbying_issue_bill_policy_area_context; official_lda_filing_text_bill_identifier; federal_register_authority_search_match; federal_register_authority_text_verified; federal_register_proposed_rule_history_match; proposed_rule_shared_identifier_match; proposed_rule_regulations_gov_comment_portal_metadata; federal_register_exposed_regulations_gov_comment_metadata; federal_register_final_effective_date_timing; federal_register_proposed_to_final_timing; court_review_usc_section_authority_overlap; scdb_law_minor_usc_section,statutory_lineage_target_section_diff_review; statutory_lineage_source_reviewed_target_section_diff; public_law_federal_register_authority_context; public_law_rulemaking_history_context; public_law_federal_register_comment_metadata_context; public_law_court_usc_section_overlap_context; court_public_law_direct_review_disposition; bill_law_evidence_spine_context,public_law_causal_attribution; law_revision_effective_text; complete_codified_usc_lineage_review; complete_regulations_comments; implementation_outcomes_or_enforcement; direct_court_review_of_target_section; welfare_or_public_benefit; model_validation; exact_target_reference_implementation_authority; exact_target_reference_court_overlap; direct_case_to_public_law_identifier,"Target-section lifecycle bridge only; base U.S.C. section overlaps are metadata context and are not exact target-reference or subsection evidence. Raw SCDB target-section overlaps are date-screened section-citation context and do not prove review of the queued public law, bill, note, or subsection. Public-law-level rows remain context. This artifact does not establish implementation outcomes, direct court review of the target section, public-law causal attribution, law-revision effective text, welfare, causal effects, or model validation."
19,19,23,117-hr-6833,117-180,2022-09-30,18 USC 3551 note,direct_us_code_reference,18 USC 3551 note,18 USC 3551 note,,18 USC 3551 note,18,3551,1,reviewed_pre_post_target_section_diff,1,amended_existing_target_section,target_diff_with_public_law_lifecycle_context_only,public_law_context_only,0,,0,,6,6,2023-18457; 2022-26814; 2022-27236; 2022-24728; 2024-29353; 2025-14681,33,6,1,1,2023-20123,6,final_and_proposed_comment_metadata; final_comment_metadata_only,6,219,1,https://www.regulations.gov/docketBrowser?rpp=50&so=DESC&sb=postedDate&po=0&dct=PS&D=USCIS-2023-0012,0,0,,,0,0,,1,2,1988-023; 1991-043,18 U.S.C. 3551,2,0,0,1989-01-18..1992-03-09,0,0,,0,6,1957-118; 1959-047; 1973-124; 1989-030; 2003-032; 2010-010,28 U.S.C. 1346; 29 U.S.C. 206; 44 U.S.C. 3501; 5 U.S.C. 552,6,0,6,temporally_excluded_before_public_law_enactment,bill_action_metadata; law_revision_text_proxy; official_olrc_public_law_marker_adjudication; official_olrc_post_only_public_law_marker; statutory_lineage_target_section_review_packet; statutory_lineage_target_section_diff_review; statutory_lineage_source_reviewed_target_section_diff; sponsor_district_public_opinion_metadata; sponsor_district_bill_policy_area_context; topic_throughput_policy_area; campaign_finance_sponsor_policy_area_context; lobbying_issue_bill_policy_area_context; official_lda_filing_text_bill_identifier; federal_register_authority_search_match; federal_register_authority_text_verified; federal_register_proposed_rule_history_match; proposed_rule_shared_identifier_match; proposed_rule_regulations_gov_comment_portal_metadata; federal_register_exposed_regulations_gov_comment_metadata; federal_register_final_effective_date_timing; federal_register_proposed_to_final_timing; court_review_usc_section_authority_overlap; scdb_law_minor_usc_section,statutory_lineage_target_section_diff_review; statutory_lineage_source_reviewed_target_section_diff; public_law_federal_register_authority_context; public_law_rulemaking_history_context; public_law_federal_register_comment_metadata_context; public_law_court_usc_section_overlap_context; raw_scdb_target_base_section_overlap_context; court_public_law_direct_review_disposition; bill_law_evidence_spine_context,public_law_causal_attribution; law_revision_effective_text; complete_codified_usc_lineage_review; complete_regulations_comments; implementation_outcomes_or_enforcement; direct_court_review_of_target_section; welfare_or_public_benefit; model_validation; exact_target_reference_implementation_authority; exact_target_reference_court_overlap; source_reviewed_raw_scdb_target_section_disposition; direct_case_to_public_law_identifier,"Target-section lifecycle bridge only; base U.S.C. section overlaps are metadata context and are not exact target-reference or subsection evidence. Raw SCDB target-section overlaps are date-screened section-citation context and do not prove review of the queued public law, bill, note, or subsection. Public-law-level rows remain context. This artifact does not establish implementation outcomes, direct court review of the target section, public-law causal attribution, law-revision effective text, welfare, causal effects, or model validation."
20,20,24,117-hr-6833,117-180,2022-09-30,18 USC 1 note,direct_us_code_reference,18 USC 1 note,18 USC 1 note,,18 USC 1 note,18,1,1,reviewed_pre_post_target_section_diff,1,amended_existing_target_section,target_diff_with_public_law_lifecycle_context_only,public_law_context_only,0,,0,,6,6,2023-18457; 2022-26814; 2022-27236; 2022-24728; 2024-29353; 2025-14681,33,6,1,1,2023-20123,6,final_and_proposed_comment_metadata; final_comment_metadata_only,6,219,1,https://www.regulations.gov/docketBrowser?rpp=50&so=DESC&sb=postedDate&po=0&dct=PS&D=USCIS-2023-0012,0,0,,,0,0,,0,0,,,0,0,0,,0,0,,0,6,1957-118; 1959-047; 1973-124; 1989-030; 2003-032; 2010-010,28 U.S.C. 1346; 29 U.S.C. 206; 44 U.S.C. 3501; 5 U.S.C. 552,6,0,6,temporally_excluded_before_public_law_enactment,bill_action_metadata; law_revision_text_proxy; official_olrc_public_law_marker_adjudication; official_olrc_post_only_public_law_marker; statutory_lineage_target_section_review_packet; statutory_lineage_target_section_diff_review; statutory_lineage_source_reviewed_target_section_diff; sponsor_district_public_opinion_metadata; sponsor_district_bill_policy_area_context; topic_throughput_policy_area; campaign_finance_sponsor_policy_area_context; lobbying_issue_bill_policy_area_context; official_lda_filing_text_bill_identifier; federal_register_authority_search_match; federal_register_authority_text_verified; federal_register_proposed_rule_history_match; proposed_rule_shared_identifier_match; proposed_rule_regulations_gov_comment_portal_metadata; federal_register_exposed_regulations_gov_comment_metadata; federal_register_final_effective_date_timing; federal_register_proposed_to_final_timing; court_review_usc_section_authority_overlap; scdb_law_minor_usc_section,statutory_lineage_target_section_diff_review; statutory_lineage_source_reviewed_target_section_diff; public_law_federal_register_authority_context; public_law_rulemaking_history_context; public_law_federal_register_comment_metadata_context; public_law_court_usc_section_overlap_context; court_public_law_direct_review_disposition; bill_law_evidence_spine_context,public_law_causal_attribution; law_revision_effective_text; complete_codified_usc_lineage_review; complete_regulations_comments; implementation_outcomes_or_enforcement; direct_court_review_of_target_section; welfare_or_public_benefit; model_validation; exact_target_reference_implementation_authority; exact_target_reference_court_overlap; direct_case_to_public_law_identifier,"Target-section lifecycle bridge only; base U.S.C. section overlaps are metadata context and are not exact target-reference or subsection evidence. Raw SCDB target-section overlaps are date-screened section-citation context and do not prove review of the queued public law, bill, note, or subsection. Public-law-level rows remain context. This artifact does not establish implementation outcomes, direct court review of the target section, public-law causal attribution, law-revision effective text, welfare, causal effects, or model validation."
21,21,25,117-hr-6833,117-180,2022-09-30,18 USC 3014(a),title_code_section_phrase,18 USC 3014,18 USC 3014,(a),18 USC 3014(a),18,3014,0,reviewed_pre_post_target_section_diff,1,amended_existing_target_section,target_diff_with_public_law_lifecycle_context_only,public_law_context_only,0,,0,,6,6,2023-18457; 2022-26814; 2022-27236; 2022-24728; 2024-29353; 2025-14681,33,6,1,1,2023-20123,6,final_and_proposed_comment_metadata; final_comment_metadata_only,6,219,1,https://www.regulations.gov/docketBrowser?rpp=50&so=DESC&sb=postedDate&po=0&dct=PS&D=USCIS-2023-0012,0,0,,,0,0,,0,0,,,0,0,0,,0,0,,0,6,1957-118; 1959-047; 1973-124; 1989-030; 2003-032; 2010-010,28 U.S.C. 1346; 29 U.S.C. 206; 44 U.S.C. 3501; 5 U.S.C. 552,6,0,6,temporally_excluded_before_public_law_enactment,bill_action_metadata; law_revision_text_proxy; official_olrc_public_law_marker_adjudication; official_olrc_post_only_public_law_marker; statutory_lineage_target_section_review_packet; statutory_lineage_target_section_diff_review; statutory_lineage_source_reviewed_target_section_diff; sponsor_district_public_opinion_metadata; sponsor_district_bill_policy_area_context; topic_throughput_policy_area; campaign_finance_sponsor_policy_area_context; lobbying_issue_bill_policy_area_context; official_lda_filing_text_bill_identifier; federal_register_authority_search_match; federal_register_authority_text_verified; federal_register_proposed_rule_history_match; proposed_rule_shared_identifier_match; proposed_rule_regulations_gov_comment_portal_metadata; federal_register_exposed_regulations_gov_comment_metadata; federal_register_final_effective_date_timing; federal_register_proposed_to_final_timing; court_review_usc_section_authority_overlap; scdb_law_minor_usc_section,statutory_lineage_target_section_diff_review; statutory_lineage_source_reviewed_target_section_diff; public_law_federal_register_authority_context; public_law_rulemaking_history_context; public_law_federal_register_comment_metadata_context; public_law_court_usc_section_overlap_context; court_public_law_direct_review_disposition; bill_law_evidence_spine_context,public_law_causal_attribution; law_revision_effective_text; complete_codified_usc_lineage_review; complete_regulations_comments; implementation_outcomes_or_enforcement; direct_court_review_of_target_section; welfare_or_public_benefit; model_validation; exact_target_reference_implementation_authority; exact_target_reference_court_overlap; direct_case_to_public_law_identifier,"Target-section lifecycle bridge only; base U.S.C. section overlaps are metadata context and are not exact target-reference or subsection evidence. Raw SCDB target-section overlaps are date-screened section-citation context and do not prove review of the queued public law, bill, note, or subsection. Public-law-level rows remain context. This artifact does not establish implementation outcomes, direct court review of the target section, public-law causal attribution, law-revision effective text, welfare, causal effects, or model validation."
22,22,28,117-hr-7776,117-263,2022-12-23,10 USC 101 note,direct_us_code_reference,10 USC 101 note,10 USC 101 note,,10 USC 101 note,10,101,1,reviewed_pre_post_target_section_diff,1,amended_existing_target_section,target_diff_with_public_law_lifecycle_context_only,public_law_context_only,0,,0,,6,6,2026-08148; 2026-11505; 2024-11825; 2025-20727; 2024-14121; 2024-29227,35,6,2,2,2024-15091; 2024-16335,6,final_and_proposed_comment_metadata; final_comment_metadata_only,6,0,2,https://www.regulations.gov/docketBrowser?rpp=50&so=DESC&sb=postedDate&po=0&dct=PS&D=DARS-2024-0023; https://www.regulations.gov/docketBrowser?rpp=50&so=DESC&sb=postedDate&po=0&dct=PS&D=DOD-2024-OS-0006,0,0,,,0,0,,0,0,,,0,0,0,,0,0,,0,3,1998-047; 1999-068; 2000-076,18 U.S.C. 6002; 19 U.S.C. 1202,3,0,3,temporally_excluded_before_public_law_enactment,bill_action_metadata; law_revision_text_proxy; official_olrc_public_law_marker_adjudication; official_olrc_post_only_public_law_marker; statutory_lineage_target_section_review_packet; statutory_lineage_target_section_diff_review; statutory_lineage_source_reviewed_target_section_diff; sponsor_district_public_opinion_metadata; sponsor_district_bill_policy_area_context; topic_throughput_policy_area; campaign_finance_sponsor_policy_area_context; lobbying_issue_bill_policy_area_context; official_lda_filing_text_bill_identifier; federal_register_authority_search_match; federal_register_authority_text_verified; federal_register_proposed_rule_history_match; proposed_rule_shared_identifier_match; proposed_rule_regulations_gov_comment_portal_metadata; federal_register_exposed_regulations_gov_comment_metadata; federal_register_final_effective_date_timing; federal_register_proposed_to_final_timing; court_review_usc_section_authority_overlap; scdb_law_minor_usc_section,statutory_lineage_target_section_diff_review; statutory_lineage_source_reviewed_target_section_diff; public_law_federal_register_authority_context; public_law_rulemaking_history_context; public_law_federal_register_comment_metadata_context; public_law_court_usc_section_overlap_context; court_public_law_direct_review_disposition; bill_law_evidence_spine_context,public_law_causal_attribution; law_revision_effective_text; complete_codified_usc_lineage_review; complete_regulations_comments; implementation_outcomes_or_enforcement; direct_court_review_of_target_section; welfare_or_public_benefit; model_validation; exact_target_reference_implementation_authority; exact_target_reference_court_overlap; direct_case_to_public_law_identifier,"Target-section lifecycle bridge only; base U.S.C. section overlaps are metadata context and are not exact target-reference or subsection evidence. Raw SCDB target-section overlaps are date-screened section-citation context and do not prove review of the queued public law, bill, note, or subsection. Public-law-level rows remain context. This artifact does not establish implementation outcomes, direct court review of the target section, public-law causal attribution, law-revision effective text, welfare, causal effects, or model validation."
23,23,29,117-hr-7776,117-263,2022-12-23,10 USC 8696,direct_us_code_reference,10 USC 8696,10 USC 8696,,10 USC 8696,10,8696,0,reviewed_added_target_section_diff,1,added_target_section,target_diff_with_public_law_lifecycle_context_only,public_law_context_only,0,,0,,6,6,2026-08148; 2026-11505; 2024-11825; 2025-20727; 2024-14121; 2024-29227,35,6,2,2,2024-15091; 2024-16335,6,final_and_proposed_comment_metadata; final_comment_metadata_only,6,0,2,https://www.regulations.gov/docketBrowser?rpp=50&so=DESC&sb=postedDate&po=0&dct=PS&D=DARS-2024-0023; https://www.regulations.gov/docketBrowser?rpp=50&so=DESC&sb=postedDate&po=0&dct=PS&D=DOD-2024-OS-0006,0,0,,,0,0,,0,0,,,0,0,0,,0,0,,0,3,1998-047; 1999-068; 2000-076,18 U.S.C. 6002; 19 U.S.C. 1202,3,0,3,temporally_excluded_before_public_law_enactment,bill_action_metadata; law_revision_text_proxy; official_olrc_public_law_marker_adjudication; official_olrc_post_only_public_law_marker; statutory_lineage_target_section_review_packet; statutory_lineage_target_section_diff_review; statutory_lineage_source_reviewed_target_section_diff; sponsor_district_public_opinion_metadata; sponsor_district_bill_policy_area_context; topic_throughput_policy_area; campaign_finance_sponsor_policy_area_context; lobbying_issue_bill_policy_area_context; official_lda_filing_text_bill_identifier; federal_register_authority_search_match; federal_register_authority_text_verified; federal_register_proposed_rule_history_match; proposed_rule_shared_identifier_match; proposed_rule_regulations_gov_comment_portal_metadata; federal_register_exposed_regulations_gov_comment_metadata; federal_register_final_effective_date_timing; federal_register_proposed_to_final_timing; court_review_usc_section_authority_overlap; scdb_law_minor_usc_section,statutory_lineage_target_section_diff_review; statutory_lineage_source_reviewed_target_section_diff; public_law_federal_register_authority_context; public_law_rulemaking_history_context; public_law_federal_register_comment_metadata_context; public_law_court_usc_section_overlap_context; court_public_law_direct_review_disposition; bill_law_evidence_spine_context,public_law_causal_attribution; law_revision_effective_text; complete_codified_usc_lineage_review; complete_regulations_comments; implementation_outcomes_or_enforcement; direct_court_review_of_target_section; welfare_or_public_benefit; model_validation; exact_target_reference_implementation_authority; exact_target_reference_court_overlap; direct_case_to_public_law_identifier,"Target-section lifecycle bridge only; base U.S.C. section overlaps are metadata context and are not exact target-reference or subsection evidence. Raw SCDB target-section overlaps are date-screened section-citation context and do not prove review of the queued public law, bill, note, or subsection. Public-law-level rows remain context. This artifact does not establish implementation outcomes, direct court review of the target section, public-law causal attribution, law-revision effective text, welfare, causal effects, or model validation."
24,24,31,117-hr-7776,117-263,2022-12-23,10 USC 8696 note,direct_us_code_reference,10 USC 8696 note,10 USC 8696 note,,10 USC 8696 note,10,8696,1,reviewed_added_target_section_diff,1,added_target_section_with_effective_date_note,target_diff_with_public_law_lifecycle_context_only,public_law_context_only,0,,0,,6,6,2026-08148; 2026-11505; 2024-11825; 2025-20727; 2024-14121; 2024-29227,35,6,2,2,2024-15091; 2024-16335,6,final_and_proposed_comment_metadata; final_comment_metadata_only,6,0,2,https://www.regulations.gov/docketBrowser?rpp=50&so=DESC&sb=postedDate&po=0&dct=PS&D=DARS-2024-0023; https://www.regulations.gov/docketBrowser?rpp=50&so=DESC&sb=postedDate&po=0&dct=PS&D=DOD-2024-OS-0006,0,0,,,0,0,,0,0,,,0,0,0,,0,0,,0,3,1998-047; 1999-068; 2000-076,18 U.S.C. 6002; 19 U.S.C. 1202,3,0,3,temporally_excluded_before_public_law_enactment,bill_action_metadata; law_revision_text_proxy; official_olrc_public_law_marker_adjudication; official_olrc_post_only_public_law_marker; statutory_lineage_target_section_review_packet; statutory_lineage_target_section_diff_review; statutory_lineage_source_reviewed_target_section_diff; sponsor_district_public_opinion_metadata; sponsor_district_bill_policy_area_context; topic_throughput_policy_area; campaign_finance_sponsor_policy_area_context; lobbying_issue_bill_policy_area_context; official_lda_filing_text_bill_identifier; federal_register_authority_search_match; federal_register_authority_text_verified; federal_register_proposed_rule_history_match; proposed_rule_shared_identifier_match; proposed_rule_regulations_gov_comment_portal_metadata; federal_register_exposed_regulations_gov_comment_metadata; federal_register_final_effective_date_timing; federal_register_proposed_to_final_timing; court_review_usc_section_authority_overlap; scdb_law_minor_usc_section,statutory_lineage_target_section_diff_review; statutory_lineage_source_reviewed_target_section_diff; public_law_federal_register_authority_context; public_law_rulemaking_history_context; public_law_federal_register_comment_metadata_context; public_law_court_usc_section_overlap_context; court_public_law_direct_review_disposition; bill_law_evidence_spine_context,public_law_causal_attribution; law_revision_effective_text; complete_codified_usc_lineage_review; complete_regulations_comments; implementation_outcomes_or_enforcement; direct_court_review_of_target_section; welfare_or_public_benefit; model_validation; exact_target_reference_implementation_authority; exact_target_reference_court_overlap; direct_case_to_public_law_identifier,"Target-section lifecycle bridge only; base U.S.C. section overlaps are metadata context and are not exact target-reference or subsection evidence. Raw SCDB target-section overlaps are date-screened section-citation context and do not prove review of the queued public law, bill, note, or subsection. Public-law-level rows remain context. This artifact does not establish implementation outcomes, direct court review of the target section, public-law causal attribution, law-revision effective text, welfare, causal effects, or model validation."
25,25,32,117-hr-7776,117-263,2022-12-23,10 USC 9062(j),title_code_section_phrase,10 USC 9062,10 USC 9062,(j),10 USC 9062(j),10,9062,0,reviewed_pre_post_target_section_diff,1,amended_existing_target_section,target_diff_with_public_law_lifecycle_context_only,public_law_context_only,0,,0,,6,6,2026-08148; 2026-11505; 2024-11825; 2025-20727; 2024-14121; 2024-29227,35,6,2,2,2024-15091; 2024-16335,6,final_and_proposed_comment_metadata; final_comment_metadata_only,6,0,2,https://www.regulations.gov/docketBrowser?rpp=50&so=DESC&sb=postedDate&po=0&dct=PS&D=DARS-2024-0023; https://www.regulations.gov/docketBrowser?rpp=50&so=DESC&sb=postedDate&po=0&dct=PS&D=DOD-2024-OS-0006,0,0,,,0,0,,0,0,,,0,0,0,,0,0,,0,3,1998-047; 1999-068; 2000-076,18 U.S.C. 6002; 19 U.S.C. 1202,3,0,3,temporally_excluded_before_public_law_enactment,bill_action_metadata; law_revision_text_proxy; official_olrc_public_law_marker_adjudication; official_olrc_post_only_public_law_marker; statutory_lineage_target_section_review_packet; statutory_lineage_target_section_diff_review; statutory_lineage_source_reviewed_target_section_diff; sponsor_district_public_opinion_metadata; sponsor_district_bill_policy_area_context; topic_throughput_policy_area; campaign_finance_sponsor_policy_area_context; lobbying_issue_bill_policy_area_context; official_lda_filing_text_bill_identifier; federal_register_authority_search_match; federal_register_authority_text_verified; federal_register_proposed_rule_history_match; proposed_rule_shared_identifier_match; proposed_rule_regulations_gov_comment_portal_metadata; federal_register_exposed_regulations_gov_comment_metadata; federal_register_final_effective_date_timing; federal_register_proposed_to_final_timing; court_review_usc_section_authority_overlap; scdb_law_minor_usc_section,statutory_lineage_target_section_diff_review; statutory_lineage_source_reviewed_target_section_diff; public_law_federal_register_authority_context; public_law_rulemaking_history_context; public_law_federal_register_comment_metadata_context; public_law_court_usc_section_overlap_context; court_public_law_direct_review_disposition; bill_law_evidence_spine_context,public_law_causal_attribution; law_revision_effective_text; complete_codified_usc_lineage_review; complete_regulations_comments; implementation_outcomes_or_enforcement; direct_court_review_of_target_section; welfare_or_public_benefit; model_validation; exact_target_reference_implementation_authority; exact_target_reference_court_overlap; direct_case_to_public_law_identifier,"Target-section lifecycle bridge only; base U.S.C. section overlaps are metadata context and are not exact target-reference or subsection evidence. Raw SCDB target-section overlaps are date-screened section-citation context and do not prove review of the queued public law, bill, note, or subsection. Public-law-level rows remain context. This artifact does not establish implementation outcomes, direct court review of the target section, public-law causal attribution, law-revision effective text, welfare, causal effects, or model validation."
26,26,33,117-hr-6604,117-297,2022-12-27,38 USC 101 note,direct_us_code_reference,38 USC 101 note,38 USC 101 note,,38 USC 101 note,38,101,1,reviewed_pre_post_target_section_diff,1,amended_existing_target_section,target_diff_with_public_law_lifecycle_context_only,public_law_context_only,0,,0,,1,1,2024-18345,14,1,1,1,2023-03964,1,final_and_proposed_comment_metadata,1,0,1,https://www.regulations.gov/docketBrowser?rpp=50&so=DESC&sb=postedDate&po=0&dct=PS&D=VA-2023-VBA-0010,0,0,,,0,0,,0,0,,,0,0,0,,0,0,,0,0,,,0,0,0,,bill_action_metadata; law_revision_text_proxy; official_olrc_public_law_marker_adjudication; official_olrc_post_only_public_law_marker; statutory_lineage_target_section_review_packet; statutory_lineage_target_section_diff_review; statutory_lineage_source_reviewed_target_section_diff; sponsor_district_public_opinion_metadata; sponsor_district_bill_policy_area_context; topic_throughput_policy_area; campaign_finance_sponsor_policy_area_context; lobbying_issue_bill_policy_area_context; official_lda_filing_text_bill_identifier; federal_register_authority_search_match; federal_register_authority_text_verified; federal_register_proposed_rule_history_match; proposed_rule_shared_identifier_match; proposed_rule_regulations_gov_comment_portal_metadata; federal_register_exposed_regulations_gov_comment_metadata; federal_register_final_effective_date_timing; federal_register_proposed_to_final_timing,statutory_lineage_target_section_diff_review; statutory_lineage_source_reviewed_target_section_diff; public_law_federal_register_authority_context; public_law_rulemaking_history_context; public_law_federal_register_comment_metadata_context; bill_law_evidence_spine_context,public_law_causal_attribution; law_revision_effective_text; complete_codified_usc_lineage_review; complete_regulations_comments; implementation_outcomes_or_enforcement; direct_court_review_of_target_section; welfare_or_public_benefit; model_validation; exact_target_reference_implementation_authority; exact_target_reference_court_overlap; direct_case_to_public_law_identifier,"Target-section lifecycle bridge only; base U.S.C. section overlaps are metadata context and are not exact target-reference or subsection evidence. Raw SCDB target-section overlaps are date-screened section-citation context and do not prove review of the queued public law, bill, note, or subsection. Public-law-level rows remain context. This artifact does not establish implementation outcomes, direct court review of the target section, public-law causal attribution, law-revision effective text, welfare, causal effects, or model validation."
27,27,34,117-hr-6604,117-297,2022-12-27,38 USC 3319(e),title_code_section_phrase,38 USC 3319,38 USC 3319,(e),38 USC 3319(e),38,3319,0,reviewed_pre_post_target_section_diff,1,amended_existing_target_section,target_diff_with_public_law_lifecycle_context_only,public_law_context_only,0,,0,,1,1,2024-18345,14,1,1,1,2023-03964,1,final_and_proposed_comment_metadata,1,0,1,https://www.regulations.gov/docketBrowser?rpp=50&so=DESC&sb=postedDate&po=0&dct=PS&D=VA-2023-VBA-0010,0,0,,,0,0,,0,0,,,0,0,0,,0,0,,0,0,,,0,0,0,,bill_action_metadata; law_revision_text_proxy; official_olrc_public_law_marker_adjudication; official_olrc_post_only_public_law_marker; statutory_lineage_target_section_review_packet; statutory_lineage_target_section_diff_review; statutory_lineage_source_reviewed_target_section_diff; sponsor_district_public_opinion_metadata; sponsor_district_bill_policy_area_context; topic_throughput_policy_area; campaign_finance_sponsor_policy_area_context; lobbying_issue_bill_policy_area_context; official_lda_filing_text_bill_identifier; federal_register_authority_search_match; federal_register_authority_text_verified; federal_register_proposed_rule_history_match; proposed_rule_shared_identifier_match; proposed_rule_regulations_gov_comment_portal_metadata; federal_register_exposed_regulations_gov_comment_metadata; federal_register_final_effective_date_timing; federal_register_proposed_to_final_timing,statutory_lineage_target_section_diff_review; statutory_lineage_source_reviewed_target_section_diff; public_law_federal_register_authority_context; public_law_rulemaking_history_context; public_law_federal_register_comment_metadata_context; bill_law_evidence_spine_context,public_law_causal_attribution; law_revision_effective_text; complete_codified_usc_lineage_review; complete_regulations_comments; implementation_outcomes_or_enforcement; direct_court_review_of_target_section; welfare_or_public_benefit; model_validation; exact_target_reference_implementation_authority; exact_target_reference_court_overlap; direct_case_to_public_law_identifier,"Target-section lifecycle bridge only; base U.S.C. section overlaps are metadata context and are not exact target-reference or subsection evidence. Raw SCDB target-section overlaps are date-screened section-citation context and do not prove review of the queued public law, bill, note, or subsection. Public-law-level rows remain context. This artifact does not establish implementation outcomes, direct court review of the target section, public-law causal attribution, law-revision effective text, welfare, causal effects, or model validation."
28,28,35,117-hr-6604,117-297,2022-12-27,38 USC 3699(c)(2)(A),title_code_section_phrase,38 USC 3699,38 USC 3699,(c)(2)(A),38 USC 3699(c)(2)(A),38,3699,0,reviewed_pre_post_target_section_diff,1,amended_existing_target_section,target_diff_with_public_law_lifecycle_context_only,public_law_context_only,0,,0,,1,1,2024-18345,14,1,1,1,2023-03964,1,final_and_proposed_comment_metadata,1,0,1,https://www.regulations.gov/docketBrowser?rpp=50&so=DESC&sb=postedDate&po=0&dct=PS&D=VA-2023-VBA-0010,0,0,,,0,0,,0,0,,,0,0,0,,0,0,,0,0,,,0,0,0,,bill_action_metadata; law_revision_text_proxy; official_olrc_public_law_marker_adjudication; official_olrc_post_only_public_law_marker; statutory_lineage_target_section_review_packet; statutory_lineage_target_section_diff_review; statutory_lineage_source_reviewed_target_section_diff; sponsor_district_public_opinion_metadata; sponsor_district_bill_policy_area_context; topic_throughput_policy_area; campaign_finance_sponsor_policy_area_context; lobbying_issue_bill_policy_area_context; official_lda_filing_text_bill_identifier; federal_register_authority_search_match; federal_register_authority_text_verified; federal_register_proposed_rule_history_match; proposed_rule_shared_identifier_match; proposed_rule_regulations_gov_comment_portal_metadata; federal_register_exposed_regulations_gov_comment_metadata; federal_register_final_effective_date_timing; federal_register_proposed_to_final_timing,statutory_lineage_target_section_diff_review; statutory_lineage_source_reviewed_target_section_diff; public_law_federal_register_authority_context; public_law_rulemaking_history_context; public_law_federal_register_comment_metadata_context; bill_law_evidence_spine_context,public_law_causal_attribution; law_revision_effective_text; complete_codified_usc_lineage_review; complete_regulations_comments; implementation_outcomes_or_enforcement; direct_court_review_of_target_section; welfare_or_public_benefit; model_validation; exact_target_reference_implementation_authority; exact_target_reference_court_overlap; direct_case_to_public_law_identifier,"Target-section lifecycle bridge only; base U.S.C. section overlaps are metadata context and are not exact target-reference or subsection evidence. Raw SCDB target-section overlaps are date-screened section-citation context and do not prove review of the queued public law, bill, note, or subsection. Public-law-level rows remain context. This artifact does not establish implementation outcomes, direct court review of the target section, public-law causal attribution, law-revision effective text, welfare, causal effects, or model validation."
29,29,36,117-hr-7132,117-223,2022-12-07,47 USC 345 note,direct_us_code_reference,47 USC 345 note,47 USC 345 note,,47 USC 345 note,47,345,1,reviewed_added_target_section_diff,1,added_target_section_with_effective_date_note,target_diff_with_public_law_lifecycle_context_only,public_law_context_only,0,,0,,6,6,2024-12220; 2023-25835; 2023-26338; 2024-05942; 2024-04587; 2024-02384,19,6,4,7,2020-22331; 2021-07360; 2021-22099; 2022-25341; 2023-13821; 2024-04586; 2024-05461,6,final_and_proposed_comment_metadata; final_comment_metadata_only,6,0,0,,0,0,,,0,0,,0,0,,,0,0,0,,0,0,,0,1,2020-027,47 U.S.C. 227,1,0,1,temporally_excluded_before_public_law_enactment,bill_action_metadata; law_revision_text_proxy; official_olrc_public_law_marker_adjudication; official_olrc_post_only_public_law_marker; statutory_lineage_target_section_review_packet; statutory_lineage_target_section_diff_review; statutory_lineage_source_reviewed_target_section_diff; sponsor_district_public_opinion_metadata; sponsor_district_bill_policy_area_context; topic_throughput_policy_area; lobbying_issue_bill_policy_area_context; official_lda_filing_text_bill_identifier; federal_register_authority_search_match; federal_register_authority_text_verified; federal_register_proposed_rule_history_match; proposed_rule_shared_identifier_match; federal_register_exposed_regulations_gov_comment_metadata; federal_register_final_effective_date_timing; federal_register_proposed_to_final_timing; court_review_usc_section_authority_overlap; scdb_law_minor_usc_section,statutory_lineage_target_section_diff_review; statutory_lineage_source_reviewed_target_section_diff; public_law_federal_register_authority_context; public_law_rulemaking_history_context; public_law_federal_register_comment_metadata_context; public_law_court_usc_section_overlap_context; court_public_law_direct_review_disposition; bill_law_evidence_spine_context,public_law_causal_attribution; law_revision_effective_text; complete_codified_usc_lineage_review; complete_regulations_comments; implementation_outcomes_or_enforcement; direct_court_review_of_target_section; welfare_or_public_benefit; model_validation; exact_target_reference_implementation_authority; exact_target_reference_court_overlap; direct_case_to_public_law_identifier,"Target-section lifecycle bridge only; base U.S.C. section overlaps are metadata context and are not exact target-reference or subsection evidence. Raw SCDB target-section overlaps are date-screened section-citation context and do not prove review of the queued public law, bill, note, or subsection. Public-law-level rows remain context. This artifact does not establish implementation outcomes, direct court review of the target section, public-law causal attribution, law-revision effective text, welfare, causal effects, or model validation."
30,30,37,117-hr-7132,117-223,2022-12-07,47 USC 345,direct_us_code_reference,47 USC 345,47 USC 345,,47 USC 345,47,345,0,reviewed_added_target_section_diff,1,added_target_section,target_diff_with_exact_authority_target_reference_context,exact_target_reference_context,1,47 U.S.C. 345; 47 U.S.C. 345(b)(1; 47 U.S.C. 345(b)(2; 47 U.S.C. 345(c)(1,1,47 U.S.C. 345,6,6,2024-12220; 2023-25835; 2023-26338; 2024-05942; 2024-04587; 2024-02384,19,6,4,7,2020-22331; 2021-07360; 2021-22099; 2022-25341; 2023-13821; 2024-04586; 2024-05461,6,final_and_proposed_comment_metadata; final_comment_metadata_only,6,0,0,,0,0,,,0,0,,0,0,,,0,0,0,,0,0,,0,1,2020-027,47 U.S.C. 227,1,0,1,temporally_excluded_before_public_law_enactment,bill_action_metadata; law_revision_text_proxy; official_olrc_public_law_marker_adjudication; official_olrc_post_only_public_law_marker; statutory_lineage_target_section_review_packet; statutory_lineage_target_section_diff_review; statutory_lineage_source_reviewed_target_section_diff; sponsor_district_public_opinion_metadata; sponsor_district_bill_policy_area_context; topic_throughput_policy_area; lobbying_issue_bill_policy_area_context; official_lda_filing_text_bill_identifier; federal_register_authority_search_match; federal_register_authority_text_verified; federal_register_proposed_rule_history_match; proposed_rule_shared_identifier_match; federal_register_exposed_regulations_gov_comment_metadata; federal_register_final_effective_date_timing; federal_register_proposed_to_final_timing; court_review_usc_section_authority_overlap; scdb_law_minor_usc_section,statutory_lineage_target_section_diff_review; statutory_lineage_source_reviewed_target_section_diff; public_law_federal_register_authority_context; target_base_section_authority_usc_overlap; target_reference_authority_usc_overlap; public_law_rulemaking_history_context; public_law_federal_register_comment_metadata_context; public_law_court_usc_section_overlap_context; court_public_law_direct_review_disposition; bill_law_evidence_spine_context,public_law_causal_attribution; law_revision_effective_text; complete_codified_usc_lineage_review; complete_regulations_comments; implementation_outcomes_or_enforcement; direct_court_review_of_target_section; welfare_or_public_benefit; model_validation; exact_target_reference_court_overlap; direct_case_to_public_law_identifier,"Target-section lifecycle bridge only; base U.S.C. section overlaps are metadata context and are not exact target-reference or subsection evidence. Raw SCDB target-section overlaps are date-screened section-citation context and do not prove review of the queued public law, bill, note, or subsection. Public-law-level rows remain context. This artifact does not establish implementation outcomes, direct court review of the target section, public-law causal attribution, law-revision effective text, welfare, causal effects, or model validation."
31,31,38,117-hr-7132,117-223,2022-12-07,47 USC 609 note,direct_us_code_reference,47 USC 609 note,47 USC 609 note,,47 USC 609 note,47,609,1,reviewed_pre_post_target_section_diff,1,amended_existing_target_section,target_diff_with_public_law_lifecycle_context_only,public_law_context_only,0,,0,,6,6,2024-12220; 2023-25835; 2023-26338; 2024-05942; 2024-04587; 2024-02384,19,6,4,7,2020-22331; 2021-07360; 2021-22099; 2022-25341; 2023-13821; 2024-04586; 2024-05461,6,final_and_proposed_comment_metadata; final_comment_metadata_only,6,0,0,,0,0,,,0,0,,0,0,,,0,0,0,,0,0,,0,1,2020-027,47 U.S.C. 227,1,0,1,temporally_excluded_before_public_law_enactment,bill_action_metadata; law_revision_text_proxy; official_olrc_public_law_marker_adjudication; official_olrc_post_only_public_law_marker; statutory_lineage_target_section_review_packet; statutory_lineage_target_section_diff_review; statutory_lineage_source_reviewed_target_section_diff; sponsor_district_public_opinion_metadata; sponsor_district_bill_policy_area_context; topic_throughput_policy_area; lobbying_issue_bill_policy_area_context; official_lda_filing_text_bill_identifier; federal_register_authority_search_match; federal_register_authority_text_verified; federal_register_proposed_rule_history_match; proposed_rule_shared_identifier_match; federal_register_exposed_regulations_gov_comment_metadata; federal_register_final_effective_date_timing; federal_register_proposed_to_final_timing; court_review_usc_section_authority_overlap; scdb_law_minor_usc_section,statutory_lineage_target_section_diff_review; statutory_lineage_source_reviewed_target_section_diff; public_law_federal_register_authority_context; public_law_rulemaking_history_context; public_law_federal_register_comment_metadata_context; public_law_court_usc_section_overlap_context; court_public_law_direct_review_disposition; bill_law_evidence_spine_context,public_law_causal_attribution; law_revision_effective_text; complete_codified_usc_lineage_review; complete_regulations_comments; implementation_outcomes_or_enforcement; direct_court_review_of_target_section; welfare_or_public_benefit; model_validation; exact_target_reference_implementation_authority; exact_target_reference_court_overlap; direct_case_to_public_law_identifier,"Target-section lifecycle bridge only; base U.S.C. section overlaps are metadata context and are not exact target-reference or subsection evidence. Raw SCDB target-section overlaps are date-screened section-citation context and do not prove review of the queued public law, bill, note, or subsection. Public-law-level rows remain context. This artifact does not establish implementation outcomes, direct court review of the target section, public-law causal attribution, law-revision effective text, welfare, causal effects, or model validation."
32,32,39,117-s-3373,117-168,2022-08-10,38 USC 1710,direct_us_code_reference,38 USC 1710,38 USC 1710,,38 USC 1710,38,1710,0,reviewed_pre_post_target_section_diff,1,amended_existing_target_section,target_diff_with_authority_base_section_context,base_section_context,1,38 U.S.C. 1710(e)(1)(D; 38 U.S.C. 1710(e)(1)(G; 38 U.S.C. 1710(e)(1)(H; 38 U.S.C. 1710(e)(1)(I; 38 U.S.C. 1710(e)(4)(C; 38 U.S.C. 1710(e)(4)(C)(ii,0,,5,5,2023-25836; 2024-04202; 2023-18979; 2024-31220; 2023-24195,20,5,1,1,2023-05840,5,final_and_proposed_comment_metadata; final_comment_metadata_only,5,32,1,https://www.regulations.gov/docketBrowser?rpp=50&so=DESC&sb=postedDate&po=0&dct=PS&D=VA-2023-VBA-0014,0,0,,,0,0,,0,0,,,0,0,0,,0,0,,0,1,2022-003,38 U.S.C. 5110,1,0,1,reviewed_not_direct_public_law_review,bill_action_metadata; law_revision_text_proxy; official_olrc_public_law_marker_adjudication; official_olrc_post_only_public_law_marker; statutory_lineage_target_section_review_packet; statutory_lineage_target_section_diff_review; statutory_lineage_source_reviewed_target_section_diff; campaign_finance_sponsor_policy_area_context; lobbying_issue_bill_policy_area_context; official_lda_filing_text_bill_identifier; federal_register_authority_search_match; federal_register_authority_text_verified; federal_register_proposed_rule_history_match; proposed_rule_shared_identifier_match; proposed_rule_regulations_gov_comment_portal_metadata; federal_register_exposed_regulations_gov_comment_metadata; federal_register_final_effective_date_timing; federal_register_proposed_to_final_timing; court_review_usc_section_authority_overlap; scdb_law_minor_usc_section,statutory_lineage_target_section_diff_review; statutory_lineage_source_reviewed_target_section_diff; public_law_federal_register_authority_context; target_base_section_authority_usc_overlap; public_law_rulemaking_history_context; public_law_federal_register_comment_metadata_context; public_law_court_usc_section_overlap_context; court_public_law_direct_review_disposition; bill_law_evidence_spine_context,public_law_causal_attribution; law_revision_effective_text; complete_codified_usc_lineage_review; complete_regulations_comments; implementation_outcomes_or_enforcement; direct_court_review_of_target_section; welfare_or_public_benefit; model_validation; exact_target_reference_implementation_authority; exact_target_reference_court_overlap; direct_case_to_public_law_identifier,"Target-section lifecycle bridge only; base U.S.C. section overlaps are metadata context and are not exact target-reference or subsection evidence. Raw SCDB target-section overlaps are date-screened section-citation context and do not prove review of the queued public law, bill, note, or subsection. Public-law-level rows remain context. This artifact does not establish implementation outcomes, direct court review of the target section, public-law causal attribution, law-revision effective text, welfare, causal effects, or model validation."
33,33,40,117-s-3373,117-168,2022-08-10,38 USC 101 note,direct_us_code_reference,38 USC 101 note,38 USC 101 note,,38 USC 101 note,38,101,1,reviewed_pre_post_target_section_diff,1,amended_existing_target_section,target_diff_with_public_law_lifecycle_context_only,public_law_context_only,0,,0,,5,5,2023-25836; 2024-04202; 2023-18979; 2024-31220; 2023-24195,20,5,1,1,2023-05840,5,final_and_proposed_comment_metadata; final_comment_metadata_only,5,32,1,https://www.regulations.gov/docketBrowser?rpp=50&so=DESC&sb=postedDate&po=0&dct=PS&D=VA-2023-VBA-0014,0,0,,,0,0,,0,0,,,0,0,0,,0,0,,0,1,2022-003,38 U.S.C. 5110,1,0,1,reviewed_not_direct_public_law_review,bill_action_metadata; law_revision_text_proxy; official_olrc_public_law_marker_adjudication; official_olrc_post_only_public_law_marker; statutory_lineage_target_section_review_packet; statutory_lineage_target_section_diff_review; statutory_lineage_source_reviewed_target_section_diff; campaign_finance_sponsor_policy_area_context; lobbying_issue_bill_policy_area_context; official_lda_filing_text_bill_identifier; federal_register_authority_search_match; federal_register_authority_text_verified; federal_register_proposed_rule_history_match; proposed_rule_shared_identifier_match; proposed_rule_regulations_gov_comment_portal_metadata; federal_register_exposed_regulations_gov_comment_metadata; federal_register_final_effective_date_timing; federal_register_proposed_to_final_timing; court_review_usc_section_authority_overlap; scdb_law_minor_usc_section,statutory_lineage_target_section_diff_review; statutory_lineage_source_reviewed_target_section_diff; public_law_federal_register_authority_context; public_law_rulemaking_history_context; public_law_federal_register_comment_metadata_context; public_law_court_usc_section_overlap_context; court_public_law_direct_review_disposition; bill_law_evidence_spine_context,public_law_causal_attribution; law_revision_effective_text; complete_codified_usc_lineage_review; complete_regulations_comments; implementation_outcomes_or_enforcement; direct_court_review_of_target_section; welfare_or_public_benefit; model_validation; exact_target_reference_implementation_authority; exact_target_reference_court_overlap; direct_case_to_public_law_identifier,"Target-section lifecycle bridge only; base U.S.C. section overlaps are metadata context and are not exact target-reference or subsection evidence. Raw SCDB target-section overlaps are date-screened section-citation context and do not prove review of the queued public law, bill, note, or subsection. Public-law-level rows remain context. This artifact does not establish implementation outcomes, direct court review of the target section, public-law causal attribution, law-revision effective text, welfare, causal effects, or model validation."
34,34,41,117-s-3373,117-168,2022-08-10,38 USC 1171,direct_us_code_reference,38 USC 1171,38 USC 1171,,38 USC 1171,38,1171,0,reviewed_added_target_section_diff,1,added_target_section,target_diff_with_exact_authority_target_reference_context,exact_target_reference_context,1,38 U.S.C. 1171,1,38 U.S.C. 1171,5,5,2023-25836; 2024-04202; 2023-18979; 2024-31220; 2023-24195,20,5,1,1,2023-05840,5,final_and_proposed_comment_metadata; final_comment_metadata_only,5,32,1,https://www.regulations.gov/docketBrowser?rpp=50&so=DESC&sb=postedDate&po=0&dct=PS&D=VA-2023-VBA-0014,0,0,,,0,0,,0,0,,,0,0,0,,0,0,,0,1,2022-003,38 U.S.C. 5110,1,0,1,reviewed_not_direct_public_law_review,bill_action_metadata; law_revision_text_proxy; official_olrc_public_law_marker_adjudication; official_olrc_post_only_public_law_marker; statutory_lineage_target_section_review_packet; statutory_lineage_target_section_diff_review; statutory_lineage_source_reviewed_target_section_diff; campaign_finance_sponsor_policy_area_context; lobbying_issue_bill_policy_area_context; official_lda_filing_text_bill_identifier; federal_register_authority_search_match; federal_register_authority_text_verified; federal_register_proposed_rule_history_match; proposed_rule_shared_identifier_match; proposed_rule_regulations_gov_comment_portal_metadata; federal_register_exposed_regulations_gov_comment_metadata; federal_register_final_effective_date_timing; federal_register_proposed_to_final_timing; court_review_usc_section_authority_overlap; scdb_law_minor_usc_section,statutory_lineage_target_section_diff_review; statutory_lineage_source_reviewed_target_section_diff; public_law_federal_register_authority_context; target_base_section_authority_usc_overlap; target_reference_authority_usc_overlap; public_law_rulemaking_history_context; public_law_federal_register_comment_metadata_context; public_law_court_usc_section_overlap_context; court_public_law_direct_review_disposition; bill_law_evidence_spine_context,public_law_causal_attribution; law_revision_effective_text; complete_codified_usc_lineage_review; complete_regulations_comments; implementation_outcomes_or_enforcement; direct_court_review_of_target_section; welfare_or_public_benefit; model_validation; exact_target_reference_court_overlap; direct_case_to_public_law_identifier,"Target-section lifecycle bridge only; base U.S.C. section overlaps are metadata context and are not exact target-reference or subsection evidence. Raw SCDB target-section overlaps are date-screened section-citation context and do not prove review of the queued public law, bill, note, or subsection. Public-law-level rows remain context. This artifact does not establish implementation outcomes, direct court review of the target section, public-law causal attribution, law-revision effective text, welfare, causal effects, or model validation."
35,35,42,117-s-3373,117-168,2022-08-10,38 USC 1710 note,direct_us_code_reference,38 USC 1710 note,38 USC 1710 note,,38 USC 1710 note,38,1710,1,reviewed_pre_post_target_section_diff,1,amended_existing_target_section_with_effective_date_note,target_diff_with_public_law_lifecycle_context_only,public_law_context_only,0,,0,,5,5,2023-25836; 2024-04202; 2023-18979; 2024-31220; 2023-24195,20,5,1,1,2023-05840,5,final_and_proposed_comment_metadata; final_comment_metadata_only,5,32,1,https://www.regulations.gov/docketBrowser?rpp=50&so=DESC&sb=postedDate&po=0&dct=PS&D=VA-2023-VBA-0014,0,0,,,0,0,,0,0,,,0,0,0,,0,0,,0,1,2022-003,38 U.S.C. 5110,1,0,1,reviewed_not_direct_public_law_review,bill_action_metadata; law_revision_text_proxy; official_olrc_public_law_marker_adjudication; official_olrc_post_only_public_law_marker; statutory_lineage_target_section_review_packet; statutory_lineage_target_section_diff_review; statutory_lineage_source_reviewed_target_section_diff; campaign_finance_sponsor_policy_area_context; lobbying_issue_bill_policy_area_context; official_lda_filing_text_bill_identifier; federal_register_authority_search_match; federal_register_authority_text_verified; federal_register_proposed_rule_history_match; proposed_rule_shared_identifier_match; proposed_rule_regulations_gov_comment_portal_metadata; federal_register_exposed_regulations_gov_comment_metadata; federal_register_final_effective_date_timing; federal_register_proposed_to_final_timing; court_review_usc_section_authority_overlap; scdb_law_minor_usc_section,statutory_lineage_target_section_diff_review; statutory_lineage_source_reviewed_target_section_diff; public_law_federal_register_authority_context; public_law_rulemaking_history_context; public_law_federal_register_comment_metadata_context; public_law_court_usc_section_overlap_context; court_public_law_direct_review_disposition; bill_law_evidence_spine_context,public_law_causal_attribution; law_revision_effective_text; complete_codified_usc_lineage_review; complete_regulations_comments; implementation_outcomes_or_enforcement; direct_court_review_of_target_section; welfare_or_public_benefit; model_validation; exact_target_reference_implementation_authority; exact_target_reference_court_overlap; direct_case_to_public_law_identifier,"Target-section lifecycle bridge only; base U.S.C. section overlaps are metadata context and are not exact target-reference or subsection evidence. Raw SCDB target-section overlaps are date-screened section-citation context and do not prove review of the queued public law, bill, note, or subsection. Public-law-level rows remain context. This artifact does not establish implementation outcomes, direct court review of the target section, public-law causal attribution, law-revision effective text, welfare, causal effects, or model validation."
36,36,43,117-s-3373,117-168,2022-08-10,38 USC 1116,direct_us_code_reference,38 USC 1116,38 USC 1116,,38 USC 1116,38,1116,0,reviewed_pre_post_target_section_diff,1,amended_existing_target_section,target_diff_with_public_law_lifecycle_context_only,public_law_context_only,0,,0,,5,5,2023-25836; 2024-04202; 2023-18979; 2024-31220; 2023-24195,20,5,1,1,2023-05840,5,final_and_proposed_comment_metadata; final_comment_metadata_only,5,32,1,https://www.regulations.gov/docketBrowser?rpp=50&so=DESC&sb=postedDate&po=0&dct=PS&D=VA-2023-VBA-0014,0,0,,,0,0,,0,0,,,0,0,0,,0,0,,0,1,2022-003,38 U.S.C. 5110,1,0,1,reviewed_not_direct_public_law_review,bill_action_metadata; law_revision_text_proxy; official_olrc_public_law_marker_adjudication; official_olrc_post_only_public_law_marker; statutory_lineage_target_section_review_packet; statutory_lineage_target_section_diff_review; statutory_lineage_source_reviewed_target_section_diff; campaign_finance_sponsor_policy_area_context; lobbying_issue_bill_policy_area_context; official_lda_filing_text_bill_identifier; federal_register_authority_search_match; federal_register_authority_text_verified; federal_register_proposed_rule_history_match; proposed_rule_shared_identifier_match; proposed_rule_regulations_gov_comment_portal_metadata; federal_register_exposed_regulations_gov_comment_metadata; federal_register_final_effective_date_timing; federal_register_proposed_to_final_timing; court_review_usc_section_authority_overlap; scdb_law_minor_usc_section,statutory_lineage_target_section_diff_review; statutory_lineage_source_reviewed_target_section_diff; public_law_federal_register_authority_context; public_law_rulemaking_history_context; public_law_federal_register_comment_metadata_context; public_law_court_usc_section_overlap_context; court_public_law_direct_review_disposition; bill_law_evidence_spine_context,public_law_causal_attribution; law_revision_effective_text; complete_codified_usc_lineage_review; complete_regulations_comments; implementation_outcomes_or_enforcement; direct_court_review_of_target_section; welfare_or_public_benefit; model_validation; exact_target_reference_implementation_authority; exact_target_reference_court_overlap; direct_case_to_public_law_identifier,"Target-section lifecycle bridge only; base U.S.C. section overlaps are metadata context and are not exact target-reference or subsection evidence. Raw SCDB target-section overlaps are date-screened section-citation context and do not prove review of the queued public law, bill, note, or subsection. Public-law-level rows remain context. This artifact does not establish implementation outcomes, direct court review of the target section, public-law causal attribution, law-revision effective text, welfare, causal effects, or model validation."
37,37,44,117-s-3373,117-168,2022-08-10,38 USC 1172,direct_us_code_reference,38 USC 1172,38 USC 1172,,38 USC 1172,38,1172,0,reviewed_added_target_section_diff,1,added_target_section,target_diff_with_authority_base_section_context,base_section_context,1,38 U.S.C. 1172(a; 38 U.S.C. 1172(c; 38 U.S.C. 1172(d,0,,5,5,2023-25836; 2024-04202; 2023-18979; 2024-31220; 2023-24195,20,5,1,1,2023-05840,5,final_and_proposed_comment_metadata; final_comment_metadata_only,5,32,1,https://www.regulations.gov/docketBrowser?rpp=50&so=DESC&sb=postedDate&po=0&dct=PS&D=VA-2023-VBA-0014,0,0,,,0,0,,0,0,,,0,0,0,,0,0,,0,1,2022-003,38 U.S.C. 5110,1,0,1,reviewed_not_direct_public_law_review,bill_action_metadata; law_revision_text_proxy; official_olrc_public_law_marker_adjudication; official_olrc_post_only_public_law_marker; statutory_lineage_target_section_review_packet; statutory_lineage_target_section_diff_review; statutory_lineage_source_reviewed_target_section_diff; campaign_finance_sponsor_policy_area_context; lobbying_issue_bill_policy_area_context; official_lda_filing_text_bill_identifier; federal_register_authority_search_match; federal_register_authority_text_verified; federal_register_proposed_rule_history_match; proposed_rule_shared_identifier_match; proposed_rule_regulations_gov_comment_portal_metadata; federal_register_exposed_regulations_gov_comment_metadata; federal_register_final_effective_date_timing; federal_register_proposed_to_final_timing; court_review_usc_section_authority_overlap; scdb_law_minor_usc_section,statutory_lineage_target_section_diff_review; statutory_lineage_source_reviewed_target_section_diff; public_law_federal_register_authority_context; target_base_section_authority_usc_overlap; public_law_rulemaking_history_context; public_law_federal_register_comment_metadata_context; public_law_court_usc_section_overlap_context; court_public_law_direct_review_disposition; bill_law_evidence_spine_context,public_law_causal_attribution; law_revision_effective_text; complete_codified_usc_lineage_review; complete_regulations_comments; implementation_outcomes_or_enforcement; direct_court_review_of_target_section; welfare_or_public_benefit; model_validation; exact_target_reference_implementation_authority; exact_target_reference_court_overlap; direct_case_to_public_law_identifier,"Target-section lifecycle bridge only; base U.S.C. section overlaps are metadata context and are not exact target-reference or subsection evidence. Raw SCDB target-section overlaps are date-screened section-citation context and do not prove review of the queued public law, bill, note, or subsection. Public-law-level rows remain context. This artifact does not establish implementation outcomes, direct court review of the target section, public-law causal attribution, law-revision effective text, welfare, causal effects, or model validation."
38,38,45,117-s-3373,117-168,2022-08-10,38 USC 1173,direct_us_code_reference,38 USC 1173,38 USC 1173,,38 USC 1173,38,1173,0,reviewed_added_target_section_diff,1,added_target_section,target_diff_with_exact_authority_target_reference_context,exact_target_reference_context,1,38 U.S.C. 1173; 38 U.S.C. 1173(b; 38 U.S.C. 1173(c,1,38 U.S.C. 1173,5,5,2023-25836; 2024-04202; 2023-18979; 2024-31220; 2023-24195,20,5,1,1,2023-05840,5,final_and_proposed_comment_metadata; final_comment_metadata_only,5,32,1,https://www.regulations.gov/docketBrowser?rpp=50&so=DESC&sb=postedDate&po=0&dct=PS&D=VA-2023-VBA-0014,0,0,,,0,0,,0,0,,,0,0,0,,0,0,,0,1,2022-003,38 U.S.C. 5110,1,0,1,reviewed_not_direct_public_law_review,bill_action_metadata; law_revision_text_proxy; official_olrc_public_law_marker_adjudication; official_olrc_post_only_public_law_marker; statutory_lineage_target_section_review_packet; statutory_lineage_target_section_diff_review; statutory_lineage_source_reviewed_target_section_diff; campaign_finance_sponsor_policy_area_context; lobbying_issue_bill_policy_area_context; official_lda_filing_text_bill_identifier; federal_register_authority_search_match; federal_register_authority_text_verified; federal_register_proposed_rule_history_match; proposed_rule_shared_identifier_match; proposed_rule_regulations_gov_comment_portal_metadata; federal_register_exposed_regulations_gov_comment_metadata; federal_register_final_effective_date_timing; federal_register_proposed_to_final_timing; court_review_usc_section_authority_overlap; scdb_law_minor_usc_section,statutory_lineage_target_section_diff_review; statutory_lineage_source_reviewed_target_section_diff; public_law_federal_register_authority_context; target_base_section_authority_usc_overlap; target_reference_authority_usc_overlap; public_law_rulemaking_history_context; public_law_federal_register_comment_metadata_context; public_law_court_usc_section_overlap_context; court_public_law_direct_review_disposition; bill_law_evidence_spine_context,public_law_causal_attribution; law_revision_effective_text; complete_codified_usc_lineage_review; complete_regulations_comments; implementation_outcomes_or_enforcement; direct_court_review_of_target_section; welfare_or_public_benefit; model_validation; exact_target_reference_court_overlap; direct_case_to_public_law_identifier,"Target-section lifecycle bridge only; base U.S.C. section overlaps are metadata context and are not exact target-reference or subsection evidence. Raw SCDB target-section overlaps are date-screened section-citation context and do not prove review of the queued public law, bill, note, or subsection. Public-law-level rows remain context. This artifact does not establish implementation outcomes, direct court review of the target section, public-law causal attribution, law-revision effective text, welfare, causal effects, or model validation."
39,39,46,117-s-3373,117-168,2022-08-10,38 USC 1174,direct_us_code_reference,38 USC 1174,38 USC 1174,,38 USC 1174,38,1174,0,reviewed_added_target_section_diff,1,added_target_section,target_diff_with_exact_authority_target_reference_context,exact_target_reference_context,1,38 U.S.C. 1174; 38 U.S.C. 1174(a; 38 U.S.C. 1174(a)(1,1,38 U.S.C. 1174,5,5,2023-25836; 2024-04202; 2023-18979; 2024-31220; 2023-24195,20,5,1,1,2023-05840,5,final_and_proposed_comment_metadata; final_comment_metadata_only,5,32,1,https://www.regulations.gov/docketBrowser?rpp=50&so=DESC&sb=postedDate&po=0&dct=PS&D=VA-2023-VBA-0014,0,0,,,0,0,,0,0,,,0,0,0,,0,0,,0,1,2022-003,38 U.S.C. 5110,1,0,1,reviewed_not_direct_public_law_review,bill_action_metadata; law_revision_text_proxy; official_olrc_public_law_marker_adjudication; official_olrc_post_only_public_law_marker; statutory_lineage_target_section_review_packet; statutory_lineage_target_section_diff_review; statutory_lineage_source_reviewed_target_section_diff; campaign_finance_sponsor_policy_area_context; lobbying_issue_bill_policy_area_context; official_lda_filing_text_bill_identifier; federal_register_authority_search_match; federal_register_authority_text_verified; federal_register_proposed_rule_history_match; proposed_rule_shared_identifier_match; proposed_rule_regulations_gov_comment_portal_metadata; federal_register_exposed_regulations_gov_comment_metadata; federal_register_final_effective_date_timing; federal_register_proposed_to_final_timing; court_review_usc_section_authority_overlap; scdb_law_minor_usc_section,statutory_lineage_target_section_diff_review; statutory_lineage_source_reviewed_target_section_diff; public_law_federal_register_authority_context; target_base_section_authority_usc_overlap; target_reference_authority_usc_overlap; public_law_rulemaking_history_context; public_law_federal_register_comment_metadata_context; public_law_court_usc_section_overlap_context; court_public_law_direct_review_disposition; bill_law_evidence_spine_context,public_law_causal_attribution; law_revision_effective_text; complete_codified_usc_lineage_review; complete_regulations_comments; implementation_outcomes_or_enforcement; direct_court_review_of_target_section; welfare_or_public_benefit; model_validation; exact_target_reference_court_overlap; direct_case_to_public_law_identifier,"Target-section lifecycle bridge only; base U.S.C. section overlaps are metadata context and are not exact target-reference or subsection evidence. Raw SCDB target-section overlaps are date-screened section-citation context and do not prove review of the queued public law, bill, note, or subsection. Public-law-level rows remain context. This artifact does not establish implementation outcomes, direct court review of the target section, public-law causal attribution, law-revision effective text, welfare, causal effects, or model validation."
40,40,47,117-s-3373,117-168,2022-08-10,38 USC 1175,direct_us_code_reference,38 USC 1175,38 USC 1175,,38 USC 1175,38,1175,0,reviewed_added_target_section_diff,1,added_target_section,target_diff_with_public_law_lifecycle_context_only,public_law_context_only,0,,0,,5,5,2023-25836; 2024-04202; 2023-18979; 2024-31220; 2023-24195,20,5,1,1,2023-05840,5,final_and_proposed_comment_metadata; final_comment_metadata_only,5,32,1,https://www.regulations.gov/docketBrowser?rpp=50&so=DESC&sb=postedDate&po=0&dct=PS&D=VA-2023-VBA-0014,0,0,,,0,0,,0,0,,,0,0,0,,0,0,,0,1,2022-003,38 U.S.C. 5110,1,0,1,reviewed_not_direct_public_law_review,bill_action_metadata; law_revision_text_proxy; official_olrc_public_law_marker_adjudication; official_olrc_post_only_public_law_marker; statutory_lineage_target_section_review_packet; statutory_lineage_target_section_diff_review; statutory_lineage_source_reviewed_target_section_diff; campaign_finance_sponsor_policy_area_context; lobbying_issue_bill_policy_area_context; official_lda_filing_text_bill_identifier; federal_register_authority_search_match; federal_register_authority_text_verified; federal_register_proposed_rule_history_match; proposed_rule_shared_identifier_match; proposed_rule_regulations_gov_comment_portal_metadata; federal_register_exposed_regulations_gov_comment_metadata; federal_register_final_effective_date_timing; federal_register_proposed_to_final_timing; court_review_usc_section_authority_overlap; scdb_law_minor_usc_section,statutory_lineage_target_section_diff_review; statutory_lineage_source_reviewed_target_section_diff; public_law_federal_register_authority_context; public_law_rulemaking_history_context; public_law_federal_register_comment_metadata_context; public_law_court_usc_section_overlap_context; court_public_law_direct_review_disposition; bill_law_evidence_spine_context,public_law_causal_attribution; law_revision_effective_text; complete_codified_usc_lineage_review; complete_regulations_comments; implementation_outcomes_or_enforcement; direct_court_review_of_target_section; welfare_or_public_benefit; model_validation; exact_target_reference_implementation_authority; exact_target_reference_court_overlap; direct_case_to_public_law_identifier,"Target-section lifecycle bridge only; base U.S.C. section overlaps are metadata context and are not exact target-reference or subsection evidence. Raw SCDB target-section overlaps are date-screened section-citation context and do not prove review of the queued public law, bill, note, or subsection. Public-law-level rows remain context. This artifact does not establish implementation outcomes, direct court review of the target section, public-law causal attribution, law-revision effective text, welfare, causal effects, or model validation."
41,41,48,117-s-3373,117-168,2022-08-10,38 USC 1176,direct_us_code_reference,38 USC 1176,38 USC 1176,,38 USC 1176,38,1176,0,reviewed_added_target_section_diff,1,added_target_section,target_diff_with_public_law_lifecycle_context_only,public_law_context_only,0,,0,,5,5,2023-25836; 2024-04202; 2023-18979; 2024-31220; 2023-24195,20,5,1,1,2023-05840,5,final_and_proposed_comment_metadata; final_comment_metadata_only,5,32,1,https://www.regulations.gov/docketBrowser?rpp=50&so=DESC&sb=postedDate&po=0&dct=PS&D=VA-2023-VBA-0014,0,0,,,0,0,,0,0,,,0,0,0,,0,0,,0,1,2022-003,38 U.S.C. 5110,1,0,1,reviewed_not_direct_public_law_review,bill_action_metadata; law_revision_text_proxy; official_olrc_public_law_marker_adjudication; official_olrc_post_only_public_law_marker; statutory_lineage_target_section_review_packet; statutory_lineage_target_section_diff_review; statutory_lineage_source_reviewed_target_section_diff; campaign_finance_sponsor_policy_area_context; lobbying_issue_bill_policy_area_context; official_lda_filing_text_bill_identifier; federal_register_authority_search_match; federal_register_authority_text_verified; federal_register_proposed_rule_history_match; proposed_rule_shared_identifier_match; proposed_rule_regulations_gov_comment_portal_metadata; federal_register_exposed_regulations_gov_comment_metadata; federal_register_final_effective_date_timing; federal_register_proposed_to_final_timing; court_review_usc_section_authority_overlap; scdb_law_minor_usc_section,statutory_lineage_target_section_diff_review; statutory_lineage_source_reviewed_target_section_diff; public_law_federal_register_authority_context; public_law_rulemaking_history_context; public_law_federal_register_comment_metadata_context; public_law_court_usc_section_overlap_context; court_public_law_direct_review_disposition; bill_law_evidence_spine_context,public_law_causal_attribution; law_revision_effective_text; complete_codified_usc_lineage_review; complete_regulations_comments; implementation_outcomes_or_enforcement; direct_court_review_of_target_section; welfare_or_public_benefit; model_validation; exact_target_reference_implementation_authority; exact_target_reference_court_overlap; direct_case_to_public_law_identifier,"Target-section lifecycle bridge only; base U.S.C. section overlaps are metadata context and are not exact target-reference or subsection evidence. Raw SCDB target-section overlaps are date-screened section-citation context and do not prove review of the queued public law, bill, note, or subsection. Public-law-level rows remain context. This artifact does not establish implementation outcomes, direct court review of the target section, public-law causal attribution, law-revision effective text, welfare, causal effects, or model validation."
42,42,49,117-s-3373,117-168,2022-08-10,38 USC 1710(e)(3)(B),title_code_section_phrase,38 USC 1710,38 USC 1710,(e)(3)(B),38 USC 1710(e)(3)(B),38,1710,0,reviewed_pre_post_target_section_diff,1,amended_existing_target_section_with_effective_date_note,target_diff_with_authority_base_section_context,base_section_context,1,38 U.S.C. 1710(e)(1)(D; 38 U.S.C. 1710(e)(1)(G; 38 U.S.C. 1710(e)(1)(H; 38 U.S.C. 1710(e)(1)(I; 38 U.S.C. 1710(e)(4)(C; 38 U.S.C. 1710(e)(4)(C)(ii,0,,5,5,2023-25836; 2024-04202; 2023-18979; 2024-31220; 2023-24195,20,5,1,1,2023-05840,5,final_and_proposed_comment_metadata; final_comment_metadata_only,5,32,1,https://www.regulations.gov/docketBrowser?rpp=50&so=DESC&sb=postedDate&po=0&dct=PS&D=VA-2023-VBA-0014,0,0,,,0,0,,0,0,,,0,0,0,,0,0,,0,1,2022-003,38 U.S.C. 5110,1,0,1,reviewed_not_direct_public_law_review,bill_action_metadata; law_revision_text_proxy; official_olrc_public_law_marker_adjudication; official_olrc_post_only_public_law_marker; statutory_lineage_target_section_review_packet; statutory_lineage_target_section_diff_review; statutory_lineage_source_reviewed_target_section_diff; campaign_finance_sponsor_policy_area_context; lobbying_issue_bill_policy_area_context; official_lda_filing_text_bill_identifier; federal_register_authority_search_match; federal_register_authority_text_verified; federal_register_proposed_rule_history_match; proposed_rule_shared_identifier_match; proposed_rule_regulations_gov_comment_portal_metadata; federal_register_exposed_regulations_gov_comment_metadata; federal_register_final_effective_date_timing; federal_register_proposed_to_final_timing; court_review_usc_section_authority_overlap; scdb_law_minor_usc_section,statutory_lineage_target_section_diff_review; statutory_lineage_source_reviewed_target_section_diff; public_law_federal_register_authority_context; target_base_section_authority_usc_overlap; public_law_rulemaking_history_context; public_law_federal_register_comment_metadata_context; public_law_court_usc_section_overlap_context; court_public_law_direct_review_disposition; bill_law_evidence_spine_context,public_law_causal_attribution; law_revision_effective_text; complete_codified_usc_lineage_review; complete_regulations_comments; implementation_outcomes_or_enforcement; direct_court_review_of_target_section; welfare_or_public_benefit; model_validation; exact_target_reference_implementation_authority; exact_target_reference_court_overlap; direct_case_to_public_law_identifier,"Target-section lifecycle bridge only; base U.S.C. section overlaps are metadata context and are not exact target-reference or subsection evidence. Raw SCDB target-section overlaps are date-screened section-citation context and do not prove review of the queued public law, bill, note, or subsection. Public-law-level rows remain context. This artifact does not establish implementation outcomes, direct court review of the target section, public-law causal attribution, law-revision effective text, welfare, causal effects, or model validation."
43,43,50,117-hr-4346,117-167,2022-08-09,15 USC 4652,direct_us_code_reference,15 USC 4652,15 USC 4652,,15 USC 4652,15,4652,0,reviewed_pre_post_target_section_diff,1,amended_existing_target_section,target_diff_with_exact_authority_target_reference_context,exact_target_reference_context,1,15 U.S.C. 4652; 15 U.S.C. 4652(a)(6)(A)(ii; 15 U.S.C. 4652(a)(6)(C; 15 U.S.C. 4652(a)(6)(C)(i; 15 U.S.C. 4652(a)(6)(C)(iii,1,15 U.S.C. 4652,6,6,2026-03307; 2024-25810; 2023-09999; 2024-23857; 2023-16009; 2024-30030,24,6,3,7,2022-14328; 2023-05871; 2023-07987; 2023-13247; 2023-18514; 2023-23616; 2023-26133,6,final_and_proposed_comment_metadata; final_comment_metadata_only,6,32431,4,https://www.regulations.gov/docketBrowser?rpp=50&so=DESC&sb=postedDate&po=0&dct=PS&D=FRA-2023-0021; https://www.regulations.gov/docketBrowser?rpp=50&so=DESC&sb=postedDate&po=0&dct=PS&D=IRS-2023-0012; https://www.regulations.gov/docketBrowser?rpp=50&so=DESC&sb=postedDate&po=0&dct=PS&D=IRS-2023-0042; https://www.regulations.gov/docketBrowser?rpp=50&so=DESC&sb=postedDate&po=0&dct=PS&D=NSF_FRDOC_0001,0,0,,,0,0,,0,0,,,0,0,0,,0,0,,0,0,,,0,0,0,,bill_action_metadata; law_revision_text_proxy; official_olrc_public_law_marker_adjudication; official_olrc_post_only_public_law_marker; statutory_lineage_target_section_review_packet; statutory_lineage_target_section_diff_review; statutory_lineage_source_reviewed_target_section_diff; sponsor_district_public_opinion_metadata; sponsor_district_bill_policy_area_context; topic_throughput_policy_area; lobbying_issue_bill_policy_area_context; official_lda_filing_text_bill_identifier; federal_register_authority_search_match; federal_register_authority_text_verified; federal_register_proposed_rule_history_match; proposed_rule_shared_identifier_match; proposed_rule_regulations_gov_comment_portal_metadata; federal_register_exposed_regulations_gov_comment_metadata; federal_register_final_effective_date_timing; federal_register_proposed_to_final_timing,statutory_lineage_target_section_diff_review; statutory_lineage_source_reviewed_target_section_diff; public_law_federal_register_authority_context; target_base_section_authority_usc_overlap; target_reference_authority_usc_overlap; public_law_rulemaking_history_context; public_law_federal_register_comment_metadata_context; bill_law_evidence_spine_context,public_law_causal_attribution; law_revision_effective_text; complete_codified_usc_lineage_review; complete_regulations_comments; implementation_outcomes_or_enforcement; direct_court_review_of_target_section; welfare_or_public_benefit; model_validation; exact_target_reference_court_overlap; direct_case_to_public_law_identifier,"Target-section lifecycle bridge only; base U.S.C. section overlaps are metadata context and are not exact target-reference or subsection evidence. Raw SCDB target-section overlaps are date-screened section-citation context and do not prove review of the queued public law, bill, note, or subsection. Public-law-level rows remain context. This artifact does not establish implementation outcomes, direct court review of the target section, public-law causal attribution, law-revision effective text, welfare, causal effects, or model validation."
44,44,51,117-hr-4346,117-167,2022-08-09,15 USC 4651,direct_us_code_reference,15 USC 4651,15 USC 4651,,15 USC 4651,15,4651,0,reviewed_pre_post_target_section_diff,1,amended_existing_target_section,target_diff_with_exact_authority_target_reference_context,exact_target_reference_context,1,15 U.S.C. 4651,1,15 U.S.C. 4651,6,6,2026-03307; 2024-25810; 2023-09999; 2024-23857; 2023-16009; 2024-30030,24,6,3,7,2022-14328; 2023-05871; 2023-07987; 2023-13247; 2023-18514; 2023-23616; 2023-26133,6,final_and_proposed_comment_metadata; final_comment_metadata_only,6,32431,4,https://www.regulations.gov/docketBrowser?rpp=50&so=DESC&sb=postedDate&po=0&dct=PS&D=FRA-2023-0021; https://www.regulations.gov/docketBrowser?rpp=50&so=DESC&sb=postedDate&po=0&dct=PS&D=IRS-2023-0012; https://www.regulations.gov/docketBrowser?rpp=50&so=DESC&sb=postedDate&po=0&dct=PS&D=IRS-2023-0042; https://www.regulations.gov/docketBrowser?rpp=50&so=DESC&sb=postedDate&po=0&dct=PS&D=NSF_FRDOC_0001,0,0,,,0,0,,0,0,,,0,0,0,,0,0,,0,0,,,0,0,0,,bill_action_metadata; law_revision_text_proxy; official_olrc_public_law_marker_adjudication; official_olrc_post_only_public_law_marker; statutory_lineage_target_section_review_packet; statutory_lineage_target_section_diff_review; statutory_lineage_source_reviewed_target_section_diff; sponsor_district_public_opinion_metadata; sponsor_district_bill_policy_area_context; topic_throughput_policy_area; lobbying_issue_bill_policy_area_context; official_lda_filing_text_bill_identifier; federal_register_authority_search_match; federal_register_authority_text_verified; federal_register_proposed_rule_history_match; proposed_rule_shared_identifier_match; proposed_rule_regulations_gov_comment_portal_metadata; federal_register_exposed_regulations_gov_comment_metadata; federal_register_final_effective_date_timing; federal_register_proposed_to_final_timing,statutory_lineage_target_section_diff_review; statutory_lineage_source_reviewed_target_section_diff; public_law_federal_register_authority_context; target_base_section_authority_usc_overlap; target_reference_authority_usc_overlap; public_law_rulemaking_history_context; public_law_federal_register_comment_metadata_context; bill_law_evidence_spine_context,public_law_causal_attribution; law_revision_effective_text; complete_codified_usc_lineage_review; complete_regulations_comments; implementation_outcomes_or_enforcement; direct_court_review_of_target_section; welfare_or_public_benefit; model_validation; exact_target_reference_court_overlap; direct_case_to_public_law_identifier,"Target-section lifecycle bridge only; base U.S.C. section overlaps are metadata context and are not exact target-reference or subsection evidence. Raw SCDB target-section overlaps are date-screened section-citation context and do not prove review of the queued public law, bill, note, or subsection. Public-law-level rows remain context. This artifact does not establish implementation outcomes, direct court review of the target section, public-law causal attribution, law-revision effective text, welfare, causal effects, or model validation."
45,45,52,117-hr-4346,117-167,2022-08-09,15 USC 4651 note,direct_us_code_reference,15 USC 4651 note,15 USC 4651 note,,15 USC 4651 note,15,4651,1,reviewed_pre_post_target_section_diff,1,amended_existing_target_section,target_diff_with_public_law_lifecycle_context_only,public_law_context_only,0,,0,,6,6,2026-03307; 2024-25810; 2023-09999; 2024-23857; 2023-16009; 2024-30030,24,6,3,7,2022-14328; 2023-05871; 2023-07987; 2023-13247; 2023-18514; 2023-23616; 2023-26133,6,final_and_proposed_comment_metadata; final_comment_metadata_only,6,32431,4,https://www.regulations.gov/docketBrowser?rpp=50&so=DESC&sb=postedDate&po=0&dct=PS&D=FRA-2023-0021; https://www.regulations.gov/docketBrowser?rpp=50&so=DESC&sb=postedDate&po=0&dct=PS&D=IRS-2023-0012; https://www.regulations.gov/docketBrowser?rpp=50&so=DESC&sb=postedDate&po=0&dct=PS&D=IRS-2023-0042; https://www.regulations.gov/docketBrowser?rpp=50&so=DESC&sb=postedDate&po=0&dct=PS&D=NSF_FRDOC_0001,0,0,,,0,0,,0,0,,,0,0,0,,0,0,,0,0,,,0,0,0,,bill_action_metadata; law_revision_text_proxy; official_olrc_public_law_marker_adjudication; official_olrc_post_only_public_law_marker; statutory_lineage_target_section_review_packet; statutory_lineage_target_section_diff_review; statutory_lineage_source_reviewed_target_section_diff; sponsor_district_public_opinion_metadata; sponsor_district_bill_policy_area_context; topic_throughput_policy_area; lobbying_issue_bill_policy_area_context; official_lda_filing_text_bill_identifier; federal_register_authority_search_match; federal_register_authority_text_verified; federal_register_proposed_rule_history_match; proposed_rule_shared_identifier_match; proposed_rule_regulations_gov_comment_portal_metadata; federal_register_exposed_regulations_gov_comment_metadata; federal_register_final_effective_date_timing; federal_register_proposed_to_final_timing,statutory_lineage_target_section_diff_review; statutory_lineage_source_reviewed_target_section_diff; public_law_federal_register_authority_context; public_law_rulemaking_history_context; public_law_federal_register_comment_metadata_context; bill_law_evidence_spine_context,public_law_causal_attribution; law_revision_effective_text; complete_codified_usc_lineage_review; complete_regulations_comments; implementation_outcomes_or_enforcement; direct_court_review_of_target_section; welfare_or_public_benefit; model_validation; exact_target_reference_implementation_authority; exact_target_reference_court_overlap; direct_case_to_public_law_identifier,"Target-section lifecycle bridge only; base U.S.C. section overlaps are metadata context and are not exact target-reference or subsection evidence. Raw SCDB target-section overlaps are date-screened section-citation context and do not prove review of the queued public law, bill, note, or subsection. Public-law-level rows remain context. This artifact does not establish implementation outcomes, direct court review of the target section, public-law causal attribution, law-revision effective text, welfare, causal effects, or model validation."
46,46,53,117-hr-4346,117-167,2022-08-09,15 USC 4652 note,direct_us_code_reference,15 USC 4652 note,15 USC 4652 note,,15 USC 4652 note,15,4652,1,reviewed_pre_post_target_section_diff,1,amended_existing_target_section,target_diff_with_public_law_lifecycle_context_only,public_law_context_only,0,,0,,6,6,2026-03307; 2024-25810; 2023-09999; 2024-23857; 2023-16009; 2024-30030,24,6,3,7,2022-14328; 2023-05871; 2023-07987; 2023-13247; 2023-18514; 2023-23616; 2023-26133,6,final_and_proposed_comment_metadata; final_comment_metadata_only,6,32431,4,https://www.regulations.gov/docketBrowser?rpp=50&so=DESC&sb=postedDate&po=0&dct=PS&D=FRA-2023-0021; https://www.regulations.gov/docketBrowser?rpp=50&so=DESC&sb=postedDate&po=0&dct=PS&D=IRS-2023-0012; https://www.regulations.gov/docketBrowser?rpp=50&so=DESC&sb=postedDate&po=0&dct=PS&D=IRS-2023-0042; https://www.regulations.gov/docketBrowser?rpp=50&so=DESC&sb=postedDate&po=0&dct=PS&D=NSF_FRDOC_0001,0,0,,,0,0,,0,0,,,0,0,0,,0,0,,0,0,,,0,0,0,,bill_action_metadata; law_revision_text_proxy; official_olrc_public_law_marker_adjudication; official_olrc_post_only_public_law_marker; statutory_lineage_target_section_review_packet; statutory_lineage_target_section_diff_review; statutory_lineage_source_reviewed_target_section_diff; sponsor_district_public_opinion_metadata; sponsor_district_bill_policy_area_context; topic_throughput_policy_area; lobbying_issue_bill_policy_area_context; official_lda_filing_text_bill_identifier; federal_register_authority_search_match; federal_register_authority_text_verified; federal_register_proposed_rule_history_match; proposed_rule_shared_identifier_match; proposed_rule_regulations_gov_comment_portal_metadata; federal_register_exposed_regulations_gov_comment_metadata; federal_register_final_effective_date_timing; federal_register_proposed_to_final_timing,statutory_lineage_target_section_diff_review; statutory_lineage_source_reviewed_target_section_diff; public_law_federal_register_authority_context; public_law_rulemaking_history_context; public_law_federal_register_comment_metadata_context; bill_law_evidence_spine_context,public_law_causal_attribution; law_revision_effective_text; complete_codified_usc_lineage_review; complete_regulations_comments; implementation_outcomes_or_enforcement; direct_court_review_of_target_section; welfare_or_public_benefit; model_validation; exact_target_reference_implementation_authority; exact_target_reference_court_overlap; direct_case_to_public_law_identifier,"Target-section lifecycle bridge only; base U.S.C. section overlaps are metadata context and are not exact target-reference or subsection evidence. Raw SCDB target-section overlaps are date-screened section-citation context and do not prove review of the queued public law, bill, note, or subsection. Public-law-level rows remain context. This artifact does not establish implementation outcomes, direct court review of the target section, public-law causal attribution, law-revision effective text, welfare, causal effects, or model validation."
47,47,55,117-hr-4346,117-167,2022-08-09,15 USC 4656,direct_us_code_reference,15 USC 4656,15 USC 4656,,15 USC 4656,15,4656,0,reviewed_pre_post_target_section_diff,1,amended_existing_target_section,target_diff_with_public_law_lifecycle_context_only,public_law_context_only,0,,0,,6,6,2026-03307; 2024-25810; 2023-09999; 2024-23857; 2023-16009; 2024-30030,24,6,3,7,2022-14328; 2023-05871; 2023-07987; 2023-13247; 2023-18514; 2023-23616; 2023-26133,6,final_and_proposed_comment_metadata; final_comment_metadata_only,6,32431,4,https://www.regulations.gov/docketBrowser?rpp=50&so=DESC&sb=postedDate&po=0&dct=PS&D=FRA-2023-0021; https://www.regulations.gov/docketBrowser?rpp=50&so=DESC&sb=postedDate&po=0&dct=PS&D=IRS-2023-0012; https://www.regulations.gov/docketBrowser?rpp=50&so=DESC&sb=postedDate&po=0&dct=PS&D=IRS-2023-0042; https://www.regulations.gov/docketBrowser?rpp=50&so=DESC&sb=postedDate&po=0&dct=PS&D=NSF_FRDOC_0001,0,0,,,0,0,,0,0,,,0,0,0,,0,0,,0,0,,,0,0,0,,bill_action_metadata; law_revision_text_proxy; official_olrc_public_law_marker_adjudication; official_olrc_post_only_public_law_marker; statutory_lineage_target_section_review_packet; statutory_lineage_target_section_diff_review; statutory_lineage_source_reviewed_target_section_diff; sponsor_district_public_opinion_metadata; sponsor_district_bill_policy_area_context; topic_throughput_policy_area; lobbying_issue_bill_policy_area_context; official_lda_filing_text_bill_identifier; federal_register_authority_search_match; federal_register_authority_text_verified; federal_register_proposed_rule_history_match; proposed_rule_shared_identifier_match; proposed_rule_regulations_gov_comment_portal_metadata; federal_register_exposed_regulations_gov_comment_metadata; federal_register_final_effective_date_timing; federal_register_proposed_to_final_timing,statutory_lineage_target_section_diff_review; statutory_lineage_source_reviewed_target_section_diff; public_law_federal_register_authority_context; public_law_rulemaking_history_context; public_law_federal_register_comment_metadata_context; bill_law_evidence_spine_context,public_law_causal_attribution; law_revision_effective_text; complete_codified_usc_lineage_review; complete_regulations_comments; implementation_outcomes_or_enforcement; direct_court_review_of_target_section; welfare_or_public_benefit; model_validation; exact_target_reference_implementation_authority; exact_target_reference_court_overlap; direct_case_to_public_law_identifier,"Target-section lifecycle bridge only; base U.S.C. section overlaps are metadata context and are not exact target-reference or subsection evidence. Raw SCDB target-section overlaps are date-screened section-citation context and do not prove review of the queued public law, bill, note, or subsection. Public-law-level rows remain context. This artifact does not establish implementation outcomes, direct court review of the target section, public-law causal attribution, law-revision effective text, welfare, causal effects, or model validation."
48,48,56,117-hr-4346,117-167,2022-08-09,15 USC 4656(c)(2),direct_us_code_reference,15 USC 4656,15 USC 4656,(c)(2),15 USC 4656(c)(2),15,4656,0,reviewed_pre_post_target_section_diff,1,amended_existing_target_section,target_diff_with_public_law_lifecycle_context_only,public_law_context_only,0,,0,,6,6,2026-03307; 2024-25810; 2023-09999; 2024-23857; 2023-16009; 2024-30030,24,6,3,7,2022-14328; 2023-05871; 2023-07987; 2023-13247; 2023-18514; 2023-23616; 2023-26133,6,final_and_proposed_comment_metadata; final_comment_metadata_only,6,32431,4,https://www.regulations.gov/docketBrowser?rpp=50&so=DESC&sb=postedDate&po=0&dct=PS&D=FRA-2023-0021; https://www.regulations.gov/docketBrowser?rpp=50&so=DESC&sb=postedDate&po=0&dct=PS&D=IRS-2023-0012; https://www.regulations.gov/docketBrowser?rpp=50&so=DESC&sb=postedDate&po=0&dct=PS&D=IRS-2023-0042; https://www.regulations.gov/docketBrowser?rpp=50&so=DESC&sb=postedDate&po=0&dct=PS&D=NSF_FRDOC_0001,0,0,,,0,0,,0,0,,,0,0,0,,0,0,,0,0,,,0,0,0,,bill_action_metadata; law_revision_text_proxy; official_olrc_public_law_marker_adjudication; official_olrc_post_only_public_law_marker; statutory_lineage_target_section_review_packet; statutory_lineage_target_section_diff_review; statutory_lineage_source_reviewed_target_section_diff; sponsor_district_public_opinion_metadata; sponsor_district_bill_policy_area_context; topic_throughput_policy_area; lobbying_issue_bill_policy_area_context; official_lda_filing_text_bill_identifier; federal_register_authority_search_match; federal_register_authority_text_verified; federal_register_proposed_rule_history_match; proposed_rule_shared_identifier_match; proposed_rule_regulations_gov_comment_portal_metadata; federal_register_exposed_regulations_gov_comment_metadata; federal_register_final_effective_date_timing; federal_register_proposed_to_final_timing,statutory_lineage_target_section_diff_review; statutory_lineage_source_reviewed_target_section_diff; public_law_federal_register_authority_context; public_law_rulemaking_history_context; public_law_federal_register_comment_metadata_context; bill_law_evidence_spine_context,public_law_causal_attribution; law_revision_effective_text; complete_codified_usc_lineage_review; complete_regulations_comments; implementation_outcomes_or_enforcement; direct_court_review_of_target_section; welfare_or_public_benefit; model_validation; exact_target_reference_implementation_authority; exact_target_reference_court_overlap; direct_case_to_public_law_identifier,"Target-section lifecycle bridge only; base U.S.C. section overlaps are metadata context and are not exact target-reference or subsection evidence. Raw SCDB target-section overlaps are date-screened section-citation context and do not prove review of the queued public law, bill, note, or subsection. Public-law-level rows remain context. This artifact does not establish implementation outcomes, direct court review of the target section, public-law causal attribution, law-revision effective text, welfare, causal effects, or model validation."
49,49,57,117-hr-4346,117-167,2022-08-09,2 USC 905(g)(1)(A),direct_us_code_reference,2 USC 905,2 USC 905,(g)(1)(A),2 USC 905(g)(1)(A),2,905,0,reviewed_pre_post_target_section_diff,1,amended_existing_target_section,target_diff_with_public_law_lifecycle_context_only,public_law_context_only,0,,0,,6,6,2026-03307; 2024-25810; 2023-09999; 2024-23857; 2023-16009; 2024-30030,24,6,3,7,2022-14328; 2023-05871; 2023-07987; 2023-13247; 2023-18514; 2023-23616; 2023-26133,6,final_and_proposed_comment_metadata; final_comment_metadata_only,6,32431,4,https://www.regulations.gov/docketBrowser?rpp=50&so=DESC&sb=postedDate&po=0&dct=PS&D=FRA-2023-0021; https://www.regulations.gov/docketBrowser?rpp=50&so=DESC&sb=postedDate&po=0&dct=PS&D=IRS-2023-0012; https://www.regulations.gov/docketBrowser?rpp=50&so=DESC&sb=postedDate&po=0&dct=PS&D=IRS-2023-0042; https://www.regulations.gov/docketBrowser?rpp=50&so=DESC&sb=postedDate&po=0&dct=PS&D=NSF_FRDOC_0001,0,0,,,0,0,,0,0,,,0,0,0,,0,0,,0,0,,,0,0,0,,bill_action_metadata; law_revision_text_proxy; official_olrc_public_law_marker_adjudication; official_olrc_post_only_public_law_marker; statutory_lineage_target_section_review_packet; statutory_lineage_target_section_diff_review; statutory_lineage_source_reviewed_target_section_diff; sponsor_district_public_opinion_metadata; sponsor_district_bill_policy_area_context; topic_throughput_policy_area; lobbying_issue_bill_policy_area_context; official_lda_filing_text_bill_identifier; federal_register_authority_search_match; federal_register_authority_text_verified; federal_register_proposed_rule_history_match; proposed_rule_shared_identifier_match; proposed_rule_regulations_gov_comment_portal_metadata; federal_register_exposed_regulations_gov_comment_metadata; federal_register_final_effective_date_timing; federal_register_proposed_to_final_timing,statutory_lineage_target_section_diff_review; statutory_lineage_source_reviewed_target_section_diff; public_law_federal_register_authority_context; public_law_rulemaking_history_context; public_law_federal_register_comment_metadata_context; bill_law_evidence_spine_context,public_law_causal_attribution; law_revision_effective_text; complete_codified_usc_lineage_review; complete_regulations_comments; implementation_outcomes_or_enforcement; direct_court_review_of_target_section; welfare_or_public_benefit; model_validation; exact_target_reference_implementation_authority; exact_target_reference_court_overlap; direct_case_to_public_law_identifier,"Target-section lifecycle bridge only; base U.S.C. section overlaps are metadata context and are not exact target-reference or subsection evidence. Raw SCDB target-section overlaps are date-screened section-citation context and do not prove review of the queued public law, bill, note, or subsection. Public-law-level rows remain context. This artifact does not establish implementation outcomes, direct court review of the target section, public-law causal attribution, law-revision effective text, welfare, causal effects, or model validation."
50,50,58,117-hr-4346,117-167,2022-08-09,47 USC 906(a)(2),direct_us_code_reference,47 USC 906,47 USC 906,(a)(2),47 USC 906(a)(2),47,906,0,reviewed_related_section_context_no_exact_target_diff,0,related_section_context_only_no_exact_target_diff,reviewed_related_section_context_no_exact_target_diff,reviewed_no_exact_target_diff,0,,0,,6,6,2026-03307; 2024-25810; 2023-09999; 2024-23857; 2023-16009; 2024-30030,24,6,3,7,2022-14328; 2023-05871; 2023-07987; 2023-13247; 2023-18514; 2023-23616; 2023-26133,6,final_and_proposed_comment_metadata; final_comment_metadata_only,6,32431,4,https://www.regulations.gov/docketBrowser?rpp=50&so=DESC&sb=postedDate&po=0&dct=PS&D=FRA-2023-0021; https://www.regulations.gov/docketBrowser?rpp=50&so=DESC&sb=postedDate&po=0&dct=PS&D=IRS-2023-0012; https://www.regulations.gov/docketBrowser?rpp=50&so=DESC&sb=postedDate&po=0&dct=PS&D=IRS-2023-0042; https://www.regulations.gov/docketBrowser?rpp=50&so=DESC&sb=postedDate&po=0&dct=PS&D=NSF_FRDOC_0001,0,0,,,0,0,,0,0,,,0,0,0,,0,0,,0,0,,,0,0,0,,bill_action_metadata; law_revision_text_proxy; official_olrc_public_law_marker_adjudication; official_olrc_post_only_public_law_marker; statutory_lineage_target_section_review_packet; statutory_lineage_target_section_diff_review; statutory_lineage_source_reviewed_target_section_diff; sponsor_district_public_opinion_metadata; sponsor_district_bill_policy_area_context; topic_throughput_policy_area; lobbying_issue_bill_policy_area_context; official_lda_filing_text_bill_identifier; federal_register_authority_search_match; federal_register_authority_text_verified; federal_register_proposed_rule_history_match; proposed_rule_shared_identifier_match; proposed_rule_regulations_gov_comment_portal_metadata; federal_register_exposed_regulations_gov_comment_metadata; federal_register_final_effective_date_timing; federal_register_proposed_to_final_timing,statutory_lineage_target_section_diff_review; public_law_federal_register_authority_context; public_law_rulemaking_history_context; public_law_federal_register_comment_metadata_context; bill_law_evidence_spine_context,public_law_causal_attribution; law_revision_effective_text; complete_codified_usc_lineage_review; complete_regulations_comments; implementation_outcomes_or_enforcement; direct_court_review_of_target_section; welfare_or_public_benefit; model_validation; exact_target_reference_implementation_authority; exact_target_reference_court_overlap; direct_case_to_public_law_identifier; source_reviewed_target_section_diff,"Target-section lifecycle bridge only; base U.S.C. section overlaps are metadata context and are not exact target-reference or subsection evidence. Raw SCDB target-section overlaps are date-screened section-citation context and do not prove review of the queued public law, bill, note, or subsection. Public-law-level rows remain context. This artifact does not establish implementation outcomes, direct court review of the target section, public-law causal attribution, law-revision effective text, welfare, causal effects, or model validation."
51,51,76,117-s-1941,117-219,2022-12-05,31 USC 6102 note,direct_us_code_reference,31 USC 6102 note,31 USC 6102 note,,31 USC 6102 note,31,6102,1,reviewed_pre_post_target_section_diff,1,amended_existing_target_section,target_diff_with_public_law_lifecycle_context_only,public_law_context_only,0,,0,,2,2,2024-16911; 2024-16909,2,2,2,2,2024-06550; 2024-06764,2,final_and_proposed_comment_metadata,2,2,2,https://www.regulations.gov/docketBrowser?rpp=50&so=DESC&sb=postedDate&po=0&dct=PS&D=CMS-2024-0111; https://www.regulations.gov/docketBrowser?rpp=50&so=DESC&sb=postedDate&po=0&dct=PS&D=CMS-2024-0119,0,0,,,0,0,,0,0,,,0,0,0,,0,0,,0,0,,,0,0,0,,bill_action_metadata; law_revision_text_proxy; official_olrc_public_law_marker_adjudication; official_olrc_post_only_public_law_marker; statutory_lineage_target_section_review_packet; statutory_lineage_target_section_diff_review; statutory_lineage_source_reviewed_target_section_diff; campaign_finance_sponsor_policy_area_context; lobbying_issue_bill_policy_area_context; federal_register_authority_search_match; federal_register_authority_text_verified; federal_register_proposed_rule_history_match; proposed_rule_shared_identifier_match; proposed_rule_regulations_gov_comment_portal_metadata; federal_register_exposed_regulations_gov_comment_metadata; federal_register_final_effective_date_timing; federal_register_proposed_to_final_timing,statutory_lineage_target_section_diff_review; statutory_lineage_source_reviewed_target_section_diff; public_law_federal_register_authority_context; public_law_rulemaking_history_context; public_law_federal_register_comment_metadata_context; bill_law_evidence_spine_context,public_law_causal_attribution; law_revision_effective_text; complete_codified_usc_lineage_review; complete_regulations_comments; implementation_outcomes_or_enforcement; direct_court_review_of_target_section; welfare_or_public_benefit; model_validation; exact_target_reference_implementation_authority; exact_target_reference_court_overlap; direct_case_to_public_law_identifier,"Target-section lifecycle bridge only; base U.S.C. section overlaps are metadata context and are not exact target-reference or subsection evidence. Raw SCDB target-section overlaps are date-screened section-citation context and do not prove review of the queued public law, bill, note, or subsection. Public-law-level rows remain context. This artifact does not establish implementation outcomes, direct court review of the target section, public-law causal attribution, law-revision effective text, welfare, causal effects, or model validation."
52,52,77,117-s-1941,117-219,2022-12-05,31 USC 6309,direct_us_code_reference,31 USC 6309,31 USC 6309,,31 USC 6309,31,6309,0,reviewed_added_target_section_diff,1,added_target_section,target_diff_with_public_law_lifecycle_context_only,public_law_context_only,0,,0,,2,2,2024-16911; 2024-16909,2,2,2,2,2024-06550; 2024-06764,2,final_and_proposed_comment_metadata,2,2,2,https://www.regulations.gov/docketBrowser?rpp=50&so=DESC&sb=postedDate&po=0&dct=PS&D=CMS-2024-0111; https://www.regulations.gov/docketBrowser?rpp=50&so=DESC&sb=postedDate&po=0&dct=PS&D=CMS-2024-0119,0,0,,,0,0,,0,0,,,0,0,0,,0,0,,0,0,,,0,0,0,,bill_action_metadata; law_revision_text_proxy; official_olrc_public_law_marker_adjudication; official_olrc_post_only_public_law_marker; statutory_lineage_target_section_review_packet; statutory_lineage_target_section_diff_review; statutory_lineage_source_reviewed_target_section_diff; campaign_finance_sponsor_policy_area_context; lobbying_issue_bill_policy_area_context; federal_register_authority_search_match; federal_register_authority_text_verified; federal_register_proposed_rule_history_match; proposed_rule_shared_identifier_match; proposed_rule_regulations_gov_comment_portal_metadata; federal_register_exposed_regulations_gov_comment_metadata; federal_register_final_effective_date_timing; federal_register_proposed_to_final_timing,statutory_lineage_target_section_diff_review; statutory_lineage_source_reviewed_target_section_diff; public_law_federal_register_authority_context; public_law_rulemaking_history_context; public_law_federal_register_comment_metadata_context; bill_law_evidence_spine_context,public_law_causal_attribution; law_revision_effective_text; complete_codified_usc_lineage_review; complete_regulations_comments; implementation_outcomes_or_enforcement; direct_court_review_of_target_section; welfare_or_public_benefit; model_validation; exact_target_reference_implementation_authority; exact_target_reference_court_overlap; direct_case_to_public_law_identifier,"Target-section lifecycle bridge only; base U.S.C. section overlaps are metadata context and are not exact target-reference or subsection evidence. Raw SCDB target-section overlaps are date-screened section-citation context and do not prove review of the queued public law, bill, note, or subsection. Public-law-level rows remain context. This artifact does not establish implementation outcomes, direct court review of the target section, public-law causal attribution, law-revision effective text, welfare, causal effects, or model validation."
53,53,78,117-s-1941,117-219,2022-12-05,31 USC 6101 note,direct_us_code_reference,31 USC 6101 note,31 USC 6101 note,,31 USC 6101 note,31,6101,1,reviewed_pre_post_target_section_diff,1,amended_existing_target_section,target_diff_with_public_law_lifecycle_context_only,public_law_context_only,0,,0,,2,2,2024-16911; 2024-16909,2,2,2,2,2024-06550; 2024-06764,2,final_and_proposed_comment_metadata,2,2,2,https://www.regulations.gov/docketBrowser?rpp=50&so=DESC&sb=postedDate&po=0&dct=PS&D=CMS-2024-0111; https://www.regulations.gov/docketBrowser?rpp=50&so=DESC&sb=postedDate&po=0&dct=PS&D=CMS-2024-0119,0,0,,,0,0,,0,0,,,0,0,0,,0,0,,0,0,,,0,0,0,,bill_action_metadata; law_revision_text_proxy; official_olrc_public_law_marker_adjudication; official_olrc_post_only_public_law_marker; statutory_lineage_target_section_review_packet; statutory_lineage_target_section_diff_review; statutory_lineage_source_reviewed_target_section_diff; campaign_finance_sponsor_policy_area_context; lobbying_issue_bill_policy_area_context; federal_register_authority_search_match; federal_register_authority_text_verified; federal_register_proposed_rule_history_match; proposed_rule_shared_identifier_match; proposed_rule_regulations_gov_comment_portal_metadata; federal_register_exposed_regulations_gov_comment_metadata; federal_register_final_effective_date_timing; federal_register_proposed_to_final_timing,statutory_lineage_target_section_diff_review; statutory_lineage_source_reviewed_target_section_diff; public_law_federal_register_authority_context; public_law_rulemaking_history_context; public_law_federal_register_comment_metadata_context; bill_law_evidence_spine_context,public_law_causal_attribution; law_revision_effective_text; complete_codified_usc_lineage_review; complete_regulations_comments; implementation_outcomes_or_enforcement; direct_court_review_of_target_section; welfare_or_public_benefit; model_validation; exact_target_reference_implementation_authority; exact_target_reference_court_overlap; direct_case_to_public_law_identifier,"Target-section lifecycle bridge only; base U.S.C. section overlaps are metadata context and are not exact target-reference or subsection evidence. Raw SCDB target-section overlaps are date-screened section-citation context and do not prove review of the queued public law, bill, note, or subsection. Public-law-level rows remain context. This artifact does not establish implementation outcomes, direct court review of the target section, public-law causal attribution, law-revision effective text, welfare, causal effects, or model validation."
54,54,79,117-s-1941,117-219,2022-12-05,31 USC 6102(a)(2),title_code_section_phrase,31 USC 6102,31 USC 6102,(a)(2),31 USC 6102(a)(2),31,6102,0,reviewed_pre_post_target_section_diff,1,amended_existing_target_section,target_diff_with_public_law_lifecycle_context_only,public_law_context_only,0,,0,,2,2,2024-16911; 2024-16909,2,2,2,2,2024-06550; 2024-06764,2,final_and_proposed_comment_metadata,2,2,2,https://www.regulations.gov/docketBrowser?rpp=50&so=DESC&sb=postedDate&po=0&dct=PS&D=CMS-2024-0111; https://www.regulations.gov/docketBrowser?rpp=50&so=DESC&sb=postedDate&po=0&dct=PS&D=CMS-2024-0119,0,0,,,0,0,,0,0,,,0,0,0,,0,0,,0,0,,,0,0,0,,bill_action_metadata; law_revision_text_proxy; official_olrc_public_law_marker_adjudication; official_olrc_post_only_public_law_marker; statutory_lineage_target_section_review_packet; statutory_lineage_target_section_diff_review; statutory_lineage_source_reviewed_target_section_diff; campaign_finance_sponsor_policy_area_context; lobbying_issue_bill_policy_area_context; federal_register_authority_search_match; federal_register_authority_text_verified; federal_register_proposed_rule_history_match; proposed_rule_shared_identifier_match; proposed_rule_regulations_gov_comment_portal_metadata; federal_register_exposed_regulations_gov_comment_metadata; federal_register_final_effective_date_timing; federal_register_proposed_to_final_timing,statutory_lineage_target_section_diff_review; statutory_lineage_source_reviewed_target_section_diff; public_law_federal_register_authority_context; public_law_rulemaking_history_context; public_law_federal_register_comment_metadata_context; bill_law_evidence_spine_context,public_law_causal_attribution; law_revision_effective_text; complete_codified_usc_lineage_review; complete_regulations_comments; implementation_outcomes_or_enforcement; direct_court_review_of_target_section; welfare_or_public_benefit; model_validation; exact_target_reference_implementation_authority; exact_target_reference_court_overlap; direct_case_to_public_law_identifier,"Target-section lifecycle bridge only; base U.S.C. section overlaps are metadata context and are not exact target-reference or subsection evidence. Raw SCDB target-section overlaps are date-screened section-citation context and do not prove review of the queued public law, bill, note, or subsection. Public-law-level rows remain context. This artifact does not establish implementation outcomes, direct court review of the target section, public-law causal attribution, law-revision effective text, welfare, causal effects, or model validation."
55,55,80,117-s-1941,117-219,2022-12-05,44 USC 3504(e),title_code_section_phrase,44 USC 3504,44 USC 3504,(e),44 USC 3504(e),44,3504,0,reviewed_pre_post_target_section_diff,1,amended_existing_target_section,target_diff_with_public_law_lifecycle_context_only,public_law_context_only,0,,0,,2,2,2024-16911; 2024-16909,2,2,2,2,2024-06550; 2024-06764,2,final_and_proposed_comment_metadata,2,2,2,https://www.regulations.gov/docketBrowser?rpp=50&so=DESC&sb=postedDate&po=0&dct=PS&D=CMS-2024-0111; https://www.regulations.gov/docketBrowser?rpp=50&so=DESC&sb=postedDate&po=0&dct=PS&D=CMS-2024-0119,0,0,,,0,0,,0,0,,,0,0,0,,0,0,,0,0,,,0,0,0,,bill_action_metadata; law_revision_text_proxy; official_olrc_public_law_marker_adjudication; official_olrc_post_only_public_law_marker; statutory_lineage_target_section_review_packet; statutory_lineage_target_section_diff_review; statutory_lineage_source_reviewed_target_section_diff; campaign_finance_sponsor_policy_area_context; lobbying_issue_bill_policy_area_context; federal_register_authority_search_match; federal_register_authority_text_verified; federal_register_proposed_rule_history_match; proposed_rule_shared_identifier_match; proposed_rule_regulations_gov_comment_portal_metadata; federal_register_exposed_regulations_gov_comment_metadata; federal_register_final_effective_date_timing; federal_register_proposed_to_final_timing,statutory_lineage_target_section_diff_review; statutory_lineage_source_reviewed_target_section_diff; public_law_federal_register_authority_context; public_law_rulemaking_history_context; public_law_federal_register_comment_metadata_context; bill_law_evidence_spine_context,public_law_causal_attribution; law_revision_effective_text; complete_codified_usc_lineage_review; complete_regulations_comments; implementation_outcomes_or_enforcement; direct_court_review_of_target_section; welfare_or_public_benefit; model_validation; exact_target_reference_implementation_authority; exact_target_reference_court_overlap; direct_case_to_public_law_identifier,"Target-section lifecycle bridge only; base U.S.C. section overlaps are metadata context and are not exact target-reference or subsection evidence. Raw SCDB target-section overlaps are date-screened section-citation context and do not prove review of the queued public law, bill, note, or subsection. Public-law-level rows remain context. This artifact does not establish implementation outcomes, direct court review of the target section, public-law causal attribution, law-revision effective text, welfare, causal effects, or model validation."
56,56,59,117-s-516,117-203,2022-10-17,49 USC 40101 note,direct_us_code_reference,49 USC 40101 note,49 USC 40101 note,,49 USC 40101 note,49,40101,1,reviewed_pre_post_target_section_diff,1,amended_existing_target_section,target_diff_with_public_law_lifecycle_context_only,public_law_context_only,0,,0,,1,1,2024-24886,14,1,1,1,2023-11497,1,final_and_proposed_comment_metadata,1,0,1,https://www.regulations.gov/docketBrowser?rpp=50&so=DESC&sb=postedDate&po=0&dct=PS&D=FAA-2023-1275,0,0,,,0,0,,0,0,,,0,0,0,,0,0,,0,2,2003-032; 2010-010,5 U.S.C. 552,2,0,2,temporally_excluded_before_public_law_enactment,bill_action_metadata; law_revision_text_proxy; official_olrc_public_law_marker_adjudication; official_olrc_post_only_public_law_marker; statutory_lineage_target_section_review_packet; statutory_lineage_target_section_diff_review; statutory_lineage_source_reviewed_target_section_diff; lobbying_issue_bill_policy_area_context; official_lda_filing_text_bill_identifier; federal_register_authority_search_match; federal_register_authority_text_verified; federal_register_proposed_rule_history_match; proposed_rule_shared_identifier_match; proposed_rule_regulations_gov_comment_portal_metadata; federal_register_exposed_regulations_gov_comment_metadata; federal_register_final_effective_date_timing; federal_register_proposed_to_final_timing; court_review_usc_section_authority_overlap; scdb_law_minor_usc_section,statutory_lineage_target_section_diff_review; statutory_lineage_source_reviewed_target_section_diff; public_law_federal_register_authority_context; public_law_rulemaking_history_context; public_law_federal_register_comment_metadata_context; public_law_court_usc_section_overlap_context; court_public_law_direct_review_disposition; bill_law_evidence_spine_context,public_law_causal_attribution; law_revision_effective_text; complete_codified_usc_lineage_review; complete_regulations_comments; implementation_outcomes_or_enforcement; direct_court_review_of_target_section; welfare_or_public_benefit; model_validation; exact_target_reference_implementation_authority; exact_target_reference_court_overlap; direct_case_to_public_law_identifier,"Target-section lifecycle bridge only; base U.S.C. section overlaps are metadata context and are not exact target-reference or subsection evidence. Raw SCDB target-section overlaps are date-screened section-citation context and do not prove review of the queued public law, bill, note, or subsection. Public-law-level rows remain context. This artifact does not establish implementation outcomes, direct court review of the target section, public-law causal attribution, law-revision effective text, welfare, causal effects, or model validation."
57,57,60,117-s-4458,117-174,2022-08-26,38 USC 101 note,direct_us_code_reference,38 USC 101 note,38 USC 101 note,,38 USC 101 note,38,101,1,reviewed_pre_post_target_section_diff,1,amended_existing_target_section,target_diff_with_public_law_lifecycle_context_only,public_law_context_only,0,,0,,1,1,2024-00629,13,1,1,1,2022-22107,1,final_and_proposed_comment_metadata,1,0,1,https://www.regulations.gov/docketBrowser?rpp=50&so=DESC&sb=postedDate&po=0&dct=PS&D=VA-2022-VBA-0022,0,0,,,0,0,,0,0,,,0,0,0,,0,0,,0,0,,,0,0,0,,bill_action_metadata; law_revision_text_proxy; official_olrc_public_law_marker_adjudication; official_olrc_post_only_public_law_marker; statutory_lineage_target_section_review_packet; statutory_lineage_target_section_diff_review; statutory_lineage_source_reviewed_target_section_diff; campaign_finance_sponsor_policy_area_context; lobbying_issue_bill_policy_area_context; official_lda_filing_text_bill_identifier; federal_register_authority_search_match; federal_register_authority_text_verified; federal_register_proposed_rule_history_match; proposed_rule_shared_identifier_match; proposed_rule_regulations_gov_comment_portal_metadata; federal_register_exposed_regulations_gov_comment_metadata; federal_register_final_effective_date_timing; federal_register_proposed_to_final_timing,statutory_lineage_target_section_diff_review; statutory_lineage_source_reviewed_target_section_diff; public_law_federal_register_authority_context; public_law_rulemaking_history_context; public_law_federal_register_comment_metadata_context; bill_law_evidence_spine_context,public_law_causal_attribution; law_revision_effective_text; complete_codified_usc_lineage_review; complete_regulations_comments; implementation_outcomes_or_enforcement; direct_court_review_of_target_section; welfare_or_public_benefit; model_validation; exact_target_reference_implementation_authority; exact_target_reference_court_overlap; direct_case_to_public_law_identifier,"Target-section lifecycle bridge only; base U.S.C. section overlaps are metadata context and are not exact target-reference or subsection evidence. Raw SCDB target-section overlaps are date-screened section-citation context and do not prove review of the queued public law, bill, note, or subsection. Public-law-level rows remain context. This artifact does not establish implementation outcomes, direct court review of the target section, public-law causal attribution, law-revision effective text, welfare, causal effects, or model validation."
58,58,61,117-s-4458,117-174,2022-08-26,38 USC 3680A note,direct_us_code_reference,38 USC 3680A note,38 USC 3680A note,,38 USC 3680A note,38,3680A,1,reviewed_pre_post_target_section_diff,1,amended_existing_target_section_with_effective_date_note,target_diff_with_public_law_lifecycle_context_only,public_law_context_only,0,,0,,1,1,2024-00629,13,1,1,1,2022-22107,1,final_and_proposed_comment_metadata,1,0,1,https://www.regulations.gov/docketBrowser?rpp=50&so=DESC&sb=postedDate&po=0&dct=PS&D=VA-2022-VBA-0022,0,0,,,0,0,,0,0,,,0,0,0,,0,0,,0,0,,,0,0,0,,bill_action_metadata; law_revision_text_proxy; official_olrc_public_law_marker_adjudication; official_olrc_post_only_public_law_marker; statutory_lineage_target_section_review_packet; statutory_lineage_target_section_diff_review; statutory_lineage_source_reviewed_target_section_diff; campaign_finance_sponsor_policy_area_context; lobbying_issue_bill_policy_area_context; official_lda_filing_text_bill_identifier; federal_register_authority_search_match; federal_register_authority_text_verified; federal_register_proposed_rule_history_match; proposed_rule_shared_identifier_match; proposed_rule_regulations_gov_comment_portal_metadata; federal_register_exposed_regulations_gov_comment_metadata; federal_register_final_effective_date_timing; federal_register_proposed_to_final_timing,statutory_lineage_target_section_diff_review; statutory_lineage_source_reviewed_target_section_diff; public_law_federal_register_authority_context; public_law_rulemaking_history_context; public_law_federal_register_comment_metadata_context; bill_law_evidence_spine_context,public_law_causal_attribution; law_revision_effective_text; complete_codified_usc_lineage_review; complete_regulations_comments; implementation_outcomes_or_enforcement; direct_court_review_of_target_section; welfare_or_public_benefit; model_validation; exact_target_reference_implementation_authority; exact_target_reference_court_overlap; direct_case_to_public_law_identifier,"Target-section lifecycle bridge only; base U.S.C. section overlaps are metadata context and are not exact target-reference or subsection evidence. Raw SCDB target-section overlaps are date-screened section-citation context and do not prove review of the queued public law, bill, note, or subsection. Public-law-level rows remain context. This artifact does not establish implementation outcomes, direct court review of the target section, public-law causal attribution, law-revision effective text, welfare, causal effects, or model validation."
59,59,62,117-s-3580,117-146,2022-06-16,46 USC 40504,direct_us_code_reference,46 USC 40504,46 USC 40504,,46 USC 40504,46,40504,0,reviewed_added_target_section_diff,1,added_target_section,target_diff_with_public_law_lifecycle_context_only,public_law_context_only,0,,0,,3,3,2024-02926; 2023-05393; 2024-16148,22,3,2,6,2022-02981; 2022-05572; 2022-22290; 2022-24362; 2022-26025; 2023-12744,3,final_and_proposed_comment_metadata; final_comment_metadata_only,3,0,4,https://www.regulations.gov/docketBrowser?rpp=50&so=DESC&sb=postedDate&po=0&dct=PS&D=FMC-2022-0013; https://www.regulations.gov/docketBrowser?rpp=50&so=DESC&sb=postedDate&po=0&dct=PS&D=FMC-2022-0023; https://www.regulations.gov/docketBrowser?rpp=50&so=DESC&sb=postedDate&po=0&dct=PS&D=FMC-2022-0066; https://www.regulations.gov/docketBrowser?rpp=50&so=DESC&sb=postedDate&po=0&dct=PS&D=FMC-2023-0010,0,0,,,0,0,,0,0,,,0,0,0,,0,0,,0,0,,,0,0,0,,bill_action_metadata; law_revision_text_proxy; official_olrc_public_law_marker_adjudication; official_olrc_post_only_public_law_marker; statutory_lineage_target_section_review_packet; statutory_lineage_target_section_diff_review; statutory_lineage_source_reviewed_target_section_diff; lobbying_issue_bill_policy_area_context; official_lda_filing_text_bill_identifier; federal_register_authority_search_match; federal_register_authority_text_verified; federal_register_proposed_rule_history_match; proposed_rule_shared_identifier_match; proposed_rule_regulations_gov_comment_portal_metadata; federal_register_exposed_regulations_gov_comment_metadata; federal_register_final_effective_date_timing; federal_register_proposed_to_final_timing,statutory_lineage_target_section_diff_review; statutory_lineage_source_reviewed_target_section_diff; public_law_federal_register_authority_context; public_law_rulemaking_history_context; public_law_federal_register_comment_metadata_context; bill_law_evidence_spine_context,public_law_causal_attribution; law_revision_effective_text; complete_codified_usc_lineage_review; complete_regulations_comments; implementation_outcomes_or_enforcement; direct_court_review_of_target_section; welfare_or_public_benefit; model_validation; exact_target_reference_implementation_authority; exact_target_reference_court_overlap; direct_case_to_public_law_identifier,"Target-section lifecycle bridge only; base U.S.C. section overlaps are metadata context and are not exact target-reference or subsection evidence. Raw SCDB target-section overlaps are date-screened section-citation context and do not prove review of the queued public law, bill, note, or subsection. Public-law-level rows remain context. This artifact does not establish implementation outcomes, direct court review of the target section, public-law causal attribution, law-revision effective text, welfare, causal effects, or model validation."
60,60,63,117-s-3580,117-146,2022-06-16,46 USC 41110,direct_us_code_reference,46 USC 41110,46 USC 41110,,46 USC 41110,46,41110,0,reviewed_added_target_section_diff,1,added_target_section,target_diff_with_public_law_lifecycle_context_only,public_law_context_only,0,,0,,3,3,2024-02926; 2023-05393; 2024-16148,22,3,2,6,2022-02981; 2022-05572; 2022-22290; 2022-24362; 2022-26025; 2023-12744,3,final_and_proposed_comment_metadata; final_comment_metadata_only,3,0,4,https://www.regulations.gov/docketBrowser?rpp=50&so=DESC&sb=postedDate&po=0&dct=PS&D=FMC-2022-0013; https://www.regulations.gov/docketBrowser?rpp=50&so=DESC&sb=postedDate&po=0&dct=PS&D=FMC-2022-0023; https://www.regulations.gov/docketBrowser?rpp=50&so=DESC&sb=postedDate&po=0&dct=PS&D=FMC-2022-0066; https://www.regulations.gov/docketBrowser?rpp=50&so=DESC&sb=postedDate&po=0&dct=PS&D=FMC-2023-0010,0,0,,,0,0,,0,0,,,0,0,0,,0,0,,0,0,,,0,0,0,,bill_action_metadata; law_revision_text_proxy; official_olrc_public_law_marker_adjudication; official_olrc_post_only_public_law_marker; statutory_lineage_target_section_review_packet; statutory_lineage_target_section_diff_review; statutory_lineage_source_reviewed_target_section_diff; lobbying_issue_bill_policy_area_context; official_lda_filing_text_bill_identifier; federal_register_authority_search_match; federal_register_authority_text_verified; federal_register_proposed_rule_history_match; proposed_rule_shared_identifier_match; proposed_rule_regulations_gov_comment_portal_metadata; federal_register_exposed_regulations_gov_comment_metadata; federal_register_final_effective_date_timing; federal_register_proposed_to_final_timing,statutory_lineage_target_section_diff_review; statutory_lineage_source_reviewed_target_section_diff; public_law_federal_register_authority_context; public_law_rulemaking_history_context; public_law_federal_register_comment_metadata_context; bill_law_evidence_spine_context,public_law_causal_attribution; law_revision_effective_text; complete_codified_usc_lineage_review; complete_regulations_comments; implementation_outcomes_or_enforcement; direct_court_review_of_target_section; welfare_or_public_benefit; model_validation; exact_target_reference_implementation_authority; exact_target_reference_court_overlap; direct_case_to_public_law_identifier,"Target-section lifecycle bridge only; base U.S.C. section overlaps are metadata context and are not exact target-reference or subsection evidence. Raw SCDB target-section overlaps are date-screened section-citation context and do not prove review of the queued public law, bill, note, or subsection. Public-law-level rows remain context. This artifact does not establish implementation outcomes, direct court review of the target section, public-law causal attribution, law-revision effective text, welfare, causal effects, or model validation."
61,61,64,117-s-3580,117-146,2022-06-16,46 USC 101 note,direct_us_code_reference,46 USC 101 note,46 USC 101 note,,46 USC 101 note,46,101,1,reviewed_pre_post_target_section_diff,1,amended_existing_target_section,target_diff_with_public_law_lifecycle_context_only,public_law_context_only,0,,0,,3,3,2024-02926; 2023-05393; 2024-16148,22,3,2,6,2022-02981; 2022-05572; 2022-22290; 2022-24362; 2022-26025; 2023-12744,3,final_and_proposed_comment_metadata; final_comment_metadata_only,3,0,4,https://www.regulations.gov/docketBrowser?rpp=50&so=DESC&sb=postedDate&po=0&dct=PS&D=FMC-2022-0013; https://www.regulations.gov/docketBrowser?rpp=50&so=DESC&sb=postedDate&po=0&dct=PS&D=FMC-2022-0023; https://www.regulations.gov/docketBrowser?rpp=50&so=DESC&sb=postedDate&po=0&dct=PS&D=FMC-2022-0066; https://www.regulations.gov/docketBrowser?rpp=50&so=DESC&sb=postedDate&po=0&dct=PS&D=FMC-2023-0010,0,0,,,0,0,,0,0,,,0,0,0,,0,0,,0,0,,,0,0,0,,bill_action_metadata; law_revision_text_proxy; official_olrc_public_law_marker_adjudication; official_olrc_post_only_public_law_marker; statutory_lineage_target_section_review_packet; statutory_lineage_target_section_diff_review; statutory_lineage_source_reviewed_target_section_diff; lobbying_issue_bill_policy_area_context; official_lda_filing_text_bill_identifier; federal_register_authority_search_match; federal_register_authority_text_verified; federal_register_proposed_rule_history_match; proposed_rule_shared_identifier_match; proposed_rule_regulations_gov_comment_portal_metadata; federal_register_exposed_regulations_gov_comment_metadata; federal_register_final_effective_date_timing; federal_register_proposed_to_final_timing,statutory_lineage_target_section_diff_review; statutory_lineage_source_reviewed_target_section_diff; public_law_federal_register_authority_context; public_law_rulemaking_history_context; public_law_federal_register_comment_metadata_context; bill_law_evidence_spine_context,public_law_causal_attribution; law_revision_effective_text; complete_codified_usc_lineage_review; complete_regulations_comments; implementation_outcomes_or_enforcement; direct_court_review_of_target_section; welfare_or_public_benefit; model_validation; exact_target_reference_implementation_authority; exact_target_reference_court_overlap; direct_case_to_public_law_identifier,"Target-section lifecycle bridge only; base U.S.C. section overlaps are metadata context and are not exact target-reference or subsection evidence. Raw SCDB target-section overlaps are date-screened section-citation context and do not prove review of the queued public law, bill, note, or subsection. Public-law-level rows remain context. This artifact does not establish implementation outcomes, direct court review of the target section, public-law causal attribution, law-revision effective text, welfare, causal effects, or model validation."
62,62,65,117-s-3580,117-146,2022-06-16,46 USC 40101,title_code_section_phrase,46 USC 40101,46 USC 40101,,46 USC 40101,46,40101,0,reviewed_pre_post_target_section_diff,1,amended_existing_target_section,target_diff_with_exact_authority_target_reference_context,exact_target_reference_context,1,46 U.S.C. 40101; 46 U.S.C. 40101(1; 46 U.S.C. 40101(2; 46 U.S.C. 40101(4,1,46 U.S.C. 40101,3,3,2024-02926; 2023-05393; 2024-16148,22,3,2,6,2022-02981; 2022-05572; 2022-22290; 2022-24362; 2022-26025; 2023-12744,3,final_and_proposed_comment_metadata; final_comment_metadata_only,3,0,4,https://www.regulations.gov/docketBrowser?rpp=50&so=DESC&sb=postedDate&po=0&dct=PS&D=FMC-2022-0013; https://www.regulations.gov/docketBrowser?rpp=50&so=DESC&sb=postedDate&po=0&dct=PS&D=FMC-2022-0023; https://www.regulations.gov/docketBrowser?rpp=50&so=DESC&sb=postedDate&po=0&dct=PS&D=FMC-2022-0066; https://www.regulations.gov/docketBrowser?rpp=50&so=DESC&sb=postedDate&po=0&dct=PS&D=FMC-2023-0010,0,0,,,0,0,,0,0,,,0,0,0,,0,0,,0,0,,,0,0,0,,bill_action_metadata; law_revision_text_proxy; official_olrc_public_law_marker_adjudication; official_olrc_post_only_public_law_marker; statutory_lineage_target_section_review_packet; statutory_lineage_target_section_diff_review; statutory_lineage_source_reviewed_target_section_diff; lobbying_issue_bill_policy_area_context; official_lda_filing_text_bill_identifier; federal_register_authority_search_match; federal_register_authority_text_verified; federal_register_proposed_rule_history_match; proposed_rule_shared_identifier_match; proposed_rule_regulations_gov_comment_portal_metadata; federal_register_exposed_regulations_gov_comment_metadata; federal_register_final_effective_date_timing; federal_register_proposed_to_final_timing,statutory_lineage_target_section_diff_review; statutory_lineage_source_reviewed_target_section_diff; public_law_federal_register_authority_context; target_base_section_authority_usc_overlap; target_reference_authority_usc_overlap; public_law_rulemaking_history_context; public_law_federal_register_comment_metadata_context; bill_law_evidence_spine_context,public_law_causal_attribution; law_revision_effective_text; complete_codified_usc_lineage_review; complete_regulations_comments; implementation_outcomes_or_enforcement; direct_court_review_of_target_section; welfare_or_public_benefit; model_validation; exact_target_reference_court_overlap; direct_case_to_public_law_identifier,"Target-section lifecycle bridge only; base U.S.C. section overlaps are metadata context and are not exact target-reference or subsection evidence. Raw SCDB target-section overlaps are date-screened section-citation context and do not prove review of the queued public law, bill, note, or subsection. Public-law-level rows remain context. This artifact does not establish implementation outcomes, direct court review of the target section, public-law causal attribution, law-revision effective text, welfare, causal effects, or model validation."
63,63,66,117-s-3580,117-146,2022-06-16,46 USC 40502(c),title_code_section_phrase,46 USC 40502,46 USC 40502,(c),46 USC 40502(c),46,40502,0,reviewed_pre_post_target_section_diff,1,amended_existing_target_section,target_diff_with_authority_base_section_context,base_section_context,1,46 U.S.C. 40502(f,0,,3,3,2024-02926; 2023-05393; 2024-16148,22,3,2,6,2022-02981; 2022-05572; 2022-22290; 2022-24362; 2022-26025; 2023-12744,3,final_and_proposed_comment_metadata; final_comment_metadata_only,3,0,4,https://www.regulations.gov/docketBrowser?rpp=50&so=DESC&sb=postedDate&po=0&dct=PS&D=FMC-2022-0013; https://www.regulations.gov/docketBrowser?rpp=50&so=DESC&sb=postedDate&po=0&dct=PS&D=FMC-2022-0023; https://www.regulations.gov/docketBrowser?rpp=50&so=DESC&sb=postedDate&po=0&dct=PS&D=FMC-2022-0066; https://www.regulations.gov/docketBrowser?rpp=50&so=DESC&sb=postedDate&po=0&dct=PS&D=FMC-2023-0010,0,0,,,0,0,,0,0,,,0,0,0,,0,0,,0,0,,,0,0,0,,bill_action_metadata; law_revision_text_proxy; official_olrc_public_law_marker_adjudication; official_olrc_post_only_public_law_marker; statutory_lineage_target_section_review_packet; statutory_lineage_target_section_diff_review; statutory_lineage_source_reviewed_target_section_diff; lobbying_issue_bill_policy_area_context; official_lda_filing_text_bill_identifier; federal_register_authority_search_match; federal_register_authority_text_verified; federal_register_proposed_rule_history_match; proposed_rule_shared_identifier_match; proposed_rule_regulations_gov_comment_portal_metadata; federal_register_exposed_regulations_gov_comment_metadata; federal_register_final_effective_date_timing; federal_register_proposed_to_final_timing,statutory_lineage_target_section_diff_review; statutory_lineage_source_reviewed_target_section_diff; public_law_federal_register_authority_context; target_base_section_authority_usc_overlap; public_law_rulemaking_history_context; public_law_federal_register_comment_metadata_context; bill_law_evidence_spine_context,public_law_causal_attribution; law_revision_effective_text; complete_codified_usc_lineage_review; complete_regulations_comments; implementation_outcomes_or_enforcement; direct_court_review_of_target_section; welfare_or_public_benefit; model_validation; exact_target_reference_implementation_authority; exact_target_reference_court_overlap; direct_case_to_public_law_identifier,"Target-section lifecycle bridge only; base U.S.C. section overlaps are metadata context and are not exact target-reference or subsection evidence. Raw SCDB target-section overlaps are date-screened section-citation context and do not prove review of the queued public law, bill, note, or subsection. Public-law-level rows remain context. This artifact does not establish implementation outcomes, direct court review of the target section, public-law causal attribution, law-revision effective text, welfare, causal effects, or model validation."
64,64,67,117-s-3580,117-146,2022-06-16,46 USC 40504 note,direct_us_code_reference,46 USC 40504 note,46 USC 40504 note,,46 USC 40504 note,46,40504,1,reviewed_added_target_section_diff,1,added_target_section,target_diff_with_public_law_lifecycle_context_only,public_law_context_only,0,,0,,3,3,2024-02926; 2023-05393; 2024-16148,22,3,2,6,2022-02981; 2022-05572; 2022-22290; 2022-24362; 2022-26025; 2023-12744,3,final_and_proposed_comment_metadata; final_comment_metadata_only,3,0,4,https://www.regulations.gov/docketBrowser?rpp=50&so=DESC&sb=postedDate&po=0&dct=PS&D=FMC-2022-0013; https://www.regulations.gov/docketBrowser?rpp=50&so=DESC&sb=postedDate&po=0&dct=PS&D=FMC-2022-0023; https://www.regulations.gov/docketBrowser?rpp=50&so=DESC&sb=postedDate&po=0&dct=PS&D=FMC-2022-0066; https://www.regulations.gov/docketBrowser?rpp=50&so=DESC&sb=postedDate&po=0&dct=PS&D=FMC-2023-0010,0,0,,,0,0,,0,0,,,0,0,0,,0,0,,0,0,,,0,0,0,,bill_action_metadata; law_revision_text_proxy; official_olrc_public_law_marker_adjudication; official_olrc_post_only_public_law_marker; statutory_lineage_target_section_review_packet; statutory_lineage_target_section_diff_review; statutory_lineage_source_reviewed_target_section_diff; lobbying_issue_bill_policy_area_context; official_lda_filing_text_bill_identifier; federal_register_authority_search_match; federal_register_authority_text_verified; federal_register_proposed_rule_history_match; proposed_rule_shared_identifier_match; proposed_rule_regulations_gov_comment_portal_metadata; federal_register_exposed_regulations_gov_comment_metadata; federal_register_final_effective_date_timing; federal_register_proposed_to_final_timing,statutory_lineage_target_section_diff_review; statutory_lineage_source_reviewed_target_section_diff; public_law_federal_register_authority_context; public_law_rulemaking_history_context; public_law_federal_register_comment_metadata_context; bill_law_evidence_spine_context,public_law_causal_attribution; law_revision_effective_text; complete_codified_usc_lineage_review; complete_regulations_comments; implementation_outcomes_or_enforcement; direct_court_review_of_target_section; welfare_or_public_benefit; model_validation; exact_target_reference_implementation_authority; exact_target_reference_court_overlap; direct_case_to_public_law_identifier,"Target-section lifecycle bridge only; base U.S.C. section overlaps are metadata context and are not exact target-reference or subsection evidence. Raw SCDB target-section overlaps are date-screened section-citation context and do not prove review of the queued public law, bill, note, or subsection. Public-law-level rows remain context. This artifact does not establish implementation outcomes, direct court review of the target section, public-law causal attribution, law-revision effective text, welfare, causal effects, or model validation."
65,65,68,117-s-3580,117-146,2022-06-16,46 USC 41102,title_code_section_phrase,46 USC 41102,46 USC 41102,,46 USC 41102,46,41102,0,reviewed_pre_post_target_section_diff,1,amended_existing_target_section,target_diff_with_exact_authority_target_reference_context,exact_target_reference_context,1,46 U.S.C. 41102; 46 U.S.C. 41102(a; 46 U.S.C. 41102(c; 46 U.S.C. 41102(d,1,46 U.S.C. 41102,3,3,2024-02926; 2023-05393; 2024-16148,22,3,2,6,2022-02981; 2022-05572; 2022-22290; 2022-24362; 2022-26025; 2023-12744,3,final_and_proposed_comment_metadata; final_comment_metadata_only,3,0,4,https://www.regulations.gov/docketBrowser?rpp=50&so=DESC&sb=postedDate&po=0&dct=PS&D=FMC-2022-0013; https://www.regulations.gov/docketBrowser?rpp=50&so=DESC&sb=postedDate&po=0&dct=PS&D=FMC-2022-0023; https://www.regulations.gov/docketBrowser?rpp=50&so=DESC&sb=postedDate&po=0&dct=PS&D=FMC-2022-0066; https://www.regulations.gov/docketBrowser?rpp=50&so=DESC&sb=postedDate&po=0&dct=PS&D=FMC-2023-0010,0,0,,,0,0,,0,0,,,0,0,0,,0,0,,0,0,,,0,0,0,,bill_action_metadata; law_revision_text_proxy; official_olrc_public_law_marker_adjudication; official_olrc_post_only_public_law_marker; statutory_lineage_target_section_review_packet; statutory_lineage_target_section_diff_review; statutory_lineage_source_reviewed_target_section_diff; lobbying_issue_bill_policy_area_context; official_lda_filing_text_bill_identifier; federal_register_authority_search_match; federal_register_authority_text_verified; federal_register_proposed_rule_history_match; proposed_rule_shared_identifier_match; proposed_rule_regulations_gov_comment_portal_metadata; federal_register_exposed_regulations_gov_comment_metadata; federal_register_final_effective_date_timing; federal_register_proposed_to_final_timing,statutory_lineage_target_section_diff_review; statutory_lineage_source_reviewed_target_section_diff; public_law_federal_register_authority_context; target_base_section_authority_usc_overlap; target_reference_authority_usc_overlap; public_law_rulemaking_history_context; public_law_federal_register_comment_metadata_context; bill_law_evidence_spine_context,public_law_causal_attribution; law_revision_effective_text; complete_codified_usc_lineage_review; complete_regulations_comments; implementation_outcomes_or_enforcement; direct_court_review_of_target_section; welfare_or_public_benefit; model_validation; exact_target_reference_court_overlap; direct_case_to_public_law_identifier,"Target-section lifecycle bridge only; base U.S.C. section overlaps are metadata context and are not exact target-reference or subsection evidence. Raw SCDB target-section overlaps are date-screened section-citation context and do not prove review of the queued public law, bill, note, or subsection. Public-law-level rows remain context. This artifact does not establish implementation outcomes, direct court review of the target section, public-law causal attribution, law-revision effective text, welfare, causal effects, or model validation."
66,66,69,117-s-3580,117-146,2022-06-16,46 USC 41102 note,direct_us_code_reference,46 USC 41102 note,46 USC 41102 note,,46 USC 41102 note,46,41102,1,reviewed_pre_post_target_section_diff,1,amended_existing_target_section,target_diff_with_public_law_lifecycle_context_only,public_law_context_only,0,,0,,3,3,2024-02926; 2023-05393; 2024-16148,22,3,2,6,2022-02981; 2022-05572; 2022-22290; 2022-24362; 2022-26025; 2023-12744,3,final_and_proposed_comment_metadata; final_comment_metadata_only,3,0,4,https://www.regulations.gov/docketBrowser?rpp=50&so=DESC&sb=postedDate&po=0&dct=PS&D=FMC-2022-0013; https://www.regulations.gov/docketBrowser?rpp=50&so=DESC&sb=postedDate&po=0&dct=PS&D=FMC-2022-0023; https://www.regulations.gov/docketBrowser?rpp=50&so=DESC&sb=postedDate&po=0&dct=PS&D=FMC-2022-0066; https://www.regulations.gov/docketBrowser?rpp=50&so=DESC&sb=postedDate&po=0&dct=PS&D=FMC-2023-0010,0,0,,,0,0,,0,0,,,0,0,0,,0,0,,0,0,,,0,0,0,,bill_action_metadata; law_revision_text_proxy; official_olrc_public_law_marker_adjudication; official_olrc_post_only_public_law_marker; statutory_lineage_target_section_review_packet; statutory_lineage_target_section_diff_review; statutory_lineage_source_reviewed_target_section_diff; lobbying_issue_bill_policy_area_context; official_lda_filing_text_bill_identifier; federal_register_authority_search_match; federal_register_authority_text_verified; federal_register_proposed_rule_history_match; proposed_rule_shared_identifier_match; proposed_rule_regulations_gov_comment_portal_metadata; federal_register_exposed_regulations_gov_comment_metadata; federal_register_final_effective_date_timing; federal_register_proposed_to_final_timing,statutory_lineage_target_section_diff_review; statutory_lineage_source_reviewed_target_section_diff; public_law_federal_register_authority_context; public_law_rulemaking_history_context; public_law_federal_register_comment_metadata_context; bill_law_evidence_spine_context,public_law_causal_attribution; law_revision_effective_text; complete_codified_usc_lineage_review; complete_regulations_comments; implementation_outcomes_or_enforcement; direct_court_review_of_target_section; welfare_or_public_benefit; model_validation; exact_target_reference_implementation_authority; exact_target_reference_court_overlap; direct_case_to_public_law_identifier,"Target-section lifecycle bridge only; base U.S.C. section overlaps are metadata context and are not exact target-reference or subsection evidence. Raw SCDB target-section overlaps are date-screened section-citation context and do not prove review of the queued public law, bill, note, or subsection. Public-law-level rows remain context. This artifact does not establish implementation outcomes, direct court review of the target section, public-law causal attribution, law-revision effective text, welfare, causal effects, or model validation."
67,67,70,117-s-3580,117-146,2022-06-16,46 USC 41102(c),title_code_section_phrase,46 USC 41102,46 USC 41102,(c),46 USC 41102(c),46,41102,0,reviewed_related_section_context_no_exact_target_diff,0,related_section_context_only_no_exact_target_diff,reviewed_related_section_context_no_exact_target_diff,reviewed_no_exact_target_diff,1,46 U.S.C. 41102; 46 U.S.C. 41102(a; 46 U.S.C. 41102(c; 46 U.S.C. 41102(d,1,46 U.S.C. 41102(c,3,3,2024-02926; 2023-05393; 2024-16148,22,3,2,6,2022-02981; 2022-05572; 2022-22290; 2022-24362; 2022-26025; 2023-12744,3,final_and_proposed_comment_metadata; final_comment_metadata_only,3,0,4,https://www.regulations.gov/docketBrowser?rpp=50&so=DESC&sb=postedDate&po=0&dct=PS&D=FMC-2022-0013; https://www.regulations.gov/docketBrowser?rpp=50&so=DESC&sb=postedDate&po=0&dct=PS&D=FMC-2022-0023; https://www.regulations.gov/docketBrowser?rpp=50&so=DESC&sb=postedDate&po=0&dct=PS&D=FMC-2022-0066; https://www.regulations.gov/docketBrowser?rpp=50&so=DESC&sb=postedDate&po=0&dct=PS&D=FMC-2023-0010,0,0,,,0,0,,0,0,,,0,0,0,,0,0,,0,0,,,0,0,0,,bill_action_metadata; law_revision_text_proxy; official_olrc_public_law_marker_adjudication; official_olrc_post_only_public_law_marker; statutory_lineage_target_section_review_packet; statutory_lineage_target_section_diff_review; statutory_lineage_source_reviewed_target_section_diff; lobbying_issue_bill_policy_area_context; official_lda_filing_text_bill_identifier; federal_register_authority_search_match; federal_register_authority_text_verified; federal_register_proposed_rule_history_match; proposed_rule_shared_identifier_match; proposed_rule_regulations_gov_comment_portal_metadata; federal_register_exposed_regulations_gov_comment_metadata; federal_register_final_effective_date_timing; federal_register_proposed_to_final_timing,statutory_lineage_target_section_diff_review; public_law_federal_register_authority_context; target_base_section_authority_usc_overlap; target_reference_authority_usc_overlap; public_law_rulemaking_history_context; public_law_federal_register_comment_metadata_context; bill_law_evidence_spine_context,public_law_causal_attribution; law_revision_effective_text; complete_codified_usc_lineage_review; complete_regulations_comments; implementation_outcomes_or_enforcement; direct_court_review_of_target_section; welfare_or_public_benefit; model_validation; exact_target_reference_court_overlap; direct_case_to_public_law_identifier; source_reviewed_target_section_diff,"Target-section lifecycle bridge only; base U.S.C. section overlaps are metadata context and are not exact target-reference or subsection evidence. Raw SCDB target-section overlaps are date-screened section-citation context and do not prove review of the queued public law, bill, note, or subsection. Public-law-level rows remain context. This artifact does not establish implementation outcomes, direct court review of the target section, public-law causal attribution, law-revision effective text, welfare, causal effects, or model validation."
68,68,71,117-s-3580,117-146,2022-06-16,46 USC 41104,title_code_section_phrase,46 USC 41104,46 USC 41104,,46 USC 41104,46,41104,0,reviewed_pre_post_target_section_diff,1,amended_existing_target_section,target_diff_with_exact_authority_target_reference_context,exact_target_reference_context,1,46 U.S.C 41104(a)(3; 46 U.S.C. 41104; 46 U.S.C. 41104(a; 46 U.S.C. 41104(a)(10; 46 U.S.C. 41104(a)(15,1,46 U.S.C. 41104,3,3,2024-02926; 2023-05393; 2024-16148,22,3,2,6,2022-02981; 2022-05572; 2022-22290; 2022-24362; 2022-26025; 2023-12744,3,final_and_proposed_comment_metadata; final_comment_metadata_only,3,0,4,https://www.regulations.gov/docketBrowser?rpp=50&so=DESC&sb=postedDate&po=0&dct=PS&D=FMC-2022-0013; https://www.regulations.gov/docketBrowser?rpp=50&so=DESC&sb=postedDate&po=0&dct=PS&D=FMC-2022-0023; https://www.regulations.gov/docketBrowser?rpp=50&so=DESC&sb=postedDate&po=0&dct=PS&D=FMC-2022-0066; https://www.regulations.gov/docketBrowser?rpp=50&so=DESC&sb=postedDate&po=0&dct=PS&D=FMC-2023-0010,0,0,,,0,0,,0,0,,,0,0,0,,0,0,,0,0,,,0,0,0,,bill_action_metadata; law_revision_text_proxy; official_olrc_public_law_marker_adjudication; official_olrc_post_only_public_law_marker; statutory_lineage_target_section_review_packet; statutory_lineage_target_section_diff_review; statutory_lineage_source_reviewed_target_section_diff; lobbying_issue_bill_policy_area_context; official_lda_filing_text_bill_identifier; federal_register_authority_search_match; federal_register_authority_text_verified; federal_register_proposed_rule_history_match; proposed_rule_shared_identifier_match; proposed_rule_regulations_gov_comment_portal_metadata; federal_register_exposed_regulations_gov_comment_metadata; federal_register_final_effective_date_timing; federal_register_proposed_to_final_timing,statutory_lineage_target_section_diff_review; statutory_lineage_source_reviewed_target_section_diff; public_law_federal_register_authority_context; target_base_section_authority_usc_overlap; target_reference_authority_usc_overlap; public_law_rulemaking_history_context; public_law_federal_register_comment_metadata_context; bill_law_evidence_spine_context,public_law_causal_attribution; law_revision_effective_text; complete_codified_usc_lineage_review; complete_regulations_comments; implementation_outcomes_or_enforcement; direct_court_review_of_target_section; welfare_or_public_benefit; model_validation; exact_target_reference_court_overlap; direct_case_to_public_law_identifier,"Target-section lifecycle bridge only; base U.S.C. section overlaps are metadata context and are not exact target-reference or subsection evidence. Raw SCDB target-section overlaps are date-screened section-citation context and do not prove review of the queued public law, bill, note, or subsection. Public-law-level rows remain context. This artifact does not establish implementation outcomes, direct court review of the target section, public-law causal attribution, law-revision effective text, welfare, causal effects, or model validation."
69,69,72,117-s-3580,117-146,2022-06-16,46 USC 41104 note,direct_us_code_reference,46 USC 41104 note,46 USC 41104 note,,46 USC 41104 note,46,41104,1,reviewed_pre_post_target_section_diff,1,amended_existing_target_section,target_diff_with_public_law_lifecycle_context_only,public_law_context_only,0,,0,,3,3,2024-02926; 2023-05393; 2024-16148,22,3,2,6,2022-02981; 2022-05572; 2022-22290; 2022-24362; 2022-26025; 2023-12744,3,final_and_proposed_comment_metadata; final_comment_metadata_only,3,0,4,https://www.regulations.gov/docketBrowser?rpp=50&so=DESC&sb=postedDate&po=0&dct=PS&D=FMC-2022-0013; https://www.regulations.gov/docketBrowser?rpp=50&so=DESC&sb=postedDate&po=0&dct=PS&D=FMC-2022-0023; https://www.regulations.gov/docketBrowser?rpp=50&so=DESC&sb=postedDate&po=0&dct=PS&D=FMC-2022-0066; https://www.regulations.gov/docketBrowser?rpp=50&so=DESC&sb=postedDate&po=0&dct=PS&D=FMC-2023-0010,0,0,,,0,0,,0,0,,,0,0,0,,0,0,,0,0,,,0,0,0,,bill_action_metadata; law_revision_text_proxy; official_olrc_public_law_marker_adjudication; official_olrc_post_only_public_law_marker; statutory_lineage_target_section_review_packet; statutory_lineage_target_section_diff_review; statutory_lineage_source_reviewed_target_section_diff; lobbying_issue_bill_policy_area_context; official_lda_filing_text_bill_identifier; federal_register_authority_search_match; federal_register_authority_text_verified; federal_register_proposed_rule_history_match; proposed_rule_shared_identifier_match; proposed_rule_regulations_gov_comment_portal_metadata; federal_register_exposed_regulations_gov_comment_metadata; federal_register_final_effective_date_timing; federal_register_proposed_to_final_timing,statutory_lineage_target_section_diff_review; statutory_lineage_source_reviewed_target_section_diff; public_law_federal_register_authority_context; public_law_rulemaking_history_context; public_law_federal_register_comment_metadata_context; bill_law_evidence_spine_context,public_law_causal_attribution; law_revision_effective_text; complete_codified_usc_lineage_review; complete_regulations_comments; implementation_outcomes_or_enforcement; direct_court_review_of_target_section; welfare_or_public_benefit; model_validation; exact_target_reference_implementation_authority; exact_target_reference_court_overlap; direct_case_to_public_law_identifier,"Target-section lifecycle bridge only; base U.S.C. section overlaps are metadata context and are not exact target-reference or subsection evidence. Raw SCDB target-section overlaps are date-screened section-citation context and do not prove review of the queued public law, bill, note, or subsection. Public-law-level rows remain context. This artifact does not establish implementation outcomes, direct court review of the target section, public-law causal attribution, law-revision effective text, welfare, causal effects, or model validation."
70,70,73,117-s-3580,117-146,2022-06-16,46 USC 41104(a)(3),title_code_section_phrase,46 USC 41104,46 USC 41104,(a)(3),46 USC 41104(a)(3),46,41104,0,reviewed_pre_post_target_section_diff,1,amended_existing_target_section,target_diff_with_exact_authority_target_reference_context,exact_target_reference_context,1,46 U.S.C 41104(a)(3; 46 U.S.C. 41104; 46 U.S.C. 41104(a; 46 U.S.C. 41104(a)(10; 46 U.S.C. 41104(a)(15,1,46 U.S.C 41104(a)(3,3,3,2024-02926; 2023-05393; 2024-16148,22,3,2,6,2022-02981; 2022-05572; 2022-22290; 2022-24362; 2022-26025; 2023-12744,3,final_and_proposed_comment_metadata; final_comment_metadata_only,3,0,4,https://www.regulations.gov/docketBrowser?rpp=50&so=DESC&sb=postedDate&po=0&dct=PS&D=FMC-2022-0013; https://www.regulations.gov/docketBrowser?rpp=50&so=DESC&sb=postedDate&po=0&dct=PS&D=FMC-2022-0023; https://www.regulations.gov/docketBrowser?rpp=50&so=DESC&sb=postedDate&po=0&dct=PS&D=FMC-2022-0066; https://www.regulations.gov/docketBrowser?rpp=50&so=DESC&sb=postedDate&po=0&dct=PS&D=FMC-2023-0010,0,0,,,0,0,,0,0,,,0,0,0,,0,0,,0,0,,,0,0,0,,bill_action_metadata; law_revision_text_proxy; official_olrc_public_law_marker_adjudication; official_olrc_post_only_public_law_marker; statutory_lineage_target_section_review_packet; statutory_lineage_target_section_diff_review; statutory_lineage_source_reviewed_target_section_diff; lobbying_issue_bill_policy_area_context; official_lda_filing_text_bill_identifier; federal_register_authority_search_match; federal_register_authority_text_verified; federal_register_proposed_rule_history_match; proposed_rule_shared_identifier_match; proposed_rule_regulations_gov_comment_portal_metadata; federal_register_exposed_regulations_gov_comment_metadata; federal_register_final_effective_date_timing; federal_register_proposed_to_final_timing,statutory_lineage_target_section_diff_review; statutory_lineage_source_reviewed_target_section_diff; public_law_federal_register_authority_context; target_base_section_authority_usc_overlap; target_reference_authority_usc_overlap; public_law_rulemaking_history_context; public_law_federal_register_comment_metadata_context; bill_law_evidence_spine_context,public_law_causal_attribution; law_revision_effective_text; complete_codified_usc_lineage_review; complete_regulations_comments; implementation_outcomes_or_enforcement; direct_court_review_of_target_section; welfare_or_public_benefit; model_validation; exact_target_reference_court_overlap; direct_case_to_public_law_identifier,"Target-section lifecycle bridge only; base U.S.C. section overlaps are metadata context and are not exact target-reference or subsection evidence. Raw SCDB target-section overlaps are date-screened section-citation context and do not prove review of the queued public law, bill, note, or subsection. Public-law-level rows remain context. This artifact does not establish implementation outcomes, direct court review of the target section, public-law causal attribution, law-revision effective text, welfare, causal effects, or model validation."
71,71,74,117-s-3580,117-146,2022-06-16,46 USC 41110 note,direct_us_code_reference,46 USC 41110 note,46 USC 41110 note,,46 USC 41110 note,46,41110,1,reviewed_added_target_section_diff,1,added_target_section,target_diff_with_public_law_lifecycle_context_only,public_law_context_only,0,,0,,3,3,2024-02926; 2023-05393; 2024-16148,22,3,2,6,2022-02981; 2022-05572; 2022-22290; 2022-24362; 2022-26025; 2023-12744,3,final_and_proposed_comment_metadata; final_comment_metadata_only,3,0,4,https://www.regulations.gov/docketBrowser?rpp=50&so=DESC&sb=postedDate&po=0&dct=PS&D=FMC-2022-0013; https://www.regulations.gov/docketBrowser?rpp=50&so=DESC&sb=postedDate&po=0&dct=PS&D=FMC-2022-0023; https://www.regulations.gov/docketBrowser?rpp=50&so=DESC&sb=postedDate&po=0&dct=PS&D=FMC-2022-0066; https://www.regulations.gov/docketBrowser?rpp=50&so=DESC&sb=postedDate&po=0&dct=PS&D=FMC-2023-0010,0,0,,,0,0,,0,0,,,0,0,0,,0,0,,0,0,,,0,0,0,,bill_action_metadata; law_revision_text_proxy; official_olrc_public_law_marker_adjudication; official_olrc_post_only_public_law_marker; statutory_lineage_target_section_review_packet; statutory_lineage_target_section_diff_review; statutory_lineage_source_reviewed_target_section_diff; lobbying_issue_bill_policy_area_context; official_lda_filing_text_bill_identifier; federal_register_authority_search_match; federal_register_authority_text_verified; federal_register_proposed_rule_history_match; proposed_rule_shared_identifier_match; proposed_rule_regulations_gov_comment_portal_metadata; federal_register_exposed_regulations_gov_comment_metadata; federal_register_final_effective_date_timing; federal_register_proposed_to_final_timing,statutory_lineage_target_section_diff_review; statutory_lineage_source_reviewed_target_section_diff; public_law_federal_register_authority_context; public_law_rulemaking_history_context; public_law_federal_register_comment_metadata_context; bill_law_evidence_spine_context,public_law_causal_attribution; law_revision_effective_text; complete_codified_usc_lineage_review; complete_regulations_comments; implementation_outcomes_or_enforcement; direct_court_review_of_target_section; welfare_or_public_benefit; model_validation; exact_target_reference_implementation_authority; exact_target_reference_court_overlap; direct_case_to_public_law_identifier,"Target-section lifecycle bridge only; base U.S.C. section overlaps are metadata context and are not exact target-reference or subsection evidence. Raw SCDB target-section overlaps are date-screened section-citation context and do not prove review of the queued public law, bill, note, or subsection. Public-law-level rows remain context. This artifact does not establish implementation outcomes, direct court review of the target section, public-law causal attribution, law-revision effective text, welfare, causal effects, or model validation."
72,72,75,117-s-3580,117-146,2022-06-16,46 USC 46106,title_code_section_phrase,46 USC 46106,46 USC 46106,,46 USC 46106,46,46106,0,reviewed_pre_post_target_section_diff,1,amended_existing_target_section,target_diff_with_public_law_lifecycle_context_only,public_law_context_only,0,,0,,3,3,2024-02926; 2023-05393; 2024-16148,22,3,2,6,2022-02981; 2022-05572; 2022-22290; 2022-24362; 2022-26025; 2023-12744,3,final_and_proposed_comment_metadata; final_comment_metadata_only,3,0,4,https://www.regulations.gov/docketBrowser?rpp=50&so=DESC&sb=postedDate&po=0&dct=PS&D=FMC-2022-0013; https://www.regulations.gov/docketBrowser?rpp=50&so=DESC&sb=postedDate&po=0&dct=PS&D=FMC-2022-0023; https://www.regulations.gov/docketBrowser?rpp=50&so=DESC&sb=postedDate&po=0&dct=PS&D=FMC-2022-0066; https://www.regulations.gov/docketBrowser?rpp=50&so=DESC&sb=postedDate&po=0&dct=PS&D=FMC-2023-0010,0,0,,,0,0,,0,0,,,0,0,0,,0,0,,0,0,,,0,0,0,,bill_action_metadata; law_revision_text_proxy; official_olrc_public_law_marker_adjudication; official_olrc_post_only_public_law_marker; statutory_lineage_target_section_review_packet; statutory_lineage_target_section_diff_review; statutory_lineage_source_reviewed_target_section_diff; lobbying_issue_bill_policy_area_context; official_lda_filing_text_bill_identifier; federal_register_authority_search_match; federal_register_authority_text_verified; federal_register_proposed_rule_history_match; proposed_rule_shared_identifier_match; proposed_rule_regulations_gov_comment_portal_metadata; federal_register_exposed_regulations_gov_comment_metadata; federal_register_final_effective_date_timing; federal_register_proposed_to_final_timing,statutory_lineage_target_section_diff_review; statutory_lineage_source_reviewed_target_section_diff; public_law_federal_register_authority_context; public_law_rulemaking_history_context; public_law_federal_register_comment_metadata_context; bill_law_evidence_spine_context,public_law_causal_attribution; law_revision_effective_text; complete_codified_usc_lineage_review; complete_regulations_comments; implementation_outcomes_or_enforcement; direct_court_review_of_target_section; welfare_or_public_benefit; model_validation; exact_target_reference_implementation_authority; exact_target_reference_court_overlap; direct_case_to_public_law_identifier,"Target-section lifecycle bridge only; base U.S.C. section overlaps are metadata context and are not exact target-reference or subsection evidence. Raw SCDB target-section overlaps are date-screened section-citation context and do not prove review of the queued public law, bill, note, or subsection. Public-law-level rows remain context. This artifact does not establish implementation outcomes, direct court review of the target section, public-law causal attribution, law-revision effective text, welfare, causal effects, or model validation."
73,73,81,117-hr-7352,117-166,2022-08-05,15 USC 631 note,direct_us_code_reference,15 USC 631 note,15 USC 631 note,,15 USC 631 note,15,631,1,reviewed_pre_post_target_section_diff,1,amended_existing_target_section,target_diff_with_public_law_lifecycle_context_only,public_law_context_only,0,,0,,1,1,2024-18083,9,1,0,0,,1,final_comment_metadata_only,1,3,0,,0,0,,,0,0,,0,0,,,0,0,0,,0,0,,0,0,,,0,0,0,,bill_action_metadata; law_revision_text_proxy; official_olrc_public_law_marker_adjudication; official_olrc_post_only_public_law_marker; statutory_lineage_target_section_review_packet; statutory_lineage_target_section_diff_review; statutory_lineage_source_reviewed_target_section_diff; sponsor_district_public_opinion_metadata; sponsor_district_bill_policy_area_context; topic_throughput_policy_area; lobbying_issue_bill_policy_area_context; federal_register_authority_search_match; federal_register_authority_text_verified; federal_register_exposed_regulations_gov_comment_metadata; federal_register_final_effective_date_timing,statutory_lineage_target_section_diff_review; statutory_lineage_source_reviewed_target_section_diff; public_law_federal_register_authority_context; public_law_rulemaking_history_context; public_law_federal_register_comment_metadata_context; bill_law_evidence_spine_context,public_law_causal_attribution; law_revision_effective_text; complete_codified_usc_lineage_review; complete_regulations_comments; implementation_outcomes_or_enforcement; direct_court_review_of_target_section; welfare_or_public_benefit; model_validation; exact_target_reference_implementation_authority; exact_target_reference_court_overlap; direct_case_to_public_law_identifier,"Target-section lifecycle bridge only; base U.S.C. section overlaps are metadata context and are not exact target-reference or subsection evidence. Raw SCDB target-section overlaps are date-screened section-citation context and do not prove review of the queued public law, bill, note, or subsection. Public-law-level rows remain context. This artifact does not establish implementation outcomes, direct court review of the target section, public-law causal attribution, law-revision effective text, welfare, causal effects, or model validation."
74,74,82,117-hr-7352,117-166,2022-08-05,15 USC 636(a)(36),direct_us_code_reference,15 USC 636,15 USC 636,(a)(36),15 USC 636(a)(36),15,636,0,reviewed_pre_post_target_section_diff,1,amended_existing_target_section,target_diff_with_exact_authority_target_reference_context,exact_target_reference_context,1,15 U.S.C. 636(a)(36; 15 U.S.C. 636(a)(36)(F)(ii)(I; 15 U.S.C. 636(a)(37,1,15 U.S.C. 636(a)(36,1,1,2024-18083,9,1,0,0,,1,final_comment_metadata_only,1,3,0,,0,0,,,0,0,,0,0,,,0,0,0,,0,0,,0,0,,,0,0,0,,bill_action_metadata; law_revision_text_proxy; official_olrc_public_law_marker_adjudication; official_olrc_post_only_public_law_marker; statutory_lineage_target_section_review_packet; statutory_lineage_target_section_diff_review; statutory_lineage_source_reviewed_target_section_diff; sponsor_district_public_opinion_metadata; sponsor_district_bill_policy_area_context; topic_throughput_policy_area; lobbying_issue_bill_policy_area_context; federal_register_authority_search_match; federal_register_authority_text_verified; federal_register_exposed_regulations_gov_comment_metadata; federal_register_final_effective_date_timing,statutory_lineage_target_section_diff_review; statutory_lineage_source_reviewed_target_section_diff; public_law_federal_register_authority_context; target_base_section_authority_usc_overlap; target_reference_authority_usc_overlap; public_law_rulemaking_history_context; public_law_federal_register_comment_metadata_context; bill_law_evidence_spine_context,public_law_causal_attribution; law_revision_effective_text; complete_codified_usc_lineage_review; complete_regulations_comments; implementation_outcomes_or_enforcement; direct_court_review_of_target_section; welfare_or_public_benefit; model_validation; exact_target_reference_court_overlap; direct_case_to_public_law_identifier,"Target-section lifecycle bridge only; base U.S.C. section overlaps are metadata context and are not exact target-reference or subsection evidence. Raw SCDB target-section overlaps are date-screened section-citation context and do not prove review of the queued public law, bill, note, or subsection. Public-law-level rows remain context. This artifact does not establish implementation outcomes, direct court review of the target section, public-law causal attribution, law-revision effective text, welfare, causal effects, or model validation."
75,75,83,117-hr-7352,117-166,2022-08-05,15 USC 636(a)(37),direct_us_code_reference,15 USC 636,15 USC 636,(a)(37),15 USC 636(a)(37),15,636,0,reviewed_pre_post_target_section_diff,1,amended_existing_target_section,target_diff_with_exact_authority_target_reference_context,exact_target_reference_context,1,15 U.S.C. 636(a)(36; 15 U.S.C. 636(a)(36)(F)(ii)(I; 15 U.S.C. 636(a)(37,1,15 U.S.C. 636(a)(37,1,1,2024-18083,9,1,0,0,,1,final_comment_metadata_only,1,3,0,,0,0,,,0,0,,0,0,,,0,0,0,,0,0,,0,0,,,0,0,0,,bill_action_metadata; law_revision_text_proxy; official_olrc_public_law_marker_adjudication; official_olrc_post_only_public_law_marker; statutory_lineage_target_section_review_packet; statutory_lineage_target_section_diff_review; statutory_lineage_source_reviewed_target_section_diff; sponsor_district_public_opinion_metadata; sponsor_district_bill_policy_area_context; topic_throughput_policy_area; lobbying_issue_bill_policy_area_context; federal_register_authority_search_match; federal_register_authority_text_verified; federal_register_exposed_regulations_gov_comment_metadata; federal_register_final_effective_date_timing,statutory_lineage_target_section_diff_review; statutory_lineage_source_reviewed_target_section_diff; public_law_federal_register_authority_context; target_base_section_authority_usc_overlap; target_reference_authority_usc_overlap; public_law_rulemaking_history_context; public_law_federal_register_comment_metadata_context; bill_law_evidence_spine_context,public_law_causal_attribution; law_revision_effective_text; complete_codified_usc_lineage_review; complete_regulations_comments; implementation_outcomes_or_enforcement; direct_court_review_of_target_section; welfare_or_public_benefit; model_validation; exact_target_reference_court_overlap; direct_case_to_public_law_identifier,"Target-section lifecycle bridge only; base U.S.C. section overlaps are metadata context and are not exact target-reference or subsection evidence. Raw SCDB target-section overlaps are date-screened section-citation context and do not prove review of the queued public law, bill, note, or subsection. Public-law-level rows remain context. This artifact does not establish implementation outcomes, direct court review of the target section, public-law causal attribution, law-revision effective text, welfare, causal effects, or model validation."
