triage_rank,source_scan_rank,lineage_review_rank,bill_id,public_law_number,target_reference,target_reference_type,candidate_snippet_count,amendment_snippet_count,repeal_snippet_count,redesignation_snippet_count,incomplete_fragment_count,example_snippets,govinfo_text_url,codification_review_status,lineage_evidence_status,evidence_layers,missing_links,next_review_action,claim_boundary
1,1,1,117-hr-1437,117-229,18 USC 3551 note,direct_us_code_reference,2,1,0,0,0,(b) <<NOTE: 18 USC 3551 note.>> Amendment of Sentencing Reform Act || 1984 (18 U.S.C. 3551 note,https://www.govinfo.gov/content/pkg/PLAW-117publ229/html/PLAW-117publ229.htm,needs_olrc_us_code_note_review,target_section_triage_not_codified_lineage_evidence,statutory_lineage_source_scan; govinfo_public_law_text_scan; target_section_candidate_triage,olrc_us_code_classification; codified_usc_lineage; target_section_diff; law_revision_effective_text; model_validation,Review target reference against OLRC/U.S. Code notes and capture codified target-section before/after text before treating this row as lineage evidence.,"Target-section triage derived from official public-law source scans only. Rows rank candidate U.S.C. targets for manual OLRC/codified-text review; they do not establish codified U.S.C. lineage, target-section text diffs, implementation outcomes, court review, welfare, causal effects, or model validation."
2,1,1,117-hr-1437,117-229,42 USC 1395ww note,direct_us_code_reference,2,1,0,0,0,"(b) <<NOTE: 42 USC 1395ww note.>> Implementation.--Notwithstanding || 1993 (42 U.S.C. 1395ww note) is amended by striking ``December 16, 2022'' and inserting ``December 23, 2022''.",https://www.govinfo.gov/content/pkg/PLAW-117publ229/html/PLAW-117publ229.htm,needs_olrc_us_code_note_review,target_section_triage_not_codified_lineage_evidence,statutory_lineage_source_scan; govinfo_public_law_text_scan; target_section_candidate_triage,olrc_us_code_classification; codified_usc_lineage; target_section_diff; law_revision_effective_text; model_validation,Review target reference against OLRC/U.S. Code notes and capture codified target-section before/after text before treating this row as lineage evidence.,"Target-section triage derived from official public-law source scans only. Rows rank candidate U.S.C. targets for manual OLRC/codified-text review; they do not establish codified U.S.C. lineage, target-section text diffs, implementation outcomes, court review, welfare, causal effects, or model validation."
3,1,1,117-hr-1437,117-229,1 USC 1 note,direct_us_code_reference,1,0,0,0,0,SEC. 3. <<NOTE: 1 USC 1 note.>> REFERENCES.,https://www.govinfo.gov/content/pkg/PLAW-117publ229/html/PLAW-117publ229.htm,needs_olrc_us_code_note_review,target_section_triage_not_codified_lineage_evidence,statutory_lineage_source_scan; govinfo_public_law_text_scan; target_section_candidate_triage,olrc_us_code_classification; codified_usc_lineage; target_section_diff; law_revision_effective_text; model_validation,Review target reference against OLRC/U.S. Code notes and capture codified target-section before/after text before treating this row as lineage evidence.,"Target-section triage derived from official public-law source scans only. Rows rank candidate U.S.C. targets for manual OLRC/codified-text review; they do not establish codified U.S.C. lineage, target-section text diffs, implementation outcomes, court review, welfare, causal effects, or model validation."
4,1,1,117-hr-1437,117-229,18 USC 1 note,direct_us_code_reference,1,0,0,0,0,(a) <<NOTE: 18 USC 1 note.>> Short Title.--This section may be,https://www.govinfo.gov/content/pkg/PLAW-117publ229/html/PLAW-117publ229.htm,needs_olrc_us_code_note_review,target_section_triage_not_codified_lineage_evidence,statutory_lineage_source_scan; govinfo_public_law_text_scan; target_section_candidate_triage,olrc_us_code_classification; codified_usc_lineage; target_section_diff; law_revision_effective_text; model_validation,Review target reference against OLRC/U.S. Code notes and capture codified target-section before/after text before treating this row as lineage evidence.,"Target-section triage derived from official public-law source scans only. Rows rank candidate U.S.C. targets for manual OLRC/codified-text review; they do not establish codified U.S.C. lineage, target-section text diffs, implementation outcomes, court review, welfare, causal effects, or model validation."
5,1,1,117-hr-1437,117-229,18 USC 3014(a),title_code_section_phrase,1,1,0,0,0,"Section 3014(a) of title 18, United States Code, is amended, in the matter preceding paragraph (1), by striking ``December 16, 2022'' and",https://www.govinfo.gov/content/pkg/PLAW-117publ229/html/PLAW-117publ229.htm,needs_olrc_us_code_note_review,target_section_triage_not_codified_lineage_evidence,statutory_lineage_source_scan; govinfo_public_law_text_scan; target_section_candidate_triage,olrc_us_code_classification; codified_usc_lineage; target_section_diff; law_revision_effective_text; model_validation,Review target reference against OLRC/U.S. Code notes and capture codified target-section before/after text before treating this row as lineage evidence.,"Target-section triage derived from official public-law source scans only. Rows rank candidate U.S.C. targets for manual OLRC/codified-text review; they do not establish codified U.S.C. lineage, target-section text diffs, implementation outcomes, court review, welfare, causal effects, or model validation."
6,1,1,117-hr-1437,117-229,21 USC 360ee(c),direct_us_code_reference,1,1,0,0,0,"Section 5(c) of the Orphan Drug Act (21 U.S.C. 360ee(c)) is amended by striking ``$6,328,767 for the period beginning on October 1, 2022,",https://www.govinfo.gov/content/pkg/PLAW-117publ229/html/PLAW-117publ229.htm,needs_olrc_us_code_note_review,target_section_triage_not_codified_lineage_evidence,statutory_lineage_source_scan; govinfo_public_law_text_scan; target_section_candidate_triage,olrc_us_code_classification; codified_usc_lineage; target_section_diff; law_revision_effective_text; model_validation,Review target reference against OLRC/U.S. Code notes and capture codified target-section before/after text before treating this row as lineage evidence.,"Target-section triage derived from official public-law source scans only. Rows rank candidate U.S.C. targets for manual OLRC/codified-text review; they do not establish codified U.S.C. lineage, target-section text diffs, implementation outcomes, court review, welfare, causal effects, or model validation."
7,1,1,117-hr-1437,117-229,21 USC 360j(m)(6)(A)(iv),direct_us_code_reference,1,1,0,0,0,"(21 U.S.C. 360j(m)(6)(A)(iv)) is amended by striking ``December 17, 2022'' and inserting ``December 24, 2022''.",https://www.govinfo.gov/content/pkg/PLAW-117publ229/html/PLAW-117publ229.htm,needs_olrc_us_code_note_review,target_section_triage_not_codified_lineage_evidence,statutory_lineage_source_scan; govinfo_public_law_text_scan; target_section_candidate_triage,olrc_us_code_classification; codified_usc_lineage; target_section_diff; law_revision_effective_text; model_validation,Review target reference against OLRC/U.S. Code notes and capture codified target-section before/after text before treating this row as lineage evidence.,"Target-section triage derived from official public-law source scans only. Rows rank candidate U.S.C. targets for manual OLRC/codified-text review; they do not establish codified U.S.C. lineage, target-section text diffs, implementation outcomes, court review, welfare, causal effects, or model validation."
8,1,1,117-hr-1437,117-229,42 USC 1395iii(b)(1),direct_us_code_reference,1,1,0,0,0,"Section 1898(b)(1) of the Social Security Act (42 U.S.C. 1395iii(b)(1)) is amended by striking ``$7,308,000,000'' and inserting",https://www.govinfo.gov/content/pkg/PLAW-117publ229/html/PLAW-117publ229.htm,needs_olrc_us_code_note_review,target_section_triage_not_codified_lineage_evidence,statutory_lineage_source_scan; govinfo_public_law_text_scan; target_section_candidate_triage,olrc_us_code_classification; codified_usc_lineage; target_section_diff; law_revision_effective_text; model_validation,Review target reference against OLRC/U.S. Code notes and capture codified target-section before/after text before treating this row as lineage evidence.,"Target-section triage derived from official public-law source scans only. Rows rank candidate U.S.C. targets for manual OLRC/codified-text review; they do not establish codified U.S.C. lineage, target-section text diffs, implementation outcomes, court review, welfare, causal effects, or model validation."
9,1,1,117-hr-1437,117-229,42 USC 1395ww(b)(3)(D),direct_us_code_reference,1,1,0,0,0,"the Social Security Act (42 U.S.C. 1395ww(b)(3)(D)) is amended-- (A) in the matter preceding clause (i), by striking",https://www.govinfo.gov/content/pkg/PLAW-117publ229/html/PLAW-117publ229.htm,needs_olrc_us_code_note_review,target_section_triage_not_codified_lineage_evidence,statutory_lineage_source_scan; govinfo_public_law_text_scan; target_section_candidate_triage,olrc_us_code_classification; codified_usc_lineage; target_section_diff; law_revision_effective_text; model_validation,Review target reference against OLRC/U.S. Code notes and capture codified target-section before/after text before treating this row as lineage evidence.,"Target-section triage derived from official public-law source scans only. Rows rank candidate U.S.C. targets for manual OLRC/codified-text review; they do not establish codified U.S.C. lineage, target-section text diffs, implementation outcomes, court review, welfare, causal effects, or model validation."
10,1,1,117-hr-1437,117-229,42 USC 1395ww(d)(5)(G),direct_us_code_reference,1,1,0,0,0,"(42 U.S.C. 1395ww(d)(5)(G)) is amended-- (1) in clause (i), by striking ``December 17, 2022'' and",https://www.govinfo.gov/content/pkg/PLAW-117publ229/html/PLAW-117publ229.htm,needs_olrc_us_code_note_review,target_section_triage_not_codified_lineage_evidence,statutory_lineage_source_scan; govinfo_public_law_text_scan; target_section_candidate_triage,olrc_us_code_classification; codified_usc_lineage; target_section_diff; law_revision_effective_text; model_validation,Review target reference against OLRC/U.S. Code notes and capture codified target-section before/after text before treating this row as lineage evidence.,"Target-section triage derived from official public-law source scans only. Rows rank candidate U.S.C. targets for manual OLRC/codified-text review; they do not establish codified U.S.C. lineage, target-section text diffs, implementation outcomes, court review, welfare, causal effects, or model validation."
11,1,1,117-hr-1437,117-229,42 USC 1396d(ff),direct_us_code_reference,1,0,0,0,0,Section 1905(ff) of the Social Security Act (42 U.S.C. 1396d(ff)) is,https://www.govinfo.gov/content/pkg/PLAW-117publ229/html/PLAW-117publ229.htm,needs_olrc_us_code_note_review,target_section_triage_not_codified_lineage_evidence,statutory_lineage_source_scan; govinfo_public_law_text_scan; target_section_candidate_triage,olrc_us_code_classification; codified_usc_lineage; target_section_diff; law_revision_effective_text; model_validation,Review target reference against OLRC/U.S. Code notes and capture codified target-section before/after text before treating this row as lineage evidence.,"Target-section triage derived from official public-law source scans only. Rows rank candidate U.S.C. targets for manual OLRC/codified-text review; they do not establish codified U.S.C. lineage, target-section text diffs, implementation outcomes, court review, welfare, causal effects, or model validation."
12,1,1,117-hr-1437,117-229,42 USC 282 note,direct_us_code_reference,1,0,0,0,0,42 U.S.C. 282 note) is,https://www.govinfo.gov/content/pkg/PLAW-117publ229/html/PLAW-117publ229.htm,needs_olrc_us_code_note_review,target_section_triage_not_codified_lineage_evidence,statutory_lineage_source_scan; govinfo_public_law_text_scan; target_section_candidate_triage,olrc_us_code_classification; codified_usc_lineage; target_section_diff; law_revision_effective_text; model_validation,Review target reference against OLRC/U.S. Code notes and capture codified target-section before/after text before treating this row as lineage evidence.,"Target-section triage derived from official public-law source scans only. Rows rank candidate U.S.C. targets for manual OLRC/codified-text review; they do not establish codified U.S.C. lineage, target-section text diffs, implementation outcomes, court review, welfare, causal effects, or model validation."
13,1,1,117-hr-1437,117-229,42 USC 284m(d)(1),direct_us_code_reference,1,1,0,0,0,"Section 409I(d)(1) of the Public Health Service Act (42 U.S.C. 284m(d)(1)) is amended by striking ``$5,273,973 for the period beginning",https://www.govinfo.gov/content/pkg/PLAW-117publ229/html/PLAW-117publ229.htm,needs_olrc_us_code_note_review,target_section_triage_not_codified_lineage_evidence,statutory_lineage_source_scan; govinfo_public_law_text_scan; target_section_candidate_triage,olrc_us_code_classification; codified_usc_lineage; target_section_diff; law_revision_effective_text; model_validation,Review target reference against OLRC/U.S. Code notes and capture codified target-section before/after text before treating this row as lineage evidence.,"Target-section triage derived from official public-law source scans only. Rows rank candidate U.S.C. targets for manual OLRC/codified-text review; they do not establish codified U.S.C. lineage, target-section text diffs, implementation outcomes, court review, welfare, causal effects, or model validation."
14,1,1,117-hr-1437,117-229,47 USC 309(j)(11),direct_us_code_reference,1,1,0,0,0,"Section 309(j)(11) of the Communications Act of 1934 (47 U.S.C. 309(j)(11)) is amended by striking ``December 16, 2022'' and inserting",https://www.govinfo.gov/content/pkg/PLAW-117publ229/html/PLAW-117publ229.htm,needs_olrc_us_code_note_review,target_section_triage_not_codified_lineage_evidence,statutory_lineage_source_scan; govinfo_public_law_text_scan; target_section_candidate_triage,olrc_us_code_classification; codified_usc_lineage; target_section_diff; law_revision_effective_text; model_validation,Review target reference against OLRC/U.S. Code notes and capture codified target-section before/after text before treating this row as lineage evidence.,"Target-section triage derived from official public-law source scans only. Rows rank candidate U.S.C. targets for manual OLRC/codified-text review; they do not establish codified U.S.C. lineage, target-section text diffs, implementation outcomes, court review, welfare, causal effects, or model validation."
15,1,1,117-hr-1437,117-229,6 USC 1525,direct_us_code_reference,1,0,0,0,0,of the Federal Cybersecurity Enhancement Act of 2015 (6 U.S.C. 1525),https://www.govinfo.gov/content/pkg/PLAW-117publ229/html/PLAW-117publ229.htm,needs_olrc_us_code_note_review,target_section_triage_not_codified_lineage_evidence,statutory_lineage_source_scan; govinfo_public_law_text_scan; target_section_candidate_triage,olrc_us_code_classification; codified_usc_lineage; target_section_diff; law_revision_effective_text; model_validation,Review target reference against OLRC/U.S. Code notes and capture codified target-section before/after text before treating this row as lineage evidence.,"Target-section triage derived from official public-law source scans only. Rows rank candidate U.S.C. targets for manual OLRC/codified-text review; they do not establish codified U.S.C. lineage, target-section text diffs, implementation outcomes, court review, welfare, causal effects, or model validation."
16,2,2,117-hr-5376,117-169,26 USC 4501,direct_us_code_reference,2,0,0,0,0,``CHAPTER 37 <<NOTE: 26 USC 4501 prec.>> --REPURCHASE OF CORPORATE STOCK || ``SEC. 4501. <<NOTE: 26 USC 4501.>> REPURCHASE OF CORPORATE,https://www.govinfo.gov/content/pkg/PLAW-117publ169/html/PLAW-117publ169.htm,needs_olrc_us_code_note_review,target_section_triage_not_codified_lineage_evidence,statutory_lineage_source_scan; govinfo_public_law_text_scan; target_section_candidate_triage,olrc_us_code_classification; codified_usc_lineage; target_section_diff; law_revision_effective_text; model_validation,Review target reference against OLRC/U.S. Code notes and capture codified target-section before/after text before treating this row as lineage evidence.,"Target-section triage derived from official public-law source scans only. Rows rank candidate U.S.C. targets for manual OLRC/codified-text review; they do not establish codified U.S.C. lineage, target-section text diffs, implementation outcomes, court review, welfare, causal effects, or model validation."
17,2,2,117-hr-5376,117-169,26 USC 55,direct_us_code_reference,2,1,0,0,0,"55(a)(2) <<NOTE: 26 USC 55.>> is amended by inserting ``plus, in the case of an applicable corporation, the tax imposed by || of subchapter A of chapter 1 <<NOTE: 26 USC 55 prec.>> is",https://www.govinfo.gov/content/pkg/PLAW-117publ169/html/PLAW-117publ169.htm,needs_olrc_us_code_note_review,target_section_triage_not_codified_lineage_evidence,statutory_lineage_source_scan; govinfo_public_law_text_scan; target_section_candidate_triage,olrc_us_code_classification; codified_usc_lineage; target_section_diff; law_revision_effective_text; model_validation,Review target reference against OLRC/U.S. Code notes and capture codified target-section before/after text before treating this row as lineage evidence.,"Target-section triage derived from official public-law source scans only. Rows rank candidate U.S.C. targets for manual OLRC/codified-text review; they do not establish codified U.S.C. lineage, target-section text diffs, implementation outcomes, court review, welfare, causal effects, or model validation."
18,2,2,117-hr-5376,117-169,26 USC 56A,direct_us_code_reference,2,1,0,0,0,amended by inserting after section 56 the following new section: ``SEC. 56A. <<NOTE: 26 USC 56A.>> ADJUSTED FINANCIAL STATEMENT || ``SEC. 56A. <<NOTE: 26 USC 56A.>> ADJUSTED FINANCIAL STATEMENT,https://www.govinfo.gov/content/pkg/PLAW-117publ169/html/PLAW-117publ169.htm,needs_olrc_us_code_note_review,target_section_triage_not_codified_lineage_evidence,statutory_lineage_source_scan; govinfo_public_law_text_scan; target_section_candidate_triage,olrc_us_code_classification; codified_usc_lineage; target_section_diff; law_revision_effective_text; model_validation,Review target reference against OLRC/U.S. Code notes and capture codified target-section before/after text before treating this row as lineage evidence.,"Target-section triage derived from official public-law source scans only. Rows rank candidate U.S.C. targets for manual OLRC/codified-text review; they do not establish codified U.S.C. lineage, target-section text diffs, implementation outcomes, court review, welfare, causal effects, or model validation."
19,2,2,117-hr-5376,117-169,26 USC 59,direct_us_code_reference,2,2,0,0,0,"(c) Corporate AMT Foreign Tax Credit.--Section 59, as amended by this section, <<NOTE: 26 USC 59.>> is amended by adding at the end the || this section, <<NOTE: 26 USC 59.>> is amended by adding at the end the following new subsection:",https://www.govinfo.gov/content/pkg/PLAW-117publ169/html/PLAW-117publ169.htm,needs_olrc_us_code_note_review,target_section_triage_not_codified_lineage_evidence,statutory_lineage_source_scan; govinfo_public_law_text_scan; target_section_candidate_triage,olrc_us_code_classification; codified_usc_lineage; target_section_diff; law_revision_effective_text; model_validation,Review target reference against OLRC/U.S. Code notes and capture codified target-section before/after text before treating this row as lineage evidence.,"Target-section triage derived from official public-law source scans only. Rows rank candidate U.S.C. targets for manual OLRC/codified-text review; they do not establish codified U.S.C. lineage, target-section text diffs, implementation outcomes, court review, welfare, causal effects, or model validation."
20,2,2,117-hr-5376,117-169,31 USC 1343(b),direct_us_code_reference,2,0,0,0,0,"hire passenger motor vehicles (31 U.S.C. 1343(b)), and to provide other services as || (31 U.S.C. 1343(b))",https://www.govinfo.gov/content/pkg/PLAW-117publ169/html/PLAW-117publ169.htm,needs_olrc_us_code_note_review,target_section_triage_not_codified_lineage_evidence,statutory_lineage_source_scan; govinfo_public_law_text_scan; target_section_candidate_triage,olrc_us_code_classification; codified_usc_lineage; target_section_diff; law_revision_effective_text; model_validation,Review target reference against OLRC/U.S. Code notes and capture codified target-section before/after text before treating this row as lineage evidence.,"Target-section triage derived from official public-law source scans only. Rows rank candidate U.S.C. targets for manual OLRC/codified-text review; they do not establish codified U.S.C. lineage, target-section text diffs, implementation outcomes, court review, welfare, causal effects, or model validation."
21,2,2,117-hr-5376,117-169,26 USC 11 note,direct_us_code_reference,1,1,0,0,0,(f) <<NOTE: 26 USC 11 note.>> Effective Date.--The amendments made,https://www.govinfo.gov/content/pkg/PLAW-117publ169/html/PLAW-117publ169.htm,needs_olrc_us_code_note_review,target_section_triage_not_codified_lineage_evidence,statutory_lineage_source_scan; govinfo_public_law_text_scan; target_section_candidate_triage,olrc_us_code_classification; codified_usc_lineage; target_section_diff; law_revision_effective_text; model_validation,Review target reference against OLRC/U.S. Code notes and capture codified target-section before/after text before treating this row as lineage evidence.,"Target-section triage derived from official public-law source scans only. Rows rank candidate U.S.C. targets for manual OLRC/codified-text review; they do not establish codified U.S.C. lineage, target-section text diffs, implementation outcomes, court review, welfare, causal effects, or model validation."
22,2,2,117-hr-5376,117-169,26 USC 38,direct_us_code_reference,1,1,0,0,0,38(c)(6)(E) <<NOTE: 26 USC 38.>> is amended to read as follows: ``(E) <<NOTE: Applicability.>> Corporations.--In,https://www.govinfo.gov/content/pkg/PLAW-117publ169/html/PLAW-117publ169.htm,needs_olrc_us_code_note_review,target_section_triage_not_codified_lineage_evidence,statutory_lineage_source_scan; govinfo_public_law_text_scan; target_section_candidate_triage,olrc_us_code_classification; codified_usc_lineage; target_section_diff; law_revision_effective_text; model_validation,Review target reference against OLRC/U.S. Code notes and capture codified target-section before/after text before treating this row as lineage evidence.,"Target-section triage derived from official public-law source scans only. Rows rank candidate U.S.C. targets for manual OLRC/codified-text review; they do not establish codified U.S.C. lineage, target-section text diffs, implementation outcomes, court review, welfare, causal effects, or model validation."
23,2,2,117-hr-5376,117-169,26 USC 4001,direct_us_code_reference,1,1,0,0,0,is <<NOTE: 26 USC 4001 prec.>> amended by inserting after the item relating to chapter 36 the following new item:,https://www.govinfo.gov/content/pkg/PLAW-117publ169/html/PLAW-117publ169.htm,needs_olrc_us_code_note_review,target_section_triage_not_codified_lineage_evidence,statutory_lineage_source_scan; govinfo_public_law_text_scan; target_section_candidate_triage,olrc_us_code_classification; codified_usc_lineage; target_section_diff; law_revision_effective_text; model_validation,Review target reference against OLRC/U.S. Code notes and capture codified target-section before/after text before treating this row as lineage evidence.,"Target-section triage derived from official public-law source scans only. Rows rank candidate U.S.C. targets for manual OLRC/codified-text review; they do not establish codified U.S.C. lineage, target-section text diffs, implementation outcomes, court review, welfare, causal effects, or model validation."
24,2,2,117-hr-5376,117-169,26 USC 4501 note,direct_us_code_reference,1,1,0,0,0,(d) <<NOTE: 26 USC 4501 note.>> Effective Date.--The amendments,https://www.govinfo.gov/content/pkg/PLAW-117publ169/html/PLAW-117publ169.htm,needs_olrc_us_code_note_review,target_section_triage_not_codified_lineage_evidence,statutory_lineage_source_scan; govinfo_public_law_text_scan; target_section_candidate_triage,olrc_us_code_classification; codified_usc_lineage; target_section_diff; law_revision_effective_text; model_validation,Review target reference against OLRC/U.S. Code notes and capture codified target-section before/after text before treating this row as lineage evidence.,"Target-section triage derived from official public-law source scans only. Rows rank candidate U.S.C. targets for manual OLRC/codified-text review; they do not establish codified U.S.C. lineage, target-section text diffs, implementation outcomes, court review, welfare, causal effects, or model validation."
25,2,2,117-hr-5376,117-169,26 USC 860E,direct_us_code_reference,1,0,0,0,0,(ii) <<NOTE: 26 USC 860E.>> Section 860E(a)(4) is,https://www.govinfo.gov/content/pkg/PLAW-117publ169/html/PLAW-117publ169.htm,needs_olrc_us_code_note_review,target_section_triage_not_codified_lineage_evidence,statutory_lineage_source_scan; govinfo_public_law_text_scan; target_section_candidate_triage,olrc_us_code_classification; codified_usc_lineage; target_section_diff; law_revision_effective_text; model_validation,Review target reference against OLRC/U.S. Code notes and capture codified target-section before/after text before treating this row as lineage evidence.,"Target-section triage derived from official public-law source scans only. Rows rank candidate U.S.C. targets for manual OLRC/codified-text review; they do not establish codified U.S.C. lineage, target-section text diffs, implementation outcomes, court review, welfare, causal effects, or model validation."
26,2,2,117-hr-5376,117-169,43 USC 1606(i),direct_us_code_reference,1,0,0,0,0,to section 7(i) or section 7(j) of such Act (43 U.S.C. 1606(i) and 1606(j)) only at such time as the deductions,https://www.govinfo.gov/content/pkg/PLAW-117publ169/html/PLAW-117publ169.htm,needs_olrc_us_code_note_review,target_section_triage_not_codified_lineage_evidence,statutory_lineage_source_scan; govinfo_public_law_text_scan; target_section_candidate_triage,olrc_us_code_classification; codified_usc_lineage; target_section_diff; law_revision_effective_text; model_validation,Review target reference against OLRC/U.S. Code notes and capture codified target-section before/after text before treating this row as lineage evidence.,"Target-section triage derived from official public-law source scans only. Rows rank candidate U.S.C. targets for manual OLRC/codified-text review; they do not establish codified U.S.C. lineage, target-section text diffs, implementation outcomes, court review, welfare, causal effects, or model validation."
27,2,2,117-hr-5376,117-169,5 USC 3109,direct_us_code_reference,1,0,0,0,0,"authorized by 5 U.S.C. 3109, at such rates as may",https://www.govinfo.gov/content/pkg/PLAW-117publ169/html/PLAW-117publ169.htm,needs_olrc_us_code_note_review,target_section_triage_not_codified_lineage_evidence,statutory_lineage_source_scan; govinfo_public_law_text_scan; target_section_candidate_triage,olrc_us_code_classification; codified_usc_lineage; target_section_diff; law_revision_effective_text; model_validation,Review target reference against OLRC/U.S. Code notes and capture codified target-section before/after text before treating this row as lineage evidence.,"Target-section triage derived from official public-law source scans only. Rows rank candidate U.S.C. targets for manual OLRC/codified-text review; they do not establish codified U.S.C. lineage, target-section text diffs, implementation outcomes, court review, welfare, causal effects, or model validation."
28,3,3,117-hr-6833,117-180,18 USC 3551 note,direct_us_code_reference,2,1,0,0,0,(b) <<NOTE: 18 USC 3551 note.>> Amendment of Sentencing Reform Act || 1984 (18 U.S.C. 3551 note,https://www.govinfo.gov/content/pkg/PLAW-117publ180/html/PLAW-117publ180.htm,needs_olrc_us_code_note_review,target_section_triage_not_codified_lineage_evidence,statutory_lineage_source_scan; govinfo_public_law_text_scan; target_section_candidate_triage,olrc_us_code_classification; codified_usc_lineage; target_section_diff; law_revision_effective_text; model_validation,Review target reference against OLRC/U.S. Code notes and capture codified target-section before/after text before treating this row as lineage evidence.,"Target-section triage derived from official public-law source scans only. Rows rank candidate U.S.C. targets for manual OLRC/codified-text review; they do not establish codified U.S.C. lineage, target-section text diffs, implementation outcomes, court review, welfare, causal effects, or model validation."
29,3,3,117-hr-6833,117-180,10 USC 714(b)(2)(B),title_code_section_phrase,1,0,0,0,0,"Act, section 714(b)(2)(B) of title 10, United States Code, shall be",https://www.govinfo.gov/content/pkg/PLAW-117publ180/html/PLAW-117publ180.htm,needs_olrc_us_code_note_review,target_section_triage_not_codified_lineage_evidence,statutory_lineage_source_scan; govinfo_public_law_text_scan; target_section_candidate_triage,olrc_us_code_classification; codified_usc_lineage; target_section_diff; law_revision_effective_text; model_validation,Review target reference against OLRC/U.S. Code notes and capture codified target-section before/after text before treating this row as lineage evidence.,"Target-section triage derived from official public-law source scans only. Rows rank candidate U.S.C. targets for manual OLRC/codified-text review; they do not establish codified U.S.C. lineage, target-section text diffs, implementation outcomes, court review, welfare, causal effects, or model validation."
30,3,3,117-hr-6833,117-180,12 USC 1715z-1,direct_us_code_reference,1,0,0,0,0,authorized under section 236 of the National Housing Act (12 U.S.C. 1715z-1).,https://www.govinfo.gov/content/pkg/PLAW-117publ180/html/PLAW-117publ180.htm,needs_olrc_us_code_note_review,target_section_triage_not_codified_lineage_evidence,statutory_lineage_source_scan; govinfo_public_law_text_scan; target_section_candidate_triage,olrc_us_code_classification; codified_usc_lineage; target_section_diff; law_revision_effective_text; model_validation,Review target reference against OLRC/U.S. Code notes and capture codified target-section before/after text before treating this row as lineage evidence.,"Target-section triage derived from official public-law source scans only. Rows rank candidate U.S.C. targets for manual OLRC/codified-text review; they do not establish codified U.S.C. lineage, target-section text diffs, implementation outcomes, court review, welfare, causal effects, or model validation."
31,3,3,117-hr-6833,117-180,12 USC 1715z-13b,direct_us_code_reference,1,0,0,0,0,of the Housing and Community Development Act of 1992 (12 U.S.C. 1715z-13b).,https://www.govinfo.gov/content/pkg/PLAW-117publ180/html/PLAW-117publ180.htm,needs_olrc_us_code_note_review,target_section_triage_not_codified_lineage_evidence,statutory_lineage_source_scan; govinfo_public_law_text_scan; target_section_candidate_triage,olrc_us_code_classification; codified_usc_lineage; target_section_diff; law_revision_effective_text; model_validation,Review target reference against OLRC/U.S. Code notes and capture codified target-section before/after text before treating this row as lineage evidence.,"Target-section triage derived from official public-law source scans only. Rows rank candidate U.S.C. targets for manual OLRC/codified-text review; they do not establish codified U.S.C. lineage, target-section text diffs, implementation outcomes, court review, welfare, causal effects, or model validation."
32,3,3,117-hr-6833,117-180,15 USC 634(g),direct_us_code_reference,1,0,0,0,0,"by section 5(g) of the Small Business Act (15 U.S.C. 634(g)), for",https://www.govinfo.gov/content/pkg/PLAW-117publ180/html/PLAW-117publ180.htm,needs_olrc_us_code_note_review,target_section_triage_not_codified_lineage_evidence,statutory_lineage_source_scan; govinfo_public_law_text_scan; target_section_candidate_triage,olrc_us_code_classification; codified_usc_lineage; target_section_diff; law_revision_effective_text; model_validation,Review target reference against OLRC/U.S. Code notes and capture codified target-section before/after text before treating this row as lineage evidence.,"Target-section triage derived from official public-law source scans only. Rows rank candidate U.S.C. targets for manual OLRC/codified-text review; they do not establish codified U.S.C. lineage, target-section text diffs, implementation outcomes, court review, welfare, causal effects, or model validation."
33,3,3,117-hr-6833,117-180,15 USC 636(a),direct_us_code_reference,1,0,0,0,0,"Act (15 U.S.C. 636(a)), for guarantees of trust certificates authorized",https://www.govinfo.gov/content/pkg/PLAW-117publ180/html/PLAW-117publ180.htm,needs_olrc_us_code_note_review,target_section_triage_not_codified_lineage_evidence,statutory_lineage_source_scan; govinfo_public_law_text_scan; target_section_candidate_triage,olrc_us_code_classification; codified_usc_lineage; target_section_diff; law_revision_effective_text; model_validation,Review target reference against OLRC/U.S. Code notes and capture codified target-section before/after text before treating this row as lineage evidence.,"Target-section triage derived from official public-law source scans only. Rows rank candidate U.S.C. targets for manual OLRC/codified-text review; they do not establish codified U.S.C. lineage, target-section text diffs, implementation outcomes, court review, welfare, causal effects, or model validation."
34,3,3,117-hr-6833,117-180,15 USC 657f,direct_us_code_reference,1,0,0,0,0,required by section 36 of the Small Business Act (15 U.S.C. 657f) and,https://www.govinfo.gov/content/pkg/PLAW-117publ180/html/PLAW-117publ180.htm,needs_olrc_us_code_note_review,target_section_triage_not_codified_lineage_evidence,statutory_lineage_source_scan; govinfo_public_law_text_scan; target_section_candidate_triage,olrc_us_code_classification; codified_usc_lineage; target_section_diff; law_revision_effective_text; model_validation,Review target reference against OLRC/U.S. Code notes and capture codified target-section before/after text before treating this row as lineage evidence.,"Target-section triage derived from official public-law source scans only. Rows rank candidate U.S.C. targets for manual OLRC/codified-text review; they do not establish codified U.S.C. lineage, target-section text diffs, implementation outcomes, court review, welfare, causal effects, or model validation."
35,3,3,117-hr-6833,117-180,15 USC 683(b),direct_us_code_reference,1,0,0,0,0,Investment Act of 1958 (15 U.S.C. 683(b)).,https://www.govinfo.gov/content/pkg/PLAW-117publ180/html/PLAW-117publ180.htm,needs_olrc_us_code_note_review,target_section_triage_not_codified_lineage_evidence,statutory_lineage_source_scan; govinfo_public_law_text_scan; target_section_candidate_triage,olrc_us_code_classification; codified_usc_lineage; target_section_diff; law_revision_effective_text; model_validation,Review target reference against OLRC/U.S. Code notes and capture codified target-section before/after text before treating this row as lineage evidence.,"Target-section triage derived from official public-law source scans only. Rows rank candidate U.S.C. targets for manual OLRC/codified-text review; they do not establish codified U.S.C. lineage, target-section text diffs, implementation outcomes, court review, welfare, causal effects, or model validation."
36,3,3,117-hr-6833,117-180,15 USC 697,direct_us_code_reference,1,0,0,0,0,"Investment Act of 1958 (15 U.S.C. 697), and for commitments to guarantee",https://www.govinfo.gov/content/pkg/PLAW-117publ180/html/PLAW-117publ180.htm,needs_olrc_us_code_note_review,target_section_triage_not_codified_lineage_evidence,statutory_lineage_source_scan; govinfo_public_law_text_scan; target_section_candidate_triage,olrc_us_code_classification; codified_usc_lineage; target_section_diff; law_revision_effective_text; model_validation,Review target reference against OLRC/U.S. Code notes and capture codified target-section before/after text before treating this row as lineage evidence.,"Target-section triage derived from official public-law source scans only. Rows rank candidate U.S.C. targets for manual OLRC/codified-text review; they do not establish codified U.S.C. lineage, target-section text diffs, implementation outcomes, court review, welfare, causal effects, or model validation."
37,3,3,117-hr-6833,117-180,18 USC 1 note,direct_us_code_reference,1,0,0,0,0,(a) <<NOTE: 18 USC 1 note.>> Short Title.--This section may be,https://www.govinfo.gov/content/pkg/PLAW-117publ180/html/PLAW-117publ180.htm,needs_olrc_us_code_note_review,target_section_triage_not_codified_lineage_evidence,statutory_lineage_source_scan; govinfo_public_law_text_scan; target_section_candidate_triage,olrc_us_code_classification; codified_usc_lineage; target_section_diff; law_revision_effective_text; model_validation,Review target reference against OLRC/U.S. Code notes and capture codified target-section before/after text before treating this row as lineage evidence.,"Target-section triage derived from official public-law source scans only. Rows rank candidate U.S.C. targets for manual OLRC/codified-text review; they do not establish codified U.S.C. lineage, target-section text diffs, implementation outcomes, court review, welfare, causal effects, or model validation."
38,3,3,117-hr-6833,117-180,18 USC 3014(a),title_code_section_phrase,1,1,0,0,0,"Section 3014(a) of title 18, United States Code, is amended, in the matter preceding paragraph (1), by striking ``September 30, 2022'' and",https://www.govinfo.gov/content/pkg/PLAW-117publ180/html/PLAW-117publ180.htm,needs_olrc_us_code_note_review,target_section_triage_not_codified_lineage_evidence,statutory_lineage_source_scan; govinfo_public_law_text_scan; target_section_candidate_triage,olrc_us_code_classification; codified_usc_lineage; target_section_diff; law_revision_effective_text; model_validation,Review target reference against OLRC/U.S. Code notes and capture codified target-section before/after text before treating this row as lineage evidence.,"Target-section triage derived from official public-law source scans only. Rows rank candidate U.S.C. targets for manual OLRC/codified-text review; they do not establish codified U.S.C. lineage, target-section text diffs, implementation outcomes, court review, welfare, causal effects, or model validation."
39,3,3,117-hr-6833,117-180,22 USC 2318(a)(1),direct_us_code_reference,1,0,0,0,0,"section 506(a)(1) of the Foreign Assistance Act of 1961 (22 U.S.C. 2318(a)(1)) shall be applied by substituting ``$3,700,000,000'' for",https://www.govinfo.gov/content/pkg/PLAW-117publ180/html/PLAW-117publ180.htm,needs_olrc_us_code_note_review,target_section_triage_not_codified_lineage_evidence,statutory_lineage_source_scan; govinfo_public_law_text_scan; target_section_candidate_triage,olrc_us_code_classification; codified_usc_lineage; target_section_diff; law_revision_effective_text; model_validation,Review target reference against OLRC/U.S. Code notes and capture codified target-section before/after text before treating this row as lineage evidence.,"Target-section triage derived from official public-law source scans only. Rows rank candidate U.S.C. targets for manual OLRC/codified-text review; they do not establish codified U.S.C. lineage, target-section text diffs, implementation outcomes, court review, welfare, causal effects, or model validation."
40,3,3,117-hr-6833,117-180,22 USC 2412,direct_us_code_reference,1,0,0,0,0,"expended notwithstanding section 10 of Public Law 91-672 (22 U.S.C. 2412), section 15 of the State Department Basic Authorities Act of 1956",https://www.govinfo.gov/content/pkg/PLAW-117publ180/html/PLAW-117publ180.htm,needs_olrc_us_code_note_review,target_section_triage_not_codified_lineage_evidence,statutory_lineage_source_scan; govinfo_public_law_text_scan; target_section_candidate_triage,olrc_us_code_classification; codified_usc_lineage; target_section_diff; law_revision_effective_text; model_validation,Review target reference against OLRC/U.S. Code notes and capture codified target-section before/after text before treating this row as lineage evidence.,"Target-section triage derived from official public-law source scans only. Rows rank candidate U.S.C. targets for manual OLRC/codified-text review; they do not establish codified U.S.C. lineage, target-section text diffs, implementation outcomes, court review, welfare, causal effects, or model validation."
41,3,3,117-hr-6833,117-180,22 USC 2680,direct_us_code_reference,1,0,0,0,0,"(22 U.S.C. 2680), section 313 of the Foreign Relations Authorization",https://www.govinfo.gov/content/pkg/PLAW-117publ180/html/PLAW-117publ180.htm,needs_olrc_us_code_note_review,target_section_triage_not_codified_lineage_evidence,statutory_lineage_source_scan; govinfo_public_law_text_scan; target_section_candidate_triage,olrc_us_code_classification; codified_usc_lineage; target_section_diff; law_revision_effective_text; model_validation,Review target reference against OLRC/U.S. Code notes and capture codified target-section before/after text before treating this row as lineage evidence.,"Target-section triage derived from official public-law source scans only. Rows rank candidate U.S.C. targets for manual OLRC/codified-text review; they do not establish codified U.S.C. lineage, target-section text diffs, implementation outcomes, court review, welfare, causal effects, or model validation."
42,3,3,117-hr-6833,117-180,22 USC 6212,direct_us_code_reference,1,0,0,0,0,"Act, Fiscal Years 1994 and 1995 (22 U.S.C. 6212), and section 504(a)(1)",https://www.govinfo.gov/content/pkg/PLAW-117publ180/html/PLAW-117publ180.htm,needs_olrc_us_code_note_review,target_section_triage_not_codified_lineage_evidence,statutory_lineage_source_scan; govinfo_public_law_text_scan; target_section_candidate_triage,olrc_us_code_classification; codified_usc_lineage; target_section_diff; law_revision_effective_text; model_validation,Review target reference against OLRC/U.S. Code notes and capture codified target-section before/after text before treating this row as lineage evidence.,"Target-section triage derived from official public-law source scans only. Rows rank candidate U.S.C. targets for manual OLRC/codified-text review; they do not establish codified U.S.C. lineage, target-section text diffs, implementation outcomes, court review, welfare, causal effects, or model validation."
43,3,3,117-hr-6833,117-180,31 USC 1513,title_code_section_phrase,1,0,0,0,0,"in section 1513 of title 31, United States Code, but nothing in this Act",https://www.govinfo.gov/content/pkg/PLAW-117publ180/html/PLAW-117publ180.htm,needs_olrc_us_code_note_review,target_section_triage_not_codified_lineage_evidence,statutory_lineage_source_scan; govinfo_public_law_text_scan; target_section_candidate_triage,olrc_us_code_classification; codified_usc_lineage; target_section_diff; law_revision_effective_text; model_validation,Review target reference against OLRC/U.S. Code notes and capture codified target-section before/after text before treating this row as lineage evidence.,"Target-section triage derived from official public-law source scans only. Rows rank candidate U.S.C. targets for manual OLRC/codified-text review; they do not establish codified U.S.C. lineage, target-section text diffs, implementation outcomes, court review, welfare, causal effects, or model validation."
44,3,3,117-hr-6833,117-180,42 USC 1395ww(d)(12),direct_us_code_reference,1,1,0,0,0,"Social Security Act (42 U.S.C. 1395ww(d)(12)) is amended-- (1) in subparagraph (B), in the matter preceding clause (i),",https://www.govinfo.gov/content/pkg/PLAW-117publ180/html/PLAW-117publ180.htm,needs_olrc_us_code_note_review,target_section_triage_not_codified_lineage_evidence,statutory_lineage_source_scan; govinfo_public_law_text_scan; target_section_candidate_triage,olrc_us_code_classification; codified_usc_lineage; target_section_diff; law_revision_effective_text; model_validation,Review target reference against OLRC/U.S. Code notes and capture codified target-section before/after text before treating this row as lineage evidence.,"Target-section triage derived from official public-law source scans only. Rows rank candidate U.S.C. targets for manual OLRC/codified-text review; they do not establish codified U.S.C. lineage, target-section text diffs, implementation outcomes, court review, welfare, causal effects, or model validation."
45,3,3,117-hr-6833,117-180,42 USC 1437f note,direct_us_code_reference,1,0,0,0,0,Affordability Act of 1997 (42 U.S.C. 1437f note) shall be applied by,https://www.govinfo.gov/content/pkg/PLAW-117publ180/html/PLAW-117publ180.htm,needs_olrc_us_code_note_review,target_section_triage_not_codified_lineage_evidence,statutory_lineage_source_scan; govinfo_public_law_text_scan; target_section_candidate_triage,olrc_us_code_classification; codified_usc_lineage; target_section_diff; law_revision_effective_text; model_validation,Review target reference against OLRC/U.S. Code notes and capture codified target-section before/after text before treating this row as lineage evidence.,"Target-section triage derived from official public-law source scans only. Rows rank candidate U.S.C. targets for manual OLRC/codified-text review; they do not establish codified U.S.C. lineage, target-section text diffs, implementation outcomes, court review, welfare, causal effects, or model validation."
46,3,3,117-hr-6833,117-180,42 USC 4016(a),direct_us_code_reference,1,0,0,0,0,the National Flood Insurance Act of 1968 (42 U.S.C. 4016(a) and 4026),https://www.govinfo.gov/content/pkg/PLAW-117publ180/html/PLAW-117publ180.htm,needs_olrc_us_code_note_review,target_section_triage_not_codified_lineage_evidence,statutory_lineage_source_scan; govinfo_public_law_text_scan; target_section_candidate_triage,olrc_us_code_classification; codified_usc_lineage; target_section_diff; law_revision_effective_text; model_validation,Review target reference against OLRC/U.S. Code notes and capture codified target-section before/after text before treating this row as lineage evidence.,"Target-section triage derived from official public-law source scans only. Rows rank candidate U.S.C. targets for manual OLRC/codified-text review; they do not establish codified U.S.C. lineage, target-section text diffs, implementation outcomes, court review, welfare, causal effects, or model validation."
47,3,3,117-hr-6833,117-180,42 USC 5121,direct_us_code_reference,1,0,0,0,0,Stafford Disaster Relief and Emergency Assistance Act (42 U.S.C. 5121 et,https://www.govinfo.gov/content/pkg/PLAW-117publ180/html/PLAW-117publ180.htm,needs_olrc_us_code_note_review,target_section_triage_not_codified_lineage_evidence,statutory_lineage_source_scan; govinfo_public_law_text_scan; target_section_candidate_triage,olrc_us_code_classification; codified_usc_lineage; target_section_diff; law_revision_effective_text; model_validation,Review target reference against OLRC/U.S. Code notes and capture codified target-section before/after text before treating this row as lineage evidence.,"Target-section triage derived from official public-law source scans only. Rows rank candidate U.S.C. targets for manual OLRC/codified-text review; they do not establish codified U.S.C. lineage, target-section text diffs, implementation outcomes, court review, welfare, causal effects, or model validation."
48,3,3,117-hr-6833,117-180,42 USC 5305(a),direct_us_code_reference,1,0,0,0,0,"Act of 1974 (42 U.S.C. 5305(a)): Provided further, That such amount is",https://www.govinfo.gov/content/pkg/PLAW-117publ180/html/PLAW-117publ180.htm,needs_olrc_us_code_note_review,target_section_triage_not_codified_lineage_evidence,statutory_lineage_source_scan; govinfo_public_law_text_scan; target_section_candidate_triage,olrc_us_code_classification; codified_usc_lineage; target_section_diff; law_revision_effective_text; model_validation,Review target reference against OLRC/U.S. Code notes and capture codified target-section before/after text before treating this row as lineage evidence.,"Target-section triage derived from official public-law source scans only. Rows rank candidate U.S.C. targets for manual OLRC/codified-text review; they do not establish codified U.S.C. lineage, target-section text diffs, implementation outcomes, court review, welfare, causal effects, or model validation."
49,3,3,117-hr-6833,117-180,42 USC 8621,direct_us_code_reference,1,0,0,0,0,"Assistance Act of 1981 (42 U.S.C. 8621 et seq.): Provided, That of the",https://www.govinfo.gov/content/pkg/PLAW-117publ180/html/PLAW-117publ180.htm,needs_olrc_us_code_note_review,target_section_triage_not_codified_lineage_evidence,statutory_lineage_source_scan; govinfo_public_law_text_scan; target_section_candidate_triage,olrc_us_code_classification; codified_usc_lineage; target_section_diff; law_revision_effective_text; model_validation,Review target reference against OLRC/U.S. Code notes and capture codified target-section before/after text before treating this row as lineage evidence.,"Target-section triage derived from official public-law source scans only. Rows rank candidate U.S.C. targets for manual OLRC/codified-text review; they do not establish codified U.S.C. lineage, target-section text diffs, implementation outcomes, court review, welfare, causal effects, or model validation."
50,3,3,117-hr-6833,117-180,43 USC 2214(c),direct_us_code_reference,1,0,0,0,0,Reclamation States Emergency Drought Relief Act of 1991 (43 U.S.C. 2214(c)) shall be applied by substituting ``2023'' for ``2022''.,https://www.govinfo.gov/content/pkg/PLAW-117publ180/html/PLAW-117publ180.htm,needs_olrc_us_code_note_review,target_section_triage_not_codified_lineage_evidence,statutory_lineage_source_scan; govinfo_public_law_text_scan; target_section_candidate_triage,olrc_us_code_classification; codified_usc_lineage; target_section_diff; law_revision_effective_text; model_validation,Review target reference against OLRC/U.S. Code notes and capture codified target-section before/after text before treating this row as lineage evidence.,"Target-section triage derived from official public-law source scans only. Rows rank candidate U.S.C. targets for manual OLRC/codified-text review; they do not establish codified U.S.C. lineage, target-section text diffs, implementation outcomes, court review, welfare, causal effects, or model validation."
51,3,3,117-hr-6833,117-180,43 USC 2241,direct_us_code_reference,1,0,0,0,0,Reclamation States Emergency Drought Relief Act of 1991 (43 U.S.C. 2241),https://www.govinfo.gov/content/pkg/PLAW-117publ180/html/PLAW-117publ180.htm,needs_olrc_us_code_note_review,target_section_triage_not_codified_lineage_evidence,statutory_lineage_source_scan; govinfo_public_law_text_scan; target_section_candidate_triage,olrc_us_code_classification; codified_usc_lineage; target_section_diff; law_revision_effective_text; model_validation,Review target reference against OLRC/U.S. Code notes and capture codified target-section before/after text before treating this row as lineage evidence.,"Target-section triage derived from official public-law source scans only. Rows rank candidate U.S.C. targets for manual OLRC/codified-text review; they do not establish codified U.S.C. lineage, target-section text diffs, implementation outcomes, court review, welfare, causal effects, or model validation."
52,3,3,117-hr-6833,117-180,47 USC 309(j)(11),direct_us_code_reference,1,1,0,0,0,"Section 309(j)(11) of the Communications Act of 1934 (47 U.S.C. 309(j)(11)) is amended by striking ``September 30, 2022'' and inserting",https://www.govinfo.gov/content/pkg/PLAW-117publ180/html/PLAW-117publ180.htm,needs_olrc_us_code_note_review,target_section_triage_not_codified_lineage_evidence,statutory_lineage_source_scan; govinfo_public_law_text_scan; target_section_candidate_triage,olrc_us_code_classification; codified_usc_lineage; target_section_diff; law_revision_effective_text; model_validation,Review target reference against OLRC/U.S. Code notes and capture codified target-section before/after text before treating this row as lineage evidence.,"Target-section triage derived from official public-law source scans only. Rows rank candidate U.S.C. targets for manual OLRC/codified-text review; they do not establish codified U.S.C. lineage, target-section text diffs, implementation outcomes, court review, welfare, causal effects, or model validation."
53,3,3,117-hr-6833,117-180,50 USC 3094(a)(1),direct_us_code_reference,1,0,0,0,0,of the National Security Act of 1947 (50 U.S.C. 3094(a)(1)).,https://www.govinfo.gov/content/pkg/PLAW-117publ180/html/PLAW-117publ180.htm,needs_olrc_us_code_note_review,target_section_triage_not_codified_lineage_evidence,statutory_lineage_source_scan; govinfo_public_law_text_scan; target_section_candidate_triage,olrc_us_code_classification; codified_usc_lineage; target_section_diff; law_revision_effective_text; model_validation,Review target reference against OLRC/U.S. Code notes and capture codified target-section before/after text before treating this row as lineage evidence.,"Target-section triage derived from official public-law source scans only. Rows rank candidate U.S.C. targets for manual OLRC/codified-text review; they do not establish codified U.S.C. lineage, target-section text diffs, implementation outcomes, court review, welfare, causal effects, or model validation."
54,3,3,117-hr-6833,117-180,6 USC 124n(i),direct_us_code_reference,1,0,0,0,0,the Homeland Security Act of 2002 (6 U.S.C. 124n(i)) shall be applied by,https://www.govinfo.gov/content/pkg/PLAW-117publ180/html/PLAW-117publ180.htm,needs_olrc_us_code_note_review,target_section_triage_not_codified_lineage_evidence,statutory_lineage_source_scan; govinfo_public_law_text_scan; target_section_candidate_triage,olrc_us_code_classification; codified_usc_lineage; target_section_diff; law_revision_effective_text; model_validation,Review target reference against OLRC/U.S. Code notes and capture codified target-section before/after text before treating this row as lineage evidence.,"Target-section triage derived from official public-law source scans only. Rows rank candidate U.S.C. targets for manual OLRC/codified-text review; they do not establish codified U.S.C. lineage, target-section text diffs, implementation outcomes, court review, welfare, causal effects, or model validation."
55,3,3,117-hr-6833,117-180,6 USC 348(b)(13),direct_us_code_reference,1,0,0,0,0,Homeland Security Act of 2002 (6 U.S.C. 348(b)(13)) shall be applied by,https://www.govinfo.gov/content/pkg/PLAW-117publ180/html/PLAW-117publ180.htm,needs_olrc_us_code_note_review,target_section_triage_not_codified_lineage_evidence,statutory_lineage_source_scan; govinfo_public_law_text_scan; target_section_candidate_triage,olrc_us_code_classification; codified_usc_lineage; target_section_diff; law_revision_effective_text; model_validation,Review target reference against OLRC/U.S. Code notes and capture codified target-section before/after text before treating this row as lineage evidence.,"Target-section triage derived from official public-law source scans only. Rows rank candidate U.S.C. targets for manual OLRC/codified-text review; they do not establish codified U.S.C. lineage, target-section text diffs, implementation outcomes, court review, welfare, causal effects, or model validation."
56,3,3,117-hr-6833,117-180,6 USC 383(a),direct_us_code_reference,1,0,0,0,0,"this Act, section 822(a) of the Homeland Security Act of 2002 (6 U.S.C. 383(a)) shall be applied by substituting ``2023'' for ``2022''.",https://www.govinfo.gov/content/pkg/PLAW-117publ180/html/PLAW-117publ180.htm,needs_olrc_us_code_note_review,target_section_triage_not_codified_lineage_evidence,statutory_lineage_source_scan; govinfo_public_law_text_scan; target_section_candidate_triage,olrc_us_code_classification; codified_usc_lineage; target_section_diff; law_revision_effective_text; model_validation,Review target reference against OLRC/U.S. Code notes and capture codified target-section before/after text before treating this row as lineage evidence.,"Target-section triage derived from official public-law source scans only. Rows rank candidate U.S.C. targets for manual OLRC/codified-text review; they do not establish codified U.S.C. lineage, target-section text diffs, implementation outcomes, court review, welfare, causal effects, or model validation."
57,3,3,117-hr-6833,117-180,7 USC 1635 note,direct_us_code_reference,1,0,0,0,0,Mandatory Reporting Act of 1999 (7 U.S.C. 1635 note,https://www.govinfo.gov/content/pkg/PLAW-117publ180/html/PLAW-117publ180.htm,needs_olrc_us_code_note_review,target_section_triage_not_codified_lineage_evidence,statutory_lineage_source_scan; govinfo_public_law_text_scan; target_section_candidate_triage,olrc_us_code_classification; codified_usc_lineage; target_section_diff; law_revision_effective_text; model_validation,Review target reference against OLRC/U.S. Code notes and capture codified target-section before/after text before treating this row as lineage evidence.,"Target-section triage derived from official public-law source scans only. Rows rank candidate U.S.C. targets for manual OLRC/codified-text review; they do not establish codified U.S.C. lineage, target-section text diffs, implementation outcomes, court review, welfare, causal effects, or model validation."
58,3,3,117-hr-6833,117-180,7 USC 1636i,direct_us_code_reference,1,0,0,0,0,Marketing Act of 1946 (7 U.S.C. 1636i) and section 942 of the Livestock,https://www.govinfo.gov/content/pkg/PLAW-117publ180/html/PLAW-117publ180.htm,needs_olrc_us_code_note_review,target_section_triage_not_codified_lineage_evidence,statutory_lineage_source_scan; govinfo_public_law_text_scan; target_section_candidate_triage,olrc_us_code_classification; codified_usc_lineage; target_section_diff; law_revision_effective_text; model_validation,Review target reference against OLRC/U.S. Code notes and capture codified target-section before/after text before treating this row as lineage evidence.,"Target-section triage derived from official public-law source scans only. Rows rank candidate U.S.C. targets for manual OLRC/codified-text review; they do not establish codified U.S.C. lineage, target-section text diffs, implementation outcomes, court review, welfare, causal effects, or model validation."
59,3,3,117-hr-6833,117-180,7 USC 1922,direct_us_code_reference,1,0,0,0,0,authorized by 7 U.S.C. 1922 et seq.,https://www.govinfo.gov/content/pkg/PLAW-117publ180/html/PLAW-117publ180.htm,needs_olrc_us_code_note_review,target_section_triage_not_codified_lineage_evidence,statutory_lineage_source_scan; govinfo_public_law_text_scan; target_section_candidate_triage,olrc_us_code_classification; codified_usc_lineage; target_section_diff; law_revision_effective_text; model_validation,Review target reference against OLRC/U.S. Code notes and capture codified target-section before/after text before treating this row as lineage evidence.,"Target-section triage derived from official public-law source scans only. Rows rank candidate U.S.C. targets for manual OLRC/codified-text review; they do not establish codified U.S.C. lineage, target-section text diffs, implementation outcomes, court review, welfare, causal effects, or model validation."
60,3,3,117-hr-6833,117-180,7 USC 2008s,direct_us_code_reference,1,0,0,0,0,Rural Development Act (7 U.S.C. 2008s).,https://www.govinfo.gov/content/pkg/PLAW-117publ180/html/PLAW-117publ180.htm,needs_olrc_us_code_note_review,target_section_triage_not_codified_lineage_evidence,statutory_lineage_source_scan; govinfo_public_law_text_scan; target_section_candidate_triage,olrc_us_code_classification; codified_usc_lineage; target_section_diff; law_revision_effective_text; model_validation,Review target reference against OLRC/U.S. Code notes and capture codified target-section before/after text before treating this row as lineage evidence.,"Target-section triage derived from official public-law source scans only. Rows rank candidate U.S.C. targets for manual OLRC/codified-text review; they do not establish codified U.S.C. lineage, target-section text diffs, implementation outcomes, court review, welfare, causal effects, or model validation."
61,4,4,117-hr-7776,117-263,10 USC 101 note,direct_us_code_reference,2,0,0,0,0,(b) <<NOTE: 10 USC 101 note.>> References.--Any reference in this || SEC. 3. <<NOTE: 10 USC 101 note.>> CONGRESSIONAL DEFENSE,https://www.govinfo.gov/content/pkg/PLAW-117publ263/html/PLAW-117publ263.htm,needs_olrc_us_code_note_review,target_section_triage_not_codified_lineage_evidence,statutory_lineage_source_scan; govinfo_public_law_text_scan; target_section_candidate_triage,olrc_us_code_classification; codified_usc_lineage; target_section_diff; law_revision_effective_text; model_validation,Review target reference against OLRC/U.S. Code notes and capture codified target-section before/after text before treating this row as lineage evidence.,"Target-section triage derived from official public-law source scans only. Rows rank candidate U.S.C. targets for manual OLRC/codified-text review; they do not establish codified U.S.C. lineage, target-section text diffs, implementation outcomes, court review, welfare, causal effects, or model validation."
62,4,4,117-hr-7776,117-263,10 USC 4251(d),title_code_section_phrase,2,0,0,0,0,"section 4251(d) of title 10, United States Code. || in section 4251(d) of title 10, United States Code) for the program:",https://www.govinfo.gov/content/pkg/PLAW-117publ263/html/PLAW-117publ263.htm,needs_olrc_us_code_note_review,target_section_triage_not_codified_lineage_evidence,statutory_lineage_source_scan; govinfo_public_law_text_scan; target_section_candidate_triage,olrc_us_code_classification; codified_usc_lineage; target_section_diff; law_revision_effective_text; model_validation,Review target reference against OLRC/U.S. Code notes and capture codified target-section before/after text before treating this row as lineage evidence.,"Target-section triage derived from official public-law source scans only. Rows rank candidate U.S.C. targets for manual OLRC/codified-text review; they do not establish codified U.S.C. lineage, target-section text diffs, implementation outcomes, court review, welfare, causal effects, or model validation."
63,4,4,117-hr-7776,117-263,10 USC 8696,direct_us_code_reference,2,1,0,0,0,amended by adding at the end the following new section: ``SEC. 8696. <<NOTE: 10 USC 8696.>> NAVY SHIPBUILDING WORKFORCE || ``SEC. 8696. <<NOTE: 10 USC 8696.>> NAVY SHIPBUILDING WORKFORCE,https://www.govinfo.gov/content/pkg/PLAW-117publ263/html/PLAW-117publ263.htm,needs_olrc_us_code_note_review,target_section_triage_not_codified_lineage_evidence,statutory_lineage_source_scan; govinfo_public_law_text_scan; target_section_candidate_triage,olrc_us_code_classification; codified_usc_lineage; target_section_diff; law_revision_effective_text; model_validation,Review target reference against OLRC/U.S. Code notes and capture codified target-section before/after text before treating this row as lineage evidence.,"Target-section triage derived from official public-law source scans only. Rows rank candidate U.S.C. targets for manual OLRC/codified-text review; they do not establish codified U.S.C. lineage, target-section text diffs, implementation outcomes, court review, welfare, causal effects, or model validation."
64,4,4,117-hr-7776,117-263,10 USC 3201,title_code_section_phrase,1,0,0,0,0,"specified in section 3201 of title 10, United States Code, the Secretary",https://www.govinfo.gov/content/pkg/PLAW-117publ263/html/PLAW-117publ263.htm,needs_olrc_us_code_note_review,target_section_triage_not_codified_lineage_evidence,statutory_lineage_source_scan; govinfo_public_law_text_scan; target_section_candidate_triage,olrc_us_code_classification; codified_usc_lineage; target_section_diff; law_revision_effective_text; model_validation,Review target reference against OLRC/U.S. Code notes and capture codified target-section before/after text before treating this row as lineage evidence.,"Target-section triage derived from official public-law source scans only. Rows rank candidate U.S.C. targets for manual OLRC/codified-text review; they do not establish codified U.S.C. lineage, target-section text diffs, implementation outcomes, court review, welfare, causal effects, or model validation."
65,4,4,117-hr-7776,117-263,10 USC 4211,title_code_section_phrase,1,0,0,0,0,"meaning given in section 4211 of title 10, United States Code.",https://www.govinfo.gov/content/pkg/PLAW-117publ263/html/PLAW-117publ263.htm,needs_olrc_us_code_note_review,target_section_triage_not_codified_lineage_evidence,statutory_lineage_source_scan; govinfo_public_law_text_scan; target_section_candidate_triage,olrc_us_code_classification; codified_usc_lineage; target_section_diff; law_revision_effective_text; model_validation,Review target reference against OLRC/U.S. Code notes and capture codified target-section before/after text before treating this row as lineage evidence.,"Target-section triage derived from official public-law source scans only. Rows rank candidate U.S.C. targets for manual OLRC/codified-text review; they do not establish codified U.S.C. lineage, target-section text diffs, implementation outcomes, court review, welfare, causal effects, or model validation."
66,4,4,117-hr-7776,117-263,10 USC 8661,direct_us_code_prec_reference,1,1,0,0,0,chapter 863 of such title <<NOTE: 10 USC prec. 8661.>> is amended by adding at the end the following new item:,https://www.govinfo.gov/content/pkg/PLAW-117publ263/html/PLAW-117publ263.htm,needs_olrc_us_code_note_review,target_section_triage_not_codified_lineage_evidence,statutory_lineage_source_scan; govinfo_public_law_text_scan; target_section_candidate_triage,olrc_us_code_classification; codified_usc_lineage; target_section_diff; law_revision_effective_text; model_validation,Review target reference against OLRC/U.S. Code notes and capture codified target-section before/after text before treating this row as lineage evidence.,"Target-section triage derived from official public-law source scans only. Rows rank candidate U.S.C. targets for manual OLRC/codified-text review; they do not establish codified U.S.C. lineage, target-section text diffs, implementation outcomes, court review, welfare, causal effects, or model validation."
67,4,4,117-hr-7776,117-263,10 USC 8696 note,direct_us_code_reference,1,0,0,0,0,(c) <<NOTE: 10 USC 8696 note.>> Applicability.--Section 8696 of,https://www.govinfo.gov/content/pkg/PLAW-117publ263/html/PLAW-117publ263.htm,needs_olrc_us_code_note_review,target_section_triage_not_codified_lineage_evidence,statutory_lineage_source_scan; govinfo_public_law_text_scan; target_section_candidate_triage,olrc_us_code_classification; codified_usc_lineage; target_section_diff; law_revision_effective_text; model_validation,Review target reference against OLRC/U.S. Code notes and capture codified target-section before/after text before treating this row as lineage evidence.,"Target-section triage derived from official public-law source scans only. Rows rank candidate U.S.C. targets for manual OLRC/codified-text review; they do not establish codified U.S.C. lineage, target-section text diffs, implementation outcomes, court review, welfare, causal effects, or model validation."
68,4,4,117-hr-7776,117-263,10 USC 9062(j),title_code_section_phrase,1,1,0,0,0,"Aircraft.--Section 9062(j) of title 10, United States Code, is amended-- (1) by striking ``effective October 1, 2019,''",https://www.govinfo.gov/content/pkg/PLAW-117publ263/html/PLAW-117publ263.htm,needs_olrc_us_code_note_review,target_section_triage_not_codified_lineage_evidence,statutory_lineage_source_scan; govinfo_public_law_text_scan; target_section_candidate_triage,olrc_us_code_classification; codified_usc_lineage; target_section_diff; law_revision_effective_text; model_validation,Review target reference against OLRC/U.S. Code notes and capture codified target-section before/after text before treating this row as lineage evidence.,"Target-section triage derived from official public-law source scans only. Rows rank candidate U.S.C. targets for manual OLRC/codified-text review; they do not establish codified U.S.C. lineage, target-section text diffs, implementation outcomes, court review, welfare, causal effects, or model validation."
69,5,5,117-hr-6604,117-297,38 USC 101 note,direct_us_code_reference,1,0,0,0,0,SECTION 1. <<NOTE: 38 USC 101 note.>> SHORT TITLE.,https://www.govinfo.gov/content/pkg/PLAW-117publ297/html/PLAW-117publ297.htm,needs_olrc_us_code_note_review,target_section_triage_not_codified_lineage_evidence,statutory_lineage_source_scan; govinfo_public_law_text_scan; target_section_candidate_triage,olrc_us_code_classification; codified_usc_lineage; target_section_diff; law_revision_effective_text; model_validation,Review target reference against OLRC/U.S. Code notes and capture codified target-section before/after text before treating this row as lineage evidence.,"Target-section triage derived from official public-law source scans only. Rows rank candidate U.S.C. targets for manual OLRC/codified-text review; they do not establish codified U.S.C. lineage, target-section text diffs, implementation outcomes, court review, welfare, causal effects, or model validation."
70,5,5,117-hr-6604,117-297,38 USC 3319(e),title_code_section_phrase,1,1,0,0,0,"Section 3319(e) of title 38, United States Code, is amended-- (1) in paragraph (1), by adding ``and'' after the semicolon",https://www.govinfo.gov/content/pkg/PLAW-117publ297/html/PLAW-117publ297.htm,needs_olrc_us_code_note_review,target_section_triage_not_codified_lineage_evidence,statutory_lineage_source_scan; govinfo_public_law_text_scan; target_section_candidate_triage,olrc_us_code_classification; codified_usc_lineage; target_section_diff; law_revision_effective_text; model_validation,Review target reference against OLRC/U.S. Code notes and capture codified target-section before/after text before treating this row as lineage evidence.,"Target-section triage derived from official public-law source scans only. Rows rank candidate U.S.C. targets for manual OLRC/codified-text review; they do not establish codified U.S.C. lineage, target-section text diffs, implementation outcomes, court review, welfare, causal effects, or model validation."
71,5,5,117-hr-6604,117-297,38 USC 3699(c)(2)(A),title_code_section_phrase,1,1,0,0,0,"Section 3699(c)(2)(A) of title 38, United States Code, is amended-- (1) by striking ``An individual'' and inserting ``(i) An",https://www.govinfo.gov/content/pkg/PLAW-117publ297/html/PLAW-117publ297.htm,needs_olrc_us_code_note_review,target_section_triage_not_codified_lineage_evidence,statutory_lineage_source_scan; govinfo_public_law_text_scan; target_section_candidate_triage,olrc_us_code_classification; codified_usc_lineage; target_section_diff; law_revision_effective_text; model_validation,Review target reference against OLRC/U.S. Code notes and capture codified target-section before/after text before treating this row as lineage evidence.,"Target-section triage derived from official public-law source scans only. Rows rank candidate U.S.C. targets for manual OLRC/codified-text review; they do not establish codified U.S.C. lineage, target-section text diffs, implementation outcomes, court review, welfare, causal effects, or model validation."
72,6,6,117-hr-7132,117-223,47 USC 345 note,direct_us_code_reference,5,0,0,0,0,SEC. 2. <<NOTE: 47 USC 345 note.>> DEFINITIONS. || SEC. 3. <<NOTE: 47 USC 345 note.>> FINDINGS. || SEC. 5. <<NOTE: 47 USC 345 note.>> RULEMAKING ON PROTECTIONS FOR || SEC. 6. <<NOTE: 47 USC 345 note.>> EFFECTIVE DATE.,https://www.govinfo.gov/content/pkg/PLAW-117publ223/html/PLAW-117publ223.htm,needs_olrc_us_code_note_review,target_section_triage_not_codified_lineage_evidence,statutory_lineage_source_scan; govinfo_public_law_text_scan; target_section_candidate_triage,olrc_us_code_classification; codified_usc_lineage; target_section_diff; law_revision_effective_text; model_validation,Review target reference against OLRC/U.S. Code notes and capture codified target-section before/after text before treating this row as lineage evidence.,"Target-section triage derived from official public-law source scans only. Rows rank candidate U.S.C. targets for manual OLRC/codified-text review; they do not establish codified U.S.C. lineage, target-section text diffs, implementation outcomes, court review, welfare, causal effects, or model validation."
73,6,6,117-hr-7132,117-223,47 USC 345,direct_us_code_reference,2,1,0,0,0,et seq.) is amended by adding at the end the following: ``SEC. 345. <<NOTE: 47 USC 345.>> PROTECTION OF SURVIVORS OF || ``SEC. 345. <<NOTE: 47 USC 345.>> PROTECTION OF SURVIVORS OF,https://www.govinfo.gov/content/pkg/PLAW-117publ223/html/PLAW-117publ223.htm,needs_olrc_us_code_note_review,target_section_triage_not_codified_lineage_evidence,statutory_lineage_source_scan; govinfo_public_law_text_scan; target_section_candidate_triage,olrc_us_code_classification; codified_usc_lineage; target_section_diff; law_revision_effective_text; model_validation,Review target reference against OLRC/U.S. Code notes and capture codified target-section before/after text before treating this row as lineage evidence.,"Target-section triage derived from official public-law source scans only. Rows rank candidate U.S.C. targets for manual OLRC/codified-text review; they do not establish codified U.S.C. lineage, target-section text diffs, implementation outcomes, court review, welfare, causal effects, or model validation."
74,6,6,117-hr-7132,117-223,34 USC 12291(a),direct_us_code_reference,1,0,0,0,0,"the Violence Against Women Act of 1994 (34 U.S.C. 12291(a)), including domestic violence, dating",https://www.govinfo.gov/content/pkg/PLAW-117publ223/html/PLAW-117publ223.htm,needs_olrc_us_code_note_review,target_section_triage_not_codified_lineage_evidence,statutory_lineage_source_scan; govinfo_public_law_text_scan; target_section_candidate_triage,olrc_us_code_classification; codified_usc_lineage; target_section_diff; law_revision_effective_text; model_validation,Review target reference against OLRC/U.S. Code notes and capture codified target-section before/after text before treating this row as lineage evidence.,"Target-section triage derived from official public-law source scans only. Rows rank candidate U.S.C. targets for manual OLRC/codified-text review; they do not establish codified U.S.C. lineage, target-section text diffs, implementation outcomes, court review, welfare, causal effects, or model validation."
75,6,6,117-hr-7132,117-223,47 USC 227b(a),direct_us_code_reference,1,0,0,0,0,Abuse Criminal Enforcement and Deterrence Act (47 U.S.C. 227b(a)).,https://www.govinfo.gov/content/pkg/PLAW-117publ223/html/PLAW-117publ223.htm,needs_olrc_us_code_note_review,target_section_triage_not_codified_lineage_evidence,statutory_lineage_source_scan; govinfo_public_law_text_scan; target_section_candidate_triage,olrc_us_code_classification; codified_usc_lineage; target_section_diff; law_revision_effective_text; model_validation,Review target reference against OLRC/U.S. Code notes and capture codified target-section before/after text before treating this row as lineage evidence.,"Target-section triage derived from official public-law source scans only. Rows rank candidate U.S.C. targets for manual OLRC/codified-text review; they do not establish codified U.S.C. lineage, target-section text diffs, implementation outcomes, court review, welfare, causal effects, or model validation."
76,6,6,117-hr-7132,117-223,47 USC 301,direct_us_code_reference,1,0,0,0,0,Part I of title III of the Communications Act of 1934 (47 U.S.C. 301,https://www.govinfo.gov/content/pkg/PLAW-117publ223/html/PLAW-117publ223.htm,needs_olrc_us_code_note_review,target_section_triage_not_codified_lineage_evidence,statutory_lineage_source_scan; govinfo_public_law_text_scan; target_section_candidate_triage,olrc_us_code_classification; codified_usc_lineage; target_section_diff; law_revision_effective_text; model_validation,Review target reference against OLRC/U.S. Code notes and capture codified target-section before/after text before treating this row as lineage evidence.,"Target-section triage derived from official public-law source scans only. Rows rank candidate U.S.C. targets for manual OLRC/codified-text review; they do not establish codified U.S.C. lineage, target-section text diffs, implementation outcomes, court review, welfare, causal effects, or model validation."
77,6,6,117-hr-7132,117-223,47 USC 609 note,direct_us_code_reference,1,0,0,0,0,Act of 2022. 47 USC 609 note.>>,https://www.govinfo.gov/content/pkg/PLAW-117publ223/html/PLAW-117publ223.htm,needs_olrc_us_code_note_review,target_section_triage_not_codified_lineage_evidence,statutory_lineage_source_scan; govinfo_public_law_text_scan; target_section_candidate_triage,olrc_us_code_classification; codified_usc_lineage; target_section_diff; law_revision_effective_text; model_validation,Review target reference against OLRC/U.S. Code notes and capture codified target-section before/after text before treating this row as lineage evidence.,"Target-section triage derived from official public-law source scans only. Rows rank candidate U.S.C. targets for manual OLRC/codified-text review; they do not establish codified U.S.C. lineage, target-section text diffs, implementation outcomes, court review, welfare, causal effects, or model validation."
78,7,7,117-s-3373,117-168,38 USC 1710,direct_us_code_reference,5,2,0,0,0,"(a) In General.--Section 1710(a)(2)(F) <<NOTE: 38 USC 1710.>> is || 1710(e)(4) <<NOTE: 38 USC 1710.>> is amended by adding at the end the following new subparagraph: || under section 1710 of title 38, United States Code, and || (a) Expanded Period.--Section 1710(e)(3) <<NOTE: 38 USC 1710.>> is",https://www.govinfo.gov/content/pkg/PLAW-117publ168/html/PLAW-117publ168.htm,needs_olrc_us_code_note_review,target_section_triage_not_codified_lineage_evidence,statutory_lineage_source_scan; govinfo_public_law_text_scan; target_section_candidate_triage,olrc_us_code_classification; codified_usc_lineage; target_section_diff; law_revision_effective_text; model_validation,Review target reference against OLRC/U.S. Code notes and capture codified target-section before/after text before treating this row as lineage evidence.,"Target-section triage derived from official public-law source scans only. Rows rank candidate U.S.C. targets for manual OLRC/codified-text review; they do not establish codified U.S.C. lineage, target-section text diffs, implementation outcomes, court review, welfare, causal effects, or model validation."
79,7,7,117-s-3373,117-168,38 USC 101 note,direct_us_code_reference,4,0,0,0,0,"(a) <<NOTE: 38 USC 101 note.>> Short Title.--This Act may be cited || (2) <<NOTE: 38 USC 101 note prec., 301 prec., 701 || SEC. 101. <<NOTE: 38 USC 101 note.>> SHORT TITLE. || SEC. 201. <<NOTE: 38 USC 101 note.>> SHORT TITLE.",https://www.govinfo.gov/content/pkg/PLAW-117publ168/html/PLAW-117publ168.htm,needs_olrc_us_code_note_review,target_section_triage_not_codified_lineage_evidence,statutory_lineage_source_scan; govinfo_public_law_text_scan; target_section_candidate_triage,olrc_us_code_classification; codified_usc_lineage; target_section_diff; law_revision_effective_text; model_validation,Review target reference against OLRC/U.S. Code notes and capture codified target-section before/after text before treating this row as lineage evidence.,"Target-section triage derived from official public-law source scans only. Rows rank candidate U.S.C. targets for manual OLRC/codified-text review; they do not establish codified U.S.C. lineage, target-section text diffs, implementation outcomes, court review, welfare, causal effects, or model validation."
80,7,7,117-s-3373,117-168,38 USC 1171,direct_us_code_reference,2,0,0,0,0,``SUBCHAPTER VII <<NOTE: 38 USC 1171 prec.>> --DETERMINATIONS RELATING || ``Sec. 1171. <<NOTE: 38 USC 1171.>> Procedures to determine,https://www.govinfo.gov/content/pkg/PLAW-117publ168/html/PLAW-117publ168.htm,needs_olrc_us_code_note_review,target_section_triage_not_codified_lineage_evidence,statutory_lineage_source_scan; govinfo_public_law_text_scan; target_section_candidate_triage,olrc_us_code_classification; codified_usc_lineage; target_section_diff; law_revision_effective_text; model_validation,Review target reference against OLRC/U.S. Code notes and capture codified target-section before/after text before treating this row as lineage evidence.,"Target-section triage derived from official public-law source scans only. Rows rank candidate U.S.C. targets for manual OLRC/codified-text review; they do not establish codified U.S.C. lineage, target-section text diffs, implementation outcomes, court review, welfare, causal effects, or model validation."
81,7,7,117-s-3373,117-168,38 USC 1710 note,direct_us_code_reference,2,0,0,0,0,SEC. 104. <<NOTE: Deadlines. 38 USC 1710 note.>> ASSESSMENTS OF || (e) <<NOTE: 38 USC 1710 note.>> Effective Date.--This section and,https://www.govinfo.gov/content/pkg/PLAW-117publ168/html/PLAW-117publ168.htm,needs_olrc_us_code_note_review,target_section_triage_not_codified_lineage_evidence,statutory_lineage_source_scan; govinfo_public_law_text_scan; target_section_candidate_triage,olrc_us_code_classification; codified_usc_lineage; target_section_diff; law_revision_effective_text; model_validation,Review target reference against OLRC/U.S. Code notes and capture codified target-section before/after text before treating this row as lineage evidence.,"Target-section triage derived from official public-law source scans only. Rows rank candidate U.S.C. targets for manual OLRC/codified-text review; they do not establish codified U.S.C. lineage, target-section text diffs, implementation outcomes, court review, welfare, causal effects, or model validation."
82,7,7,117-s-3373,117-168,38 USC 1116,direct_us_code_reference,1,0,0,0,0,"(1) <<NOTE: 38 USC 1116.>> in section 1116-- (A) by striking subsections (b), (c), (d), and (e)",https://www.govinfo.gov/content/pkg/PLAW-117publ168/html/PLAW-117publ168.htm,needs_olrc_us_code_note_review,target_section_triage_not_codified_lineage_evidence,statutory_lineage_source_scan; govinfo_public_law_text_scan; target_section_candidate_triage,olrc_us_code_classification; codified_usc_lineage; target_section_diff; law_revision_effective_text; model_validation,Review target reference against OLRC/U.S. Code notes and capture codified target-section before/after text before treating this row as lineage evidence.,"Target-section triage derived from official public-law source scans only. Rows rank candidate U.S.C. targets for manual OLRC/codified-text review; they do not establish codified U.S.C. lineage, target-section text diffs, implementation outcomes, court review, welfare, causal effects, or model validation."
83,7,7,117-s-3373,117-168,38 USC 1172,direct_us_code_reference,1,0,0,0,0,``Sec. 1172. <<NOTE: 38 USC 1172.>> Annual notice and opportunity,https://www.govinfo.gov/content/pkg/PLAW-117publ168/html/PLAW-117publ168.htm,needs_olrc_us_code_note_review,target_section_triage_not_codified_lineage_evidence,statutory_lineage_source_scan; govinfo_public_law_text_scan; target_section_candidate_triage,olrc_us_code_classification; codified_usc_lineage; target_section_diff; law_revision_effective_text; model_validation,Review target reference against OLRC/U.S. Code notes and capture codified target-section before/after text before treating this row as lineage evidence.,"Target-section triage derived from official public-law source scans only. Rows rank candidate U.S.C. targets for manual OLRC/codified-text review; they do not establish codified U.S.C. lineage, target-section text diffs, implementation outcomes, court review, welfare, causal effects, or model validation."
84,7,7,117-s-3373,117-168,38 USC 1173,direct_us_code_reference,1,0,0,0,0,``Sec. 1173. <<NOTE: Reviews. Determinations. 38 USC 1173.>>,https://www.govinfo.gov/content/pkg/PLAW-117publ168/html/PLAW-117publ168.htm,needs_olrc_us_code_note_review,target_section_triage_not_codified_lineage_evidence,statutory_lineage_source_scan; govinfo_public_law_text_scan; target_section_candidate_triage,olrc_us_code_classification; codified_usc_lineage; target_section_diff; law_revision_effective_text; model_validation,Review target reference against OLRC/U.S. Code notes and capture codified target-section before/after text before treating this row as lineage evidence.,"Target-section triage derived from official public-law source scans only. Rows rank candidate U.S.C. targets for manual OLRC/codified-text review; they do not establish codified U.S.C. lineage, target-section text diffs, implementation outcomes, court review, welfare, causal effects, or model validation."
85,7,7,117-s-3373,117-168,38 USC 1174,direct_us_code_reference,1,0,0,0,0,``Sec. 1174. <<NOTE: 38 USC 1174.>> Regulations regarding,https://www.govinfo.gov/content/pkg/PLAW-117publ168/html/PLAW-117publ168.htm,needs_olrc_us_code_note_review,target_section_triage_not_codified_lineage_evidence,statutory_lineage_source_scan; govinfo_public_law_text_scan; target_section_candidate_triage,olrc_us_code_classification; codified_usc_lineage; target_section_diff; law_revision_effective_text; model_validation,Review target reference against OLRC/U.S. Code notes and capture codified target-section before/after text before treating this row as lineage evidence.,"Target-section triage derived from official public-law source scans only. Rows rank candidate U.S.C. targets for manual OLRC/codified-text review; they do not establish codified U.S.C. lineage, target-section text diffs, implementation outcomes, court review, welfare, causal effects, or model validation."
86,7,7,117-s-3373,117-168,38 USC 1175,direct_us_code_reference,1,0,0,0,0,``Sec. 1175. <<NOTE: 38 USC 1175.>> Authority to modify process,https://www.govinfo.gov/content/pkg/PLAW-117publ168/html/PLAW-117publ168.htm,needs_olrc_us_code_note_review,target_section_triage_not_codified_lineage_evidence,statutory_lineage_source_scan; govinfo_public_law_text_scan; target_section_candidate_triage,olrc_us_code_classification; codified_usc_lineage; target_section_diff; law_revision_effective_text; model_validation,Review target reference against OLRC/U.S. Code notes and capture codified target-section before/after text before treating this row as lineage evidence.,"Target-section triage derived from official public-law source scans only. Rows rank candidate U.S.C. targets for manual OLRC/codified-text review; they do not establish codified U.S.C. lineage, target-section text diffs, implementation outcomes, court review, welfare, causal effects, or model validation."
87,7,7,117-s-3373,117-168,38 USC 1176,direct_us_code_reference,1,0,0,0,0,``Sec. 1176. <<NOTE: 38 USC 1176.>> Agreement with National,https://www.govinfo.gov/content/pkg/PLAW-117publ168/html/PLAW-117publ168.htm,needs_olrc_us_code_note_review,target_section_triage_not_codified_lineage_evidence,statutory_lineage_source_scan; govinfo_public_law_text_scan; target_section_candidate_triage,olrc_us_code_classification; codified_usc_lineage; target_section_diff; law_revision_effective_text; model_validation,Review target reference against OLRC/U.S. Code notes and capture codified target-section before/after text before treating this row as lineage evidence.,"Target-section triage derived from official public-law source scans only. Rows rank candidate U.S.C. targets for manual OLRC/codified-text review; they do not establish codified U.S.C. lineage, target-section text diffs, implementation outcomes, court review, welfare, causal effects, or model validation."
88,7,7,117-s-3373,117-168,38 USC 1703,title_code_section_phrase,1,0,0,0,0,"section 1703 of title 38, United States Code.",https://www.govinfo.gov/content/pkg/PLAW-117publ168/html/PLAW-117publ168.htm,needs_olrc_us_code_note_review,target_section_triage_not_codified_lineage_evidence,statutory_lineage_source_scan; govinfo_public_law_text_scan; target_section_candidate_triage,olrc_us_code_classification; codified_usc_lineage; target_section_diff; law_revision_effective_text; model_validation,Review target reference against OLRC/U.S. Code notes and capture codified target-section before/after text before treating this row as lineage evidence.,"Target-section triage derived from official public-law source scans only. Rows rank candidate U.S.C. targets for manual OLRC/codified-text review; they do not establish codified U.S.C. lineage, target-section text diffs, implementation outcomes, court review, welfare, causal effects, or model validation."
89,7,7,117-s-3373,117-168,38 USC 1705(a),title_code_section_phrase,1,0,0,0,0,"section 1705(a) of title 38, United States Code.",https://www.govinfo.gov/content/pkg/PLAW-117publ168/html/PLAW-117publ168.htm,needs_olrc_us_code_note_review,target_section_triage_not_codified_lineage_evidence,statutory_lineage_source_scan; govinfo_public_law_text_scan; target_section_candidate_triage,olrc_us_code_classification; codified_usc_lineage; target_section_diff; law_revision_effective_text; model_validation,Review target reference against OLRC/U.S. Code notes and capture codified target-section before/after text before treating this row as lineage evidence.,"Target-section triage derived from official public-law source scans only. Rows rank candidate U.S.C. targets for manual OLRC/codified-text review; they do not establish codified U.S.C. lineage, target-section text diffs, implementation outcomes, court review, welfare, causal effects, or model validation."
90,7,7,117-s-3373,117-168,38 USC 1710(e)(3)(B),title_code_section_phrase,1,1,0,0,0,"section 1710(e)(3)(B) of title 38, United States Code, as amended by subsection (a)(2), who, during such period, enrolled in the patient",https://www.govinfo.gov/content/pkg/PLAW-117publ168/html/PLAW-117publ168.htm,needs_olrc_us_code_note_review,target_section_triage_not_codified_lineage_evidence,statutory_lineage_source_scan; govinfo_public_law_text_scan; target_section_candidate_triage,olrc_us_code_classification; codified_usc_lineage; target_section_diff; law_revision_effective_text; model_validation,Review target reference against OLRC/U.S. Code notes and capture codified target-section before/after text before treating this row as lineage evidence.,"Target-section triage derived from official public-law source scans only. Rows rank candidate U.S.C. targets for manual OLRC/codified-text review; they do not establish codified U.S.C. lineage, target-section text diffs, implementation outcomes, court review, welfare, causal effects, or model validation."
91,8,8,117-hr-4346,117-167,15 USC 4652,direct_us_code_reference,2,0,0,0,0,"Authorization Act for Fiscal Year 2021 (15 U.S.C. 4652, 4654, || for Fiscal Year 2021 (15 U.S.C. 4652), $2,000,000,000 shall be",https://www.govinfo.gov/content/pkg/PLAW-117publ167/html/PLAW-117publ167.htm,needs_olrc_us_code_note_review,target_section_triage_not_codified_lineage_evidence,statutory_lineage_source_scan; govinfo_public_law_text_scan; target_section_candidate_triage,olrc_us_code_classification; codified_usc_lineage; target_section_diff; law_revision_effective_text; model_validation,Review target reference against OLRC/U.S. Code notes and capture codified target-section before/after text before treating this row as lineage evidence.,"Target-section triage derived from official public-law source scans only. Rows rank candidate U.S.C. targets for manual OLRC/codified-text review; they do not establish codified U.S.C. lineage, target-section text diffs, implementation outcomes, court review, welfare, causal effects, or model validation."
92,8,8,117-hr-4346,117-167,15 USC 4653(b),direct_us_code_reference,2,0,0,0,0,"Defense Authorization Act for Fiscal Year 2021 (15 U.S.C. 4653(b)). <<NOTE: Transfer authority.>> Amounts in the Fund || (15 U.S.C. 4653(b)), and the functions under 9906(c)(2) of such",https://www.govinfo.gov/content/pkg/PLAW-117publ167/html/PLAW-117publ167.htm,needs_olrc_us_code_note_review,target_section_triage_not_codified_lineage_evidence,statutory_lineage_source_scan; govinfo_public_law_text_scan; target_section_candidate_triage,olrc_us_code_classification; codified_usc_lineage; target_section_diff; law_revision_effective_text; model_validation,Review target reference against OLRC/U.S. Code notes and capture codified target-section before/after text before treating this row as lineage evidence.,"Target-section triage derived from official public-law source scans only. Rows rank candidate U.S.C. targets for manual OLRC/codified-text review; they do not establish codified U.S.C. lineage, target-section text diffs, implementation outcomes, court review, welfare, causal effects, or model validation."
93,8,8,117-hr-4346,117-167,15 USC 4651,direct_us_code_reference,1,0,0,0,0,National Defense Authorization Act for Fiscal Year 2021 (15 U.S.C. 4651),https://www.govinfo.gov/content/pkg/PLAW-117publ167/html/PLAW-117publ167.htm,needs_olrc_us_code_note_review,target_section_triage_not_codified_lineage_evidence,statutory_lineage_source_scan; govinfo_public_law_text_scan; target_section_candidate_triage,olrc_us_code_classification; codified_usc_lineage; target_section_diff; law_revision_effective_text; model_validation,Review target reference against OLRC/U.S. Code notes and capture codified target-section before/after text before treating this row as lineage evidence.,"Target-section triage derived from official public-law source scans only. Rows rank candidate U.S.C. targets for manual OLRC/codified-text review; they do not establish codified U.S.C. lineage, target-section text diffs, implementation outcomes, court review, welfare, causal effects, or model validation."
94,8,8,117-hr-4346,117-167,15 USC 4651 note,direct_us_code_reference,1,0,0,0,0,SEC. 101. <<NOTE: 15 USC 4651 note.>> SHORT TITLE.,https://www.govinfo.gov/content/pkg/PLAW-117publ167/html/PLAW-117publ167.htm,needs_olrc_us_code_note_review,target_section_triage_not_codified_lineage_evidence,statutory_lineage_source_scan; govinfo_public_law_text_scan; target_section_candidate_triage,olrc_us_code_classification; codified_usc_lineage; target_section_diff; law_revision_effective_text; model_validation,Review target reference against OLRC/U.S. Code notes and capture codified target-section before/after text before treating this row as lineage evidence.,"Target-section triage derived from official public-law source scans only. Rows rank candidate U.S.C. targets for manual OLRC/codified-text review; they do not establish codified U.S.C. lineage, target-section text diffs, implementation outcomes, court review, welfare, causal effects, or model validation."
95,8,8,117-hr-4346,117-167,15 USC 4652 note,direct_us_code_reference,1,0,0,0,0,SEC. 2. <<NOTE: 15 USC 4652 note.>> REFERENCES.,https://www.govinfo.gov/content/pkg/PLAW-117publ167/html/PLAW-117publ167.htm,needs_olrc_us_code_note_review,target_section_triage_not_codified_lineage_evidence,statutory_lineage_source_scan; govinfo_public_law_text_scan; target_section_candidate_triage,olrc_us_code_classification; codified_usc_lineage; target_section_diff; law_revision_effective_text; model_validation,Review target reference against OLRC/U.S. Code notes and capture codified target-section before/after text before treating this row as lineage evidence.,"Target-section triage derived from official public-law source scans only. Rows rank candidate U.S.C. targets for manual OLRC/codified-text review; they do not establish codified U.S.C. lineage, target-section text diffs, implementation outcomes, court review, welfare, causal effects, or model validation."
96,8,8,117-hr-4346,117-167,15 USC 4652(a)(4),direct_us_code_reference,1,0,0,0,0,"Defense Authorization Act for Fiscal Year 2021 (15 U.S.C. 4652(a)(4), 15 U.S.C. 4655(a)(4)), the activities under section",https://www.govinfo.gov/content/pkg/PLAW-117publ167/html/PLAW-117publ167.htm,needs_olrc_us_code_note_review,target_section_triage_not_codified_lineage_evidence,statutory_lineage_source_scan; govinfo_public_law_text_scan; target_section_candidate_triage,olrc_us_code_classification; codified_usc_lineage; target_section_diff; law_revision_effective_text; model_validation,Review target reference against OLRC/U.S. Code notes and capture codified target-section before/after text before treating this row as lineage evidence.,"Target-section triage derived from official public-law source scans only. Rows rank candidate U.S.C. targets for manual OLRC/codified-text review; they do not establish codified U.S.C. lineage, target-section text diffs, implementation outcomes, court review, welfare, causal effects, or model validation."
97,8,8,117-hr-4346,117-167,15 USC 4655,direct_us_code_reference,1,0,0,0,0,"Year 2021 (15 U.S.C. 4655 and 47 U.S.C. 906(a)(2)), as",https://www.govinfo.gov/content/pkg/PLAW-117publ167/html/PLAW-117publ167.htm,needs_olrc_us_code_note_review,target_section_triage_not_codified_lineage_evidence,statutory_lineage_source_scan; govinfo_public_law_text_scan; target_section_candidate_triage,olrc_us_code_classification; codified_usc_lineage; target_section_diff; law_revision_effective_text; model_validation,Review target reference against OLRC/U.S. Code notes and capture codified target-section before/after text before treating this row as lineage evidence.,"Target-section triage derived from official public-law source scans only. Rows rank candidate U.S.C. targets for manual OLRC/codified-text review; they do not establish codified U.S.C. lineage, target-section text diffs, implementation outcomes, court review, welfare, causal effects, or model validation."
98,8,8,117-hr-4346,117-167,15 USC 4655(a)(4),direct_us_code_reference,1,0,0,0,0,"Defense Authorization Act for Fiscal Year 2021 (15 U.S.C. 4652(a)(4), 15 U.S.C. 4655(a)(4)), the activities under section",https://www.govinfo.gov/content/pkg/PLAW-117publ167/html/PLAW-117publ167.htm,needs_olrc_us_code_note_review,target_section_triage_not_codified_lineage_evidence,statutory_lineage_source_scan; govinfo_public_law_text_scan; target_section_candidate_triage,olrc_us_code_classification; codified_usc_lineage; target_section_diff; law_revision_effective_text; model_validation,Review target reference against OLRC/U.S. Code notes and capture codified target-section before/after text before treating this row as lineage evidence.,"Target-section triage derived from official public-law source scans only. Rows rank candidate U.S.C. targets for manual OLRC/codified-text review; they do not establish codified U.S.C. lineage, target-section text diffs, implementation outcomes, court review, welfare, causal effects, or model validation."
99,8,8,117-hr-4346,117-167,15 USC 4656,direct_us_code_reference,1,0,0,0,0,2021 (15 U.S.C. 4656).,https://www.govinfo.gov/content/pkg/PLAW-117publ167/html/PLAW-117publ167.htm,needs_olrc_us_code_note_review,target_section_triage_not_codified_lineage_evidence,statutory_lineage_source_scan; govinfo_public_law_text_scan; target_section_candidate_triage,olrc_us_code_classification; codified_usc_lineage; target_section_diff; law_revision_effective_text; model_validation,Review target reference against OLRC/U.S. Code notes and capture codified target-section before/after text before treating this row as lineage evidence.,"Target-section triage derived from official public-law source scans only. Rows rank candidate U.S.C. targets for manual OLRC/codified-text review; they do not establish codified U.S.C. lineage, target-section text diffs, implementation outcomes, court review, welfare, causal effects, or model validation."
100,8,8,117-hr-4346,117-167,15 USC 4656(c)(2),direct_us_code_reference,1,0,0,0,0,Act (15 U.S.C. 4656(c)(2)) -- (A) to purchase an equity security that is listed on,https://www.govinfo.gov/content/pkg/PLAW-117publ167/html/PLAW-117publ167.htm,needs_olrc_us_code_note_review,target_section_triage_not_codified_lineage_evidence,statutory_lineage_source_scan; govinfo_public_law_text_scan; target_section_candidate_triage,olrc_us_code_classification; codified_usc_lineage; target_section_diff; law_revision_effective_text; model_validation,Review target reference against OLRC/U.S. Code notes and capture codified target-section before/after text before treating this row as lineage evidence.,"Target-section triage derived from official public-law source scans only. Rows rank candidate U.S.C. targets for manual OLRC/codified-text review; they do not establish codified U.S.C. lineage, target-section text diffs, implementation outcomes, court review, welfare, causal effects, or model validation."
101,8,8,117-hr-4346,117-167,2 USC 905(g)(1)(A),direct_us_code_reference,1,1,0,0,0,"Emergency Deficit Control Act of 1985 (2 U.S.C. 905(g)(1)(A)) is amended by inserting after ``Continuing Fund, Southwestern Power Administration",https://www.govinfo.gov/content/pkg/PLAW-117publ167/html/PLAW-117publ167.htm,needs_olrc_us_code_note_review,target_section_triage_not_codified_lineage_evidence,statutory_lineage_source_scan; govinfo_public_law_text_scan; target_section_candidate_triage,olrc_us_code_classification; codified_usc_lineage; target_section_diff; law_revision_effective_text; model_validation,Review target reference against OLRC/U.S. Code notes and capture codified target-section before/after text before treating this row as lineage evidence.,"Target-section triage derived from official public-law source scans only. Rows rank candidate U.S.C. targets for manual OLRC/codified-text review; they do not establish codified U.S.C. lineage, target-section text diffs, implementation outcomes, court review, welfare, causal effects, or model validation."
102,8,8,117-hr-4346,117-167,2 USC 933(d),direct_us_code_reference,1,0,0,0,0,Go Act of 2010 (2 U.S.C. 933(d)).,https://www.govinfo.gov/content/pkg/PLAW-117publ167/html/PLAW-117publ167.htm,needs_olrc_us_code_note_review,target_section_triage_not_codified_lineage_evidence,statutory_lineage_source_scan; govinfo_public_law_text_scan; target_section_candidate_triage,olrc_us_code_classification; codified_usc_lineage; target_section_diff; law_revision_effective_text; model_validation,Review target reference against OLRC/U.S. Code notes and capture codified target-section before/after text before treating this row as lineage evidence.,"Target-section triage derived from official public-law source scans only. Rows rank candidate U.S.C. targets for manual OLRC/codified-text review; they do not establish codified U.S.C. lineage, target-section text diffs, implementation outcomes, court review, welfare, causal effects, or model validation."
103,8,8,117-hr-4346,117-167,47 USC 906(a)(2),direct_us_code_reference,1,0,0,0,0,"Year 2021 (15 U.S.C. 4655 and 47 U.S.C. 906(a)(2)), as",https://www.govinfo.gov/content/pkg/PLAW-117publ167/html/PLAW-117publ167.htm,needs_olrc_us_code_note_review,target_section_triage_not_codified_lineage_evidence,statutory_lineage_source_scan; govinfo_public_law_text_scan; target_section_candidate_triage,olrc_us_code_classification; codified_usc_lineage; target_section_diff; law_revision_effective_text; model_validation,Review target reference against OLRC/U.S. Code notes and capture codified target-section before/after text before treating this row as lineage evidence.,"Target-section triage derived from official public-law source scans only. Rows rank candidate U.S.C. targets for manual OLRC/codified-text review; they do not establish codified U.S.C. lineage, target-section text diffs, implementation outcomes, court review, welfare, causal effects, or model validation."
104,9,9,117-s-516,117-203,49 USC 40101 note,direct_us_code_reference,2,0,0,0,0,SECTION <<NOTE: 49 USC 40101 note.>> 1. SHORT TITLE. || SEC. <<NOTE: Deadlines. 49 USC 40101 note.>> 2. ADVANCED AIR,https://www.govinfo.gov/content/pkg/PLAW-117publ203/html/PLAW-117publ203.htm,needs_olrc_us_code_note_review,target_section_triage_not_codified_lineage_evidence,statutory_lineage_source_scan; govinfo_public_law_text_scan; target_section_candidate_triage,olrc_us_code_classification; codified_usc_lineage; target_section_diff; law_revision_effective_text; model_validation,Review target reference against OLRC/U.S. Code notes and capture codified target-section before/after text before treating this row as lineage evidence.,"Target-section triage derived from official public-law source scans only. Rows rank candidate U.S.C. targets for manual OLRC/codified-text review; they do not establish codified U.S.C. lineage, target-section text diffs, implementation outcomes, court review, welfare, causal effects, or model validation."
105,9,9,117-s-516,117-203,49 USC 47102,title_code_section_phrase,1,0,0,0,0,"term in section 47102 of title 49, United States Code.",https://www.govinfo.gov/content/pkg/PLAW-117publ203/html/PLAW-117publ203.htm,needs_olrc_us_code_note_review,target_section_triage_not_codified_lineage_evidence,statutory_lineage_source_scan; govinfo_public_law_text_scan; target_section_candidate_triage,olrc_us_code_classification; codified_usc_lineage; target_section_diff; law_revision_effective_text; model_validation,Review target reference against OLRC/U.S. Code notes and capture codified target-section before/after text before treating this row as lineage evidence.,"Target-section triage derived from official public-law source scans only. Rows rank candidate U.S.C. targets for manual OLRC/codified-text review; they do not establish codified U.S.C. lineage, target-section text diffs, implementation outcomes, court review, welfare, causal effects, or model validation."
106,10,10,117-s-4458,117-174,38 USC 101 note,direct_us_code_reference,1,0,0,0,0,SECTION 1. <<NOTE: 38 USC 101 note.>> SHORT TITLE.,https://www.govinfo.gov/content/pkg/PLAW-117publ174/html/PLAW-117publ174.htm,needs_olrc_us_code_note_review,target_section_triage_not_codified_lineage_evidence,statutory_lineage_source_scan; govinfo_public_law_text_scan; target_section_candidate_triage,olrc_us_code_classification; codified_usc_lineage; target_section_diff; law_revision_effective_text; model_validation,Review target reference against OLRC/U.S. Code notes and capture codified target-section before/after text before treating this row as lineage evidence.,"Target-section triage derived from official public-law source scans only. Rows rank candidate U.S.C. targets for manual OLRC/codified-text review; they do not establish codified U.S.C. lineage, target-section text diffs, implementation outcomes, court review, welfare, causal effects, or model validation."
107,10,10,117-s-4458,117-174,38 USC 3680A note,direct_us_code_reference,1,1,0,0,0,(b) <<NOTE: 38 USC 3680A note.>> Application.--The amendment made,https://www.govinfo.gov/content/pkg/PLAW-117publ174/html/PLAW-117publ174.htm,needs_olrc_us_code_note_review,target_section_triage_not_codified_lineage_evidence,statutory_lineage_source_scan; govinfo_public_law_text_scan; target_section_candidate_triage,olrc_us_code_classification; codified_usc_lineage; target_section_diff; law_revision_effective_text; model_validation,Review target reference against OLRC/U.S. Code notes and capture codified target-section before/after text before treating this row as lineage evidence.,"Target-section triage derived from official public-law source scans only. Rows rank candidate U.S.C. targets for manual OLRC/codified-text review; they do not establish codified U.S.C. lineage, target-section text diffs, implementation outcomes, court review, welfare, causal effects, or model validation."
108,11,11,117-s-3580,117-146,46 USC 40504,direct_us_code_reference,2,1,0,0,0,amended by adding at the end the following: ``Sec. 40504. <<NOTE: 46 USC 40504.>> Shipping exchange registry || ``Sec. 40504. <<NOTE: 46 USC 40504.>> Shipping exchange registry,https://www.govinfo.gov/content/pkg/PLAW-117publ146/html/PLAW-117publ146.htm,needs_olrc_us_code_note_review,target_section_triage_not_codified_lineage_evidence,statutory_lineage_source_scan; govinfo_public_law_text_scan; target_section_candidate_triage,olrc_us_code_classification; codified_usc_lineage; target_section_diff; law_revision_effective_text; model_validation,Review target reference against OLRC/U.S. Code notes and capture codified target-section before/after text before treating this row as lineage evidence.,"Target-section triage derived from official public-law source scans only. Rows rank candidate U.S.C. targets for manual OLRC/codified-text review; they do not establish codified U.S.C. lineage, target-section text diffs, implementation outcomes, court review, welfare, causal effects, or model validation."
109,11,11,117-s-3580,117-146,46 USC 41110,direct_us_code_reference,2,1,0,0,0,amended by adding at the end the following: ``Sec. 41110. <<NOTE: 46 USC 41110.>> Data collection || ``Sec. 41110. <<NOTE: 46 USC 41110.>> Data collection,https://www.govinfo.gov/content/pkg/PLAW-117publ146/html/PLAW-117publ146.htm,needs_olrc_us_code_note_review,target_section_triage_not_codified_lineage_evidence,statutory_lineage_source_scan; govinfo_public_law_text_scan; target_section_candidate_triage,olrc_us_code_classification; codified_usc_lineage; target_section_diff; law_revision_effective_text; model_validation,Review target reference against OLRC/U.S. Code notes and capture codified target-section before/after text before treating this row as lineage evidence.,"Target-section triage derived from official public-law source scans only. Rows rank candidate U.S.C. targets for manual OLRC/codified-text review; they do not establish codified U.S.C. lineage, target-section text diffs, implementation outcomes, court review, welfare, causal effects, or model validation."
110,11,11,117-s-3580,117-146,46 USC 101 note,direct_us_code_reference,1,0,0,0,0,SECTION 1. <<NOTE: 46 USC 101 note.>> SHORT TITLE.,https://www.govinfo.gov/content/pkg/PLAW-117publ146/html/PLAW-117publ146.htm,needs_olrc_us_code_note_review,target_section_triage_not_codified_lineage_evidence,statutory_lineage_source_scan; govinfo_public_law_text_scan; target_section_candidate_triage,olrc_us_code_classification; codified_usc_lineage; target_section_diff; law_revision_effective_text; model_validation,Review target reference against OLRC/U.S. Code notes and capture codified target-section before/after text before treating this row as lineage evidence.,"Target-section triage derived from official public-law source scans only. Rows rank candidate U.S.C. targets for manual OLRC/codified-text review; they do not establish codified U.S.C. lineage, target-section text diffs, implementation outcomes, court review, welfare, causal effects, or model validation."
111,11,11,117-s-3580,117-146,46 USC 40101,title_code_section_phrase,1,1,0,0,0,"Section 40101 of title 46, United States Code, is amended-- (1) by striking paragraph (2) and inserting the following:",https://www.govinfo.gov/content/pkg/PLAW-117publ146/html/PLAW-117publ146.htm,needs_olrc_us_code_note_review,target_section_triage_not_codified_lineage_evidence,statutory_lineage_source_scan; govinfo_public_law_text_scan; target_section_candidate_triage,olrc_us_code_classification; codified_usc_lineage; target_section_diff; law_revision_effective_text; model_validation,Review target reference against OLRC/U.S. Code notes and capture codified target-section before/after text before treating this row as lineage evidence.,"Target-section triage derived from official public-law source scans only. Rows rank candidate U.S.C. targets for manual OLRC/codified-text review; they do not establish codified U.S.C. lineage, target-section text diffs, implementation outcomes, court review, welfare, causal effects, or model validation."
112,11,11,117-s-3580,117-146,46 USC 40501,direct_us_code_reference,1,1,0,0,0,"United States Code, <<NOTE: 46 USC 40501 prec.>> is amended by adding at the end the following:",https://www.govinfo.gov/content/pkg/PLAW-117publ146/html/PLAW-117publ146.htm,needs_olrc_us_code_note_review,target_section_triage_not_codified_lineage_evidence,statutory_lineage_source_scan; govinfo_public_law_text_scan; target_section_candidate_triage,olrc_us_code_classification; codified_usc_lineage; target_section_diff; law_revision_effective_text; model_validation,Review target reference against OLRC/U.S. Code notes and capture codified target-section before/after text before treating this row as lineage evidence.,"Target-section triage derived from official public-law source scans only. Rows rank candidate U.S.C. targets for manual OLRC/codified-text review; they do not establish codified U.S.C. lineage, target-section text diffs, implementation outcomes, court review, welfare, causal effects, or model validation."
113,11,11,117-s-3580,117-146,46 USC 40502(c),title_code_section_phrase,1,1,0,0,0,"Section 40502(c) of title 46, United States Code, is amended-- (1) in paragraph (7), by striking ``",https://www.govinfo.gov/content/pkg/PLAW-117publ146/html/PLAW-117publ146.htm,needs_olrc_us_code_note_review,target_section_triage_not_codified_lineage_evidence,statutory_lineage_source_scan; govinfo_public_law_text_scan; target_section_candidate_triage,olrc_us_code_classification; codified_usc_lineage; target_section_diff; law_revision_effective_text; model_validation,Review target reference against OLRC/U.S. Code notes and capture codified target-section before/after text before treating this row as lineage evidence.,"Target-section triage derived from official public-law source scans only. Rows rank candidate U.S.C. targets for manual OLRC/codified-text review; they do not establish codified U.S.C. lineage, target-section text diffs, implementation outcomes, court review, welfare, causal effects, or model validation."
114,11,11,117-s-3580,117-146,46 USC 40504 note,direct_us_code_reference,1,0,0,0,0,"(b) <<NOTE: Effective date. 46 USC 40504 note.>> Applicability.-- The registration requirement under section 40504 of title 46, United",https://www.govinfo.gov/content/pkg/PLAW-117publ146/html/PLAW-117publ146.htm,needs_olrc_us_code_note_review,target_section_triage_not_codified_lineage_evidence,statutory_lineage_source_scan; govinfo_public_law_text_scan; target_section_candidate_triage,olrc_us_code_classification; codified_usc_lineage; target_section_diff; law_revision_effective_text; model_validation,Review target reference against OLRC/U.S. Code notes and capture codified target-section before/after text before treating this row as lineage evidence.,"Target-section triage derived from official public-law source scans only. Rows rank candidate U.S.C. targets for manual OLRC/codified-text review; they do not establish codified U.S.C. lineage, target-section text diffs, implementation outcomes, court review, welfare, causal effects, or model validation."
115,11,11,117-s-3580,117-146,46 USC 41102,title_code_section_phrase,1,1,0,0,0,"Section 41102 of title 46, United States Code, is amended by adding at the end the following:",https://www.govinfo.gov/content/pkg/PLAW-117publ146/html/PLAW-117publ146.htm,needs_olrc_us_code_note_review,target_section_triage_not_codified_lineage_evidence,statutory_lineage_source_scan; govinfo_public_law_text_scan; target_section_candidate_triage,olrc_us_code_classification; codified_usc_lineage; target_section_diff; law_revision_effective_text; model_validation,Review target reference against OLRC/U.S. Code notes and capture codified target-section before/after text before treating this row as lineage evidence.,"Target-section triage derived from official public-law source scans only. Rows rank candidate U.S.C. targets for manual OLRC/codified-text review; they do not establish codified U.S.C. lineage, target-section text diffs, implementation outcomes, court review, welfare, causal effects, or model validation."
116,11,11,117-s-3580,117-146,46 USC 41102 note,direct_us_code_reference,1,0,0,0,0,(b) <<NOTE: 46 USC 41102 note.>> Rulemaking on Demurrage or,https://www.govinfo.gov/content/pkg/PLAW-117publ146/html/PLAW-117publ146.htm,needs_olrc_us_code_note_review,target_section_triage_not_codified_lineage_evidence,statutory_lineage_source_scan; govinfo_public_law_text_scan; target_section_candidate_triage,olrc_us_code_classification; codified_usc_lineage; target_section_diff; law_revision_effective_text; model_validation,Review target reference against OLRC/U.S. Code notes and capture codified target-section before/after text before treating this row as lineage evidence.,"Target-section triage derived from official public-law source scans only. Rows rank candidate U.S.C. targets for manual OLRC/codified-text review; they do not establish codified U.S.C. lineage, target-section text diffs, implementation outcomes, court review, welfare, causal effects, or model validation."
117,11,11,117-s-3580,117-146,46 USC 41102(c),title_code_section_phrase,1,0,0,0,0,"under section 41102(c) of title 46, United States Code,",https://www.govinfo.gov/content/pkg/PLAW-117publ146/html/PLAW-117publ146.htm,needs_olrc_us_code_note_review,target_section_triage_not_codified_lineage_evidence,statutory_lineage_source_scan; govinfo_public_law_text_scan; target_section_candidate_triage,olrc_us_code_classification; codified_usc_lineage; target_section_diff; law_revision_effective_text; model_validation,Review target reference against OLRC/U.S. Code notes and capture codified target-section before/after text before treating this row as lineage evidence.,"Target-section triage derived from official public-law source scans only. Rows rank candidate U.S.C. targets for manual OLRC/codified-text review; they do not establish codified U.S.C. lineage, target-section text diffs, implementation outcomes, court review, welfare, causal effects, or model validation."
118,11,11,117-s-3580,117-146,46 USC 41104,title_code_section_phrase,1,0,0,0,0,"(a) In General.--Section 41104 of title 46, United States Code, is",https://www.govinfo.gov/content/pkg/PLAW-117publ146/html/PLAW-117publ146.htm,needs_olrc_us_code_note_review,target_section_triage_not_codified_lineage_evidence,statutory_lineage_source_scan; govinfo_public_law_text_scan; target_section_candidate_triage,olrc_us_code_classification; codified_usc_lineage; target_section_diff; law_revision_effective_text; model_validation,Review target reference against OLRC/U.S. Code notes and capture codified target-section before/after text before treating this row as lineage evidence.,"Target-section triage derived from official public-law source scans only. Rows rank candidate U.S.C. targets for manual OLRC/codified-text review; they do not establish codified U.S.C. lineage, target-section text diffs, implementation outcomes, court review, welfare, causal effects, or model validation."
119,11,11,117-s-3580,117-146,46 USC 41104 note,direct_us_code_reference,1,0,0,0,0,(c) <<NOTE: Deadline. 46 USC 41104 note.>> Rulemaking on Unfair or,https://www.govinfo.gov/content/pkg/PLAW-117publ146/html/PLAW-117publ146.htm,needs_olrc_us_code_note_review,target_section_triage_not_codified_lineage_evidence,statutory_lineage_source_scan; govinfo_public_law_text_scan; target_section_candidate_triage,olrc_us_code_classification; codified_usc_lineage; target_section_diff; law_revision_effective_text; model_validation,Review target reference against OLRC/U.S. Code notes and capture codified target-section before/after text before treating this row as lineage evidence.,"Target-section triage derived from official public-law source scans only. Rows rank candidate U.S.C. targets for manual OLRC/codified-text review; they do not establish codified U.S.C. lineage, target-section text diffs, implementation outcomes, court review, welfare, causal effects, or model validation."
120,11,11,117-s-3580,117-146,46 USC 41104(a)(3),title_code_section_phrase,1,1,0,0,0,"section 41104(a)(3) of title 46, United States Code, as amended by this section. The Federal Maritime Commission shall issue a final rule not",https://www.govinfo.gov/content/pkg/PLAW-117publ146/html/PLAW-117publ146.htm,needs_olrc_us_code_note_review,target_section_triage_not_codified_lineage_evidence,statutory_lineage_source_scan; govinfo_public_law_text_scan; target_section_candidate_triage,olrc_us_code_classification; codified_usc_lineage; target_section_diff; law_revision_effective_text; model_validation,Review target reference against OLRC/U.S. Code notes and capture codified target-section before/after text before treating this row as lineage evidence.,"Target-section triage derived from official public-law source scans only. Rows rank candidate U.S.C. targets for manual OLRC/codified-text review; they do not establish codified U.S.C. lineage, target-section text diffs, implementation outcomes, court review, welfare, causal effects, or model validation."
121,11,11,117-s-3580,117-146,46 USC 41110 note,direct_us_code_reference,1,0,0,0,0,(b) <<NOTE: 46 USC 41110 note.>> Rule of Construction.--Nothing in,https://www.govinfo.gov/content/pkg/PLAW-117publ146/html/PLAW-117publ146.htm,needs_olrc_us_code_note_review,target_section_triage_not_codified_lineage_evidence,statutory_lineage_source_scan; govinfo_public_law_text_scan; target_section_candidate_triage,olrc_us_code_classification; codified_usc_lineage; target_section_diff; law_revision_effective_text; model_validation,Review target reference against OLRC/U.S. Code notes and capture codified target-section before/after text before treating this row as lineage evidence.,"Target-section triage derived from official public-law source scans only. Rows rank candidate U.S.C. targets for manual OLRC/codified-text review; they do not establish codified U.S.C. lineage, target-section text diffs, implementation outcomes, court review, welfare, causal effects, or model validation."
122,11,11,117-s-3580,117-146,46 USC 46106,title_code_section_phrase,1,1,0,0,0,"Section 46106 of title 46, United States Code, is amended by adding at the end the following:",https://www.govinfo.gov/content/pkg/PLAW-117publ146/html/PLAW-117publ146.htm,needs_olrc_us_code_note_review,target_section_triage_not_codified_lineage_evidence,statutory_lineage_source_scan; govinfo_public_law_text_scan; target_section_candidate_triage,olrc_us_code_classification; codified_usc_lineage; target_section_diff; law_revision_effective_text; model_validation,Review target reference against OLRC/U.S. Code notes and capture codified target-section before/after text before treating this row as lineage evidence.,"Target-section triage derived from official public-law source scans only. Rows rank candidate U.S.C. targets for manual OLRC/codified-text review; they do not establish codified U.S.C. lineage, target-section text diffs, implementation outcomes, court review, welfare, causal effects, or model validation."
123,11,11,117-s-3580,117-146,5 USC 552(b)(4),title_code_section_phrase,1,0,0,0,0,"in accordance with section 552(b)(4) of title 5, United States Code.",https://www.govinfo.gov/content/pkg/PLAW-117publ146/html/PLAW-117publ146.htm,needs_olrc_us_code_note_review,target_section_triage_not_codified_lineage_evidence,statutory_lineage_source_scan; govinfo_public_law_text_scan; target_section_candidate_triage,olrc_us_code_classification; codified_usc_lineage; target_section_diff; law_revision_effective_text; model_validation,Review target reference against OLRC/U.S. Code notes and capture codified target-section before/after text before treating this row as lineage evidence.,"Target-section triage derived from official public-law source scans only. Rows rank candidate U.S.C. targets for manual OLRC/codified-text review; they do not establish codified U.S.C. lineage, target-section text diffs, implementation outcomes, court review, welfare, causal effects, or model validation."
124,12,12,117-s-1941,117-219,31 USC 6102 note,direct_us_code_reference,6,0,0,0,0,SEC. 2. <<NOTE: 31 USC 6102 note.>> FINDINGS. || SEC. 3. <<NOTE: 31 USC 6102 note.>> PURPOSE. || SEC. 4. <<NOTE: 31 USC 6102 note.>> DEFINITIONS. || (b) <<NOTE: 31 USC 6102 note.>> Content Requirements.--In,https://www.govinfo.gov/content/pkg/PLAW-117publ219/html/PLAW-117publ219.htm,needs_olrc_us_code_note_review,target_section_triage_not_codified_lineage_evidence,statutory_lineage_source_scan; govinfo_public_law_text_scan; target_section_candidate_triage,olrc_us_code_classification; codified_usc_lineage; target_section_diff; law_revision_effective_text; model_validation,Review target reference against OLRC/U.S. Code notes and capture codified target-section before/after text before treating this row as lineage evidence.,"Target-section triage derived from official public-law source scans only. Rows rank candidate U.S.C. targets for manual OLRC/codified-text review; they do not establish codified U.S.C. lineage, target-section text diffs, implementation outcomes, court review, welfare, causal effects, or model validation."
125,12,12,117-s-1941,117-219,31 USC 6309,direct_us_code_reference,2,1,0,0,0,amended by adding at the end the following: ``Sec. 6309. <<NOTE: 31 USC 6309.>> Non-propagation of core-based || ``Sec. 6309. <<NOTE: 31 USC 6309.>> Non-propagation of core-based,https://www.govinfo.gov/content/pkg/PLAW-117publ219/html/PLAW-117publ219.htm,needs_olrc_us_code_note_review,target_section_triage_not_codified_lineage_evidence,statutory_lineage_source_scan; govinfo_public_law_text_scan; target_section_candidate_triage,olrc_us_code_classification; codified_usc_lineage; target_section_diff; law_revision_effective_text; model_validation,Review target reference against OLRC/U.S. Code notes and capture codified target-section before/after text before treating this row as lineage evidence.,"Target-section triage derived from official public-law source scans only. Rows rank candidate U.S.C. targets for manual OLRC/codified-text review; they do not establish codified U.S.C. lineage, target-section text diffs, implementation outcomes, court review, welfare, causal effects, or model validation."
126,12,12,117-s-1941,117-219,31 USC 6101 note,direct_us_code_reference,1,0,0,0,0,SECTION 1. <<NOTE: 31 USC 6101 note.>> SHORT TITLE.,https://www.govinfo.gov/content/pkg/PLAW-117publ219/html/PLAW-117publ219.htm,needs_olrc_us_code_note_review,target_section_triage_not_codified_lineage_evidence,statutory_lineage_source_scan; govinfo_public_law_text_scan; target_section_candidate_triage,olrc_us_code_classification; codified_usc_lineage; target_section_diff; law_revision_effective_text; model_validation,Review target reference against OLRC/U.S. Code notes and capture codified target-section before/after text before treating this row as lineage evidence.,"Target-section triage derived from official public-law source scans only. Rows rank candidate U.S.C. targets for manual OLRC/codified-text review; they do not establish codified U.S.C. lineage, target-section text diffs, implementation outcomes, court review, welfare, causal effects, or model validation."
127,12,12,117-s-1941,117-219,31 USC 6102(a)(2),title_code_section_phrase,1,0,0,0,0,"(a) In General.--Section 6102(a)(2) of title 31, United States Code,",https://www.govinfo.gov/content/pkg/PLAW-117publ219/html/PLAW-117publ219.htm,needs_olrc_us_code_note_review,target_section_triage_not_codified_lineage_evidence,statutory_lineage_source_scan; govinfo_public_law_text_scan; target_section_candidate_triage,olrc_us_code_classification; codified_usc_lineage; target_section_diff; law_revision_effective_text; model_validation,Review target reference against OLRC/U.S. Code notes and capture codified target-section before/after text before treating this row as lineage evidence.,"Target-section triage derived from official public-law source scans only. Rows rank candidate U.S.C. targets for manual OLRC/codified-text review; they do not establish codified U.S.C. lineage, target-section text diffs, implementation outcomes, court review, welfare, causal effects, or model validation."
128,12,12,117-s-1941,117-219,31 USC 6301,direct_us_code_reference,1,0,0,0,0,"chapter 63 of title 31, United States Code, <<NOTE: 31 USC 6301 prec.>>",https://www.govinfo.gov/content/pkg/PLAW-117publ219/html/PLAW-117publ219.htm,needs_olrc_us_code_note_review,target_section_triage_not_codified_lineage_evidence,statutory_lineage_source_scan; govinfo_public_law_text_scan; target_section_candidate_triage,olrc_us_code_classification; codified_usc_lineage; target_section_diff; law_revision_effective_text; model_validation,Review target reference against OLRC/U.S. Code notes and capture codified target-section before/after text before treating this row as lineage evidence.,"Target-section triage derived from official public-law source scans only. Rows rank candidate U.S.C. targets for manual OLRC/codified-text review; they do not establish codified U.S.C. lineage, target-section text diffs, implementation outcomes, court review, welfare, causal effects, or model validation."
129,12,12,117-s-1941,117-219,44 USC 3504(e),title_code_section_phrase,1,1,0,0,0,"Section 3504(e) of title 44, United States Code, is amended by-- (1) in paragraph (8)(B)(ii), by striking ``and'' at the end",https://www.govinfo.gov/content/pkg/PLAW-117publ219/html/PLAW-117publ219.htm,needs_olrc_us_code_note_review,target_section_triage_not_codified_lineage_evidence,statutory_lineage_source_scan; govinfo_public_law_text_scan; target_section_candidate_triage,olrc_us_code_classification; codified_usc_lineage; target_section_diff; law_revision_effective_text; model_validation,Review target reference against OLRC/U.S. Code notes and capture codified target-section before/after text before treating this row as lineage evidence.,"Target-section triage derived from official public-law source scans only. Rows rank candidate U.S.C. targets for manual OLRC/codified-text review; they do not establish codified U.S.C. lineage, target-section text diffs, implementation outcomes, court review, welfare, causal effects, or model validation."
130,12,12,117-s-1941,117-219,5 USC 551,title_code_section_phrase,1,0,0,0,0,"term in section 551 of title 5, United States Code.",https://www.govinfo.gov/content/pkg/PLAW-117publ219/html/PLAW-117publ219.htm,needs_olrc_us_code_note_review,target_section_triage_not_codified_lineage_evidence,statutory_lineage_source_scan; govinfo_public_law_text_scan; target_section_candidate_triage,olrc_us_code_classification; codified_usc_lineage; target_section_diff; law_revision_effective_text; model_validation,Review target reference against OLRC/U.S. Code notes and capture codified target-section before/after text before treating this row as lineage evidence.,"Target-section triage derived from official public-law source scans only. Rows rank candidate U.S.C. targets for manual OLRC/codified-text review; they do not establish codified U.S.C. lineage, target-section text diffs, implementation outcomes, court review, welfare, causal effects, or model validation."
131,13,13,117-hr-7352,117-166,15 USC 631 note,direct_us_code_reference,1,0,0,0,0,SECTION 1. <<NOTE: 15 USC 631 note.>> SHORT TITLE.,https://www.govinfo.gov/content/pkg/PLAW-117publ166/html/PLAW-117publ166.htm,needs_olrc_us_code_note_review,target_section_triage_not_codified_lineage_evidence,statutory_lineage_source_scan; govinfo_public_law_text_scan; target_section_candidate_triage,olrc_us_code_classification; codified_usc_lineage; target_section_diff; law_revision_effective_text; model_validation,Review target reference against OLRC/U.S. Code notes and capture codified target-section before/after text before treating this row as lineage evidence.,"Target-section triage derived from official public-law source scans only. Rows rank candidate U.S.C. targets for manual OLRC/codified-text review; they do not establish codified U.S.C. lineage, target-section text diffs, implementation outcomes, court review, welfare, causal effects, or model validation."
132,13,13,117-hr-7352,117-166,15 USC 636(a)(36),direct_us_code_reference,1,1,0,0,0,Business Act (15 U.S.C. 636(a)(36)) is amended by adding at the end the following new subparagraph:,https://www.govinfo.gov/content/pkg/PLAW-117publ166/html/PLAW-117publ166.htm,needs_olrc_us_code_note_review,target_section_triage_not_codified_lineage_evidence,statutory_lineage_source_scan; govinfo_public_law_text_scan; target_section_candidate_triage,olrc_us_code_classification; codified_usc_lineage; target_section_diff; law_revision_effective_text; model_validation,Review target reference against OLRC/U.S. Code notes and capture codified target-section before/after text before treating this row as lineage evidence.,"Target-section triage derived from official public-law source scans only. Rows rank candidate U.S.C. targets for manual OLRC/codified-text review; they do not establish codified U.S.C. lineage, target-section text diffs, implementation outcomes, court review, welfare, causal effects, or model validation."
133,13,13,117-hr-7352,117-166,15 USC 636(a)(37),direct_us_code_reference,1,1,0,0,0,of the Small Business Act (15 U.S.C. 636(a)(37)) is amended by adding at the end the following new subparagraph:,https://www.govinfo.gov/content/pkg/PLAW-117publ166/html/PLAW-117publ166.htm,needs_olrc_us_code_note_review,target_section_triage_not_codified_lineage_evidence,statutory_lineage_source_scan; govinfo_public_law_text_scan; target_section_candidate_triage,olrc_us_code_classification; codified_usc_lineage; target_section_diff; law_revision_effective_text; model_validation,Review target reference against OLRC/U.S. Code notes and capture codified target-section before/after text before treating this row as lineage evidence.,"Target-section triage derived from official public-law source scans only. Rows rank candidate U.S.C. targets for manual OLRC/codified-text review; they do not establish codified U.S.C. lineage, target-section text diffs, implementation outcomes, court review, welfare, causal effects, or model validation."
134,14,5,117-hr-7925,117-238,NO_TARGET_REFERENCE_FROM_SOURCE_SCAN,no_structured_target,0,0,0,0,0,,https://www.govinfo.gov/content/pkg/PLAW-117publ238/html/PLAW-117publ238.htm,source_scan_has_no_structured_usc_target,target_section_triage_not_codified_lineage_evidence,statutory_lineage_source_scan; govinfo_public_law_text_scan; target_section_candidate_triage,olrc_us_code_classification; codified_usc_lineage; target_section_diff; law_revision_effective_text; model_validation,Review target reference against OLRC/U.S. Code notes and capture codified target-section before/after text before treating this row as lineage evidence.,"Target-section triage derived from official public-law source scans only. Rows rank candidate U.S.C. targets for manual OLRC/codified-text review; they do not establish codified U.S.C. lineage, target-section text diffs, implementation outcomes, court review, welfare, causal effects, or model validation."
135,15,13,117-hr-2472,117-269,NO_TARGET_REFERENCE_FROM_SOURCE_SCAN,no_structured_target,0,0,0,0,0,,https://www.govinfo.gov/content/pkg/PLAW-117publ269/html/PLAW-117publ269.htm,source_scan_has_no_structured_usc_target,target_section_triage_not_codified_lineage_evidence,statutory_lineage_source_scan; govinfo_public_law_text_scan; target_section_candidate_triage,olrc_us_code_classification; codified_usc_lineage; target_section_diff; law_revision_effective_text; model_validation,Review target reference against OLRC/U.S. Code notes and capture codified target-section before/after text before treating this row as lineage evidence.,"Target-section triage derived from official public-law source scans only. Rows rank candidate U.S.C. targets for manual OLRC/codified-text review; they do not establish codified U.S.C. lineage, target-section text diffs, implementation outcomes, court review, welfare, causal effects, or model validation."
