packet_expansion_rank,expansion_rank,completion_rank,triage_rank,source_scan_rank,bill_id,public_law_number,policy_area,target_reference,target_reference_type,codification_review_status,packet_gap_status,candidate_snippet_count,amendment_snippet_count,repeal_snippet_count,redesignation_snippet_count,incomplete_fragment_count,example_snippets,govinfo_text_url,complete_lineage_expansion_status,source_scan_target_candidate_count,triage_to_packet_gap_rows,remaining_completion_gates,next_packet_expansion_action,evidence_layers,missing_links,source_artifacts,claim_boundary
1,1,1,15,1,117-hr-1437,117-229,Economics and Public Finance,6 USC 1525,direct_us_code_reference,needs_olrc_us_code_note_review,triaged_reference_needs_olrc_target_review_packet,1,0,0,0,0,of the Federal Cybersecurity Enhancement Act of 2015 (6 U.S.C. 1525),https://www.govinfo.gov/content/pkg/PLAW-117publ229/html/PLAW-117publ229.htm,source_reviewed_target_diff_attribution_reviewed_candidate_expansion_open,50,1,complete_codified_usc_lineage_review; implementation_outcomes_or_enforcement; direct_target_section_court_review; welfare_or_public_benefit; model_validation,"Build an official OLRC pre/post target-review packet for this triaged reference, preserving annual URLs, source hashes, public-law context, and manual source-review disposition boundaries.",statutory_lineage_target_packet_expansion_queue; statutory_lineage_complete_lineage_expansion_queue; govinfo_public_law_text_scan; statutory_lineage_review_queue; bill_law_lifecycle_next_actions; bill_law_evidence_spine; bill_action_metadata; law_revision_text_proxy; official_olrc_public_law_marker_adjudication; official_olrc_post_only_public_law_marker; statutory_lineage_target_section_review_packet; statutory_lineage_target_section_diff_review; statutory_lineage_source_reviewed_target_section_diff; sponsor_district_public_opinion_metadata; sponsor_district_bill_policy_area_context; topic_throughput_policy_area; campaign_finance_sponsor_policy_area_context; lobbying_issue_bill_policy_area_context; official_lda_filing_text_bill_identifier; federal_register_authority_search_match; federal_register_authority_text_verified; federal_register_proposed_rule_history_match; proposed_rule_shared_identifier_match; proposed_rule_regulations_gov_comment_portal_metadata; federal_register_exposed_regulations_gov_comment_metadata; federal_register_final_effective_date_timing; federal_register_proposed_to_final_timing; court_review_usc_section_authority_overlap; scdb_law_minor_usc_section; statutory_lineage_source_scan; target_section_candidate_triage; statutory_lineage_olrc_historical_scan; official_olrc_annual_us_code_page; bounded_annual_text_diff_cue_scan; statutory_lineage_olrc_annual_text_diff; official_olrc_annual_us_code_text_diff; official_olrc_current_us_code_page; statutory_lineage_effective_text_source_review; official_govinfo_public_law_text_scan; statutory_lineage_public_law_attribution_review,olrc_pre_post_target_review_packet; source_reviewed_target_section_diff; law_revision_effective_text; public_law_causal_attribution; complete_codified_usc_lineage_review; implementation_outcomes_or_enforcement; direct_target_section_court_review; welfare_or_public_benefit; model_validation; bill_topic_public_opinion; codified_usc_lineage; complete_regulations_comments; full_bill_progression_census_overlap; unified_agenda_stage; direct_case_to_public_law_identifier; reviewed_case_disposition_to_public_law; acquired_bill_topic_survey_item_id; survey_item_crosswalk; MRP_or_small_area_estimate; bill_text_specific_affected_population_denominator; issue_specific_affected_group_support; affected_group_harm; public_benefit; causal_representation; direct_case_to_bill_identifier; emergency_order_dataset; lower_court_history; causal_invalidation_effect; implementation_outcome; direct_court_review_of_target_section; exact_target_reference_implementation_authority; exact_target_reference_court_overlap; source_reviewed_raw_scdb_target_section_disposition; implementation_outcomes; court_review; olrc_us_code_classification; target_section_diff; amended_section_identifier; source_reviewed_statutory_lineage; human_source_review_disposition; complete_target_reference_inventory; unreviewed_source_scan_candidate_references; reviewed_packet_disposition_context_for_complete_lineage,reports/statutory-lineage-complete-lineage-expansion-queue.csv; reports/statutory-lineage-target-section-triage.csv; reports/statutory-lineage-target-review-packets.csv; reports/statutory-lineage-source-scan.csv,"Target packet expansion queue only; rows identify already-triaged U.S.C. target references that are absent from the current OLRC target-review packet set. This artifact does not establish codified lineage, target-section text diffs, effective statutory text, public-law attribution, implementation outcomes, direct target-section court review, welfare evidence, causal effects, or model validation."
2,2,2,20,2,117-hr-5376,117-169,Economics and Public Finance,31 USC 1343(b),direct_us_code_reference,needs_olrc_us_code_note_review,triaged_reference_needs_olrc_target_review_packet,2,0,0,0,0,"hire passenger motor vehicles (31 U.S.C. 1343(b)), and to provide other services as || (31 U.S.C. 1343(b))",https://www.govinfo.gov/content/pkg/PLAW-117publ169/html/PLAW-117publ169.htm,source_reviewed_target_diff_attribution_reviewed_candidate_expansion_open,1005,4,complete_codified_usc_lineage_review; implementation_outcomes_or_enforcement; direct_target_section_court_review; welfare_or_public_benefit; model_validation,"Build an official OLRC pre/post target-review packet for this triaged reference, preserving annual URLs, source hashes, public-law context, and manual source-review disposition boundaries.",statutory_lineage_target_packet_expansion_queue; statutory_lineage_complete_lineage_expansion_queue; govinfo_public_law_text_scan; statutory_lineage_review_queue; bill_law_lifecycle_next_actions; bill_law_evidence_spine; bill_action_metadata; law_revision_text_proxy; official_olrc_public_law_marker_adjudication; official_olrc_post_only_public_law_marker; statutory_lineage_target_section_review_packet; statutory_lineage_target_section_diff_review; statutory_lineage_source_reviewed_target_section_diff; sponsor_district_public_opinion_metadata; sponsor_district_bill_policy_area_context; topic_throughput_policy_area; campaign_finance_sponsor_policy_area_context; lobbying_issue_bill_policy_area_context; official_lda_filing_text_bill_identifier; federal_register_authority_search_match; federal_register_authority_text_verified; federal_register_proposed_rule_history_match; proposed_rule_shared_identifier_match; proposed_rule_regulations_gov_comment_portal_metadata; federal_register_exposed_regulations_gov_comment_metadata; federal_register_final_effective_date_timing; federal_register_proposed_to_final_timing; court_review_usc_section_authority_overlap; scdb_law_minor_usc_section; statutory_lineage_source_scan; target_section_candidate_triage; statutory_lineage_olrc_historical_scan; official_olrc_annual_us_code_page; bounded_annual_text_diff_cue_scan; statutory_lineage_olrc_annual_text_diff; official_olrc_annual_us_code_text_diff; official_olrc_current_us_code_page; statutory_lineage_effective_text_source_review; official_govinfo_public_law_text_scan; statutory_lineage_public_law_attribution_review,olrc_pre_post_target_review_packet; source_reviewed_target_section_diff; law_revision_effective_text; public_law_causal_attribution; complete_codified_usc_lineage_review; implementation_outcomes_or_enforcement; direct_target_section_court_review; welfare_or_public_benefit; model_validation; bill_topic_public_opinion; codified_usc_lineage; complete_regulations_comments; full_bill_progression_census_overlap; unified_agenda_stage; direct_case_to_public_law_identifier; reviewed_case_disposition_to_public_law; acquired_bill_topic_survey_item_id; survey_item_crosswalk; MRP_or_small_area_estimate; bill_text_specific_affected_population_denominator; issue_specific_affected_group_support; affected_group_harm; public_benefit; causal_representation; direct_case_to_bill_identifier; emergency_order_dataset; lower_court_history; causal_invalidation_effect; implementation_outcome; direct_court_review_of_target_section; exact_target_reference_implementation_authority; exact_target_reference_court_overlap; implementation_outcomes; court_review; olrc_us_code_classification; target_section_diff; amended_section_identifier; source_reviewed_statutory_lineage; complete_target_reference_inventory; unreviewed_source_scan_candidate_references,reports/statutory-lineage-complete-lineage-expansion-queue.csv; reports/statutory-lineage-target-section-triage.csv; reports/statutory-lineage-target-review-packets.csv; reports/statutory-lineage-source-scan.csv,"Target packet expansion queue only; rows identify already-triaged U.S.C. target references that are absent from the current OLRC target-review packet set. This artifact does not establish codified lineage, target-section text diffs, effective statutory text, public-law attribution, implementation outcomes, direct target-section court review, welfare evidence, causal effects, or model validation."
3,2,2,23,2,117-hr-5376,117-169,Economics and Public Finance,26 USC 4001,direct_us_code_reference,needs_olrc_us_code_note_review,triaged_reference_needs_olrc_target_review_packet,1,1,0,0,0,is <<NOTE: 26 USC 4001 prec.>> amended by inserting after the item relating to chapter 36 the following new item:,https://www.govinfo.gov/content/pkg/PLAW-117publ169/html/PLAW-117publ169.htm,source_reviewed_target_diff_attribution_reviewed_candidate_expansion_open,1005,4,complete_codified_usc_lineage_review; implementation_outcomes_or_enforcement; direct_target_section_court_review; welfare_or_public_benefit; model_validation,"Build an official OLRC pre/post target-review packet for this triaged reference, preserving annual URLs, source hashes, public-law context, and manual source-review disposition boundaries.",statutory_lineage_target_packet_expansion_queue; statutory_lineage_complete_lineage_expansion_queue; govinfo_public_law_text_scan; statutory_lineage_review_queue; bill_law_lifecycle_next_actions; bill_law_evidence_spine; bill_action_metadata; law_revision_text_proxy; official_olrc_public_law_marker_adjudication; official_olrc_post_only_public_law_marker; statutory_lineage_target_section_review_packet; statutory_lineage_target_section_diff_review; statutory_lineage_source_reviewed_target_section_diff; sponsor_district_public_opinion_metadata; sponsor_district_bill_policy_area_context; topic_throughput_policy_area; campaign_finance_sponsor_policy_area_context; lobbying_issue_bill_policy_area_context; official_lda_filing_text_bill_identifier; federal_register_authority_search_match; federal_register_authority_text_verified; federal_register_proposed_rule_history_match; proposed_rule_shared_identifier_match; proposed_rule_regulations_gov_comment_portal_metadata; federal_register_exposed_regulations_gov_comment_metadata; federal_register_final_effective_date_timing; federal_register_proposed_to_final_timing; court_review_usc_section_authority_overlap; scdb_law_minor_usc_section; statutory_lineage_source_scan; target_section_candidate_triage; statutory_lineage_olrc_historical_scan; official_olrc_annual_us_code_page; bounded_annual_text_diff_cue_scan; statutory_lineage_olrc_annual_text_diff; official_olrc_annual_us_code_text_diff; official_olrc_current_us_code_page; statutory_lineage_effective_text_source_review; official_govinfo_public_law_text_scan; statutory_lineage_public_law_attribution_review,olrc_pre_post_target_review_packet; source_reviewed_target_section_diff; law_revision_effective_text; public_law_causal_attribution; complete_codified_usc_lineage_review; implementation_outcomes_or_enforcement; direct_target_section_court_review; welfare_or_public_benefit; model_validation; bill_topic_public_opinion; codified_usc_lineage; complete_regulations_comments; full_bill_progression_census_overlap; unified_agenda_stage; direct_case_to_public_law_identifier; reviewed_case_disposition_to_public_law; acquired_bill_topic_survey_item_id; survey_item_crosswalk; MRP_or_small_area_estimate; bill_text_specific_affected_population_denominator; issue_specific_affected_group_support; affected_group_harm; public_benefit; causal_representation; direct_case_to_bill_identifier; emergency_order_dataset; lower_court_history; causal_invalidation_effect; implementation_outcome; direct_court_review_of_target_section; exact_target_reference_implementation_authority; exact_target_reference_court_overlap; implementation_outcomes; court_review; olrc_us_code_classification; target_section_diff; amended_section_identifier; source_reviewed_statutory_lineage; complete_target_reference_inventory; unreviewed_source_scan_candidate_references,reports/statutory-lineage-complete-lineage-expansion-queue.csv; reports/statutory-lineage-target-section-triage.csv; reports/statutory-lineage-target-review-packets.csv; reports/statutory-lineage-source-scan.csv,"Target packet expansion queue only; rows identify already-triaged U.S.C. target references that are absent from the current OLRC target-review packet set. This artifact does not establish codified lineage, target-section text diffs, effective statutory text, public-law attribution, implementation outcomes, direct target-section court review, welfare evidence, causal effects, or model validation."
4,2,2,26,2,117-hr-5376,117-169,Economics and Public Finance,43 USC 1606(i),direct_us_code_reference,needs_olrc_us_code_note_review,triaged_reference_needs_olrc_target_review_packet,1,0,0,0,0,to section 7(i) or section 7(j) of such Act (43 U.S.C. 1606(i) and 1606(j)) only at such time as the deductions,https://www.govinfo.gov/content/pkg/PLAW-117publ169/html/PLAW-117publ169.htm,source_reviewed_target_diff_attribution_reviewed_candidate_expansion_open,1005,4,complete_codified_usc_lineage_review; implementation_outcomes_or_enforcement; direct_target_section_court_review; welfare_or_public_benefit; model_validation,"Build an official OLRC pre/post target-review packet for this triaged reference, preserving annual URLs, source hashes, public-law context, and manual source-review disposition boundaries.",statutory_lineage_target_packet_expansion_queue; statutory_lineage_complete_lineage_expansion_queue; govinfo_public_law_text_scan; statutory_lineage_review_queue; bill_law_lifecycle_next_actions; bill_law_evidence_spine; bill_action_metadata; law_revision_text_proxy; official_olrc_public_law_marker_adjudication; official_olrc_post_only_public_law_marker; statutory_lineage_target_section_review_packet; statutory_lineage_target_section_diff_review; statutory_lineage_source_reviewed_target_section_diff; sponsor_district_public_opinion_metadata; sponsor_district_bill_policy_area_context; topic_throughput_policy_area; campaign_finance_sponsor_policy_area_context; lobbying_issue_bill_policy_area_context; official_lda_filing_text_bill_identifier; federal_register_authority_search_match; federal_register_authority_text_verified; federal_register_proposed_rule_history_match; proposed_rule_shared_identifier_match; proposed_rule_regulations_gov_comment_portal_metadata; federal_register_exposed_regulations_gov_comment_metadata; federal_register_final_effective_date_timing; federal_register_proposed_to_final_timing; court_review_usc_section_authority_overlap; scdb_law_minor_usc_section; statutory_lineage_source_scan; target_section_candidate_triage; statutory_lineage_olrc_historical_scan; official_olrc_annual_us_code_page; bounded_annual_text_diff_cue_scan; statutory_lineage_olrc_annual_text_diff; official_olrc_annual_us_code_text_diff; official_olrc_current_us_code_page; statutory_lineage_effective_text_source_review; official_govinfo_public_law_text_scan; statutory_lineage_public_law_attribution_review,olrc_pre_post_target_review_packet; source_reviewed_target_section_diff; law_revision_effective_text; public_law_causal_attribution; complete_codified_usc_lineage_review; implementation_outcomes_or_enforcement; direct_target_section_court_review; welfare_or_public_benefit; model_validation; bill_topic_public_opinion; codified_usc_lineage; complete_regulations_comments; full_bill_progression_census_overlap; unified_agenda_stage; direct_case_to_public_law_identifier; reviewed_case_disposition_to_public_law; acquired_bill_topic_survey_item_id; survey_item_crosswalk; MRP_or_small_area_estimate; bill_text_specific_affected_population_denominator; issue_specific_affected_group_support; affected_group_harm; public_benefit; causal_representation; direct_case_to_bill_identifier; emergency_order_dataset; lower_court_history; causal_invalidation_effect; implementation_outcome; direct_court_review_of_target_section; exact_target_reference_implementation_authority; exact_target_reference_court_overlap; implementation_outcomes; court_review; olrc_us_code_classification; target_section_diff; amended_section_identifier; source_reviewed_statutory_lineage; complete_target_reference_inventory; unreviewed_source_scan_candidate_references,reports/statutory-lineage-complete-lineage-expansion-queue.csv; reports/statutory-lineage-target-section-triage.csv; reports/statutory-lineage-target-review-packets.csv; reports/statutory-lineage-source-scan.csv,"Target packet expansion queue only; rows identify already-triaged U.S.C. target references that are absent from the current OLRC target-review packet set. This artifact does not establish codified lineage, target-section text diffs, effective statutory text, public-law attribution, implementation outcomes, direct target-section court review, welfare evidence, causal effects, or model validation."
5,2,2,27,2,117-hr-5376,117-169,Economics and Public Finance,5 USC 3109,direct_us_code_reference,needs_olrc_us_code_note_review,triaged_reference_needs_olrc_target_review_packet,1,0,0,0,0,"authorized by 5 U.S.C. 3109, at such rates as may",https://www.govinfo.gov/content/pkg/PLAW-117publ169/html/PLAW-117publ169.htm,source_reviewed_target_diff_attribution_reviewed_candidate_expansion_open,1005,4,complete_codified_usc_lineage_review; implementation_outcomes_or_enforcement; direct_target_section_court_review; welfare_or_public_benefit; model_validation,"Build an official OLRC pre/post target-review packet for this triaged reference, preserving annual URLs, source hashes, public-law context, and manual source-review disposition boundaries.",statutory_lineage_target_packet_expansion_queue; statutory_lineage_complete_lineage_expansion_queue; govinfo_public_law_text_scan; statutory_lineage_review_queue; bill_law_lifecycle_next_actions; bill_law_evidence_spine; bill_action_metadata; law_revision_text_proxy; official_olrc_public_law_marker_adjudication; official_olrc_post_only_public_law_marker; statutory_lineage_target_section_review_packet; statutory_lineage_target_section_diff_review; statutory_lineage_source_reviewed_target_section_diff; sponsor_district_public_opinion_metadata; sponsor_district_bill_policy_area_context; topic_throughput_policy_area; campaign_finance_sponsor_policy_area_context; lobbying_issue_bill_policy_area_context; official_lda_filing_text_bill_identifier; federal_register_authority_search_match; federal_register_authority_text_verified; federal_register_proposed_rule_history_match; proposed_rule_shared_identifier_match; proposed_rule_regulations_gov_comment_portal_metadata; federal_register_exposed_regulations_gov_comment_metadata; federal_register_final_effective_date_timing; federal_register_proposed_to_final_timing; court_review_usc_section_authority_overlap; scdb_law_minor_usc_section; statutory_lineage_source_scan; target_section_candidate_triage; statutory_lineage_olrc_historical_scan; official_olrc_annual_us_code_page; bounded_annual_text_diff_cue_scan; statutory_lineage_olrc_annual_text_diff; official_olrc_annual_us_code_text_diff; official_olrc_current_us_code_page; statutory_lineage_effective_text_source_review; official_govinfo_public_law_text_scan; statutory_lineage_public_law_attribution_review,olrc_pre_post_target_review_packet; source_reviewed_target_section_diff; law_revision_effective_text; public_law_causal_attribution; complete_codified_usc_lineage_review; implementation_outcomes_or_enforcement; direct_target_section_court_review; welfare_or_public_benefit; model_validation; bill_topic_public_opinion; codified_usc_lineage; complete_regulations_comments; full_bill_progression_census_overlap; unified_agenda_stage; direct_case_to_public_law_identifier; reviewed_case_disposition_to_public_law; acquired_bill_topic_survey_item_id; survey_item_crosswalk; MRP_or_small_area_estimate; bill_text_specific_affected_population_denominator; issue_specific_affected_group_support; affected_group_harm; public_benefit; causal_representation; direct_case_to_bill_identifier; emergency_order_dataset; lower_court_history; causal_invalidation_effect; implementation_outcome; direct_court_review_of_target_section; exact_target_reference_implementation_authority; exact_target_reference_court_overlap; implementation_outcomes; court_review; olrc_us_code_classification; target_section_diff; amended_section_identifier; source_reviewed_statutory_lineage; complete_target_reference_inventory; unreviewed_source_scan_candidate_references,reports/statutory-lineage-complete-lineage-expansion-queue.csv; reports/statutory-lineage-target-section-triage.csv; reports/statutory-lineage-target-review-packets.csv; reports/statutory-lineage-source-scan.csv,"Target packet expansion queue only; rows identify already-triaged U.S.C. target references that are absent from the current OLRC target-review packet set. This artifact does not establish codified lineage, target-section text diffs, effective statutory text, public-law attribution, implementation outcomes, direct target-section court review, welfare evidence, causal effects, or model validation."
6,3,3,29,3,117-hr-6833,117-180,Economics and Public Finance,10 USC 714(b)(2)(B),title_code_section_phrase,needs_olrc_us_code_note_review,triaged_reference_needs_olrc_target_review_packet,1,0,0,0,0,"Act, section 714(b)(2)(B) of title 10, United States Code, shall be",https://www.govinfo.gov/content/pkg/PLAW-117publ180/html/PLAW-117publ180.htm,source_reviewed_target_diff_attribution_reviewed_candidate_expansion_open,320,28,complete_codified_usc_lineage_review; implementation_outcomes_or_enforcement; direct_target_section_court_review; welfare_or_public_benefit; model_validation,"Build an official OLRC pre/post target-review packet for this triaged reference, preserving annual URLs, source hashes, public-law context, and manual source-review disposition boundaries.",statutory_lineage_target_packet_expansion_queue; statutory_lineage_complete_lineage_expansion_queue; govinfo_public_law_text_scan; statutory_lineage_review_queue; bill_law_lifecycle_next_actions; bill_law_evidence_spine; bill_action_metadata; law_revision_text_proxy; official_olrc_public_law_marker_adjudication; official_olrc_post_only_public_law_marker; statutory_lineage_target_section_review_packet; statutory_lineage_target_section_diff_review; statutory_lineage_source_reviewed_target_section_diff; sponsor_district_public_opinion_metadata; sponsor_district_bill_policy_area_context; topic_throughput_policy_area; campaign_finance_sponsor_policy_area_context; lobbying_issue_bill_policy_area_context; official_lda_filing_text_bill_identifier; federal_register_authority_search_match; federal_register_authority_text_verified; federal_register_proposed_rule_history_match; proposed_rule_shared_identifier_match; proposed_rule_regulations_gov_comment_portal_metadata; federal_register_exposed_regulations_gov_comment_metadata; federal_register_final_effective_date_timing; federal_register_proposed_to_final_timing; court_review_usc_section_authority_overlap; scdb_law_minor_usc_section; statutory_lineage_source_scan; target_section_candidate_triage; statutory_lineage_olrc_historical_scan; official_olrc_annual_us_code_page; bounded_annual_text_diff_cue_scan; statutory_lineage_olrc_annual_text_diff; official_olrc_annual_us_code_text_diff; official_olrc_current_us_code_page; statutory_lineage_effective_text_source_review; official_govinfo_public_law_text_scan; statutory_lineage_public_law_attribution_review,olrc_pre_post_target_review_packet; source_reviewed_target_section_diff; law_revision_effective_text; public_law_causal_attribution; complete_codified_usc_lineage_review; implementation_outcomes_or_enforcement; direct_target_section_court_review; welfare_or_public_benefit; model_validation; bill_topic_public_opinion; codified_usc_lineage; complete_regulations_comments; full_bill_progression_census_overlap; unified_agenda_stage; direct_case_to_public_law_identifier; reviewed_case_disposition_to_public_law; acquired_bill_topic_survey_item_id; survey_item_crosswalk; MRP_or_small_area_estimate; bill_text_specific_affected_population_denominator; issue_specific_affected_group_support; affected_group_harm; public_benefit; causal_representation; direct_case_to_bill_identifier; emergency_order_dataset; lower_court_history; causal_invalidation_effect; implementation_outcome; direct_court_review_of_target_section; exact_target_reference_implementation_authority; exact_target_reference_court_overlap; source_reviewed_raw_scdb_target_section_disposition; implementation_outcomes; court_review; olrc_us_code_classification; target_section_diff; amended_section_identifier; source_reviewed_statutory_lineage; human_source_review_disposition; complete_target_reference_inventory; unreviewed_source_scan_candidate_references; reviewed_packet_disposition_context_for_complete_lineage,reports/statutory-lineage-complete-lineage-expansion-queue.csv; reports/statutory-lineage-target-section-triage.csv; reports/statutory-lineage-target-review-packets.csv; reports/statutory-lineage-source-scan.csv,"Target packet expansion queue only; rows identify already-triaged U.S.C. target references that are absent from the current OLRC target-review packet set. This artifact does not establish codified lineage, target-section text diffs, effective statutory text, public-law attribution, implementation outcomes, direct target-section court review, welfare evidence, causal effects, or model validation."
7,3,3,30,3,117-hr-6833,117-180,Economics and Public Finance,12 USC 1715z-1,direct_us_code_reference,needs_olrc_us_code_note_review,triaged_reference_needs_olrc_target_review_packet,1,0,0,0,0,authorized under section 236 of the National Housing Act (12 U.S.C. 1715z-1).,https://www.govinfo.gov/content/pkg/PLAW-117publ180/html/PLAW-117publ180.htm,source_reviewed_target_diff_attribution_reviewed_candidate_expansion_open,320,28,complete_codified_usc_lineage_review; implementation_outcomes_or_enforcement; direct_target_section_court_review; welfare_or_public_benefit; model_validation,"Build an official OLRC pre/post target-review packet for this triaged reference, preserving annual URLs, source hashes, public-law context, and manual source-review disposition boundaries.",statutory_lineage_target_packet_expansion_queue; statutory_lineage_complete_lineage_expansion_queue; govinfo_public_law_text_scan; statutory_lineage_review_queue; bill_law_lifecycle_next_actions; bill_law_evidence_spine; bill_action_metadata; law_revision_text_proxy; official_olrc_public_law_marker_adjudication; official_olrc_post_only_public_law_marker; statutory_lineage_target_section_review_packet; statutory_lineage_target_section_diff_review; statutory_lineage_source_reviewed_target_section_diff; sponsor_district_public_opinion_metadata; sponsor_district_bill_policy_area_context; topic_throughput_policy_area; campaign_finance_sponsor_policy_area_context; lobbying_issue_bill_policy_area_context; official_lda_filing_text_bill_identifier; federal_register_authority_search_match; federal_register_authority_text_verified; federal_register_proposed_rule_history_match; proposed_rule_shared_identifier_match; proposed_rule_regulations_gov_comment_portal_metadata; federal_register_exposed_regulations_gov_comment_metadata; federal_register_final_effective_date_timing; federal_register_proposed_to_final_timing; court_review_usc_section_authority_overlap; scdb_law_minor_usc_section; statutory_lineage_source_scan; target_section_candidate_triage; statutory_lineage_olrc_historical_scan; official_olrc_annual_us_code_page; bounded_annual_text_diff_cue_scan; statutory_lineage_olrc_annual_text_diff; official_olrc_annual_us_code_text_diff; official_olrc_current_us_code_page; statutory_lineage_effective_text_source_review; official_govinfo_public_law_text_scan; statutory_lineage_public_law_attribution_review,olrc_pre_post_target_review_packet; source_reviewed_target_section_diff; law_revision_effective_text; public_law_causal_attribution; complete_codified_usc_lineage_review; implementation_outcomes_or_enforcement; direct_target_section_court_review; welfare_or_public_benefit; model_validation; bill_topic_public_opinion; codified_usc_lineage; complete_regulations_comments; full_bill_progression_census_overlap; unified_agenda_stage; direct_case_to_public_law_identifier; reviewed_case_disposition_to_public_law; acquired_bill_topic_survey_item_id; survey_item_crosswalk; MRP_or_small_area_estimate; bill_text_specific_affected_population_denominator; issue_specific_affected_group_support; affected_group_harm; public_benefit; causal_representation; direct_case_to_bill_identifier; emergency_order_dataset; lower_court_history; causal_invalidation_effect; implementation_outcome; direct_court_review_of_target_section; exact_target_reference_implementation_authority; exact_target_reference_court_overlap; source_reviewed_raw_scdb_target_section_disposition; implementation_outcomes; court_review; olrc_us_code_classification; target_section_diff; amended_section_identifier; source_reviewed_statutory_lineage; human_source_review_disposition; complete_target_reference_inventory; unreviewed_source_scan_candidate_references; reviewed_packet_disposition_context_for_complete_lineage,reports/statutory-lineage-complete-lineage-expansion-queue.csv; reports/statutory-lineage-target-section-triage.csv; reports/statutory-lineage-target-review-packets.csv; reports/statutory-lineage-source-scan.csv,"Target packet expansion queue only; rows identify already-triaged U.S.C. target references that are absent from the current OLRC target-review packet set. This artifact does not establish codified lineage, target-section text diffs, effective statutory text, public-law attribution, implementation outcomes, direct target-section court review, welfare evidence, causal effects, or model validation."
8,3,3,31,3,117-hr-6833,117-180,Economics and Public Finance,12 USC 1715z-13b,direct_us_code_reference,needs_olrc_us_code_note_review,triaged_reference_needs_olrc_target_review_packet,1,0,0,0,0,of the Housing and Community Development Act of 1992 (12 U.S.C. 1715z-13b).,https://www.govinfo.gov/content/pkg/PLAW-117publ180/html/PLAW-117publ180.htm,source_reviewed_target_diff_attribution_reviewed_candidate_expansion_open,320,28,complete_codified_usc_lineage_review; implementation_outcomes_or_enforcement; direct_target_section_court_review; welfare_or_public_benefit; model_validation,"Build an official OLRC pre/post target-review packet for this triaged reference, preserving annual URLs, source hashes, public-law context, and manual source-review disposition boundaries.",statutory_lineage_target_packet_expansion_queue; statutory_lineage_complete_lineage_expansion_queue; govinfo_public_law_text_scan; statutory_lineage_review_queue; bill_law_lifecycle_next_actions; bill_law_evidence_spine; bill_action_metadata; law_revision_text_proxy; official_olrc_public_law_marker_adjudication; official_olrc_post_only_public_law_marker; statutory_lineage_target_section_review_packet; statutory_lineage_target_section_diff_review; statutory_lineage_source_reviewed_target_section_diff; sponsor_district_public_opinion_metadata; sponsor_district_bill_policy_area_context; topic_throughput_policy_area; campaign_finance_sponsor_policy_area_context; lobbying_issue_bill_policy_area_context; official_lda_filing_text_bill_identifier; federal_register_authority_search_match; federal_register_authority_text_verified; federal_register_proposed_rule_history_match; proposed_rule_shared_identifier_match; proposed_rule_regulations_gov_comment_portal_metadata; federal_register_exposed_regulations_gov_comment_metadata; federal_register_final_effective_date_timing; federal_register_proposed_to_final_timing; court_review_usc_section_authority_overlap; scdb_law_minor_usc_section; statutory_lineage_source_scan; target_section_candidate_triage; statutory_lineage_olrc_historical_scan; official_olrc_annual_us_code_page; bounded_annual_text_diff_cue_scan; statutory_lineage_olrc_annual_text_diff; official_olrc_annual_us_code_text_diff; official_olrc_current_us_code_page; statutory_lineage_effective_text_source_review; official_govinfo_public_law_text_scan; statutory_lineage_public_law_attribution_review,olrc_pre_post_target_review_packet; source_reviewed_target_section_diff; law_revision_effective_text; public_law_causal_attribution; complete_codified_usc_lineage_review; implementation_outcomes_or_enforcement; direct_target_section_court_review; welfare_or_public_benefit; model_validation; bill_topic_public_opinion; codified_usc_lineage; complete_regulations_comments; full_bill_progression_census_overlap; unified_agenda_stage; direct_case_to_public_law_identifier; reviewed_case_disposition_to_public_law; acquired_bill_topic_survey_item_id; survey_item_crosswalk; MRP_or_small_area_estimate; bill_text_specific_affected_population_denominator; issue_specific_affected_group_support; affected_group_harm; public_benefit; causal_representation; direct_case_to_bill_identifier; emergency_order_dataset; lower_court_history; causal_invalidation_effect; implementation_outcome; direct_court_review_of_target_section; exact_target_reference_implementation_authority; exact_target_reference_court_overlap; source_reviewed_raw_scdb_target_section_disposition; implementation_outcomes; court_review; olrc_us_code_classification; target_section_diff; amended_section_identifier; source_reviewed_statutory_lineage; human_source_review_disposition; complete_target_reference_inventory; unreviewed_source_scan_candidate_references; reviewed_packet_disposition_context_for_complete_lineage,reports/statutory-lineage-complete-lineage-expansion-queue.csv; reports/statutory-lineage-target-section-triage.csv; reports/statutory-lineage-target-review-packets.csv; reports/statutory-lineage-source-scan.csv,"Target packet expansion queue only; rows identify already-triaged U.S.C. target references that are absent from the current OLRC target-review packet set. This artifact does not establish codified lineage, target-section text diffs, effective statutory text, public-law attribution, implementation outcomes, direct target-section court review, welfare evidence, causal effects, or model validation."
9,3,3,32,3,117-hr-6833,117-180,Economics and Public Finance,15 USC 634(g),direct_us_code_reference,needs_olrc_us_code_note_review,triaged_reference_needs_olrc_target_review_packet,1,0,0,0,0,"by section 5(g) of the Small Business Act (15 U.S.C. 634(g)), for",https://www.govinfo.gov/content/pkg/PLAW-117publ180/html/PLAW-117publ180.htm,source_reviewed_target_diff_attribution_reviewed_candidate_expansion_open,320,28,complete_codified_usc_lineage_review; implementation_outcomes_or_enforcement; direct_target_section_court_review; welfare_or_public_benefit; model_validation,"Build an official OLRC pre/post target-review packet for this triaged reference, preserving annual URLs, source hashes, public-law context, and manual source-review disposition boundaries.",statutory_lineage_target_packet_expansion_queue; statutory_lineage_complete_lineage_expansion_queue; govinfo_public_law_text_scan; statutory_lineage_review_queue; bill_law_lifecycle_next_actions; bill_law_evidence_spine; bill_action_metadata; law_revision_text_proxy; official_olrc_public_law_marker_adjudication; official_olrc_post_only_public_law_marker; statutory_lineage_target_section_review_packet; statutory_lineage_target_section_diff_review; statutory_lineage_source_reviewed_target_section_diff; sponsor_district_public_opinion_metadata; sponsor_district_bill_policy_area_context; topic_throughput_policy_area; campaign_finance_sponsor_policy_area_context; lobbying_issue_bill_policy_area_context; official_lda_filing_text_bill_identifier; federal_register_authority_search_match; federal_register_authority_text_verified; federal_register_proposed_rule_history_match; proposed_rule_shared_identifier_match; proposed_rule_regulations_gov_comment_portal_metadata; federal_register_exposed_regulations_gov_comment_metadata; federal_register_final_effective_date_timing; federal_register_proposed_to_final_timing; court_review_usc_section_authority_overlap; scdb_law_minor_usc_section; statutory_lineage_source_scan; target_section_candidate_triage; statutory_lineage_olrc_historical_scan; official_olrc_annual_us_code_page; bounded_annual_text_diff_cue_scan; statutory_lineage_olrc_annual_text_diff; official_olrc_annual_us_code_text_diff; official_olrc_current_us_code_page; statutory_lineage_effective_text_source_review; official_govinfo_public_law_text_scan; statutory_lineage_public_law_attribution_review,olrc_pre_post_target_review_packet; source_reviewed_target_section_diff; law_revision_effective_text; public_law_causal_attribution; complete_codified_usc_lineage_review; implementation_outcomes_or_enforcement; direct_target_section_court_review; welfare_or_public_benefit; model_validation; bill_topic_public_opinion; codified_usc_lineage; complete_regulations_comments; full_bill_progression_census_overlap; unified_agenda_stage; direct_case_to_public_law_identifier; reviewed_case_disposition_to_public_law; acquired_bill_topic_survey_item_id; survey_item_crosswalk; MRP_or_small_area_estimate; bill_text_specific_affected_population_denominator; issue_specific_affected_group_support; affected_group_harm; public_benefit; causal_representation; direct_case_to_bill_identifier; emergency_order_dataset; lower_court_history; causal_invalidation_effect; implementation_outcome; direct_court_review_of_target_section; exact_target_reference_implementation_authority; exact_target_reference_court_overlap; source_reviewed_raw_scdb_target_section_disposition; implementation_outcomes; court_review; olrc_us_code_classification; target_section_diff; amended_section_identifier; source_reviewed_statutory_lineage; human_source_review_disposition; complete_target_reference_inventory; unreviewed_source_scan_candidate_references; reviewed_packet_disposition_context_for_complete_lineage,reports/statutory-lineage-complete-lineage-expansion-queue.csv; reports/statutory-lineage-target-section-triage.csv; reports/statutory-lineage-target-review-packets.csv; reports/statutory-lineage-source-scan.csv,"Target packet expansion queue only; rows identify already-triaged U.S.C. target references that are absent from the current OLRC target-review packet set. This artifact does not establish codified lineage, target-section text diffs, effective statutory text, public-law attribution, implementation outcomes, direct target-section court review, welfare evidence, causal effects, or model validation."
10,3,3,33,3,117-hr-6833,117-180,Economics and Public Finance,15 USC 636(a),direct_us_code_reference,needs_olrc_us_code_note_review,triaged_reference_needs_olrc_target_review_packet,1,0,0,0,0,"Act (15 U.S.C. 636(a)), for guarantees of trust certificates authorized",https://www.govinfo.gov/content/pkg/PLAW-117publ180/html/PLAW-117publ180.htm,source_reviewed_target_diff_attribution_reviewed_candidate_expansion_open,320,28,complete_codified_usc_lineage_review; implementation_outcomes_or_enforcement; direct_target_section_court_review; welfare_or_public_benefit; model_validation,"Build an official OLRC pre/post target-review packet for this triaged reference, preserving annual URLs, source hashes, public-law context, and manual source-review disposition boundaries.",statutory_lineage_target_packet_expansion_queue; statutory_lineage_complete_lineage_expansion_queue; govinfo_public_law_text_scan; statutory_lineage_review_queue; bill_law_lifecycle_next_actions; bill_law_evidence_spine; bill_action_metadata; law_revision_text_proxy; official_olrc_public_law_marker_adjudication; official_olrc_post_only_public_law_marker; statutory_lineage_target_section_review_packet; statutory_lineage_target_section_diff_review; statutory_lineage_source_reviewed_target_section_diff; sponsor_district_public_opinion_metadata; sponsor_district_bill_policy_area_context; topic_throughput_policy_area; campaign_finance_sponsor_policy_area_context; lobbying_issue_bill_policy_area_context; official_lda_filing_text_bill_identifier; federal_register_authority_search_match; federal_register_authority_text_verified; federal_register_proposed_rule_history_match; proposed_rule_shared_identifier_match; proposed_rule_regulations_gov_comment_portal_metadata; federal_register_exposed_regulations_gov_comment_metadata; federal_register_final_effective_date_timing; federal_register_proposed_to_final_timing; court_review_usc_section_authority_overlap; scdb_law_minor_usc_section; statutory_lineage_source_scan; target_section_candidate_triage; statutory_lineage_olrc_historical_scan; official_olrc_annual_us_code_page; bounded_annual_text_diff_cue_scan; statutory_lineage_olrc_annual_text_diff; official_olrc_annual_us_code_text_diff; official_olrc_current_us_code_page; statutory_lineage_effective_text_source_review; official_govinfo_public_law_text_scan; statutory_lineage_public_law_attribution_review,olrc_pre_post_target_review_packet; source_reviewed_target_section_diff; law_revision_effective_text; public_law_causal_attribution; complete_codified_usc_lineage_review; implementation_outcomes_or_enforcement; direct_target_section_court_review; welfare_or_public_benefit; model_validation; bill_topic_public_opinion; codified_usc_lineage; complete_regulations_comments; full_bill_progression_census_overlap; unified_agenda_stage; direct_case_to_public_law_identifier; reviewed_case_disposition_to_public_law; acquired_bill_topic_survey_item_id; survey_item_crosswalk; MRP_or_small_area_estimate; bill_text_specific_affected_population_denominator; issue_specific_affected_group_support; affected_group_harm; public_benefit; causal_representation; direct_case_to_bill_identifier; emergency_order_dataset; lower_court_history; causal_invalidation_effect; implementation_outcome; direct_court_review_of_target_section; exact_target_reference_implementation_authority; exact_target_reference_court_overlap; source_reviewed_raw_scdb_target_section_disposition; implementation_outcomes; court_review; olrc_us_code_classification; target_section_diff; amended_section_identifier; source_reviewed_statutory_lineage; human_source_review_disposition; complete_target_reference_inventory; unreviewed_source_scan_candidate_references; reviewed_packet_disposition_context_for_complete_lineage,reports/statutory-lineage-complete-lineage-expansion-queue.csv; reports/statutory-lineage-target-section-triage.csv; reports/statutory-lineage-target-review-packets.csv; reports/statutory-lineage-source-scan.csv,"Target packet expansion queue only; rows identify already-triaged U.S.C. target references that are absent from the current OLRC target-review packet set. This artifact does not establish codified lineage, target-section text diffs, effective statutory text, public-law attribution, implementation outcomes, direct target-section court review, welfare evidence, causal effects, or model validation."
11,3,3,34,3,117-hr-6833,117-180,Economics and Public Finance,15 USC 657f,direct_us_code_reference,needs_olrc_us_code_note_review,triaged_reference_needs_olrc_target_review_packet,1,0,0,0,0,required by section 36 of the Small Business Act (15 U.S.C. 657f) and,https://www.govinfo.gov/content/pkg/PLAW-117publ180/html/PLAW-117publ180.htm,source_reviewed_target_diff_attribution_reviewed_candidate_expansion_open,320,28,complete_codified_usc_lineage_review; implementation_outcomes_or_enforcement; direct_target_section_court_review; welfare_or_public_benefit; model_validation,"Build an official OLRC pre/post target-review packet for this triaged reference, preserving annual URLs, source hashes, public-law context, and manual source-review disposition boundaries.",statutory_lineage_target_packet_expansion_queue; statutory_lineage_complete_lineage_expansion_queue; govinfo_public_law_text_scan; statutory_lineage_review_queue; bill_law_lifecycle_next_actions; bill_law_evidence_spine; bill_action_metadata; law_revision_text_proxy; official_olrc_public_law_marker_adjudication; official_olrc_post_only_public_law_marker; statutory_lineage_target_section_review_packet; statutory_lineage_target_section_diff_review; statutory_lineage_source_reviewed_target_section_diff; sponsor_district_public_opinion_metadata; sponsor_district_bill_policy_area_context; topic_throughput_policy_area; campaign_finance_sponsor_policy_area_context; lobbying_issue_bill_policy_area_context; official_lda_filing_text_bill_identifier; federal_register_authority_search_match; federal_register_authority_text_verified; federal_register_proposed_rule_history_match; proposed_rule_shared_identifier_match; proposed_rule_regulations_gov_comment_portal_metadata; federal_register_exposed_regulations_gov_comment_metadata; federal_register_final_effective_date_timing; federal_register_proposed_to_final_timing; court_review_usc_section_authority_overlap; scdb_law_minor_usc_section; statutory_lineage_source_scan; target_section_candidate_triage; statutory_lineage_olrc_historical_scan; official_olrc_annual_us_code_page; bounded_annual_text_diff_cue_scan; statutory_lineage_olrc_annual_text_diff; official_olrc_annual_us_code_text_diff; official_olrc_current_us_code_page; statutory_lineage_effective_text_source_review; official_govinfo_public_law_text_scan; statutory_lineage_public_law_attribution_review,olrc_pre_post_target_review_packet; source_reviewed_target_section_diff; law_revision_effective_text; public_law_causal_attribution; complete_codified_usc_lineage_review; implementation_outcomes_or_enforcement; direct_target_section_court_review; welfare_or_public_benefit; model_validation; bill_topic_public_opinion; codified_usc_lineage; complete_regulations_comments; full_bill_progression_census_overlap; unified_agenda_stage; direct_case_to_public_law_identifier; reviewed_case_disposition_to_public_law; acquired_bill_topic_survey_item_id; survey_item_crosswalk; MRP_or_small_area_estimate; bill_text_specific_affected_population_denominator; issue_specific_affected_group_support; affected_group_harm; public_benefit; causal_representation; direct_case_to_bill_identifier; emergency_order_dataset; lower_court_history; causal_invalidation_effect; implementation_outcome; direct_court_review_of_target_section; exact_target_reference_implementation_authority; exact_target_reference_court_overlap; source_reviewed_raw_scdb_target_section_disposition; implementation_outcomes; court_review; olrc_us_code_classification; target_section_diff; amended_section_identifier; source_reviewed_statutory_lineage; human_source_review_disposition; complete_target_reference_inventory; unreviewed_source_scan_candidate_references; reviewed_packet_disposition_context_for_complete_lineage,reports/statutory-lineage-complete-lineage-expansion-queue.csv; reports/statutory-lineage-target-section-triage.csv; reports/statutory-lineage-target-review-packets.csv; reports/statutory-lineage-source-scan.csv,"Target packet expansion queue only; rows identify already-triaged U.S.C. target references that are absent from the current OLRC target-review packet set. This artifact does not establish codified lineage, target-section text diffs, effective statutory text, public-law attribution, implementation outcomes, direct target-section court review, welfare evidence, causal effects, or model validation."
12,3,3,35,3,117-hr-6833,117-180,Economics and Public Finance,15 USC 683(b),direct_us_code_reference,needs_olrc_us_code_note_review,triaged_reference_needs_olrc_target_review_packet,1,0,0,0,0,Investment Act of 1958 (15 U.S.C. 683(b)).,https://www.govinfo.gov/content/pkg/PLAW-117publ180/html/PLAW-117publ180.htm,source_reviewed_target_diff_attribution_reviewed_candidate_expansion_open,320,28,complete_codified_usc_lineage_review; implementation_outcomes_or_enforcement; direct_target_section_court_review; welfare_or_public_benefit; model_validation,"Build an official OLRC pre/post target-review packet for this triaged reference, preserving annual URLs, source hashes, public-law context, and manual source-review disposition boundaries.",statutory_lineage_target_packet_expansion_queue; statutory_lineage_complete_lineage_expansion_queue; govinfo_public_law_text_scan; statutory_lineage_review_queue; bill_law_lifecycle_next_actions; bill_law_evidence_spine; bill_action_metadata; law_revision_text_proxy; official_olrc_public_law_marker_adjudication; official_olrc_post_only_public_law_marker; statutory_lineage_target_section_review_packet; statutory_lineage_target_section_diff_review; statutory_lineage_source_reviewed_target_section_diff; sponsor_district_public_opinion_metadata; sponsor_district_bill_policy_area_context; topic_throughput_policy_area; campaign_finance_sponsor_policy_area_context; lobbying_issue_bill_policy_area_context; official_lda_filing_text_bill_identifier; federal_register_authority_search_match; federal_register_authority_text_verified; federal_register_proposed_rule_history_match; proposed_rule_shared_identifier_match; proposed_rule_regulations_gov_comment_portal_metadata; federal_register_exposed_regulations_gov_comment_metadata; federal_register_final_effective_date_timing; federal_register_proposed_to_final_timing; court_review_usc_section_authority_overlap; scdb_law_minor_usc_section; statutory_lineage_source_scan; target_section_candidate_triage; statutory_lineage_olrc_historical_scan; official_olrc_annual_us_code_page; bounded_annual_text_diff_cue_scan; statutory_lineage_olrc_annual_text_diff; official_olrc_annual_us_code_text_diff; official_olrc_current_us_code_page; statutory_lineage_effective_text_source_review; official_govinfo_public_law_text_scan; statutory_lineage_public_law_attribution_review,olrc_pre_post_target_review_packet; source_reviewed_target_section_diff; law_revision_effective_text; public_law_causal_attribution; complete_codified_usc_lineage_review; implementation_outcomes_or_enforcement; direct_target_section_court_review; welfare_or_public_benefit; model_validation; bill_topic_public_opinion; codified_usc_lineage; complete_regulations_comments; full_bill_progression_census_overlap; unified_agenda_stage; direct_case_to_public_law_identifier; reviewed_case_disposition_to_public_law; acquired_bill_topic_survey_item_id; survey_item_crosswalk; MRP_or_small_area_estimate; bill_text_specific_affected_population_denominator; issue_specific_affected_group_support; affected_group_harm; public_benefit; causal_representation; direct_case_to_bill_identifier; emergency_order_dataset; lower_court_history; causal_invalidation_effect; implementation_outcome; direct_court_review_of_target_section; exact_target_reference_implementation_authority; exact_target_reference_court_overlap; source_reviewed_raw_scdb_target_section_disposition; implementation_outcomes; court_review; olrc_us_code_classification; target_section_diff; amended_section_identifier; source_reviewed_statutory_lineage; human_source_review_disposition; complete_target_reference_inventory; unreviewed_source_scan_candidate_references; reviewed_packet_disposition_context_for_complete_lineage,reports/statutory-lineage-complete-lineage-expansion-queue.csv; reports/statutory-lineage-target-section-triage.csv; reports/statutory-lineage-target-review-packets.csv; reports/statutory-lineage-source-scan.csv,"Target packet expansion queue only; rows identify already-triaged U.S.C. target references that are absent from the current OLRC target-review packet set. This artifact does not establish codified lineage, target-section text diffs, effective statutory text, public-law attribution, implementation outcomes, direct target-section court review, welfare evidence, causal effects, or model validation."
13,3,3,36,3,117-hr-6833,117-180,Economics and Public Finance,15 USC 697,direct_us_code_reference,needs_olrc_us_code_note_review,triaged_reference_needs_olrc_target_review_packet,1,0,0,0,0,"Investment Act of 1958 (15 U.S.C. 697), and for commitments to guarantee",https://www.govinfo.gov/content/pkg/PLAW-117publ180/html/PLAW-117publ180.htm,source_reviewed_target_diff_attribution_reviewed_candidate_expansion_open,320,28,complete_codified_usc_lineage_review; implementation_outcomes_or_enforcement; direct_target_section_court_review; welfare_or_public_benefit; model_validation,"Build an official OLRC pre/post target-review packet for this triaged reference, preserving annual URLs, source hashes, public-law context, and manual source-review disposition boundaries.",statutory_lineage_target_packet_expansion_queue; statutory_lineage_complete_lineage_expansion_queue; govinfo_public_law_text_scan; statutory_lineage_review_queue; bill_law_lifecycle_next_actions; bill_law_evidence_spine; bill_action_metadata; law_revision_text_proxy; official_olrc_public_law_marker_adjudication; official_olrc_post_only_public_law_marker; statutory_lineage_target_section_review_packet; statutory_lineage_target_section_diff_review; statutory_lineage_source_reviewed_target_section_diff; sponsor_district_public_opinion_metadata; sponsor_district_bill_policy_area_context; topic_throughput_policy_area; campaign_finance_sponsor_policy_area_context; lobbying_issue_bill_policy_area_context; official_lda_filing_text_bill_identifier; federal_register_authority_search_match; federal_register_authority_text_verified; federal_register_proposed_rule_history_match; proposed_rule_shared_identifier_match; proposed_rule_regulations_gov_comment_portal_metadata; federal_register_exposed_regulations_gov_comment_metadata; federal_register_final_effective_date_timing; federal_register_proposed_to_final_timing; court_review_usc_section_authority_overlap; scdb_law_minor_usc_section; statutory_lineage_source_scan; target_section_candidate_triage; statutory_lineage_olrc_historical_scan; official_olrc_annual_us_code_page; bounded_annual_text_diff_cue_scan; statutory_lineage_olrc_annual_text_diff; official_olrc_annual_us_code_text_diff; official_olrc_current_us_code_page; statutory_lineage_effective_text_source_review; official_govinfo_public_law_text_scan; statutory_lineage_public_law_attribution_review,olrc_pre_post_target_review_packet; source_reviewed_target_section_diff; law_revision_effective_text; public_law_causal_attribution; complete_codified_usc_lineage_review; implementation_outcomes_or_enforcement; direct_target_section_court_review; welfare_or_public_benefit; model_validation; bill_topic_public_opinion; codified_usc_lineage; complete_regulations_comments; full_bill_progression_census_overlap; unified_agenda_stage; direct_case_to_public_law_identifier; reviewed_case_disposition_to_public_law; acquired_bill_topic_survey_item_id; survey_item_crosswalk; MRP_or_small_area_estimate; bill_text_specific_affected_population_denominator; issue_specific_affected_group_support; affected_group_harm; public_benefit; causal_representation; direct_case_to_bill_identifier; emergency_order_dataset; lower_court_history; causal_invalidation_effect; implementation_outcome; direct_court_review_of_target_section; exact_target_reference_implementation_authority; exact_target_reference_court_overlap; source_reviewed_raw_scdb_target_section_disposition; implementation_outcomes; court_review; olrc_us_code_classification; target_section_diff; amended_section_identifier; source_reviewed_statutory_lineage; human_source_review_disposition; complete_target_reference_inventory; unreviewed_source_scan_candidate_references; reviewed_packet_disposition_context_for_complete_lineage,reports/statutory-lineage-complete-lineage-expansion-queue.csv; reports/statutory-lineage-target-section-triage.csv; reports/statutory-lineage-target-review-packets.csv; reports/statutory-lineage-source-scan.csv,"Target packet expansion queue only; rows identify already-triaged U.S.C. target references that are absent from the current OLRC target-review packet set. This artifact does not establish codified lineage, target-section text diffs, effective statutory text, public-law attribution, implementation outcomes, direct target-section court review, welfare evidence, causal effects, or model validation."
14,3,3,39,3,117-hr-6833,117-180,Economics and Public Finance,22 USC 2318(a)(1),direct_us_code_reference,needs_olrc_us_code_note_review,triaged_reference_needs_olrc_target_review_packet,1,0,0,0,0,"section 506(a)(1) of the Foreign Assistance Act of 1961 (22 U.S.C. 2318(a)(1)) shall be applied by substituting ``$3,700,000,000'' for",https://www.govinfo.gov/content/pkg/PLAW-117publ180/html/PLAW-117publ180.htm,source_reviewed_target_diff_attribution_reviewed_candidate_expansion_open,320,28,complete_codified_usc_lineage_review; implementation_outcomes_or_enforcement; direct_target_section_court_review; welfare_or_public_benefit; model_validation,"Build an official OLRC pre/post target-review packet for this triaged reference, preserving annual URLs, source hashes, public-law context, and manual source-review disposition boundaries.",statutory_lineage_target_packet_expansion_queue; statutory_lineage_complete_lineage_expansion_queue; govinfo_public_law_text_scan; statutory_lineage_review_queue; bill_law_lifecycle_next_actions; bill_law_evidence_spine; bill_action_metadata; law_revision_text_proxy; official_olrc_public_law_marker_adjudication; official_olrc_post_only_public_law_marker; statutory_lineage_target_section_review_packet; statutory_lineage_target_section_diff_review; statutory_lineage_source_reviewed_target_section_diff; sponsor_district_public_opinion_metadata; sponsor_district_bill_policy_area_context; topic_throughput_policy_area; campaign_finance_sponsor_policy_area_context; lobbying_issue_bill_policy_area_context; official_lda_filing_text_bill_identifier; federal_register_authority_search_match; federal_register_authority_text_verified; federal_register_proposed_rule_history_match; proposed_rule_shared_identifier_match; proposed_rule_regulations_gov_comment_portal_metadata; federal_register_exposed_regulations_gov_comment_metadata; federal_register_final_effective_date_timing; federal_register_proposed_to_final_timing; court_review_usc_section_authority_overlap; scdb_law_minor_usc_section; statutory_lineage_source_scan; target_section_candidate_triage; statutory_lineage_olrc_historical_scan; official_olrc_annual_us_code_page; bounded_annual_text_diff_cue_scan; statutory_lineage_olrc_annual_text_diff; official_olrc_annual_us_code_text_diff; official_olrc_current_us_code_page; statutory_lineage_effective_text_source_review; official_govinfo_public_law_text_scan; statutory_lineage_public_law_attribution_review,olrc_pre_post_target_review_packet; source_reviewed_target_section_diff; law_revision_effective_text; public_law_causal_attribution; complete_codified_usc_lineage_review; implementation_outcomes_or_enforcement; direct_target_section_court_review; welfare_or_public_benefit; model_validation; bill_topic_public_opinion; codified_usc_lineage; complete_regulations_comments; full_bill_progression_census_overlap; unified_agenda_stage; direct_case_to_public_law_identifier; reviewed_case_disposition_to_public_law; acquired_bill_topic_survey_item_id; survey_item_crosswalk; MRP_or_small_area_estimate; bill_text_specific_affected_population_denominator; issue_specific_affected_group_support; affected_group_harm; public_benefit; causal_representation; direct_case_to_bill_identifier; emergency_order_dataset; lower_court_history; causal_invalidation_effect; implementation_outcome; direct_court_review_of_target_section; exact_target_reference_implementation_authority; exact_target_reference_court_overlap; source_reviewed_raw_scdb_target_section_disposition; implementation_outcomes; court_review; olrc_us_code_classification; target_section_diff; amended_section_identifier; source_reviewed_statutory_lineage; human_source_review_disposition; complete_target_reference_inventory; unreviewed_source_scan_candidate_references; reviewed_packet_disposition_context_for_complete_lineage,reports/statutory-lineage-complete-lineage-expansion-queue.csv; reports/statutory-lineage-target-section-triage.csv; reports/statutory-lineage-target-review-packets.csv; reports/statutory-lineage-source-scan.csv,"Target packet expansion queue only; rows identify already-triaged U.S.C. target references that are absent from the current OLRC target-review packet set. This artifact does not establish codified lineage, target-section text diffs, effective statutory text, public-law attribution, implementation outcomes, direct target-section court review, welfare evidence, causal effects, or model validation."
15,3,3,40,3,117-hr-6833,117-180,Economics and Public Finance,22 USC 2412,direct_us_code_reference,needs_olrc_us_code_note_review,triaged_reference_needs_olrc_target_review_packet,1,0,0,0,0,"expended notwithstanding section 10 of Public Law 91-672 (22 U.S.C. 2412), section 15 of the State Department Basic Authorities Act of 1956",https://www.govinfo.gov/content/pkg/PLAW-117publ180/html/PLAW-117publ180.htm,source_reviewed_target_diff_attribution_reviewed_candidate_expansion_open,320,28,complete_codified_usc_lineage_review; implementation_outcomes_or_enforcement; direct_target_section_court_review; welfare_or_public_benefit; model_validation,"Build an official OLRC pre/post target-review packet for this triaged reference, preserving annual URLs, source hashes, public-law context, and manual source-review disposition boundaries.",statutory_lineage_target_packet_expansion_queue; statutory_lineage_complete_lineage_expansion_queue; govinfo_public_law_text_scan; statutory_lineage_review_queue; bill_law_lifecycle_next_actions; bill_law_evidence_spine; bill_action_metadata; law_revision_text_proxy; official_olrc_public_law_marker_adjudication; official_olrc_post_only_public_law_marker; statutory_lineage_target_section_review_packet; statutory_lineage_target_section_diff_review; statutory_lineage_source_reviewed_target_section_diff; sponsor_district_public_opinion_metadata; sponsor_district_bill_policy_area_context; topic_throughput_policy_area; campaign_finance_sponsor_policy_area_context; lobbying_issue_bill_policy_area_context; official_lda_filing_text_bill_identifier; federal_register_authority_search_match; federal_register_authority_text_verified; federal_register_proposed_rule_history_match; proposed_rule_shared_identifier_match; proposed_rule_regulations_gov_comment_portal_metadata; federal_register_exposed_regulations_gov_comment_metadata; federal_register_final_effective_date_timing; federal_register_proposed_to_final_timing; court_review_usc_section_authority_overlap; scdb_law_minor_usc_section; statutory_lineage_source_scan; target_section_candidate_triage; statutory_lineage_olrc_historical_scan; official_olrc_annual_us_code_page; bounded_annual_text_diff_cue_scan; statutory_lineage_olrc_annual_text_diff; official_olrc_annual_us_code_text_diff; official_olrc_current_us_code_page; statutory_lineage_effective_text_source_review; official_govinfo_public_law_text_scan; statutory_lineage_public_law_attribution_review,olrc_pre_post_target_review_packet; source_reviewed_target_section_diff; law_revision_effective_text; public_law_causal_attribution; complete_codified_usc_lineage_review; implementation_outcomes_or_enforcement; direct_target_section_court_review; welfare_or_public_benefit; model_validation; bill_topic_public_opinion; codified_usc_lineage; complete_regulations_comments; full_bill_progression_census_overlap; unified_agenda_stage; direct_case_to_public_law_identifier; reviewed_case_disposition_to_public_law; acquired_bill_topic_survey_item_id; survey_item_crosswalk; MRP_or_small_area_estimate; bill_text_specific_affected_population_denominator; issue_specific_affected_group_support; affected_group_harm; public_benefit; causal_representation; direct_case_to_bill_identifier; emergency_order_dataset; lower_court_history; causal_invalidation_effect; implementation_outcome; direct_court_review_of_target_section; exact_target_reference_implementation_authority; exact_target_reference_court_overlap; source_reviewed_raw_scdb_target_section_disposition; implementation_outcomes; court_review; olrc_us_code_classification; target_section_diff; amended_section_identifier; source_reviewed_statutory_lineage; human_source_review_disposition; complete_target_reference_inventory; unreviewed_source_scan_candidate_references; reviewed_packet_disposition_context_for_complete_lineage,reports/statutory-lineage-complete-lineage-expansion-queue.csv; reports/statutory-lineage-target-section-triage.csv; reports/statutory-lineage-target-review-packets.csv; reports/statutory-lineage-source-scan.csv,"Target packet expansion queue only; rows identify already-triaged U.S.C. target references that are absent from the current OLRC target-review packet set. This artifact does not establish codified lineage, target-section text diffs, effective statutory text, public-law attribution, implementation outcomes, direct target-section court review, welfare evidence, causal effects, or model validation."
16,3,3,41,3,117-hr-6833,117-180,Economics and Public Finance,22 USC 2680,direct_us_code_reference,needs_olrc_us_code_note_review,triaged_reference_needs_olrc_target_review_packet,1,0,0,0,0,"(22 U.S.C. 2680), section 313 of the Foreign Relations Authorization",https://www.govinfo.gov/content/pkg/PLAW-117publ180/html/PLAW-117publ180.htm,source_reviewed_target_diff_attribution_reviewed_candidate_expansion_open,320,28,complete_codified_usc_lineage_review; implementation_outcomes_or_enforcement; direct_target_section_court_review; welfare_or_public_benefit; model_validation,"Build an official OLRC pre/post target-review packet for this triaged reference, preserving annual URLs, source hashes, public-law context, and manual source-review disposition boundaries.",statutory_lineage_target_packet_expansion_queue; statutory_lineage_complete_lineage_expansion_queue; govinfo_public_law_text_scan; statutory_lineage_review_queue; bill_law_lifecycle_next_actions; bill_law_evidence_spine; bill_action_metadata; law_revision_text_proxy; official_olrc_public_law_marker_adjudication; official_olrc_post_only_public_law_marker; statutory_lineage_target_section_review_packet; statutory_lineage_target_section_diff_review; statutory_lineage_source_reviewed_target_section_diff; sponsor_district_public_opinion_metadata; sponsor_district_bill_policy_area_context; topic_throughput_policy_area; campaign_finance_sponsor_policy_area_context; lobbying_issue_bill_policy_area_context; official_lda_filing_text_bill_identifier; federal_register_authority_search_match; federal_register_authority_text_verified; federal_register_proposed_rule_history_match; proposed_rule_shared_identifier_match; proposed_rule_regulations_gov_comment_portal_metadata; federal_register_exposed_regulations_gov_comment_metadata; federal_register_final_effective_date_timing; federal_register_proposed_to_final_timing; court_review_usc_section_authority_overlap; scdb_law_minor_usc_section; statutory_lineage_source_scan; target_section_candidate_triage; statutory_lineage_olrc_historical_scan; official_olrc_annual_us_code_page; bounded_annual_text_diff_cue_scan; statutory_lineage_olrc_annual_text_diff; official_olrc_annual_us_code_text_diff; official_olrc_current_us_code_page; statutory_lineage_effective_text_source_review; official_govinfo_public_law_text_scan; statutory_lineage_public_law_attribution_review,olrc_pre_post_target_review_packet; source_reviewed_target_section_diff; law_revision_effective_text; public_law_causal_attribution; complete_codified_usc_lineage_review; implementation_outcomes_or_enforcement; direct_target_section_court_review; welfare_or_public_benefit; model_validation; bill_topic_public_opinion; codified_usc_lineage; complete_regulations_comments; full_bill_progression_census_overlap; unified_agenda_stage; direct_case_to_public_law_identifier; reviewed_case_disposition_to_public_law; acquired_bill_topic_survey_item_id; survey_item_crosswalk; MRP_or_small_area_estimate; bill_text_specific_affected_population_denominator; issue_specific_affected_group_support; affected_group_harm; public_benefit; causal_representation; direct_case_to_bill_identifier; emergency_order_dataset; lower_court_history; causal_invalidation_effect; implementation_outcome; direct_court_review_of_target_section; exact_target_reference_implementation_authority; exact_target_reference_court_overlap; source_reviewed_raw_scdb_target_section_disposition; implementation_outcomes; court_review; olrc_us_code_classification; target_section_diff; amended_section_identifier; source_reviewed_statutory_lineage; human_source_review_disposition; complete_target_reference_inventory; unreviewed_source_scan_candidate_references; reviewed_packet_disposition_context_for_complete_lineage,reports/statutory-lineage-complete-lineage-expansion-queue.csv; reports/statutory-lineage-target-section-triage.csv; reports/statutory-lineage-target-review-packets.csv; reports/statutory-lineage-source-scan.csv,"Target packet expansion queue only; rows identify already-triaged U.S.C. target references that are absent from the current OLRC target-review packet set. This artifact does not establish codified lineage, target-section text diffs, effective statutory text, public-law attribution, implementation outcomes, direct target-section court review, welfare evidence, causal effects, or model validation."
17,3,3,42,3,117-hr-6833,117-180,Economics and Public Finance,22 USC 6212,direct_us_code_reference,needs_olrc_us_code_note_review,triaged_reference_needs_olrc_target_review_packet,1,0,0,0,0,"Act, Fiscal Years 1994 and 1995 (22 U.S.C. 6212), and section 504(a)(1)",https://www.govinfo.gov/content/pkg/PLAW-117publ180/html/PLAW-117publ180.htm,source_reviewed_target_diff_attribution_reviewed_candidate_expansion_open,320,28,complete_codified_usc_lineage_review; implementation_outcomes_or_enforcement; direct_target_section_court_review; welfare_or_public_benefit; model_validation,"Build an official OLRC pre/post target-review packet for this triaged reference, preserving annual URLs, source hashes, public-law context, and manual source-review disposition boundaries.",statutory_lineage_target_packet_expansion_queue; statutory_lineage_complete_lineage_expansion_queue; govinfo_public_law_text_scan; statutory_lineage_review_queue; bill_law_lifecycle_next_actions; bill_law_evidence_spine; bill_action_metadata; law_revision_text_proxy; official_olrc_public_law_marker_adjudication; official_olrc_post_only_public_law_marker; statutory_lineage_target_section_review_packet; statutory_lineage_target_section_diff_review; statutory_lineage_source_reviewed_target_section_diff; sponsor_district_public_opinion_metadata; sponsor_district_bill_policy_area_context; topic_throughput_policy_area; campaign_finance_sponsor_policy_area_context; lobbying_issue_bill_policy_area_context; official_lda_filing_text_bill_identifier; federal_register_authority_search_match; federal_register_authority_text_verified; federal_register_proposed_rule_history_match; proposed_rule_shared_identifier_match; proposed_rule_regulations_gov_comment_portal_metadata; federal_register_exposed_regulations_gov_comment_metadata; federal_register_final_effective_date_timing; federal_register_proposed_to_final_timing; court_review_usc_section_authority_overlap; scdb_law_minor_usc_section; statutory_lineage_source_scan; target_section_candidate_triage; statutory_lineage_olrc_historical_scan; official_olrc_annual_us_code_page; bounded_annual_text_diff_cue_scan; statutory_lineage_olrc_annual_text_diff; official_olrc_annual_us_code_text_diff; official_olrc_current_us_code_page; statutory_lineage_effective_text_source_review; official_govinfo_public_law_text_scan; statutory_lineage_public_law_attribution_review,olrc_pre_post_target_review_packet; source_reviewed_target_section_diff; law_revision_effective_text; public_law_causal_attribution; complete_codified_usc_lineage_review; implementation_outcomes_or_enforcement; direct_target_section_court_review; welfare_or_public_benefit; model_validation; bill_topic_public_opinion; codified_usc_lineage; complete_regulations_comments; full_bill_progression_census_overlap; unified_agenda_stage; direct_case_to_public_law_identifier; reviewed_case_disposition_to_public_law; acquired_bill_topic_survey_item_id; survey_item_crosswalk; MRP_or_small_area_estimate; bill_text_specific_affected_population_denominator; issue_specific_affected_group_support; affected_group_harm; public_benefit; causal_representation; direct_case_to_bill_identifier; emergency_order_dataset; lower_court_history; causal_invalidation_effect; implementation_outcome; direct_court_review_of_target_section; exact_target_reference_implementation_authority; exact_target_reference_court_overlap; source_reviewed_raw_scdb_target_section_disposition; implementation_outcomes; court_review; olrc_us_code_classification; target_section_diff; amended_section_identifier; source_reviewed_statutory_lineage; human_source_review_disposition; complete_target_reference_inventory; unreviewed_source_scan_candidate_references; reviewed_packet_disposition_context_for_complete_lineage,reports/statutory-lineage-complete-lineage-expansion-queue.csv; reports/statutory-lineage-target-section-triage.csv; reports/statutory-lineage-target-review-packets.csv; reports/statutory-lineage-source-scan.csv,"Target packet expansion queue only; rows identify already-triaged U.S.C. target references that are absent from the current OLRC target-review packet set. This artifact does not establish codified lineage, target-section text diffs, effective statutory text, public-law attribution, implementation outcomes, direct target-section court review, welfare evidence, causal effects, or model validation."
18,3,3,43,3,117-hr-6833,117-180,Economics and Public Finance,31 USC 1513,title_code_section_phrase,needs_olrc_us_code_note_review,triaged_reference_needs_olrc_target_review_packet,1,0,0,0,0,"in section 1513 of title 31, United States Code, but nothing in this Act",https://www.govinfo.gov/content/pkg/PLAW-117publ180/html/PLAW-117publ180.htm,source_reviewed_target_diff_attribution_reviewed_candidate_expansion_open,320,28,complete_codified_usc_lineage_review; implementation_outcomes_or_enforcement; direct_target_section_court_review; welfare_or_public_benefit; model_validation,"Build an official OLRC pre/post target-review packet for this triaged reference, preserving annual URLs, source hashes, public-law context, and manual source-review disposition boundaries.",statutory_lineage_target_packet_expansion_queue; statutory_lineage_complete_lineage_expansion_queue; govinfo_public_law_text_scan; statutory_lineage_review_queue; bill_law_lifecycle_next_actions; bill_law_evidence_spine; bill_action_metadata; law_revision_text_proxy; official_olrc_public_law_marker_adjudication; official_olrc_post_only_public_law_marker; statutory_lineage_target_section_review_packet; statutory_lineage_target_section_diff_review; statutory_lineage_source_reviewed_target_section_diff; sponsor_district_public_opinion_metadata; sponsor_district_bill_policy_area_context; topic_throughput_policy_area; campaign_finance_sponsor_policy_area_context; lobbying_issue_bill_policy_area_context; official_lda_filing_text_bill_identifier; federal_register_authority_search_match; federal_register_authority_text_verified; federal_register_proposed_rule_history_match; proposed_rule_shared_identifier_match; proposed_rule_regulations_gov_comment_portal_metadata; federal_register_exposed_regulations_gov_comment_metadata; federal_register_final_effective_date_timing; federal_register_proposed_to_final_timing; court_review_usc_section_authority_overlap; scdb_law_minor_usc_section; statutory_lineage_source_scan; target_section_candidate_triage; statutory_lineage_olrc_historical_scan; official_olrc_annual_us_code_page; bounded_annual_text_diff_cue_scan; statutory_lineage_olrc_annual_text_diff; official_olrc_annual_us_code_text_diff; official_olrc_current_us_code_page; statutory_lineage_effective_text_source_review; official_govinfo_public_law_text_scan; statutory_lineage_public_law_attribution_review,olrc_pre_post_target_review_packet; source_reviewed_target_section_diff; law_revision_effective_text; public_law_causal_attribution; complete_codified_usc_lineage_review; implementation_outcomes_or_enforcement; direct_target_section_court_review; welfare_or_public_benefit; model_validation; bill_topic_public_opinion; codified_usc_lineage; complete_regulations_comments; full_bill_progression_census_overlap; unified_agenda_stage; direct_case_to_public_law_identifier; reviewed_case_disposition_to_public_law; acquired_bill_topic_survey_item_id; survey_item_crosswalk; MRP_or_small_area_estimate; bill_text_specific_affected_population_denominator; issue_specific_affected_group_support; affected_group_harm; public_benefit; causal_representation; direct_case_to_bill_identifier; emergency_order_dataset; lower_court_history; causal_invalidation_effect; implementation_outcome; direct_court_review_of_target_section; exact_target_reference_implementation_authority; exact_target_reference_court_overlap; source_reviewed_raw_scdb_target_section_disposition; implementation_outcomes; court_review; olrc_us_code_classification; target_section_diff; amended_section_identifier; source_reviewed_statutory_lineage; human_source_review_disposition; complete_target_reference_inventory; unreviewed_source_scan_candidate_references; reviewed_packet_disposition_context_for_complete_lineage,reports/statutory-lineage-complete-lineage-expansion-queue.csv; reports/statutory-lineage-target-section-triage.csv; reports/statutory-lineage-target-review-packets.csv; reports/statutory-lineage-source-scan.csv,"Target packet expansion queue only; rows identify already-triaged U.S.C. target references that are absent from the current OLRC target-review packet set. This artifact does not establish codified lineage, target-section text diffs, effective statutory text, public-law attribution, implementation outcomes, direct target-section court review, welfare evidence, causal effects, or model validation."
19,3,3,45,3,117-hr-6833,117-180,Economics and Public Finance,42 USC 1437f note,direct_us_code_reference,needs_olrc_us_code_note_review,triaged_reference_needs_olrc_target_review_packet,1,0,0,0,0,Affordability Act of 1997 (42 U.S.C. 1437f note) shall be applied by,https://www.govinfo.gov/content/pkg/PLAW-117publ180/html/PLAW-117publ180.htm,source_reviewed_target_diff_attribution_reviewed_candidate_expansion_open,320,28,complete_codified_usc_lineage_review; implementation_outcomes_or_enforcement; direct_target_section_court_review; welfare_or_public_benefit; model_validation,"Build an official OLRC pre/post target-review packet for this triaged reference, preserving annual URLs, source hashes, public-law context, and manual source-review disposition boundaries.",statutory_lineage_target_packet_expansion_queue; statutory_lineage_complete_lineage_expansion_queue; govinfo_public_law_text_scan; statutory_lineage_review_queue; bill_law_lifecycle_next_actions; bill_law_evidence_spine; bill_action_metadata; law_revision_text_proxy; official_olrc_public_law_marker_adjudication; official_olrc_post_only_public_law_marker; statutory_lineage_target_section_review_packet; statutory_lineage_target_section_diff_review; statutory_lineage_source_reviewed_target_section_diff; sponsor_district_public_opinion_metadata; sponsor_district_bill_policy_area_context; topic_throughput_policy_area; campaign_finance_sponsor_policy_area_context; lobbying_issue_bill_policy_area_context; official_lda_filing_text_bill_identifier; federal_register_authority_search_match; federal_register_authority_text_verified; federal_register_proposed_rule_history_match; proposed_rule_shared_identifier_match; proposed_rule_regulations_gov_comment_portal_metadata; federal_register_exposed_regulations_gov_comment_metadata; federal_register_final_effective_date_timing; federal_register_proposed_to_final_timing; court_review_usc_section_authority_overlap; scdb_law_minor_usc_section; statutory_lineage_source_scan; target_section_candidate_triage; statutory_lineage_olrc_historical_scan; official_olrc_annual_us_code_page; bounded_annual_text_diff_cue_scan; statutory_lineage_olrc_annual_text_diff; official_olrc_annual_us_code_text_diff; official_olrc_current_us_code_page; statutory_lineage_effective_text_source_review; official_govinfo_public_law_text_scan; statutory_lineage_public_law_attribution_review,olrc_pre_post_target_review_packet; source_reviewed_target_section_diff; law_revision_effective_text; public_law_causal_attribution; complete_codified_usc_lineage_review; implementation_outcomes_or_enforcement; direct_target_section_court_review; welfare_or_public_benefit; model_validation; bill_topic_public_opinion; codified_usc_lineage; complete_regulations_comments; full_bill_progression_census_overlap; unified_agenda_stage; direct_case_to_public_law_identifier; reviewed_case_disposition_to_public_law; acquired_bill_topic_survey_item_id; survey_item_crosswalk; MRP_or_small_area_estimate; bill_text_specific_affected_population_denominator; issue_specific_affected_group_support; affected_group_harm; public_benefit; causal_representation; direct_case_to_bill_identifier; emergency_order_dataset; lower_court_history; causal_invalidation_effect; implementation_outcome; direct_court_review_of_target_section; exact_target_reference_implementation_authority; exact_target_reference_court_overlap; source_reviewed_raw_scdb_target_section_disposition; implementation_outcomes; court_review; olrc_us_code_classification; target_section_diff; amended_section_identifier; source_reviewed_statutory_lineage; human_source_review_disposition; complete_target_reference_inventory; unreviewed_source_scan_candidate_references; reviewed_packet_disposition_context_for_complete_lineage,reports/statutory-lineage-complete-lineage-expansion-queue.csv; reports/statutory-lineage-target-section-triage.csv; reports/statutory-lineage-target-review-packets.csv; reports/statutory-lineage-source-scan.csv,"Target packet expansion queue only; rows identify already-triaged U.S.C. target references that are absent from the current OLRC target-review packet set. This artifact does not establish codified lineage, target-section text diffs, effective statutory text, public-law attribution, implementation outcomes, direct target-section court review, welfare evidence, causal effects, or model validation."
20,3,3,46,3,117-hr-6833,117-180,Economics and Public Finance,42 USC 4016(a),direct_us_code_reference,needs_olrc_us_code_note_review,triaged_reference_needs_olrc_target_review_packet,1,0,0,0,0,the National Flood Insurance Act of 1968 (42 U.S.C. 4016(a) and 4026),https://www.govinfo.gov/content/pkg/PLAW-117publ180/html/PLAW-117publ180.htm,source_reviewed_target_diff_attribution_reviewed_candidate_expansion_open,320,28,complete_codified_usc_lineage_review; implementation_outcomes_or_enforcement; direct_target_section_court_review; welfare_or_public_benefit; model_validation,"Build an official OLRC pre/post target-review packet for this triaged reference, preserving annual URLs, source hashes, public-law context, and manual source-review disposition boundaries.",statutory_lineage_target_packet_expansion_queue; statutory_lineage_complete_lineage_expansion_queue; govinfo_public_law_text_scan; statutory_lineage_review_queue; bill_law_lifecycle_next_actions; bill_law_evidence_spine; bill_action_metadata; law_revision_text_proxy; official_olrc_public_law_marker_adjudication; official_olrc_post_only_public_law_marker; statutory_lineage_target_section_review_packet; statutory_lineage_target_section_diff_review; statutory_lineage_source_reviewed_target_section_diff; sponsor_district_public_opinion_metadata; sponsor_district_bill_policy_area_context; topic_throughput_policy_area; campaign_finance_sponsor_policy_area_context; lobbying_issue_bill_policy_area_context; official_lda_filing_text_bill_identifier; federal_register_authority_search_match; federal_register_authority_text_verified; federal_register_proposed_rule_history_match; proposed_rule_shared_identifier_match; proposed_rule_regulations_gov_comment_portal_metadata; federal_register_exposed_regulations_gov_comment_metadata; federal_register_final_effective_date_timing; federal_register_proposed_to_final_timing; court_review_usc_section_authority_overlap; scdb_law_minor_usc_section; statutory_lineage_source_scan; target_section_candidate_triage; statutory_lineage_olrc_historical_scan; official_olrc_annual_us_code_page; bounded_annual_text_diff_cue_scan; statutory_lineage_olrc_annual_text_diff; official_olrc_annual_us_code_text_diff; official_olrc_current_us_code_page; statutory_lineage_effective_text_source_review; official_govinfo_public_law_text_scan; statutory_lineage_public_law_attribution_review,olrc_pre_post_target_review_packet; source_reviewed_target_section_diff; law_revision_effective_text; public_law_causal_attribution; complete_codified_usc_lineage_review; implementation_outcomes_or_enforcement; direct_target_section_court_review; welfare_or_public_benefit; model_validation; bill_topic_public_opinion; codified_usc_lineage; complete_regulations_comments; full_bill_progression_census_overlap; unified_agenda_stage; direct_case_to_public_law_identifier; reviewed_case_disposition_to_public_law; acquired_bill_topic_survey_item_id; survey_item_crosswalk; MRP_or_small_area_estimate; bill_text_specific_affected_population_denominator; issue_specific_affected_group_support; affected_group_harm; public_benefit; causal_representation; direct_case_to_bill_identifier; emergency_order_dataset; lower_court_history; causal_invalidation_effect; implementation_outcome; direct_court_review_of_target_section; exact_target_reference_implementation_authority; exact_target_reference_court_overlap; source_reviewed_raw_scdb_target_section_disposition; implementation_outcomes; court_review; olrc_us_code_classification; target_section_diff; amended_section_identifier; source_reviewed_statutory_lineage; human_source_review_disposition; complete_target_reference_inventory; unreviewed_source_scan_candidate_references; reviewed_packet_disposition_context_for_complete_lineage,reports/statutory-lineage-complete-lineage-expansion-queue.csv; reports/statutory-lineage-target-section-triage.csv; reports/statutory-lineage-target-review-packets.csv; reports/statutory-lineage-source-scan.csv,"Target packet expansion queue only; rows identify already-triaged U.S.C. target references that are absent from the current OLRC target-review packet set. This artifact does not establish codified lineage, target-section text diffs, effective statutory text, public-law attribution, implementation outcomes, direct target-section court review, welfare evidence, causal effects, or model validation."
21,3,3,47,3,117-hr-6833,117-180,Economics and Public Finance,42 USC 5121,direct_us_code_reference,needs_olrc_us_code_note_review,triaged_reference_needs_olrc_target_review_packet,1,0,0,0,0,Stafford Disaster Relief and Emergency Assistance Act (42 U.S.C. 5121 et,https://www.govinfo.gov/content/pkg/PLAW-117publ180/html/PLAW-117publ180.htm,source_reviewed_target_diff_attribution_reviewed_candidate_expansion_open,320,28,complete_codified_usc_lineage_review; implementation_outcomes_or_enforcement; direct_target_section_court_review; welfare_or_public_benefit; model_validation,"Build an official OLRC pre/post target-review packet for this triaged reference, preserving annual URLs, source hashes, public-law context, and manual source-review disposition boundaries.",statutory_lineage_target_packet_expansion_queue; statutory_lineage_complete_lineage_expansion_queue; govinfo_public_law_text_scan; statutory_lineage_review_queue; bill_law_lifecycle_next_actions; bill_law_evidence_spine; bill_action_metadata; law_revision_text_proxy; official_olrc_public_law_marker_adjudication; official_olrc_post_only_public_law_marker; statutory_lineage_target_section_review_packet; statutory_lineage_target_section_diff_review; statutory_lineage_source_reviewed_target_section_diff; sponsor_district_public_opinion_metadata; sponsor_district_bill_policy_area_context; topic_throughput_policy_area; campaign_finance_sponsor_policy_area_context; lobbying_issue_bill_policy_area_context; official_lda_filing_text_bill_identifier; federal_register_authority_search_match; federal_register_authority_text_verified; federal_register_proposed_rule_history_match; proposed_rule_shared_identifier_match; proposed_rule_regulations_gov_comment_portal_metadata; federal_register_exposed_regulations_gov_comment_metadata; federal_register_final_effective_date_timing; federal_register_proposed_to_final_timing; court_review_usc_section_authority_overlap; scdb_law_minor_usc_section; statutory_lineage_source_scan; target_section_candidate_triage; statutory_lineage_olrc_historical_scan; official_olrc_annual_us_code_page; bounded_annual_text_diff_cue_scan; statutory_lineage_olrc_annual_text_diff; official_olrc_annual_us_code_text_diff; official_olrc_current_us_code_page; statutory_lineage_effective_text_source_review; official_govinfo_public_law_text_scan; statutory_lineage_public_law_attribution_review,olrc_pre_post_target_review_packet; source_reviewed_target_section_diff; law_revision_effective_text; public_law_causal_attribution; complete_codified_usc_lineage_review; implementation_outcomes_or_enforcement; direct_target_section_court_review; welfare_or_public_benefit; model_validation; bill_topic_public_opinion; codified_usc_lineage; complete_regulations_comments; full_bill_progression_census_overlap; unified_agenda_stage; direct_case_to_public_law_identifier; reviewed_case_disposition_to_public_law; acquired_bill_topic_survey_item_id; survey_item_crosswalk; MRP_or_small_area_estimate; bill_text_specific_affected_population_denominator; issue_specific_affected_group_support; affected_group_harm; public_benefit; causal_representation; direct_case_to_bill_identifier; emergency_order_dataset; lower_court_history; causal_invalidation_effect; implementation_outcome; direct_court_review_of_target_section; exact_target_reference_implementation_authority; exact_target_reference_court_overlap; source_reviewed_raw_scdb_target_section_disposition; implementation_outcomes; court_review; olrc_us_code_classification; target_section_diff; amended_section_identifier; source_reviewed_statutory_lineage; human_source_review_disposition; complete_target_reference_inventory; unreviewed_source_scan_candidate_references; reviewed_packet_disposition_context_for_complete_lineage,reports/statutory-lineage-complete-lineage-expansion-queue.csv; reports/statutory-lineage-target-section-triage.csv; reports/statutory-lineage-target-review-packets.csv; reports/statutory-lineage-source-scan.csv,"Target packet expansion queue only; rows identify already-triaged U.S.C. target references that are absent from the current OLRC target-review packet set. This artifact does not establish codified lineage, target-section text diffs, effective statutory text, public-law attribution, implementation outcomes, direct target-section court review, welfare evidence, causal effects, or model validation."
22,3,3,48,3,117-hr-6833,117-180,Economics and Public Finance,42 USC 5305(a),direct_us_code_reference,needs_olrc_us_code_note_review,triaged_reference_needs_olrc_target_review_packet,1,0,0,0,0,"Act of 1974 (42 U.S.C. 5305(a)): Provided further, That such amount is",https://www.govinfo.gov/content/pkg/PLAW-117publ180/html/PLAW-117publ180.htm,source_reviewed_target_diff_attribution_reviewed_candidate_expansion_open,320,28,complete_codified_usc_lineage_review; implementation_outcomes_or_enforcement; direct_target_section_court_review; welfare_or_public_benefit; model_validation,"Build an official OLRC pre/post target-review packet for this triaged reference, preserving annual URLs, source hashes, public-law context, and manual source-review disposition boundaries.",statutory_lineage_target_packet_expansion_queue; statutory_lineage_complete_lineage_expansion_queue; govinfo_public_law_text_scan; statutory_lineage_review_queue; bill_law_lifecycle_next_actions; bill_law_evidence_spine; bill_action_metadata; law_revision_text_proxy; official_olrc_public_law_marker_adjudication; official_olrc_post_only_public_law_marker; statutory_lineage_target_section_review_packet; statutory_lineage_target_section_diff_review; statutory_lineage_source_reviewed_target_section_diff; sponsor_district_public_opinion_metadata; sponsor_district_bill_policy_area_context; topic_throughput_policy_area; campaign_finance_sponsor_policy_area_context; lobbying_issue_bill_policy_area_context; official_lda_filing_text_bill_identifier; federal_register_authority_search_match; federal_register_authority_text_verified; federal_register_proposed_rule_history_match; proposed_rule_shared_identifier_match; proposed_rule_regulations_gov_comment_portal_metadata; federal_register_exposed_regulations_gov_comment_metadata; federal_register_final_effective_date_timing; federal_register_proposed_to_final_timing; court_review_usc_section_authority_overlap; scdb_law_minor_usc_section; statutory_lineage_source_scan; target_section_candidate_triage; statutory_lineage_olrc_historical_scan; official_olrc_annual_us_code_page; bounded_annual_text_diff_cue_scan; statutory_lineage_olrc_annual_text_diff; official_olrc_annual_us_code_text_diff; official_olrc_current_us_code_page; statutory_lineage_effective_text_source_review; official_govinfo_public_law_text_scan; statutory_lineage_public_law_attribution_review,olrc_pre_post_target_review_packet; source_reviewed_target_section_diff; law_revision_effective_text; public_law_causal_attribution; complete_codified_usc_lineage_review; implementation_outcomes_or_enforcement; direct_target_section_court_review; welfare_or_public_benefit; model_validation; bill_topic_public_opinion; codified_usc_lineage; complete_regulations_comments; full_bill_progression_census_overlap; unified_agenda_stage; direct_case_to_public_law_identifier; reviewed_case_disposition_to_public_law; acquired_bill_topic_survey_item_id; survey_item_crosswalk; MRP_or_small_area_estimate; bill_text_specific_affected_population_denominator; issue_specific_affected_group_support; affected_group_harm; public_benefit; causal_representation; direct_case_to_bill_identifier; emergency_order_dataset; lower_court_history; causal_invalidation_effect; implementation_outcome; direct_court_review_of_target_section; exact_target_reference_implementation_authority; exact_target_reference_court_overlap; source_reviewed_raw_scdb_target_section_disposition; implementation_outcomes; court_review; olrc_us_code_classification; target_section_diff; amended_section_identifier; source_reviewed_statutory_lineage; human_source_review_disposition; complete_target_reference_inventory; unreviewed_source_scan_candidate_references; reviewed_packet_disposition_context_for_complete_lineage,reports/statutory-lineage-complete-lineage-expansion-queue.csv; reports/statutory-lineage-target-section-triage.csv; reports/statutory-lineage-target-review-packets.csv; reports/statutory-lineage-source-scan.csv,"Target packet expansion queue only; rows identify already-triaged U.S.C. target references that are absent from the current OLRC target-review packet set. This artifact does not establish codified lineage, target-section text diffs, effective statutory text, public-law attribution, implementation outcomes, direct target-section court review, welfare evidence, causal effects, or model validation."
23,3,3,49,3,117-hr-6833,117-180,Economics and Public Finance,42 USC 8621,direct_us_code_reference,needs_olrc_us_code_note_review,triaged_reference_needs_olrc_target_review_packet,1,0,0,0,0,"Assistance Act of 1981 (42 U.S.C. 8621 et seq.): Provided, That of the",https://www.govinfo.gov/content/pkg/PLAW-117publ180/html/PLAW-117publ180.htm,source_reviewed_target_diff_attribution_reviewed_candidate_expansion_open,320,28,complete_codified_usc_lineage_review; implementation_outcomes_or_enforcement; direct_target_section_court_review; welfare_or_public_benefit; model_validation,"Build an official OLRC pre/post target-review packet for this triaged reference, preserving annual URLs, source hashes, public-law context, and manual source-review disposition boundaries.",statutory_lineage_target_packet_expansion_queue; statutory_lineage_complete_lineage_expansion_queue; govinfo_public_law_text_scan; statutory_lineage_review_queue; bill_law_lifecycle_next_actions; bill_law_evidence_spine; bill_action_metadata; law_revision_text_proxy; official_olrc_public_law_marker_adjudication; official_olrc_post_only_public_law_marker; statutory_lineage_target_section_review_packet; statutory_lineage_target_section_diff_review; statutory_lineage_source_reviewed_target_section_diff; sponsor_district_public_opinion_metadata; sponsor_district_bill_policy_area_context; topic_throughput_policy_area; campaign_finance_sponsor_policy_area_context; lobbying_issue_bill_policy_area_context; official_lda_filing_text_bill_identifier; federal_register_authority_search_match; federal_register_authority_text_verified; federal_register_proposed_rule_history_match; proposed_rule_shared_identifier_match; proposed_rule_regulations_gov_comment_portal_metadata; federal_register_exposed_regulations_gov_comment_metadata; federal_register_final_effective_date_timing; federal_register_proposed_to_final_timing; court_review_usc_section_authority_overlap; scdb_law_minor_usc_section; statutory_lineage_source_scan; target_section_candidate_triage; statutory_lineage_olrc_historical_scan; official_olrc_annual_us_code_page; bounded_annual_text_diff_cue_scan; statutory_lineage_olrc_annual_text_diff; official_olrc_annual_us_code_text_diff; official_olrc_current_us_code_page; statutory_lineage_effective_text_source_review; official_govinfo_public_law_text_scan; statutory_lineage_public_law_attribution_review,olrc_pre_post_target_review_packet; source_reviewed_target_section_diff; law_revision_effective_text; public_law_causal_attribution; complete_codified_usc_lineage_review; implementation_outcomes_or_enforcement; direct_target_section_court_review; welfare_or_public_benefit; model_validation; bill_topic_public_opinion; codified_usc_lineage; complete_regulations_comments; full_bill_progression_census_overlap; unified_agenda_stage; direct_case_to_public_law_identifier; reviewed_case_disposition_to_public_law; acquired_bill_topic_survey_item_id; survey_item_crosswalk; MRP_or_small_area_estimate; bill_text_specific_affected_population_denominator; issue_specific_affected_group_support; affected_group_harm; public_benefit; causal_representation; direct_case_to_bill_identifier; emergency_order_dataset; lower_court_history; causal_invalidation_effect; implementation_outcome; direct_court_review_of_target_section; exact_target_reference_implementation_authority; exact_target_reference_court_overlap; source_reviewed_raw_scdb_target_section_disposition; implementation_outcomes; court_review; olrc_us_code_classification; target_section_diff; amended_section_identifier; source_reviewed_statutory_lineage; human_source_review_disposition; complete_target_reference_inventory; unreviewed_source_scan_candidate_references; reviewed_packet_disposition_context_for_complete_lineage,reports/statutory-lineage-complete-lineage-expansion-queue.csv; reports/statutory-lineage-target-section-triage.csv; reports/statutory-lineage-target-review-packets.csv; reports/statutory-lineage-source-scan.csv,"Target packet expansion queue only; rows identify already-triaged U.S.C. target references that are absent from the current OLRC target-review packet set. This artifact does not establish codified lineage, target-section text diffs, effective statutory text, public-law attribution, implementation outcomes, direct target-section court review, welfare evidence, causal effects, or model validation."
24,3,3,50,3,117-hr-6833,117-180,Economics and Public Finance,43 USC 2214(c),direct_us_code_reference,needs_olrc_us_code_note_review,triaged_reference_needs_olrc_target_review_packet,1,0,0,0,0,Reclamation States Emergency Drought Relief Act of 1991 (43 U.S.C. 2214(c)) shall be applied by substituting ``2023'' for ``2022''.,https://www.govinfo.gov/content/pkg/PLAW-117publ180/html/PLAW-117publ180.htm,source_reviewed_target_diff_attribution_reviewed_candidate_expansion_open,320,28,complete_codified_usc_lineage_review; implementation_outcomes_or_enforcement; direct_target_section_court_review; welfare_or_public_benefit; model_validation,"Build an official OLRC pre/post target-review packet for this triaged reference, preserving annual URLs, source hashes, public-law context, and manual source-review disposition boundaries.",statutory_lineage_target_packet_expansion_queue; statutory_lineage_complete_lineage_expansion_queue; govinfo_public_law_text_scan; statutory_lineage_review_queue; bill_law_lifecycle_next_actions; bill_law_evidence_spine; bill_action_metadata; law_revision_text_proxy; official_olrc_public_law_marker_adjudication; official_olrc_post_only_public_law_marker; statutory_lineage_target_section_review_packet; statutory_lineage_target_section_diff_review; statutory_lineage_source_reviewed_target_section_diff; sponsor_district_public_opinion_metadata; sponsor_district_bill_policy_area_context; topic_throughput_policy_area; campaign_finance_sponsor_policy_area_context; lobbying_issue_bill_policy_area_context; official_lda_filing_text_bill_identifier; federal_register_authority_search_match; federal_register_authority_text_verified; federal_register_proposed_rule_history_match; proposed_rule_shared_identifier_match; proposed_rule_regulations_gov_comment_portal_metadata; federal_register_exposed_regulations_gov_comment_metadata; federal_register_final_effective_date_timing; federal_register_proposed_to_final_timing; court_review_usc_section_authority_overlap; scdb_law_minor_usc_section; statutory_lineage_source_scan; target_section_candidate_triage; statutory_lineage_olrc_historical_scan; official_olrc_annual_us_code_page; bounded_annual_text_diff_cue_scan; statutory_lineage_olrc_annual_text_diff; official_olrc_annual_us_code_text_diff; official_olrc_current_us_code_page; statutory_lineage_effective_text_source_review; official_govinfo_public_law_text_scan; statutory_lineage_public_law_attribution_review,olrc_pre_post_target_review_packet; source_reviewed_target_section_diff; law_revision_effective_text; public_law_causal_attribution; complete_codified_usc_lineage_review; implementation_outcomes_or_enforcement; direct_target_section_court_review; welfare_or_public_benefit; model_validation; bill_topic_public_opinion; codified_usc_lineage; complete_regulations_comments; full_bill_progression_census_overlap; unified_agenda_stage; direct_case_to_public_law_identifier; reviewed_case_disposition_to_public_law; acquired_bill_topic_survey_item_id; survey_item_crosswalk; MRP_or_small_area_estimate; bill_text_specific_affected_population_denominator; issue_specific_affected_group_support; affected_group_harm; public_benefit; causal_representation; direct_case_to_bill_identifier; emergency_order_dataset; lower_court_history; causal_invalidation_effect; implementation_outcome; direct_court_review_of_target_section; exact_target_reference_implementation_authority; exact_target_reference_court_overlap; source_reviewed_raw_scdb_target_section_disposition; implementation_outcomes; court_review; olrc_us_code_classification; target_section_diff; amended_section_identifier; source_reviewed_statutory_lineage; human_source_review_disposition; complete_target_reference_inventory; unreviewed_source_scan_candidate_references; reviewed_packet_disposition_context_for_complete_lineage,reports/statutory-lineage-complete-lineage-expansion-queue.csv; reports/statutory-lineage-target-section-triage.csv; reports/statutory-lineage-target-review-packets.csv; reports/statutory-lineage-source-scan.csv,"Target packet expansion queue only; rows identify already-triaged U.S.C. target references that are absent from the current OLRC target-review packet set. This artifact does not establish codified lineage, target-section text diffs, effective statutory text, public-law attribution, implementation outcomes, direct target-section court review, welfare evidence, causal effects, or model validation."
25,3,3,51,3,117-hr-6833,117-180,Economics and Public Finance,43 USC 2241,direct_us_code_reference,needs_olrc_us_code_note_review,triaged_reference_needs_olrc_target_review_packet,1,0,0,0,0,Reclamation States Emergency Drought Relief Act of 1991 (43 U.S.C. 2241),https://www.govinfo.gov/content/pkg/PLAW-117publ180/html/PLAW-117publ180.htm,source_reviewed_target_diff_attribution_reviewed_candidate_expansion_open,320,28,complete_codified_usc_lineage_review; implementation_outcomes_or_enforcement; direct_target_section_court_review; welfare_or_public_benefit; model_validation,"Build an official OLRC pre/post target-review packet for this triaged reference, preserving annual URLs, source hashes, public-law context, and manual source-review disposition boundaries.",statutory_lineage_target_packet_expansion_queue; statutory_lineage_complete_lineage_expansion_queue; govinfo_public_law_text_scan; statutory_lineage_review_queue; bill_law_lifecycle_next_actions; bill_law_evidence_spine; bill_action_metadata; law_revision_text_proxy; official_olrc_public_law_marker_adjudication; official_olrc_post_only_public_law_marker; statutory_lineage_target_section_review_packet; statutory_lineage_target_section_diff_review; statutory_lineage_source_reviewed_target_section_diff; sponsor_district_public_opinion_metadata; sponsor_district_bill_policy_area_context; topic_throughput_policy_area; campaign_finance_sponsor_policy_area_context; lobbying_issue_bill_policy_area_context; official_lda_filing_text_bill_identifier; federal_register_authority_search_match; federal_register_authority_text_verified; federal_register_proposed_rule_history_match; proposed_rule_shared_identifier_match; proposed_rule_regulations_gov_comment_portal_metadata; federal_register_exposed_regulations_gov_comment_metadata; federal_register_final_effective_date_timing; federal_register_proposed_to_final_timing; court_review_usc_section_authority_overlap; scdb_law_minor_usc_section; statutory_lineage_source_scan; target_section_candidate_triage; statutory_lineage_olrc_historical_scan; official_olrc_annual_us_code_page; bounded_annual_text_diff_cue_scan; statutory_lineage_olrc_annual_text_diff; official_olrc_annual_us_code_text_diff; official_olrc_current_us_code_page; statutory_lineage_effective_text_source_review; official_govinfo_public_law_text_scan; statutory_lineage_public_law_attribution_review,olrc_pre_post_target_review_packet; source_reviewed_target_section_diff; law_revision_effective_text; public_law_causal_attribution; complete_codified_usc_lineage_review; implementation_outcomes_or_enforcement; direct_target_section_court_review; welfare_or_public_benefit; model_validation; bill_topic_public_opinion; codified_usc_lineage; complete_regulations_comments; full_bill_progression_census_overlap; unified_agenda_stage; direct_case_to_public_law_identifier; reviewed_case_disposition_to_public_law; acquired_bill_topic_survey_item_id; survey_item_crosswalk; MRP_or_small_area_estimate; bill_text_specific_affected_population_denominator; issue_specific_affected_group_support; affected_group_harm; public_benefit; causal_representation; direct_case_to_bill_identifier; emergency_order_dataset; lower_court_history; causal_invalidation_effect; implementation_outcome; direct_court_review_of_target_section; exact_target_reference_implementation_authority; exact_target_reference_court_overlap; source_reviewed_raw_scdb_target_section_disposition; implementation_outcomes; court_review; olrc_us_code_classification; target_section_diff; amended_section_identifier; source_reviewed_statutory_lineage; human_source_review_disposition; complete_target_reference_inventory; unreviewed_source_scan_candidate_references; reviewed_packet_disposition_context_for_complete_lineage,reports/statutory-lineage-complete-lineage-expansion-queue.csv; reports/statutory-lineage-target-section-triage.csv; reports/statutory-lineage-target-review-packets.csv; reports/statutory-lineage-source-scan.csv,"Target packet expansion queue only; rows identify already-triaged U.S.C. target references that are absent from the current OLRC target-review packet set. This artifact does not establish codified lineage, target-section text diffs, effective statutory text, public-law attribution, implementation outcomes, direct target-section court review, welfare evidence, causal effects, or model validation."
26,3,3,53,3,117-hr-6833,117-180,Economics and Public Finance,50 USC 3094(a)(1),direct_us_code_reference,needs_olrc_us_code_note_review,triaged_reference_needs_olrc_target_review_packet,1,0,0,0,0,of the National Security Act of 1947 (50 U.S.C. 3094(a)(1)).,https://www.govinfo.gov/content/pkg/PLAW-117publ180/html/PLAW-117publ180.htm,source_reviewed_target_diff_attribution_reviewed_candidate_expansion_open,320,28,complete_codified_usc_lineage_review; implementation_outcomes_or_enforcement; direct_target_section_court_review; welfare_or_public_benefit; model_validation,"Build an official OLRC pre/post target-review packet for this triaged reference, preserving annual URLs, source hashes, public-law context, and manual source-review disposition boundaries.",statutory_lineage_target_packet_expansion_queue; statutory_lineage_complete_lineage_expansion_queue; govinfo_public_law_text_scan; statutory_lineage_review_queue; bill_law_lifecycle_next_actions; bill_law_evidence_spine; bill_action_metadata; law_revision_text_proxy; official_olrc_public_law_marker_adjudication; official_olrc_post_only_public_law_marker; statutory_lineage_target_section_review_packet; statutory_lineage_target_section_diff_review; statutory_lineage_source_reviewed_target_section_diff; sponsor_district_public_opinion_metadata; sponsor_district_bill_policy_area_context; topic_throughput_policy_area; campaign_finance_sponsor_policy_area_context; lobbying_issue_bill_policy_area_context; official_lda_filing_text_bill_identifier; federal_register_authority_search_match; federal_register_authority_text_verified; federal_register_proposed_rule_history_match; proposed_rule_shared_identifier_match; proposed_rule_regulations_gov_comment_portal_metadata; federal_register_exposed_regulations_gov_comment_metadata; federal_register_final_effective_date_timing; federal_register_proposed_to_final_timing; court_review_usc_section_authority_overlap; scdb_law_minor_usc_section; statutory_lineage_source_scan; target_section_candidate_triage; statutory_lineage_olrc_historical_scan; official_olrc_annual_us_code_page; bounded_annual_text_diff_cue_scan; statutory_lineage_olrc_annual_text_diff; official_olrc_annual_us_code_text_diff; official_olrc_current_us_code_page; statutory_lineage_effective_text_source_review; official_govinfo_public_law_text_scan; statutory_lineage_public_law_attribution_review,olrc_pre_post_target_review_packet; source_reviewed_target_section_diff; law_revision_effective_text; public_law_causal_attribution; complete_codified_usc_lineage_review; implementation_outcomes_or_enforcement; direct_target_section_court_review; welfare_or_public_benefit; model_validation; bill_topic_public_opinion; codified_usc_lineage; complete_regulations_comments; full_bill_progression_census_overlap; unified_agenda_stage; direct_case_to_public_law_identifier; reviewed_case_disposition_to_public_law; acquired_bill_topic_survey_item_id; survey_item_crosswalk; MRP_or_small_area_estimate; bill_text_specific_affected_population_denominator; issue_specific_affected_group_support; affected_group_harm; public_benefit; causal_representation; direct_case_to_bill_identifier; emergency_order_dataset; lower_court_history; causal_invalidation_effect; implementation_outcome; direct_court_review_of_target_section; exact_target_reference_implementation_authority; exact_target_reference_court_overlap; source_reviewed_raw_scdb_target_section_disposition; implementation_outcomes; court_review; olrc_us_code_classification; target_section_diff; amended_section_identifier; source_reviewed_statutory_lineage; human_source_review_disposition; complete_target_reference_inventory; unreviewed_source_scan_candidate_references; reviewed_packet_disposition_context_for_complete_lineage,reports/statutory-lineage-complete-lineage-expansion-queue.csv; reports/statutory-lineage-target-section-triage.csv; reports/statutory-lineage-target-review-packets.csv; reports/statutory-lineage-source-scan.csv,"Target packet expansion queue only; rows identify already-triaged U.S.C. target references that are absent from the current OLRC target-review packet set. This artifact does not establish codified lineage, target-section text diffs, effective statutory text, public-law attribution, implementation outcomes, direct target-section court review, welfare evidence, causal effects, or model validation."
27,3,3,54,3,117-hr-6833,117-180,Economics and Public Finance,6 USC 124n(i),direct_us_code_reference,needs_olrc_us_code_note_review,triaged_reference_needs_olrc_target_review_packet,1,0,0,0,0,the Homeland Security Act of 2002 (6 U.S.C. 124n(i)) shall be applied by,https://www.govinfo.gov/content/pkg/PLAW-117publ180/html/PLAW-117publ180.htm,source_reviewed_target_diff_attribution_reviewed_candidate_expansion_open,320,28,complete_codified_usc_lineage_review; implementation_outcomes_or_enforcement; direct_target_section_court_review; welfare_or_public_benefit; model_validation,"Build an official OLRC pre/post target-review packet for this triaged reference, preserving annual URLs, source hashes, public-law context, and manual source-review disposition boundaries.",statutory_lineage_target_packet_expansion_queue; statutory_lineage_complete_lineage_expansion_queue; govinfo_public_law_text_scan; statutory_lineage_review_queue; bill_law_lifecycle_next_actions; bill_law_evidence_spine; bill_action_metadata; law_revision_text_proxy; official_olrc_public_law_marker_adjudication; official_olrc_post_only_public_law_marker; statutory_lineage_target_section_review_packet; statutory_lineage_target_section_diff_review; statutory_lineage_source_reviewed_target_section_diff; sponsor_district_public_opinion_metadata; sponsor_district_bill_policy_area_context; topic_throughput_policy_area; campaign_finance_sponsor_policy_area_context; lobbying_issue_bill_policy_area_context; official_lda_filing_text_bill_identifier; federal_register_authority_search_match; federal_register_authority_text_verified; federal_register_proposed_rule_history_match; proposed_rule_shared_identifier_match; proposed_rule_regulations_gov_comment_portal_metadata; federal_register_exposed_regulations_gov_comment_metadata; federal_register_final_effective_date_timing; federal_register_proposed_to_final_timing; court_review_usc_section_authority_overlap; scdb_law_minor_usc_section; statutory_lineage_source_scan; target_section_candidate_triage; statutory_lineage_olrc_historical_scan; official_olrc_annual_us_code_page; bounded_annual_text_diff_cue_scan; statutory_lineage_olrc_annual_text_diff; official_olrc_annual_us_code_text_diff; official_olrc_current_us_code_page; statutory_lineage_effective_text_source_review; official_govinfo_public_law_text_scan; statutory_lineage_public_law_attribution_review,olrc_pre_post_target_review_packet; source_reviewed_target_section_diff; law_revision_effective_text; public_law_causal_attribution; complete_codified_usc_lineage_review; implementation_outcomes_or_enforcement; direct_target_section_court_review; welfare_or_public_benefit; model_validation; bill_topic_public_opinion; codified_usc_lineage; complete_regulations_comments; full_bill_progression_census_overlap; unified_agenda_stage; direct_case_to_public_law_identifier; reviewed_case_disposition_to_public_law; acquired_bill_topic_survey_item_id; survey_item_crosswalk; MRP_or_small_area_estimate; bill_text_specific_affected_population_denominator; issue_specific_affected_group_support; affected_group_harm; public_benefit; causal_representation; direct_case_to_bill_identifier; emergency_order_dataset; lower_court_history; causal_invalidation_effect; implementation_outcome; direct_court_review_of_target_section; exact_target_reference_implementation_authority; exact_target_reference_court_overlap; source_reviewed_raw_scdb_target_section_disposition; implementation_outcomes; court_review; olrc_us_code_classification; target_section_diff; amended_section_identifier; source_reviewed_statutory_lineage; human_source_review_disposition; complete_target_reference_inventory; unreviewed_source_scan_candidate_references; reviewed_packet_disposition_context_for_complete_lineage,reports/statutory-lineage-complete-lineage-expansion-queue.csv; reports/statutory-lineage-target-section-triage.csv; reports/statutory-lineage-target-review-packets.csv; reports/statutory-lineage-source-scan.csv,"Target packet expansion queue only; rows identify already-triaged U.S.C. target references that are absent from the current OLRC target-review packet set. This artifact does not establish codified lineage, target-section text diffs, effective statutory text, public-law attribution, implementation outcomes, direct target-section court review, welfare evidence, causal effects, or model validation."
28,3,3,55,3,117-hr-6833,117-180,Economics and Public Finance,6 USC 348(b)(13),direct_us_code_reference,needs_olrc_us_code_note_review,triaged_reference_needs_olrc_target_review_packet,1,0,0,0,0,Homeland Security Act of 2002 (6 U.S.C. 348(b)(13)) shall be applied by,https://www.govinfo.gov/content/pkg/PLAW-117publ180/html/PLAW-117publ180.htm,source_reviewed_target_diff_attribution_reviewed_candidate_expansion_open,320,28,complete_codified_usc_lineage_review; implementation_outcomes_or_enforcement; direct_target_section_court_review; welfare_or_public_benefit; model_validation,"Build an official OLRC pre/post target-review packet for this triaged reference, preserving annual URLs, source hashes, public-law context, and manual source-review disposition boundaries.",statutory_lineage_target_packet_expansion_queue; statutory_lineage_complete_lineage_expansion_queue; govinfo_public_law_text_scan; statutory_lineage_review_queue; bill_law_lifecycle_next_actions; bill_law_evidence_spine; bill_action_metadata; law_revision_text_proxy; official_olrc_public_law_marker_adjudication; official_olrc_post_only_public_law_marker; statutory_lineage_target_section_review_packet; statutory_lineage_target_section_diff_review; statutory_lineage_source_reviewed_target_section_diff; sponsor_district_public_opinion_metadata; sponsor_district_bill_policy_area_context; topic_throughput_policy_area; campaign_finance_sponsor_policy_area_context; lobbying_issue_bill_policy_area_context; official_lda_filing_text_bill_identifier; federal_register_authority_search_match; federal_register_authority_text_verified; federal_register_proposed_rule_history_match; proposed_rule_shared_identifier_match; proposed_rule_regulations_gov_comment_portal_metadata; federal_register_exposed_regulations_gov_comment_metadata; federal_register_final_effective_date_timing; federal_register_proposed_to_final_timing; court_review_usc_section_authority_overlap; scdb_law_minor_usc_section; statutory_lineage_source_scan; target_section_candidate_triage; statutory_lineage_olrc_historical_scan; official_olrc_annual_us_code_page; bounded_annual_text_diff_cue_scan; statutory_lineage_olrc_annual_text_diff; official_olrc_annual_us_code_text_diff; official_olrc_current_us_code_page; statutory_lineage_effective_text_source_review; official_govinfo_public_law_text_scan; statutory_lineage_public_law_attribution_review,olrc_pre_post_target_review_packet; source_reviewed_target_section_diff; law_revision_effective_text; public_law_causal_attribution; complete_codified_usc_lineage_review; implementation_outcomes_or_enforcement; direct_target_section_court_review; welfare_or_public_benefit; model_validation; bill_topic_public_opinion; codified_usc_lineage; complete_regulations_comments; full_bill_progression_census_overlap; unified_agenda_stage; direct_case_to_public_law_identifier; reviewed_case_disposition_to_public_law; acquired_bill_topic_survey_item_id; survey_item_crosswalk; MRP_or_small_area_estimate; bill_text_specific_affected_population_denominator; issue_specific_affected_group_support; affected_group_harm; public_benefit; causal_representation; direct_case_to_bill_identifier; emergency_order_dataset; lower_court_history; causal_invalidation_effect; implementation_outcome; direct_court_review_of_target_section; exact_target_reference_implementation_authority; exact_target_reference_court_overlap; source_reviewed_raw_scdb_target_section_disposition; implementation_outcomes; court_review; olrc_us_code_classification; target_section_diff; amended_section_identifier; source_reviewed_statutory_lineage; human_source_review_disposition; complete_target_reference_inventory; unreviewed_source_scan_candidate_references; reviewed_packet_disposition_context_for_complete_lineage,reports/statutory-lineage-complete-lineage-expansion-queue.csv; reports/statutory-lineage-target-section-triage.csv; reports/statutory-lineage-target-review-packets.csv; reports/statutory-lineage-source-scan.csv,"Target packet expansion queue only; rows identify already-triaged U.S.C. target references that are absent from the current OLRC target-review packet set. This artifact does not establish codified lineage, target-section text diffs, effective statutory text, public-law attribution, implementation outcomes, direct target-section court review, welfare evidence, causal effects, or model validation."
29,3,3,56,3,117-hr-6833,117-180,Economics and Public Finance,6 USC 383(a),direct_us_code_reference,needs_olrc_us_code_note_review,triaged_reference_needs_olrc_target_review_packet,1,0,0,0,0,"this Act, section 822(a) of the Homeland Security Act of 2002 (6 U.S.C. 383(a)) shall be applied by substituting ``2023'' for ``2022''.",https://www.govinfo.gov/content/pkg/PLAW-117publ180/html/PLAW-117publ180.htm,source_reviewed_target_diff_attribution_reviewed_candidate_expansion_open,320,28,complete_codified_usc_lineage_review; implementation_outcomes_or_enforcement; direct_target_section_court_review; welfare_or_public_benefit; model_validation,"Build an official OLRC pre/post target-review packet for this triaged reference, preserving annual URLs, source hashes, public-law context, and manual source-review disposition boundaries.",statutory_lineage_target_packet_expansion_queue; statutory_lineage_complete_lineage_expansion_queue; govinfo_public_law_text_scan; statutory_lineage_review_queue; bill_law_lifecycle_next_actions; bill_law_evidence_spine; bill_action_metadata; law_revision_text_proxy; official_olrc_public_law_marker_adjudication; official_olrc_post_only_public_law_marker; statutory_lineage_target_section_review_packet; statutory_lineage_target_section_diff_review; statutory_lineage_source_reviewed_target_section_diff; sponsor_district_public_opinion_metadata; sponsor_district_bill_policy_area_context; topic_throughput_policy_area; campaign_finance_sponsor_policy_area_context; lobbying_issue_bill_policy_area_context; official_lda_filing_text_bill_identifier; federal_register_authority_search_match; federal_register_authority_text_verified; federal_register_proposed_rule_history_match; proposed_rule_shared_identifier_match; proposed_rule_regulations_gov_comment_portal_metadata; federal_register_exposed_regulations_gov_comment_metadata; federal_register_final_effective_date_timing; federal_register_proposed_to_final_timing; court_review_usc_section_authority_overlap; scdb_law_minor_usc_section; statutory_lineage_source_scan; target_section_candidate_triage; statutory_lineage_olrc_historical_scan; official_olrc_annual_us_code_page; bounded_annual_text_diff_cue_scan; statutory_lineage_olrc_annual_text_diff; official_olrc_annual_us_code_text_diff; official_olrc_current_us_code_page; statutory_lineage_effective_text_source_review; official_govinfo_public_law_text_scan; statutory_lineage_public_law_attribution_review,olrc_pre_post_target_review_packet; source_reviewed_target_section_diff; law_revision_effective_text; public_law_causal_attribution; complete_codified_usc_lineage_review; implementation_outcomes_or_enforcement; direct_target_section_court_review; welfare_or_public_benefit; model_validation; bill_topic_public_opinion; codified_usc_lineage; complete_regulations_comments; full_bill_progression_census_overlap; unified_agenda_stage; direct_case_to_public_law_identifier; reviewed_case_disposition_to_public_law; acquired_bill_topic_survey_item_id; survey_item_crosswalk; MRP_or_small_area_estimate; bill_text_specific_affected_population_denominator; issue_specific_affected_group_support; affected_group_harm; public_benefit; causal_representation; direct_case_to_bill_identifier; emergency_order_dataset; lower_court_history; causal_invalidation_effect; implementation_outcome; direct_court_review_of_target_section; exact_target_reference_implementation_authority; exact_target_reference_court_overlap; source_reviewed_raw_scdb_target_section_disposition; implementation_outcomes; court_review; olrc_us_code_classification; target_section_diff; amended_section_identifier; source_reviewed_statutory_lineage; human_source_review_disposition; complete_target_reference_inventory; unreviewed_source_scan_candidate_references; reviewed_packet_disposition_context_for_complete_lineage,reports/statutory-lineage-complete-lineage-expansion-queue.csv; reports/statutory-lineage-target-section-triage.csv; reports/statutory-lineage-target-review-packets.csv; reports/statutory-lineage-source-scan.csv,"Target packet expansion queue only; rows identify already-triaged U.S.C. target references that are absent from the current OLRC target-review packet set. This artifact does not establish codified lineage, target-section text diffs, effective statutory text, public-law attribution, implementation outcomes, direct target-section court review, welfare evidence, causal effects, or model validation."
30,3,3,57,3,117-hr-6833,117-180,Economics and Public Finance,7 USC 1635 note,direct_us_code_reference,needs_olrc_us_code_note_review,triaged_reference_needs_olrc_target_review_packet,1,0,0,0,0,Mandatory Reporting Act of 1999 (7 U.S.C. 1635 note,https://www.govinfo.gov/content/pkg/PLAW-117publ180/html/PLAW-117publ180.htm,source_reviewed_target_diff_attribution_reviewed_candidate_expansion_open,320,28,complete_codified_usc_lineage_review; implementation_outcomes_or_enforcement; direct_target_section_court_review; welfare_or_public_benefit; model_validation,"Build an official OLRC pre/post target-review packet for this triaged reference, preserving annual URLs, source hashes, public-law context, and manual source-review disposition boundaries.",statutory_lineage_target_packet_expansion_queue; statutory_lineage_complete_lineage_expansion_queue; govinfo_public_law_text_scan; statutory_lineage_review_queue; bill_law_lifecycle_next_actions; bill_law_evidence_spine; bill_action_metadata; law_revision_text_proxy; official_olrc_public_law_marker_adjudication; official_olrc_post_only_public_law_marker; statutory_lineage_target_section_review_packet; statutory_lineage_target_section_diff_review; statutory_lineage_source_reviewed_target_section_diff; sponsor_district_public_opinion_metadata; sponsor_district_bill_policy_area_context; topic_throughput_policy_area; campaign_finance_sponsor_policy_area_context; lobbying_issue_bill_policy_area_context; official_lda_filing_text_bill_identifier; federal_register_authority_search_match; federal_register_authority_text_verified; federal_register_proposed_rule_history_match; proposed_rule_shared_identifier_match; proposed_rule_regulations_gov_comment_portal_metadata; federal_register_exposed_regulations_gov_comment_metadata; federal_register_final_effective_date_timing; federal_register_proposed_to_final_timing; court_review_usc_section_authority_overlap; scdb_law_minor_usc_section; statutory_lineage_source_scan; target_section_candidate_triage; statutory_lineage_olrc_historical_scan; official_olrc_annual_us_code_page; bounded_annual_text_diff_cue_scan; statutory_lineage_olrc_annual_text_diff; official_olrc_annual_us_code_text_diff; official_olrc_current_us_code_page; statutory_lineage_effective_text_source_review; official_govinfo_public_law_text_scan; statutory_lineage_public_law_attribution_review,olrc_pre_post_target_review_packet; source_reviewed_target_section_diff; law_revision_effective_text; public_law_causal_attribution; complete_codified_usc_lineage_review; implementation_outcomes_or_enforcement; direct_target_section_court_review; welfare_or_public_benefit; model_validation; bill_topic_public_opinion; codified_usc_lineage; complete_regulations_comments; full_bill_progression_census_overlap; unified_agenda_stage; direct_case_to_public_law_identifier; reviewed_case_disposition_to_public_law; acquired_bill_topic_survey_item_id; survey_item_crosswalk; MRP_or_small_area_estimate; bill_text_specific_affected_population_denominator; issue_specific_affected_group_support; affected_group_harm; public_benefit; causal_representation; direct_case_to_bill_identifier; emergency_order_dataset; lower_court_history; causal_invalidation_effect; implementation_outcome; direct_court_review_of_target_section; exact_target_reference_implementation_authority; exact_target_reference_court_overlap; source_reviewed_raw_scdb_target_section_disposition; implementation_outcomes; court_review; olrc_us_code_classification; target_section_diff; amended_section_identifier; source_reviewed_statutory_lineage; human_source_review_disposition; complete_target_reference_inventory; unreviewed_source_scan_candidate_references; reviewed_packet_disposition_context_for_complete_lineage,reports/statutory-lineage-complete-lineage-expansion-queue.csv; reports/statutory-lineage-target-section-triage.csv; reports/statutory-lineage-target-review-packets.csv; reports/statutory-lineage-source-scan.csv,"Target packet expansion queue only; rows identify already-triaged U.S.C. target references that are absent from the current OLRC target-review packet set. This artifact does not establish codified lineage, target-section text diffs, effective statutory text, public-law attribution, implementation outcomes, direct target-section court review, welfare evidence, causal effects, or model validation."
31,3,3,58,3,117-hr-6833,117-180,Economics and Public Finance,7 USC 1636i,direct_us_code_reference,needs_olrc_us_code_note_review,triaged_reference_needs_olrc_target_review_packet,1,0,0,0,0,Marketing Act of 1946 (7 U.S.C. 1636i) and section 942 of the Livestock,https://www.govinfo.gov/content/pkg/PLAW-117publ180/html/PLAW-117publ180.htm,source_reviewed_target_diff_attribution_reviewed_candidate_expansion_open,320,28,complete_codified_usc_lineage_review; implementation_outcomes_or_enforcement; direct_target_section_court_review; welfare_or_public_benefit; model_validation,"Build an official OLRC pre/post target-review packet for this triaged reference, preserving annual URLs, source hashes, public-law context, and manual source-review disposition boundaries.",statutory_lineage_target_packet_expansion_queue; statutory_lineage_complete_lineage_expansion_queue; govinfo_public_law_text_scan; statutory_lineage_review_queue; bill_law_lifecycle_next_actions; bill_law_evidence_spine; bill_action_metadata; law_revision_text_proxy; official_olrc_public_law_marker_adjudication; official_olrc_post_only_public_law_marker; statutory_lineage_target_section_review_packet; statutory_lineage_target_section_diff_review; statutory_lineage_source_reviewed_target_section_diff; sponsor_district_public_opinion_metadata; sponsor_district_bill_policy_area_context; topic_throughput_policy_area; campaign_finance_sponsor_policy_area_context; lobbying_issue_bill_policy_area_context; official_lda_filing_text_bill_identifier; federal_register_authority_search_match; federal_register_authority_text_verified; federal_register_proposed_rule_history_match; proposed_rule_shared_identifier_match; proposed_rule_regulations_gov_comment_portal_metadata; federal_register_exposed_regulations_gov_comment_metadata; federal_register_final_effective_date_timing; federal_register_proposed_to_final_timing; court_review_usc_section_authority_overlap; scdb_law_minor_usc_section; statutory_lineage_source_scan; target_section_candidate_triage; statutory_lineage_olrc_historical_scan; official_olrc_annual_us_code_page; bounded_annual_text_diff_cue_scan; statutory_lineage_olrc_annual_text_diff; official_olrc_annual_us_code_text_diff; official_olrc_current_us_code_page; statutory_lineage_effective_text_source_review; official_govinfo_public_law_text_scan; statutory_lineage_public_law_attribution_review,olrc_pre_post_target_review_packet; source_reviewed_target_section_diff; law_revision_effective_text; public_law_causal_attribution; complete_codified_usc_lineage_review; implementation_outcomes_or_enforcement; direct_target_section_court_review; welfare_or_public_benefit; model_validation; bill_topic_public_opinion; codified_usc_lineage; complete_regulations_comments; full_bill_progression_census_overlap; unified_agenda_stage; direct_case_to_public_law_identifier; reviewed_case_disposition_to_public_law; acquired_bill_topic_survey_item_id; survey_item_crosswalk; MRP_or_small_area_estimate; bill_text_specific_affected_population_denominator; issue_specific_affected_group_support; affected_group_harm; public_benefit; causal_representation; direct_case_to_bill_identifier; emergency_order_dataset; lower_court_history; causal_invalidation_effect; implementation_outcome; direct_court_review_of_target_section; exact_target_reference_implementation_authority; exact_target_reference_court_overlap; source_reviewed_raw_scdb_target_section_disposition; implementation_outcomes; court_review; olrc_us_code_classification; target_section_diff; amended_section_identifier; source_reviewed_statutory_lineage; human_source_review_disposition; complete_target_reference_inventory; unreviewed_source_scan_candidate_references; reviewed_packet_disposition_context_for_complete_lineage,reports/statutory-lineage-complete-lineage-expansion-queue.csv; reports/statutory-lineage-target-section-triage.csv; reports/statutory-lineage-target-review-packets.csv; reports/statutory-lineage-source-scan.csv,"Target packet expansion queue only; rows identify already-triaged U.S.C. target references that are absent from the current OLRC target-review packet set. This artifact does not establish codified lineage, target-section text diffs, effective statutory text, public-law attribution, implementation outcomes, direct target-section court review, welfare evidence, causal effects, or model validation."
32,3,3,59,3,117-hr-6833,117-180,Economics and Public Finance,7 USC 1922,direct_us_code_reference,needs_olrc_us_code_note_review,triaged_reference_needs_olrc_target_review_packet,1,0,0,0,0,authorized by 7 U.S.C. 1922 et seq.,https://www.govinfo.gov/content/pkg/PLAW-117publ180/html/PLAW-117publ180.htm,source_reviewed_target_diff_attribution_reviewed_candidate_expansion_open,320,28,complete_codified_usc_lineage_review; implementation_outcomes_or_enforcement; direct_target_section_court_review; welfare_or_public_benefit; model_validation,"Build an official OLRC pre/post target-review packet for this triaged reference, preserving annual URLs, source hashes, public-law context, and manual source-review disposition boundaries.",statutory_lineage_target_packet_expansion_queue; statutory_lineage_complete_lineage_expansion_queue; govinfo_public_law_text_scan; statutory_lineage_review_queue; bill_law_lifecycle_next_actions; bill_law_evidence_spine; bill_action_metadata; law_revision_text_proxy; official_olrc_public_law_marker_adjudication; official_olrc_post_only_public_law_marker; statutory_lineage_target_section_review_packet; statutory_lineage_target_section_diff_review; statutory_lineage_source_reviewed_target_section_diff; sponsor_district_public_opinion_metadata; sponsor_district_bill_policy_area_context; topic_throughput_policy_area; campaign_finance_sponsor_policy_area_context; lobbying_issue_bill_policy_area_context; official_lda_filing_text_bill_identifier; federal_register_authority_search_match; federal_register_authority_text_verified; federal_register_proposed_rule_history_match; proposed_rule_shared_identifier_match; proposed_rule_regulations_gov_comment_portal_metadata; federal_register_exposed_regulations_gov_comment_metadata; federal_register_final_effective_date_timing; federal_register_proposed_to_final_timing; court_review_usc_section_authority_overlap; scdb_law_minor_usc_section; statutory_lineage_source_scan; target_section_candidate_triage; statutory_lineage_olrc_historical_scan; official_olrc_annual_us_code_page; bounded_annual_text_diff_cue_scan; statutory_lineage_olrc_annual_text_diff; official_olrc_annual_us_code_text_diff; official_olrc_current_us_code_page; statutory_lineage_effective_text_source_review; official_govinfo_public_law_text_scan; statutory_lineage_public_law_attribution_review,olrc_pre_post_target_review_packet; source_reviewed_target_section_diff; law_revision_effective_text; public_law_causal_attribution; complete_codified_usc_lineage_review; implementation_outcomes_or_enforcement; direct_target_section_court_review; welfare_or_public_benefit; model_validation; bill_topic_public_opinion; codified_usc_lineage; complete_regulations_comments; full_bill_progression_census_overlap; unified_agenda_stage; direct_case_to_public_law_identifier; reviewed_case_disposition_to_public_law; acquired_bill_topic_survey_item_id; survey_item_crosswalk; MRP_or_small_area_estimate; bill_text_specific_affected_population_denominator; issue_specific_affected_group_support; affected_group_harm; public_benefit; causal_representation; direct_case_to_bill_identifier; emergency_order_dataset; lower_court_history; causal_invalidation_effect; implementation_outcome; direct_court_review_of_target_section; exact_target_reference_implementation_authority; exact_target_reference_court_overlap; source_reviewed_raw_scdb_target_section_disposition; implementation_outcomes; court_review; olrc_us_code_classification; target_section_diff; amended_section_identifier; source_reviewed_statutory_lineage; human_source_review_disposition; complete_target_reference_inventory; unreviewed_source_scan_candidate_references; reviewed_packet_disposition_context_for_complete_lineage,reports/statutory-lineage-complete-lineage-expansion-queue.csv; reports/statutory-lineage-target-section-triage.csv; reports/statutory-lineage-target-review-packets.csv; reports/statutory-lineage-source-scan.csv,"Target packet expansion queue only; rows identify already-triaged U.S.C. target references that are absent from the current OLRC target-review packet set. This artifact does not establish codified lineage, target-section text diffs, effective statutory text, public-law attribution, implementation outcomes, direct target-section court review, welfare evidence, causal effects, or model validation."
33,3,3,60,3,117-hr-6833,117-180,Economics and Public Finance,7 USC 2008s,direct_us_code_reference,needs_olrc_us_code_note_review,triaged_reference_needs_olrc_target_review_packet,1,0,0,0,0,Rural Development Act (7 U.S.C. 2008s).,https://www.govinfo.gov/content/pkg/PLAW-117publ180/html/PLAW-117publ180.htm,source_reviewed_target_diff_attribution_reviewed_candidate_expansion_open,320,28,complete_codified_usc_lineage_review; implementation_outcomes_or_enforcement; direct_target_section_court_review; welfare_or_public_benefit; model_validation,"Build an official OLRC pre/post target-review packet for this triaged reference, preserving annual URLs, source hashes, public-law context, and manual source-review disposition boundaries.",statutory_lineage_target_packet_expansion_queue; statutory_lineage_complete_lineage_expansion_queue; govinfo_public_law_text_scan; statutory_lineage_review_queue; bill_law_lifecycle_next_actions; bill_law_evidence_spine; bill_action_metadata; law_revision_text_proxy; official_olrc_public_law_marker_adjudication; official_olrc_post_only_public_law_marker; statutory_lineage_target_section_review_packet; statutory_lineage_target_section_diff_review; statutory_lineage_source_reviewed_target_section_diff; sponsor_district_public_opinion_metadata; sponsor_district_bill_policy_area_context; topic_throughput_policy_area; campaign_finance_sponsor_policy_area_context; lobbying_issue_bill_policy_area_context; official_lda_filing_text_bill_identifier; federal_register_authority_search_match; federal_register_authority_text_verified; federal_register_proposed_rule_history_match; proposed_rule_shared_identifier_match; proposed_rule_regulations_gov_comment_portal_metadata; federal_register_exposed_regulations_gov_comment_metadata; federal_register_final_effective_date_timing; federal_register_proposed_to_final_timing; court_review_usc_section_authority_overlap; scdb_law_minor_usc_section; statutory_lineage_source_scan; target_section_candidate_triage; statutory_lineage_olrc_historical_scan; official_olrc_annual_us_code_page; bounded_annual_text_diff_cue_scan; statutory_lineage_olrc_annual_text_diff; official_olrc_annual_us_code_text_diff; official_olrc_current_us_code_page; statutory_lineage_effective_text_source_review; official_govinfo_public_law_text_scan; statutory_lineage_public_law_attribution_review,olrc_pre_post_target_review_packet; source_reviewed_target_section_diff; law_revision_effective_text; public_law_causal_attribution; complete_codified_usc_lineage_review; implementation_outcomes_or_enforcement; direct_target_section_court_review; welfare_or_public_benefit; model_validation; bill_topic_public_opinion; codified_usc_lineage; complete_regulations_comments; full_bill_progression_census_overlap; unified_agenda_stage; direct_case_to_public_law_identifier; reviewed_case_disposition_to_public_law; acquired_bill_topic_survey_item_id; survey_item_crosswalk; MRP_or_small_area_estimate; bill_text_specific_affected_population_denominator; issue_specific_affected_group_support; affected_group_harm; public_benefit; causal_representation; direct_case_to_bill_identifier; emergency_order_dataset; lower_court_history; causal_invalidation_effect; implementation_outcome; direct_court_review_of_target_section; exact_target_reference_implementation_authority; exact_target_reference_court_overlap; source_reviewed_raw_scdb_target_section_disposition; implementation_outcomes; court_review; olrc_us_code_classification; target_section_diff; amended_section_identifier; source_reviewed_statutory_lineage; human_source_review_disposition; complete_target_reference_inventory; unreviewed_source_scan_candidate_references; reviewed_packet_disposition_context_for_complete_lineage,reports/statutory-lineage-complete-lineage-expansion-queue.csv; reports/statutory-lineage-target-section-triage.csv; reports/statutory-lineage-target-review-packets.csv; reports/statutory-lineage-source-scan.csv,"Target packet expansion queue only; rows identify already-triaged U.S.C. target references that are absent from the current OLRC target-review packet set. This artifact does not establish codified lineage, target-section text diffs, effective statutory text, public-law attribution, implementation outcomes, direct target-section court review, welfare evidence, causal effects, or model validation."
34,4,4,62,4,117-hr-7776,117-263,Armed Forces and National Security,10 USC 4251(d),title_code_section_phrase,needs_olrc_us_code_note_review,triaged_reference_needs_olrc_target_review_packet,2,0,0,0,0,"section 4251(d) of title 10, United States Code. || in section 4251(d) of title 10, United States Code) for the program:",https://www.govinfo.gov/content/pkg/PLAW-117publ263/html/PLAW-117publ263.htm,source_reviewed_target_diff_attribution_reviewed_candidate_expansion_open,5502,3,complete_codified_usc_lineage_review; implementation_outcomes_or_enforcement; direct_target_section_court_review; welfare_or_public_benefit; model_validation,"Build an official OLRC pre/post target-review packet for this triaged reference, preserving annual URLs, source hashes, public-law context, and manual source-review disposition boundaries.",statutory_lineage_target_packet_expansion_queue; statutory_lineage_complete_lineage_expansion_queue; govinfo_public_law_text_scan; statutory_lineage_review_queue; bill_law_lifecycle_next_actions; bill_law_evidence_spine; bill_action_metadata; law_revision_text_proxy; official_olrc_public_law_marker_adjudication; official_olrc_post_only_public_law_marker; statutory_lineage_target_section_review_packet; statutory_lineage_target_section_diff_review; statutory_lineage_source_reviewed_target_section_diff; sponsor_district_public_opinion_metadata; sponsor_district_bill_policy_area_context; topic_throughput_policy_area; campaign_finance_sponsor_policy_area_context; lobbying_issue_bill_policy_area_context; official_lda_filing_text_bill_identifier; federal_register_authority_search_match; federal_register_authority_text_verified; federal_register_proposed_rule_history_match; proposed_rule_shared_identifier_match; proposed_rule_regulations_gov_comment_portal_metadata; federal_register_exposed_regulations_gov_comment_metadata; federal_register_final_effective_date_timing; federal_register_proposed_to_final_timing; court_review_usc_section_authority_overlap; scdb_law_minor_usc_section; statutory_lineage_source_scan; target_section_candidate_triage; statutory_lineage_olrc_historical_scan; official_olrc_annual_us_code_page; bounded_annual_text_diff_cue_scan; statutory_lineage_olrc_annual_text_diff; official_olrc_annual_us_code_text_diff; official_olrc_current_us_code_page; statutory_lineage_effective_text_source_review; official_govinfo_public_law_text_scan; statutory_lineage_public_law_attribution_review,olrc_pre_post_target_review_packet; source_reviewed_target_section_diff; law_revision_effective_text; public_law_causal_attribution; complete_codified_usc_lineage_review; implementation_outcomes_or_enforcement; direct_target_section_court_review; welfare_or_public_benefit; model_validation; bill_topic_public_opinion; codified_usc_lineage; complete_regulations_comments; full_bill_progression_census_overlap; unified_agenda_stage; direct_case_to_public_law_identifier; reviewed_case_disposition_to_public_law; acquired_bill_topic_survey_item_id; survey_item_crosswalk; MRP_or_small_area_estimate; bill_text_specific_affected_population_denominator; issue_specific_affected_group_support; affected_group_harm; public_benefit; causal_representation; direct_case_to_bill_identifier; emergency_order_dataset; lower_court_history; causal_invalidation_effect; implementation_outcome; direct_court_review_of_target_section; exact_target_reference_implementation_authority; exact_target_reference_court_overlap; implementation_outcomes; court_review; olrc_us_code_classification; target_section_diff; amended_section_identifier; source_reviewed_statutory_lineage; human_source_review_disposition; complete_target_reference_inventory; unreviewed_source_scan_candidate_references; reviewed_packet_disposition_context_for_complete_lineage,reports/statutory-lineage-complete-lineage-expansion-queue.csv; reports/statutory-lineage-target-section-triage.csv; reports/statutory-lineage-target-review-packets.csv; reports/statutory-lineage-source-scan.csv,"Target packet expansion queue only; rows identify already-triaged U.S.C. target references that are absent from the current OLRC target-review packet set. This artifact does not establish codified lineage, target-section text diffs, effective statutory text, public-law attribution, implementation outcomes, direct target-section court review, welfare evidence, causal effects, or model validation."
35,4,4,64,4,117-hr-7776,117-263,Armed Forces and National Security,10 USC 3201,title_code_section_phrase,needs_olrc_us_code_note_review,triaged_reference_needs_olrc_target_review_packet,1,0,0,0,0,"specified in section 3201 of title 10, United States Code, the Secretary",https://www.govinfo.gov/content/pkg/PLAW-117publ263/html/PLAW-117publ263.htm,source_reviewed_target_diff_attribution_reviewed_candidate_expansion_open,5502,3,complete_codified_usc_lineage_review; implementation_outcomes_or_enforcement; direct_target_section_court_review; welfare_or_public_benefit; model_validation,"Build an official OLRC pre/post target-review packet for this triaged reference, preserving annual URLs, source hashes, public-law context, and manual source-review disposition boundaries.",statutory_lineage_target_packet_expansion_queue; statutory_lineage_complete_lineage_expansion_queue; govinfo_public_law_text_scan; statutory_lineage_review_queue; bill_law_lifecycle_next_actions; bill_law_evidence_spine; bill_action_metadata; law_revision_text_proxy; official_olrc_public_law_marker_adjudication; official_olrc_post_only_public_law_marker; statutory_lineage_target_section_review_packet; statutory_lineage_target_section_diff_review; statutory_lineage_source_reviewed_target_section_diff; sponsor_district_public_opinion_metadata; sponsor_district_bill_policy_area_context; topic_throughput_policy_area; campaign_finance_sponsor_policy_area_context; lobbying_issue_bill_policy_area_context; official_lda_filing_text_bill_identifier; federal_register_authority_search_match; federal_register_authority_text_verified; federal_register_proposed_rule_history_match; proposed_rule_shared_identifier_match; proposed_rule_regulations_gov_comment_portal_metadata; federal_register_exposed_regulations_gov_comment_metadata; federal_register_final_effective_date_timing; federal_register_proposed_to_final_timing; court_review_usc_section_authority_overlap; scdb_law_minor_usc_section; statutory_lineage_source_scan; target_section_candidate_triage; statutory_lineage_olrc_historical_scan; official_olrc_annual_us_code_page; bounded_annual_text_diff_cue_scan; statutory_lineage_olrc_annual_text_diff; official_olrc_annual_us_code_text_diff; official_olrc_current_us_code_page; statutory_lineage_effective_text_source_review; official_govinfo_public_law_text_scan; statutory_lineage_public_law_attribution_review,olrc_pre_post_target_review_packet; source_reviewed_target_section_diff; law_revision_effective_text; public_law_causal_attribution; complete_codified_usc_lineage_review; implementation_outcomes_or_enforcement; direct_target_section_court_review; welfare_or_public_benefit; model_validation; bill_topic_public_opinion; codified_usc_lineage; complete_regulations_comments; full_bill_progression_census_overlap; unified_agenda_stage; direct_case_to_public_law_identifier; reviewed_case_disposition_to_public_law; acquired_bill_topic_survey_item_id; survey_item_crosswalk; MRP_or_small_area_estimate; bill_text_specific_affected_population_denominator; issue_specific_affected_group_support; affected_group_harm; public_benefit; causal_representation; direct_case_to_bill_identifier; emergency_order_dataset; lower_court_history; causal_invalidation_effect; implementation_outcome; direct_court_review_of_target_section; exact_target_reference_implementation_authority; exact_target_reference_court_overlap; implementation_outcomes; court_review; olrc_us_code_classification; target_section_diff; amended_section_identifier; source_reviewed_statutory_lineage; human_source_review_disposition; complete_target_reference_inventory; unreviewed_source_scan_candidate_references; reviewed_packet_disposition_context_for_complete_lineage,reports/statutory-lineage-complete-lineage-expansion-queue.csv; reports/statutory-lineage-target-section-triage.csv; reports/statutory-lineage-target-review-packets.csv; reports/statutory-lineage-source-scan.csv,"Target packet expansion queue only; rows identify already-triaged U.S.C. target references that are absent from the current OLRC target-review packet set. This artifact does not establish codified lineage, target-section text diffs, effective statutory text, public-law attribution, implementation outcomes, direct target-section court review, welfare evidence, causal effects, or model validation."
36,4,4,65,4,117-hr-7776,117-263,Armed Forces and National Security,10 USC 4211,title_code_section_phrase,needs_olrc_us_code_note_review,triaged_reference_needs_olrc_target_review_packet,1,0,0,0,0,"meaning given in section 4211 of title 10, United States Code.",https://www.govinfo.gov/content/pkg/PLAW-117publ263/html/PLAW-117publ263.htm,source_reviewed_target_diff_attribution_reviewed_candidate_expansion_open,5502,3,complete_codified_usc_lineage_review; implementation_outcomes_or_enforcement; direct_target_section_court_review; welfare_or_public_benefit; model_validation,"Build an official OLRC pre/post target-review packet for this triaged reference, preserving annual URLs, source hashes, public-law context, and manual source-review disposition boundaries.",statutory_lineage_target_packet_expansion_queue; statutory_lineage_complete_lineage_expansion_queue; govinfo_public_law_text_scan; statutory_lineage_review_queue; bill_law_lifecycle_next_actions; bill_law_evidence_spine; bill_action_metadata; law_revision_text_proxy; official_olrc_public_law_marker_adjudication; official_olrc_post_only_public_law_marker; statutory_lineage_target_section_review_packet; statutory_lineage_target_section_diff_review; statutory_lineage_source_reviewed_target_section_diff; sponsor_district_public_opinion_metadata; sponsor_district_bill_policy_area_context; topic_throughput_policy_area; campaign_finance_sponsor_policy_area_context; lobbying_issue_bill_policy_area_context; official_lda_filing_text_bill_identifier; federal_register_authority_search_match; federal_register_authority_text_verified; federal_register_proposed_rule_history_match; proposed_rule_shared_identifier_match; proposed_rule_regulations_gov_comment_portal_metadata; federal_register_exposed_regulations_gov_comment_metadata; federal_register_final_effective_date_timing; federal_register_proposed_to_final_timing; court_review_usc_section_authority_overlap; scdb_law_minor_usc_section; statutory_lineage_source_scan; target_section_candidate_triage; statutory_lineage_olrc_historical_scan; official_olrc_annual_us_code_page; bounded_annual_text_diff_cue_scan; statutory_lineage_olrc_annual_text_diff; official_olrc_annual_us_code_text_diff; official_olrc_current_us_code_page; statutory_lineage_effective_text_source_review; official_govinfo_public_law_text_scan; statutory_lineage_public_law_attribution_review,olrc_pre_post_target_review_packet; source_reviewed_target_section_diff; law_revision_effective_text; public_law_causal_attribution; complete_codified_usc_lineage_review; implementation_outcomes_or_enforcement; direct_target_section_court_review; welfare_or_public_benefit; model_validation; bill_topic_public_opinion; codified_usc_lineage; complete_regulations_comments; full_bill_progression_census_overlap; unified_agenda_stage; direct_case_to_public_law_identifier; reviewed_case_disposition_to_public_law; acquired_bill_topic_survey_item_id; survey_item_crosswalk; MRP_or_small_area_estimate; bill_text_specific_affected_population_denominator; issue_specific_affected_group_support; affected_group_harm; public_benefit; causal_representation; direct_case_to_bill_identifier; emergency_order_dataset; lower_court_history; causal_invalidation_effect; implementation_outcome; direct_court_review_of_target_section; exact_target_reference_implementation_authority; exact_target_reference_court_overlap; implementation_outcomes; court_review; olrc_us_code_classification; target_section_diff; amended_section_identifier; source_reviewed_statutory_lineage; human_source_review_disposition; complete_target_reference_inventory; unreviewed_source_scan_candidate_references; reviewed_packet_disposition_context_for_complete_lineage,reports/statutory-lineage-complete-lineage-expansion-queue.csv; reports/statutory-lineage-target-section-triage.csv; reports/statutory-lineage-target-review-packets.csv; reports/statutory-lineage-source-scan.csv,"Target packet expansion queue only; rows identify already-triaged U.S.C. target references that are absent from the current OLRC target-review packet set. This artifact does not establish codified lineage, target-section text diffs, effective statutory text, public-law attribution, implementation outcomes, direct target-section court review, welfare evidence, causal effects, or model validation."
37,6,6,74,6,117-hr-7132,117-223,"Science, Technology, Communications",34 USC 12291(a),direct_us_code_reference,needs_olrc_us_code_note_review,triaged_reference_needs_olrc_target_review_packet,1,0,0,0,0,"the Violence Against Women Act of 1994 (34 U.S.C. 12291(a)), including domestic violence, dating",https://www.govinfo.gov/content/pkg/PLAW-117publ223/html/PLAW-117publ223.htm,source_reviewed_target_diff_attribution_reviewed_candidate_expansion_open,14,3,complete_codified_usc_lineage_review; implementation_outcomes_or_enforcement; direct_target_section_court_review; welfare_or_public_benefit; model_validation,"Build an official OLRC pre/post target-review packet for this triaged reference, preserving annual URLs, source hashes, public-law context, and manual source-review disposition boundaries.",statutory_lineage_target_packet_expansion_queue; statutory_lineage_complete_lineage_expansion_queue; govinfo_public_law_text_scan; statutory_lineage_review_queue; bill_law_lifecycle_next_actions; bill_law_evidence_spine; bill_action_metadata; law_revision_text_proxy; official_olrc_public_law_marker_adjudication; official_olrc_post_only_public_law_marker; statutory_lineage_target_section_review_packet; statutory_lineage_target_section_diff_review; statutory_lineage_source_reviewed_target_section_diff; sponsor_district_public_opinion_metadata; sponsor_district_bill_policy_area_context; topic_throughput_policy_area; lobbying_issue_bill_policy_area_context; official_lda_filing_text_bill_identifier; federal_register_authority_search_match; federal_register_authority_text_verified; federal_register_proposed_rule_history_match; proposed_rule_shared_identifier_match; federal_register_exposed_regulations_gov_comment_metadata; federal_register_final_effective_date_timing; federal_register_proposed_to_final_timing; court_review_usc_section_authority_overlap; scdb_law_minor_usc_section; statutory_lineage_source_scan; target_section_candidate_triage; statutory_lineage_olrc_historical_scan; official_olrc_annual_us_code_page; bounded_annual_text_diff_cue_scan; statutory_lineage_olrc_annual_text_diff; official_olrc_annual_us_code_text_diff; official_olrc_current_us_code_page; statutory_lineage_effective_text_source_review; official_govinfo_public_law_text_scan; statutory_lineage_public_law_attribution_review,olrc_pre_post_target_review_packet; source_reviewed_target_section_diff; law_revision_effective_text; public_law_causal_attribution; complete_codified_usc_lineage_review; implementation_outcomes_or_enforcement; direct_target_section_court_review; welfare_or_public_benefit; model_validation; bill_topic_public_opinion; codified_usc_lineage; complete_regulations_comments; full_bill_progression_census_overlap; unified_agenda_stage; campaign_finance_sponsor_policy_area_context; direct_case_to_public_law_identifier; reviewed_case_disposition_to_public_law; acquired_bill_topic_survey_item_id; survey_item_crosswalk; MRP_or_small_area_estimate; bill_text_specific_affected_population_denominator; issue_specific_affected_group_support; affected_group_harm; public_benefit; causal_representation; direct_case_to_bill_identifier; emergency_order_dataset; lower_court_history; causal_invalidation_effect; implementation_outcome; direct_court_review_of_target_section; exact_target_reference_implementation_authority; exact_target_reference_court_overlap; implementation_outcomes; court_review; olrc_us_code_classification; target_section_diff; amended_section_identifier; source_reviewed_statutory_lineage; complete_target_reference_inventory; unreviewed_source_scan_candidate_references,reports/statutory-lineage-complete-lineage-expansion-queue.csv; reports/statutory-lineage-target-section-triage.csv; reports/statutory-lineage-target-review-packets.csv; reports/statutory-lineage-source-scan.csv,"Target packet expansion queue only; rows identify already-triaged U.S.C. target references that are absent from the current OLRC target-review packet set. This artifact does not establish codified lineage, target-section text diffs, effective statutory text, public-law attribution, implementation outcomes, direct target-section court review, welfare evidence, causal effects, or model validation."
38,6,6,75,6,117-hr-7132,117-223,"Science, Technology, Communications",47 USC 227b(a),direct_us_code_reference,needs_olrc_us_code_note_review,triaged_reference_needs_olrc_target_review_packet,1,0,0,0,0,Abuse Criminal Enforcement and Deterrence Act (47 U.S.C. 227b(a)).,https://www.govinfo.gov/content/pkg/PLAW-117publ223/html/PLAW-117publ223.htm,source_reviewed_target_diff_attribution_reviewed_candidate_expansion_open,14,3,complete_codified_usc_lineage_review; implementation_outcomes_or_enforcement; direct_target_section_court_review; welfare_or_public_benefit; model_validation,"Build an official OLRC pre/post target-review packet for this triaged reference, preserving annual URLs, source hashes, public-law context, and manual source-review disposition boundaries.",statutory_lineage_target_packet_expansion_queue; statutory_lineage_complete_lineage_expansion_queue; govinfo_public_law_text_scan; statutory_lineage_review_queue; bill_law_lifecycle_next_actions; bill_law_evidence_spine; bill_action_metadata; law_revision_text_proxy; official_olrc_public_law_marker_adjudication; official_olrc_post_only_public_law_marker; statutory_lineage_target_section_review_packet; statutory_lineage_target_section_diff_review; statutory_lineage_source_reviewed_target_section_diff; sponsor_district_public_opinion_metadata; sponsor_district_bill_policy_area_context; topic_throughput_policy_area; lobbying_issue_bill_policy_area_context; official_lda_filing_text_bill_identifier; federal_register_authority_search_match; federal_register_authority_text_verified; federal_register_proposed_rule_history_match; proposed_rule_shared_identifier_match; federal_register_exposed_regulations_gov_comment_metadata; federal_register_final_effective_date_timing; federal_register_proposed_to_final_timing; court_review_usc_section_authority_overlap; scdb_law_minor_usc_section; statutory_lineage_source_scan; target_section_candidate_triage; statutory_lineage_olrc_historical_scan; official_olrc_annual_us_code_page; bounded_annual_text_diff_cue_scan; statutory_lineage_olrc_annual_text_diff; official_olrc_annual_us_code_text_diff; official_olrc_current_us_code_page; statutory_lineage_effective_text_source_review; official_govinfo_public_law_text_scan; statutory_lineage_public_law_attribution_review,olrc_pre_post_target_review_packet; source_reviewed_target_section_diff; law_revision_effective_text; public_law_causal_attribution; complete_codified_usc_lineage_review; implementation_outcomes_or_enforcement; direct_target_section_court_review; welfare_or_public_benefit; model_validation; bill_topic_public_opinion; codified_usc_lineage; complete_regulations_comments; full_bill_progression_census_overlap; unified_agenda_stage; campaign_finance_sponsor_policy_area_context; direct_case_to_public_law_identifier; reviewed_case_disposition_to_public_law; acquired_bill_topic_survey_item_id; survey_item_crosswalk; MRP_or_small_area_estimate; bill_text_specific_affected_population_denominator; issue_specific_affected_group_support; affected_group_harm; public_benefit; causal_representation; direct_case_to_bill_identifier; emergency_order_dataset; lower_court_history; causal_invalidation_effect; implementation_outcome; direct_court_review_of_target_section; exact_target_reference_implementation_authority; exact_target_reference_court_overlap; implementation_outcomes; court_review; olrc_us_code_classification; target_section_diff; amended_section_identifier; source_reviewed_statutory_lineage; complete_target_reference_inventory; unreviewed_source_scan_candidate_references,reports/statutory-lineage-complete-lineage-expansion-queue.csv; reports/statutory-lineage-target-section-triage.csv; reports/statutory-lineage-target-review-packets.csv; reports/statutory-lineage-source-scan.csv,"Target packet expansion queue only; rows identify already-triaged U.S.C. target references that are absent from the current OLRC target-review packet set. This artifact does not establish codified lineage, target-section text diffs, effective statutory text, public-law attribution, implementation outcomes, direct target-section court review, welfare evidence, causal effects, or model validation."
39,6,6,76,6,117-hr-7132,117-223,"Science, Technology, Communications",47 USC 301,direct_us_code_reference,needs_olrc_us_code_note_review,triaged_reference_needs_olrc_target_review_packet,1,0,0,0,0,Part I of title III of the Communications Act of 1934 (47 U.S.C. 301,https://www.govinfo.gov/content/pkg/PLAW-117publ223/html/PLAW-117publ223.htm,source_reviewed_target_diff_attribution_reviewed_candidate_expansion_open,14,3,complete_codified_usc_lineage_review; implementation_outcomes_or_enforcement; direct_target_section_court_review; welfare_or_public_benefit; model_validation,"Build an official OLRC pre/post target-review packet for this triaged reference, preserving annual URLs, source hashes, public-law context, and manual source-review disposition boundaries.",statutory_lineage_target_packet_expansion_queue; statutory_lineage_complete_lineage_expansion_queue; govinfo_public_law_text_scan; statutory_lineage_review_queue; bill_law_lifecycle_next_actions; bill_law_evidence_spine; bill_action_metadata; law_revision_text_proxy; official_olrc_public_law_marker_adjudication; official_olrc_post_only_public_law_marker; statutory_lineage_target_section_review_packet; statutory_lineage_target_section_diff_review; statutory_lineage_source_reviewed_target_section_diff; sponsor_district_public_opinion_metadata; sponsor_district_bill_policy_area_context; topic_throughput_policy_area; lobbying_issue_bill_policy_area_context; official_lda_filing_text_bill_identifier; federal_register_authority_search_match; federal_register_authority_text_verified; federal_register_proposed_rule_history_match; proposed_rule_shared_identifier_match; federal_register_exposed_regulations_gov_comment_metadata; federal_register_final_effective_date_timing; federal_register_proposed_to_final_timing; court_review_usc_section_authority_overlap; scdb_law_minor_usc_section; statutory_lineage_source_scan; target_section_candidate_triage; statutory_lineage_olrc_historical_scan; official_olrc_annual_us_code_page; bounded_annual_text_diff_cue_scan; statutory_lineage_olrc_annual_text_diff; official_olrc_annual_us_code_text_diff; official_olrc_current_us_code_page; statutory_lineage_effective_text_source_review; official_govinfo_public_law_text_scan; statutory_lineage_public_law_attribution_review,olrc_pre_post_target_review_packet; source_reviewed_target_section_diff; law_revision_effective_text; public_law_causal_attribution; complete_codified_usc_lineage_review; implementation_outcomes_or_enforcement; direct_target_section_court_review; welfare_or_public_benefit; model_validation; bill_topic_public_opinion; codified_usc_lineage; complete_regulations_comments; full_bill_progression_census_overlap; unified_agenda_stage; campaign_finance_sponsor_policy_area_context; direct_case_to_public_law_identifier; reviewed_case_disposition_to_public_law; acquired_bill_topic_survey_item_id; survey_item_crosswalk; MRP_or_small_area_estimate; bill_text_specific_affected_population_denominator; issue_specific_affected_group_support; affected_group_harm; public_benefit; causal_representation; direct_case_to_bill_identifier; emergency_order_dataset; lower_court_history; causal_invalidation_effect; implementation_outcome; direct_court_review_of_target_section; exact_target_reference_implementation_authority; exact_target_reference_court_overlap; implementation_outcomes; court_review; olrc_us_code_classification; target_section_diff; amended_section_identifier; source_reviewed_statutory_lineage; complete_target_reference_inventory; unreviewed_source_scan_candidate_references,reports/statutory-lineage-complete-lineage-expansion-queue.csv; reports/statutory-lineage-target-section-triage.csv; reports/statutory-lineage-target-review-packets.csv; reports/statutory-lineage-source-scan.csv,"Target packet expansion queue only; rows identify already-triaged U.S.C. target references that are absent from the current OLRC target-review packet set. This artifact does not establish codified lineage, target-section text diffs, effective statutory text, public-law attribution, implementation outcomes, direct target-section court review, welfare evidence, causal effects, or model validation."
40,7,7,88,7,117-s-3373,117-168,Armed Forces and National Security,38 USC 1703,title_code_section_phrase,needs_olrc_us_code_note_review,triaged_reference_needs_olrc_target_review_packet,1,0,0,0,0,"section 1703 of title 38, United States Code.",https://www.govinfo.gov/content/pkg/PLAW-117publ168/html/PLAW-117publ168.htm,source_reviewed_target_diff_attribution_reviewed_candidate_expansion_open,238,2,complete_codified_usc_lineage_review; implementation_outcomes_or_enforcement; direct_target_section_court_review; welfare_or_public_benefit; model_validation,"Build an official OLRC pre/post target-review packet for this triaged reference, preserving annual URLs, source hashes, public-law context, and manual source-review disposition boundaries.",statutory_lineage_target_packet_expansion_queue; statutory_lineage_complete_lineage_expansion_queue; govinfo_public_law_text_scan; statutory_lineage_review_queue; bill_law_lifecycle_next_actions; bill_law_evidence_spine; bill_action_metadata; law_revision_text_proxy; official_olrc_public_law_marker_adjudication; official_olrc_post_only_public_law_marker; statutory_lineage_target_section_review_packet; statutory_lineage_target_section_diff_review; statutory_lineage_source_reviewed_target_section_diff; campaign_finance_sponsor_policy_area_context; lobbying_issue_bill_policy_area_context; official_lda_filing_text_bill_identifier; federal_register_authority_search_match; federal_register_authority_text_verified; federal_register_proposed_rule_history_match; proposed_rule_shared_identifier_match; proposed_rule_regulations_gov_comment_portal_metadata; federal_register_exposed_regulations_gov_comment_metadata; federal_register_final_effective_date_timing; federal_register_proposed_to_final_timing; court_review_usc_section_authority_overlap; scdb_law_minor_usc_section; statutory_lineage_source_scan; target_section_candidate_triage; statutory_lineage_olrc_historical_scan; official_olrc_annual_us_code_page; bounded_annual_text_diff_cue_scan; statutory_lineage_olrc_annual_text_diff; official_olrc_annual_us_code_text_diff; official_olrc_current_us_code_page; statutory_lineage_effective_text_source_review; official_govinfo_public_law_text_scan; statutory_lineage_public_law_attribution_review,olrc_pre_post_target_review_packet; source_reviewed_target_section_diff; law_revision_effective_text; public_law_causal_attribution; complete_codified_usc_lineage_review; implementation_outcomes_or_enforcement; direct_target_section_court_review; welfare_or_public_benefit; model_validation; bill_topic_public_opinion; codified_usc_lineage; complete_regulations_comments; full_bill_progression_census_overlap; unified_agenda_stage; direct_case_to_public_law_identifier; reviewed_case_disposition_to_public_law; sponsor_district_public_opinion_context; sponsor_district_bill_policy_area_context; direct_case_to_bill_identifier; emergency_order_dataset; lower_court_history; causal_invalidation_effect; implementation_outcome; direct_court_review_of_target_section; exact_target_reference_implementation_authority; exact_target_reference_court_overlap; implementation_outcomes; court_review; olrc_us_code_classification; target_section_diff; amended_section_identifier; source_reviewed_statutory_lineage; complete_target_reference_inventory; unreviewed_source_scan_candidate_references,reports/statutory-lineage-complete-lineage-expansion-queue.csv; reports/statutory-lineage-target-section-triage.csv; reports/statutory-lineage-target-review-packets.csv; reports/statutory-lineage-source-scan.csv,"Target packet expansion queue only; rows identify already-triaged U.S.C. target references that are absent from the current OLRC target-review packet set. This artifact does not establish codified lineage, target-section text diffs, effective statutory text, public-law attribution, implementation outcomes, direct target-section court review, welfare evidence, causal effects, or model validation."
41,7,7,89,7,117-s-3373,117-168,Armed Forces and National Security,38 USC 1705(a),title_code_section_phrase,needs_olrc_us_code_note_review,triaged_reference_needs_olrc_target_review_packet,1,0,0,0,0,"section 1705(a) of title 38, United States Code.",https://www.govinfo.gov/content/pkg/PLAW-117publ168/html/PLAW-117publ168.htm,source_reviewed_target_diff_attribution_reviewed_candidate_expansion_open,238,2,complete_codified_usc_lineage_review; implementation_outcomes_or_enforcement; direct_target_section_court_review; welfare_or_public_benefit; model_validation,"Build an official OLRC pre/post target-review packet for this triaged reference, preserving annual URLs, source hashes, public-law context, and manual source-review disposition boundaries.",statutory_lineage_target_packet_expansion_queue; statutory_lineage_complete_lineage_expansion_queue; govinfo_public_law_text_scan; statutory_lineage_review_queue; bill_law_lifecycle_next_actions; bill_law_evidence_spine; bill_action_metadata; law_revision_text_proxy; official_olrc_public_law_marker_adjudication; official_olrc_post_only_public_law_marker; statutory_lineage_target_section_review_packet; statutory_lineage_target_section_diff_review; statutory_lineage_source_reviewed_target_section_diff; campaign_finance_sponsor_policy_area_context; lobbying_issue_bill_policy_area_context; official_lda_filing_text_bill_identifier; federal_register_authority_search_match; federal_register_authority_text_verified; federal_register_proposed_rule_history_match; proposed_rule_shared_identifier_match; proposed_rule_regulations_gov_comment_portal_metadata; federal_register_exposed_regulations_gov_comment_metadata; federal_register_final_effective_date_timing; federal_register_proposed_to_final_timing; court_review_usc_section_authority_overlap; scdb_law_minor_usc_section; statutory_lineage_source_scan; target_section_candidate_triage; statutory_lineage_olrc_historical_scan; official_olrc_annual_us_code_page; bounded_annual_text_diff_cue_scan; statutory_lineage_olrc_annual_text_diff; official_olrc_annual_us_code_text_diff; official_olrc_current_us_code_page; statutory_lineage_effective_text_source_review; official_govinfo_public_law_text_scan; statutory_lineage_public_law_attribution_review,olrc_pre_post_target_review_packet; source_reviewed_target_section_diff; law_revision_effective_text; public_law_causal_attribution; complete_codified_usc_lineage_review; implementation_outcomes_or_enforcement; direct_target_section_court_review; welfare_or_public_benefit; model_validation; bill_topic_public_opinion; codified_usc_lineage; complete_regulations_comments; full_bill_progression_census_overlap; unified_agenda_stage; direct_case_to_public_law_identifier; reviewed_case_disposition_to_public_law; sponsor_district_public_opinion_context; sponsor_district_bill_policy_area_context; direct_case_to_bill_identifier; emergency_order_dataset; lower_court_history; causal_invalidation_effect; implementation_outcome; direct_court_review_of_target_section; exact_target_reference_implementation_authority; exact_target_reference_court_overlap; implementation_outcomes; court_review; olrc_us_code_classification; target_section_diff; amended_section_identifier; source_reviewed_statutory_lineage; complete_target_reference_inventory; unreviewed_source_scan_candidate_references,reports/statutory-lineage-complete-lineage-expansion-queue.csv; reports/statutory-lineage-target-section-triage.csv; reports/statutory-lineage-target-review-packets.csv; reports/statutory-lineage-source-scan.csv,"Target packet expansion queue only; rows identify already-triaged U.S.C. target references that are absent from the current OLRC target-review packet set. This artifact does not establish codified lineage, target-section text diffs, effective statutory text, public-law attribution, implementation outcomes, direct target-section court review, welfare evidence, causal effects, or model validation."
42,8,8,92,8,117-hr-4346,117-167,"Science, Technology, Communications",15 USC 4653(b),direct_us_code_reference,needs_olrc_us_code_note_review,triaged_reference_needs_olrc_target_review_packet,2,0,0,0,0,"Defense Authorization Act for Fiscal Year 2021 (15 U.S.C. 4653(b)). <<NOTE: Transfer authority.>> Amounts in the Fund || (15 U.S.C. 4653(b)), and the functions under 9906(c)(2) of such",https://www.govinfo.gov/content/pkg/PLAW-117publ167/html/PLAW-117publ167.htm,source_reviewed_target_diff_attribution_reviewed_candidate_expansion_open,1086,4,complete_codified_usc_lineage_review; implementation_outcomes_or_enforcement; direct_target_section_court_review; welfare_or_public_benefit; model_validation,"Build an official OLRC pre/post target-review packet for this triaged reference, preserving annual URLs, source hashes, public-law context, and manual source-review disposition boundaries.",statutory_lineage_target_packet_expansion_queue; statutory_lineage_complete_lineage_expansion_queue; govinfo_public_law_text_scan; statutory_lineage_review_queue; bill_law_lifecycle_next_actions; bill_law_evidence_spine; bill_action_metadata; law_revision_text_proxy; official_olrc_public_law_marker_adjudication; official_olrc_post_only_public_law_marker; statutory_lineage_target_section_review_packet; statutory_lineage_target_section_diff_review; statutory_lineage_source_reviewed_target_section_diff; sponsor_district_public_opinion_metadata; sponsor_district_bill_policy_area_context; topic_throughput_policy_area; lobbying_issue_bill_policy_area_context; official_lda_filing_text_bill_identifier; federal_register_authority_search_match; federal_register_authority_text_verified; federal_register_proposed_rule_history_match; proposed_rule_shared_identifier_match; proposed_rule_regulations_gov_comment_portal_metadata; federal_register_exposed_regulations_gov_comment_metadata; federal_register_final_effective_date_timing; federal_register_proposed_to_final_timing; statutory_lineage_source_scan; target_section_candidate_triage; statutory_lineage_olrc_historical_scan; official_olrc_annual_us_code_page; bounded_annual_text_diff_cue_scan; statutory_lineage_olrc_annual_text_diff; official_olrc_annual_us_code_text_diff; official_olrc_current_us_code_page; statutory_lineage_effective_text_source_review; official_govinfo_public_law_text_scan; statutory_lineage_public_law_attribution_review,olrc_pre_post_target_review_packet; source_reviewed_target_section_diff; law_revision_effective_text; public_law_causal_attribution; complete_codified_usc_lineage_review; implementation_outcomes_or_enforcement; direct_target_section_court_review; welfare_or_public_benefit; model_validation; bill_topic_public_opinion; codified_usc_lineage; complete_regulations_comments; full_bill_progression_census_overlap; unified_agenda_stage; campaign_finance_sponsor_policy_area_context; court_review_or_invalidation; acquired_bill_topic_survey_item_id; survey_item_crosswalk; MRP_or_small_area_estimate; bill_text_specific_affected_population_denominator; issue_specific_affected_group_support; affected_group_harm; public_benefit; causal_representation; direct_court_review_of_target_section; exact_target_reference_court_overlap; direct_case_to_public_law_identifier; exact_target_reference_implementation_authority; implementation_outcomes; court_review; olrc_us_code_classification; target_section_diff; amended_section_identifier; source_reviewed_statutory_lineage; human_source_review_disposition; complete_target_reference_inventory; unreviewed_source_scan_candidate_references; reviewed_packet_disposition_context_for_complete_lineage,reports/statutory-lineage-complete-lineage-expansion-queue.csv; reports/statutory-lineage-target-section-triage.csv; reports/statutory-lineage-target-review-packets.csv; reports/statutory-lineage-source-scan.csv,"Target packet expansion queue only; rows identify already-triaged U.S.C. target references that are absent from the current OLRC target-review packet set. This artifact does not establish codified lineage, target-section text diffs, effective statutory text, public-law attribution, implementation outcomes, direct target-section court review, welfare evidence, causal effects, or model validation."
43,8,8,97,8,117-hr-4346,117-167,"Science, Technology, Communications",15 USC 4655,direct_us_code_reference,needs_olrc_us_code_note_review,triaged_reference_needs_olrc_target_review_packet,1,0,0,0,0,"Year 2021 (15 U.S.C. 4655 and 47 U.S.C. 906(a)(2)), as",https://www.govinfo.gov/content/pkg/PLAW-117publ167/html/PLAW-117publ167.htm,source_reviewed_target_diff_attribution_reviewed_candidate_expansion_open,1086,4,complete_codified_usc_lineage_review; implementation_outcomes_or_enforcement; direct_target_section_court_review; welfare_or_public_benefit; model_validation,"Build an official OLRC pre/post target-review packet for this triaged reference, preserving annual URLs, source hashes, public-law context, and manual source-review disposition boundaries.",statutory_lineage_target_packet_expansion_queue; statutory_lineage_complete_lineage_expansion_queue; govinfo_public_law_text_scan; statutory_lineage_review_queue; bill_law_lifecycle_next_actions; bill_law_evidence_spine; bill_action_metadata; law_revision_text_proxy; official_olrc_public_law_marker_adjudication; official_olrc_post_only_public_law_marker; statutory_lineage_target_section_review_packet; statutory_lineage_target_section_diff_review; statutory_lineage_source_reviewed_target_section_diff; sponsor_district_public_opinion_metadata; sponsor_district_bill_policy_area_context; topic_throughput_policy_area; lobbying_issue_bill_policy_area_context; official_lda_filing_text_bill_identifier; federal_register_authority_search_match; federal_register_authority_text_verified; federal_register_proposed_rule_history_match; proposed_rule_shared_identifier_match; proposed_rule_regulations_gov_comment_portal_metadata; federal_register_exposed_regulations_gov_comment_metadata; federal_register_final_effective_date_timing; federal_register_proposed_to_final_timing; statutory_lineage_source_scan; target_section_candidate_triage; statutory_lineage_olrc_historical_scan; official_olrc_annual_us_code_page; bounded_annual_text_diff_cue_scan; statutory_lineage_olrc_annual_text_diff; official_olrc_annual_us_code_text_diff; official_olrc_current_us_code_page; statutory_lineage_effective_text_source_review; official_govinfo_public_law_text_scan; statutory_lineage_public_law_attribution_review,olrc_pre_post_target_review_packet; source_reviewed_target_section_diff; law_revision_effective_text; public_law_causal_attribution; complete_codified_usc_lineage_review; implementation_outcomes_or_enforcement; direct_target_section_court_review; welfare_or_public_benefit; model_validation; bill_topic_public_opinion; codified_usc_lineage; complete_regulations_comments; full_bill_progression_census_overlap; unified_agenda_stage; campaign_finance_sponsor_policy_area_context; court_review_or_invalidation; acquired_bill_topic_survey_item_id; survey_item_crosswalk; MRP_or_small_area_estimate; bill_text_specific_affected_population_denominator; issue_specific_affected_group_support; affected_group_harm; public_benefit; causal_representation; direct_court_review_of_target_section; exact_target_reference_court_overlap; direct_case_to_public_law_identifier; exact_target_reference_implementation_authority; implementation_outcomes; court_review; olrc_us_code_classification; target_section_diff; amended_section_identifier; source_reviewed_statutory_lineage; human_source_review_disposition; complete_target_reference_inventory; unreviewed_source_scan_candidate_references; reviewed_packet_disposition_context_for_complete_lineage,reports/statutory-lineage-complete-lineage-expansion-queue.csv; reports/statutory-lineage-target-section-triage.csv; reports/statutory-lineage-target-review-packets.csv; reports/statutory-lineage-source-scan.csv,"Target packet expansion queue only; rows identify already-triaged U.S.C. target references that are absent from the current OLRC target-review packet set. This artifact does not establish codified lineage, target-section text diffs, effective statutory text, public-law attribution, implementation outcomes, direct target-section court review, welfare evidence, causal effects, or model validation."
44,8,8,98,8,117-hr-4346,117-167,"Science, Technology, Communications",15 USC 4655(a)(4),direct_us_code_reference,needs_olrc_us_code_note_review,triaged_reference_needs_olrc_target_review_packet,1,0,0,0,0,"Defense Authorization Act for Fiscal Year 2021 (15 U.S.C. 4652(a)(4), 15 U.S.C. 4655(a)(4)), the activities under section",https://www.govinfo.gov/content/pkg/PLAW-117publ167/html/PLAW-117publ167.htm,source_reviewed_target_diff_attribution_reviewed_candidate_expansion_open,1086,4,complete_codified_usc_lineage_review; implementation_outcomes_or_enforcement; direct_target_section_court_review; welfare_or_public_benefit; model_validation,"Build an official OLRC pre/post target-review packet for this triaged reference, preserving annual URLs, source hashes, public-law context, and manual source-review disposition boundaries.",statutory_lineage_target_packet_expansion_queue; statutory_lineage_complete_lineage_expansion_queue; govinfo_public_law_text_scan; statutory_lineage_review_queue; bill_law_lifecycle_next_actions; bill_law_evidence_spine; bill_action_metadata; law_revision_text_proxy; official_olrc_public_law_marker_adjudication; official_olrc_post_only_public_law_marker; statutory_lineage_target_section_review_packet; statutory_lineage_target_section_diff_review; statutory_lineage_source_reviewed_target_section_diff; sponsor_district_public_opinion_metadata; sponsor_district_bill_policy_area_context; topic_throughput_policy_area; lobbying_issue_bill_policy_area_context; official_lda_filing_text_bill_identifier; federal_register_authority_search_match; federal_register_authority_text_verified; federal_register_proposed_rule_history_match; proposed_rule_shared_identifier_match; proposed_rule_regulations_gov_comment_portal_metadata; federal_register_exposed_regulations_gov_comment_metadata; federal_register_final_effective_date_timing; federal_register_proposed_to_final_timing; statutory_lineage_source_scan; target_section_candidate_triage; statutory_lineage_olrc_historical_scan; official_olrc_annual_us_code_page; bounded_annual_text_diff_cue_scan; statutory_lineage_olrc_annual_text_diff; official_olrc_annual_us_code_text_diff; official_olrc_current_us_code_page; statutory_lineage_effective_text_source_review; official_govinfo_public_law_text_scan; statutory_lineage_public_law_attribution_review,olrc_pre_post_target_review_packet; source_reviewed_target_section_diff; law_revision_effective_text; public_law_causal_attribution; complete_codified_usc_lineage_review; implementation_outcomes_or_enforcement; direct_target_section_court_review; welfare_or_public_benefit; model_validation; bill_topic_public_opinion; codified_usc_lineage; complete_regulations_comments; full_bill_progression_census_overlap; unified_agenda_stage; campaign_finance_sponsor_policy_area_context; court_review_or_invalidation; acquired_bill_topic_survey_item_id; survey_item_crosswalk; MRP_or_small_area_estimate; bill_text_specific_affected_population_denominator; issue_specific_affected_group_support; affected_group_harm; public_benefit; causal_representation; direct_court_review_of_target_section; exact_target_reference_court_overlap; direct_case_to_public_law_identifier; exact_target_reference_implementation_authority; implementation_outcomes; court_review; olrc_us_code_classification; target_section_diff; amended_section_identifier; source_reviewed_statutory_lineage; human_source_review_disposition; complete_target_reference_inventory; unreviewed_source_scan_candidate_references; reviewed_packet_disposition_context_for_complete_lineage,reports/statutory-lineage-complete-lineage-expansion-queue.csv; reports/statutory-lineage-target-section-triage.csv; reports/statutory-lineage-target-review-packets.csv; reports/statutory-lineage-source-scan.csv,"Target packet expansion queue only; rows identify already-triaged U.S.C. target references that are absent from the current OLRC target-review packet set. This artifact does not establish codified lineage, target-section text diffs, effective statutory text, public-law attribution, implementation outcomes, direct target-section court review, welfare evidence, causal effects, or model validation."
45,8,8,102,8,117-hr-4346,117-167,"Science, Technology, Communications",2 USC 933(d),direct_us_code_reference,needs_olrc_us_code_note_review,triaged_reference_needs_olrc_target_review_packet,1,0,0,0,0,Go Act of 2010 (2 U.S.C. 933(d)).,https://www.govinfo.gov/content/pkg/PLAW-117publ167/html/PLAW-117publ167.htm,source_reviewed_target_diff_attribution_reviewed_candidate_expansion_open,1086,4,complete_codified_usc_lineage_review; implementation_outcomes_or_enforcement; direct_target_section_court_review; welfare_or_public_benefit; model_validation,"Build an official OLRC pre/post target-review packet for this triaged reference, preserving annual URLs, source hashes, public-law context, and manual source-review disposition boundaries.",statutory_lineage_target_packet_expansion_queue; statutory_lineage_complete_lineage_expansion_queue; govinfo_public_law_text_scan; statutory_lineage_review_queue; bill_law_lifecycle_next_actions; bill_law_evidence_spine; bill_action_metadata; law_revision_text_proxy; official_olrc_public_law_marker_adjudication; official_olrc_post_only_public_law_marker; statutory_lineage_target_section_review_packet; statutory_lineage_target_section_diff_review; statutory_lineage_source_reviewed_target_section_diff; sponsor_district_public_opinion_metadata; sponsor_district_bill_policy_area_context; topic_throughput_policy_area; lobbying_issue_bill_policy_area_context; official_lda_filing_text_bill_identifier; federal_register_authority_search_match; federal_register_authority_text_verified; federal_register_proposed_rule_history_match; proposed_rule_shared_identifier_match; proposed_rule_regulations_gov_comment_portal_metadata; federal_register_exposed_regulations_gov_comment_metadata; federal_register_final_effective_date_timing; federal_register_proposed_to_final_timing; statutory_lineage_source_scan; target_section_candidate_triage; statutory_lineage_olrc_historical_scan; official_olrc_annual_us_code_page; bounded_annual_text_diff_cue_scan; statutory_lineage_olrc_annual_text_diff; official_olrc_annual_us_code_text_diff; official_olrc_current_us_code_page; statutory_lineage_effective_text_source_review; official_govinfo_public_law_text_scan; statutory_lineage_public_law_attribution_review,olrc_pre_post_target_review_packet; source_reviewed_target_section_diff; law_revision_effective_text; public_law_causal_attribution; complete_codified_usc_lineage_review; implementation_outcomes_or_enforcement; direct_target_section_court_review; welfare_or_public_benefit; model_validation; bill_topic_public_opinion; codified_usc_lineage; complete_regulations_comments; full_bill_progression_census_overlap; unified_agenda_stage; campaign_finance_sponsor_policy_area_context; court_review_or_invalidation; acquired_bill_topic_survey_item_id; survey_item_crosswalk; MRP_or_small_area_estimate; bill_text_specific_affected_population_denominator; issue_specific_affected_group_support; affected_group_harm; public_benefit; causal_representation; direct_court_review_of_target_section; exact_target_reference_court_overlap; direct_case_to_public_law_identifier; exact_target_reference_implementation_authority; implementation_outcomes; court_review; olrc_us_code_classification; target_section_diff; amended_section_identifier; source_reviewed_statutory_lineage; human_source_review_disposition; complete_target_reference_inventory; unreviewed_source_scan_candidate_references; reviewed_packet_disposition_context_for_complete_lineage,reports/statutory-lineage-complete-lineage-expansion-queue.csv; reports/statutory-lineage-target-section-triage.csv; reports/statutory-lineage-target-review-packets.csv; reports/statutory-lineage-source-scan.csv,"Target packet expansion queue only; rows identify already-triaged U.S.C. target references that are absent from the current OLRC target-review packet set. This artifact does not establish codified lineage, target-section text diffs, effective statutory text, public-law attribution, implementation outcomes, direct target-section court review, welfare evidence, causal effects, or model validation."
46,9,9,105,9,117-s-516,117-203,Transportation and Public Works,49 USC 47102,title_code_section_phrase,needs_olrc_us_code_note_review,triaged_reference_needs_olrc_target_review_packet,1,0,0,0,0,"term in section 47102 of title 49, United States Code.",https://www.govinfo.gov/content/pkg/PLAW-117publ203/html/PLAW-117publ203.htm,source_reviewed_target_diff_attribution_reviewed_candidate_expansion_open,3,1,complete_codified_usc_lineage_review; implementation_outcomes_or_enforcement; direct_target_section_court_review; welfare_or_public_benefit; model_validation,"Build an official OLRC pre/post target-review packet for this triaged reference, preserving annual URLs, source hashes, public-law context, and manual source-review disposition boundaries.",statutory_lineage_target_packet_expansion_queue; statutory_lineage_complete_lineage_expansion_queue; govinfo_public_law_text_scan; statutory_lineage_review_queue; bill_law_lifecycle_next_actions; bill_law_evidence_spine; bill_action_metadata; law_revision_text_proxy; official_olrc_public_law_marker_adjudication; official_olrc_post_only_public_law_marker; statutory_lineage_target_section_review_packet; statutory_lineage_target_section_diff_review; statutory_lineage_source_reviewed_target_section_diff; lobbying_issue_bill_policy_area_context; official_lda_filing_text_bill_identifier; federal_register_authority_search_match; federal_register_authority_text_verified; federal_register_proposed_rule_history_match; proposed_rule_shared_identifier_match; proposed_rule_regulations_gov_comment_portal_metadata; federal_register_exposed_regulations_gov_comment_metadata; federal_register_final_effective_date_timing; federal_register_proposed_to_final_timing; court_review_usc_section_authority_overlap; scdb_law_minor_usc_section; statutory_lineage_source_scan; target_section_candidate_triage; statutory_lineage_olrc_historical_scan; official_olrc_annual_us_code_page; bounded_annual_text_diff_cue_scan; statutory_lineage_olrc_annual_text_diff; official_olrc_annual_us_code_text_diff; official_olrc_current_us_code_page; statutory_lineage_effective_text_source_review; official_govinfo_public_law_text_scan; statutory_lineage_public_law_attribution_review,olrc_pre_post_target_review_packet; source_reviewed_target_section_diff; law_revision_effective_text; public_law_causal_attribution; complete_codified_usc_lineage_review; implementation_outcomes_or_enforcement; direct_target_section_court_review; welfare_or_public_benefit; model_validation; bill_topic_public_opinion; codified_usc_lineage; complete_regulations_comments; full_bill_progression_census_overlap; unified_agenda_stage; campaign_finance_sponsor_policy_area_context; direct_case_to_public_law_identifier; reviewed_case_disposition_to_public_law; sponsor_district_public_opinion_context; sponsor_district_bill_policy_area_context; direct_case_to_bill_identifier; emergency_order_dataset; lower_court_history; causal_invalidation_effect; implementation_outcome; direct_court_review_of_target_section; exact_target_reference_implementation_authority; exact_target_reference_court_overlap; implementation_outcomes; court_review; olrc_us_code_classification; target_section_diff; amended_section_identifier; source_reviewed_statutory_lineage; complete_target_reference_inventory; unreviewed_source_scan_candidate_references,reports/statutory-lineage-complete-lineage-expansion-queue.csv; reports/statutory-lineage-target-section-triage.csv; reports/statutory-lineage-target-review-packets.csv; reports/statutory-lineage-source-scan.csv,"Target packet expansion queue only; rows identify already-triaged U.S.C. target references that are absent from the current OLRC target-review packet set. This artifact does not establish codified lineage, target-section text diffs, effective statutory text, public-law attribution, implementation outcomes, direct target-section court review, welfare evidence, causal effects, or model validation."
47,11,11,112,11,117-s-3580,117-146,Transportation and Public Works,46 USC 40501,direct_us_code_reference,needs_olrc_us_code_note_review,triaged_reference_needs_olrc_target_review_packet,1,1,0,0,0,"United States Code, <<NOTE: 46 USC 40501 prec.>> is amended by adding at the end the following:",https://www.govinfo.gov/content/pkg/PLAW-117publ146/html/PLAW-117publ146.htm,source_reviewed_target_diff_attribution_reviewed_candidate_expansion_open,79,2,complete_codified_usc_lineage_review; implementation_outcomes_or_enforcement; direct_target_section_court_review; welfare_or_public_benefit; model_validation,"Build an official OLRC pre/post target-review packet for this triaged reference, preserving annual URLs, source hashes, public-law context, and manual source-review disposition boundaries.",statutory_lineage_target_packet_expansion_queue; statutory_lineage_complete_lineage_expansion_queue; govinfo_public_law_text_scan; statutory_lineage_review_queue; bill_law_lifecycle_next_actions; bill_law_evidence_spine; bill_action_metadata; law_revision_text_proxy; official_olrc_public_law_marker_adjudication; official_olrc_post_only_public_law_marker; statutory_lineage_target_section_review_packet; statutory_lineage_target_section_diff_review; statutory_lineage_source_reviewed_target_section_diff; lobbying_issue_bill_policy_area_context; official_lda_filing_text_bill_identifier; federal_register_authority_search_match; federal_register_authority_text_verified; federal_register_proposed_rule_history_match; proposed_rule_shared_identifier_match; proposed_rule_regulations_gov_comment_portal_metadata; federal_register_exposed_regulations_gov_comment_metadata; federal_register_final_effective_date_timing; federal_register_proposed_to_final_timing; statutory_lineage_source_scan; target_section_candidate_triage; statutory_lineage_olrc_historical_scan; official_olrc_annual_us_code_page; bounded_annual_text_diff_cue_scan; statutory_lineage_olrc_annual_text_diff; official_olrc_annual_us_code_text_diff; official_olrc_current_us_code_page; statutory_lineage_effective_text_source_review; official_govinfo_public_law_text_scan; statutory_lineage_public_law_attribution_review,olrc_pre_post_target_review_packet; source_reviewed_target_section_diff; law_revision_effective_text; public_law_causal_attribution; complete_codified_usc_lineage_review; implementation_outcomes_or_enforcement; direct_target_section_court_review; welfare_or_public_benefit; model_validation; bill_topic_public_opinion; codified_usc_lineage; complete_regulations_comments; full_bill_progression_census_overlap; unified_agenda_stage; campaign_finance_sponsor_policy_area_context; court_review_or_invalidation; sponsor_district_public_opinion_context; sponsor_district_bill_policy_area_context; direct_court_review_of_target_section; exact_target_reference_implementation_authority; exact_target_reference_court_overlap; direct_case_to_public_law_identifier; implementation_outcomes; court_review; olrc_us_code_classification; target_section_diff; amended_section_identifier; source_reviewed_statutory_lineage; complete_target_reference_inventory; unreviewed_source_scan_candidate_references; reviewed_packet_disposition_context_for_complete_lineage,reports/statutory-lineage-complete-lineage-expansion-queue.csv; reports/statutory-lineage-target-section-triage.csv; reports/statutory-lineage-target-review-packets.csv; reports/statutory-lineage-source-scan.csv,"Target packet expansion queue only; rows identify already-triaged U.S.C. target references that are absent from the current OLRC target-review packet set. This artifact does not establish codified lineage, target-section text diffs, effective statutory text, public-law attribution, implementation outcomes, direct target-section court review, welfare evidence, causal effects, or model validation."
48,11,11,123,11,117-s-3580,117-146,Transportation and Public Works,5 USC 552(b)(4),title_code_section_phrase,needs_olrc_us_code_note_review,triaged_reference_needs_olrc_target_review_packet,1,0,0,0,0,"in accordance with section 552(b)(4) of title 5, United States Code.",https://www.govinfo.gov/content/pkg/PLAW-117publ146/html/PLAW-117publ146.htm,source_reviewed_target_diff_attribution_reviewed_candidate_expansion_open,79,2,complete_codified_usc_lineage_review; implementation_outcomes_or_enforcement; direct_target_section_court_review; welfare_or_public_benefit; model_validation,"Build an official OLRC pre/post target-review packet for this triaged reference, preserving annual URLs, source hashes, public-law context, and manual source-review disposition boundaries.",statutory_lineage_target_packet_expansion_queue; statutory_lineage_complete_lineage_expansion_queue; govinfo_public_law_text_scan; statutory_lineage_review_queue; bill_law_lifecycle_next_actions; bill_law_evidence_spine; bill_action_metadata; law_revision_text_proxy; official_olrc_public_law_marker_adjudication; official_olrc_post_only_public_law_marker; statutory_lineage_target_section_review_packet; statutory_lineage_target_section_diff_review; statutory_lineage_source_reviewed_target_section_diff; lobbying_issue_bill_policy_area_context; official_lda_filing_text_bill_identifier; federal_register_authority_search_match; federal_register_authority_text_verified; federal_register_proposed_rule_history_match; proposed_rule_shared_identifier_match; proposed_rule_regulations_gov_comment_portal_metadata; federal_register_exposed_regulations_gov_comment_metadata; federal_register_final_effective_date_timing; federal_register_proposed_to_final_timing; statutory_lineage_source_scan; target_section_candidate_triage; statutory_lineage_olrc_historical_scan; official_olrc_annual_us_code_page; bounded_annual_text_diff_cue_scan; statutory_lineage_olrc_annual_text_diff; official_olrc_annual_us_code_text_diff; official_olrc_current_us_code_page; statutory_lineage_effective_text_source_review; official_govinfo_public_law_text_scan; statutory_lineage_public_law_attribution_review,olrc_pre_post_target_review_packet; source_reviewed_target_section_diff; law_revision_effective_text; public_law_causal_attribution; complete_codified_usc_lineage_review; implementation_outcomes_or_enforcement; direct_target_section_court_review; welfare_or_public_benefit; model_validation; bill_topic_public_opinion; codified_usc_lineage; complete_regulations_comments; full_bill_progression_census_overlap; unified_agenda_stage; campaign_finance_sponsor_policy_area_context; court_review_or_invalidation; sponsor_district_public_opinion_context; sponsor_district_bill_policy_area_context; direct_court_review_of_target_section; exact_target_reference_implementation_authority; exact_target_reference_court_overlap; direct_case_to_public_law_identifier; implementation_outcomes; court_review; olrc_us_code_classification; target_section_diff; amended_section_identifier; source_reviewed_statutory_lineage; complete_target_reference_inventory; unreviewed_source_scan_candidate_references; reviewed_packet_disposition_context_for_complete_lineage,reports/statutory-lineage-complete-lineage-expansion-queue.csv; reports/statutory-lineage-target-section-triage.csv; reports/statutory-lineage-target-review-packets.csv; reports/statutory-lineage-source-scan.csv,"Target packet expansion queue only; rows identify already-triaged U.S.C. target references that are absent from the current OLRC target-review packet set. This artifact does not establish codified lineage, target-section text diffs, effective statutory text, public-law attribution, implementation outcomes, direct target-section court review, welfare evidence, causal effects, or model validation."
49,12,12,128,12,117-s-1941,117-219,Government Operations and Politics,31 USC 6301,direct_us_code_reference,needs_olrc_us_code_note_review,triaged_reference_needs_olrc_target_review_packet,1,0,0,0,0,"chapter 63 of title 31, United States Code, <<NOTE: 31 USC 6301 prec.>>",https://www.govinfo.gov/content/pkg/PLAW-117publ219/html/PLAW-117publ219.htm,source_reviewed_target_diff_attribution_reviewed_candidate_expansion_open,27,2,complete_codified_usc_lineage_review; implementation_outcomes_or_enforcement; direct_target_section_court_review; welfare_or_public_benefit; model_validation,"Build an official OLRC pre/post target-review packet for this triaged reference, preserving annual URLs, source hashes, public-law context, and manual source-review disposition boundaries.",statutory_lineage_target_packet_expansion_queue; statutory_lineage_complete_lineage_expansion_queue; govinfo_public_law_text_scan; statutory_lineage_review_queue; bill_law_lifecycle_next_actions; bill_law_evidence_spine; bill_action_metadata; law_revision_text_proxy; official_olrc_public_law_marker_adjudication; official_olrc_post_only_public_law_marker; statutory_lineage_target_section_review_packet; statutory_lineage_target_section_diff_review; statutory_lineage_source_reviewed_target_section_diff; campaign_finance_sponsor_policy_area_context; lobbying_issue_bill_policy_area_context; federal_register_authority_search_match; federal_register_authority_text_verified; federal_register_proposed_rule_history_match; proposed_rule_shared_identifier_match; proposed_rule_regulations_gov_comment_portal_metadata; federal_register_exposed_regulations_gov_comment_metadata; federal_register_final_effective_date_timing; federal_register_proposed_to_final_timing; statutory_lineage_source_scan; target_section_candidate_triage; statutory_lineage_olrc_historical_scan; official_olrc_annual_us_code_page; bounded_annual_text_diff_cue_scan; statutory_lineage_olrc_annual_text_diff; official_olrc_annual_us_code_text_diff; official_olrc_current_us_code_page; statutory_lineage_effective_text_source_review; official_govinfo_public_law_text_scan; statutory_lineage_public_law_attribution_review,olrc_pre_post_target_review_packet; source_reviewed_target_section_diff; law_revision_effective_text; public_law_causal_attribution; complete_codified_usc_lineage_review; implementation_outcomes_or_enforcement; direct_target_section_court_review; welfare_or_public_benefit; model_validation; bill_specific_campaign_finance_or_lobbying_to_bill; bill_topic_public_opinion; codified_usc_lineage; complete_regulations_comments; full_bill_progression_census_overlap; unified_agenda_stage; court_review_or_invalidation; sponsor_district_public_opinion_context; sponsor_district_bill_policy_area_context; direct_court_review_of_target_section; exact_target_reference_implementation_authority; exact_target_reference_court_overlap; direct_case_to_public_law_identifier; implementation_outcomes; court_review; olrc_us_code_classification; target_section_diff; amended_section_identifier; source_reviewed_statutory_lineage; complete_target_reference_inventory; unreviewed_source_scan_candidate_references,reports/statutory-lineage-complete-lineage-expansion-queue.csv; reports/statutory-lineage-target-section-triage.csv; reports/statutory-lineage-target-review-packets.csv; reports/statutory-lineage-source-scan.csv,"Target packet expansion queue only; rows identify already-triaged U.S.C. target references that are absent from the current OLRC target-review packet set. This artifact does not establish codified lineage, target-section text diffs, effective statutory text, public-law attribution, implementation outcomes, direct target-section court review, welfare evidence, causal effects, or model validation."
50,12,12,130,12,117-s-1941,117-219,Government Operations and Politics,5 USC 551,title_code_section_phrase,needs_olrc_us_code_note_review,triaged_reference_needs_olrc_target_review_packet,1,0,0,0,0,"term in section 551 of title 5, United States Code.",https://www.govinfo.gov/content/pkg/PLAW-117publ219/html/PLAW-117publ219.htm,source_reviewed_target_diff_attribution_reviewed_candidate_expansion_open,27,2,complete_codified_usc_lineage_review; implementation_outcomes_or_enforcement; direct_target_section_court_review; welfare_or_public_benefit; model_validation,"Build an official OLRC pre/post target-review packet for this triaged reference, preserving annual URLs, source hashes, public-law context, and manual source-review disposition boundaries.",statutory_lineage_target_packet_expansion_queue; statutory_lineage_complete_lineage_expansion_queue; govinfo_public_law_text_scan; statutory_lineage_review_queue; bill_law_lifecycle_next_actions; bill_law_evidence_spine; bill_action_metadata; law_revision_text_proxy; official_olrc_public_law_marker_adjudication; official_olrc_post_only_public_law_marker; statutory_lineage_target_section_review_packet; statutory_lineage_target_section_diff_review; statutory_lineage_source_reviewed_target_section_diff; campaign_finance_sponsor_policy_area_context; lobbying_issue_bill_policy_area_context; federal_register_authority_search_match; federal_register_authority_text_verified; federal_register_proposed_rule_history_match; proposed_rule_shared_identifier_match; proposed_rule_regulations_gov_comment_portal_metadata; federal_register_exposed_regulations_gov_comment_metadata; federal_register_final_effective_date_timing; federal_register_proposed_to_final_timing; statutory_lineage_source_scan; target_section_candidate_triage; statutory_lineage_olrc_historical_scan; official_olrc_annual_us_code_page; bounded_annual_text_diff_cue_scan; statutory_lineage_olrc_annual_text_diff; official_olrc_annual_us_code_text_diff; official_olrc_current_us_code_page; statutory_lineage_effective_text_source_review; official_govinfo_public_law_text_scan; statutory_lineage_public_law_attribution_review,olrc_pre_post_target_review_packet; source_reviewed_target_section_diff; law_revision_effective_text; public_law_causal_attribution; complete_codified_usc_lineage_review; implementation_outcomes_or_enforcement; direct_target_section_court_review; welfare_or_public_benefit; model_validation; bill_specific_campaign_finance_or_lobbying_to_bill; bill_topic_public_opinion; codified_usc_lineage; complete_regulations_comments; full_bill_progression_census_overlap; unified_agenda_stage; court_review_or_invalidation; sponsor_district_public_opinion_context; sponsor_district_bill_policy_area_context; direct_court_review_of_target_section; exact_target_reference_implementation_authority; exact_target_reference_court_overlap; direct_case_to_public_law_identifier; implementation_outcomes; court_review; olrc_us_code_classification; target_section_diff; amended_section_identifier; source_reviewed_statutory_lineage; complete_target_reference_inventory; unreviewed_source_scan_candidate_references,reports/statutory-lineage-complete-lineage-expansion-queue.csv; reports/statutory-lineage-target-section-triage.csv; reports/statutory-lineage-target-review-packets.csv; reports/statutory-lineage-source-scan.csv,"Target packet expansion queue only; rows identify already-triaged U.S.C. target references that are absent from the current OLRC target-review packet set. This artifact does not establish codified lineage, target-section text diffs, effective statutory text, public-law attribution, implementation outcomes, direct target-section court review, welfare evidence, causal effects, or model validation."
