vote_id,congress,chamber,rollnumber,rollcall_date,bill_number,bill_id,bill_match_status,member_vote_rows,evidence_layers,missing_links,vote_result,vote_question,vote_desc,source_url,claim_boundary
118-House-1,118,House,1,2023-01-03,,,missing_bill_number,432,voteview_rollcall_metadata,cached_bill_progression_overlap; district_public_opinion_issue; sponsor_success_or_member_effectiveness; public_law_or_statute_for_most_rows; implementation_or_court_outcome; model_validation,Jeffries,Election of the Speaker,,https://voteview.com/static/data/out/rollcalls/HS118_rollcalls.csv,"Voteview bill-linkage context only; not full roll-call-to-bill coverage, public-opinion representation, sponsor effectiveness, public benefit, welfare, causal influence, or model validation."
118-House-2,118,House,2,2023-01-03,,,missing_bill_number,432,voteview_rollcall_metadata,cached_bill_progression_overlap; district_public_opinion_issue; sponsor_success_or_member_effectiveness; public_law_or_statute_for_most_rows; implementation_or_court_outcome; model_validation,Jeffries,Election of the Speaker,,https://voteview.com/static/data/out/rollcalls/HS118_rollcalls.csv,"Voteview bill-linkage context only; not full roll-call-to-bill coverage, public-opinion representation, sponsor effectiveness, public benefit, welfare, causal influence, or model validation."
118-House-3,118,House,3,2023-01-03,,,missing_bill_number,432,voteview_rollcall_metadata,cached_bill_progression_overlap; district_public_opinion_issue; sponsor_success_or_member_effectiveness; public_law_or_statute_for_most_rows; implementation_or_court_outcome; model_validation,Jeffries,Election of the Speaker,,https://voteview.com/static/data/out/rollcalls/HS118_rollcalls.csv,"Voteview bill-linkage context only; not full roll-call-to-bill coverage, public-opinion representation, sponsor effectiveness, public benefit, welfare, causal influence, or model validation."
118-House-4,118,House,4,2023-01-04,,,missing_bill_number,431,voteview_rollcall_metadata,cached_bill_progression_overlap; district_public_opinion_issue; sponsor_success_or_member_effectiveness; public_law_or_statute_for_most_rows; implementation_or_court_outcome; model_validation,Jeffries,Election of the Speaker,,https://voteview.com/static/data/out/rollcalls/HS118_rollcalls.csv,"Voteview bill-linkage context only; not full roll-call-to-bill coverage, public-opinion representation, sponsor effectiveness, public benefit, welfare, causal influence, or model validation."
118-House-5,118,House,5,2023-01-04,,,missing_bill_number,431,voteview_rollcall_metadata,cached_bill_progression_overlap; district_public_opinion_issue; sponsor_success_or_member_effectiveness; public_law_or_statute_for_most_rows; implementation_or_court_outcome; model_validation,Jeffries,Election of the Speaker,,https://voteview.com/static/data/out/rollcalls/HS118_rollcalls.csv,"Voteview bill-linkage context only; not full roll-call-to-bill coverage, public-opinion representation, sponsor effectiveness, public benefit, welfare, causal influence, or model validation."
118-House-6,118,House,6,2023-01-04,,,missing_bill_number,431,voteview_rollcall_metadata,cached_bill_progression_overlap; district_public_opinion_issue; sponsor_success_or_member_effectiveness; public_law_or_statute_for_most_rows; implementation_or_court_outcome; model_validation,Jeffries,Election of the Speaker,,https://voteview.com/static/data/out/rollcalls/HS118_rollcalls.csv,"Voteview bill-linkage context only; not full roll-call-to-bill coverage, public-opinion representation, sponsor effectiveness, public benefit, welfare, causal influence, or model validation."
118-House-7,118,House,7,2023-01-04,,,missing_bill_number,428,voteview_rollcall_metadata,cached_bill_progression_overlap; district_public_opinion_issue; sponsor_success_or_member_effectiveness; public_law_or_statute_for_most_rows; implementation_or_court_outcome; model_validation,Passed,On Motion to Adjourn,,https://voteview.com/static/data/out/rollcalls/HS118_rollcalls.csv,"Voteview bill-linkage context only; not full roll-call-to-bill coverage, public-opinion representation, sponsor effectiveness, public benefit, welfare, causal influence, or model validation."
118-House-8,118,House,8,2023-01-05,,,missing_bill_number,431,voteview_rollcall_metadata,cached_bill_progression_overlap; district_public_opinion_issue; sponsor_success_or_member_effectiveness; public_law_or_statute_for_most_rows; implementation_or_court_outcome; model_validation,Jeffries,Election of the Speaker,,https://voteview.com/static/data/out/rollcalls/HS118_rollcalls.csv,"Voteview bill-linkage context only; not full roll-call-to-bill coverage, public-opinion representation, sponsor effectiveness, public benefit, welfare, causal influence, or model validation."
118-House-9,118,House,9,2023-01-05,,,missing_bill_number,431,voteview_rollcall_metadata,cached_bill_progression_overlap; district_public_opinion_issue; sponsor_success_or_member_effectiveness; public_law_or_statute_for_most_rows; implementation_or_court_outcome; model_validation,Jeffries,Election of the Speaker,,https://voteview.com/static/data/out/rollcalls/HS118_rollcalls.csv,"Voteview bill-linkage context only; not full roll-call-to-bill coverage, public-opinion representation, sponsor effectiveness, public benefit, welfare, causal influence, or model validation."
118-House-10,118,House,10,2023-01-05,,,missing_bill_number,430,voteview_rollcall_metadata,cached_bill_progression_overlap; district_public_opinion_issue; sponsor_success_or_member_effectiveness; public_law_or_statute_for_most_rows; implementation_or_court_outcome; model_validation,Jeffries,Election of the Speaker,,https://voteview.com/static/data/out/rollcalls/HS118_rollcalls.csv,"Voteview bill-linkage context only; not full roll-call-to-bill coverage, public-opinion representation, sponsor effectiveness, public benefit, welfare, causal influence, or model validation."
118-House-11,118,House,11,2023-01-05,,,missing_bill_number,430,voteview_rollcall_metadata,cached_bill_progression_overlap; district_public_opinion_issue; sponsor_success_or_member_effectiveness; public_law_or_statute_for_most_rows; implementation_or_court_outcome; model_validation,Jeffries,Election of the Speaker,,https://voteview.com/static/data/out/rollcalls/HS118_rollcalls.csv,"Voteview bill-linkage context only; not full roll-call-to-bill coverage, public-opinion representation, sponsor effectiveness, public benefit, welfare, causal influence, or model validation."
118-House-12,118,House,12,2023-01-05,,,missing_bill_number,430,voteview_rollcall_metadata,cached_bill_progression_overlap; district_public_opinion_issue; sponsor_success_or_member_effectiveness; public_law_or_statute_for_most_rows; implementation_or_court_outcome; model_validation,Jeffries,Election of the Speaker,,https://voteview.com/static/data/out/rollcalls/HS118_rollcalls.csv,"Voteview bill-linkage context only; not full roll-call-to-bill coverage, public-opinion representation, sponsor effectiveness, public benefit, welfare, causal influence, or model validation."
118-House-13,118,House,13,2023-01-05,,,missing_bill_number,430,voteview_rollcall_metadata,cached_bill_progression_overlap; district_public_opinion_issue; sponsor_success_or_member_effectiveness; public_law_or_statute_for_most_rows; implementation_or_court_outcome; model_validation,Passed,On Motion to Adjourn,,https://voteview.com/static/data/out/rollcalls/HS118_rollcalls.csv,"Voteview bill-linkage context only; not full roll-call-to-bill coverage, public-opinion representation, sponsor effectiveness, public benefit, welfare, causal influence, or model validation."
118-House-14,118,House,14,2023-01-06,,,missing_bill_number,429,voteview_rollcall_metadata,cached_bill_progression_overlap; district_public_opinion_issue; sponsor_success_or_member_effectiveness; public_law_or_statute_for_most_rows; implementation_or_court_outcome; model_validation,McCarthy,Election of the Speaker,,https://voteview.com/static/data/out/rollcalls/HS118_rollcalls.csv,"Voteview bill-linkage context only; not full roll-call-to-bill coverage, public-opinion representation, sponsor effectiveness, public benefit, welfare, causal influence, or model validation."
118-House-15,118,House,15,2023-01-06,,,missing_bill_number,430,voteview_rollcall_metadata,cached_bill_progression_overlap; district_public_opinion_issue; sponsor_success_or_member_effectiveness; public_law_or_statute_for_most_rows; implementation_or_court_outcome; model_validation,McCarthy,Election of the Speaker,,https://voteview.com/static/data/out/rollcalls/HS118_rollcalls.csv,"Voteview bill-linkage context only; not full roll-call-to-bill coverage, public-opinion representation, sponsor effectiveness, public benefit, welfare, causal influence, or model validation."
118-House-16,118,House,16,2023-01-06,,,missing_bill_number,430,voteview_rollcall_metadata,cached_bill_progression_overlap; district_public_opinion_issue; sponsor_success_or_member_effectiveness; public_law_or_statute_for_most_rows; implementation_or_court_outcome; model_validation,Passed,On Motion to Adjourn,,https://voteview.com/static/data/out/rollcalls/HS118_rollcalls.csv,"Voteview bill-linkage context only; not full roll-call-to-bill coverage, public-opinion representation, sponsor effectiveness, public benefit, welfare, causal influence, or model validation."
118-House-17,118,House,17,2023-01-06,,,missing_bill_number,430,voteview_rollcall_metadata,cached_bill_progression_overlap; district_public_opinion_issue; sponsor_success_or_member_effectiveness; public_law_or_statute_for_most_rows; implementation_or_court_outcome; model_validation,McCarthy,Election of the Speaker,,https://voteview.com/static/data/out/rollcalls/HS118_rollcalls.csv,"Voteview bill-linkage context only; not full roll-call-to-bill coverage, public-opinion representation, sponsor effectiveness, public benefit, welfare, causal influence, or model validation."
118-House-18,118,House,18,2023-01-06,,,missing_bill_number,432,voteview_rollcall_metadata,cached_bill_progression_overlap; district_public_opinion_issue; sponsor_success_or_member_effectiveness; public_law_or_statute_for_most_rows; implementation_or_court_outcome; model_validation,Failed,On Motion to Adjourn,,https://voteview.com/static/data/out/rollcalls/HS118_rollcalls.csv,"Voteview bill-linkage context only; not full roll-call-to-bill coverage, public-opinion representation, sponsor effectiveness, public benefit, welfare, causal influence, or model validation."
118-House-19,118,House,19,2023-01-07,,,missing_bill_number,426,voteview_rollcall_metadata,cached_bill_progression_overlap; district_public_opinion_issue; sponsor_success_or_member_effectiveness; public_law_or_statute_for_most_rows; implementation_or_court_outcome; model_validation,McCarthy,Election of the Speaker,,https://voteview.com/static/data/out/rollcalls/HS118_rollcalls.csv,"Voteview bill-linkage context only; not full roll-call-to-bill coverage, public-opinion representation, sponsor effectiveness, public benefit, welfare, causal influence, or model validation."
118-House-20,118,House,20,2023-01-09,HRES5,118-hres-5,voteview_bill_number_only,414,voteview_rollcall_metadata; voteview_bill_number,cached_bill_progression_overlap; district_public_opinion_issue; sponsor_success_or_member_effectiveness; public_law_or_statute_for_most_rows; implementation_or_court_outcome; model_validation,Passed,On Ordering the Previous Question,"Adopting the Rules of the House of Representatives for the One Hundred Eighteenth Congress, and for other purposes",https://voteview.com/static/data/out/rollcalls/HS118_rollcalls.csv,"Voteview bill-linkage context only; not full roll-call-to-bill coverage, public-opinion representation, sponsor effectiveness, public benefit, welfare, causal influence, or model validation."
118-House-21,118,House,21,2023-01-09,HRES5,118-hres-5,voteview_bill_number_only,428,voteview_rollcall_metadata; voteview_bill_number,cached_bill_progression_overlap; district_public_opinion_issue; sponsor_success_or_member_effectiveness; public_law_or_statute_for_most_rows; implementation_or_court_outcome; model_validation,Failed,On Motion to Commit,"Adopting the Rules of the House of Representatives for the One Hundred Eighteenth Congress, and for other purposes",https://voteview.com/static/data/out/rollcalls/HS118_rollcalls.csv,"Voteview bill-linkage context only; not full roll-call-to-bill coverage, public-opinion representation, sponsor effectiveness, public benefit, welfare, causal influence, or model validation."
118-House-22,118,House,22,2023-01-09,HRES5,118-hres-5,voteview_bill_number_only,431,voteview_rollcall_metadata; voteview_bill_number,cached_bill_progression_overlap; district_public_opinion_issue; sponsor_success_or_member_effectiveness; public_law_or_statute_for_most_rows; implementation_or_court_outcome; model_validation,Passed,On Agreeing to the Resolution,"Adopting the Rules of the House of Representatives for the One Hundred Eighteenth Congress, and for other purposes",https://voteview.com/static/data/out/rollcalls/HS118_rollcalls.csv,"Voteview bill-linkage context only; not full roll-call-to-bill coverage, public-opinion representation, sponsor effectiveness, public benefit, welfare, causal influence, or model validation."
118-House-23,118,House,23,2023-01-09,HR23,118-hr-23,voteview_bill_number_only,428,voteview_rollcall_metadata; voteview_bill_number,cached_bill_progression_overlap; district_public_opinion_issue; sponsor_success_or_member_effectiveness; public_law_or_statute_for_most_rows; implementation_or_court_outcome; model_validation,Failed,On Motion to Recommit,Family and Small Business Taxpayer Protection Act,https://voteview.com/static/data/out/rollcalls/HS118_rollcalls.csv,"Voteview bill-linkage context only; not full roll-call-to-bill coverage, public-opinion representation, sponsor effectiveness, public benefit, welfare, causal influence, or model validation."
118-House-24,118,House,24,2023-01-09,HR23,118-hr-23,voteview_bill_number_only,429,voteview_rollcall_metadata; voteview_bill_number,cached_bill_progression_overlap; district_public_opinion_issue; sponsor_success_or_member_effectiveness; public_law_or_statute_for_most_rows; implementation_or_court_outcome; model_validation,Passed,On Passage,Family and Small Business Taxpayer Protection Act,https://voteview.com/static/data/out/rollcalls/HS118_rollcalls.csv,"Voteview bill-linkage context only; not full roll-call-to-bill coverage, public-opinion representation, sponsor effectiveness, public benefit, welfare, causal influence, or model validation."
118-House-25,118,House,25,2023-01-10,HRES11,118-hres-11,voteview_bill_number_only,428,voteview_rollcall_metadata; voteview_bill_number,cached_bill_progression_overlap; district_public_opinion_issue; sponsor_success_or_member_effectiveness; public_law_or_statute_for_most_rows; implementation_or_court_outcome; model_validation,Passed,On Agreeing to the Resolution,Establishing the Select Committee on the Strategic Competition Between the United States and the Chinese Communist Party,https://voteview.com/static/data/out/rollcalls/HS118_rollcalls.csv,"Voteview bill-linkage context only; not full roll-call-to-bill coverage, public-opinion representation, sponsor effectiveness, public benefit, welfare, causal influence, or model validation."
118-House-26,118,House,26,2023-01-10,HRES12,118-hres-12,voteview_bill_number_only,430,voteview_rollcall_metadata; voteview_bill_number,cached_bill_progression_overlap; district_public_opinion_issue; sponsor_success_or_member_effectiveness; public_law_or_statute_for_most_rows; implementation_or_court_outcome; model_validation,Passed,On Agreeing to the Resolution,Establishing a Select Subcommittee on the Weaponization of the Federal Government as a select investigative subcommittee of the Committee on the Judiciary,https://voteview.com/static/data/out/rollcalls/HS118_rollcalls.csv,"Voteview bill-linkage context only; not full roll-call-to-bill coverage, public-opinion representation, sponsor effectiveness, public benefit, welfare, causal influence, or model validation."
118-House-27,118,House,27,2023-01-11,HR26,118-hr-26,voteview_bill_number_only,429,voteview_rollcall_metadata; voteview_bill_number,cached_bill_progression_overlap; district_public_opinion_issue; sponsor_success_or_member_effectiveness; public_law_or_statute_for_most_rows; implementation_or_court_outcome; model_validation,Failed,On Motion to Recommit,Born-Alive Abortion Survivors Protection Act,https://voteview.com/static/data/out/rollcalls/HS118_rollcalls.csv,"Voteview bill-linkage context only; not full roll-call-to-bill coverage, public-opinion representation, sponsor effectiveness, public benefit, welfare, causal influence, or model validation."
118-House-28,118,House,28,2023-01-11,HR26,118-hr-26,voteview_bill_number_only,428,voteview_rollcall_metadata; voteview_bill_number,cached_bill_progression_overlap; district_public_opinion_issue; sponsor_success_or_member_effectiveness; public_law_or_statute_for_most_rows; implementation_or_court_outcome; model_validation,Passed,On Passage,Born-Alive Abortion Survivors Protection Act,https://voteview.com/static/data/out/rollcalls/HS118_rollcalls.csv,"Voteview bill-linkage context only; not full roll-call-to-bill coverage, public-opinion representation, sponsor effectiveness, public benefit, welfare, causal influence, or model validation."
118-House-29,118,House,29,2023-01-11,HCONRES3,118-hconres-3,bill_progression_metadata,429,voteview_rollcall_metadata; voteview_bill_number; congressgov_bill_progression_overlap,district_public_opinion_issue; sponsor_success_or_member_effectiveness; public_law_or_statute_for_most_rows; implementation_or_court_outcome; model_validation,Passed,On Agreeing to the Resolution,"Expressing the sense of Congress condemning the recent attacks on pro-life facilities, groups, and churches",https://voteview.com/static/data/out/rollcalls/HS118_rollcalls.csv,"Voteview bill-linkage context only; not full roll-call-to-bill coverage, public-opinion representation, sponsor effectiveness, public benefit, welfare, causal influence, or model validation."
118-House-30,118,House,30,2023-01-12,HR22,118-hr-22,voteview_bill_number_only,426,voteview_rollcall_metadata; voteview_bill_number,cached_bill_progression_overlap; district_public_opinion_issue; sponsor_success_or_member_effectiveness; public_law_or_statute_for_most_rows; implementation_or_court_outcome; model_validation,Passed,On Passage,Protecting America’s Strategic Petroleum Reserve from China Act,https://voteview.com/static/data/out/rollcalls/HS118_rollcalls.csv,"Voteview bill-linkage context only; not full roll-call-to-bill coverage, public-opinion representation, sponsor effectiveness, public benefit, welfare, causal influence, or model validation."
118-House-31,118,House,31,2023-01-24,HR159,118-hr-159,bill_progression_metadata,422,voteview_rollcall_metadata; voteview_bill_number; congressgov_bill_progression_overlap,district_public_opinion_issue; sponsor_success_or_member_effectiveness; public_law_or_statute_for_most_rows; implementation_or_court_outcome; model_validation,Passed,"On Motion to Suspend the Rules and Pass, as Amended",Chance to Compete Act of 2023,https://voteview.com/static/data/out/rollcalls/HS118_rollcalls.csv,"Voteview bill-linkage context only; not full roll-call-to-bill coverage, public-opinion representation, sponsor effectiveness, public benefit, welfare, causal influence, or model validation."
118-House-32,118,House,32,2023-01-24,HR300,118-hr-300,voteview_bill_number_only,423,voteview_rollcall_metadata; voteview_bill_number,cached_bill_progression_overlap; district_public_opinion_issue; sponsor_success_or_member_effectiveness; public_law_or_statute_for_most_rows; implementation_or_court_outcome; model_validation,Passed,"On Motion to Suspend the Rules and Pass, as Amended",Settlement Agreement Information Database Act of 2023,https://voteview.com/static/data/out/rollcalls/HS118_rollcalls.csv,"Voteview bill-linkage context only; not full roll-call-to-bill coverage, public-opinion representation, sponsor effectiveness, public benefit, welfare, causal influence, or model validation."
118-House-33,118,House,33,2023-01-25,HR346,118-hr-346,voteview_bill_number_only,426,voteview_rollcall_metadata; voteview_bill_number,cached_bill_progression_overlap; district_public_opinion_issue; sponsor_success_or_member_effectiveness; public_law_or_statute_for_most_rows; implementation_or_court_outcome; model_validation,Passed,"On Motion to Suspend the Rules and Pass, as Amended",NOTAM Improvement Act,https://voteview.com/static/data/out/rollcalls/HS118_rollcalls.csv,"Voteview bill-linkage context only; not full roll-call-to-bill coverage, public-opinion representation, sponsor effectiveness, public benefit, welfare, causal influence, or model validation."
118-House-34,118,House,34,2023-01-25,HR400,118-hr-400,voteview_bill_number_only,422,voteview_rollcall_metadata; voteview_bill_number,cached_bill_progression_overlap; district_public_opinion_issue; sponsor_success_or_member_effectiveness; public_law_or_statute_for_most_rows; implementation_or_court_outcome; model_validation,Passed,On Motion to Suspend the Rules and Pass,Investing in Main Street Act,https://voteview.com/static/data/out/rollcalls/HS118_rollcalls.csv,"Voteview bill-linkage context only; not full roll-call-to-bill coverage, public-opinion representation, sponsor effectiveness, public benefit, welfare, causal influence, or model validation."
118-House-35,118,House,35,2023-01-25,HCONRES7,118-hconres-7,voteview_bill_number_only,419,voteview_rollcall_metadata; voteview_bill_number,cached_bill_progression_overlap; district_public_opinion_issue; sponsor_success_or_member_effectiveness; public_law_or_statute_for_most_rows; implementation_or_court_outcome; model_validation,Passed,"On Motion to Suspend the Rules and Agree to the Resolution, as Amended","Commending the bravery, courage, and resolve of the women and men of Iran demonstrating in more than 133 cities and risking their safety to speak out against the Iranian regime’s human rights abuses",https://voteview.com/static/data/out/rollcalls/HS118_rollcalls.csv,"Voteview bill-linkage context only; not full roll-call-to-bill coverage, public-opinion representation, sponsor effectiveness, public benefit, welfare, causal influence, or model validation."
118-House-36,118,House,36,2023-01-26,HR21,118-hr-21,voteview_bill_number_only,423,voteview_rollcall_metadata; voteview_bill_number,cached_bill_progression_overlap; district_public_opinion_issue; sponsor_success_or_member_effectiveness; public_law_or_statute_for_most_rows; implementation_or_court_outcome; model_validation,Failed,On Agreeing to the Amendment,,https://voteview.com/static/data/out/rollcalls/HS118_rollcalls.csv,"Voteview bill-linkage context only; not full roll-call-to-bill coverage, public-opinion representation, sponsor effectiveness, public benefit, welfare, causal influence, or model validation."
118-House-37,118,House,37,2023-01-26,HR21,118-hr-21,voteview_bill_number_only,429,voteview_rollcall_metadata; voteview_bill_number,cached_bill_progression_overlap; district_public_opinion_issue; sponsor_success_or_member_effectiveness; public_law_or_statute_for_most_rows; implementation_or_court_outcome; model_validation,Failed,On Agreeing to the Amendment,,https://voteview.com/static/data/out/rollcalls/HS118_rollcalls.csv,"Voteview bill-linkage context only; not full roll-call-to-bill coverage, public-opinion representation, sponsor effectiveness, public benefit, welfare, causal influence, or model validation."
118-House-38,118,House,38,2023-01-26,HR21,118-hr-21,voteview_bill_number_only,431,voteview_rollcall_metadata; voteview_bill_number,cached_bill_progression_overlap; district_public_opinion_issue; sponsor_success_or_member_effectiveness; public_law_or_statute_for_most_rows; implementation_or_court_outcome; model_validation,Failed,On Agreeing to the Amendment,,https://voteview.com/static/data/out/rollcalls/HS118_rollcalls.csv,"Voteview bill-linkage context only; not full roll-call-to-bill coverage, public-opinion representation, sponsor effectiveness, public benefit, welfare, causal influence, or model validation."
118-House-39,118,House,39,2023-01-26,HR21,118-hr-21,voteview_bill_number_only,431,voteview_rollcall_metadata; voteview_bill_number,cached_bill_progression_overlap; district_public_opinion_issue; sponsor_success_or_member_effectiveness; public_law_or_statute_for_most_rows; implementation_or_court_outcome; model_validation,Failed,On Agreeing to the Amendment,,https://voteview.com/static/data/out/rollcalls/HS118_rollcalls.csv,"Voteview bill-linkage context only; not full roll-call-to-bill coverage, public-opinion representation, sponsor effectiveness, public benefit, welfare, causal influence, or model validation."
118-House-40,118,House,40,2023-01-26,HR21,118-hr-21,voteview_bill_number_only,429,voteview_rollcall_metadata; voteview_bill_number,cached_bill_progression_overlap; district_public_opinion_issue; sponsor_success_or_member_effectiveness; public_law_or_statute_for_most_rows; implementation_or_court_outcome; model_validation,Agreed to,On Agreeing to the Amendment,,https://voteview.com/static/data/out/rollcalls/HS118_rollcalls.csv,"Voteview bill-linkage context only; not full roll-call-to-bill coverage, public-opinion representation, sponsor effectiveness, public benefit, welfare, causal influence, or model validation."
118-House-41,118,House,41,2023-01-26,HR21,118-hr-21,voteview_bill_number_only,430,voteview_rollcall_metadata; voteview_bill_number,cached_bill_progression_overlap; district_public_opinion_issue; sponsor_success_or_member_effectiveness; public_law_or_statute_for_most_rows; implementation_or_court_outcome; model_validation,Failed,On Agreeing to the Amendment,,https://voteview.com/static/data/out/rollcalls/HS118_rollcalls.csv,"Voteview bill-linkage context only; not full roll-call-to-bill coverage, public-opinion representation, sponsor effectiveness, public benefit, welfare, causal influence, or model validation."
118-House-42,118,House,42,2023-01-26,HR21,118-hr-21,voteview_bill_number_only,429,voteview_rollcall_metadata; voteview_bill_number,cached_bill_progression_overlap; district_public_opinion_issue; sponsor_success_or_member_effectiveness; public_law_or_statute_for_most_rows; implementation_or_court_outcome; model_validation,Failed,On Agreeing to the Amendment,,https://voteview.com/static/data/out/rollcalls/HS118_rollcalls.csv,"Voteview bill-linkage context only; not full roll-call-to-bill coverage, public-opinion representation, sponsor effectiveness, public benefit, welfare, causal influence, or model validation."
118-House-43,118,House,43,2023-01-26,HR21,118-hr-21,voteview_bill_number_only,430,voteview_rollcall_metadata; voteview_bill_number,cached_bill_progression_overlap; district_public_opinion_issue; sponsor_success_or_member_effectiveness; public_law_or_statute_for_most_rows; implementation_or_court_outcome; model_validation,Agreed to,On Agreeing to the Amendment,,https://voteview.com/static/data/out/rollcalls/HS118_rollcalls.csv,"Voteview bill-linkage context only; not full roll-call-to-bill coverage, public-opinion representation, sponsor effectiveness, public benefit, welfare, causal influence, or model validation."
118-House-44,118,House,44,2023-01-26,HR21,118-hr-21,voteview_bill_number_only,429,voteview_rollcall_metadata; voteview_bill_number,cached_bill_progression_overlap; district_public_opinion_issue; sponsor_success_or_member_effectiveness; public_law_or_statute_for_most_rows; implementation_or_court_outcome; model_validation,Failed,On Agreeing to the Amendment,,https://voteview.com/static/data/out/rollcalls/HS118_rollcalls.csv,"Voteview bill-linkage context only; not full roll-call-to-bill coverage, public-opinion representation, sponsor effectiveness, public benefit, welfare, causal influence, or model validation."
118-House-45,118,House,45,2023-01-26,HR21,118-hr-21,voteview_bill_number_only,428,voteview_rollcall_metadata; voteview_bill_number,cached_bill_progression_overlap; district_public_opinion_issue; sponsor_success_or_member_effectiveness; public_law_or_statute_for_most_rows; implementation_or_court_outcome; model_validation,Failed,On Agreeing to the Amendment,,https://voteview.com/static/data/out/rollcalls/HS118_rollcalls.csv,"Voteview bill-linkage context only; not full roll-call-to-bill coverage, public-opinion representation, sponsor effectiveness, public benefit, welfare, causal influence, or model validation."
118-House-46,118,House,46,2023-01-26,HR21,118-hr-21,voteview_bill_number_only,428,voteview_rollcall_metadata; voteview_bill_number,cached_bill_progression_overlap; district_public_opinion_issue; sponsor_success_or_member_effectiveness; public_law_or_statute_for_most_rows; implementation_or_court_outcome; model_validation,Failed,On Agreeing to the Amendment,,https://voteview.com/static/data/out/rollcalls/HS118_rollcalls.csv,"Voteview bill-linkage context only; not full roll-call-to-bill coverage, public-opinion representation, sponsor effectiveness, public benefit, welfare, causal influence, or model validation."
118-House-47,118,House,47,2023-01-26,HR21,118-hr-21,voteview_bill_number_only,429,voteview_rollcall_metadata; voteview_bill_number,cached_bill_progression_overlap; district_public_opinion_issue; sponsor_success_or_member_effectiveness; public_law_or_statute_for_most_rows; implementation_or_court_outcome; model_validation,Failed,On Agreeing to the Amendment,,https://voteview.com/static/data/out/rollcalls/HS118_rollcalls.csv,"Voteview bill-linkage context only; not full roll-call-to-bill coverage, public-opinion representation, sponsor effectiveness, public benefit, welfare, causal influence, or model validation."
118-House-48,118,House,48,2023-01-26,HR21,118-hr-21,voteview_bill_number_only,429,voteview_rollcall_metadata; voteview_bill_number,cached_bill_progression_overlap; district_public_opinion_issue; sponsor_success_or_member_effectiveness; public_law_or_statute_for_most_rows; implementation_or_court_outcome; model_validation,Failed,On Agreeing to the Amendment,,https://voteview.com/static/data/out/rollcalls/HS118_rollcalls.csv,"Voteview bill-linkage context only; not full roll-call-to-bill coverage, public-opinion representation, sponsor effectiveness, public benefit, welfare, causal influence, or model validation."
118-House-49,118,House,49,2023-01-26,HR21,118-hr-21,voteview_bill_number_only,430,voteview_rollcall_metadata; voteview_bill_number,cached_bill_progression_overlap; district_public_opinion_issue; sponsor_success_or_member_effectiveness; public_law_or_statute_for_most_rows; implementation_or_court_outcome; model_validation,Failed,On Agreeing to the Amendment,,https://voteview.com/static/data/out/rollcalls/HS118_rollcalls.csv,"Voteview bill-linkage context only; not full roll-call-to-bill coverage, public-opinion representation, sponsor effectiveness, public benefit, welfare, causal influence, or model validation."
118-House-50,118,House,50,2023-01-26,HR21,118-hr-21,voteview_bill_number_only,430,voteview_rollcall_metadata; voteview_bill_number,cached_bill_progression_overlap; district_public_opinion_issue; sponsor_success_or_member_effectiveness; public_law_or_statute_for_most_rows; implementation_or_court_outcome; model_validation,Failed,On Agreeing to the Amendment,,https://voteview.com/static/data/out/rollcalls/HS118_rollcalls.csv,"Voteview bill-linkage context only; not full roll-call-to-bill coverage, public-opinion representation, sponsor effectiveness, public benefit, welfare, causal influence, or model validation."
118-House-51,118,House,51,2023-01-26,HR21,118-hr-21,voteview_bill_number_only,430,voteview_rollcall_metadata; voteview_bill_number,cached_bill_progression_overlap; district_public_opinion_issue; sponsor_success_or_member_effectiveness; public_law_or_statute_for_most_rows; implementation_or_court_outcome; model_validation,Failed,On Agreeing to the Amendment,,https://voteview.com/static/data/out/rollcalls/HS118_rollcalls.csv,"Voteview bill-linkage context only; not full roll-call-to-bill coverage, public-opinion representation, sponsor effectiveness, public benefit, welfare, causal influence, or model validation."
118-House-52,118,House,52,2023-01-26,HR21,118-hr-21,voteview_bill_number_only,430,voteview_rollcall_metadata; voteview_bill_number,cached_bill_progression_overlap; district_public_opinion_issue; sponsor_success_or_member_effectiveness; public_law_or_statute_for_most_rows; implementation_or_court_outcome; model_validation,Failed,On Agreeing to the Amendment,,https://voteview.com/static/data/out/rollcalls/HS118_rollcalls.csv,"Voteview bill-linkage context only; not full roll-call-to-bill coverage, public-opinion representation, sponsor effectiveness, public benefit, welfare, causal influence, or model validation."
118-House-53,118,House,53,2023-01-26,HR21,118-hr-21,voteview_bill_number_only,430,voteview_rollcall_metadata; voteview_bill_number,cached_bill_progression_overlap; district_public_opinion_issue; sponsor_success_or_member_effectiveness; public_law_or_statute_for_most_rows; implementation_or_court_outcome; model_validation,Failed,On Agreeing to the Amendment,,https://voteview.com/static/data/out/rollcalls/HS118_rollcalls.csv,"Voteview bill-linkage context only; not full roll-call-to-bill coverage, public-opinion representation, sponsor effectiveness, public benefit, welfare, causal influence, or model validation."
118-House-54,118,House,54,2023-01-26,HR21,118-hr-21,voteview_bill_number_only,430,voteview_rollcall_metadata; voteview_bill_number,cached_bill_progression_overlap; district_public_opinion_issue; sponsor_success_or_member_effectiveness; public_law_or_statute_for_most_rows; implementation_or_court_outcome; model_validation,Failed,On Agreeing to the Amendment,,https://voteview.com/static/data/out/rollcalls/HS118_rollcalls.csv,"Voteview bill-linkage context only; not full roll-call-to-bill coverage, public-opinion representation, sponsor effectiveness, public benefit, welfare, causal influence, or model validation."
118-House-55,118,House,55,2023-01-26,HR21,118-hr-21,voteview_bill_number_only,430,voteview_rollcall_metadata; voteview_bill_number,cached_bill_progression_overlap; district_public_opinion_issue; sponsor_success_or_member_effectiveness; public_law_or_statute_for_most_rows; implementation_or_court_outcome; model_validation,Failed,On Agreeing to the Amendment,,https://voteview.com/static/data/out/rollcalls/HS118_rollcalls.csv,"Voteview bill-linkage context only; not full roll-call-to-bill coverage, public-opinion representation, sponsor effectiveness, public benefit, welfare, causal influence, or model validation."
118-House-56,118,House,56,2023-01-26,HR21,118-hr-21,voteview_bill_number_only,430,voteview_rollcall_metadata; voteview_bill_number,cached_bill_progression_overlap; district_public_opinion_issue; sponsor_success_or_member_effectiveness; public_law_or_statute_for_most_rows; implementation_or_court_outcome; model_validation,Agreed to,On Agreeing to the Amendment,,https://voteview.com/static/data/out/rollcalls/HS118_rollcalls.csv,"Voteview bill-linkage context only; not full roll-call-to-bill coverage, public-opinion representation, sponsor effectiveness, public benefit, welfare, causal influence, or model validation."
118-House-57,118,House,57,2023-01-26,HR21,118-hr-21,voteview_bill_number_only,428,voteview_rollcall_metadata; voteview_bill_number,cached_bill_progression_overlap; district_public_opinion_issue; sponsor_success_or_member_effectiveness; public_law_or_statute_for_most_rows; implementation_or_court_outcome; model_validation,Agreed to,On Agreeing to the Amendment,,https://voteview.com/static/data/out/rollcalls/HS118_rollcalls.csv,"Voteview bill-linkage context only; not full roll-call-to-bill coverage, public-opinion representation, sponsor effectiveness, public benefit, welfare, causal influence, or model validation."
118-House-58,118,House,58,2023-01-26,HR21,118-hr-21,voteview_bill_number_only,429,voteview_rollcall_metadata; voteview_bill_number,cached_bill_progression_overlap; district_public_opinion_issue; sponsor_success_or_member_effectiveness; public_law_or_statute_for_most_rows; implementation_or_court_outcome; model_validation,Failed,On Agreeing to the Amendment,,https://voteview.com/static/data/out/rollcalls/HS118_rollcalls.csv,"Voteview bill-linkage context only; not full roll-call-to-bill coverage, public-opinion representation, sponsor effectiveness, public benefit, welfare, causal influence, or model validation."
118-House-59,118,House,59,2023-01-26,HR21,118-hr-21,voteview_bill_number_only,427,voteview_rollcall_metadata; voteview_bill_number,cached_bill_progression_overlap; district_public_opinion_issue; sponsor_success_or_member_effectiveness; public_law_or_statute_for_most_rows; implementation_or_court_outcome; model_validation,Failed,On Agreeing to the Amendment,,https://voteview.com/static/data/out/rollcalls/HS118_rollcalls.csv,"Voteview bill-linkage context only; not full roll-call-to-bill coverage, public-opinion representation, sponsor effectiveness, public benefit, welfare, causal influence, or model validation."
118-House-60,118,House,60,2023-01-27,HR21,118-hr-21,voteview_bill_number_only,428,voteview_rollcall_metadata; voteview_bill_number,cached_bill_progression_overlap; district_public_opinion_issue; sponsor_success_or_member_effectiveness; public_law_or_statute_for_most_rows; implementation_or_court_outcome; model_validation,Failed,On Agreeing to the Amendment,,https://voteview.com/static/data/out/rollcalls/HS118_rollcalls.csv,"Voteview bill-linkage context only; not full roll-call-to-bill coverage, public-opinion representation, sponsor effectiveness, public benefit, welfare, causal influence, or model validation."
118-House-61,118,House,61,2023-01-27,HR21,118-hr-21,voteview_bill_number_only,426,voteview_rollcall_metadata; voteview_bill_number,cached_bill_progression_overlap; district_public_opinion_issue; sponsor_success_or_member_effectiveness; public_law_or_statute_for_most_rows; implementation_or_court_outcome; model_validation,Failed,On Agreeing to the Amendment,,https://voteview.com/static/data/out/rollcalls/HS118_rollcalls.csv,"Voteview bill-linkage context only; not full roll-call-to-bill coverage, public-opinion representation, sponsor effectiveness, public benefit, welfare, causal influence, or model validation."
118-House-62,118,House,62,2023-01-27,HR21,118-hr-21,voteview_bill_number_only,425,voteview_rollcall_metadata; voteview_bill_number,cached_bill_progression_overlap; district_public_opinion_issue; sponsor_success_or_member_effectiveness; public_law_or_statute_for_most_rows; implementation_or_court_outcome; model_validation,Failed,On Agreeing to the Amendment,,https://voteview.com/static/data/out/rollcalls/HS118_rollcalls.csv,"Voteview bill-linkage context only; not full roll-call-to-bill coverage, public-opinion representation, sponsor effectiveness, public benefit, welfare, causal influence, or model validation."
118-House-63,118,House,63,2023-01-27,HR21,118-hr-21,voteview_bill_number_only,422,voteview_rollcall_metadata; voteview_bill_number,cached_bill_progression_overlap; district_public_opinion_issue; sponsor_success_or_member_effectiveness; public_law_or_statute_for_most_rows; implementation_or_court_outcome; model_validation,Failed,On Agreeing to the Amendment,,https://voteview.com/static/data/out/rollcalls/HS118_rollcalls.csv,"Voteview bill-linkage context only; not full roll-call-to-bill coverage, public-opinion representation, sponsor effectiveness, public benefit, welfare, causal influence, or model validation."
118-House-64,118,House,64,2023-01-27,HR21,118-hr-21,voteview_bill_number_only,424,voteview_rollcall_metadata; voteview_bill_number,cached_bill_progression_overlap; district_public_opinion_issue; sponsor_success_or_member_effectiveness; public_law_or_statute_for_most_rows; implementation_or_court_outcome; model_validation,Failed,On Agreeing to the Amendment,,https://voteview.com/static/data/out/rollcalls/HS118_rollcalls.csv,"Voteview bill-linkage context only; not full roll-call-to-bill coverage, public-opinion representation, sponsor effectiveness, public benefit, welfare, causal influence, or model validation."
118-House-65,118,House,65,2023-01-27,HR21,118-hr-21,voteview_bill_number_only,423,voteview_rollcall_metadata; voteview_bill_number,cached_bill_progression_overlap; district_public_opinion_issue; sponsor_success_or_member_effectiveness; public_law_or_statute_for_most_rows; implementation_or_court_outcome; model_validation,Failed,On Agreeing to the Amendment,,https://voteview.com/static/data/out/rollcalls/HS118_rollcalls.csv,"Voteview bill-linkage context only; not full roll-call-to-bill coverage, public-opinion representation, sponsor effectiveness, public benefit, welfare, causal influence, or model validation."
118-House-66,118,House,66,2023-01-27,HR21,118-hr-21,voteview_bill_number_only,425,voteview_rollcall_metadata; voteview_bill_number,cached_bill_progression_overlap; district_public_opinion_issue; sponsor_success_or_member_effectiveness; public_law_or_statute_for_most_rows; implementation_or_court_outcome; model_validation,Failed,On Agreeing to the Amendment,,https://voteview.com/static/data/out/rollcalls/HS118_rollcalls.csv,"Voteview bill-linkage context only; not full roll-call-to-bill coverage, public-opinion representation, sponsor effectiveness, public benefit, welfare, causal influence, or model validation."
118-House-67,118,House,67,2023-01-27,HR21,118-hr-21,voteview_bill_number_only,419,voteview_rollcall_metadata; voteview_bill_number,cached_bill_progression_overlap; district_public_opinion_issue; sponsor_success_or_member_effectiveness; public_law_or_statute_for_most_rows; implementation_or_court_outcome; model_validation,Failed,On Agreeing to the Amendment,,https://voteview.com/static/data/out/rollcalls/HS118_rollcalls.csv,"Voteview bill-linkage context only; not full roll-call-to-bill coverage, public-opinion representation, sponsor effectiveness, public benefit, welfare, causal influence, or model validation."
118-House-68,118,House,68,2023-01-27,HR21,118-hr-21,voteview_bill_number_only,426,voteview_rollcall_metadata; voteview_bill_number,cached_bill_progression_overlap; district_public_opinion_issue; sponsor_success_or_member_effectiveness; public_law_or_statute_for_most_rows; implementation_or_court_outcome; model_validation,Failed,On Agreeing to the Amendment,,https://voteview.com/static/data/out/rollcalls/HS118_rollcalls.csv,"Voteview bill-linkage context only; not full roll-call-to-bill coverage, public-opinion representation, sponsor effectiveness, public benefit, welfare, causal influence, or model validation."
118-House-69,118,House,69,2023-01-27,HR21,118-hr-21,voteview_bill_number_only,427,voteview_rollcall_metadata; voteview_bill_number,cached_bill_progression_overlap; district_public_opinion_issue; sponsor_success_or_member_effectiveness; public_law_or_statute_for_most_rows; implementation_or_court_outcome; model_validation,Failed,On Agreeing to the Amendment,,https://voteview.com/static/data/out/rollcalls/HS118_rollcalls.csv,"Voteview bill-linkage context only; not full roll-call-to-bill coverage, public-opinion representation, sponsor effectiveness, public benefit, welfare, causal influence, or model validation."
118-House-70,118,House,70,2023-01-27,HR21,118-hr-21,voteview_bill_number_only,425,voteview_rollcall_metadata; voteview_bill_number,cached_bill_progression_overlap; district_public_opinion_issue; sponsor_success_or_member_effectiveness; public_law_or_statute_for_most_rows; implementation_or_court_outcome; model_validation,Failed,On Agreeing to the Amendment,,https://voteview.com/static/data/out/rollcalls/HS118_rollcalls.csv,"Voteview bill-linkage context only; not full roll-call-to-bill coverage, public-opinion representation, sponsor effectiveness, public benefit, welfare, causal influence, or model validation."
118-House-71,118,House,71,2023-01-27,HR21,118-hr-21,voteview_bill_number_only,428,voteview_rollcall_metadata; voteview_bill_number,cached_bill_progression_overlap; district_public_opinion_issue; sponsor_success_or_member_effectiveness; public_law_or_statute_for_most_rows; implementation_or_court_outcome; model_validation,Failed,On Agreeing to the Amendment,,https://voteview.com/static/data/out/rollcalls/HS118_rollcalls.csv,"Voteview bill-linkage context only; not full roll-call-to-bill coverage, public-opinion representation, sponsor effectiveness, public benefit, welfare, causal influence, or model validation."
118-House-72,118,House,72,2023-01-27,HR21,118-hr-21,voteview_bill_number_only,428,voteview_rollcall_metadata; voteview_bill_number,cached_bill_progression_overlap; district_public_opinion_issue; sponsor_success_or_member_effectiveness; public_law_or_statute_for_most_rows; implementation_or_court_outcome; model_validation,Failed,On Agreeing to the Amendment,,https://voteview.com/static/data/out/rollcalls/HS118_rollcalls.csv,"Voteview bill-linkage context only; not full roll-call-to-bill coverage, public-opinion representation, sponsor effectiveness, public benefit, welfare, causal influence, or model validation."
118-House-73,118,House,73,2023-01-27,HR21,118-hr-21,voteview_bill_number_only,422,voteview_rollcall_metadata; voteview_bill_number,cached_bill_progression_overlap; district_public_opinion_issue; sponsor_success_or_member_effectiveness; public_law_or_statute_for_most_rows; implementation_or_court_outcome; model_validation,Failed,On Agreeing to the Amendment,,https://voteview.com/static/data/out/rollcalls/HS118_rollcalls.csv,"Voteview bill-linkage context only; not full roll-call-to-bill coverage, public-opinion representation, sponsor effectiveness, public benefit, welfare, causal influence, or model validation."
118-House-74,118,House,74,2023-01-27,HR21,118-hr-21,voteview_bill_number_only,426,voteview_rollcall_metadata; voteview_bill_number,cached_bill_progression_overlap; district_public_opinion_issue; sponsor_success_or_member_effectiveness; public_law_or_statute_for_most_rows; implementation_or_court_outcome; model_validation,Failed,On Agreeing to the Amendment,,https://voteview.com/static/data/out/rollcalls/HS118_rollcalls.csv,"Voteview bill-linkage context only; not full roll-call-to-bill coverage, public-opinion representation, sponsor effectiveness, public benefit, welfare, causal influence, or model validation."
118-House-75,118,House,75,2023-01-27,HR21,118-hr-21,voteview_bill_number_only,424,voteview_rollcall_metadata; voteview_bill_number,cached_bill_progression_overlap; district_public_opinion_issue; sponsor_success_or_member_effectiveness; public_law_or_statute_for_most_rows; implementation_or_court_outcome; model_validation,Failed,On Agreeing to the Amendment,,https://voteview.com/static/data/out/rollcalls/HS118_rollcalls.csv,"Voteview bill-linkage context only; not full roll-call-to-bill coverage, public-opinion representation, sponsor effectiveness, public benefit, welfare, causal influence, or model validation."
118-House-76,118,House,76,2023-01-27,HR21,118-hr-21,voteview_bill_number_only,426,voteview_rollcall_metadata; voteview_bill_number,cached_bill_progression_overlap; district_public_opinion_issue; sponsor_success_or_member_effectiveness; public_law_or_statute_for_most_rows; implementation_or_court_outcome; model_validation,Failed,On Agreeing to the Amendment,,https://voteview.com/static/data/out/rollcalls/HS118_rollcalls.csv,"Voteview bill-linkage context only; not full roll-call-to-bill coverage, public-opinion representation, sponsor effectiveness, public benefit, welfare, causal influence, or model validation."
118-House-77,118,House,77,2023-01-27,HR21,118-hr-21,voteview_bill_number_only,426,voteview_rollcall_metadata; voteview_bill_number,cached_bill_progression_overlap; district_public_opinion_issue; sponsor_success_or_member_effectiveness; public_law_or_statute_for_most_rows; implementation_or_court_outcome; model_validation,Failed,On Agreeing to the Amendment,,https://voteview.com/static/data/out/rollcalls/HS118_rollcalls.csv,"Voteview bill-linkage context only; not full roll-call-to-bill coverage, public-opinion representation, sponsor effectiveness, public benefit, welfare, causal influence, or model validation."
118-House-78,118,House,78,2023-01-27,HR21,118-hr-21,voteview_bill_number_only,427,voteview_rollcall_metadata; voteview_bill_number,cached_bill_progression_overlap; district_public_opinion_issue; sponsor_success_or_member_effectiveness; public_law_or_statute_for_most_rows; implementation_or_court_outcome; model_validation,Failed,On Agreeing to the Amendment,,https://voteview.com/static/data/out/rollcalls/HS118_rollcalls.csv,"Voteview bill-linkage context only; not full roll-call-to-bill coverage, public-opinion representation, sponsor effectiveness, public benefit, welfare, causal influence, or model validation."
118-House-79,118,House,79,2023-01-27,HR21,118-hr-21,voteview_bill_number_only,426,voteview_rollcall_metadata; voteview_bill_number,cached_bill_progression_overlap; district_public_opinion_issue; sponsor_success_or_member_effectiveness; public_law_or_statute_for_most_rows; implementation_or_court_outcome; model_validation,Failed,On Agreeing to the Amendment,,https://voteview.com/static/data/out/rollcalls/HS118_rollcalls.csv,"Voteview bill-linkage context only; not full roll-call-to-bill coverage, public-opinion representation, sponsor effectiveness, public benefit, welfare, causal influence, or model validation."
118-House-80,118,House,80,2023-01-27,HR21,118-hr-21,voteview_bill_number_only,425,voteview_rollcall_metadata; voteview_bill_number,cached_bill_progression_overlap; district_public_opinion_issue; sponsor_success_or_member_effectiveness; public_law_or_statute_for_most_rows; implementation_or_court_outcome; model_validation,Failed,On Agreeing to the Amendment,,https://voteview.com/static/data/out/rollcalls/HS118_rollcalls.csv,"Voteview bill-linkage context only; not full roll-call-to-bill coverage, public-opinion representation, sponsor effectiveness, public benefit, welfare, causal influence, or model validation."
118-House-81,118,House,81,2023-01-27,HR21,118-hr-21,voteview_bill_number_only,426,voteview_rollcall_metadata; voteview_bill_number,cached_bill_progression_overlap; district_public_opinion_issue; sponsor_success_or_member_effectiveness; public_law_or_statute_for_most_rows; implementation_or_court_outcome; model_validation,Failed,On Agreeing to the Amendment,,https://voteview.com/static/data/out/rollcalls/HS118_rollcalls.csv,"Voteview bill-linkage context only; not full roll-call-to-bill coverage, public-opinion representation, sponsor effectiveness, public benefit, welfare, causal influence, or model validation."
118-House-82,118,House,82,2023-01-27,HR21,118-hr-21,voteview_bill_number_only,427,voteview_rollcall_metadata; voteview_bill_number,cached_bill_progression_overlap; district_public_opinion_issue; sponsor_success_or_member_effectiveness; public_law_or_statute_for_most_rows; implementation_or_court_outcome; model_validation,Failed,On Agreeing to the Amendment,,https://voteview.com/static/data/out/rollcalls/HS118_rollcalls.csv,"Voteview bill-linkage context only; not full roll-call-to-bill coverage, public-opinion representation, sponsor effectiveness, public benefit, welfare, causal influence, or model validation."
118-House-83,118,House,83,2023-01-27,HR21,118-hr-21,voteview_bill_number_only,425,voteview_rollcall_metadata; voteview_bill_number,cached_bill_progression_overlap; district_public_opinion_issue; sponsor_success_or_member_effectiveness; public_law_or_statute_for_most_rows; implementation_or_court_outcome; model_validation,Failed,On Agreeing to the Amendment,,https://voteview.com/static/data/out/rollcalls/HS118_rollcalls.csv,"Voteview bill-linkage context only; not full roll-call-to-bill coverage, public-opinion representation, sponsor effectiveness, public benefit, welfare, causal influence, or model validation."
118-House-84,118,House,84,2023-01-27,HR21,118-hr-21,voteview_bill_number_only,426,voteview_rollcall_metadata; voteview_bill_number,cached_bill_progression_overlap; district_public_opinion_issue; sponsor_success_or_member_effectiveness; public_law_or_statute_for_most_rows; implementation_or_court_outcome; model_validation,Failed,On Agreeing to the Amendment,,https://voteview.com/static/data/out/rollcalls/HS118_rollcalls.csv,"Voteview bill-linkage context only; not full roll-call-to-bill coverage, public-opinion representation, sponsor effectiveness, public benefit, welfare, causal influence, or model validation."
118-House-85,118,House,85,2023-01-27,HR21,118-hr-21,voteview_bill_number_only,428,voteview_rollcall_metadata; voteview_bill_number,cached_bill_progression_overlap; district_public_opinion_issue; sponsor_success_or_member_effectiveness; public_law_or_statute_for_most_rows; implementation_or_court_outcome; model_validation,Failed,On Agreeing to the Amendment,,https://voteview.com/static/data/out/rollcalls/HS118_rollcalls.csv,"Voteview bill-linkage context only; not full roll-call-to-bill coverage, public-opinion representation, sponsor effectiveness, public benefit, welfare, causal influence, or model validation."
118-House-86,118,House,86,2023-01-27,HR21,118-hr-21,voteview_bill_number_only,427,voteview_rollcall_metadata; voteview_bill_number,cached_bill_progression_overlap; district_public_opinion_issue; sponsor_success_or_member_effectiveness; public_law_or_statute_for_most_rows; implementation_or_court_outcome; model_validation,Failed,On Agreeing to the Amendment,,https://voteview.com/static/data/out/rollcalls/HS118_rollcalls.csv,"Voteview bill-linkage context only; not full roll-call-to-bill coverage, public-opinion representation, sponsor effectiveness, public benefit, welfare, causal influence, or model validation."
118-House-87,118,House,87,2023-01-27,HR21,118-hr-21,voteview_bill_number_only,428,voteview_rollcall_metadata; voteview_bill_number,cached_bill_progression_overlap; district_public_opinion_issue; sponsor_success_or_member_effectiveness; public_law_or_statute_for_most_rows; implementation_or_court_outcome; model_validation,Failed,On Agreeing to the Amendment,,https://voteview.com/static/data/out/rollcalls/HS118_rollcalls.csv,"Voteview bill-linkage context only; not full roll-call-to-bill coverage, public-opinion representation, sponsor effectiveness, public benefit, welfare, causal influence, or model validation."
118-House-88,118,House,88,2023-01-27,HR21,118-hr-21,voteview_bill_number_only,426,voteview_rollcall_metadata; voteview_bill_number,cached_bill_progression_overlap; district_public_opinion_issue; sponsor_success_or_member_effectiveness; public_law_or_statute_for_most_rows; implementation_or_court_outcome; model_validation,Failed,On Agreeing to the Amendment,,https://voteview.com/static/data/out/rollcalls/HS118_rollcalls.csv,"Voteview bill-linkage context only; not full roll-call-to-bill coverage, public-opinion representation, sponsor effectiveness, public benefit, welfare, causal influence, or model validation."
118-House-89,118,House,89,2023-01-27,HR21,118-hr-21,voteview_bill_number_only,428,voteview_rollcall_metadata; voteview_bill_number,cached_bill_progression_overlap; district_public_opinion_issue; sponsor_success_or_member_effectiveness; public_law_or_statute_for_most_rows; implementation_or_court_outcome; model_validation,Failed,On Agreeing to the Amendment,,https://voteview.com/static/data/out/rollcalls/HS118_rollcalls.csv,"Voteview bill-linkage context only; not full roll-call-to-bill coverage, public-opinion representation, sponsor effectiveness, public benefit, welfare, causal influence, or model validation."
118-House-90,118,House,90,2023-01-27,HR21,118-hr-21,voteview_bill_number_only,425,voteview_rollcall_metadata; voteview_bill_number,cached_bill_progression_overlap; district_public_opinion_issue; sponsor_success_or_member_effectiveness; public_law_or_statute_for_most_rows; implementation_or_court_outcome; model_validation,Failed,On Agreeing to the Amendment,,https://voteview.com/static/data/out/rollcalls/HS118_rollcalls.csv,"Voteview bill-linkage context only; not full roll-call-to-bill coverage, public-opinion representation, sponsor effectiveness, public benefit, welfare, causal influence, or model validation."
118-House-91,118,House,91,2023-01-27,HR21,118-hr-21,voteview_bill_number_only,427,voteview_rollcall_metadata; voteview_bill_number,cached_bill_progression_overlap; district_public_opinion_issue; sponsor_success_or_member_effectiveness; public_law_or_statute_for_most_rows; implementation_or_court_outcome; model_validation,Failed,On Agreeing to the Amendment,,https://voteview.com/static/data/out/rollcalls/HS118_rollcalls.csv,"Voteview bill-linkage context only; not full roll-call-to-bill coverage, public-opinion representation, sponsor effectiveness, public benefit, welfare, causal influence, or model validation."
118-House-92,118,House,92,2023-01-27,HR21,118-hr-21,voteview_bill_number_only,424,voteview_rollcall_metadata; voteview_bill_number,cached_bill_progression_overlap; district_public_opinion_issue; sponsor_success_or_member_effectiveness; public_law_or_statute_for_most_rows; implementation_or_court_outcome; model_validation,Passed,On Passage,Strategic Production Response Act,https://voteview.com/static/data/out/rollcalls/HS118_rollcalls.csv,"Voteview bill-linkage context only; not full roll-call-to-bill coverage, public-opinion representation, sponsor effectiveness, public benefit, welfare, causal influence, or model validation."
118-House-93,118,House,93,2023-01-30,HR500,118-hr-500,voteview_bill_number_only,417,voteview_rollcall_metadata; voteview_bill_number,cached_bill_progression_overlap; district_public_opinion_issue; sponsor_success_or_member_effectiveness; public_law_or_statute_for_most_rows; implementation_or_court_outcome; model_validation,Passed,On Motion to Suspend the Rules and Pass,Financial Exploitation Prevention Act,https://voteview.com/static/data/out/rollcalls/HS118_rollcalls.csv,"Voteview bill-linkage context only; not full roll-call-to-bill coverage, public-opinion representation, sponsor effectiveness, public benefit, welfare, causal influence, or model validation."
118-House-94,118,House,94,2023-01-31,HRES75,118-hres-75,voteview_bill_number_only,425,voteview_rollcall_metadata; voteview_bill_number,cached_bill_progression_overlap; district_public_opinion_issue; sponsor_success_or_member_effectiveness; public_law_or_statute_for_most_rows; implementation_or_court_outcome; model_validation,Passed,On Ordering the Previous Question,"Providing for consideration of the bill (H.J. Res. 7) relating to a national emergency declared by the President on March 13, 2020; consideration of (H.R. 139) the SHOW UP Act; consideration of (H.R. 382) the Pandemic is Over Act; and consideration of (H.R. 497) the Freedom for Health Care Workers Act",https://voteview.com/static/data/out/rollcalls/HS118_rollcalls.csv,"Voteview bill-linkage context only; not full roll-call-to-bill coverage, public-opinion representation, sponsor effectiveness, public benefit, welfare, causal influence, or model validation."
118-House-95,118,House,95,2023-01-31,HRES75,118-hres-75,voteview_bill_number_only,422,voteview_rollcall_metadata; voteview_bill_number,cached_bill_progression_overlap; district_public_opinion_issue; sponsor_success_or_member_effectiveness; public_law_or_statute_for_most_rows; implementation_or_court_outcome; model_validation,Passed,On Agreeing to the Resolution,"Providing for consideration of the bill (H.J. Res. 7) relating to a national emergency declared by the President on March 13, 2020; consideration of (H.R. 139) the SHOW UP Act; consideration of (H.R. 382) the Pandemic is Over Act; and consideration of (H.R. 497) the Freedom for Health Care Workers Act",https://voteview.com/static/data/out/rollcalls/HS118_rollcalls.csv,"Voteview bill-linkage context only; not full roll-call-to-bill coverage, public-opinion representation, sponsor effectiveness, public benefit, welfare, causal influence, or model validation."
118-House-96,118,House,96,2023-01-31,HR497,118-hr-497,voteview_bill_number_only,427,voteview_rollcall_metadata; voteview_bill_number,cached_bill_progression_overlap; district_public_opinion_issue; sponsor_success_or_member_effectiveness; public_law_or_statute_for_most_rows; implementation_or_court_outcome; model_validation,Failed,On Motion to Recommit,Freedom for Health Care Workers Act,https://voteview.com/static/data/out/rollcalls/HS118_rollcalls.csv,"Voteview bill-linkage context only; not full roll-call-to-bill coverage, public-opinion representation, sponsor effectiveness, public benefit, welfare, causal influence, or model validation."
118-House-97,118,House,97,2023-01-31,HR497,118-hr-497,voteview_bill_number_only,428,voteview_rollcall_metadata; voteview_bill_number,cached_bill_progression_overlap; district_public_opinion_issue; sponsor_success_or_member_effectiveness; public_law_or_statute_for_most_rows; implementation_or_court_outcome; model_validation,Passed,On Passage,Freedom for Health Care Workers Act,https://voteview.com/static/data/out/rollcalls/HS118_rollcalls.csv,"Voteview bill-linkage context only; not full roll-call-to-bill coverage, public-opinion representation, sponsor effectiveness, public benefit, welfare, causal influence, or model validation."
118-House-98,118,House,98,2023-01-31,HR382,118-hr-382,voteview_bill_number_only,428,voteview_rollcall_metadata; voteview_bill_number,cached_bill_progression_overlap; district_public_opinion_issue; sponsor_success_or_member_effectiveness; public_law_or_statute_for_most_rows; implementation_or_court_outcome; model_validation,Failed,On Motion to Recommit,Pandemic is Over Act,https://voteview.com/static/data/out/rollcalls/HS118_rollcalls.csv,"Voteview bill-linkage context only; not full roll-call-to-bill coverage, public-opinion representation, sponsor effectiveness, public benefit, welfare, causal influence, or model validation."
118-House-99,118,House,99,2023-01-31,HR382,118-hr-382,voteview_bill_number_only,428,voteview_rollcall_metadata; voteview_bill_number,cached_bill_progression_overlap; district_public_opinion_issue; sponsor_success_or_member_effectiveness; public_law_or_statute_for_most_rows; implementation_or_court_outcome; model_validation,Passed,On Passage,Pandemic is Over Act,https://voteview.com/static/data/out/rollcalls/HS118_rollcalls.csv,"Voteview bill-linkage context only; not full roll-call-to-bill coverage, public-opinion representation, sponsor effectiveness, public benefit, welfare, causal influence, or model validation."
118-House-100,118,House,100,2023-02-01,HRES83,118-hres-83,voteview_bill_number_only,424,voteview_rollcall_metadata; voteview_bill_number,cached_bill_progression_overlap; district_public_opinion_issue; sponsor_success_or_member_effectiveness; public_law_or_statute_for_most_rows; implementation_or_court_outcome; model_validation,Passed,On Ordering the Previous Question,Providing for consideration of the concurrent resolution (H. Con. Res. 9) denouncing the horrors of Socialism; and providing for consideration of the resolution (H. Res. 76) removing a certain member from a certain standing committee of the House,https://voteview.com/static/data/out/rollcalls/HS118_rollcalls.csv,"Voteview bill-linkage context only; not full roll-call-to-bill coverage, public-opinion representation, sponsor effectiveness, public benefit, welfare, causal influence, or model validation."
118-House-101,118,House,101,2023-02-01,HRES83,118-hres-83,voteview_bill_number_only,425,voteview_rollcall_metadata; voteview_bill_number,cached_bill_progression_overlap; district_public_opinion_issue; sponsor_success_or_member_effectiveness; public_law_or_statute_for_most_rows; implementation_or_court_outcome; model_validation,Passed,On Agreeing to the Resolution,Providing for consideration of the concurrent resolution (H. Con. Res. 9) denouncing the horrors of Socialism; and providing for consideration of the resolution (H. Res. 76) removing a certain member from a certain standing committee of the House,https://voteview.com/static/data/out/rollcalls/HS118_rollcalls.csv,"Voteview bill-linkage context only; not full roll-call-to-bill coverage, public-opinion representation, sponsor effectiveness, public benefit, welfare, causal influence, or model validation."
118-House-102,118,House,102,2023-02-01,HR139,118-hr-139,bill_progression_metadata,425,voteview_rollcall_metadata; voteview_bill_number; congressgov_bill_progression_overlap,district_public_opinion_issue; sponsor_success_or_member_effectiveness; public_law_or_statute_for_most_rows; implementation_or_court_outcome; model_validation,Passed,On Passage,SHOW UP Act,https://voteview.com/static/data/out/rollcalls/HS118_rollcalls.csv,"Voteview bill-linkage context only; not full roll-call-to-bill coverage, public-opinion representation, sponsor effectiveness, public benefit, welfare, causal influence, or model validation."
118-House-103,118,House,103,2023-02-01,HJRES7,118-hjres-7,voteview_bill_number_only,424,voteview_rollcall_metadata; voteview_bill_number,cached_bill_progression_overlap; district_public_opinion_issue; sponsor_success_or_member_effectiveness; public_law_or_statute_for_most_rows; implementation_or_court_outcome; model_validation,Passed,On Passage,"Relating to a national emergency declared by the President on March 13, 2020",https://voteview.com/static/data/out/rollcalls/HS118_rollcalls.csv,"Voteview bill-linkage context only; not full roll-call-to-bill coverage, public-opinion representation, sponsor effectiveness, public benefit, welfare, causal influence, or model validation."
118-House-104,118,House,104,2023-02-02,HRES76,118-hres-76,voteview_bill_number_only,427,voteview_rollcall_metadata; voteview_bill_number,cached_bill_progression_overlap; district_public_opinion_issue; sponsor_success_or_member_effectiveness; public_law_or_statute_for_most_rows; implementation_or_court_outcome; model_validation,Passed,On Agreeing to the Resolution,Removing a certain Member from a certain standing committee of the House,https://voteview.com/static/data/out/rollcalls/HS118_rollcalls.csv,"Voteview bill-linkage context only; not full roll-call-to-bill coverage, public-opinion representation, sponsor effectiveness, public benefit, welfare, causal influence, or model validation."
118-House-105,118,House,105,2023-02-02,HCONRES9,118-hconres-9,voteview_bill_number_only,412,voteview_rollcall_metadata; voteview_bill_number,cached_bill_progression_overlap; district_public_opinion_issue; sponsor_success_or_member_effectiveness; public_law_or_statute_for_most_rows; implementation_or_court_outcome; model_validation,Passed,On Agreeing to the Resolution,Denouncing the horrors of socialism,https://voteview.com/static/data/out/rollcalls/HS118_rollcalls.csv,"Voteview bill-linkage context only; not full roll-call-to-bill coverage, public-opinion representation, sponsor effectiveness, public benefit, welfare, causal influence, or model validation."
118-House-106,118,House,106,2023-02-06,HR302,118-hr-302,voteview_bill_number_only,411,voteview_rollcall_metadata; voteview_bill_number,cached_bill_progression_overlap; district_public_opinion_issue; sponsor_success_or_member_effectiveness; public_law_or_statute_for_most_rows; implementation_or_court_outcome; model_validation,Passed,"On Motion to Suspend the Rules and Pass, as Amended",Energy Cybersecurity University Leadership Act,https://voteview.com/static/data/out/rollcalls/HS118_rollcalls.csv,"Voteview bill-linkage context only; not full roll-call-to-bill coverage, public-opinion representation, sponsor effectiveness, public benefit, welfare, causal influence, or model validation."
118-House-107,118,House,107,2023-02-07,HRES97,118-hres-97,voteview_bill_number_only,423,voteview_rollcall_metadata; voteview_bill_number,cached_bill_progression_overlap; district_public_opinion_issue; sponsor_success_or_member_effectiveness; public_law_or_statute_for_most_rows; implementation_or_court_outcome; model_validation,Passed,On Ordering the Previous Question,"Providing for consideration of H.R. 185, To terminate the requirement imposed by the Dir. of the CDC for proof of COVID-19 vaccination for foreign travelers; H.J. Res. 24, Disapproving the action of the DC Council in approving the Local Voting Rights Amendment; H.J. Res. 26, Disapproving the action of the DC Council",https://voteview.com/static/data/out/rollcalls/HS118_rollcalls.csv,"Voteview bill-linkage context only; not full roll-call-to-bill coverage, public-opinion representation, sponsor effectiveness, public benefit, welfare, causal influence, or model validation."
118-House-108,118,House,108,2023-02-07,HRES97,118-hres-97,voteview_bill_number_only,423,voteview_rollcall_metadata; voteview_bill_number,cached_bill_progression_overlap; district_public_opinion_issue; sponsor_success_or_member_effectiveness; public_law_or_statute_for_most_rows; implementation_or_court_outcome; model_validation,Passed,On Agreeing to the Resolution,"Providing for consideration of H.R. 185, To terminate the requirement imposed by the Dir. of the CDC for proof of COVID-19 vaccination for foreign travelers; H.J. Res. 24, Disapproving the action of the DC Council in approving the Local Voting Rights Amendment; H.J. Res. 26, Disapproving the action of the DC Council",https://voteview.com/static/data/out/rollcalls/HS118_rollcalls.csv,"Voteview bill-linkage context only; not full roll-call-to-bill coverage, public-opinion representation, sponsor effectiveness, public benefit, welfare, causal influence, or model validation."
118-House-109,118,House,109,2023-02-08,HR185,118-hr-185,voteview_bill_number_only,430,voteview_rollcall_metadata; voteview_bill_number,cached_bill_progression_overlap; district_public_opinion_issue; sponsor_success_or_member_effectiveness; public_law_or_statute_for_most_rows; implementation_or_court_outcome; model_validation,Failed,On Agreeing to the Amendment,,https://voteview.com/static/data/out/rollcalls/HS118_rollcalls.csv,"Voteview bill-linkage context only; not full roll-call-to-bill coverage, public-opinion representation, sponsor effectiveness, public benefit, welfare, causal influence, or model validation."
118-House-110,118,House,110,2023-02-08,HR185,118-hr-185,voteview_bill_number_only,419,voteview_rollcall_metadata; voteview_bill_number,cached_bill_progression_overlap; district_public_opinion_issue; sponsor_success_or_member_effectiveness; public_law_or_statute_for_most_rows; implementation_or_court_outcome; model_validation,Agreed to,On Agreeing to the Amendment,,https://voteview.com/static/data/out/rollcalls/HS118_rollcalls.csv,"Voteview bill-linkage context only; not full roll-call-to-bill coverage, public-opinion representation, sponsor effectiveness, public benefit, welfare, causal influence, or model validation."
118-House-111,118,House,111,2023-02-08,HR185,118-hr-185,voteview_bill_number_only,425,voteview_rollcall_metadata; voteview_bill_number,cached_bill_progression_overlap; district_public_opinion_issue; sponsor_success_or_member_effectiveness; public_law_or_statute_for_most_rows; implementation_or_court_outcome; model_validation,Failed,On Agreeing to the Amendment,,https://voteview.com/static/data/out/rollcalls/HS118_rollcalls.csv,"Voteview bill-linkage context only; not full roll-call-to-bill coverage, public-opinion representation, sponsor effectiveness, public benefit, welfare, causal influence, or model validation."
118-House-112,118,House,112,2023-02-08,HR185,118-hr-185,voteview_bill_number_only,432,voteview_rollcall_metadata; voteview_bill_number,cached_bill_progression_overlap; district_public_opinion_issue; sponsor_success_or_member_effectiveness; public_law_or_statute_for_most_rows; implementation_or_court_outcome; model_validation,Agreed to,On Agreeing to the Amendment,,https://voteview.com/static/data/out/rollcalls/HS118_rollcalls.csv,"Voteview bill-linkage context only; not full roll-call-to-bill coverage, public-opinion representation, sponsor effectiveness, public benefit, welfare, causal influence, or model validation."
118-House-113,118,House,113,2023-02-08,HR185,118-hr-185,voteview_bill_number_only,431,voteview_rollcall_metadata; voteview_bill_number,cached_bill_progression_overlap; district_public_opinion_issue; sponsor_success_or_member_effectiveness; public_law_or_statute_for_most_rows; implementation_or_court_outcome; model_validation,Failed,On Agreeing to the Amendment,,https://voteview.com/static/data/out/rollcalls/HS118_rollcalls.csv,"Voteview bill-linkage context only; not full roll-call-to-bill coverage, public-opinion representation, sponsor effectiveness, public benefit, welfare, causal influence, or model validation."
118-House-114,118,House,114,2023-02-08,HR185,118-hr-185,voteview_bill_number_only,426,voteview_rollcall_metadata; voteview_bill_number,cached_bill_progression_overlap; district_public_opinion_issue; sponsor_success_or_member_effectiveness; public_law_or_statute_for_most_rows; implementation_or_court_outcome; model_validation,Failed,On Motion to Recommit,"To terminate the requirement imposed by the Director of the Centers for Disease Control and Prevention for proof of COVID-19 vaccination for foreign travelers, and for other purposes",https://voteview.com/static/data/out/rollcalls/HS118_rollcalls.csv,"Voteview bill-linkage context only; not full roll-call-to-bill coverage, public-opinion representation, sponsor effectiveness, public benefit, welfare, causal influence, or model validation."
118-House-115,118,House,115,2023-02-08,HR185,118-hr-185,voteview_bill_number_only,426,voteview_rollcall_metadata; voteview_bill_number,cached_bill_progression_overlap; district_public_opinion_issue; sponsor_success_or_member_effectiveness; public_law_or_statute_for_most_rows; implementation_or_court_outcome; model_validation,Passed,On Passage,"To terminate the requirement imposed by the Director of the Centers for Disease Control and Prevention for proof of COVID-19 vaccination for foreign travelers, and for other purposes",https://voteview.com/static/data/out/rollcalls/HS118_rollcalls.csv,"Voteview bill-linkage context only; not full roll-call-to-bill coverage, public-opinion representation, sponsor effectiveness, public benefit, welfare, causal influence, or model validation."
118-House-116,118,House,116,2023-02-09,HRES104,118-hres-104,voteview_bill_number_only,417,voteview_rollcall_metadata; voteview_bill_number,cached_bill_progression_overlap; district_public_opinion_issue; sponsor_success_or_member_effectiveness; public_law_or_statute_for_most_rows; implementation_or_court_outcome; model_validation,Passed,On Motion to Suspend the Rules and Agree,Condemning the Chinese Communist Party’s use of a high-altitude surveillance balloon over United States territory as a brazen violation of United States sovereignty,https://voteview.com/static/data/out/rollcalls/HS118_rollcalls.csv,"Voteview bill-linkage context only; not full roll-call-to-bill coverage, public-opinion representation, sponsor effectiveness, public benefit, welfare, causal influence, or model validation."
118-House-117,118,House,117,2023-02-09,HJRES24,118-hjres-24,voteview_bill_number_only,420,voteview_rollcall_metadata; voteview_bill_number,cached_bill_progression_overlap; district_public_opinion_issue; sponsor_success_or_member_effectiveness; public_law_or_statute_for_most_rows; implementation_or_court_outcome; model_validation,Passed,On Passage,Disapproving the action of the District of Columbia Council in approving the Local Resident Voting Rights Amendment Act of 2022,https://voteview.com/static/data/out/rollcalls/HS118_rollcalls.csv,"Voteview bill-linkage context only; not full roll-call-to-bill coverage, public-opinion representation, sponsor effectiveness, public benefit, welfare, causal influence, or model validation."
118-House-118,118,House,118,2023-02-09,HJRES26,118-hjres-26,voteview_bill_number_only,421,voteview_rollcall_metadata; voteview_bill_number,cached_bill_progression_overlap; district_public_opinion_issue; sponsor_success_or_member_effectiveness; public_law_or_statute_for_most_rows; implementation_or_court_outcome; model_validation,Passed,On Passage,Disapproving the action of the District of Columbia Council in approving the Revised Criminal Code Act,https://voteview.com/static/data/out/rollcalls/HS118_rollcalls.csv,"Voteview bill-linkage context only; not full roll-call-to-bill coverage, public-opinion representation, sponsor effectiveness, public benefit, welfare, causal influence, or model validation."
118-House-119,118,House,119,2023-02-27,HRES132,118-hres-132,voteview_bill_number_only,414,voteview_rollcall_metadata; voteview_bill_number,cached_bill_progression_overlap; district_public_opinion_issue; sponsor_success_or_member_effectiveness; public_law_or_statute_for_most_rows; implementation_or_court_outcome; model_validation,Passed,On Motion to Suspend the Rules and Agree,"Responding to the earthquakes in Turkiye and Syria on February 6, 2023",https://voteview.com/static/data/out/rollcalls/HS118_rollcalls.csv,"Voteview bill-linkage context only; not full roll-call-to-bill coverage, public-opinion representation, sponsor effectiveness, public benefit, welfare, causal influence, or model validation."
118-House-120,118,House,120,2023-02-27,HR538,118-hr-538,voteview_bill_number_only,416,voteview_rollcall_metadata; voteview_bill_number,cached_bill_progression_overlap; district_public_opinion_issue; sponsor_success_or_member_effectiveness; public_law_or_statute_for_most_rows; implementation_or_court_outcome; model_validation,Passed,On Motion to Suspend the Rules and Pass,Informing Consumers about Smart Devices Act,https://voteview.com/static/data/out/rollcalls/HS118_rollcalls.csv,"Voteview bill-linkage context only; not full roll-call-to-bill coverage, public-opinion representation, sponsor effectiveness, public benefit, welfare, causal influence, or model validation."
118-House-121,118,House,121,2023-02-28,HRES166,118-hres-166,voteview_bill_number_only,412,voteview_rollcall_metadata; voteview_bill_number,cached_bill_progression_overlap; district_public_opinion_issue; sponsor_success_or_member_effectiveness; public_law_or_statute_for_most_rows; implementation_or_court_outcome; model_validation,Passed,On Ordering the Previous Question,"Providing for consideration of (H.R. 347) Reduce Exacerbated Inflation Negatively Impacting the Nation Act; (H.J.Res. 30) congressional disapproval under chapter 8 of tile 5, U.S.C., of the rule submitted by the Dept. of Labor relating to Prudence & Loyalty in Selecting Plan Investments & Exercising Shareholder Rights",https://voteview.com/static/data/out/rollcalls/HS118_rollcalls.csv,"Voteview bill-linkage context only; not full roll-call-to-bill coverage, public-opinion representation, sponsor effectiveness, public benefit, welfare, causal influence, or model validation."
118-House-122,118,House,122,2023-02-28,HRES166,118-hres-166,voteview_bill_number_only,419,voteview_rollcall_metadata; voteview_bill_number,cached_bill_progression_overlap; district_public_opinion_issue; sponsor_success_or_member_effectiveness; public_law_or_statute_for_most_rows; implementation_or_court_outcome; model_validation,Passed,On Agreeing to the Resolution,"Providing for consideration of (H.R. 347) Reduce Exacerbated Inflation Negatively Impacting the Nation Act; (H.J.Res. 30) congressional disapproval under chapter 8 of tile 5, U.S.C., of the rule submitted by the Dept. of Labor relating to Prudence & Loyalty in Selecting Plan Investments & Exercising Shareholder Rights",https://voteview.com/static/data/out/rollcalls/HS118_rollcalls.csv,"Voteview bill-linkage context only; not full roll-call-to-bill coverage, public-opinion representation, sponsor effectiveness, public benefit, welfare, causal influence, or model validation."
118-House-123,118,House,123,2023-02-28,HJRES30,118-hjres-30,voteview_bill_number_only,418,voteview_rollcall_metadata; voteview_bill_number,cached_bill_progression_overlap; district_public_opinion_issue; sponsor_success_or_member_effectiveness; public_law_or_statute_for_most_rows; implementation_or_court_outcome; model_validation,Passed,On Passage,"Providing for congressional disapproval under chapter 8 of title 5, United States Code, of the rule submitted by the Department of Labor relating to “Prudence and Loyalty in Selecting Plan Investments and Exercising Shareholder Rights”",https://voteview.com/static/data/out/rollcalls/HS118_rollcalls.csv,"Voteview bill-linkage context only; not full roll-call-to-bill coverage, public-opinion representation, sponsor effectiveness, public benefit, welfare, causal influence, or model validation."
118-House-124,118,House,124,2023-03-01,HR347,118-hr-347,voteview_bill_number_only,405,voteview_rollcall_metadata; voteview_bill_number,cached_bill_progression_overlap; district_public_opinion_issue; sponsor_success_or_member_effectiveness; public_law_or_statute_for_most_rows; implementation_or_court_outcome; model_validation,Agreed to,On Agreeing to the Amendment,,https://voteview.com/static/data/out/rollcalls/HS118_rollcalls.csv,"Voteview bill-linkage context only; not full roll-call-to-bill coverage, public-opinion representation, sponsor effectiveness, public benefit, welfare, causal influence, or model validation."
118-House-125,118,House,125,2023-03-01,HR347,118-hr-347,voteview_bill_number_only,415,voteview_rollcall_metadata; voteview_bill_number,cached_bill_progression_overlap; district_public_opinion_issue; sponsor_success_or_member_effectiveness; public_law_or_statute_for_most_rows; implementation_or_court_outcome; model_validation,Agreed to,On Agreeing to the Amendment,,https://voteview.com/static/data/out/rollcalls/HS118_rollcalls.csv,"Voteview bill-linkage context only; not full roll-call-to-bill coverage, public-opinion representation, sponsor effectiveness, public benefit, welfare, causal influence, or model validation."
118-House-126,118,House,126,2023-03-01,HR347,118-hr-347,voteview_bill_number_only,415,voteview_rollcall_metadata; voteview_bill_number,cached_bill_progression_overlap; district_public_opinion_issue; sponsor_success_or_member_effectiveness; public_law_or_statute_for_most_rows; implementation_or_court_outcome; model_validation,Failed,On Agreeing to the Amendment,,https://voteview.com/static/data/out/rollcalls/HS118_rollcalls.csv,"Voteview bill-linkage context only; not full roll-call-to-bill coverage, public-opinion representation, sponsor effectiveness, public benefit, welfare, causal influence, or model validation."
118-House-127,118,House,127,2023-03-01,HR347,118-hr-347,voteview_bill_number_only,417,voteview_rollcall_metadata; voteview_bill_number,cached_bill_progression_overlap; district_public_opinion_issue; sponsor_success_or_member_effectiveness; public_law_or_statute_for_most_rows; implementation_or_court_outcome; model_validation,Failed,On Agreeing to the Amendment,,https://voteview.com/static/data/out/rollcalls/HS118_rollcalls.csv,"Voteview bill-linkage context only; not full roll-call-to-bill coverage, public-opinion representation, sponsor effectiveness, public benefit, welfare, causal influence, or model validation."
118-House-128,118,House,128,2023-03-01,HR347,118-hr-347,voteview_bill_number_only,418,voteview_rollcall_metadata; voteview_bill_number,cached_bill_progression_overlap; district_public_opinion_issue; sponsor_success_or_member_effectiveness; public_law_or_statute_for_most_rows; implementation_or_court_outcome; model_validation,Agreed to,On Agreeing to the Amendment,,https://voteview.com/static/data/out/rollcalls/HS118_rollcalls.csv,"Voteview bill-linkage context only; not full roll-call-to-bill coverage, public-opinion representation, sponsor effectiveness, public benefit, welfare, causal influence, or model validation."
118-House-129,118,House,129,2023-03-01,HR347,118-hr-347,voteview_bill_number_only,423,voteview_rollcall_metadata; voteview_bill_number,cached_bill_progression_overlap; district_public_opinion_issue; sponsor_success_or_member_effectiveness; public_law_or_statute_for_most_rows; implementation_or_court_outcome; model_validation,Failed,On Agreeing to the Amendment,,https://voteview.com/static/data/out/rollcalls/HS118_rollcalls.csv,"Voteview bill-linkage context only; not full roll-call-to-bill coverage, public-opinion representation, sponsor effectiveness, public benefit, welfare, causal influence, or model validation."
118-House-130,118,House,130,2023-03-01,HR347,118-hr-347,voteview_bill_number_only,418,voteview_rollcall_metadata; voteview_bill_number,cached_bill_progression_overlap; district_public_opinion_issue; sponsor_success_or_member_effectiveness; public_law_or_statute_for_most_rows; implementation_or_court_outcome; model_validation,Passed,On Passage,Reduce Exacerbated Inflation Negatively Impacting the Nation Act,https://voteview.com/static/data/out/rollcalls/HS118_rollcalls.csv,"Voteview bill-linkage context only; not full roll-call-to-bill coverage, public-opinion representation, sponsor effectiveness, public benefit, welfare, causal influence, or model validation."
118-House-131,118,House,131,2023-03-07,HR1226,118-hr-1226,voteview_bill_number_only,420,voteview_rollcall_metadata; voteview_bill_number,cached_bill_progression_overlap; district_public_opinion_issue; sponsor_success_or_member_effectiveness; public_law_or_statute_for_most_rows; implementation_or_court_outcome; model_validation,Passed,"On Motion to Suspend the Rules and Pass, as Amended",Wounded Warrior Access Act,https://voteview.com/static/data/out/rollcalls/HS118_rollcalls.csv,"Voteview bill-linkage context only; not full roll-call-to-bill coverage, public-opinion representation, sponsor effectiveness, public benefit, welfare, causal influence, or model validation."
118-House-132,118,House,132,2023-03-07,HR1123,118-hr-1123,voteview_bill_number_only,413,voteview_rollcall_metadata; voteview_bill_number,cached_bill_progression_overlap; district_public_opinion_issue; sponsor_success_or_member_effectiveness; public_law_or_statute_for_most_rows; implementation_or_court_outcome; model_validation,Passed,"On Motion to Suspend the Rules and Pass, as Amended",Understanding Cybersecurity of Mobile Networks Act,https://voteview.com/static/data/out/rollcalls/HS118_rollcalls.csv,"Voteview bill-linkage context only; not full roll-call-to-bill coverage, public-opinion representation, sponsor effectiveness, public benefit, welfare, causal influence, or model validation."
118-House-133,118,House,133,2023-03-08,HRES199,118-hres-199,voteview_bill_number_only,420,voteview_rollcall_metadata; voteview_bill_number,cached_bill_progression_overlap; district_public_opinion_issue; sponsor_success_or_member_effectiveness; public_law_or_statute_for_most_rows; implementation_or_court_outcome; model_validation,Passed,On Ordering the Previous Question,Providing for consideration of the bill (H.R. 140) the Protecting Speech from Government Interference Act; consideration of the resolution (H.J. Res. 27) relating to Revised Definition of Waters of the United States; consideration of the bill (S.619) the COVID-19 Origin Act; and for other purposes,https://voteview.com/static/data/out/rollcalls/HS118_rollcalls.csv,"Voteview bill-linkage context only; not full roll-call-to-bill coverage, public-opinion representation, sponsor effectiveness, public benefit, welfare, causal influence, or model validation."
118-House-134,118,House,134,2023-03-08,HRES199,118-hres-199,voteview_bill_number_only,420,voteview_rollcall_metadata; voteview_bill_number,cached_bill_progression_overlap; district_public_opinion_issue; sponsor_success_or_member_effectiveness; public_law_or_statute_for_most_rows; implementation_or_court_outcome; model_validation,Passed,"On Agreeing to the Resolution, as Amended",Providing for consideration of the bill (H.R. 140) the Protecting Speech from Government Interference Act; consideration of the resolution (H.J. Res. 27) relating to Revised Definition of Waters of the United States; consideration of the bill (S.619) the COVID-19 Origin Act; and for other purposes,https://voteview.com/static/data/out/rollcalls/HS118_rollcalls.csv,"Voteview bill-linkage context only; not full roll-call-to-bill coverage, public-opinion representation, sponsor effectiveness, public benefit, welfare, causal influence, or model validation."
118-House-135,118,House,135,2023-03-08,HCONRES21,118-hconres-21,voteview_bill_number_only,422,voteview_rollcall_metadata; voteview_bill_number,cached_bill_progression_overlap; district_public_opinion_issue; sponsor_success_or_member_effectiveness; public_law_or_statute_for_most_rows; implementation_or_court_outcome; model_validation,Failed,On Agreeing to the Resolution,"Directing the President, pursuant to section 5(c) of the War Powers Resolution, to remove the United States Armed Forces from Syria",https://voteview.com/static/data/out/rollcalls/HS118_rollcalls.csv,"Voteview bill-linkage context only; not full roll-call-to-bill coverage, public-opinion representation, sponsor effectiveness, public benefit, welfare, causal influence, or model validation."
118-House-136,118,House,136,2023-03-08,HR753,118-hr-753,voteview_bill_number_only,424,voteview_rollcall_metadata; voteview_bill_number,cached_bill_progression_overlap; district_public_opinion_issue; sponsor_success_or_member_effectiveness; public_law_or_statute_for_most_rows; implementation_or_court_outcome; model_validation,Passed,"On Motion to Suspend the Rules and Pass, as Amended",VA COST SAVINGS Enhancements Act,https://voteview.com/static/data/out/rollcalls/HS118_rollcalls.csv,"Voteview bill-linkage context only; not full roll-call-to-bill coverage, public-opinion representation, sponsor effectiveness, public benefit, welfare, causal influence, or model validation."
118-House-137,118,House,137,2023-03-08,HR140,118-hr-140,bill_progression_metadata,428,voteview_rollcall_metadata; voteview_bill_number; congressgov_bill_progression_overlap,district_public_opinion_issue; sponsor_success_or_member_effectiveness; public_law_or_statute_for_most_rows; implementation_or_court_outcome; model_validation,Failed,On Agreeing to the Amendment,,https://voteview.com/static/data/out/rollcalls/HS118_rollcalls.csv,"Voteview bill-linkage context only; not full roll-call-to-bill coverage, public-opinion representation, sponsor effectiveness, public benefit, welfare, causal influence, or model validation."
118-House-138,118,House,138,2023-03-08,HR140,118-hr-140,bill_progression_metadata,428,voteview_rollcall_metadata; voteview_bill_number; congressgov_bill_progression_overlap,district_public_opinion_issue; sponsor_success_or_member_effectiveness; public_law_or_statute_for_most_rows; implementation_or_court_outcome; model_validation,Failed,On Agreeing to the Amendment,,https://voteview.com/static/data/out/rollcalls/HS118_rollcalls.csv,"Voteview bill-linkage context only; not full roll-call-to-bill coverage, public-opinion representation, sponsor effectiveness, public benefit, welfare, causal influence, or model validation."
118-House-139,118,House,139,2023-03-09,HR140,118-hr-140,bill_progression_metadata,420,voteview_rollcall_metadata; voteview_bill_number; congressgov_bill_progression_overlap,district_public_opinion_issue; sponsor_success_or_member_effectiveness; public_law_or_statute_for_most_rows; implementation_or_court_outcome; model_validation,Failed,On Motion to Recommit,Protecting Speech from Government Interference Act,https://voteview.com/static/data/out/rollcalls/HS118_rollcalls.csv,"Voteview bill-linkage context only; not full roll-call-to-bill coverage, public-opinion representation, sponsor effectiveness, public benefit, welfare, causal influence, or model validation."
118-House-140,118,House,140,2023-03-09,HR140,118-hr-140,bill_progression_metadata,423,voteview_rollcall_metadata; voteview_bill_number; congressgov_bill_progression_overlap,district_public_opinion_issue; sponsor_success_or_member_effectiveness; public_law_or_statute_for_most_rows; implementation_or_court_outcome; model_validation,Passed,On Passage,Protecting Speech from Government Interference Act,https://voteview.com/static/data/out/rollcalls/HS118_rollcalls.csv,"Voteview bill-linkage context only; not full roll-call-to-bill coverage, public-opinion representation, sponsor effectiveness, public benefit, welfare, causal influence, or model validation."
118-House-141,118,House,141,2023-03-09,HJRES27,118-hjres-27,voteview_bill_number_only,423,voteview_rollcall_metadata; voteview_bill_number,cached_bill_progression_overlap; district_public_opinion_issue; sponsor_success_or_member_effectiveness; public_law_or_statute_for_most_rows; implementation_or_court_outcome; model_validation,Passed,On Passage,"Providing for congressional disapproval under chapter 8 of title 5, United States Code, of the rule submitted by the Department of the Army, Corps of Engineers, Department of Defense and the Environmental Protection Agency relating to “Revised Definition of ’Waters of the United States’ ”",https://voteview.com/static/data/out/rollcalls/HS118_rollcalls.csv,"Voteview bill-linkage context only; not full roll-call-to-bill coverage, public-opinion representation, sponsor effectiveness, public benefit, welfare, causal influence, or model validation."
118-House-142,118,House,142,2023-03-10,S619,118-s-619,voteview_bill_number_only,417,voteview_rollcall_metadata; voteview_bill_number,cached_bill_progression_overlap; district_public_opinion_issue; sponsor_success_or_member_effectiveness; public_law_or_statute_for_most_rows; implementation_or_court_outcome; model_validation,Passed,On Passage,COVID-19 Origin Act,https://voteview.com/static/data/out/rollcalls/HS118_rollcalls.csv,"Voteview bill-linkage context only; not full roll-call-to-bill coverage, public-opinion representation, sponsor effectiveness, public benefit, welfare, causal influence, or model validation."
118-House-143,118,House,143,2023-03-22,HR1093,118-hr-1093,voteview_bill_number_only,396,voteview_rollcall_metadata; voteview_bill_number,cached_bill_progression_overlap; district_public_opinion_issue; sponsor_success_or_member_effectiveness; public_law_or_statute_for_most_rows; implementation_or_court_outcome; model_validation,Passed,On Motion to Suspend the Rules and Pass,"To direct the Secretary of State to submit to Congress a report on implementation of the advanced capabilities pillar of the trilateral security partnership between Australia, the United Kingdom, and the United States",https://voteview.com/static/data/out/rollcalls/HS118_rollcalls.csv,"Voteview bill-linkage context only; not full roll-call-to-bill coverage, public-opinion representation, sponsor effectiveness, public benefit, welfare, causal influence, or model validation."
118-House-144,118,House,144,2023-03-22,HR1159,118-hr-1159,voteview_bill_number_only,409,voteview_rollcall_metadata; voteview_bill_number,cached_bill_progression_overlap; district_public_opinion_issue; sponsor_success_or_member_effectiveness; public_law_or_statute_for_most_rows; implementation_or_court_outcome; model_validation,Passed,On Motion to Suspend the Rules and Pass,To amend the Taiwan Assurance Act of 2020 to require periodic reviews and updated reports relating to the Department of State’s Taiwan Guidelines,https://voteview.com/static/data/out/rollcalls/HS118_rollcalls.csv,"Voteview bill-linkage context only; not full roll-call-to-bill coverage, public-opinion representation, sponsor effectiveness, public benefit, welfare, causal influence, or model validation."
118-House-145,118,House,145,2023-03-23,HRES241,118-hres-241,voteview_bill_number_only,421,voteview_rollcall_metadata; voteview_bill_number,cached_bill_progression_overlap; district_public_opinion_issue; sponsor_success_or_member_effectiveness; public_law_or_statute_for_most_rows; implementation_or_court_outcome; model_validation,Passed,On Ordering the Previous Question,Providing for consideration of the bill (H.R. 5) Parents Bill of Rights Act,https://voteview.com/static/data/out/rollcalls/HS118_rollcalls.csv,"Voteview bill-linkage context only; not full roll-call-to-bill coverage, public-opinion representation, sponsor effectiveness, public benefit, welfare, causal influence, or model validation."
118-House-146,118,House,146,2023-03-23,HRES241,118-hres-241,voteview_bill_number_only,421,voteview_rollcall_metadata; voteview_bill_number,cached_bill_progression_overlap; district_public_opinion_issue; sponsor_success_or_member_effectiveness; public_law_or_statute_for_most_rows; implementation_or_court_outcome; model_validation,Passed,On Agreeing to the Resolution,Providing for consideration of the bill (H.R. 5) Parents Bill of Rights Act,https://voteview.com/static/data/out/rollcalls/HS118_rollcalls.csv,"Voteview bill-linkage context only; not full roll-call-to-bill coverage, public-opinion representation, sponsor effectiveness, public benefit, welfare, causal influence, or model validation."
118-House-147,118,House,147,2023-03-23,HR406,118-hr-406,voteview_bill_number_only,419,voteview_rollcall_metadata; voteview_bill_number,cached_bill_progression_overlap; district_public_opinion_issue; sponsor_success_or_member_effectiveness; public_law_or_statute_for_most_rows; implementation_or_court_outcome; model_validation,Passed,On Motion to Suspend the Rules and Pass,PARTNER with ASEAN Act,https://voteview.com/static/data/out/rollcalls/HS118_rollcalls.csv,"Voteview bill-linkage context only; not full roll-call-to-bill coverage, public-opinion representation, sponsor effectiveness, public benefit, welfare, causal influence, or model validation."
118-House-148,118,House,148,2023-03-23,HJRES30,118-hjres-30,voteview_bill_number_only,417,voteview_rollcall_metadata; voteview_bill_number,cached_bill_progression_overlap; district_public_opinion_issue; sponsor_success_or_member_effectiveness; public_law_or_statute_for_most_rows; implementation_or_court_outcome; model_validation,Failed,"Passage, Objections of the President To The Contrary Notwithstanding","Providing for congressional disapproval under chapter 8 of title 5, United States Code, of the rule submitted by the Department of Labor relating to “Prudence and Loyalty in Selecting Plan Investments and Exercising Shareholder Rights”",https://voteview.com/static/data/out/rollcalls/HS118_rollcalls.csv,"Voteview bill-linkage context only; not full roll-call-to-bill coverage, public-opinion representation, sponsor effectiveness, public benefit, welfare, causal influence, or model validation."
118-House-149,118,House,149,2023-03-23,HR5,118-hr-5,voteview_bill_number_only,424,voteview_rollcall_metadata; voteview_bill_number,cached_bill_progression_overlap; district_public_opinion_issue; sponsor_success_or_member_effectiveness; public_law_or_statute_for_most_rows; implementation_or_court_outcome; model_validation,Failed,On Agreeing to the Amendment,,https://voteview.com/static/data/out/rollcalls/HS118_rollcalls.csv,"Voteview bill-linkage context only; not full roll-call-to-bill coverage, public-opinion representation, sponsor effectiveness, public benefit, welfare, causal influence, or model validation."
118-House-150,118,House,150,2023-03-23,HR5,118-hr-5,voteview_bill_number_only,424,voteview_rollcall_metadata; voteview_bill_number,cached_bill_progression_overlap; district_public_opinion_issue; sponsor_success_or_member_effectiveness; public_law_or_statute_for_most_rows; implementation_or_court_outcome; model_validation,Failed,On Agreeing to the Amendment,,https://voteview.com/static/data/out/rollcalls/HS118_rollcalls.csv,"Voteview bill-linkage context only; not full roll-call-to-bill coverage, public-opinion representation, sponsor effectiveness, public benefit, welfare, causal influence, or model validation."
118-House-151,118,House,151,2023-03-23,HR5,118-hr-5,voteview_bill_number_only,425,voteview_rollcall_metadata; voteview_bill_number,cached_bill_progression_overlap; district_public_opinion_issue; sponsor_success_or_member_effectiveness; public_law_or_statute_for_most_rows; implementation_or_court_outcome; model_validation,Failed,On Agreeing to the Amendment,,https://voteview.com/static/data/out/rollcalls/HS118_rollcalls.csv,"Voteview bill-linkage context only; not full roll-call-to-bill coverage, public-opinion representation, sponsor effectiveness, public benefit, welfare, causal influence, or model validation."
118-House-152,118,House,152,2023-03-23,HR5,118-hr-5,voteview_bill_number_only,423,voteview_rollcall_metadata; voteview_bill_number,cached_bill_progression_overlap; district_public_opinion_issue; sponsor_success_or_member_effectiveness; public_law_or_statute_for_most_rows; implementation_or_court_outcome; model_validation,Agreed to,On Agreeing to the Amendment,,https://voteview.com/static/data/out/rollcalls/HS118_rollcalls.csv,"Voteview bill-linkage context only; not full roll-call-to-bill coverage, public-opinion representation, sponsor effectiveness, public benefit, welfare, causal influence, or model validation."
118-House-153,118,House,153,2023-03-24,HR5,118-hr-5,voteview_bill_number_only,423,voteview_rollcall_metadata; voteview_bill_number,cached_bill_progression_overlap; district_public_opinion_issue; sponsor_success_or_member_effectiveness; public_law_or_statute_for_most_rows; implementation_or_court_outcome; model_validation,Agreed to,On Agreeing to the Amendment,,https://voteview.com/static/data/out/rollcalls/HS118_rollcalls.csv,"Voteview bill-linkage context only; not full roll-call-to-bill coverage, public-opinion representation, sponsor effectiveness, public benefit, welfare, causal influence, or model validation."
118-House-154,118,House,154,2023-03-24,HR5,118-hr-5,voteview_bill_number_only,418,voteview_rollcall_metadata; voteview_bill_number,cached_bill_progression_overlap; district_public_opinion_issue; sponsor_success_or_member_effectiveness; public_law_or_statute_for_most_rows; implementation_or_court_outcome; model_validation,Failed,On Agreeing to the Amendment,,https://voteview.com/static/data/out/rollcalls/HS118_rollcalls.csv,"Voteview bill-linkage context only; not full roll-call-to-bill coverage, public-opinion representation, sponsor effectiveness, public benefit, welfare, causal influence, or model validation."
118-House-155,118,House,155,2023-03-24,HR5,118-hr-5,voteview_bill_number_only,424,voteview_rollcall_metadata; voteview_bill_number,cached_bill_progression_overlap; district_public_opinion_issue; sponsor_success_or_member_effectiveness; public_law_or_statute_for_most_rows; implementation_or_court_outcome; model_validation,Failed,On Agreeing to the Amendment,,https://voteview.com/static/data/out/rollcalls/HS118_rollcalls.csv,"Voteview bill-linkage context only; not full roll-call-to-bill coverage, public-opinion representation, sponsor effectiveness, public benefit, welfare, causal influence, or model validation."
118-House-156,118,House,156,2023-03-24,HR5,118-hr-5,voteview_bill_number_only,422,voteview_rollcall_metadata; voteview_bill_number,cached_bill_progression_overlap; district_public_opinion_issue; sponsor_success_or_member_effectiveness; public_law_or_statute_for_most_rows; implementation_or_court_outcome; model_validation,Failed,On Agreeing to the Amendment,,https://voteview.com/static/data/out/rollcalls/HS118_rollcalls.csv,"Voteview bill-linkage context only; not full roll-call-to-bill coverage, public-opinion representation, sponsor effectiveness, public benefit, welfare, causal influence, or model validation."
118-House-157,118,House,157,2023-03-24,HR5,118-hr-5,voteview_bill_number_only,422,voteview_rollcall_metadata; voteview_bill_number,cached_bill_progression_overlap; district_public_opinion_issue; sponsor_success_or_member_effectiveness; public_law_or_statute_for_most_rows; implementation_or_court_outcome; model_validation,Failed,On Agreeing to the Amendment,,https://voteview.com/static/data/out/rollcalls/HS118_rollcalls.csv,"Voteview bill-linkage context only; not full roll-call-to-bill coverage, public-opinion representation, sponsor effectiveness, public benefit, welfare, causal influence, or model validation."
118-House-158,118,House,158,2023-03-24,HR5,118-hr-5,voteview_bill_number_only,412,voteview_rollcall_metadata; voteview_bill_number,cached_bill_progression_overlap; district_public_opinion_issue; sponsor_success_or_member_effectiveness; public_law_or_statute_for_most_rows; implementation_or_court_outcome; model_validation,Failed,On Agreeing to the Amendment,,https://voteview.com/static/data/out/rollcalls/HS118_rollcalls.csv,"Voteview bill-linkage context only; not full roll-call-to-bill coverage, public-opinion representation, sponsor effectiveness, public benefit, welfare, causal influence, or model validation."
118-House-159,118,House,159,2023-03-24,HR5,118-hr-5,voteview_bill_number_only,419,voteview_rollcall_metadata; voteview_bill_number,cached_bill_progression_overlap; district_public_opinion_issue; sponsor_success_or_member_effectiveness; public_law_or_statute_for_most_rows; implementation_or_court_outcome; model_validation,Failed,On Motion to Recommit,Parents Bill of Rights Act,https://voteview.com/static/data/out/rollcalls/HS118_rollcalls.csv,"Voteview bill-linkage context only; not full roll-call-to-bill coverage, public-opinion representation, sponsor effectiveness, public benefit, welfare, causal influence, or model validation."
118-House-160,118,House,160,2023-03-24,HR5,118-hr-5,voteview_bill_number_only,419,voteview_rollcall_metadata; voteview_bill_number,cached_bill_progression_overlap; district_public_opinion_issue; sponsor_success_or_member_effectiveness; public_law_or_statute_for_most_rows; implementation_or_court_outcome; model_validation,Passed,On Passage,Parents Bill of Rights Act,https://voteview.com/static/data/out/rollcalls/HS118_rollcalls.csv,"Voteview bill-linkage context only; not full roll-call-to-bill coverage, public-opinion representation, sponsor effectiveness, public benefit, welfare, causal influence, or model validation."
118-Senate-1,118,Senate,1,2023-01-23,PN1,,nomination_or_nonbill_vote,97,voteview_rollcall_metadata,cached_bill_progression_overlap; district_public_opinion_issue; sponsor_success_or_member_effectiveness; public_law_or_statute_for_most_rows; implementation_or_court_outcome; model_validation,Nomination Confirmed,On the Nomination,"Brendan Owens, of Virginia, to be an Assistant Secretary of Defense",https://voteview.com/static/data/out/rollcalls/HS118_rollcalls.csv,"Voteview bill-linkage context only; not full roll-call-to-bill coverage, public-opinion representation, sponsor effectiveness, public benefit, welfare, causal influence, or model validation."
118-Senate-2,118,Senate,2,2023-01-26,SRES13,118-sres-13,voteview_bill_number_only,96,voteview_rollcall_metadata; voteview_bill_number,cached_bill_progression_overlap; district_public_opinion_issue; sponsor_success_or_member_effectiveness; public_law_or_statute_for_most_rows; implementation_or_court_outcome; model_validation,Resolution Agreed to,On the Resolution,"A resolution raising awareness and encouraging the prevention of stalking by designating January 2023 as ""National Stalking Awareness Month"".",https://voteview.com/static/data/out/rollcalls/HS118_rollcalls.csv,"Voteview bill-linkage context only; not full roll-call-to-bill coverage, public-opinion representation, sponsor effectiveness, public benefit, welfare, causal influence, or model validation."
118-Senate-3,118,Senate,3,2023-01-30,PN62,,nomination_or_nonbill_vote,96,voteview_rollcall_metadata,cached_bill_progression_overlap; district_public_opinion_issue; sponsor_success_or_member_effectiveness; public_law_or_statute_for_most_rows; implementation_or_court_outcome; model_validation,Nomination Confirmed,On the Nomination,"Roger Israel Zakheim, of Maryland, to be a Member of the Board of Directors of the United States Institute of Peace for a term of four years",https://voteview.com/static/data/out/rollcalls/HS118_rollcalls.csv,"Voteview bill-linkage context only; not full roll-call-to-bill coverage, public-opinion representation, sponsor effectiveness, public benefit, welfare, causal influence, or model validation."
118-Senate-4,118,Senate,4,2023-02-01,SRES21,118-sres-21,voteview_bill_number_only,99,voteview_rollcall_metadata; voteview_bill_number,cached_bill_progression_overlap; district_public_opinion_issue; sponsor_success_or_member_effectiveness; public_law_or_statute_for_most_rows; implementation_or_court_outcome; model_validation,Resolution Agreed to,On the Resolution,"A resolution supporting the observation of National Trafficking and Modern Slavery Prevention Month during the period beginning on January 1, 2023, and ending on February 1, 2023, to raise awareness of, and opposition to, human trafficking and modern slavery.",https://voteview.com/static/data/out/rollcalls/HS118_rollcalls.csv,"Voteview bill-linkage context only; not full roll-call-to-bill coverage, public-opinion representation, sponsor effectiveness, public benefit, welfare, causal influence, or model validation."
118-Senate-5,118,Senate,5,2023-02-02,PN61,,nomination_or_nonbill_vote,99,voteview_rollcall_metadata,cached_bill_progression_overlap; district_public_opinion_issue; sponsor_success_or_member_effectiveness; public_law_or_statute_for_most_rows; implementation_or_court_outcome; model_validation,Nomination Confirmed,On the Nomination,"Joseph Lee Falk, of Florida, to be a Member of the Board of Directors of the United States Institute of Peace for a term of four years",https://voteview.com/static/data/out/rollcalls/HS118_rollcalls.csv,"Voteview bill-linkage context only; not full roll-call-to-bill coverage, public-opinion representation, sponsor effectiveness, public benefit, welfare, causal influence, or model validation."
118-Senate-6,118,Senate,6,2023-02-07,PN88,,nomination_or_nonbill_vote,99,voteview_rollcall_metadata,cached_bill_progression_overlap; district_public_opinion_issue; sponsor_success_or_member_effectiveness; public_law_or_statute_for_most_rows; implementation_or_court_outcome; model_validation,Cloture Motion Agreed to,On the Cloture Motion,"DeAndrea Gist Benjamin, of South Carolina, to be United States Circuit Judge for the Fourth Circuit",https://voteview.com/static/data/out/rollcalls/HS118_rollcalls.csv,"Voteview bill-linkage context only; not full roll-call-to-bill coverage, public-opinion representation, sponsor effectiveness, public benefit, welfare, causal influence, or model validation."
118-Senate-7,118,Senate,7,2023-02-09,PN88,,nomination_or_nonbill_vote,99,voteview_rollcall_metadata,cached_bill_progression_overlap; district_public_opinion_issue; sponsor_success_or_member_effectiveness; public_law_or_statute_for_most_rows; implementation_or_court_outcome; model_validation,Nomination Confirmed,On the Nomination,"DeAndrea Gist Benjamin, of South Carolina, to be United States Circuit Judge for the Fourth Circuit",https://voteview.com/static/data/out/rollcalls/HS118_rollcalls.csv,"Voteview bill-linkage context only; not full roll-call-to-bill coverage, public-opinion representation, sponsor effectiveness, public benefit, welfare, causal influence, or model validation."
118-Senate-8,118,Senate,8,2023-02-09,PN92,,nomination_or_nonbill_vote,100,voteview_rollcall_metadata,cached_bill_progression_overlap; district_public_opinion_issue; sponsor_success_or_member_effectiveness; public_law_or_statute_for_most_rows; implementation_or_court_outcome; model_validation,Cloture Motion Agreed to,On the Cloture Motion,"Cindy K. Chung, of Pennsylvania, to be United States Circuit Judge for the Third Circuit",https://voteview.com/static/data/out/rollcalls/HS118_rollcalls.csv,"Voteview bill-linkage context only; not full roll-call-to-bill coverage, public-opinion representation, sponsor effectiveness, public benefit, welfare, causal influence, or model validation."
118-Senate-9,118,Senate,9,2023-02-13,PN92,,nomination_or_nonbill_vote,96,voteview_rollcall_metadata,cached_bill_progression_overlap; district_public_opinion_issue; sponsor_success_or_member_effectiveness; public_law_or_statute_for_most_rows; implementation_or_court_outcome; model_validation,Nomination Confirmed,On the Nomination,"Cindy K. Chung, of Pennsylvania, to be United States Circuit Judge for the Third Circuit",https://voteview.com/static/data/out/rollcalls/HS118_rollcalls.csv,"Voteview bill-linkage context only; not full roll-call-to-bill coverage, public-opinion representation, sponsor effectiveness, public benefit, welfare, causal influence, or model validation."
118-Senate-10,118,Senate,10,2023-02-13,PN79,,nomination_or_nonbill_vote,98,voteview_rollcall_metadata,cached_bill_progression_overlap; district_public_opinion_issue; sponsor_success_or_member_effectiveness; public_law_or_statute_for_most_rows; implementation_or_court_outcome; model_validation,Cloture Motion Agreed to,On the Cloture Motion,"Gina R. Mendez-Miro, of Puerto Rico, to be United States District Judge for the District of Puerto Rico",https://voteview.com/static/data/out/rollcalls/HS118_rollcalls.csv,"Voteview bill-linkage context only; not full roll-call-to-bill coverage, public-opinion representation, sponsor effectiveness, public benefit, welfare, causal influence, or model validation."
118-Senate-11,118,Senate,11,2023-02-14,PN79,,nomination_or_nonbill_vote,101,voteview_rollcall_metadata,cached_bill_progression_overlap; district_public_opinion_issue; sponsor_success_or_member_effectiveness; public_law_or_statute_for_most_rows; implementation_or_court_outcome; model_validation,Nomination Confirmed,On the Nomination,"Gina R. Mendez-Miro, of Puerto Rico, to be United States District Judge for the District of Puerto Rico",https://voteview.com/static/data/out/rollcalls/HS118_rollcalls.csv,"Voteview bill-linkage context only; not full roll-call-to-bill coverage, public-opinion representation, sponsor effectiveness, public benefit, welfare, causal influence, or model validation."
118-Senate-12,118,Senate,12,2023-02-14,PN74,,nomination_or_nonbill_vote,101,voteview_rollcall_metadata,cached_bill_progression_overlap; district_public_opinion_issue; sponsor_success_or_member_effectiveness; public_law_or_statute_for_most_rows; implementation_or_court_outcome; model_validation,Cloture Motion Agreed to,On the Cloture Motion,"Lindsay C. Jenkins, of Illinois, to be United States District Judge for the Northern District of Illinois",https://voteview.com/static/data/out/rollcalls/HS118_rollcalls.csv,"Voteview bill-linkage context only; not full roll-call-to-bill coverage, public-opinion representation, sponsor effectiveness, public benefit, welfare, causal influence, or model validation."
118-Senate-13,118,Senate,13,2023-02-14,PN74,,nomination_or_nonbill_vote,101,voteview_rollcall_metadata,cached_bill_progression_overlap; district_public_opinion_issue; sponsor_success_or_member_effectiveness; public_law_or_statute_for_most_rows; implementation_or_court_outcome; model_validation,Nomination Confirmed,On the Nomination,"Lindsay C. Jenkins, of Illinois, to be United States District Judge for the Northern District of Illinois",https://voteview.com/static/data/out/rollcalls/HS118_rollcalls.csv,"Voteview bill-linkage context only; not full roll-call-to-bill coverage, public-opinion representation, sponsor effectiveness, public benefit, welfare, causal influence, or model validation."
118-Senate-14,118,Senate,14,2023-02-14,PN72,,nomination_or_nonbill_vote,101,voteview_rollcall_metadata,cached_bill_progression_overlap; district_public_opinion_issue; sponsor_success_or_member_effectiveness; public_law_or_statute_for_most_rows; implementation_or_court_outcome; model_validation,Cloture Motion Agreed to,On the Cloture Motion,"Matthew L. Garcia, of New Mexico, to be United States District Judge for the District of New Mexico",https://voteview.com/static/data/out/rollcalls/HS118_rollcalls.csv,"Voteview bill-linkage context only; not full roll-call-to-bill coverage, public-opinion representation, sponsor effectiveness, public benefit, welfare, causal influence, or model validation."
118-Senate-15,118,Senate,15,2023-02-14,PN72,,nomination_or_nonbill_vote,101,voteview_rollcall_metadata,cached_bill_progression_overlap; district_public_opinion_issue; sponsor_success_or_member_effectiveness; public_law_or_statute_for_most_rows; implementation_or_court_outcome; model_validation,Nomination Confirmed,On the Nomination,"Matthew L. Garcia, of New Mexico, to be United States District Judge for the District of New Mexico",https://voteview.com/static/data/out/rollcalls/HS118_rollcalls.csv,"Voteview bill-linkage context only; not full roll-call-to-bill coverage, public-opinion representation, sponsor effectiveness, public benefit, welfare, causal influence, or model validation."
118-Senate-16,118,Senate,16,2023-02-14,PN71,,nomination_or_nonbill_vote,99,voteview_rollcall_metadata,cached_bill_progression_overlap; district_public_opinion_issue; sponsor_success_or_member_effectiveness; public_law_or_statute_for_most_rows; implementation_or_court_outcome; model_validation,Cloture Motion Agreed to,On the Cloture Motion,"Adrienne C. Nelson, of Oregon, to be United States District Judge for the District of Oregon",https://voteview.com/static/data/out/rollcalls/HS118_rollcalls.csv,"Voteview bill-linkage context only; not full roll-call-to-bill coverage, public-opinion representation, sponsor effectiveness, public benefit, welfare, causal influence, or model validation."
118-Senate-17,118,Senate,17,2023-02-15,PN71,,nomination_or_nonbill_vote,100,voteview_rollcall_metadata,cached_bill_progression_overlap; district_public_opinion_issue; sponsor_success_or_member_effectiveness; public_law_or_statute_for_most_rows; implementation_or_court_outcome; model_validation,Nomination Confirmed,On the Nomination,"Adrienne C. Nelson, of Oregon, to be United States District Judge for the District of Oregon",https://voteview.com/static/data/out/rollcalls/HS118_rollcalls.csv,"Voteview bill-linkage context only; not full roll-call-to-bill coverage, public-opinion representation, sponsor effectiveness, public benefit, welfare, causal influence, or model validation."
118-Senate-18,118,Senate,18,2023-02-15,PN80,,nomination_or_nonbill_vote,101,voteview_rollcall_metadata,cached_bill_progression_overlap; district_public_opinion_issue; sponsor_success_or_member_effectiveness; public_law_or_statute_for_most_rows; implementation_or_court_outcome; model_validation,Cloture Motion Agreed to,On the Cloture Motion,"Ana C. Reyes, of the District of Columbia, to be United States District Judge for the District of Columbia",https://voteview.com/static/data/out/rollcalls/HS118_rollcalls.csv,"Voteview bill-linkage context only; not full roll-call-to-bill coverage, public-opinion representation, sponsor effectiveness, public benefit, welfare, causal influence, or model validation."
118-Senate-19,118,Senate,19,2023-02-15,PN73,,nomination_or_nonbill_vote,100,voteview_rollcall_metadata,cached_bill_progression_overlap; district_public_opinion_issue; sponsor_success_or_member_effectiveness; public_law_or_statute_for_most_rows; implementation_or_court_outcome; model_validation,Cloture Motion Agreed to,On the Cloture Motion,"Daniel J. Calabretta, of California, to be United States District Judge for the Eastern District of California",https://voteview.com/static/data/out/rollcalls/HS118_rollcalls.csv,"Voteview bill-linkage context only; not full roll-call-to-bill coverage, public-opinion representation, sponsor effectiveness, public benefit, welfare, causal influence, or model validation."
118-Senate-20,118,Senate,20,2023-02-15,PN80,,nomination_or_nonbill_vote,100,voteview_rollcall_metadata,cached_bill_progression_overlap; district_public_opinion_issue; sponsor_success_or_member_effectiveness; public_law_or_statute_for_most_rows; implementation_or_court_outcome; model_validation,Nomination Confirmed,On the Nomination,"Ana C. Reyes, of the District of Columbia, to be United States District Judge for the District of Columbia",https://voteview.com/static/data/out/rollcalls/HS118_rollcalls.csv,"Voteview bill-linkage context only; not full roll-call-to-bill coverage, public-opinion representation, sponsor effectiveness, public benefit, welfare, causal influence, or model validation."
118-Senate-21,118,Senate,21,2023-02-15,PN3,,nomination_or_nonbill_vote,99,voteview_rollcall_metadata,cached_bill_progression_overlap; district_public_opinion_issue; sponsor_success_or_member_effectiveness; public_law_or_statute_for_most_rows; implementation_or_court_outcome; model_validation,Cloture Motion Agreed to,On the Cloture Motion,"Lester Martinez-Lopez, of Florida, to be an Assistant Secretary of Defense",https://voteview.com/static/data/out/rollcalls/HS118_rollcalls.csv,"Voteview bill-linkage context only; not full roll-call-to-bill coverage, public-opinion representation, sponsor effectiveness, public benefit, welfare, causal influence, or model validation."
118-Senate-22,118,Senate,22,2023-02-16,PN73,,nomination_or_nonbill_vote,98,voteview_rollcall_metadata,cached_bill_progression_overlap; district_public_opinion_issue; sponsor_success_or_member_effectiveness; public_law_or_statute_for_most_rows; implementation_or_court_outcome; model_validation,Nomination Confirmed,On the Nomination,"Daniel J. Calabretta, of California, to be United States District Judge for the Eastern District of California",https://voteview.com/static/data/out/rollcalls/HS118_rollcalls.csv,"Voteview bill-linkage context only; not full roll-call-to-bill coverage, public-opinion representation, sponsor effectiveness, public benefit, welfare, causal influence, or model validation."
118-Senate-23,118,Senate,23,2023-02-16,PN3,,nomination_or_nonbill_vote,96,voteview_rollcall_metadata,cached_bill_progression_overlap; district_public_opinion_issue; sponsor_success_or_member_effectiveness; public_law_or_statute_for_most_rows; implementation_or_court_outcome; model_validation,Nomination Confirmed,On the Nomination,"Lester Martinez-Lopez, of Florida, to be an Assistant Secretary of Defense",https://voteview.com/static/data/out/rollcalls/HS118_rollcalls.csv,"Voteview bill-linkage context only; not full roll-call-to-bill coverage, public-opinion representation, sponsor effectiveness, public benefit, welfare, causal influence, or model validation."
118-Senate-24,118,Senate,24,2023-02-16,PN91,,nomination_or_nonbill_vote,96,voteview_rollcall_metadata,cached_bill_progression_overlap; district_public_opinion_issue; sponsor_success_or_member_effectiveness; public_law_or_statute_for_most_rows; implementation_or_court_outcome; model_validation,Cloture Motion Agreed to,On the Cloture Motion,"Maria Araujo Kahn, of Connecticut, to be United States Circuit Judge for the Second Circuit",https://voteview.com/static/data/out/rollcalls/HS118_rollcalls.csv,"Voteview bill-linkage context only; not full roll-call-to-bill coverage, public-opinion representation, sponsor effectiveness, public benefit, welfare, causal influence, or model validation."
118-Senate-25,118,Senate,25,2023-02-27,PN78,,nomination_or_nonbill_vote,93,voteview_rollcall_metadata,cached_bill_progression_overlap; district_public_opinion_issue; sponsor_success_or_member_effectiveness; public_law_or_statute_for_most_rows; implementation_or_court_outcome; model_validation,Cloture Motion Agreed to,On the Cloture Motion,"Jamar K. Walker, of Virginia, to be United States District Judge for the Eastern District of Virginia",https://voteview.com/static/data/out/rollcalls/HS118_rollcalls.csv,"Voteview bill-linkage context only; not full roll-call-to-bill coverage, public-opinion representation, sponsor effectiveness, public benefit, welfare, causal influence, or model validation."
118-Senate-26,118,Senate,26,2023-02-28,PN78,,nomination_or_nonbill_vote,95,voteview_rollcall_metadata,cached_bill_progression_overlap; district_public_opinion_issue; sponsor_success_or_member_effectiveness; public_law_or_statute_for_most_rows; implementation_or_court_outcome; model_validation,Nomination Confirmed,On the Nomination,"Jamar K. Walker, of Virginia, to be United States District Judge for the Eastern District of Virginia",https://voteview.com/static/data/out/rollcalls/HS118_rollcalls.csv,"Voteview bill-linkage context only; not full roll-call-to-bill coverage, public-opinion representation, sponsor effectiveness, public benefit, welfare, causal influence, or model validation."
118-Senate-27,118,Senate,27,2023-02-28,PN75,,nomination_or_nonbill_vote,96,voteview_rollcall_metadata,cached_bill_progression_overlap; district_public_opinion_issue; sponsor_success_or_member_effectiveness; public_law_or_statute_for_most_rows; implementation_or_court_outcome; model_validation,Cloture Motion Agreed to,On the Cloture Motion,"Jamal N. Whitehead, of Washington, to be United States District Judge for the Western District of Washington",https://voteview.com/static/data/out/rollcalls/HS118_rollcalls.csv,"Voteview bill-linkage context only; not full roll-call-to-bill coverage, public-opinion representation, sponsor effectiveness, public benefit, welfare, causal influence, or model validation."
118-Senate-28,118,Senate,28,2023-02-28,PN75,,nomination_or_nonbill_vote,96,voteview_rollcall_metadata,cached_bill_progression_overlap; district_public_opinion_issue; sponsor_success_or_member_effectiveness; public_law_or_statute_for_most_rows; implementation_or_court_outcome; model_validation,Nomination Confirmed,On the Nomination,"Jamal N. Whitehead, of Washington, to be United States District Judge for the Western District of Washington",https://voteview.com/static/data/out/rollcalls/HS118_rollcalls.csv,"Voteview bill-linkage context only; not full roll-call-to-bill coverage, public-opinion representation, sponsor effectiveness, public benefit, welfare, causal influence, or model validation."
118-Senate-29,118,Senate,29,2023-02-28,PN76,,nomination_or_nonbill_vote,97,voteview_rollcall_metadata,cached_bill_progression_overlap; district_public_opinion_issue; sponsor_success_or_member_effectiveness; public_law_or_statute_for_most_rows; implementation_or_court_outcome; model_validation,Cloture Motion Agreed to,On the Cloture Motion,"Araceli Martinez-Olguin, of California, to be United States District Judge for the Northern District of California",https://voteview.com/static/data/out/rollcalls/HS118_rollcalls.csv,"Voteview bill-linkage context only; not full roll-call-to-bill coverage, public-opinion representation, sponsor effectiveness, public benefit, welfare, causal influence, or model validation."
118-Senate-30,118,Senate,30,2023-02-28,PN76,,nomination_or_nonbill_vote,98,voteview_rollcall_metadata,cached_bill_progression_overlap; district_public_opinion_issue; sponsor_success_or_member_effectiveness; public_law_or_statute_for_most_rows; implementation_or_court_outcome; model_validation,Nomination Confirmed,On the Nomination,"Araceli Martinez-Olguin, of California, to be United States District Judge for the Northern District of California",https://voteview.com/static/data/out/rollcalls/HS118_rollcalls.csv,"Voteview bill-linkage context only; not full roll-call-to-bill coverage, public-opinion representation, sponsor effectiveness, public benefit, welfare, causal influence, or model validation."
118-Senate-31,118,Senate,31,2023-02-28,PN77,,nomination_or_nonbill_vote,98,voteview_rollcall_metadata,cached_bill_progression_overlap; district_public_opinion_issue; sponsor_success_or_member_effectiveness; public_law_or_statute_for_most_rows; implementation_or_court_outcome; model_validation,Cloture Motion Agreed to,On the Cloture Motion,"Margaret R. Guzman, of Massachusetts, to be United States District Judge for the District of Massachusetts",https://voteview.com/static/data/out/rollcalls/HS118_rollcalls.csv,"Voteview bill-linkage context only; not full roll-call-to-bill coverage, public-opinion representation, sponsor effectiveness, public benefit, welfare, causal influence, or model validation."
118-Senate-32,118,Senate,32,2023-03-01,PN77,,nomination_or_nonbill_vote,98,voteview_rollcall_metadata,cached_bill_progression_overlap; district_public_opinion_issue; sponsor_success_or_member_effectiveness; public_law_or_statute_for_most_rows; implementation_or_court_outcome; model_validation,Nomination Confirmed,On the Nomination,"Margaret R. Guzman, of Massachusetts, to be United States District Judge for the District of Massachusetts",https://voteview.com/static/data/out/rollcalls/HS118_rollcalls.csv,"Voteview bill-linkage context only; not full roll-call-to-bill coverage, public-opinion representation, sponsor effectiveness, public benefit, welfare, causal influence, or model validation."
118-Senate-33,118,Senate,33,2023-03-01,PN170,,nomination_or_nonbill_vote,98,voteview_rollcall_metadata,cached_bill_progression_overlap; district_public_opinion_issue; sponsor_success_or_member_effectiveness; public_law_or_statute_for_most_rows; implementation_or_court_outcome; model_validation,Cloture Motion Agreed to,On the Cloture Motion,"Colleen R. Lawless, of Illinois, to be United States District Judge for the Central District of Illinois",https://voteview.com/static/data/out/rollcalls/HS118_rollcalls.csv,"Voteview bill-linkage context only; not full roll-call-to-bill coverage, public-opinion representation, sponsor effectiveness, public benefit, welfare, causal influence, or model validation."
118-Senate-34,118,Senate,34,2023-03-01,PN171,,nomination_or_nonbill_vote,98,voteview_rollcall_metadata,cached_bill_progression_overlap; district_public_opinion_issue; sponsor_success_or_member_effectiveness; public_law_or_statute_for_most_rows; implementation_or_court_outcome; model_validation,Cloture Motion Agreed to,On the Cloture Motion,"Jonathan James Canada Grey, of Michigan, to be United States District Judge for the Eastern District of Michigan",https://voteview.com/static/data/out/rollcalls/HS118_rollcalls.csv,"Voteview bill-linkage context only; not full roll-call-to-bill coverage, public-opinion representation, sponsor effectiveness, public benefit, welfare, causal influence, or model validation."
118-Senate-35,118,Senate,35,2023-03-01,HJRES30,118-hjres-30,voteview_bill_number_only,98,voteview_rollcall_metadata; voteview_bill_number,cached_bill_progression_overlap; district_public_opinion_issue; sponsor_success_or_member_effectiveness; public_law_or_statute_for_most_rows; implementation_or_court_outcome; model_validation,Joint Resolution Passed,On the Joint Resolution,"A joint resolution providing for congressional disapproval under chapter 8 of title 5, United States Code, of the rule submitted by the Department of Labor relating to ""Prudence and Loyalty in Selecting Plan Investments and Exercising Shareholder Rights"".",https://voteview.com/static/data/out/rollcalls/HS118_rollcalls.csv,"Voteview bill-linkage context only; not full roll-call-to-bill coverage, public-opinion representation, sponsor effectiveness, public benefit, welfare, causal influence, or model validation."
118-Senate-36,118,Senate,36,2023-03-01,PN175,,nomination_or_nonbill_vote,98,voteview_rollcall_metadata,cached_bill_progression_overlap; district_public_opinion_issue; sponsor_success_or_member_effectiveness; public_law_or_statute_for_most_rows; implementation_or_court_outcome; model_validation,Cloture Motion Agreed to,On the Cloture Motion,"James Edward Simmons, Jr., of California, to be United States District Judge for the Southern District of California",https://voteview.com/static/data/out/rollcalls/HS118_rollcalls.csv,"Voteview bill-linkage context only; not full roll-call-to-bill coverage, public-opinion representation, sponsor effectiveness, public benefit, welfare, causal influence, or model validation."
118-Senate-37,118,Senate,37,2023-03-02,PN170,,nomination_or_nonbill_vote,94,voteview_rollcall_metadata,cached_bill_progression_overlap; district_public_opinion_issue; sponsor_success_or_member_effectiveness; public_law_or_statute_for_most_rows; implementation_or_court_outcome; model_validation,Nomination Confirmed,On the Nomination,"Colleen R. Lawless, of Illinois, to be United States District Judge for the Central District of Illinois",https://voteview.com/static/data/out/rollcalls/HS118_rollcalls.csv,"Voteview bill-linkage context only; not full roll-call-to-bill coverage, public-opinion representation, sponsor effectiveness, public benefit, welfare, causal influence, or model validation."
118-Senate-38,118,Senate,38,2023-03-02,PN176,,nomination_or_nonbill_vote,93,voteview_rollcall_metadata,cached_bill_progression_overlap; district_public_opinion_issue; sponsor_success_or_member_effectiveness; public_law_or_statute_for_most_rows; implementation_or_court_outcome; model_validation,Cloture Motion Agreed to,On the Cloture Motion,"Gordon P. Gallagher, of Colorado, to be United States District Judge for the District of Colorado",https://voteview.com/static/data/out/rollcalls/HS118_rollcalls.csv,"Voteview bill-linkage context only; not full roll-call-to-bill coverage, public-opinion representation, sponsor effectiveness, public benefit, welfare, causal influence, or model validation."
118-Senate-39,118,Senate,39,2023-03-02,PN171,,nomination_or_nonbill_vote,93,voteview_rollcall_metadata,cached_bill_progression_overlap; district_public_opinion_issue; sponsor_success_or_member_effectiveness; public_law_or_statute_for_most_rows; implementation_or_court_outcome; model_validation,Nomination Confirmed,On the Nomination,"Jonathan James Canada Grey, of Michigan, to be United States District Judge for the Eastern District of Michigan",https://voteview.com/static/data/out/rollcalls/HS118_rollcalls.csv,"Voteview bill-linkage context only; not full roll-call-to-bill coverage, public-opinion representation, sponsor effectiveness, public benefit, welfare, causal influence, or model validation."
118-Senate-40,118,Senate,40,2023-03-06,PN166,,nomination_or_nonbill_vote,96,voteview_rollcall_metadata,cached_bill_progression_overlap; district_public_opinion_issue; sponsor_success_or_member_effectiveness; public_law_or_statute_for_most_rows; implementation_or_court_outcome; model_validation,Cloture Motion Agreed to,On the Cloture Motion,"Robert Stewart Ballou, of Virginia, to be United States District Judge for the Western District of Virginia",https://voteview.com/static/data/out/rollcalls/HS118_rollcalls.csv,"Voteview bill-linkage context only; not full roll-call-to-bill coverage, public-opinion representation, sponsor effectiveness, public benefit, welfare, causal influence, or model validation."
118-Senate-41,118,Senate,41,2023-03-07,PN166,,nomination_or_nonbill_vote,98,voteview_rollcall_metadata,cached_bill_progression_overlap; district_public_opinion_issue; sponsor_success_or_member_effectiveness; public_law_or_statute_for_most_rows; implementation_or_court_outcome; model_validation,Nomination Confirmed,On the Nomination,"Robert Stewart Ballou, of Virginia, to be United States District Judge for the Western District of Virginia",https://voteview.com/static/data/out/rollcalls/HS118_rollcalls.csv,"Voteview bill-linkage context only; not full roll-call-to-bill coverage, public-opinion representation, sponsor effectiveness, public benefit, welfare, causal influence, or model validation."
118-Senate-42,118,Senate,42,2023-03-07,PN178,,nomination_or_nonbill_vote,98,voteview_rollcall_metadata,cached_bill_progression_overlap; district_public_opinion_issue; sponsor_success_or_member_effectiveness; public_law_or_statute_for_most_rows; implementation_or_court_outcome; model_validation,Cloture Motion Agreed to,On the Cloture Motion,"Andrew G. Schopler, of California, to be United States District Judge for the Southern District of California",https://voteview.com/static/data/out/rollcalls/HS118_rollcalls.csv,"Voteview bill-linkage context only; not full roll-call-to-bill coverage, public-opinion representation, sponsor effectiveness, public benefit, welfare, causal influence, or model validation."
118-Senate-43,118,Senate,43,2023-03-07,PN178,,nomination_or_nonbill_vote,97,voteview_rollcall_metadata,cached_bill_progression_overlap; district_public_opinion_issue; sponsor_success_or_member_effectiveness; public_law_or_statute_for_most_rows; implementation_or_court_outcome; model_validation,Nomination Confirmed,On the Nomination,"Andrew G. Schopler, of California, to be United States District Judge for the Southern District of California",https://voteview.com/static/data/out/rollcalls/HS118_rollcalls.csv,"Voteview bill-linkage context only; not full roll-call-to-bill coverage, public-opinion representation, sponsor effectiveness, public benefit, welfare, causal influence, or model validation."
118-Senate-44,118,Senate,44,2023-03-07,PN179,,nomination_or_nonbill_vote,97,voteview_rollcall_metadata,cached_bill_progression_overlap; district_public_opinion_issue; sponsor_success_or_member_effectiveness; public_law_or_statute_for_most_rows; implementation_or_court_outcome; model_validation,Cloture Motion Agreed to,On the Cloture Motion,"Arun Subramanian, of New York, to be United States District Judge for the Southern District of New York",https://voteview.com/static/data/out/rollcalls/HS118_rollcalls.csv,"Voteview bill-linkage context only; not full roll-call-to-bill coverage, public-opinion representation, sponsor effectiveness, public benefit, welfare, causal influence, or model validation."
118-Senate-45,118,Senate,45,2023-03-07,PN179,,nomination_or_nonbill_vote,98,voteview_rollcall_metadata,cached_bill_progression_overlap; district_public_opinion_issue; sponsor_success_or_member_effectiveness; public_law_or_statute_for_most_rows; implementation_or_court_outcome; model_validation,Nomination Confirmed,On the Nomination,"Arun Subramanian, of New York, to be United States District Judge for the Southern District of New York",https://voteview.com/static/data/out/rollcalls/HS118_rollcalls.csv,"Voteview bill-linkage context only; not full roll-call-to-bill coverage, public-opinion representation, sponsor effectiveness, public benefit, welfare, causal influence, or model validation."
118-Senate-46,118,Senate,46,2023-03-07,PN162,,nomination_or_nonbill_vote,98,voteview_rollcall_metadata,cached_bill_progression_overlap; district_public_opinion_issue; sponsor_success_or_member_effectiveness; public_law_or_statute_for_most_rows; implementation_or_court_outcome; model_validation,Cloture Motion Agreed to,On the Cloture Motion,"Patrice H. Kunesh, of Minnesota, to be Commissioner of the Administration for Native Americans, Department of Health and Human Services",https://voteview.com/static/data/out/rollcalls/HS118_rollcalls.csv,"Voteview bill-linkage context only; not full roll-call-to-bill coverage, public-opinion representation, sponsor effectiveness, public benefit, welfare, causal influence, or model validation."
118-Senate-47,118,Senate,47,2023-03-08,PN162,,nomination_or_nonbill_vote,94,voteview_rollcall_metadata,cached_bill_progression_overlap; district_public_opinion_issue; sponsor_success_or_member_effectiveness; public_law_or_statute_for_most_rows; implementation_or_court_outcome; model_validation,Nomination Confirmed,On the Nomination,"Patrice H. Kunesh, of Minnesota, to be Commissioner of the Administration for Native Americans, Department of Health and Human Services",https://voteview.com/static/data/out/rollcalls/HS118_rollcalls.csv,"Voteview bill-linkage context only; not full roll-call-to-bill coverage, public-opinion representation, sponsor effectiveness, public benefit, welfare, causal influence, or model validation."
118-Senate-48,118,Senate,48,2023-03-08,PN27,,nomination_or_nonbill_vote,97,voteview_rollcall_metadata,cached_bill_progression_overlap; district_public_opinion_issue; sponsor_success_or_member_effectiveness; public_law_or_statute_for_most_rows; implementation_or_court_outcome; model_validation,Cloture Motion Agreed to,On the Cloture Motion,"Daniel I. Werfel, of the District of Columbia, to be Commissioner of Internal Revenue for the term expiring November 12, 2027",https://voteview.com/static/data/out/rollcalls/HS118_rollcalls.csv,"Voteview bill-linkage context only; not full roll-call-to-bill coverage, public-opinion representation, sponsor effectiveness, public benefit, welfare, causal influence, or model validation."
118-Senate-49,118,Senate,49,2023-03-08,HJRES26,118-hjres-26,voteview_bill_number_only,97,voteview_rollcall_metadata; voteview_bill_number,cached_bill_progression_overlap; district_public_opinion_issue; sponsor_success_or_member_effectiveness; public_law_or_statute_for_most_rows; implementation_or_court_outcome; model_validation,Joint Resolution Passed,On the Joint Resolution,A joint resolution disapproving the action of the District of Columbia Council in approving the Revised Criminal Code Act of 2022.,https://voteview.com/static/data/out/rollcalls/HS118_rollcalls.csv,"Voteview bill-linkage context only; not full roll-call-to-bill coverage, public-opinion representation, sponsor effectiveness, public benefit, welfare, causal influence, or model validation."
118-Senate-50,118,Senate,50,2023-03-09,PN27,,nomination_or_nonbill_vote,98,voteview_rollcall_metadata,cached_bill_progression_overlap; district_public_opinion_issue; sponsor_success_or_member_effectiveness; public_law_or_statute_for_most_rows; implementation_or_court_outcome; model_validation,Nomination Confirmed,On the Nomination,"Daniel I. Werfel, of the District of Columbia, to be Commissioner of Internal Revenue for the term expiring November 12, 2027",https://voteview.com/static/data/out/rollcalls/HS118_rollcalls.csv,"Voteview bill-linkage context only; not full roll-call-to-bill coverage, public-opinion representation, sponsor effectiveness, public benefit, welfare, causal influence, or model validation."
118-Senate-51,118,Senate,51,2023-03-09,PN175,,nomination_or_nonbill_vote,96,voteview_rollcall_metadata,cached_bill_progression_overlap; district_public_opinion_issue; sponsor_success_or_member_effectiveness; public_law_or_statute_for_most_rows; implementation_or_court_outcome; model_validation,Nomination Confirmed,On the Nomination,"James Edward Simmons, Jr., of California, to be United States District Judge for the Southern District of California",https://voteview.com/static/data/out/rollcalls/HS118_rollcalls.csv,"Voteview bill-linkage context only; not full roll-call-to-bill coverage, public-opinion representation, sponsor effectiveness, public benefit, welfare, causal influence, or model validation."
118-Senate-52,118,Senate,52,2023-03-09,PN91,,nomination_or_nonbill_vote,95,voteview_rollcall_metadata,cached_bill_progression_overlap; district_public_opinion_issue; sponsor_success_or_member_effectiveness; public_law_or_statute_for_most_rows; implementation_or_court_outcome; model_validation,Nomination Confirmed,On the Nomination,"Maria Araujo Kahn, of Connecticut, to be United States Circuit Judge for the Second Circuit",https://voteview.com/static/data/out/rollcalls/HS118_rollcalls.csv,"Voteview bill-linkage context only; not full roll-call-to-bill coverage, public-opinion representation, sponsor effectiveness, public benefit, welfare, causal influence, or model validation."
118-Senate-53,118,Senate,53,2023-03-14,PN122,,nomination_or_nonbill_vote,94,voteview_rollcall_metadata,cached_bill_progression_overlap; district_public_opinion_issue; sponsor_success_or_member_effectiveness; public_law_or_statute_for_most_rows; implementation_or_court_outcome; model_validation,Cloture Motion Agreed to,On the Cloture Motion,"Brent Neiman, of Illinois, to be a Deputy Under Secretary of the Treasury",https://voteview.com/static/data/out/rollcalls/HS118_rollcalls.csv,"Voteview bill-linkage context only; not full roll-call-to-bill coverage, public-opinion representation, sponsor effectiveness, public benefit, welfare, causal influence, or model validation."
118-Senate-54,118,Senate,54,2023-03-15,PN122,,nomination_or_nonbill_vote,96,voteview_rollcall_metadata,cached_bill_progression_overlap; district_public_opinion_issue; sponsor_success_or_member_effectiveness; public_law_or_statute_for_most_rows; implementation_or_court_outcome; model_validation,Nomination Confirmed,On the Nomination,"Brent Neiman, of Illinois, to be a Deputy Under Secretary of the Treasury",https://voteview.com/static/data/out/rollcalls/HS118_rollcalls.csv,"Voteview bill-linkage context only; not full roll-call-to-bill coverage, public-opinion representation, sponsor effectiveness, public benefit, welfare, causal influence, or model validation."
118-Senate-55,118,Senate,55,2023-03-15,PN29,,nomination_or_nonbill_vote,96,voteview_rollcall_metadata,cached_bill_progression_overlap; district_public_opinion_issue; sponsor_success_or_member_effectiveness; public_law_or_statute_for_most_rows; implementation_or_court_outcome; model_validation,Cloture Motion Agreed to,On the Cloture Motion,"Eric M. Garcetti, of California, to be Ambassador to the Republic of India",https://voteview.com/static/data/out/rollcalls/HS118_rollcalls.csv,"Voteview bill-linkage context only; not full roll-call-to-bill coverage, public-opinion representation, sponsor effectiveness, public benefit, welfare, causal influence, or model validation."
118-Senate-56,118,Senate,56,2023-03-15,PN29,,nomination_or_nonbill_vote,96,voteview_rollcall_metadata,cached_bill_progression_overlap; district_public_opinion_issue; sponsor_success_or_member_effectiveness; public_law_or_statute_for_most_rows; implementation_or_court_outcome; model_validation,Nomination Confirmed,On the Nomination,"Eric M. Garcetti, of California, to be Ambassador to the Republic of India",https://voteview.com/static/data/out/rollcalls/HS118_rollcalls.csv,"Voteview bill-linkage context only; not full roll-call-to-bill coverage, public-opinion representation, sponsor effectiveness, public benefit, welfare, causal influence, or model validation."
118-Senate-57,118,Senate,57,2023-03-15,PN6,,nomination_or_nonbill_vote,95,voteview_rollcall_metadata,cached_bill_progression_overlap; district_public_opinion_issue; sponsor_success_or_member_effectiveness; public_law_or_statute_for_most_rows; implementation_or_court_outcome; model_validation,Cloture Motion Agreed to,On the Cloture Motion,"Ravi Chaudhary, of Virginia, to be an Assistant Secretary of the Air Force",https://voteview.com/static/data/out/rollcalls/HS118_rollcalls.csv,"Voteview bill-linkage context only; not full roll-call-to-bill coverage, public-opinion representation, sponsor effectiveness, public benefit, welfare, causal influence, or model validation."
118-Senate-58,118,Senate,58,2023-03-15,PN6,,nomination_or_nonbill_vote,96,voteview_rollcall_metadata,cached_bill_progression_overlap; district_public_opinion_issue; sponsor_success_or_member_effectiveness; public_law_or_statute_for_most_rows; implementation_or_court_outcome; model_validation,Nomination Confirmed,On the Nomination,"Ravi Chaudhary, of Virginia, to be an Assistant Secretary of the Air Force",https://voteview.com/static/data/out/rollcalls/HS118_rollcalls.csv,"Voteview bill-linkage context only; not full roll-call-to-bill coverage, public-opinion representation, sponsor effectiveness, public benefit, welfare, causal influence, or model validation."
118-Senate-59,118,Senate,59,2023-03-15,PN2,,nomination_or_nonbill_vote,96,voteview_rollcall_metadata,cached_bill_progression_overlap; district_public_opinion_issue; sponsor_success_or_member_effectiveness; public_law_or_statute_for_most_rows; implementation_or_court_outcome; model_validation,Cloture Motion Agreed to,On the Cloture Motion,"Laura Taylor-Kale, of California, to be an Assistant Secretary of Defense",https://voteview.com/static/data/out/rollcalls/HS118_rollcalls.csv,"Voteview bill-linkage context only; not full roll-call-to-bill coverage, public-opinion representation, sponsor effectiveness, public benefit, welfare, causal influence, or model validation."
118-Senate-60,118,Senate,60,2023-03-16,PN85,,nomination_or_nonbill_vote,96,voteview_rollcall_metadata,cached_bill_progression_overlap; district_public_opinion_issue; sponsor_success_or_member_effectiveness; public_law_or_statute_for_most_rows; implementation_or_court_outcome; model_validation,Cloture Motion Agreed to,On the Cloture Motion,"Jessica G. L. Clarke, of New York, to be United States District Judge for the Southern District of New York",https://voteview.com/static/data/out/rollcalls/HS118_rollcalls.csv,"Voteview bill-linkage context only; not full roll-call-to-bill coverage, public-opinion representation, sponsor effectiveness, public benefit, welfare, causal influence, or model validation."
118-Senate-61,118,Senate,61,2023-03-16,S316,118-s-316,voteview_bill_number_only,97,voteview_rollcall_metadata; voteview_bill_number,cached_bill_progression_overlap; district_public_opinion_issue; sponsor_success_or_member_effectiveness; public_law_or_statute_for_most_rows; implementation_or_court_outcome; model_validation,Cloture on the Motion to Proceed Agreed to,On Cloture on the Motion to Proceed,A bill to repeal the authorizations for use of military force against Iraq.,https://voteview.com/static/data/out/rollcalls/HS118_rollcalls.csv,"Voteview bill-linkage context only; not full roll-call-to-bill coverage, public-opinion representation, sponsor effectiveness, public benefit, welfare, causal influence, or model validation."
118-Senate-62,118,Senate,62,2023-03-16,PN85,,nomination_or_nonbill_vote,93,voteview_rollcall_metadata,cached_bill_progression_overlap; district_public_opinion_issue; sponsor_success_or_member_effectiveness; public_law_or_statute_for_most_rows; implementation_or_court_outcome; model_validation,Nomination Confirmed,On the Nomination,"Jessica G. L. Clarke, of New York, to be United States District Judge for the Southern District of New York",https://voteview.com/static/data/out/rollcalls/HS118_rollcalls.csv,"Voteview bill-linkage context only; not full roll-call-to-bill coverage, public-opinion representation, sponsor effectiveness, public benefit, welfare, causal influence, or model validation."
118-Senate-63,118,Senate,63,2023-03-21,S316,118-s-316,voteview_bill_number_only,97,voteview_rollcall_metadata; voteview_bill_number,cached_bill_progression_overlap; district_public_opinion_issue; sponsor_success_or_member_effectiveness; public_law_or_statute_for_most_rows; implementation_or_court_outcome; model_validation,Motion to Proceed Agreed to,On the Motion to Proceed,A bill to repeal the authorizations for use of military force against Iraq.,https://voteview.com/static/data/out/rollcalls/HS118_rollcalls.csv,"Voteview bill-linkage context only; not full roll-call-to-bill coverage, public-opinion representation, sponsor effectiveness, public benefit, welfare, causal influence, or model validation."
118-Senate-64,118,Senate,64,2023-03-22,PN176,,nomination_or_nonbill_vote,98,voteview_rollcall_metadata,cached_bill_progression_overlap; district_public_opinion_issue; sponsor_success_or_member_effectiveness; public_law_or_statute_for_most_rows; implementation_or_court_outcome; model_validation,Nomination Confirmed,On the Nomination,"Gordon P. Gallagher, of Colorado, to be United States District Judge for the District of Colorado",https://voteview.com/static/data/out/rollcalls/HS118_rollcalls.csv,"Voteview bill-linkage context only; not full roll-call-to-bill coverage, public-opinion representation, sponsor effectiveness, public benefit, welfare, causal influence, or model validation."
118-Senate-65,118,Senate,65,2023-03-22,S316,118-s-316,voteview_bill_number_only,97,voteview_rollcall_metadata; voteview_bill_number,cached_bill_progression_overlap; district_public_opinion_issue; sponsor_success_or_member_effectiveness; public_law_or_statute_for_most_rows; implementation_or_court_outcome; model_validation,Amendment Rejected,On the Amendment,To repeal the 2001 Authorization for Use of Military Force.,https://voteview.com/static/data/out/rollcalls/HS118_rollcalls.csv,"Voteview bill-linkage context only; not full roll-call-to-bill coverage, public-opinion representation, sponsor effectiveness, public benefit, welfare, causal influence, or model validation."
118-Senate-66,118,Senate,66,2023-03-22,S316,118-s-316,voteview_bill_number_only,98,voteview_rollcall_metadata; voteview_bill_number,cached_bill_progression_overlap; district_public_opinion_issue; sponsor_success_or_member_effectiveness; public_law_or_statute_for_most_rows; implementation_or_court_outcome; model_validation,Amendment Rejected,On the Amendment,To provide for more targeted authority under the Authorization for Use of Military Force Against Iraq Resolution of 2002.,https://voteview.com/static/data/out/rollcalls/HS118_rollcalls.csv,"Voteview bill-linkage context only; not full roll-call-to-bill coverage, public-opinion representation, sponsor effectiveness, public benefit, welfare, causal influence, or model validation."
118-Senate-67,118,Senate,67,2023-03-23,S316,118-s-316,voteview_bill_number_only,97,voteview_rollcall_metadata; voteview_bill_number,cached_bill_progression_overlap; district_public_opinion_issue; sponsor_success_or_member_effectiveness; public_law_or_statute_for_most_rows; implementation_or_court_outcome; model_validation,Amendment Rejected,On the Amendment,To provide for the termination of authorizations for use of military force after two years.,https://voteview.com/static/data/out/rollcalls/HS118_rollcalls.csv,"Voteview bill-linkage context only; not full roll-call-to-bill coverage, public-opinion representation, sponsor effectiveness, public benefit, welfare, causal influence, or model validation."
118-Senate-68,118,Senate,68,2023-03-23,S316,118-s-316,voteview_bill_number_only,97,voteview_rollcall_metadata; voteview_bill_number,cached_bill_progression_overlap; district_public_opinion_issue; sponsor_success_or_member_effectiveness; public_law_or_statute_for_most_rows; implementation_or_court_outcome; model_validation,Amendment Rejected,On the Amendment,To require a certification.,https://voteview.com/static/data/out/rollcalls/HS118_rollcalls.csv,"Voteview bill-linkage context only; not full roll-call-to-bill coverage, public-opinion representation, sponsor effectiveness, public benefit, welfare, causal influence, or model validation."
118-Senate-69,118,Senate,69,2023-03-23,S316,118-s-316,voteview_bill_number_only,95,voteview_rollcall_metadata; voteview_bill_number,cached_bill_progression_overlap; district_public_opinion_issue; sponsor_success_or_member_effectiveness; public_law_or_statute_for_most_rows; implementation_or_court_outcome; model_validation,Amendment Rejected,On the Amendment,"To provide for a delayed, conditional repeal of the Authorization for Use of Military Force Against Iraq Resolution of 2002.",https://voteview.com/static/data/out/rollcalls/HS118_rollcalls.csv,"Voteview bill-linkage context only; not full roll-call-to-bill coverage, public-opinion representation, sponsor effectiveness, public benefit, welfare, causal influence, or model validation."
118-Senate-70,118,Senate,70,2023-03-27,S316,118-s-316,voteview_bill_number_only,95,voteview_rollcall_metadata; voteview_bill_number,cached_bill_progression_overlap; district_public_opinion_issue; sponsor_success_or_member_effectiveness; public_law_or_statute_for_most_rows; implementation_or_court_outcome; model_validation,Cloture Motion Agreed to,On the Cloture Motion,A bill to repeal the authorizations for use of military force against Iraq.,https://voteview.com/static/data/out/rollcalls/HS118_rollcalls.csv,"Voteview bill-linkage context only; not full roll-call-to-bill coverage, public-opinion representation, sponsor effectiveness, public benefit, welfare, causal influence, or model validation."
118-Senate-71,118,Senate,71,2023-03-28,S316,118-s-316,voteview_bill_number_only,98,voteview_rollcall_metadata; voteview_bill_number,cached_bill_progression_overlap; district_public_opinion_issue; sponsor_success_or_member_effectiveness; public_law_or_statute_for_most_rows; implementation_or_court_outcome; model_validation,Amendment Rejected,On the Amendment,A bill to repeal the authorizations for use of military force against Iraq.,https://voteview.com/static/data/out/rollcalls/HS118_rollcalls.csv,"Voteview bill-linkage context only; not full roll-call-to-bill coverage, public-opinion representation, sponsor effectiveness, public benefit, welfare, causal influence, or model validation."
118-Senate-72,118,Senate,72,2023-03-28,S316,118-s-316,voteview_bill_number_only,98,voteview_rollcall_metadata; voteview_bill_number,cached_bill_progression_overlap; district_public_opinion_issue; sponsor_success_or_member_effectiveness; public_law_or_statute_for_most_rows; implementation_or_court_outcome; model_validation,Amendment Rejected,On the Amendment,A bill to repeal the authorizations for use of military force against Iraq.,https://voteview.com/static/data/out/rollcalls/HS118_rollcalls.csv,"Voteview bill-linkage context only; not full roll-call-to-bill coverage, public-opinion representation, sponsor effectiveness, public benefit, welfare, causal influence, or model validation."
118-Senate-73,118,Senate,73,2023-03-28,S316,118-s-316,voteview_bill_number_only,98,voteview_rollcall_metadata; voteview_bill_number,cached_bill_progression_overlap; district_public_opinion_issue; sponsor_success_or_member_effectiveness; public_law_or_statute_for_most_rows; implementation_or_court_outcome; model_validation,Amendment Rejected,On the Amendment,A bill to repeal the authorizations for use of military force against Iraq.,https://voteview.com/static/data/out/rollcalls/HS118_rollcalls.csv,"Voteview bill-linkage context only; not full roll-call-to-bill coverage, public-opinion representation, sponsor effectiveness, public benefit, welfare, causal influence, or model validation."
118-Senate-74,118,Senate,74,2023-03-28,S316,118-s-316,voteview_bill_number_only,97,voteview_rollcall_metadata; voteview_bill_number,cached_bill_progression_overlap; district_public_opinion_issue; sponsor_success_or_member_effectiveness; public_law_or_statute_for_most_rows; implementation_or_court_outcome; model_validation,Amendment Rejected,On the Amendment,A bill to repeal the authorizations for use of military force against Iraq.,https://voteview.com/static/data/out/rollcalls/HS118_rollcalls.csv,"Voteview bill-linkage context only; not full roll-call-to-bill coverage, public-opinion representation, sponsor effectiveness, public benefit, welfare, causal influence, or model validation."
118-Senate-75,118,Senate,75,2023-03-28,S316,118-s-316,voteview_bill_number_only,97,voteview_rollcall_metadata; voteview_bill_number,cached_bill_progression_overlap; district_public_opinion_issue; sponsor_success_or_member_effectiveness; public_law_or_statute_for_most_rows; implementation_or_court_outcome; model_validation,Amendment Rejected,On the Amendment,A bill to repeal the authorizations for use of military force against Iraq.,https://voteview.com/static/data/out/rollcalls/HS118_rollcalls.csv,"Voteview bill-linkage context only; not full roll-call-to-bill coverage, public-opinion representation, sponsor effectiveness, public benefit, welfare, causal influence, or model validation."
118-Senate-76,118,Senate,76,2023-03-28,S316,118-s-316,voteview_bill_number_only,96,voteview_rollcall_metadata; voteview_bill_number,cached_bill_progression_overlap; district_public_opinion_issue; sponsor_success_or_member_effectiveness; public_law_or_statute_for_most_rows; implementation_or_court_outcome; model_validation,Amendment Rejected,On the Amendment,A bill to repeal the authorizations for use of military force against Iraq.,https://voteview.com/static/data/out/rollcalls/HS118_rollcalls.csv,"Voteview bill-linkage context only; not full roll-call-to-bill coverage, public-opinion representation, sponsor effectiveness, public benefit, welfare, causal influence, or model validation."
118-Senate-77,118,Senate,77,2023-03-29,S316,118-s-316,voteview_bill_number_only,98,voteview_rollcall_metadata; voteview_bill_number,cached_bill_progression_overlap; district_public_opinion_issue; sponsor_success_or_member_effectiveness; public_law_or_statute_for_most_rows; implementation_or_court_outcome; model_validation,Bill Passed,On Passage of the Bill,A bill to repeal the authorizations for use of military force against Iraq.,https://voteview.com/static/data/out/rollcalls/HS118_rollcalls.csv,"Voteview bill-linkage context only; not full roll-call-to-bill coverage, public-opinion representation, sponsor effectiveness, public benefit, welfare, causal influence, or model validation."
118-Senate-78,118,Senate,78,2023-03-29,S870,118-s-870,voteview_bill_number_only,98,voteview_rollcall_metadata; voteview_bill_number,cached_bill_progression_overlap; district_public_opinion_issue; sponsor_success_or_member_effectiveness; public_law_or_statute_for_most_rows; implementation_or_court_outcome; model_validation,Cloture on the Motion to Proceed Agreed to,On Cloture on the Motion to Proceed,A bill to amend the Federal Fire Prevention and Control Act of 1974 to authorize appropriations for the United States Fire Administration and firefighter assistance grant programs.,https://voteview.com/static/data/out/rollcalls/HS118_rollcalls.csv,"Voteview bill-linkage context only; not full roll-call-to-bill coverage, public-opinion representation, sponsor effectiveness, public benefit, welfare, causal influence, or model validation."
118-Senate-79,118,Senate,79,2023-03-29,HJRES27,118-hjres-27,voteview_bill_number_only,98,voteview_rollcall_metadata; voteview_bill_number,cached_bill_progression_overlap; district_public_opinion_issue; sponsor_success_or_member_effectiveness; public_law_or_statute_for_most_rows; implementation_or_court_outcome; model_validation,Bill Passed,On Passage of the Bill,"A joint resolution providing for congressional disapproval under chapter 8 of title 5, United States Code, of the rule submitted by the Department of the Army, Corps of Engineers, Department of Defense and the Environmental Protection Agency relating to ""Revised Definition of 'Waters of the United States'"".",https://voteview.com/static/data/out/rollcalls/HS118_rollcalls.csv,"Voteview bill-linkage context only; not full roll-call-to-bill coverage, public-opinion representation, sponsor effectiveness, public benefit, welfare, causal influence, or model validation."
118-Senate-80,118,Senate,80,2023-03-29,HJRES7,118-hjres-7,voteview_bill_number_only,93,voteview_rollcall_metadata; voteview_bill_number,cached_bill_progression_overlap; district_public_opinion_issue; sponsor_success_or_member_effectiveness; public_law_or_statute_for_most_rows; implementation_or_court_outcome; model_validation,Bill Passed,On Passage of the Bill,"A joint resolution relating to a national emergency declared by the President on March 13, 2020.",https://voteview.com/static/data/out/rollcalls/HS118_rollcalls.csv,"Voteview bill-linkage context only; not full roll-call-to-bill coverage, public-opinion representation, sponsor effectiveness, public benefit, welfare, causal influence, or model validation."
118-Senate-81,118,Senate,81,2023-03-30,PN44,,nomination_or_nonbill_vote,95,voteview_rollcall_metadata,cached_bill_progression_overlap; district_public_opinion_issue; sponsor_success_or_member_effectiveness; public_law_or_statute_for_most_rows; implementation_or_court_outcome; model_validation,Nomination Confirmed,On the Nomination,"Richard R. Verma, of Maryland, to be Deputy Secretary of State for Management and Resources",https://voteview.com/static/data/out/rollcalls/HS118_rollcalls.csv,"Voteview bill-linkage context only; not full roll-call-to-bill coverage, public-opinion representation, sponsor effectiveness, public benefit, welfare, causal influence, or model validation."
118-Senate-82,118,Senate,82,2023-03-30,PN2,,nomination_or_nonbill_vote,92,voteview_rollcall_metadata,cached_bill_progression_overlap; district_public_opinion_issue; sponsor_success_or_member_effectiveness; public_law_or_statute_for_most_rows; implementation_or_court_outcome; model_validation,Nomination Confirmed,On the Nomination,"Laura Taylor-Kale, of California, to be an Assistant Secretary of Defense",https://voteview.com/static/data/out/rollcalls/HS118_rollcalls.csv,"Voteview bill-linkage context only; not full roll-call-to-bill coverage, public-opinion representation, sponsor effectiveness, public benefit, welfare, causal influence, or model validation."
118-Senate-83,118,Senate,83,2023-04-17,PN5,,nomination_or_nonbill_vote,89,voteview_rollcall_metadata,cached_bill_progression_overlap; district_public_opinion_issue; sponsor_success_or_member_effectiveness; public_law_or_statute_for_most_rows; implementation_or_court_outcome; model_validation,Cloture Motion Agreed to,On the Cloture Motion,"Radha Iyengar Plumb, of New York, to be a Deputy Under Secretary of Defense",https://voteview.com/static/data/out/rollcalls/HS118_rollcalls.csv,"Voteview bill-linkage context only; not full roll-call-to-bill coverage, public-opinion representation, sponsor effectiveness, public benefit, welfare, causal influence, or model validation."
118-Senate-84,118,Senate,84,2023-04-18,PN5,,nomination_or_nonbill_vote,100,voteview_rollcall_metadata,cached_bill_progression_overlap; district_public_opinion_issue; sponsor_success_or_member_effectiveness; public_law_or_statute_for_most_rows; implementation_or_court_outcome; model_validation,Nomination Confirmed,On the Nomination,"Radha Iyengar Plumb, of New York, to be a Deputy Under Secretary of Defense",https://voteview.com/static/data/out/rollcalls/HS118_rollcalls.csv,"Voteview bill-linkage context only; not full roll-call-to-bill coverage, public-opinion representation, sponsor effectiveness, public benefit, welfare, causal influence, or model validation."
118-Senate-85,118,Senate,85,2023-04-18,PN69,,nomination_or_nonbill_vote,100,voteview_rollcall_metadata,cached_bill_progression_overlap; district_public_opinion_issue; sponsor_success_or_member_effectiveness; public_law_or_statute_for_most_rows; implementation_or_court_outcome; model_validation,Cloture Motion Agreed to,On the Cloture Motion,"Amy Lefkowitz Solomon, of the District of Columbia, to be an Assistant Attorney General",https://voteview.com/static/data/out/rollcalls/HS118_rollcalls.csv,"Voteview bill-linkage context only; not full roll-call-to-bill coverage, public-opinion representation, sponsor effectiveness, public benefit, welfare, causal influence, or model validation."
118-Senate-86,118,Senate,86,2023-04-18,PN69,,nomination_or_nonbill_vote,101,voteview_rollcall_metadata,cached_bill_progression_overlap; district_public_opinion_issue; sponsor_success_or_member_effectiveness; public_law_or_statute_for_most_rows; implementation_or_court_outcome; model_validation,Nomination Confirmed,On the Nomination,"Amy Lefkowitz Solomon, of the District of Columbia, to be an Assistant Attorney General",https://voteview.com/static/data/out/rollcalls/HS118_rollcalls.csv,"Voteview bill-linkage context only; not full roll-call-to-bill coverage, public-opinion representation, sponsor effectiveness, public benefit, welfare, causal influence, or model validation."
118-Senate-87,118,Senate,87,2023-04-18,S870,118-s-870,voteview_bill_number_only,101,voteview_rollcall_metadata; voteview_bill_number,cached_bill_progression_overlap; district_public_opinion_issue; sponsor_success_or_member_effectiveness; public_law_or_statute_for_most_rows; implementation_or_court_outcome; model_validation,Amendment Rejected,On the Amendment,To make a categorical exclusion available for use on certain land by States and Indian Tribes through a project delivery program.,https://voteview.com/static/data/out/rollcalls/HS118_rollcalls.csv,"Voteview bill-linkage context only; not full roll-call-to-bill coverage, public-opinion representation, sponsor effectiveness, public benefit, welfare, causal influence, or model validation."
118-Senate-88,118,Senate,88,2023-04-19,S870,118-s-870,voteview_bill_number_only,101,voteview_rollcall_metadata; voteview_bill_number,cached_bill_progression_overlap; district_public_opinion_issue; sponsor_success_or_member_effectiveness; public_law_or_statute_for_most_rows; implementation_or_court_outcome; model_validation,Amendment Rejected,On the Amendment,To improve the bill.,https://voteview.com/static/data/out/rollcalls/HS118_rollcalls.csv,"Voteview bill-linkage context only; not full roll-call-to-bill coverage, public-opinion representation, sponsor effectiveness, public benefit, welfare, causal influence, or model validation."
118-Senate-89,118,Senate,89,2023-04-19,S870,118-s-870,voteview_bill_number_only,101,voteview_rollcall_metadata; voteview_bill_number,cached_bill_progression_overlap; district_public_opinion_issue; sponsor_success_or_member_effectiveness; public_law_or_statute_for_most_rows; implementation_or_court_outcome; model_validation,Amendment Rejected,On the Amendment,To improve the bill.,https://voteview.com/static/data/out/rollcalls/HS118_rollcalls.csv,"Voteview bill-linkage context only; not full roll-call-to-bill coverage, public-opinion representation, sponsor effectiveness, public benefit, welfare, causal influence, or model validation."
118-Senate-90,118,Senate,90,2023-04-19,SJRES10,118-sjres-10,voteview_bill_number_only,101,voteview_rollcall_metadata; voteview_bill_number,cached_bill_progression_overlap; district_public_opinion_issue; sponsor_success_or_member_effectiveness; public_law_or_statute_for_most_rows; implementation_or_court_outcome; model_validation,Motion Rejected,On the Motion,"A joint resolution providing for congressional disapproval under chapter 8 of title 5, United States Code, of the rule submitted by the Department of Veterans Affairs relating to ""Reproductive Health Services"".",https://voteview.com/static/data/out/rollcalls/HS118_rollcalls.csv,"Voteview bill-linkage context only; not full roll-call-to-bill coverage, public-opinion representation, sponsor effectiveness, public benefit, welfare, causal influence, or model validation."
118-Senate-91,118,Senate,91,2023-04-19,S870,118-s-870,voteview_bill_number_only,98,voteview_rollcall_metadata; voteview_bill_number,cached_bill_progression_overlap; district_public_opinion_issue; sponsor_success_or_member_effectiveness; public_law_or_statute_for_most_rows; implementation_or_court_outcome; model_validation,Amendment Rejected,On the Amendment,To use unspent COVID-19 relief funds to offset the costs of grants.,https://voteview.com/static/data/out/rollcalls/HS118_rollcalls.csv,"Voteview bill-linkage context only; not full roll-call-to-bill coverage, public-opinion representation, sponsor effectiveness, public benefit, welfare, causal influence, or model validation."
118-Senate-92,118,Senate,92,2023-04-20,S870,118-s-870,voteview_bill_number_only,99,voteview_rollcall_metadata; voteview_bill_number,cached_bill_progression_overlap; district_public_opinion_issue; sponsor_success_or_member_effectiveness; public_law_or_statute_for_most_rows; implementation_or_court_outcome; model_validation,Amendment Rejected,On the Amendment,To provide grants for fire station construction through the Administrator of the Federal Emergency Management Agency.,https://voteview.com/static/data/out/rollcalls/HS118_rollcalls.csv,"Voteview bill-linkage context only; not full roll-call-to-bill coverage, public-opinion representation, sponsor effectiveness, public benefit, welfare, causal influence, or model validation."
118-Senate-93,118,Senate,93,2023-04-20,S870,118-s-870,voteview_bill_number_only,100,voteview_rollcall_metadata; voteview_bill_number,cached_bill_progression_overlap; district_public_opinion_issue; sponsor_success_or_member_effectiveness; public_law_or_statute_for_most_rows; implementation_or_court_outcome; model_validation,Amendment Rejected,On the Amendment,To improve the bill.,https://voteview.com/static/data/out/rollcalls/HS118_rollcalls.csv,"Voteview bill-linkage context only; not full roll-call-to-bill coverage, public-opinion representation, sponsor effectiveness, public benefit, welfare, causal influence, or model validation."
118-Senate-94,118,Senate,94,2023-04-20,S870,118-s-870,voteview_bill_number_only,99,voteview_rollcall_metadata; voteview_bill_number,cached_bill_progression_overlap; district_public_opinion_issue; sponsor_success_or_member_effectiveness; public_law_or_statute_for_most_rows; implementation_or_court_outcome; model_validation,Bill Passed,On Passage of the Bill,A bill to amend the Federal Fire Prevention and Control Act of 1974 to authorize appropriations for the United States Fire Administration and firefighter assistance grant programs.,https://voteview.com/static/data/out/rollcalls/HS118_rollcalls.csv,"Voteview bill-linkage context only; not full roll-call-to-bill coverage, public-opinion representation, sponsor effectiveness, public benefit, welfare, causal influence, or model validation."
118-Senate-95,118,Senate,95,2023-04-25,PN195,,nomination_or_nonbill_vote,96,voteview_rollcall_metadata,cached_bill_progression_overlap; district_public_opinion_issue; sponsor_success_or_member_effectiveness; public_law_or_statute_for_most_rows; implementation_or_court_outcome; model_validation,Cloture Motion Agreed to,On the Cloture Motion,"Joshua David Jacobs, of Washington, to be Under Secretary for Benefits of the Department of Veterans Affairs",https://voteview.com/static/data/out/rollcalls/HS118_rollcalls.csv,"Voteview bill-linkage context only; not full roll-call-to-bill coverage, public-opinion representation, sponsor effectiveness, public benefit, welfare, causal influence, or model validation."
118-Senate-96,118,Senate,96,2023-04-26,PN195,,nomination_or_nonbill_vote,101,voteview_rollcall_metadata,cached_bill_progression_overlap; district_public_opinion_issue; sponsor_success_or_member_effectiveness; public_law_or_statute_for_most_rows; implementation_or_court_outcome; model_validation,Nomination Confirmed,On the Nomination,"Joshua David Jacobs, of Washington, to be Under Secretary for Benefits of the Department of Veterans Affairs",https://voteview.com/static/data/out/rollcalls/HS118_rollcalls.csv,"Voteview bill-linkage context only; not full roll-call-to-bill coverage, public-opinion representation, sponsor effectiveness, public benefit, welfare, causal influence, or model validation."
118-Senate-97,118,Senate,97,2023-04-26,S326,118-s-326,voteview_bill_number_only,101,voteview_rollcall_metadata; voteview_bill_number,cached_bill_progression_overlap; district_public_opinion_issue; sponsor_success_or_member_effectiveness; public_law_or_statute_for_most_rows; implementation_or_court_outcome; model_validation,Cloture on the Motion to Proceed Rejected,On Cloture on the Motion to Proceed,"A bill to direct the Secretary of Veterans Affairs to carry out a study and clinical trials on the effects of cannabis on certain health outcomes of veterans with chronic pain and post-traumatic stress disorder, and for other purposes.",https://voteview.com/static/data/out/rollcalls/HS118_rollcalls.csv,"Voteview bill-linkage context only; not full roll-call-to-bill coverage, public-opinion representation, sponsor effectiveness, public benefit, welfare, causal influence, or model validation."
118-Senate-98,118,Senate,98,2023-04-26,SJRES11,118-sjres-11,voteview_bill_number_only,101,voteview_rollcall_metadata; voteview_bill_number,cached_bill_progression_overlap; district_public_opinion_issue; sponsor_success_or_member_effectiveness; public_law_or_statute_for_most_rows; implementation_or_court_outcome; model_validation,Joint Resolution Passed,On the Joint Resolution,"A joint resolution providing for congressional disapproval under chapter 8 of title 5, United States Code, of the rule submitted by the Environmental Protection Agency relating to ""Control of Air Pollution From New Motor Vehicles: Heavy-Duty Engine and Vehicle Standards"".",https://voteview.com/static/data/out/rollcalls/HS118_rollcalls.csv,"Voteview bill-linkage context only; not full roll-call-to-bill coverage, public-opinion representation, sponsor effectiveness, public benefit, welfare, causal influence, or model validation."
118-Senate-99,118,Senate,99,2023-04-27,SJRES4,118-sjres-4,bill_progression_metadata,100,voteview_rollcall_metadata; voteview_bill_number; congressgov_bill_progression_overlap,district_public_opinion_issue; sponsor_success_or_member_effectiveness; public_law_or_statute_for_most_rows; implementation_or_court_outcome; model_validation,Cloture on the Motion to Proceed Rejected,On Cloture on the Motion to Proceed,A joint resolution removing the deadline for the ratification of the Equal Rights Amendment.,https://voteview.com/static/data/out/rollcalls/HS118_rollcalls.csv,"Voteview bill-linkage context only; not full roll-call-to-bill coverage, public-opinion representation, sponsor effectiveness, public benefit, welfare, causal influence, or model validation."
118-Senate-100,118,Senate,100,2023-04-27,PN89,,nomination_or_nonbill_vote,97,voteview_rollcall_metadata,cached_bill_progression_overlap; district_public_opinion_issue; sponsor_success_or_member_effectiveness; public_law_or_statute_for_most_rows; implementation_or_court_outcome; model_validation,Cloture Motion Agreed to,On the Cloture Motion,"Anthony Devos Johnstone, of Montana, to be United States Circuit Judge for the Ninth Circuit",https://voteview.com/static/data/out/rollcalls/HS118_rollcalls.csv,"Voteview bill-linkage context only; not full roll-call-to-bill coverage, public-opinion representation, sponsor effectiveness, public benefit, welfare, causal influence, or model validation."
118-Senate-101,118,Senate,101,2023-05-01,PN89,,nomination_or_nonbill_vote,96,voteview_rollcall_metadata,cached_bill_progression_overlap; district_public_opinion_issue; sponsor_success_or_member_effectiveness; public_law_or_statute_for_most_rows; implementation_or_court_outcome; model_validation,Nomination Confirmed,On the Nomination,"Anthony Devos Johnstone, of Montana, to be United States Circuit Judge for the Ninth Circuit",https://voteview.com/static/data/out/rollcalls/HS118_rollcalls.csv,"Voteview bill-linkage context only; not full roll-call-to-bill coverage, public-opinion representation, sponsor effectiveness, public benefit, welfare, causal influence, or model validation."
118-Senate-102,118,Senate,102,2023-05-02,PN97,,nomination_or_nonbill_vote,101,voteview_rollcall_metadata,cached_bill_progression_overlap; district_public_opinion_issue; sponsor_success_or_member_effectiveness; public_law_or_statute_for_most_rows; implementation_or_court_outcome; model_validation,Cloture Motion Agreed to,On the Cloture Motion,"Michael Farbiarz, of New Jersey, to be United States District Judge for the District of New Jersey",https://voteview.com/static/data/out/rollcalls/HS118_rollcalls.csv,"Voteview bill-linkage context only; not full roll-call-to-bill coverage, public-opinion representation, sponsor effectiveness, public benefit, welfare, causal influence, or model validation."
118-Senate-103,118,Senate,103,2023-05-02,PN96,,nomination_or_nonbill_vote,101,voteview_rollcall_metadata,cached_bill_progression_overlap; district_public_opinion_issue; sponsor_success_or_member_effectiveness; public_law_or_statute_for_most_rows; implementation_or_court_outcome; model_validation,Cloture Motion Agreed to,On the Cloture Motion,"Robert Kirsch, of New Jersey, to be United States District Judge for the District of New Jersey",https://voteview.com/static/data/out/rollcalls/HS118_rollcalls.csv,"Voteview bill-linkage context only; not full roll-call-to-bill coverage, public-opinion representation, sponsor effectiveness, public benefit, welfare, causal influence, or model validation."
118-Senate-104,118,Senate,104,2023-05-02,PN97,,nomination_or_nonbill_vote,101,voteview_rollcall_metadata,cached_bill_progression_overlap; district_public_opinion_issue; sponsor_success_or_member_effectiveness; public_law_or_statute_for_most_rows; implementation_or_court_outcome; model_validation,Nomination Confirmed,On the Nomination,"Michael Farbiarz, of New Jersey, to be United States District Judge for the District of New Jersey",https://voteview.com/static/data/out/rollcalls/HS118_rollcalls.csv,"Voteview bill-linkage context only; not full roll-call-to-bill coverage, public-opinion representation, sponsor effectiveness, public benefit, welfare, causal influence, or model validation."
118-Senate-105,118,Senate,105,2023-05-02,PN96,,nomination_or_nonbill_vote,101,voteview_rollcall_metadata,cached_bill_progression_overlap; district_public_opinion_issue; sponsor_success_or_member_effectiveness; public_law_or_statute_for_most_rows; implementation_or_court_outcome; model_validation,Nomination Confirmed,On the Nomination,"Robert Kirsch, of New Jersey, to be United States District Judge for the District of New Jersey",https://voteview.com/static/data/out/rollcalls/HS118_rollcalls.csv,"Voteview bill-linkage context only; not full roll-call-to-bill coverage, public-opinion representation, sponsor effectiveness, public benefit, welfare, causal influence, or model validation."
118-Senate-106,118,Senate,106,2023-05-02,PN180,,nomination_or_nonbill_vote,101,voteview_rollcall_metadata,cached_bill_progression_overlap; district_public_opinion_issue; sponsor_success_or_member_effectiveness; public_law_or_statute_for_most_rows; implementation_or_court_outcome; model_validation,Cloture Motion Agreed to,On the Cloture Motion,"Orelia Eleta Merchant, of New York, to be United States District Judge for the Eastern District of New York",https://voteview.com/static/data/out/rollcalls/HS118_rollcalls.csv,"Voteview bill-linkage context only; not full roll-call-to-bill coverage, public-opinion representation, sponsor effectiveness, public benefit, welfare, causal influence, or model validation."
118-Senate-107,118,Senate,107,2023-05-03,PN180,,nomination_or_nonbill_vote,101,voteview_rollcall_metadata,cached_bill_progression_overlap; district_public_opinion_issue; sponsor_success_or_member_effectiveness; public_law_or_statute_for_most_rows; implementation_or_court_outcome; model_validation,Nomination Confirmed,On the Nomination,"Orelia Eleta Merchant, of New York, to be United States District Judge for the Eastern District of New York",https://voteview.com/static/data/out/rollcalls/HS118_rollcalls.csv,"Voteview bill-linkage context only; not full roll-call-to-bill coverage, public-opinion representation, sponsor effectiveness, public benefit, welfare, causal influence, or model validation."
118-Senate-108,118,Senate,108,2023-05-03,PN163,,nomination_or_nonbill_vote,101,voteview_rollcall_metadata,cached_bill_progression_overlap; district_public_opinion_issue; sponsor_success_or_member_effectiveness; public_law_or_statute_for_most_rows; implementation_or_court_outcome; model_validation,Cloture Motion Agreed to,On the Cloture Motion,"Wesley L. Hsu, of California, to be United States District Judge for the Central District of California",https://voteview.com/static/data/out/rollcalls/HS118_rollcalls.csv,"Voteview bill-linkage context only; not full roll-call-to-bill coverage, public-opinion representation, sponsor effectiveness, public benefit, welfare, causal influence, or model validation."
118-Senate-109,118,Senate,109,2023-05-03,HJRES39,118-hjres-39,voteview_bill_number_only,99,voteview_rollcall_metadata; voteview_bill_number,cached_bill_progression_overlap; district_public_opinion_issue; sponsor_success_or_member_effectiveness; public_law_or_statute_for_most_rows; implementation_or_court_outcome; model_validation,Joint Resolution Passed,On the Joint Resolution,"A joint resolution disapproving the rule submitted by the Department of Commerce relating to ""Procedures Covering Suspension of Liquidation, Duties and Estimated Duties in Accord With Presidential Proclamation 10414"".",https://voteview.com/static/data/out/rollcalls/HS118_rollcalls.csv,"Voteview bill-linkage context only; not full roll-call-to-bill coverage, public-opinion representation, sponsor effectiveness, public benefit, welfare, causal influence, or model validation."
118-Senate-110,118,Senate,110,2023-05-03,SJRES9,118-sjres-9,voteview_bill_number_only,100,voteview_rollcall_metadata; voteview_bill_number,cached_bill_progression_overlap; district_public_opinion_issue; sponsor_success_or_member_effectiveness; public_law_or_statute_for_most_rows; implementation_or_court_outcome; model_validation,Joint Resolution Passed,On the Joint Resolution,"A joint resolution providing for congressional disapproval under chapter 8 of title 5, United States Code, of the rule submitted by the United States Fish and Wildlife Service relating to ""Endangered and Threatened Wildlife and Plants; Lesser Prairie-Chicken; Threatened Status with Section 4(d) Rule for the Northern Distinct Population Segment and Endangered Status for the Southern Distinct Population Segment"".",https://voteview.com/static/data/out/rollcalls/HS118_rollcalls.csv,"Voteview bill-linkage context only; not full roll-call-to-bill coverage, public-opinion representation, sponsor effectiveness, public benefit, welfare, causal influence, or model validation."
118-Senate-111,118,Senate,111,2023-05-03,PN163,,nomination_or_nonbill_vote,98,voteview_rollcall_metadata,cached_bill_progression_overlap; district_public_opinion_issue; sponsor_success_or_member_effectiveness; public_law_or_statute_for_most_rows; implementation_or_court_outcome; model_validation,Nomination Confirmed,On the Nomination,"Wesley L. Hsu, of California, to be United States District Judge for the Central District of California",https://voteview.com/static/data/out/rollcalls/HS118_rollcalls.csv,"Voteview bill-linkage context only; not full roll-call-to-bill coverage, public-opinion representation, sponsor effectiveness, public benefit, welfare, causal influence, or model validation."
118-Senate-112,118,Senate,112,2023-05-03,PN289,,nomination_or_nonbill_vote,98,voteview_rollcall_metadata,cached_bill_progression_overlap; district_public_opinion_issue; sponsor_success_or_member_effectiveness; public_law_or_statute_for_most_rows; implementation_or_court_outcome; model_validation,Cloture Motion Agreed to,On the Cloture Motion,"LaShonda A. Hunt, of Illinois, to be United States District Judge for the Northern District of Illinois",https://voteview.com/static/data/out/rollcalls/HS118_rollcalls.csv,"Voteview bill-linkage context only; not full roll-call-to-bill coverage, public-opinion representation, sponsor effectiveness, public benefit, welfare, causal influence, or model validation."
118-Senate-113,118,Senate,113,2023-05-04,PN289,,nomination_or_nonbill_vote,99,voteview_rollcall_metadata,cached_bill_progression_overlap; district_public_opinion_issue; sponsor_success_or_member_effectiveness; public_law_or_statute_for_most_rows; implementation_or_court_outcome; model_validation,Nomination Confirmed,On the Nomination,"LaShonda A. Hunt, of Illinois, to be United States District Judge for the Northern District of Illinois",https://voteview.com/static/data/out/rollcalls/HS118_rollcalls.csv,"Voteview bill-linkage context only; not full roll-call-to-bill coverage, public-opinion representation, sponsor effectiveness, public benefit, welfare, causal influence, or model validation."
118-Senate-114,118,Senate,114,2023-05-04,PN68,,nomination_or_nonbill_vote,99,voteview_rollcall_metadata,cached_bill_progression_overlap; district_public_opinion_issue; sponsor_success_or_member_effectiveness; public_law_or_statute_for_most_rows; implementation_or_court_outcome; model_validation,Cloture Motion Agreed to,On the Cloture Motion,"Colleen Joy Shogan, of Pennsylvania, to be Archivist of the United States",https://voteview.com/static/data/out/rollcalls/HS118_rollcalls.csv,"Voteview bill-linkage context only; not full roll-call-to-bill coverage, public-opinion representation, sponsor effectiveness, public benefit, welfare, causal influence, or model validation."
118-Senate-115,118,Senate,115,2023-05-04,PN39,,nomination_or_nonbill_vote,96,voteview_rollcall_metadata,cached_bill_progression_overlap; district_public_opinion_issue; sponsor_success_or_member_effectiveness; public_law_or_statute_for_most_rows; implementation_or_court_outcome; model_validation,Cloture Motion Agreed to,On the Cloture Motion,"Geeta Rao Gupta, of Virginia, to be Ambassador at Large for Global Women's Issues",https://voteview.com/static/data/out/rollcalls/HS118_rollcalls.csv,"Voteview bill-linkage context only; not full roll-call-to-bill coverage, public-opinion representation, sponsor effectiveness, public benefit, welfare, causal influence, or model validation."
118-Senate-116,118,Senate,116,2023-05-09,PN148,,nomination_or_nonbill_vote,97,voteview_rollcall_metadata,cached_bill_progression_overlap; district_public_opinion_issue; sponsor_success_or_member_effectiveness; public_law_or_statute_for_most_rows; implementation_or_court_outcome; model_validation,Cloture Motion Agreed to,On the Cloture Motion,"L. Felice Gorordo, of Florida, to be United States Alternate Executive Director of the International Bank for Reconstruction and Development for a term of two years",https://voteview.com/static/data/out/rollcalls/HS118_rollcalls.csv,"Voteview bill-linkage context only; not full roll-call-to-bill coverage, public-opinion representation, sponsor effectiveness, public benefit, welfare, causal influence, or model validation."
118-Senate-117,118,Senate,117,2023-05-10,PN148,,nomination_or_nonbill_vote,99,voteview_rollcall_metadata,cached_bill_progression_overlap; district_public_opinion_issue; sponsor_success_or_member_effectiveness; public_law_or_statute_for_most_rows; implementation_or_court_outcome; model_validation,Nomination Confirmed,On the Nomination,"L. Felice Gorordo, of Florida, to be United States Alternate Executive Director of the International Bank for Reconstruction and Development for a term of two years",https://voteview.com/static/data/out/rollcalls/HS118_rollcalls.csv,"Voteview bill-linkage context only; not full roll-call-to-bill coverage, public-opinion representation, sponsor effectiveness, public benefit, welfare, causal influence, or model validation."
118-Senate-118,118,Senate,118,2023-05-10,PN156,,nomination_or_nonbill_vote,99,voteview_rollcall_metadata,cached_bill_progression_overlap; district_public_opinion_issue; sponsor_success_or_member_effectiveness; public_law_or_statute_for_most_rows; implementation_or_court_outcome; model_validation,Cloture Motion Agreed to,On the Cloture Motion,"Glenna Laureen Wright-Gallo, of Nevada, to be Assistant Secretary for Special Education and Rehabilitative Services, Department of Education",https://voteview.com/static/data/out/rollcalls/HS118_rollcalls.csv,"Voteview bill-linkage context only; not full roll-call-to-bill coverage, public-opinion representation, sponsor effectiveness, public benefit, welfare, causal influence, or model validation."
118-Senate-119,118,Senate,119,2023-05-10,PN156,,nomination_or_nonbill_vote,98,voteview_rollcall_metadata,cached_bill_progression_overlap; district_public_opinion_issue; sponsor_success_or_member_effectiveness; public_law_or_statute_for_most_rows; implementation_or_court_outcome; model_validation,Nomination Confirmed,On the Nomination,"Glenna Laureen Wright-Gallo, of Nevada, to be Assistant Secretary for Special Education and Rehabilitative Services, Department of Education",https://voteview.com/static/data/out/rollcalls/HS118_rollcalls.csv,"Voteview bill-linkage context only; not full roll-call-to-bill coverage, public-opinion representation, sponsor effectiveness, public benefit, welfare, causal influence, or model validation."
118-Senate-120,118,Senate,120,2023-05-10,PN68,,nomination_or_nonbill_vote,99,voteview_rollcall_metadata,cached_bill_progression_overlap; district_public_opinion_issue; sponsor_success_or_member_effectiveness; public_law_or_statute_for_most_rows; implementation_or_court_outcome; model_validation,Nomination Confirmed,On the Nomination,"Colleen Joy Shogan, of Pennsylvania, to be Archivist of the United States",https://voteview.com/static/data/out/rollcalls/HS118_rollcalls.csv,"Voteview bill-linkage context only; not full roll-call-to-bill coverage, public-opinion representation, sponsor effectiveness, public benefit, welfare, causal influence, or model validation."
118-Senate-121,118,Senate,121,2023-05-10,PN39,,nomination_or_nonbill_vote,100,voteview_rollcall_metadata,cached_bill_progression_overlap; district_public_opinion_issue; sponsor_success_or_member_effectiveness; public_law_or_statute_for_most_rows; implementation_or_court_outcome; model_validation,Nomination Confirmed,On the Nomination,"Geeta Rao Gupta, of Virginia, to be Ambassador at Large for Global Women's Issues",https://voteview.com/static/data/out/rollcalls/HS118_rollcalls.csv,"Voteview bill-linkage context only; not full roll-call-to-bill coverage, public-opinion representation, sponsor effectiveness, public benefit, welfare, causal influence, or model validation."
118-Senate-122,118,Senate,122,2023-05-11,SJRES23,118-sjres-23,voteview_bill_number_only,102,voteview_rollcall_metadata; voteview_bill_number,cached_bill_progression_overlap; district_public_opinion_issue; sponsor_success_or_member_effectiveness; public_law_or_statute_for_most_rows; implementation_or_court_outcome; model_validation,Joint Resolution Passed,On the Joint Resolution,"A joint resolution providing for congressional disapproval under chapter 8 of title 5, United States Code, of the rule submitted by the National Marine Fisheries Service relating to ""Endangered and Threatened Wildlife and Plants; Regulations for Listing Endangered and Threatened Species and Designating Critical Habitat"".",https://voteview.com/static/data/out/rollcalls/HS118_rollcalls.csv,"Voteview bill-linkage context only; not full roll-call-to-bill coverage, public-opinion representation, sponsor effectiveness, public benefit, welfare, causal influence, or model validation."
118-Senate-123,118,Senate,123,2023-05-11,SJRES24,118-sjres-24,voteview_bill_number_only,102,voteview_rollcall_metadata; voteview_bill_number,cached_bill_progression_overlap; district_public_opinion_issue; sponsor_success_or_member_effectiveness; public_law_or_statute_for_most_rows; implementation_or_court_outcome; model_validation,Joint Resolution Passed,On the Joint Resolution,"A joint resolution providing for congressional disapproval under chapter 8 of title 5, United States Code, of the rule submitted by the United States Fish and Wildlife Service relating to ""Endangered and Threatened Wildlife and Plants; Endangered Species Status for Northern Long-Eared Bat"".",https://voteview.com/static/data/out/rollcalls/HS118_rollcalls.csv,"Voteview bill-linkage context only; not full roll-call-to-bill coverage, public-opinion representation, sponsor effectiveness, public benefit, welfare, causal influence, or model validation."
118-Senate-124,118,Senate,124,2023-05-11,PN93,,nomination_or_nonbill_vote,97,voteview_rollcall_metadata,cached_bill_progression_overlap; district_public_opinion_issue; sponsor_success_or_member_effectiveness; public_law_or_statute_for_most_rows; implementation_or_court_outcome; model_validation,Cloture Motion Agreed to,On the Cloture Motion,"Bradley N. Garcia, of Maryland, to be United States Circuit Judge for the District of Columbia Circuit",https://voteview.com/static/data/out/rollcalls/HS118_rollcalls.csv,"Voteview bill-linkage context only; not full roll-call-to-bill coverage, public-opinion representation, sponsor effectiveness, public benefit, welfare, causal influence, or model validation."
118-Senate-125,118,Senate,125,2023-05-15,PN93,,nomination_or_nonbill_vote,95,voteview_rollcall_metadata,cached_bill_progression_overlap; district_public_opinion_issue; sponsor_success_or_member_effectiveness; public_law_or_statute_for_most_rows; implementation_or_court_outcome; model_validation,Nomination Confirmed,On the Nomination,"Bradley N. Garcia, of Maryland, to be United States Circuit Judge for the District of Columbia Circuit",https://voteview.com/static/data/out/rollcalls/HS118_rollcalls.csv,"Voteview bill-linkage context only; not full roll-call-to-bill coverage, public-opinion representation, sponsor effectiveness, public benefit, welfare, causal influence, or model validation."
118-Senate-126,118,Senate,126,2023-05-16,HJRES42,118-hjres-42,voteview_bill_number_only,101,voteview_rollcall_metadata; voteview_bill_number,cached_bill_progression_overlap; district_public_opinion_issue; sponsor_success_or_member_effectiveness; public_law_or_statute_for_most_rows; implementation_or_court_outcome; model_validation,Joint Resolution Passed,On the Joint Resolution,A joint resolution disapproving the action of the District of Columbia Council in approving the Comprehensive Policing and Justice Reform Amendment Act of 2022.,https://voteview.com/static/data/out/rollcalls/HS118_rollcalls.csv,"Voteview bill-linkage context only; not full roll-call-to-bill coverage, public-opinion representation, sponsor effectiveness, public benefit, welfare, causal influence, or model validation."
118-Senate-127,118,Senate,127,2023-05-17,PN450,,nomination_or_nonbill_vote,98,voteview_rollcall_metadata,cached_bill_progression_overlap; district_public_opinion_issue; sponsor_success_or_member_effectiveness; public_law_or_statute_for_most_rows; implementation_or_court_outcome; model_validation,Cloture Motion Agreed to,On the Cloture Motion,"Jeremy C. Daniel, of Illinois, to be United States District Judge for the Northern District of Illinois",https://voteview.com/static/data/out/rollcalls/HS118_rollcalls.csv,"Voteview bill-linkage context only; not full roll-call-to-bill coverage, public-opinion representation, sponsor effectiveness, public benefit, welfare, causal influence, or model validation."
118-Senate-128,118,Senate,128,2023-05-17,PN450,,nomination_or_nonbill_vote,98,voteview_rollcall_metadata,cached_bill_progression_overlap; district_public_opinion_issue; sponsor_success_or_member_effectiveness; public_law_or_statute_for_most_rows; implementation_or_court_outcome; model_validation,Nomination Confirmed,On the Nomination,"Jeremy C. Daniel, of Illinois, to be United States District Judge for the Northern District of Illinois",https://voteview.com/static/data/out/rollcalls/HS118_rollcalls.csv,"Voteview bill-linkage context only; not full roll-call-to-bill coverage, public-opinion representation, sponsor effectiveness, public benefit, welfare, causal influence, or model validation."
118-Senate-129,118,Senate,129,2023-05-17,PN455,,nomination_or_nonbill_vote,98,voteview_rollcall_metadata,cached_bill_progression_overlap; district_public_opinion_issue; sponsor_success_or_member_effectiveness; public_law_or_statute_for_most_rows; implementation_or_court_outcome; model_validation,Cloture Motion Agreed to,On the Cloture Motion,"Darrel James Papillion, of Louisiana, to be United States District Judge for the Eastern District of Louisiana",https://voteview.com/static/data/out/rollcalls/HS118_rollcalls.csv,"Voteview bill-linkage context only; not full roll-call-to-bill coverage, public-opinion representation, sponsor effectiveness, public benefit, welfare, causal influence, or model validation."
118-Senate-130,118,Senate,130,2023-05-17,SJRES18,118-sjres-18,voteview_bill_number_only,99,voteview_rollcall_metadata; voteview_bill_number,cached_bill_progression_overlap; district_public_opinion_issue; sponsor_success_or_member_effectiveness; public_law_or_statute_for_most_rows; implementation_or_court_outcome; model_validation,Joint Resolution Passed,On the Joint Resolution,"A joint resolution disapproving of the rule submitted by the Department of Homeland Security relating to ""Public Charge Ground of Inadmissibility"".",https://voteview.com/static/data/out/rollcalls/HS118_rollcalls.csv,"Voteview bill-linkage context only; not full roll-call-to-bill coverage, public-opinion representation, sponsor effectiveness, public benefit, welfare, causal influence, or model validation."
118-Senate-131,118,Senate,131,2023-05-17,PN95,,nomination_or_nonbill_vote,100,voteview_rollcall_metadata,cached_bill_progression_overlap; district_public_opinion_issue; sponsor_success_or_member_effectiveness; public_law_or_statute_for_most_rows; implementation_or_court_outcome; model_validation,Cloture Motion Agreed to,On the Cloture Motion,"Nancy G. Abudu, of Georgia, to be United States Circuit Judge for the Eleventh Circuit",https://voteview.com/static/data/out/rollcalls/HS118_rollcalls.csv,"Voteview bill-linkage context only; not full roll-call-to-bill coverage, public-opinion representation, sponsor effectiveness, public benefit, welfare, causal influence, or model validation."
118-Senate-132,118,Senate,132,2023-05-18,PN95,,nomination_or_nonbill_vote,98,voteview_rollcall_metadata,cached_bill_progression_overlap; district_public_opinion_issue; sponsor_success_or_member_effectiveness; public_law_or_statute_for_most_rows; implementation_or_court_outcome; model_validation,Nomination Confirmed,On the Nomination,"Nancy G. Abudu, of Georgia, to be United States Circuit Judge for the Eleventh Circuit",https://voteview.com/static/data/out/rollcalls/HS118_rollcalls.csv,"Voteview bill-linkage context only; not full roll-call-to-bill coverage, public-opinion representation, sponsor effectiveness, public benefit, welfare, causal influence, or model validation."
118-Senate-133,118,Senate,133,2023-05-30,PN455,,nomination_or_nonbill_vote,92,voteview_rollcall_metadata,cached_bill_progression_overlap; district_public_opinion_issue; sponsor_success_or_member_effectiveness; public_law_or_statute_for_most_rows; implementation_or_court_outcome; model_validation,Nomination Confirmed,On the Nomination,"Darrel James Papillion, of Louisiana, to be United States District Judge for the Eastern District of Louisiana",https://voteview.com/static/data/out/rollcalls/HS118_rollcalls.csv,"Voteview bill-linkage context only; not full roll-call-to-bill coverage, public-opinion representation, sponsor effectiveness, public benefit, welfare, causal influence, or model validation."
118-Senate-134,118,Senate,134,2023-05-31,HJRES45,118-hjres-45,voteview_bill_number_only,99,voteview_rollcall_metadata; voteview_bill_number,cached_bill_progression_overlap; district_public_opinion_issue; sponsor_success_or_member_effectiveness; public_law_or_statute_for_most_rows; implementation_or_court_outcome; model_validation,Motion Agreed to,On the Motion,"A joint resolution providing for congressional disapproval under chapter 8 of title 5, United States Code, of the rule submitted by the Department of Education relating to ""Waivers and Modifications of Federal Student Loans"".",https://voteview.com/static/data/out/rollcalls/HS118_rollcalls.csv,"Voteview bill-linkage context only; not full roll-call-to-bill coverage, public-opinion representation, sponsor effectiveness, public benefit, welfare, causal influence, or model validation."
118-Senate-135,118,Senate,135,2023-06-01,HJRES45,118-hjres-45,voteview_bill_number_only,100,voteview_rollcall_metadata; voteview_bill_number,cached_bill_progression_overlap; district_public_opinion_issue; sponsor_success_or_member_effectiveness; public_law_or_statute_for_most_rows; implementation_or_court_outcome; model_validation,Joint Resolution Passed,On the Joint Resolution,"A joint resolution providing for congressional disapproval under chapter 8 of title 5, United States Code, of the rule submitted by the Department of Education relating to ""Waivers and Modifications of Federal Student Loans"".",https://voteview.com/static/data/out/rollcalls/HS118_rollcalls.csv,"Voteview bill-linkage context only; not full roll-call-to-bill coverage, public-opinion representation, sponsor effectiveness, public benefit, welfare, causal influence, or model validation."
118-Senate-136,118,Senate,136,2023-06-01,HR3746,118-hr-3746,voteview_bill_number_only,98,voteview_rollcall_metadata; voteview_bill_number,cached_bill_progression_overlap; district_public_opinion_issue; sponsor_success_or_member_effectiveness; public_law_or_statute_for_most_rows; implementation_or_court_outcome; model_validation,Amendment Rejected,On the Amendment,In the nature of a substitute.,https://voteview.com/static/data/out/rollcalls/HS118_rollcalls.csv,"Voteview bill-linkage context only; not full roll-call-to-bill coverage, public-opinion representation, sponsor effectiveness, public benefit, welfare, causal influence, or model validation."
118-Senate-137,118,Senate,137,2023-06-01,HR3746,118-hr-3746,voteview_bill_number_only,99,voteview_rollcall_metadata; voteview_bill_number,cached_bill_progression_overlap; district_public_opinion_issue; sponsor_success_or_member_effectiveness; public_law_or_statute_for_most_rows; implementation_or_court_outcome; model_validation,Amendment Rejected,On the Amendment,To rescind discretionary appropriations in the event of a debt ceiling crisis period and to honor the full faith and credit of the debts of the United States in the event of a debt ceiling crisis.,https://voteview.com/static/data/out/rollcalls/HS118_rollcalls.csv,"Voteview bill-linkage context only; not full roll-call-to-bill coverage, public-opinion representation, sponsor effectiveness, public benefit, welfare, causal influence, or model validation."
118-Senate-138,118,Senate,138,2023-06-01,HR3746,118-hr-3746,voteview_bill_number_only,99,voteview_rollcall_metadata; voteview_bill_number,cached_bill_progression_overlap; district_public_opinion_issue; sponsor_success_or_member_effectiveness; public_law_or_statute_for_most_rows; implementation_or_court_outcome; model_validation,Amendment Rejected,On the Amendment,"To secure the borders of the United States, and for other purposes.",https://voteview.com/static/data/out/rollcalls/HS118_rollcalls.csv,"Voteview bill-linkage context only; not full roll-call-to-bill coverage, public-opinion representation, sponsor effectiveness, public benefit, welfare, causal influence, or model validation."
118-Senate-139,118,Senate,139,2023-06-01,HR3746,118-hr-3746,voteview_bill_number_only,99,voteview_rollcall_metadata; voteview_bill_number,cached_bill_progression_overlap; district_public_opinion_issue; sponsor_success_or_member_effectiveness; public_law_or_statute_for_most_rows; implementation_or_court_outcome; model_validation,Amendment Rejected,On the Amendment,To provide adequate funding for defense and increase the rescission of funding for the Internal Revenue Service.,https://voteview.com/static/data/out/rollcalls/HS118_rollcalls.csv,"Voteview bill-linkage context only; not full roll-call-to-bill coverage, public-opinion representation, sponsor effectiveness, public benefit, welfare, causal influence, or model validation."
118-Senate-140,118,Senate,140,2023-06-01,HR3746,118-hr-3746,voteview_bill_number_only,100,voteview_rollcall_metadata; voteview_bill_number,cached_bill_progression_overlap; district_public_opinion_issue; sponsor_success_or_member_effectiveness; public_law_or_statute_for_most_rows; implementation_or_court_outcome; model_validation,Amendment Rejected,On the Amendment,To require the imposition of additional duties with respect to articles imported from the People's Republic of China until trade between the United States and the People's Republic of China comes into balance.,https://voteview.com/static/data/out/rollcalls/HS118_rollcalls.csv,"Voteview bill-linkage context only; not full roll-call-to-bill coverage, public-opinion representation, sponsor effectiveness, public benefit, welfare, causal influence, or model validation."
118-Senate-141,118,Senate,141,2023-06-01,HR3746,118-hr-3746,voteview_bill_number_only,99,voteview_rollcall_metadata; voteview_bill_number,cached_bill_progression_overlap; district_public_opinion_issue; sponsor_success_or_member_effectiveness; public_law_or_statute_for_most_rows; implementation_or_court_outcome; model_validation,Amendment Rejected,On the Amendment,To remove the sunset on modification of work requirement exemptions.,https://voteview.com/static/data/out/rollcalls/HS118_rollcalls.csv,"Voteview bill-linkage context only; not full roll-call-to-bill coverage, public-opinion representation, sponsor effectiveness, public benefit, welfare, causal influence, or model validation."
118-Senate-142,118,Senate,142,2023-06-01,HR3746,118-hr-3746,voteview_bill_number_only,101,voteview_rollcall_metadata; voteview_bill_number,cached_bill_progression_overlap; district_public_opinion_issue; sponsor_success_or_member_effectiveness; public_law_or_statute_for_most_rows; implementation_or_court_outcome; model_validation,Amendment Rejected,On the Amendment,"To provide appropriate adjustments to the discretionary spending limits, in the event of funding under a continuing resolution.",https://voteview.com/static/data/out/rollcalls/HS118_rollcalls.csv,"Voteview bill-linkage context only; not full roll-call-to-bill coverage, public-opinion representation, sponsor effectiveness, public benefit, welfare, causal influence, or model validation."
118-Senate-143,118,Senate,143,2023-06-01,HR3746,118-hr-3746,voteview_bill_number_only,100,voteview_rollcall_metadata; voteview_bill_number,cached_bill_progression_overlap; district_public_opinion_issue; sponsor_success_or_member_effectiveness; public_law_or_statute_for_most_rows; implementation_or_court_outcome; model_validation,Amendment Rejected,On the Amendment,To rescind unnecessary coronavirus funds.,https://voteview.com/static/data/out/rollcalls/HS118_rollcalls.csv,"Voteview bill-linkage context only; not full roll-call-to-bill coverage, public-opinion representation, sponsor effectiveness, public benefit, welfare, causal influence, or model validation."
118-Senate-144,118,Senate,144,2023-06-01,HR3746,118-hr-3746,voteview_bill_number_only,101,voteview_rollcall_metadata; voteview_bill_number,cached_bill_progression_overlap; district_public_opinion_issue; sponsor_success_or_member_effectiveness; public_law_or_statute_for_most_rows; implementation_or_court_outcome; model_validation,Amendment Rejected,On the Amendment,To strike the waiver authority for Administration PAYGO.,https://voteview.com/static/data/out/rollcalls/HS118_rollcalls.csv,"Voteview bill-linkage context only; not full roll-call-to-bill coverage, public-opinion representation, sponsor effectiveness, public benefit, welfare, causal influence, or model validation."
118-Senate-145,118,Senate,145,2023-06-01,HR3746,118-hr-3746,voteview_bill_number_only,101,voteview_rollcall_metadata; voteview_bill_number,cached_bill_progression_overlap; district_public_opinion_issue; sponsor_success_or_member_effectiveness; public_law_or_statute_for_most_rows; implementation_or_court_outcome; model_validation,Amendment Rejected,On the Amendment,To strike a provision relating to expediting completion of the Mountain Valley Pipeline.,https://voteview.com/static/data/out/rollcalls/HS118_rollcalls.csv,"Voteview bill-linkage context only; not full roll-call-to-bill coverage, public-opinion representation, sponsor effectiveness, public benefit, welfare, causal influence, or model validation."
118-Senate-146,118,Senate,146,2023-06-01,HR3746,118-hr-3746,voteview_bill_number_only,101,voteview_rollcall_metadata; voteview_bill_number,cached_bill_progression_overlap; district_public_opinion_issue; sponsor_success_or_member_effectiveness; public_law_or_statute_for_most_rows; implementation_or_court_outcome; model_validation,Bill Passed,On Passage of the Bill,A bill to provide for a responsible increase to the debt ceiling.,https://voteview.com/static/data/out/rollcalls/HS118_rollcalls.csv,"Voteview bill-linkage context only; not full roll-call-to-bill coverage, public-opinion representation, sponsor effectiveness, public benefit, welfare, causal influence, or model validation."
118-Senate-147,118,Senate,147,2023-06-06,PN18,,nomination_or_nonbill_vote,96,voteview_rollcall_metadata,cached_bill_progression_overlap; district_public_opinion_issue; sponsor_success_or_member_effectiveness; public_law_or_statute_for_most_rows; implementation_or_court_outcome; model_validation,Cloture Motion Agreed to,On the Cloture Motion,"David Crane, of New Jersey, to be Under Secretary of Energy",https://voteview.com/static/data/out/rollcalls/HS118_rollcalls.csv,"Voteview bill-linkage context only; not full roll-call-to-bill coverage, public-opinion representation, sponsor effectiveness, public benefit, welfare, causal influence, or model validation."
118-Senate-148,118,Senate,148,2023-06-07,PN18,,nomination_or_nonbill_vote,101,voteview_rollcall_metadata,cached_bill_progression_overlap; district_public_opinion_issue; sponsor_success_or_member_effectiveness; public_law_or_statute_for_most_rows; implementation_or_court_outcome; model_validation,Nomination Confirmed,On the Nomination,"David Crane, of New Jersey, to be Under Secretary of Energy",https://voteview.com/static/data/out/rollcalls/HS118_rollcalls.csv,"Voteview bill-linkage context only; not full roll-call-to-bill coverage, public-opinion representation, sponsor effectiveness, public benefit, welfare, causal influence, or model validation."
118-Senate-149,118,Senate,149,2023-06-07,PN99,,nomination_or_nonbill_vote,100,voteview_rollcall_metadata,cached_bill_progression_overlap; district_public_opinion_issue; sponsor_success_or_member_effectiveness; public_law_or_statute_for_most_rows; implementation_or_court_outcome; model_validation,Cloture Motion Agreed to,On the Cloture Motion,"Dilawar Syed, of California, to be Deputy Administrator of the Small Business Administration",https://voteview.com/static/data/out/rollcalls/HS118_rollcalls.csv,"Voteview bill-linkage context only; not full roll-call-to-bill coverage, public-opinion representation, sponsor effectiveness, public benefit, welfare, causal influence, or model validation."
118-Senate-150,118,Senate,150,2023-06-08,PN99,,nomination_or_nonbill_vote,98,voteview_rollcall_metadata,cached_bill_progression_overlap; district_public_opinion_issue; sponsor_success_or_member_effectiveness; public_law_or_statute_for_most_rows; implementation_or_court_outcome; model_validation,Nomination Confirmed,On the Nomination,"Dilawar Syed, of California, to be Deputy Administrator of the Small Business Administration",https://voteview.com/static/data/out/rollcalls/HS118_rollcalls.csv,"Voteview bill-linkage context only; not full roll-call-to-bill coverage, public-opinion representation, sponsor effectiveness, public benefit, welfare, causal influence, or model validation."
118-Senate-151,118,Senate,151,2023-06-08,PN377,,nomination_or_nonbill_vote,98,voteview_rollcall_metadata,cached_bill_progression_overlap; district_public_opinion_issue; sponsor_success_or_member_effectiveness; public_law_or_statute_for_most_rows; implementation_or_court_outcome; model_validation,Cloture Motion Agreed to,On the Cloture Motion,"Molly R. Silfen, of the District of Columbia, to be a Judge of the United States Court of Federal Claims for a term of fifteen years",https://voteview.com/static/data/out/rollcalls/HS118_rollcalls.csv,"Voteview bill-linkage context only; not full roll-call-to-bill coverage, public-opinion representation, sponsor effectiveness, public benefit, welfare, causal influence, or model validation."
118-Senate-152,118,Senate,152,2023-06-08,PN377,,nomination_or_nonbill_vote,96,voteview_rollcall_metadata,cached_bill_progression_overlap; district_public_opinion_issue; sponsor_success_or_member_effectiveness; public_law_or_statute_for_most_rows; implementation_or_court_outcome; model_validation,Nomination Confirmed,On the Nomination,"Molly R. Silfen, of the District of Columbia, to be a Judge of the United States Court of Federal Claims for a term of fifteen years",https://voteview.com/static/data/out/rollcalls/HS118_rollcalls.csv,"Voteview bill-linkage context only; not full roll-call-to-bill coverage, public-opinion representation, sponsor effectiveness, public benefit, welfare, causal influence, or model validation."
118-Senate-153,118,Senate,153,2023-06-12,PN138,,nomination_or_nonbill_vote,97,voteview_rollcall_metadata,cached_bill_progression_overlap; district_public_opinion_issue; sponsor_success_or_member_effectiveness; public_law_or_statute_for_most_rows; implementation_or_court_outcome; model_validation,Cloture Motion Agreed to,On the Cloture Motion,"Elizabeth Allen, of New York, to be Under Secretary of State for Public Diplomacy",https://voteview.com/static/data/out/rollcalls/HS118_rollcalls.csv,"Voteview bill-linkage context only; not full roll-call-to-bill coverage, public-opinion representation, sponsor effectiveness, public benefit, welfare, causal influence, or model validation."
118-Senate-154,118,Senate,154,2023-06-13,PN138,,nomination_or_nonbill_vote,101,voteview_rollcall_metadata,cached_bill_progression_overlap; district_public_opinion_issue; sponsor_success_or_member_effectiveness; public_law_or_statute_for_most_rows; implementation_or_court_outcome; model_validation,Nomination Confirmed,On the Nomination,"Elizabeth Allen, of New York, to be Under Secretary of State for Public Diplomacy",https://voteview.com/static/data/out/rollcalls/HS118_rollcalls.csv,"Voteview bill-linkage context only; not full roll-call-to-bill coverage, public-opinion representation, sponsor effectiveness, public benefit, welfare, causal influence, or model validation."
118-Senate-155,118,Senate,155,2023-06-13,PN87,,nomination_or_nonbill_vote,101,voteview_rollcall_metadata,cached_bill_progression_overlap; district_public_opinion_issue; sponsor_success_or_member_effectiveness; public_law_or_statute_for_most_rows; implementation_or_court_outcome; model_validation,Cloture Motion Agreed to,On the Cloture Motion,"Hernan D. Vera, of California, to be United States District Judge for the Central District of California",https://voteview.com/static/data/out/rollcalls/HS118_rollcalls.csv,"Voteview bill-linkage context only; not full roll-call-to-bill coverage, public-opinion representation, sponsor effectiveness, public benefit, welfare, causal influence, or model validation."
118-Senate-156,118,Senate,156,2023-06-13,PN383,,nomination_or_nonbill_vote,101,voteview_rollcall_metadata,cached_bill_progression_overlap; district_public_opinion_issue; sponsor_success_or_member_effectiveness; public_law_or_statute_for_most_rows; implementation_or_court_outcome; model_validation,Cloture Motion Agreed to,On the Cloture Motion,"Jared Bernstein, of Virginia, to be Chairman of the Council of Economic Advisers",https://voteview.com/static/data/out/rollcalls/HS118_rollcalls.csv,"Voteview bill-linkage context only; not full roll-call-to-bill coverage, public-opinion representation, sponsor effectiveness, public benefit, welfare, causal influence, or model validation."
118-Senate-157,118,Senate,157,2023-06-13,PN87,,nomination_or_nonbill_vote,101,voteview_rollcall_metadata,cached_bill_progression_overlap; district_public_opinion_issue; sponsor_success_or_member_effectiveness; public_law_or_statute_for_most_rows; implementation_or_court_outcome; model_validation,Nomination Confirmed,On the Nomination,"Hernan D. Vera, of California, to be United States District Judge for the Central District of California",https://voteview.com/static/data/out/rollcalls/HS118_rollcalls.csv,"Voteview bill-linkage context only; not full roll-call-to-bill coverage, public-opinion representation, sponsor effectiveness, public benefit, welfare, causal influence, or model validation."
118-Senate-158,118,Senate,158,2023-06-13,PN383,,nomination_or_nonbill_vote,101,voteview_rollcall_metadata,cached_bill_progression_overlap; district_public_opinion_issue; sponsor_success_or_member_effectiveness; public_law_or_statute_for_most_rows; implementation_or_court_outcome; model_validation,Nomination Confirmed,On the Nomination,"Jared Bernstein, of Virginia, to be Chairman of the Council of Economic Advisers",https://voteview.com/static/data/out/rollcalls/HS118_rollcalls.csv,"Voteview bill-linkage context only; not full roll-call-to-bill coverage, public-opinion representation, sponsor effectiveness, public benefit, welfare, causal influence, or model validation."
118-Senate-159,118,Senate,159,2023-06-14,PN177,,nomination_or_nonbill_vote,101,voteview_rollcall_metadata,cached_bill_progression_overlap; district_public_opinion_issue; sponsor_success_or_member_effectiveness; public_law_or_statute_for_most_rows; implementation_or_court_outcome; model_validation,Cloture Motion Agreed to,On the Cloture Motion,"P. Casey Pitts, of California, to be United States District Judge for the Northern District of California",https://voteview.com/static/data/out/rollcalls/HS118_rollcalls.csv,"Voteview bill-linkage context only; not full roll-call-to-bill coverage, public-opinion representation, sponsor effectiveness, public benefit, welfare, causal influence, or model validation."
118-Senate-160,118,Senate,160,2023-06-14,PN86,,nomination_or_nonbill_vote,101,voteview_rollcall_metadata,cached_bill_progression_overlap; district_public_opinion_issue; sponsor_success_or_member_effectiveness; public_law_or_statute_for_most_rows; implementation_or_court_outcome; model_validation,Cloture Motion Agreed to,On the Cloture Motion,"Dale E. Ho, of New York, to be United States District Judge for the Southern District of New York",https://voteview.com/static/data/out/rollcalls/HS118_rollcalls.csv,"Voteview bill-linkage context only; not full roll-call-to-bill coverage, public-opinion representation, sponsor effectiveness, public benefit, welfare, causal influence, or model validation."
